"","S","L","Top","Bas","Int","Can","Herb","Loop","Omn","ChLen","ChSD","ChNum","TL","MxSim","VulSD","GenSD","LinkSD","Path","Clust"
"1",207,3912,0.1256038647343,0.0483091787439614,0.826086956521739,0.0821256038647343,0.309178743961353,0.536231884057971,0.0821256038647343,1.61363636363636,0.488770497865432,2.12057393120585,2.43244698524496,0.914501914025369,0.447191711917563,0.787522551737532,0.743883596310639,1.43354970960027,0.314648645574046
"2",207,3912,0.1256038647343,0.0483091787439614,0.826086956521739,0.0821256038647343,0.314009661835749,0.536231884057971,0.0821256038647343,1.61240310077519,0.489101176895241,2.11058971029925,2.43590247082654,0.910619590226432,0.44782744426901,0.788649035200513,0.745264654158152,1.4327975376197,0.314299498014055
"3",207,3912,0.1256038647343,0.0483091787439614,0.826086956521739,0.0821256038647343,0.328502415458937,0.536231884057971,0.0821256038647343,1.59541984732824,0.492694724553707,2.11727129565576,2.43591938488589,0.916814469314932,0.446478309938747,0.790112364109267,0.745752016442123,1.43345293012131,0.316554776773105
"4",207,3912,0.1256038647343,0.0531400966183575,0.821256038647343,0.0821256038647343,0.526570048309179,0.304347826086957,0.0821256038647343,1.58273381294964,0.494891007991081,2.14301480025409,2.43289949168706,0.913074468398098,0.446746928246995,0.789339786567061,0.744832198177915,1.42770876466529,0.315179578698269
"5",207,3912,0.1256038647343,0.0483091787439614,0.826086956521739,0.0821256038647343,0.318840579710145,0.536231884057971,0.0821256038647343,1.59398496240601,0.492944061995888,2.12385164096709,2.43441327582176,0.913857747120866,0.445932901464003,0.789404920589936,0.7443442336396,1.43325927191933,0.315765536312457
"6",207,3912,0.1256038647343,0.0483091787439614,0.826086956521739,0.0821256038647343,0.328502415458937,0.536231884057971,0.0821256038647343,1.6,0.491793112107397,2.11394335230684,2.43101744762123,0.918675681115944,0.446240255832095,0.789943156141169,0.745774997363223,1.43316239316239,0.315973215148748
"7",207,3912,0.1256038647343,0.0579710144927536,0.816425120772947,0.0821256038647343,0.314009661835749,0.536231884057971,0.0821256038647343,1.53793103448276,0.500287273795605,2.16136800223497,2.42679360339581,0.91324748109493,0.443891303567719,0.791027194959474,0.74500705103622,1.4337946352298,0.314036332998725
"8",207,3912,0.1256038647343,0.0483091787439614,0.826086956521739,0.0821256038647343,0.309178743961353,0.536231884057971,0.0821256038647343,1.60606060606061,0.490483104386053,2.12057393120585,2.43239969774449,0.917291955833954,0.447122722763491,0.78839256470374,0.744491577390984,1.43352699931647,0.315473381379863
"9",207,3912,0.1256038647343,0.0483091787439614,0.826086956521739,0.0821256038647343,0.323671497584541,0.536231884057971,0.0821256038647343,1.6171875,0.487983053629858,2.10720996964787,2.43419396377194,0.910188052219981,0.447099724013182,0.789061820994116,0.745416414310811,1.43325927191933,0.314497894090913
"10",207,3912,0.1256038647343,0.0531400966183575,0.821256038647343,0.0821256038647343,0.314009661835749,0.536231884057971,0.0821256038647343,1.57777777777778,0.495753108188549,2.13033376849501,2.42819876956447,0.913083910338055,0.444894012842682,0.790077657736844,0.744615876002575,1.43316239316239,0.314430015240581
"11",207,3912,0.1256038647343,0.0531400966183575,0.821256038647343,0.0821256038647343,0.309178743961353,0.531400966183575,0.0821256038647343,1.60416666666667,0.49073585391907,2.15836249209525,2.42696140170506,0.915182955555085,0.443798631575124,0.790060303978904,0.743607076946263,1.43306548127885,0.31358728856905
"12",207,3912,0.1256038647343,0.0483091787439614,0.826086956521739,0.0821256038647343,0.318840579710145,0.536231884057971,0.0821256038647343,1.59090909090909,0.493539103450053,2.12057393120585,2.43396450202295,0.916748087591068,0.445348343778018,0.788983625532181,0.743989568150871,1.43325927191933,0.315545979285358
"13",207,3912,0.1256038647343,0.0531400966183575,0.821256038647343,0.0821256038647343,0.314009661835749,0.536231884057971,0.0821256038647343,1.55944055944056,0.49819925905568,2.15533603746506,2.42680430837341,0.91549628004738,0.445556103419975,0.789287675478742,0.744215283927057,1.43325927191933,0.315565934368403
"14",207,3912,0.1256038647343,0.0483091787439614,0.826086956521739,0.0821256038647343,0.318840579710145,0.536231884057971,0.0821256038647343,1.59848484848485,0.492072242025226,2.12057393120585,2.43156583771401,0.912858258765546,0.447689651262867,0.789118290675467,0.745480788072324,1.43325927191933,0.315443568394092
"15",207,3912,0.1256038647343,0.0483091787439614,0.826086956521739,0.0821256038647343,0.309178743961353,0.536231884057971,0.0821256038647343,1.59848484848485,0.492072242025226,2.12057393120585,2.43706274876842,0.914554989716033,0.445440693359869,0.789148695753243,0.743888204095867,1.43383984975243,0.31356356028822
"16",207,3912,0.1256038647343,0.0483091787439614,0.826086956521739,0.0821256038647343,0.314009661835749,0.536231884057971,0.0821256038647343,1.58646616541353,0.494328739054932,2.12385164096709,2.43459209676021,0.914844803255836,0.445432998292668,0.789474390957933,0.744362653203546,1.43335611756664,0.315187752252636
"17",207,3912,0.1256038647343,0.0483091787439614,0.826086956521739,0.0821256038647343,0.309178743961353,0.536231884057971,0.0821256038647343,1.59090909090909,0.493539103450053,2.12057393120585,2.43485131460031,0.914515532232099,0.446432244857169,0.789131321566535,0.744606669409584,1.43335611756664,0.315210581106659
"18",207,3912,0.1256038647343,0.0531400966183575,0.821256038647343,0.0821256038647343,0.304347826086957,0.536231884057971,0.0821256038647343,1.57352941176471,0.496392212628452,2.13353890837022,2.42817720467,0.913861011402052,0.447865712580386,0.788896732595218,0.74523245863757,1.43335611756664,0.314744244147161
"19",207,3912,0.1256038647343,0.0483091787439614,0.826086956521739,0.0821256038647343,0.309178743961353,0.536231884057971,0.0821256038647343,1.60606060606061,0.490483104386053,2.12057393120585,2.43652709997104,0.91432672042931,0.445471472299428,0.78936584082115,0.744219889658665,1.43316239316239,0.312945366047539
"20",207,3912,0.1256038647343,0.0483091787439614,0.826086956521739,0.0821256038647343,0.328502415458937,0.536231884057971,0.0821256038647343,1.6046511627907,0.490831638827835,2.11058971029925,2.43339154115219,0.914427056011286,0.4466011269271,0.789812971498018,0.745545156275513,1.43306548127885,0.316234437756401
"21",207,3912,0.1256038647343,0.0483091787439614,0.826086956521739,0.0821256038647343,0.309178743961353,0.531400966183575,0.0821256038647343,1.59090909090909,0.493539103450053,2.12057393120585,2.43831685026184,0.913178032899474,0.444516334176769,0.790264186567189,0.74438567701753,1.43335611756664,0.315700145135304
"22",207,3912,0.1256038647343,0.0531400966183575,0.821256038647343,0.0821256038647343,0.304347826086957,0.536231884057971,0.0821256038647343,1.56521739130435,0.49753438408312,2.13987908640124,2.42652256676513,0.915741244159982,0.444578017915136,0.789595949394557,0.743814476106898,1.43325927191933,0.317070483977785
"23",207,3912,0.1256038647343,0.0483091787439614,0.826086956521739,0.0821256038647343,0.304347826086957,0.536231884057971,0.0821256038647343,1.59398496240601,0.492944061995888,2.12385164096709,2.43577391247139,0.916571095810555,0.446017445029088,0.789513465353646,0.744473161016847,1.43316239316239,0.315379664262583
"24",207,3912,0.1256038647343,0.0531400966183575,0.821256038647343,0.0821256038647343,0.309178743961353,0.536231884057971,0.0821256038647343,1.56834532374101,0.497098242298331,2.14301480025409,2.42723618461358,0.916623983418933,0.445448388294138,0.790134054817889,0.744887419304181,1.43582293625021,0.31712178749717
"25",207,3912,0.1256038647343,0.0483091787439614,0.826086956521739,0.0821256038647343,0.309178743961353,0.536231884057971,0.0821256038647343,1.59398496240601,0.492944061995888,2.12385164096709,2.43489425796144,0.914274072227489,0.444362087369589,0.790142730934613,0.744298182735438,1.43335611756664,0.314254022720081
"26",207,3912,0.1256038647343,0.0483091787439614,0.826086956521739,0.0821256038647343,0.318840579710145,0.536231884057971,0.0821256038647343,1.59090909090909,0.493539103450053,2.12057393120585,2.43485121711127,0.912937776590736,0.44385269258891,0.790650118068038,0.744486973340159,1.43325927191933,0.317398931646655
"27",207,3912,0.1256038647343,0.0483091787439614,0.826086956521739,0.0821256038647343,0.314009661835749,0.536231884057971,0.0821256038647343,1.58646616541353,0.494328739054932,2.12385164096709,2.43258204697069,0.914050848461867,0.443682764364452,0.789535172515668,0.743344288272841,1.43335611756664,0.315950578538078
"28",207,3912,0.1256038647343,0.0531400966183575,0.821256038647343,0.0821256038647343,0.29951690821256,0.536231884057971,0.0821256038647343,1.58518518518519,0.494525027439419,2.13033376849501,2.42803470029995,0.915173711493296,0.444732189830965,0.789852029143973,0.744256734485455,1.43287155806396,0.316233218869548
"29",207,3912,0.1256038647343,0.0483091787439614,0.826086956521739,0.0821256038647343,0.309178743961353,0.536231884057971,0.0821256038647343,1.59848484848485,0.492072242025226,2.12057393120585,2.43461946274077,0.915136061997464,0.44873734462217,0.788901077469371,0.745756612682997,1.43582293625021,0.314977947295429
"30",207,3912,0.1256038647343,0.0483091787439614,0.826086956521739,0.0821256038647343,0.309178743961353,0.526570048309179,0.0821256038647343,1.59090909090909,0.493539103450053,2.12057393120585,2.4403724367974,0.917942914273025,0.446631825897186,0.789261618644343,0.744965642226111,1.43335611756664,0.31526750189035
"31",207,3912,0.1256038647343,0.0483091787439614,0.826086956521739,0.0821256038647343,0.318840579710145,0.536231884057971,0.0821256038647343,1.58646616541353,0.494328739054932,2.12385164096709,2.4349021794635,0.915016031242403,0.444693651862967,0.790402970151487,0.744901223946112,1.43287155806396,0.316882667037265
"32",207,3912,0.1256038647343,0.0483091787439614,0.826086956521739,0.0821256038647343,0.314009661835749,0.526570048309179,0.0821256038647343,1.6030534351145,0.491142926291117,2.11727129565576,2.44626791965804,0.913330349999787,0.446224893141613,0.789513465353646,0.744813790226018,1.43325927191933,0.316318013636147
"33",207,3912,0.1256038647343,0.0483091787439614,0.826086956521739,0.0821256038647343,0.318840579710145,0.536231884057971,0.0821256038647343,1.59090909090909,0.493539103450053,2.12057393120585,2.43299333213489,0.911871246784101,0.445356040307919,0.79005596547986,0.745016252681466,1.43325927191933,0.316278621957537
"34",207,3912,0.1256038647343,0.0483091787439614,0.826086956521739,0.0821256038647343,0.318840579710145,0.536231884057971,0.0821256038647343,1.6030534351145,0.491142926291117,2.11727129565576,2.43108226771806,0.914238640045381,0.443829524389322,0.78918778627483,0.743556370574817,1.43325927191933,0.315259749938326
"35",207,3912,0.1256038647343,0.0483091787439614,0.826086956521739,0.0821256038647343,0.318840579710145,0.536231884057971,0.0821256038647343,1.6,0.491793112107397,2.11394335230684,2.43371779054773,0.91142219016493,0.446109656099678,0.789917120928976,0.745393422334382,1.43352699931647,0.316046158306886
"36",207,3912,0.1256038647343,0.0483091787439614,0.826086956521739,0.0821256038647343,0.318840579710145,0.531400966183575,0.0821256038647343,1.59230769230769,0.493306418386169,2.11394335230684,2.43455969211131,0.917052227820648,0.446808304042711,0.790003901632908,0.7456600856751,1.43209453673574,0.317513713494478
"37",207,3912,0.1256038647343,0.0483091787439614,0.826086956521739,0.0821256038647343,0.309178743961353,0.536231884057971,0.0821256038647343,1.59541984732824,0.492694724553707,2.11727129565576,2.43268411695812,0.914133310511633,0.44501726706956,0.789543855213373,0.743998782380165,1.43345293012131,0.31665509188532
"38",207,3912,0.1256038647343,0.0483091787439614,0.826086956521739,0.0821256038647343,0.314009661835749,0.531400966183575,0.0821256038647343,1.59848484848485,0.492072242025226,2.12057393120585,2.43708720175343,0.913395183932785,0.445763766230231,0.789118290675467,0.744404095555999,1.43335611756664,0.314911860501486
"39",207,3912,0.1256038647343,0.0531400966183575,0.821256038647343,0.0821256038647343,0.304347826086957,0.531400966183575,0.0821256038647343,1.55555555555556,0.498638394671177,2.15836249209525,2.43045719267325,0.915087768285445,0.443968515451599,0.790546065204811,0.74413698212823,1.43306548127885,0.316743724744048
"40",207,3912,0.1256038647343,0.0483091787439614,0.826086956521739,0.0821256038647343,0.323671497584541,0.536231884057971,0.0821256038647343,1.6030534351145,0.491142926291117,2.11727129565576,2.43470093751543,0.914410552553951,0.444477777493239,0.789804291758838,0.744164618998014,1.43335611756664,0.315489062507443
"41",207,3912,0.1256038647343,0.0483091787439614,0.826086956521739,0.0821256038647343,0.318840579710145,0.536231884057971,0.0821256038647343,1.62015503875969,0.487240290590991,2.11058971029925,2.43317515033843,0.910681627913955,0.447490542013823,0.788983625532181,0.745563546169995,1.43316239316239,0.313025614409324
"42",206,3912,0.121359223300971,0.0533980582524272,0.825242718446602,0.0825242718446602,0.300970873786408,0.538834951456311,0.0825242718446602,1.58088235294118,0.495238768583899,2.13353890837022,2.43115700354547,0.91023322951206,0.44378574540492,0.786868591433499,0.739867251793876,1.43306548127885,0.315550291953214
"43",207,3912,0.1256038647343,0.0531400966183575,0.821256038647343,0.0821256038647343,0.541062801932367,0.29951690821256,0.0821256038647343,1.55147058823529,0.499182337964744,2.13353890837022,2.42972546438817,0.916134606773328,0.444323517301115,0.790511377873469,0.744293577488313,1.43029675638371,0.315111061701443
"44",207,3912,0.1256038647343,0.0531400966183575,0.821256038647343,0.0821256038647343,0.318840579710145,0.536231884057971,0.0821256038647343,1.59722222222222,0.492168662381091,2.15836249209525,2.42741504279982,0.916750098151745,0.443056557819854,0.790710809248203,0.744113950619317,1.43306548127885,0.316853766731448
"45",207,3912,0.1256038647343,0.0483091787439614,0.826086956521739,0.0821256038647343,0.323671497584541,0.536231884057971,0.0821256038647343,1.609375,0.489807530896407,2.10720996964787,2.43417029064776,0.908825120180242,0.444955644223851,0.789786931994307,0.744661907260154,1.43296853625171,0.315630773901953
"46",206,3912,0.121359223300971,0.0485436893203883,0.830097087378641,0.0825242718446602,0.305825242718447,0.529126213592233,0.0825242718446602,1.59848484848485,0.492072242025226,2.12057393120585,2.44253972183853,0.91144312767108,0.444277413220333,0.787535920520808,0.740834832649657,1.43606837606838,0.318330447084442
"47",206,3912,0.121359223300971,0.0485436893203883,0.830097087378641,0.0825242718446602,0.320388349514563,0.538834951456311,0.0825242718446602,1.62307692307692,0.486490112639389,2.11394335230684,2.4349980688467,0.913831079853137,0.443908713411764,0.786122593167216,0.739627464821032,1.43325927191933,0.316446213051404
"48",206,3912,0.121359223300971,0.0485436893203883,0.830097087378641,0.0825242718446602,0.310679611650485,0.533980582524272,0.0825242718446602,1.61068702290076,0.489466256933462,2.11727129565576,2.44420051284209,0.909646731112369,0.443347394696812,0.786859921099209,0.73937375935972,1.43591934381408,0.31829690604551
"49",206,3912,0.12621359223301,0.0485436893203883,0.825242718446602,0.0825242718446602,0.315533980582524,0.538834951456311,0.0825242718446602,1.58646616541353,0.494328739054932,2.12385164096709,2.43722850657546,0.915429425877073,0.443762685110151,0.786682158187404,0.739816534107916,1.43345293012131,0.315144139514791
"50",207,3912,0.1256038647343,0.0483091787439614,0.826086956521739,0.0821256038647343,0.309178743961353,0.536231884057971,0.0821256038647343,1.58646616541353,0.494328739054932,2.12385164096709,2.43500619054551,0.915352032060756,0.448332322963163,0.789061820994116,0.745637101212362,1.43611206012983,0.315459938063352
"51",207,3912,0.1256038647343,0.0483091787439614,0.826086956521739,0.0821256038647343,0.314009661835749,0.531400966183575,0.0821256038647343,1.59398496240601,0.492944061995888,2.12385164096709,2.43978633856316,0.914407615067647,0.446716237186905,0.789951834354551,0.745508375125646,1.43563002222602,0.316046275735055
"52",207,3912,0.1256038647343,0.0483091787439614,0.826086956521739,0.0821256038647343,0.314009661835749,0.531400966183575,0.0821256038647343,1.6015037593985,0.49143959251552,2.12385164096709,2.43637358179523,0.915601504242299,0.443922189932817,0.789969190495313,0.744141588344473,1.43316239316239,0.316291780506538
"53",207,3912,0.1256038647343,0.0483091787439614,0.826086956521739,0.0821256038647343,0.314009661835749,0.536231884057971,0.0821256038647343,1.58646616541353,0.494328739054932,2.12385164096709,2.43563459603965,0.917108357674088,0.44429265883552,0.790186110089298,0.744146194532203,1.43345293012131,0.316231897520469
"54",207,3912,0.1256038647343,0.0483091787439614,0.826086956521739,0.0821256038647343,0.314009661835749,0.536231884057971,0.0821256038647343,1.60769230769231,0.490153493537679,2.11394335230684,2.43395732516063,0.915107377612469,0.442777959525864,0.791096522866995,0.744477765153091,1.43306548127885,0.31820052478969
"55",207,3912,0.1256038647343,0.0531400966183575,0.821256038647343,0.0821256038647343,0.309178743961353,0.531400966183575,0.0821256038647343,1.6030534351145,0.491142926291117,2.11727129565576,2.43152232640415,0.910848549940322,0.446662522757343,0.789335444107768,0.745512972868619,1.43316239316239,0.313632328617762
"56",207,3912,0.1256038647343,0.0483091787439614,0.826086956521739,0.0821256038647343,0.333333333333333,0.536231884057971,0.0821256038647343,1.5968992248062,0.492433051365888,2.11058971029925,2.43256800902021,0.911133625970009,0.445940587904968,0.790719479036528,0.746041524314666,1.43199725933539,0.317820990309278
"57",206,3912,0.121359223300971,0.0533980582524272,0.825242718446602,0.0825242718446602,0.310679611650485,0.538834951456311,0.0825242718446602,1.5531914893617,0.498935036064582,2.14921911265538,2.42941043437083,0.911048926956264,0.444592102178629,0.786617112938847,0.740217569950814,1.43316239316239,0.316647214287685
"58",207,3912,0.1256038647343,0.0483091787439614,0.826086956521739,0.0821256038647343,0.323671497584541,0.531400966183575,0.0821256038647343,1.6046511627907,0.490831638827835,2.11058971029925,2.43419249102566,0.912983221241732,0.446862000948835,0.789148695753243,0.745324442149519,1.43306548127885,0.314397677647809
"59",207,3912,0.1256038647343,0.0483091787439614,0.826086956521739,0.0821256038647343,0.314009661835749,0.536231884057971,0.0821256038647343,1.59090909090909,0.493539103450053,2.12057393120585,2.4339786089328,0.912333570884786,0.44591752818459,0.789938816998726,0.745214060572731,1.43306548127885,0.315779249355965
"60",207,3912,0.1256038647343,0.0483091787439614,0.826086956521739,0.0821256038647343,0.309178743961353,0.531400966183575,0.0821256038647343,1.59090909090909,0.493539103450053,2.12057393120585,2.44360176647589,0.91306900665886,0.446447600412479,0.789153039240152,0.744569841899224,1.43335611756664,0.315467012442444
"61",206,3912,0.121359223300971,0.0533980582524272,0.825242718446602,0.0825242718446602,0.524271844660194,0.305825242718447,0.0825242718446602,1.6013986013986,0.49133133509181,2.15533603746506,2.42471407736557,0.912514469179787,0.443970184643104,0.786760205387236,0.739751979296742,1.43258042436687,0.316977186649417
"62",207,3912,0.1256038647343,0.0483091787439614,0.826086956521739,0.0821256038647343,0.323671497584541,0.536231884057971,0.0821256038647343,1.59848484848485,0.507348269874109,2.12057393120585,2.43423393338262,0.91066789777607,0.44597901812266,0.789865047930104,0.74516346355221,1.43352699931647,0.315339060262612
"63",207,3912,0.1256038647343,0.0483091787439614,0.826086956521739,0.0821256038647343,0.318840579710145,0.536231884057971,0.0821256038647343,1.61832061068702,0.4876634284986,2.11727129565576,2.43190435628692,0.915142902917,0.445425303092529,0.789218188675249,0.744261339960553,1.43343018287472,0.314097605221741
"64",207,3912,0.1256038647343,0.0483091787439614,0.826086956521739,0.0821256038647343,0.536231884057971,0.29951690821256,0.0821256038647343,1.59842519685039,0.492158229164852,2.10380372095596,2.43699620340792,0.914002865648999,0.445648409948794,0.789695786969616,0.744463952658936,1.42790617454295,0.314222576614625
"65",207,3912,0.1256038647343,0.0579710144927536,0.816425120772947,0.0821256038647343,0.29951690821256,0.536231884057971,0.0821256038647343,1.58904109589041,0.493701471667917,2.16435285578444,2.41724652678149,0.915378341916927,0.447842751985965,0.789157382703155,0.745489983870194,1.43316239316239,0.313586664190249
"66",207,3912,0.1256038647343,0.0483091787439614,0.826086956521739,0.0821256038647343,0.309178743961353,0.536231884057971,0.0821256038647343,1.59090909090909,0.493539103450053,2.12057393120585,2.4358953756502,0.914594743543693,0.444261798226492,0.790186110089298,0.744058672089231,1.43582293625021,0.31726345841105
"67",207,3912,0.1256038647343,0.0483091787439614,0.826086956521739,0.0821256038647343,0.323671497584541,0.536231884057971,0.0821256038647343,1.6030534351145,0.491142926291117,2.11727129565576,2.43533293249355,0.913525189341434,0.445325253390204,0.789977868422697,0.744988647404768,1.43611206012983,0.315655790292077
"68",206,3912,0.12621359223301,0.0485436893203883,0.825242718446602,0.0825242718446602,0.320388349514563,0.538834951456311,0.0825242718446602,1.56643356643357,0.497308821777246,2.15533603746506,2.42956891509287,0.919787592704596,0.446101048440571,0.785645129885129,0.740443345094608,1.43335611756664,0.313850363675837
"69",207,3912,0.1256038647343,0.0483091787439614,0.826086956521739,0.0821256038647343,0.309178743961353,0.536231884057971,0.0821256038647343,1.59848484848485,0.492072242025226,2.12057393120585,2.43633759730006,0.916275564486962,0.445763766230231,0.789391894215307,0.744422513638756,1.43335611756664,0.314219233507712
"70",207,3912,0.1256038647343,0.0483091787439614,0.826086956521739,0.0821256038647343,0.309178743961353,0.531400966183575,0.0821256038647343,1.6015037593985,0.506620556475293,2.12385164096709,2.43791192879028,0.915402800847432,0.445940587904968,0.789526489722477,0.744307393144207,1.43333333333333,0.315403046794147
"71",207,3912,0.1256038647343,0.0531400966183575,0.821256038647343,0.0821256038647343,0.309178743961353,0.531400966183575,0.0821256038647343,1.54545454545455,0.499679795036003,2.15533603746506,2.43148428134449,0.914883558529466,0.446163437089869,0.790272861255244,0.745476190130851,1.4357264957265,0.314430767650525
"72",207,3912,0.1256038647343,0.0483091787439614,0.826086956521739,0.0821256038647343,0.323671497584541,0.536231884057971,0.0821256038647343,1.6030534351145,0.491142926291117,2.11727129565576,2.43332850817025,0.915050133450174,0.446923360941666,0.789357156165339,0.745549753791659,1.43316239316239,0.315395504836257
"73",207,3912,0.1256038647343,0.0579710144927536,0.816425120772947,0.0821256038647343,0.536231884057971,0.304347826086957,0.0821256038647343,1.56849315068493,0.496991420817861,2.16435285578444,2.41963266770035,0.914425025115069,0.445909841346129,0.790042949839779,0.744901223946112,1.42770876466529,0.313541006011416
"74",207,3912,0.1256038647343,0.0483091787439614,0.826086956521739,0.0821256038647343,0.309178743961353,0.536231884057971,0.0821256038647343,1.59398496240601,0.492944061995888,2.12385164096709,2.43638760438848,0.915541096089956,0.446078921194079,0.789357156165339,0.744533012567232,1.4336464560205,0.316913200772217
"75",207,3912,0.1256038647343,0.0483091787439614,0.826086956521739,0.0821256038647343,0.314009661835749,0.531400966183575,0.0821256038647343,1.6056338028169,0.490444095741653,2.15228834438306,2.30278521424141,0.914230656215799,0.445440693359869,0.789934477832448,0.74468952464895,1.42701675591639,0.315982022653045
"76",207,3912,0.1256038647343,0.0483091787439614,0.826086956521739,0.0821256038647343,0.314009661835749,0.536231884057971,0.0821256038647343,1.6015037593985,0.49143959251552,2.12385164096709,2.43448039186534,0.916153992899711,0.447207041395381,0.788966247710386,0.744951838777909,1.43345293012131,0.312619443405763
"77",207,3912,0.1256038647343,0.0483091787439614,0.826086956521739,0.0821256038647343,0.304347826086957,0.536231884057971,0.0821256038647343,1.60606060606061,0.490483104386053,2.12057393120585,2.43349548236662,0.91541804047215,0.446585776650697,0.788270820694416,0.743740740809177,1.43374316939891,0.315305795655935
"78",207,3912,0.1256038647343,0.0483091787439614,0.826086956521739,0.0821256038647343,0.318840579710145,0.536231884057971,0.0821256038647343,1.61068702290076,0.489466256933462,2.11727129565576,2.43877930450652,0.915690189262008,0.445940587904968,0.789248589904545,0.74440870011941,1.43345293012131,0.315246136365221
"79",207,3912,0.1256038647343,0.0531400966183575,0.821256038647343,0.0821256038647343,0.309178743961353,0.536231884057971,0.0821256038647343,1.55714285714286,0.498507536169392,2.14612803567824,2.42671892597606,0.914922978648205,0.446263298876199,0.790294547558804,0.745834744444195,1.43296853625171,0.316847909392753
"80",207,3912,0.1256038647343,0.0483091787439614,0.826086956521739,0.0821256038647343,0.314009661835749,0.531400966183575,0.0821256038647343,1.6030534351145,0.491142926291117,2.11727129565576,2.43893410026,0.917109065443005,0.447015385138466,0.789113946997293,0.744951838777909,1.43582293625021,0.317042111221316
"81",207,3912,0.1256038647343,0.0531400966183575,0.821256038647343,0.0821256038647343,0.304347826086957,0.536231884057971,0.0821256038647343,1.57042253521127,0.496768098414177,2.15228834438306,2.42722050635318,0.912684816304999,0.44488630831971,0.789973529470921,0.744293577488313,1.43316239316239,0.315837552715746
"82",206,3912,0.121359223300971,0.0485436893203883,0.830097087378641,0.0825242718446602,0.310679611650485,0.538834951456311,0.0825242718446602,1.6030534351145,0.491142926291117,2.11727129565576,2.4391730193233,0.909537730336556,0.442515644651136,0.787336647697781,0.739627464821033,1.43335611756664,0.317326447706271
"83",207,3912,0.1256038647343,0.0531400966183575,0.821256038647343,0.0821256038647343,0.304347826086957,0.531400966183575,0.0821256038647343,1.55714285714286,0.498507536169392,2.14612803567824,2.43054289397083,0.913407142267597,0.447636053638885,0.788974936669128,0.745384225345233,1.43306548127885,0.315756876972951
"84",207,3912,0.1256038647343,0.0531400966183575,0.821256038647343,0.0821256038647343,0.309178743961353,0.526570048309179,0.0821256038647343,1.56834532374101,0.497098242298331,2.14301480025409,2.43528756513769,0.915741734070181,0.447214705937243,0.789396236364067,0.745375028242605,1.43335611756664,0.316405299838724
"85",207,3912,0.1256038647343,0.0483091787439614,0.826086956521739,0.0821256038647343,0.314009661835749,0.536231884057971,0.0821256038647343,1.59090909090909,0.493539103450053,2.12057393120585,2.43492029668743,0.913846332348739,0.446831317792629,0.788670766154879,0.744473161016847,1.43325927191933,0.313953411826174
"86",207,3912,0.1256038647343,0.0531400966183575,0.821256038647343,0.0821256038647343,0.29951690821256,0.531400966183575,0.0821256038647343,1.57342657342657,0.496317573389335,2.15533603746506,2.43011697015792,0.916051078937174,0.444392941014095,0.789387552042661,0.743450336986355,1.43306548127885,0.316001875777186
"87",206,3912,0.12621359223301,0.0485436893203883,0.825242718446602,0.0825242718446602,0.310679611650485,0.538834951456311,0.0825242718446602,1.57342657342657,0.496317573389335,2.15533603746506,2.43371457718211,0.916102082006089,0.444592102178629,0.785549602403996,0.739350690909943,1.4336464560205,0.316577087793574
"88",207,3912,0.1256038647343,0.0483091787439614,0.826086956521739,0.0821256038647343,0.323671497584541,0.536231884057971,0.0821256038647343,1.59090909090909,0.493539103450053,2.12057393120585,2.43565849467943,0.91409028257764,0.445394520962452,0.789934477832448,0.744753961240103,1.43335611756664,0.315405112857521
"89",207,3912,0.1256038647343,0.0483091787439614,0.826086956521739,0.0821256038647343,0.541062801932367,0.29951690821256,0.0821256038647343,1.59848484848485,0.492072242025226,2.12057393120585,2.4322161057276,0.913962586572209,0.446286340730524,0.789556879080899,0.744993248355253,1.43248331336642,0.315929731408366
"90",206,3912,0.121359223300971,0.0485436893203883,0.830097087378641,0.0825242718446602,0.310679611650485,0.538834951456311,0.0825242718446602,1.60606060606061,0.490483104386053,2.12057393120585,2.43840834397158,0.909922129495041,0.443416636775999,0.787639868936297,0.740388059588469,1.43316239316239,0.317140614540794
"91",207,3912,0.1256038647343,0.0483091787439614,0.826086956521739,0.0821256038647343,0.338164251207729,0.536231884057971,0.0821256038647343,1.6046511627907,0.490831638827835,2.11058971029925,2.43301429201299,0.912771402480835,0.444014836137088,0.791118186592164,0.745696859341915,1.43534040369483,0.317021965918723
"92",207,3912,0.1256038647343,0.0483091787439614,0.826086956521739,0.0821256038647343,0.318840579710145,0.536231884057971,0.0821256038647343,1.59848484848485,0.492072242025226,2.12057393120585,2.43276682790016,0.911700088737839,0.444300373652848,0.789917120928976,0.744371862814596,1.43306548127885,0.316789350119358
"93",207,3912,0.1256038647343,0.0483091787439614,0.826086956521739,0.0821256038647343,0.309178743961353,0.536231884057971,0.0821256038647343,1.59541984732824,0.492694724553707,2.11727129565576,2.43577658911781,0.915827528805876,0.446247936979005,0.789305046223787,0.744606669409584,1.43316239316239,0.316608641970877
"94",206,3912,0.121359223300971,0.0485436893203883,0.830097087378641,0.0825242718446602,0.538834951456311,0.300970873786408,0.0825242718446602,1.59848484848485,0.492072242025226,2.12057393120585,2.43447780442241,0.91226790043793,0.444546064050458,0.786413269655038,0.739738145389988,1.4327745466986,0.315009851385888
"95",207,3912,0.1256038647343,0.0531400966183575,0.821256038647343,0.0821256038647343,0.323671497584541,0.536231884057971,0.0821256038647343,1.5625,0.497809888727298,2.15836249209525,2.42427315331141,0.917262182024923,0.444300373652848,0.79019478563447,0.74441330465434,1.43306548127885,0.314688141471646
"96",207,3912,0.1256038647343,0.0531400966183575,0.821256038647343,0.0821256038647343,0.314009661835749,0.536231884057971,0.0821256038647343,1.57142857142857,0.496648583009293,2.14612803567824,2.42458552987829,0.912331765971912,0.447007717178984,0.789674084222686,0.745540558731015,1.43296853625171,0.31676529156664
"97",207,3912,0.1256038647343,0.0483091787439614,0.826086956521739,0.0821256038647343,0.309178743961353,0.531400966183575,0.0821256038647343,1.6030534351145,0.491142926291117,2.11727129565576,2.44307849143546,0.911776802252808,0.444462353883295,0.789708808331486,0.743846733001263,1.43335611756664,0.316215877807525
"98",206,3912,0.121359223300971,0.0533980582524272,0.825242718446602,0.0825242718446602,0.315533980582524,0.533980582524272,0.0825242718446602,1.58646616541353,0.494328739054932,2.12385164096709,2.43452778943057,0.913675389226779,0.444146867042108,0.787756794508209,0.741364163231193,1.43287155806396,0.314855022731037
"99",207,3912,0.1256038647343,0.0483091787439614,0.826086956521739,0.0821256038647343,0.314009661835749,0.536231884057971,0.0821256038647343,1.58646616541353,0.494328739054932,2.12385164096709,2.43563314942986,0.916120285356432,0.445232879863957,0.789652380879279,0.744146194532203,1.43325927191933,0.316226175831666
"100",207,3912,0.1256038647343,0.0579710144927536,0.816425120772947,0.0821256038647343,0.29951690821256,0.536231884057971,0.0821256038647343,1.5741935483871,0.496067484631633,2.19033169817029,2.41524051091665,0.915231832403239,0.443373637102041,0.789904103001085,0.743252059700719,1.43325927191933,0.316705202505316
"101",207,3801,0.1256038647343,0.0579710144927536,0.816425120772947,0.0821256038647343,0.294685990338164,0.536231884057971,0.0821256038647343,1.57333333333333,0.496249918995367,2.17609125905568,2.41327081072903,0.877071935627092,0.453348485488651,0.789508765406476,0.752859489690745,1.44840654608096,0.316070428417264
"102",207,3801,0.1256038647343,0.0531400966183575,0.821256038647343,0.0821256038647343,0.29951690821256,0.536231884057971,0.0821256038647343,1.55555555555556,0.512470743190538,2.15836249209525,2.42878753898525,0.877380169355146,0.454172854386375,0.79256641933848,0.756286299620974,1.45218438252494,0.320288268351956
"103",207,3801,0.1256038647343,0.0483091787439614,0.826086956521739,0.0821256038647343,0.304347826086957,0.536231884057971,0.0821256038647343,1.58646616541353,0.494328739054932,2.12385164096709,2.43382046776909,0.879678877926719,0.456931204164921,0.78827961868698,0.75412710530098,1.44772256728778,0.314623371025107
"104",207,3801,0.1256038647343,0.0483091787439614,0.826086956521739,0.0821256038647343,0.304347826086957,0.536231884057971,0.0821256038647343,1.58646616541353,0.494328739054932,2.12385164096709,2.43589575629792,0.879993040217594,0.455825086865267,0.79048335587354,0.754959775609736,1.44924779526197,0.313279580128307
"105",207,3801,0.1256038647343,0.0579710144927536,0.816425120772947,0.0821256038647343,0.294685990338164,0.536231884057971,0.0821256038647343,1.52903225806452,0.500774431675772,2.19033169817029,2.41967973650987,0.880158131602624,0.453772862354849,0.791420036266615,0.754724025825324,1.44894093335629,0.31676421473688
"106",207,3801,0.1256038647343,0.0579710144927536,0.816425120772947,0.0821256038647343,0.294685990338164,0.536231884057971,0.0821256038647343,1.5503355704698,0.499137656508815,2.17318626841227,2.41984209278119,0.878990114335646,0.455689622065427,0.789582361372275,0.754724025825324,1.45006037605658,0.320983304552554
"107",207,3801,0.1256038647343,0.0531400966183575,0.821256038647343,0.0821256038647343,0.29951690821256,0.536231884057971,0.0821256038647343,1.57352941176471,0.496392212628452,2.13353890837022,2.43004413046964,0.871913611795652,0.45643020256595,0.788965783143678,0.754261935098555,1.4504380690603,0.313305254496916
"108",207,3801,0.1256038647343,0.0531400966183575,0.821256038647343,0.0821256038647343,0.29951690821256,0.536231884057971,0.0821256038647343,1.55555555555556,0.498638394671177,2.15836249209525,2.42611835444425,0.88024028442962,0.453796871819119,0.789651351360678,0.753910364037434,1.44781783681214,0.316536546640636
"109",207,3801,0.1256038647343,0.0483091787439614,0.826086956521739,0.0821256038647343,0.304347826086957,0.536231884057971,0.0821256038647343,1.58646616541353,0.494328739054932,2.12385164096709,2.43407598967458,0.874260379325251,0.458232829890393,0.787191583969882,0.753828467786578,1.44975911906401,0.31542144696106
"110",207,3801,0.1256038647343,0.0483091787439614,0.826086956521739,0.0821256038647343,0.304347826086957,0.536231884057971,0.0821256038647343,1.58646616541353,0.494328739054932,2.12385164096709,2.43463821965695,0.881437254256017,0.456414288746884,0.789858285170399,0.755075218036949,1.44756812694032,0.315691803663829
"111",207,3801,0.1256038647343,0.0579710144927536,0.816425120772947,0.0821256038647343,0.294685990338164,0.536231884057971,0.0821256038647343,1.56,0.49804988833968,2.17609125905568,2.42077773814706,0.876055301037939,0.455322868183137,0.789734131391303,0.754300453471226,1.45342254246011,0.31410253880148
"112",206,3801,0.121359223300971,0.0485436893203883,0.830097087378641,0.0825242718446602,0.300970873786408,0.538834951456311,0.0825242718446602,1.59090909090909,0.493539103450053,2.12057393120585,2.43634765997992,0.873572816531084,0.450119487411515,0.786732231912196,0.747325376404816,1.44837097052232,0.317034463242202
"113",207,3801,0.1256038647343,0.0531400966183575,0.821256038647343,0.0821256038647343,0.29951690821256,0.536231884057971,0.0821256038647343,1.57352941176471,0.496392212628452,2.13353890837022,2.42990969257066,0.874871465483823,0.452795398876174,0.790850813741694,0.75414636817648,1.45024918370854,0.31585262745816
"114",207,3801,0.1256038647343,0.0579710144927536,0.816425120772947,0.0821256038647343,0.294685990338164,0.536231884057971,0.0821256038647343,1.54054054054054,0.500045962219153,2.17026171539496,2.42298360074302,0.879217342020901,0.453324452276456,0.788611262633128,0.752902903438899,1.45,0.317620520012381
"115",207,3801,0.1256038647343,0.0579710144927536,0.816425120772947,0.0821256038647343,0.294685990338164,0.536231884057971,0.0821256038647343,1.56462585034014,0.497500976950708,2.16731733474818,2.42139655647325,0.878560855677505,0.456549538527771,0.78932014442254,0.754719213838464,1.4460020768432,0.314365623698934
"116",207,3801,0.1256038647343,0.0579710144927536,0.816425120772947,0.0821256038647343,0.294685990338164,0.536231884057971,0.0821256038647343,1.54794520547945,0.499409192751235,2.16435285578444,2.42471788524437,0.877693568967209,0.455968476316466,0.791126295137512,0.755392593743055,1.45040398831013,0.311608873029488
"117",207,3801,0.1256038647343,0.0531400966183575,0.821256038647343,0.0821256038647343,0.29951690821256,0.536231884057971,0.0821256038647343,1.5625,0.497809888727298,2.15836249209525,2.42780950572301,0.885538830708767,0.456127745061689,0.788869111532313,0.754257120163663,1.45026627727195,0.31319404686145
"118",207,3801,0.1256038647343,0.0483091787439614,0.826086956521739,0.0821256038647343,0.304347826086957,0.536231884057971,0.0821256038647343,1.59090909090909,0.493539103450053,2.12057393120585,2.43541891543649,0.874301343623075,0.458066364785301,0.786314529864702,0.753221194467495,1.44949234210979,0.313765579724929
"119",206,3801,0.121359223300971,0.058252427184466,0.820388349514563,0.0825242718446602,0.29126213592233,0.538834951456311,0.0825242718446602,1.54545454545455,0.499554168435642,2.18752072083646,2.42396054095631,0.873586086301597,0.4523302108034,0.786323259237201,0.748205055885347,1.45117961081453,0.31724573847671
"120",206,3801,0.121359223300971,0.0533980582524272,0.825242718446602,0.0825242718446602,0.296116504854369,0.538834951456311,0.0825242718446602,1.56934306569343,0.496985329969847,2.13672056715641,2.42718451823421,0.868395160392027,0.45568963956983,0.785173319988359,0.749860108266824,1.45229499742135,0.322710689258539
"121",207,3801,0.1256038647343,0.0483091787439614,0.826086956521739,0.0821256038647343,0.304347826086957,0.536231884057971,0.0821256038647343,1.58646616541353,0.494328739054932,2.12385164096709,2.43515668484457,0.876266056992401,0.458739779543482,0.790138708921075,0.757140578716152,1.45024918370854,0.318391857601259
"122",207,3801,0.1256038647343,0.0483091787439614,0.826086956521739,0.0821256038647343,0.304347826086957,0.536231884057971,0.0821256038647343,1.58646616541353,0.494328739054932,2.12385164096709,2.43557171426677,0.880544851266029,0.458581417978205,0.790285776671063,0.756089390701885,1.44670927621351,0.309084595925825
"123",207,3801,0.1256038647343,0.0483091787439614,0.826086956521739,0.0821256038647343,0.304347826086957,0.536231884057971,0.0821256038647343,1.59090909090909,0.493539103450053,2.12057393120585,2.43411544837879,0.874795900711581,0.458747696186736,0.786679318488873,0.753838103101409,1.45054945054945,0.315067601208566
"124",207,3801,0.1256038647343,0.0483091787439614,0.826086956521739,0.0821256038647343,0.304347826086957,0.536231884057971,0.0821256038647343,1.59090909090909,0.493539103450053,2.12057393120585,2.43518122605317,0.877450336288388,0.452867578915459,0.79059361116691,0.753746562637511,1.45011162630946,0.312579859487267
"125",207,3801,0.1256038647343,0.0483091787439614,0.826086956521739,0.0821256038647343,0.304347826086957,0.536231884057971,0.0821256038647343,1.58646616541353,0.494328739054932,2.12385164096709,2.43380072997989,0.880671909363338,0.454796139497911,0.790097341184077,0.754363041632047,1.44979367262724,0.319003399956416
"126",206,3801,0.121359223300971,0.0679611650485437,0.810679611650486,0.0825242718446602,0.281553398058252,0.538834951456311,0.0825242718446602,1.54037267080745,0.49992235421958,2.20682587603185,2.41001060260925,0.874980095444102,0.448422054480696,0.790129055911572,0.749985415212792,1.45240549828179,0.31671887175186
"127",207,3801,0.1256038647343,0.0579710144927536,0.816425120772947,0.0821256038647343,0.294685990338164,0.536231884057971,0.0821256038647343,1.5531914893617,0.498935036064582,2.14921911265538,2.42109458888147,0.879866257211635,0.45627899887539,0.791695319593564,0.756780747218769,1.44987057808456,0.314481833868563
"128",207,3801,0.1256038647343,0.0531400966183575,0.821256038647343,0.0821256038647343,0.29951690821256,0.536231884057971,0.0821256038647343,1.56934306569343,0.496985329969847,2.13672056715641,2.4291571593106,0.881500419521808,0.456629078509321,0.788648103351613,0.754752897102221,1.45009448548359,0.313410153733915
"129",207,3801,0.1256038647343,0.0531400966183575,0.821256038647343,0.0821256038647343,0.29951690821256,0.536231884057971,0.0821256038647343,1.55555555555556,0.498638394671177,2.15836249209525,2.42904547520954,0.878722033442027,0.456072007327588,0.789876676663176,0.754844315527289,1.45323494079286,0.313814989906996
"130",207,3801,0.1256038647343,0.0483091787439614,0.826086956521739,0.0821256038647343,0.304347826086957,0.536231884057971,0.0821256038647343,1.58646616541353,0.494328739054932,2.12385164096709,2.43515936409139,0.878248997161,0.459862578519479,0.787449897740152,0.755257965792403,1.45045509187704,0.316369379781743
"131",205,3801,0.117073170731707,0.0585365853658537,0.824390243902439,0.0829268292682927,0.28780487804878,0.541463414634146,0.0829268292682927,1.5472972972973,0.499448123452133,2.17026171539496,2.42679125036703,0.880332239454293,0.447719152209719,0.786475381830069,0.744972155006043,1.44979367262724,0.316705273496432
"132",207,3801,0.1256038647343,0.0483091787439614,0.826086956521739,0.0821256038647343,0.304347826086957,0.536231884057971,0.0821256038647343,1.58646616541353,0.494328739054932,2.12385164096709,2.43440241506612,0.878799087787139,0.453468632443723,0.792406025549271,0.755253157207465,1.45026627727195,0.314827765327106
"133",207,3801,0.1256038647343,0.0531400966183575,0.821256038647343,0.0821256038647343,0.29951690821256,0.536231884057971,0.0821256038647343,1.57638888888889,0.495855002366804,2.15836249209525,2.42897095047881,0.878820857419028,0.456294917412848,0.788196685896775,0.753582725633139,1.44943240454076,0.312013410716003
"134",207,3801,0.1256038647343,0.0579710144927536,0.816425120772947,0.0821256038647343,0.294685990338164,0.536231884057971,0.0821256038647343,1.54421768707483,0.499743667403282,2.16731733474818,2.4239718127279,0.877757459655574,0.455243099980843,0.789287936335006,0.753645373399271,1.44831150930393,0.314031099582847
"135",206,3801,0.121359223300971,0.0533980582524272,0.825242718446602,0.0825242718446602,0.296116504854369,0.538834951456311,0.0825242718446602,1.56643356643357,0.497308821777246,2.15533603746506,2.43028638341763,0.874686359600375,0.452849282057922,0.786984861582888,0.749329731632043,1.45130763936683,0.317951657547415
"136",206,3801,0.121359223300971,0.0485436893203883,0.830097087378641,0.0825242718446602,0.300970873786408,0.538834951456311,0.0825242718446602,1.59090909090909,0.493539103450053,2.12057393120585,2.43675562318506,0.869816305505837,0.454466564495369,0.787251183231172,0.751035243215327,1.45122794880664,0.318191304142728
"137",207,3801,0.1256038647343,0.0579710144927536,0.816425120772947,0.0821256038647343,0.294685990338164,0.536231884057971,0.0821256038647343,1.54362416107383,0.499773211763178,2.17318626841227,2.41771761223382,0.881950862311171,0.454092884167013,0.7891821005067,0.752864313564167,1.44907806307083,0.315841503390305
"138",205,3801,0.117073170731707,0.0487804878048781,0.834146341463415,0.0829268292682927,0.297560975609756,0.541463414634146,0.0829268292682927,1.59541984732824,0.492694724553707,2.11727129565576,2.43937834944363,0.880772050502807,0.448184858191696,0.786264981652313,0.744653432952207,1.44998281196287,0.320483459256573
"139",207,3801,0.1256038647343,0.0531400966183575,0.821256038647343,0.0821256038647343,0.29951690821256,0.536231884057971,0.0821256038647343,1.55714285714286,0.498507536169392,2.14612803567824,2.42851404647837,0.880499733188887,0.456724508202365,0.787320751448858,0.753977801329421,1.45259361044315,0.317325895084222
"140",207,3801,0.1256038647343,0.0531400966183575,0.821256038647343,0.0821256038647343,0.29951690821256,0.536231884057971,0.0821256038647343,1.54861111111111,0.499368287808394,2.15836249209525,2.4286632874267,0.87479792047459,0.457844317163202,0.791681557700601,0.757466678190543,1.45013802622498,0.313617544348121
"141",207,3801,0.1256038647343,0.0483091787439614,0.826086956521739,0.0821256038647343,0.304347826086957,0.536231884057971,0.0821256038647343,1.58646616541353,0.494328739054932,2.12385164096709,2.43412400286314,0.876772919017581,0.456215319171164,0.788500730149931,0.754300453471226,1.45089593383873,0.316420506531896
"142",207,3801,0.1256038647343,0.0483091787439614,0.826086956521739,0.0821256038647343,0.304347826086957,0.536231884057971,0.0821256038647343,1.58646616541353,0.494328739054932,2.12385164096709,2.43424830532899,0.877637189742415,0.451968517572651,0.791543925611331,0.753457414473943,1.44819858645061,0.313245823425531
"143",207,3801,0.1256038647343,0.0531400966183575,0.821256038647343,0.0821256038647343,0.29951690821256,0.536231884057971,0.0821256038647343,1.54166666666667,0.5,2.15836249209525,2.4285225318666,0.880129804471437,0.457249015505783,0.787371490018136,0.753442954152903,1.44819858645061,0.315148426222508
"144",206,3801,0.121359223300971,0.0485436893203883,0.830097087378641,0.0825242718446602,0.300970873786408,0.538834951456311,0.0825242718446602,1.59541984732824,0.492694724553707,2.11727129565576,2.43620986569232,0.872983143516059,0.455157926385543,0.783588244935834,0.747852341694803,1.45195117758295,0.315172001139147
"145",207,3801,0.1256038647343,0.0483091787439614,0.826086956521739,0.0821256038647343,0.304347826086957,0.536231884057971,0.0821256038647343,1.58646616541353,0.494328739054932,2.12385164096709,2.4349450521718,0.875561209201073,0.459222445029359,0.788620472974096,0.756012534284575,1.45161845730028,0.317982593028574
"146",206,3801,0.121359223300971,0.0533980582524272,0.825242718446602,0.0825242718446602,0.296116504854369,0.538834951456311,0.0825242718446602,1.54929577464789,0.499325286445767,2.15228834438306,2.43038783221504,0.88178077286805,0.453527171140795,0.789625727628937,0.75207399440902,1.45017182130584,0.316924791255734
"147",206,3801,0.121359223300971,0.0533980582524272,0.825242718446602,0.0825242718446602,0.296116504854369,0.538834951456311,0.0825242718446602,1.55244755244755,0.498989424911535,2.15533603746506,2.4283125673308,0.876349923628249,0.457628703967787,0.784652994419959,0.750414192125945,1.45321888412017,0.318735223513756
"148",207,3801,0.1256038647343,0.0483091787439614,0.826086956521739,0.0821256038647343,0.304347826086957,0.536231884057971,0.0821256038647343,1.58646616541353,0.494328739054932,2.12385164096709,2.43428330698648,0.880008504070184,0.459277800428007,0.788132176582182,0.755007878766212,1.45364010989011,0.312708806937978
"149",207,3801,0.1256038647343,0.0531400966183575,0.821256038647343,0.0821256038647343,0.29951690821256,0.536231884057971,0.0821256038647343,1.5625,0.497809888727298,2.15836249209525,2.42827751352689,0.885737675626918,0.452859559479221,0.78932014442254,0.751522084566177,1.45070665287832,0.313623058315903
"150",207,3801,0.1256038647343,0.0483091787439614,0.826086956521739,0.0821256038647343,0.304347826086957,0.536231884057971,0.0821256038647343,1.58646616541353,0.494328739054932,2.12385164096709,2.43471655352781,0.881008160081117,0.454468621842878,0.791525572857919,0.755262774346726,1.45036070079011,0.316893081148438
"151",207,3801,0.1256038647343,0.0628019323671498,0.811594202898551,0.0821256038647343,0.289855072463768,0.536231884057971,0.0821256038647343,1.50602409638554,0.501476461900344,2.22010808804005,2.41431905199432,0.878226270924239,0.4518720834754,0.791562277939227,0.75334654491937,1.45053429851775,0.315326659145506
"152",207,3801,0.1256038647343,0.0483091787439614,0.826086956521739,0.0821256038647343,0.304347826086957,0.536231884057971,0.0821256038647343,1.58646616541353,0.494328739054932,2.12385164096709,2.43441102044806,0.884532652202808,0.454708292062963,0.790203054429653,0.754536335597973,1.44793103448276,0.318788675690338
"153",207,3801,0.1256038647343,0.0483091787439614,0.826086956521739,0.0821256038647343,0.304347826086957,0.536231884057971,0.0821256038647343,1.58646616541353,0.494328739054932,2.12385164096709,2.43533086249766,0.874074582813757,0.458605175699104,0.788896733201495,0.755767502293263,1.44901825697554,0.315017833722776
"154",207,3801,0.1256038647343,0.0531400966183575,0.821256038647343,0.0821256038647343,0.29951690821256,0.536231884057971,0.0821256038647343,1.57638888888889,0.495855002366804,2.15836249209525,2.42766949149842,0.880137291943019,0.45390889919378,0.787878695997829,0.751995517840452,1.44793103448276,0.313199123871264
"155",207,3801,0.1256038647343,0.0579710144927536,0.816425120772947,0.0821256038647343,0.294685990338164,0.536231884057971,0.0821256038647343,1.54054054054054,0.500045962219153,2.17026171539496,2.41783347224593,0.877633726319616,0.455187253921858,0.790235225219175,0.75489723692384,1.45040398831013,0.320040005160585
"156",207,3801,0.1256038647343,0.0531400966183575,0.821256038647343,0.0821256038647343,0.29951690821256,0.536231884057971,0.0821256038647343,1.56944444444444,0.49688227669338,2.15836249209525,2.427666937093,0.87950623759301,0.456422245725775,0.789950238352407,0.755839578771926,1.45112911566971,0.318463202537113
"157",207,3801,0.1256038647343,0.0483091787439614,0.826086956521739,0.0821256038647343,0.304347826086957,0.536231884057971,0.0821256038647343,1.59090909090909,0.493539103450053,2.12057393120585,2.43529439402827,0.874834165884717,0.454092884167013,0.788569814767533,0.752758181208064,1.44886363636364,0.314251106035164
"158",207,3801,0.1256038647343,0.0531400966183575,0.821256038647343,0.0821256038647343,0.29951690821256,0.536231884057971,0.0821256038647343,1.57352941176471,0.496392212628452,2.13353890837022,2.42959493112738,0.872962089893379,0.458676441478437,0.789324745470617,0.756483157285622,1.45089285714286,0.315069840947099
"159",206,3801,0.121359223300971,0.0485436893203883,0.830097087378641,0.0825242718446602,0.300970873786408,0.538834951456311,0.0825242718446602,1.59090909090909,0.493539103450053,2.12057393120585,2.43775117302915,0.877652025493061,0.451162119705831,0.788398091762501,0.749493706303654,1.44846604619097,0.317086610285328
"160",207,3801,0.1256038647343,0.0483091787439614,0.826086956521739,0.0821256038647343,0.304347826086957,0.536231884057971,0.0821256038647343,1.58646616541353,0.494328739054932,2.12385164096709,2.43547224683032,0.876662240549301,0.455809151919593,0.790882958182275,0.755243539945741,1.45282694621069,0.316707761425075
"161",207,3801,0.1256038647343,0.0483091787439614,0.826086956521739,0.0821256038647343,0.304347826086957,0.536231884057971,0.0821256038647343,1.58333333333333,0.494884775958836,2.12057393120585,2.43509920853188,0.875937668313047,0.45973620304042,0.788555998328207,0.755950082691926,1.44692254495159,0.316108214611743
"162",207,3801,0.1256038647343,0.0483091787439614,0.826086956521739,0.0821256038647343,0.304347826086957,0.536231884057971,0.0821256038647343,1.58646616541353,0.494328739054932,2.12385164096709,2.43465493397838,0.875904867316477,0.454276794625175,0.791328253876701,0.755623328710505,1.45003434065934,0.317487640948807
"163",207,3801,0.1256038647343,0.0531400966183575,0.821256038647343,0.0821256038647343,0.29951690821256,0.536231884057971,0.0821256038647343,1.55555555555556,0.498638394671177,2.15836249209525,2.42858136663711,0.877283607888038,0.458224904351916,0.788730988676576,0.755411824348812,1.45020604395604,0.316003632319642
"164",206,3801,0.121359223300971,0.0533980582524272,0.825242718446602,0.0825242718446602,0.296116504854369,0.538834951456311,0.0825242718446602,1.55944055944056,0.49819925905568,2.15533603746506,2.42778111870223,0.872401128708475,0.456545425854535,0.7850858557357,0.749913125299292,1.45265509537721,0.31690389446939
"165",207,3801,0.130434782608696,0.0483091787439614,0.821256038647343,0.0821256038647343,0.304347826086957,0.536231884057971,0.0821256038647343,1.58208955223881,0.495065993363269,2.12710479836481,2.43472452900139,0.87784373264757,0.457193414468934,0.789872078830128,0.756334318410011,1.45285935085008,0.315803720466403
"166",207,3801,0.1256038647343,0.0483091787439614,0.826086956521739,0.0821256038647343,0.304347826086957,0.536231884057971,0.0821256038647343,1.59090909090909,0.493539103450053,2.12057393120585,2.43464735722828,0.872824603215821,0.453180226237992,0.789145284717514,0.752845017885025,1.45265509537721,0.316070832749247
"167",207,3801,0.1256038647343,0.0483091787439614,0.826086956521739,0.0821256038647343,0.304347826086957,0.536231884057971,0.0821256038647343,1.58646616541353,0.494328739054932,2.12385164096709,2.43387221649222,0.881419358736416,0.456215319171164,0.788519153306446,0.753674285996502,1.44916566316876,0.315851664920289
"168",207,3801,0.1256038647343,0.0531400966183575,0.821256038647343,0.0821256038647343,0.29951690821256,0.536231884057971,0.0821256038647343,1.55714285714286,0.498507536169392,2.14612803567824,2.429246980965,0.878680680365659,0.456151630577121,0.789573162251699,0.755286816659135,1.45314109165808,0.314130591207174
"169",207,3801,0.1256038647343,0.0531400966183575,0.821256038647343,0.0821256038647343,0.29951690821256,0.536231884057971,0.0821256038647343,1.56944444444444,0.49688227669338,2.15836249209525,2.42890181309232,0.88297197519474,0.45395690246269,0.791098751314774,0.754165630559969,1.4481449525453,0.313287633843873
"170",207,3801,0.1256038647343,0.0579710144927536,0.816425120772947,0.0821256038647343,0.294685990338164,0.536231884057971,0.0821256038647343,1.58064516129032,0.495053030636132,2.19033169817029,2.41957566005916,0.880202981985258,0.45287559820969,0.788629683207497,0.751850620948788,1.45053246307111,0.317139258809764
"171",206,3801,0.121359223300971,0.0485436893203883,0.830097087378641,0.0825242718446602,0.300970873786408,0.538834951456311,0.0825242718446602,1.59090909090909,0.493539103450053,2.12057393120585,2.43659895126974,0.873566835823591,0.455372273547635,0.785757699436821,0.749821548070516,1.44712782473693,0.314718799161324
"172",207,3801,0.1256038647343,0.0628019323671498,0.811594202898551,0.0821256038647343,0.289855072463768,0.536231884057971,0.0821256038647343,1.51875,0.501217072194393,2.20411998265592,2.41703997457373,0.878713302663119,0.453652795973073,0.789941043515878,0.753765835237976,1.44592490050182,0.31386022266542
"173",206,3801,0.121359223300971,0.0485436893203883,0.830097087378641,0.0825242718446602,0.300970873786408,0.538834951456311,0.0825242718446602,1.59090909090909,0.493539103450053,2.12057393120585,2.43696839210092,0.873434833042017,0.456782859726811,0.785559887355353,0.751448992118883,1.45006016847172,0.319544601887416
"174",207,3801,0.1256038647343,0.0483091787439614,0.826086956521739,0.0821256038647343,0.304347826086957,0.536231884057971,0.0821256038647343,1.58646616541353,0.494328739054932,2.12385164096709,2.43347675244263,0.877113161672972,0.454812109935821,0.789090057813089,0.754300453471226,1.44901117798796,0.319488160869068
"175",207,3801,0.1256038647343,0.0483091787439614,0.826086956521739,0.0821256038647343,0.304347826086957,0.536231884057971,0.0821256038647343,1.58646616541353,0.494328739054932,2.12385164096709,2.43361854042353,0.874772218479582,0.457447535469243,0.788938163892017,0.755464705990549,1.44899363495613,0.317279244437559
"176",206,3801,0.121359223300971,0.0533980582524272,0.825242718446602,0.0825242718446602,0.296116504854369,0.538834951456311,0.0825242718446602,1.55797101449275,0.498437206465112,2.13987908640124,2.43137406507198,0.874149899914331,0.451906526816247,0.791513841456933,0.752837714879717,1.44884602135722,0.317313232883636
"177",207,3801,0.1256038647343,0.0483091787439614,0.826086956521739,0.0821256038647343,0.304347826086957,0.536231884057971,0.0821256038647343,1.58646616541353,0.494328739054932,2.12385164096709,2.43417758841006,0.878884326393456,0.453540705339329,0.78988127446946,0.753481514392314,1.44590617967803,0.317255227704634
"178",207,3801,0.1256038647343,0.0579710144927536,0.816425120772947,0.0821256038647343,0.294685990338164,0.536231884057971,0.0821256038647343,1.54304635761589,0.499801285015666,2.17897694729317,2.42416158466487,0.885474427624398,0.457804654468981,0.790354705258412,0.756171042086077,1.45238913716054,0.313302176272581
"179",207,3801,0.1256038647343,0.0579710144927536,0.816425120772947,0.0821256038647343,0.294685990338164,0.536231884057971,0.0821256038647343,1.57324840764331,0.496188312784816,2.19589965240923,2.41011642613455,0.881040709641327,0.452514589275534,0.78859744691998,0.75099999608449,1.45045509187704,0.310771750648044
"180",206,3801,0.121359223300971,0.058252427184466,0.820388349514563,0.0825242718446602,0.29126213592233,0.538834951456311,0.0825242718446602,1.60416666666667,0.49073585391907,2.15836249209525,2.42406350477037,0.880643784332764,0.45205046402147,0.786644940989427,0.748378935926314,1.44882839421089,0.314514851576779
"181",207,3801,0.1256038647343,0.0531400966183575,0.821256038647343,0.0821256038647343,0.29951690821256,0.536231884057971,0.0821256038647343,1.5531914893617,0.498935036064582,2.14921911265538,2.42917304702315,0.879789149301885,0.454923887302881,0.788150608353701,0.752917374132003,1.45011162630946,0.312691720708449
"182",207,3801,0.1256038647343,0.0531400966183575,0.821256038647343,0.0821256038647343,0.29951690821256,0.536231884057971,0.0821256038647343,1.59722222222222,0.492168662381091,2.15836249209525,2.4277251379963,0.880506843396245,0.455554116983411,0.787140833803981,0.752067955817595,1.45011162630946,0.314991157325257
"183",207,3801,0.1256038647343,0.0628019323671498,0.811594202898551,0.0821256038647343,0.289855072463768,0.536231884057971,0.0821256038647343,1.55625,0.498385759005887,2.20411998265592,2.40724521385875,0.872142896506176,0.457177527216389,0.789651351360678,0.755897235006548,1.44778180562748,0.320296809610351
"184",207,3801,0.1256038647343,0.0531400966183575,0.821256038647343,0.0821256038647343,0.29951690821256,0.536231884057971,0.0821256038647343,1.59722222222222,0.492168662381091,2.15836249209525,2.42254163605153,0.880349382005133,0.455179275354104,0.790235225219175,0.754310082757063,1.45296944730518,0.314046228934547
"185",207,3801,0.1256038647343,0.0531400966183575,0.821256038647343,0.0821256038647343,0.29951690821256,0.536231884057971,0.0821256038647343,1.59722222222222,0.492168662381091,2.15836249209525,2.42237186267811,0.877785041769006,0.458921827787053,0.78744067370749,0.754579652871009,1.45039478201167,0.313771425542332
"186",206,3801,0.121359223300971,0.0631067961165049,0.815533980582524,0.0825242718446602,0.286407766990291,0.538834951456311,0.0825242718446602,1.52631578947368,0.500957605125571,2.18184358794477,2.41726009278462,0.87477594160894,0.451474439863892,0.787788144286107,0.750081790926546,1.44680483592401,0.318690266600694
"187",206,3801,0.121359223300971,0.0631067961165049,0.815533980582524,0.0825242718446602,0.286407766990291,0.538834951456311,0.0825242718446602,1.53947368421053,0.513159011894289,2.18184358794477,2.41719718402372,0.877770197235271,0.449484706368647,0.787723911814526,0.747770178890467,1.44916566316876,0.31466912326305
"188",207,3801,0.1256038647343,0.0531400966183575,0.821256038647343,0.0821256038647343,0.29951690821256,0.536231884057971,0.0821256038647343,1.54861111111111,0.499368287808394,2.15836249209525,2.42838482118375,0.880597823740591,0.456907359402865,0.787989315734726,0.75404523259022,1.45083519889788,0.31498162784695
"189",207,3801,0.1256038647343,0.0531400966183575,0.821256038647343,0.0821256038647343,0.29951690821256,0.536231884057971,0.0821256038647343,1.56934306569343,0.496985329969847,2.13672056715641,2.42972620995095,0.877155146067707,0.457090137456833,0.789531764882726,0.755637747306637,1.44952708512468,0.315174880344262
"190",206,3801,0.121359223300971,0.0533980582524272,0.825242718446602,0.0825242718446602,0.296116504854369,0.538834951456311,0.0825242718446602,1.56115107913669,0.49804120535061,2.14301480025409,2.43164030026412,0.876017506379886,0.45456993826606,0.787893657692819,0.751650972763684,1.4482936918304,0.318807431241225
"191",207,3801,0.1256038647343,0.0483091787439614,0.826086956521739,0.0821256038647343,0.304347826086957,0.536231884057971,0.0821256038647343,1.58646616541353,0.494328739054932,2.12385164096709,2.43516668191159,0.875126127515576,0.459854681069519,0.789117671748438,0.756847928751536,1.44963905122035,0.31564592754417
"192",207,3801,0.1256038647343,0.0579710144927536,0.816425120772947,0.0821256038647343,0.294685990338164,0.536231884057971,0.0821256038647343,1.52903225806452,0.500774431675772,2.19033169817029,2.42157250309474,0.874560434547777,0.453780865650754,0.790101937706257,0.75410784193343,1.44690036263167,0.315172022325506
"193",207,3801,0.1256038647343,0.0531400966183575,0.821256038647343,0.0821256038647343,0.29951690821256,0.536231884057971,0.0821256038647343,1.57777777777778,0.495753108188549,2.13033376849501,2.4288983600113,0.882173349244924,0.453668806659943,0.79133743259473,0.754839504307258,1.44762726488352,0.316430254278273
"194",207,3801,0.1256038647343,0.0531400966183575,0.821256038647343,0.0821256038647343,0.29951690821256,0.536231884057971,0.0821256038647343,1.59440559440559,0.492732568063502,2.15533603746506,2.42198453753537,0.876680675536154,0.458668523605323,0.788735593161462,0.755753086172654,1.44783583376444,0.315367323563221
"195",207,3801,0.1256038647343,0.0483091787439614,0.826086956521739,0.0821256038647343,0.304347826086957,0.536231884057971,0.0821256038647343,1.59090909090909,0.493539103450053,2.12057393120585,2.4338600406351,0.87956074265422,0.452891636372162,0.790083551457086,0.752845017885025,1.44867378573889,0.313205082729174
"196",207,3801,0.1256038647343,0.0579710144927536,0.816425120772947,0.0821256038647343,0.294685990338164,0.536231884057971,0.0821256038647343,1.54666666666667,0.499485193587333,2.17609125905568,2.42094494307148,0.881167519182934,0.453460623637097,0.791071206533005,0.754512269371706,1.45053246307111,0.314499873820241
"197",207,3801,0.1256038647343,0.0579710144927536,0.816425120772947,0.0821256038647343,0.294685990338164,0.536231884057971,0.0821256038647343,1.58064516129032,0.495053030636132,2.19033169817029,2.41397863619405,0.882842044634508,0.450197277034305,0.792218094380805,0.75342367329313,1.44948453608247,0.317422644735809
"198",207,3801,0.1256038647343,0.0579710144927536,0.816425120772947,0.0821256038647343,0.294685990338164,0.536231884057971,0.0821256038647343,1.54,0.500067109590263,2.17609125905568,2.41861699569822,0.875441114890086,0.454828079812959,0.788758615182705,0.753066888345197,1.44993989352567,0.315245807935716
"199",207,3801,0.1256038647343,0.0483091787439614,0.826086956521739,0.0821256038647343,0.304347826086957,0.536231884057971,0.0821256038647343,1.58646616541353,0.494328739054932,2.12385164096709,2.43423103248041,0.876808941097103,0.455586004158025,0.789596159852189,0.754622967657524,1.45135181677286,0.317395955400703
"200",206,3801,0.121359223300971,0.058252427184466,0.820388349514563,0.0825242718446602,0.29126213592233,0.538834951456311,0.0825242718446602,1.54929577464789,0.499325286445767,2.15228834438306,2.4269050038192,0.878954587116759,0.453543109271587,0.787604609040862,0.750558668470053,1.4525158852825,0.313651547352428
"201",207,3580,0.130434782608696,0.0483091787439614,0.821256038647343,0.072463768115942,0.318840579710145,0.51207729468599,0.0821256038647343,1.57462686567164,0.49625462891183,2.12710479836481,2.4287189352895,0.830833843926194,0.464972958891078,0.781392306679984,0.746337856059229,1.51245861648371,0.285493831814351
"202",207,3580,0.130434782608696,0.0531400966183575,0.816425120772947,0.0628019323671498,0.531400966183575,0.29951690821256,0.0821256038647343,1.61363636363636,0.488770497865432,2.12057393120585,2.41881352321261,0.824063112227076,0.462672193580065,0.78130236559445,0.747780991111723,1.48243148278285,0.28788399810056
"203",207,3580,0.1256038647343,0.0483091787439614,0.826086956521739,0.072463768115942,0.318840579710145,0.516908212560386,0.0821256038647343,1.59848484848485,0.492072242025226,2.12057393120585,2.42617654948693,0.828404890435728,0.465553375289153,0.777965482569989,0.744696858859986,1.50455182072829,0.287676870406585
"204",207,3580,0.1256038647343,0.0483091787439614,0.826086956521739,0.0821256038647343,0.304347826086957,0.51207729468599,0.0821256038647343,1.60769230769231,0.490153493537679,2.11394335230684,2.4277593848896,0.824626075783715,0.464524072298841,0.779676901065084,0.748481250406832,1.47927959433467,0.294180865386758
"205",207,3580,0.1256038647343,0.0531400966183575,0.821256038647343,0.0628019323671498,0.521739130434783,0.294685990338164,0.072463768115942,1.6,0.491793112107397,2.11394335230684,2.4166981945575,0.829796740519675,0.463175430615668,0.780234503475057,0.745514824957096,1.47442680776014,0.282873271120762
"206",207,3580,0.130434782608696,0.0579710144927536,0.811594202898551,0.0676328502415459,0.328502415458937,0.473429951690821,0.0821256038647343,1.57352941176471,0.496392212628452,2.13353890837022,2.40459541040139,0.83472364419997,0.457797827626448,0.788287784467703,0.747897293527466,1.48182139075185,0.287671198066517
"207",207,3580,0.140096618357488,0.0483091787439614,0.811594202898551,0.0772946859903382,0.309178743961353,0.516908212560386,0.0821256038647343,1.58992805755396,0.493625300015877,2.14301480025409,2.43153587134622,0.83297978775205,0.466656343668712,0.783770306278431,0.74981874204986,1.48729630278605,0.287775058102918
"208",207,3580,0.130434782608696,0.0483091787439614,0.821256038647343,0.0772946859903382,0.318840579710145,0.51207729468599,0.0821256038647343,1.59712230215827,0.492250443805331,2.14301480025409,2.42760562117194,0.833326941851758,0.465672747402912,0.780079151493553,0.746179099256782,1.49307867531102,0.284613304341947
"209",206,3580,0.135922330097087,0.0485436893203883,0.815533980582524,0.0631067961165049,0.305825242718447,0.529126213592233,0.0825242718446602,1.59124087591241,0.493408679874704,2.13672056715641,2.43518172321817,0.827875704951884,0.458639765670014,0.78177625586336,0.745529991751201,1.48705388383485,0.293899469579268
"210",207,3580,0.1256038647343,0.0531400966183575,0.821256038647343,0.072463768115942,0.314009661835749,0.492753623188406,0.0821256038647343,1.6030534351145,0.491142926291117,2.11727129565576,2.42413120778026,0.828610585423183,0.46159037895595,0.782423179580513,0.744108733112358,1.49405802167074,0.281487461304699
"211",207,3580,0.130434782608696,0.0483091787439614,0.821256038647343,0.072463768115942,0.318840579710145,0.516908212560386,0.072463768115942,1.58518518518519,0.494525027439419,2.13033376849501,2.43692341064963,0.831140799725777,0.459315548135439,0.783833848629901,0.746217236783423,1.47308031774051,0.286640460242061
"212",207,3580,0.130434782608696,0.0531400966183575,0.816425120772947,0.0676328502415459,0.516908212560386,0.304347826086957,0.072463768115942,1.61428571428571,0.503022723369536,2.14612803567824,2.4300766253057,0.833213263381478,0.460789401085461,0.779812381390171,0.74371369732236,1.49124343257443,0.283581262081879
"213",207,3580,0.135265700483092,0.0483091787439614,0.816425120772947,0.072463768115942,0.323671497584541,0.502415458937198,0.0821256038647343,1.59701492537313,0.492338336278563,2.12710479836481,2.4166978687751,0.836928821953733,0.467745391306607,0.78342136019565,0.750634537551514,1.4810686482661,0.287856050306392
"214",207,3580,0.140096618357488,0.0483091787439614,0.811594202898551,0.072463768115942,0.304347826086957,0.521739130434783,0.0821256038647343,1.55633802816901,0.498574533823825,2.15228834438306,2.43806414147927,0.828540748475109,0.465491850282526,0.781250913540175,0.746710556090543,1.48788565452327,0.287311012411925
"215",207,3580,0.14975845410628,0.0531400966183575,0.797101449275362,0.072463768115942,0.521739130434783,0.29951690821256,0.0821256038647343,1.52941176470588,0.513743018001113,2.1846914308176,2.42177245522092,0.834529306072077,0.463739367777282,0.780370558375453,0.743965753839619,1.50675083289497,0.280394863283077
"216",207,3580,0.1256038647343,0.0483091787439614,0.826086956521739,0.0772946859903382,0.51207729468599,0.294685990338164,0.0821256038647343,1.62015503875969,0.503018986495732,2.11058971029925,2.41685377868698,0.830378288418118,0.46647207734913,0.776370447779935,0.743381227722768,1.48186437708078,0.286859528983134
"217",206,3580,0.145631067961165,0.0485436893203883,0.805825242718447,0.0728155339805825,0.315533980582524,0.5,0.0728155339805825,1.5578231292517,0.49834316861772,2.16731733474818,2.41586346357387,0.83653008364429,0.463590315068624,0.778696343463576,0.739954947538794,1.47547037102163,0.281806571383705
"218",207,3580,0.140096618357488,0.0531400966183575,0.806763285024155,0.0821256038647343,0.314009661835749,0.507246376811594,0.0821256038647343,1.56551724137931,0.511177740118188,2.16136800223497,2.42172757481337,0.82513619853233,0.461844468031292,0.779498254018252,0.746722450235197,1.48420868958297,0.292686867298823
"219",207,3580,0.1256038647343,0.0483091787439614,0.826086956521739,0.0772946859903382,0.323671497584541,0.492753623188406,0.0821256038647343,1.60769230769231,0.490153493537679,2.11394335230684,2.43035266939519,0.826710223882784,0.459833827586791,0.783368004936191,0.74747826764595,1.48565932144106,0.294106709322982
"220",207,3580,0.130434782608696,0.0483091787439614,0.821256038647343,0.072463768115942,0.521739130434783,0.29951690821256,0.0821256038647343,1.58823529411765,0.493972382423299,2.13353890837022,2.41902005436843,0.832863304958565,0.464259637924727,0.777344628663056,0.741999752115088,1.49344749257382,0.282777030973663
"221",207,3580,0.130434782608696,0.0483091787439614,0.821256038647343,0.0676328502415459,0.521739130434783,0.294685990338164,0.0821256038647343,1.58015267175573,0.4954283069035,2.11727129565576,2.42970187225014,0.837861739436761,0.46070064663321,0.783719841588255,0.745185840992635,1.48190644307149,0.285489967354221
"222",207,3580,0.135265700483092,0.0483091787439614,0.816425120772947,0.0821256038647343,0.318840579710145,0.502415458937198,0.0821256038647343,1.57971014492754,0.495403606051702,2.13987908640124,2.42000282326121,0.833122409945969,0.465484249729148,0.779419426127378,0.74467351751735,1.48286824443659,0.281380212732787
"223",207,3580,0.140096618357488,0.0483091787439614,0.811594202898551,0.0772946859903382,0.318840579710145,0.516908212560386,0.0821256038647343,1.59712230215827,0.492250443805331,2.14301480025409,2.42446864355515,0.831513678990012,0.468425108160504,0.77997943183614,0.746316249034036,1.48542503054634,0.282571728226605
"224",207,3580,0.135265700483092,0.0531400966183575,0.811594202898551,0.072463768115942,0.314009661835749,0.507246376811594,0.0821256038647343,1.58620689655172,0.494219458907901,2.16136800223497,2.41871722111296,0.825376511317023,0.463156678115813,0.778501753919218,0.747696218250281,1.49520822442934,0.294666040381046
"225",207,3580,0.1256038647343,0.0483091787439614,0.826086956521739,0.0821256038647343,0.328502415458937,0.492753623188406,0.0821256038647343,1.61068702290076,0.489466256933461,2.11727129565576,2.41679343020598,0.829149008924394,0.465088086460611,0.78536171947144,0.751397984208937,1.5244901516472,0.291181342020313
"226",207,3580,0.1256038647343,0.0531400966183575,0.821256038647343,0.0772946859903382,0.521739130434783,0.29951690821256,0.0821256038647343,1.55555555555556,0.498754668053816,2.13033376849501,2.42284006554451,0.836865129790663,0.465778232067547,0.781887638460906,0.747286549481918,1.48099910793934,0.283911547082008
"227",207,3580,0.1256038647343,0.0483091787439614,0.826086956521739,0.0676328502415459,0.309178743961353,0.526570048309179,0.0821256038647343,1.61832061068702,0.4876634284986,2.11727129565576,2.43865730466623,0.832675827557267,0.462348690724708,0.780677157890942,0.74775511845133,1.48155880306193,0.292128377284014
"228",207,3580,0.130434782608696,0.0483091787439614,0.821256038647343,0.0821256038647343,0.314009661835749,0.521739130434783,0.0821256038647343,1.59259259259259,0.493181815287015,2.13033376849501,2.43097131537238,0.838841567167585,0.466257996260479,0.778425510756042,0.745311322591057,1.48575921719378,0.283602038746808
"229",207,3580,0.130434782608696,0.0531400966183575,0.816425120772947,0.0676328502415459,0.318840579710145,0.48792270531401,0.0821256038647343,1.59285714285714,0.493065999805746,2.14612803567824,2.41888305820119,0.826952098933591,0.460860392340512,0.782079726679886,0.746879599171857,1.4837918345891,0.287679572703538
"230",207,3580,0.135265700483092,0.0483091787439614,0.816425120772947,0.072463768115942,0.314009661835749,0.521739130434783,0.0821256038647343,1.57664233576642,0.495904220727834,2.13672056715641,2.43271748647475,0.821637940917523,0.465307226451978,0.780234224173286,0.748194031059801,1.50305356831269,0.294432452308619
"231",207,3580,0.135265700483092,0.0483091787439614,0.816425120772947,0.0676328502415459,0.328502415458937,0.483091787439614,0.0821256038647343,1.57664233576642,0.495904220727834,2.13672056715641,2.42285643486497,0.830234970306965,0.465152789487563,0.783573728716504,0.751181668839855,1.49240014139272,0.29323979929314
"232",207,3580,0.130434782608696,0.0483091787439614,0.821256038647343,0.072463768115942,0.323671497584541,0.502415458937198,0.0821256038647343,1.59259259259259,0.493181815287015,2.13033376849501,2.41780946091062,0.828615210765402,0.464400627669804,0.782009947058039,0.747805656072089,1.48817656332107,0.291330900125367
"233",207,3580,0.135265700483092,0.0531400966183575,0.811594202898551,0.072463768115942,0.526570048309179,0.29951690821256,0.0821256038647343,1.58695652173913,0.508730506282894,2.13987908640124,2.42233880862405,0.82583560684561,0.46341279865941,0.783943460938977,0.749794633592679,1.49114501139751,0.28992783412241
"234",205,3580,0.131707317073171,0.0487804878048781,0.819512195121951,0.0780487804878049,0.326829268292683,0.507317073170732,0.0829268292682927,1.58088235294118,0.495238768583899,2.13353890837022,2.424429690905,0.83099406660298,0.457118484446628,0.779435132743477,0.740635107982585,1.47360988526037,0.29342213296838
"235",206,3580,0.131067961165049,0.0436893203883495,0.825242718446602,0.0728155339805825,0.310679611650485,0.514563106796116,0.0825242718446602,1.6,0.506671903612631,2.13033376849501,2.43326653034855,0.837510960141414,0.465098621873895,0.778900254688102,0.743205559055851,1.48797612778655,0.280627871414048
"236",207,3580,0.135265700483092,0.0531400966183575,0.811594202898551,0.0821256038647343,0.516908212560386,0.29951690821256,0.0821256038647343,1.57553956834532,0.496048403233532,2.14301480025409,2.41644398531043,0.829247593705301,0.466503919208271,0.780433070483986,0.74479452251906,1.47899159663866,0.280264698099037
"237",207,3580,0.135265700483092,0.0483091787439614,0.816425120772947,0.0676328502415459,0.333333333333333,0.492753623188406,0.0821256038647343,1.55797101449275,0.498437206465112,2.13987908640124,2.42194443639563,0.828566106498413,0.464713014500195,0.786043549086924,0.752410972132508,1.50743917381411,0.289763697270593
"238",207,3580,0.135265700483092,0.0531400966183575,0.811594202898551,0.0772946859903382,0.328502415458937,0.48792270531401,0.0821256038647343,1.60144927536232,0.491383494110397,2.13987908640124,2.42278452592739,0.822272264482963,0.460749925729726,0.783279157314045,0.7498351214619,1.49335199440168,0.293271361130235
"239",207,3580,0.135265700483092,0.0579710144927536,0.806763285024155,0.072463768115942,0.328502415458937,0.48792270531401,0.0821256038647343,1.54109589041096,0.500023617770023,2.16435285578444,2.39595351898831,0.824658568951576,0.465157715394405,0.78095233284407,0.748456480255092,1.4789989499475,0.288309021360469
"240",206,3580,0.131067961165049,0.0436893203883495,0.825242718446602,0.0825242718446602,0.320388349514563,0.509708737864078,0.0825242718446602,1.59398496240601,0.492944061995888,2.12385164096709,2.43029147149291,0.837413922628476,0.462509262175494,0.780704643996861,0.741219991471822,1.51305414403364,0.285114584763806
"241",207,3580,0.140096618357488,0.0483091787439614,0.811594202898551,0.0821256038647343,0.323671497584541,0.502415458937198,0.0821256038647343,1.57446808510638,0.510378606711184,2.14921911265538,2.430430644471,0.835253909006887,0.464638693085464,0.77973468987587,0.746952809101765,1.48540975013105,0.288634786463049
"242",207,3580,0.144927536231884,0.0531400966183575,0.801932367149758,0.0676328502415459,0.521739130434783,0.29951690821256,0.0821256038647343,1.56944444444444,0.49688227669338,2.15836249209525,2.42256835539356,0.83011761896061,0.460105550173551,0.78452818842789,0.74948126437856,1.49123114696598,0.285580939369903
"243",207,3580,0.140096618357488,0.0483091787439614,0.811594202898551,0.0821256038647343,0.342995169082126,0.492753623188406,0.0821256038647343,1.57857142857143,0.495560973356953,2.14612803567824,2.41038823180786,0.831077229728793,0.462597738584487,0.785393013012113,0.747270806983922,1.51003315302739,0.284570337944204
"244",207,3580,0.1256038647343,0.0531400966183575,0.821256038647343,0.0772946859903382,0.318840579710145,0.497584541062802,0.0821256038647343,1.57142857142857,0.496648583009293,2.14612803567824,2.40924035609696,0.833219042463734,0.466094542824255,0.778766029401127,0.746162639589463,1.49298245614035,0.289104047647287
"245",206,3580,0.12621359223301,0.0485436893203883,0.825242718446602,0.0728155339805825,0.320388349514563,0.509708737864078,0.0825242718446602,1.60902255639098,0.489814226784076,2.12385164096709,2.4327316056809,0.8347854060339,0.458183286409289,0.781514997963397,0.744349766251803,1.48427893904795,0.294206428382005
"246",207,3580,0.135265700483092,0.0483091787439614,0.816425120772947,0.0676328502415459,0.333333333333333,0.478260869565217,0.0821256038647343,1.56521739130435,0.49753438408312,2.13987908640124,2.41162130075951,0.837575142510355,0.460025553192982,0.786698779076921,0.74605238546503,1.48788198103267,0.279901222416937
"247",207,3580,0.140096618357488,0.0483091787439614,0.811594202898551,0.0772946859903382,0.314009661835749,0.507246376811594,0.0821256038647343,1.57446808510638,0.496186061777974,2.14921911265538,2.43259851816351,0.828284126956795,0.469681942899134,0.783754636066184,0.751841622772415,1.50368809272919,0.287568012909173
"248",207,3580,0.1256038647343,0.0483091787439614,0.826086956521739,0.0821256038647343,0.314009661835749,0.516908212560386,0.0821256038647343,1.60902255639098,0.489814226784076,2.12385164096709,2.43651091739549,0.83200903443398,0.461968620612946,0.781340556305869,0.748163767009062,1.4859277275886,0.289689821126709
"249",207,3580,0.140096618357488,0.0483091787439614,0.811594202898551,0.0821256038647343,0.526570048309179,0.29951690821256,0.0821256038647343,1.57462686567164,0.49625462891183,2.12710479836481,2.44286751262334,0.832299648741778,0.465915244412146,0.782875112577889,0.750568906843224,1.49564753952745,0.283453664148144
"250",207,3580,0.1256038647343,0.0483091787439614,0.826086956521739,0.0676328502415459,0.309178743961353,0.51207729468599,0.0821256038647343,1.58646616541353,0.494328739054932,2.12385164096709,2.42775369627305,0.836372266072033,0.461826560932405,0.781022800388047,0.745717952819278,1.49721642310369,0.287201305432005
"251",207,3580,0.135265700483092,0.0483091787439614,0.816425120772947,0.072463768115942,0.323671497584541,0.497584541062802,0.0821256038647343,1.59124087591241,0.493408679874704,2.13672056715641,2.41902272611611,0.831807770482994,0.463315666154456,0.783734662378607,0.74993650156017,1.49189471849399,0.288410006685705
"252",207,3580,0.140096618357488,0.0483091787439614,0.811594202898551,0.072463768115942,0.323671497584541,0.507246376811594,0.0821256038647343,1.57142857142857,0.496648583009293,2.14612803567824,2.41961232622402,0.829561867600228,0.464400627669804,0.781413251635902,0.748330734834578,1.47669305189094,0.293005012043126
"253",207,3580,0.1256038647343,0.0628019323671498,0.811594202898551,0.0821256038647343,0.314009661835749,0.516908212560386,0.0821256038647343,1.59701492537313,0.492338336278563,2.12710479836481,2.40026194492646,0.832749219371251,0.465017622101336,0.779955298677802,0.746069380524313,1.48748030117317,0.281932616604514
"254",207,3580,0.135265700483092,0.0483091787439614,0.816425120772947,0.072463768115942,0.318840579710145,0.51207729468599,0.0821256038647343,1.57971014492754,0.509924771937014,2.13987908640124,2.43203221421945,0.831560231485237,0.463174346148444,0.780139824999607,0.74500447790957,1.49841493483621,0.289368341126327
"255",207,3580,0.140096618357488,0.0531400966183575,0.806763285024155,0.0772946859903382,0.309178743961353,0.507246376811594,0.0821256038647343,1.5503355704698,0.499137656508815,2.17318626841227,2.42062383750669,0.831397669580306,0.464422693002631,0.785455636959106,0.752913557801341,1.48433693003829,0.290986534336825
"256",207,3580,0.135265700483092,0.0483091787439614,0.816425120772947,0.0772946859903382,0.314009661835749,0.507246376811594,0.0821256038647343,1.61702127659574,0.487846206270628,2.14921911265538,2.42742390216987,0.832465946488715,0.464766352705256,0.781939995997008,0.74589923551532,1.49780509218613,0.281857523329073
"257",207,3580,0.135265700483092,0.0483091787439614,0.816425120772947,0.0772946859903382,0.314009661835749,0.526570048309179,0.0821256038647343,1.58394160583942,0.494712271789539,2.13672056715641,2.43447491111932,0.831257601787288,0.462647475647572,0.782777240298318,0.747741115480328,1.48171054956706,0.287757409036911
"258",207,3580,0.140096618357488,0.0483091787439614,0.811594202898551,0.0772946859903382,0.309178743961353,0.516908212560386,0.0821256038647343,1.56115107913669,0.49804120535061,2.14301480025409,2.43481078144448,0.827439440916823,0.465118560427617,0.781589133532159,0.748348597497221,1.50385964912281,0.287473105204872
"259",207,3580,0.144927536231884,0.0483091787439614,0.806763285024155,0.0772946859903382,0.318840579710145,0.497584541062802,0.072463768115942,1.58823529411765,0.493769227003469,2.1846914308176,2.42056438265539,0.841802595178871,0.462665173052215,0.78307006432074,0.744822702104674,1.48468309859155,0.27966836971378
"260",207,3580,0.135265700483092,0.0483091787439614,0.816425120772947,0.0772946859903382,0.318840579710145,0.492753623188406,0.0821256038647343,1.6056338028169,0.518559741374211,2.15228834438306,2.43659289267639,0.837975957716767,0.460518849602484,0.780635248442113,0.745146924254065,1.48766404199475,0.283875260157417
"261",207,3580,0.135265700483092,0.0483091787439614,0.816425120772947,0.072463768115942,0.516908212560386,0.294685990338164,0.0821256038647343,1.57246376811594,0.496523404663263,2.13987908640124,2.42760854470379,0.828887126760532,0.464893755055376,0.783186301309351,0.751239340530403,1.49327510917031,0.291396151004127
"262",207,3580,0.144927536231884,0.0531400966183575,0.801932367149758,0.0821256038647343,0.314009661835749,0.502415458937198,0.0821256038647343,1.51973684210526,0.501261914021243,2.18184358794477,2.43187175382926,0.826846079040029,0.459193830121195,0.786247887498519,0.749946497328153,1.49377302227679,0.291087512441687
"263",207,3580,0.144927536231884,0.0531400966183575,0.801932367149758,0.0821256038647343,0.333333333333333,0.497584541062802,0.0821256038647343,1.56944444444444,0.49688227669338,2.15836249209525,2.4044292090116,0.826608473374404,0.467985495938254,0.785340856418237,0.752264264947256,1.49719593410445,0.286844366228258
"264",207,3580,0.135265700483092,0.0531400966183575,0.811594202898551,0.072463768115942,0.318840579710145,0.497584541062802,0.0821256038647343,1.60144927536232,0.491383494110397,2.13987908640124,2.41335150775078,0.823823730822409,0.466869819918135,0.779940500334423,0.747559398443512,1.5066456803078,0.288910899856684
"265",207,3580,0.1256038647343,0.0483091787439614,0.826086956521739,0.0772946859903382,0.318840579710145,0.497584541062802,0.072463768115942,1.60606060606061,0.490483104386053,2.12057393120585,2.41880140817254,0.829109323053458,0.467681641268546,0.782390126172054,0.752342411952083,1.49266654886022,0.295876751451953
"266",207,3580,0.130434782608696,0.0531400966183575,0.816425120772947,0.0772946859903382,0.516908212560386,0.29951690821256,0.0821256038647343,1.58646616541353,0.494328739054932,2.12385164096709,2.41848427471276,0.828025131917515,0.465241770137655,0.781243353755721,0.747571370156788,1.4795218843382,0.284487516394945
"267",207,3580,0.135265700483092,0.0483091787439614,0.816425120772947,0.072463768115942,0.318840579710145,0.497584541062802,0.0821256038647343,1.58394160583942,0.494712271789539,2.13672056715641,2.4232382499387,0.829219304812836,0.465939917877747,0.783160179300322,0.752034106523299,1.49256082618589,0.297870125427314
"268",207,3580,0.14975845410628,0.0531400966183575,0.797101449275362,0.0772946859903382,0.314009661835749,0.507246376811594,0.0821256038647343,1.5578231292517,0.49834316861772,2.16731733474818,2.41302647436508,0.82647168157454,0.465496886509588,0.783038695556096,0.749010246347924,1.48170408343645,0.288545632013498
"269",206,3580,0.131067961165049,0.0436893203883495,0.825242718446602,0.0728155339805825,0.325242718446602,0.509708737864078,0.0825242718446602,1.58955223880597,0.493760871275225,2.12710479836481,2.42895385129426,0.837538473903473,0.462728732315061,0.780049524691676,0.745098843418967,1.48746468926554,0.290185751775436
"270",207,3580,0.1256038647343,0.0483091787439614,0.826086956521739,0.072463768115942,0.318840579710145,0.507246376811594,0.072463768115942,1.59090909090909,0.493539103450053,2.12057393120585,2.43440350685559,0.828823844547308,0.45993868982255,0.77987229862199,0.745290010479923,1.48638743455497,0.291916771957231
"271",207,3580,0.1256038647343,0.0483091787439614,0.826086956521739,0.0772946859903382,0.323671497584541,0.502415458937198,0.0821256038647343,1.59848484848485,0.492072242025226,2.12057393120585,2.43050291805388,0.829574203919124,0.464457951854145,0.781924289104292,0.747050942667721,1.48814091384723,0.286046573067299
"272",207,3580,0.130434782608696,0.0531400966183575,0.816425120772947,0.0821256038647343,0.516908212560386,0.29951690821256,0.0821256038647343,1.55725190839695,0.513813874464756,2.11727129565576,2.42001391292474,0.830020938029751,0.46505285561556,0.783722280387497,0.74656335143949,1.47621602288984,0.286550919043398
"273",207,3580,0.140096618357488,0.0483091787439614,0.811594202898551,0.0772946859903382,0.502415458937198,0.29951690821256,0.072463768115942,1.57037037037037,0.496866911228492,2.13033376849501,2.43147159931493,0.833949318734022,0.4604566169857,0.784188063093548,0.747927243473575,1.47289156626506,0.286654647807205
"274",206,3580,0.135922330097087,0.0485436893203883,0.815533980582524,0.0825242718446602,0.349514563106796,0.490291262135922,0.0728155339805825,1.57664233576642,0.495904220727834,2.13672056715641,2.40641314794524,0.836156008002775,0.454937839330076,0.783748116151132,0.740361535584751,1.49006156552331,0.288861626438464
"275",207,3580,0.140096618357488,0.0483091787439614,0.811594202898551,0.0821256038647343,0.323671497584541,0.507246376811594,0.0821256038647343,1.55395683453237,0.498877898431601,2.14301480025409,2.4365898682702,0.83200478648445,0.462703983879217,0.783304040425978,0.747643459841856,1.4915611814346,0.28739644103778
"276",207,3580,0.135265700483092,0.0483091787439614,0.816425120772947,0.0772946859903382,0.318840579710145,0.516908212560386,0.0821256038647343,1.57777777777778,0.495753108188549,2.13033376849501,2.42970847392335,0.832185716111892,0.464898461870642,0.779112908644994,0.747379675875455,1.49790940766551,0.290389495826507
"277",207,3580,0.130434782608696,0.0531400966183575,0.816425120772947,0.072463768115942,0.516908212560386,0.29951690821256,0.072463768115942,1.6044776119403,0.505885016452302,2.12710479836481,2.39845078977564,0.834344225752006,0.465746686684427,0.77879602038318,0.743437592163256,1.49886144683833,0.282483989691896
"278",207,3580,0.130434782608696,0.0483091787439614,0.821256038647343,0.072463768115942,0.318840579710145,0.516908212560386,0.072463768115942,1.62595419847328,0.501319456919521,2.11727129565576,2.43354442353866,0.823746029752849,0.464118605349851,0.780176537146619,0.746343338290407,1.48956323452026,0.285186433469605
"279",206,3580,0.135922330097087,0.0485436893203883,0.815533980582524,0.0631067961165049,0.344660194174757,0.490291262135922,0.0728155339805825,1.60294117647059,0.505955813686383,2.13353890837022,2.41171893514408,0.830190095486756,0.455462762329707,0.784627359689376,0.745131620345654,1.49176594253679,0.293977825650376
"280",207,3580,0.135265700483092,0.0483091787439614,0.816425120772947,0.0821256038647343,0.328502415458937,0.497584541062802,0.0821256038647343,1.60294117647059,0.491097210935101,2.13353890837022,2.43284154205281,0.826881518091081,0.463164098528777,0.784892166641065,0.751163535404003,1.49243490499648,0.291167127408169
"281",207,3580,0.135265700483092,0.0531400966183575,0.811594202898551,0.0772946859903382,0.323671497584541,0.502415458937198,0.0821256038647343,1.58,0.508584032506729,2.17609125905568,2.42021496171549,0.829934486099936,0.45967354535782,0.786570244983852,0.751122515969883,1.4979057591623,0.29161512210476
"282",204,3580,0.137254901960784,0.0441176470588235,0.818627450980392,0.0784313725490196,0.323529411764706,0.524509803921569,0.0833333333333333,1.59259259259259,0.493181815287015,2.13033376849501,2.43085457781683,0.825659773909985,0.455220688041932,0.778195354896885,0.739498767318373,1.48555419366136,0.300158069510813
"283",207,3580,0.1256038647343,0.0483091787439614,0.826086956521739,0.0772946859903382,0.318840579710145,0.51207729468599,0.0821256038647343,1.59090909090909,0.493539103450053,2.12057393120585,2.43306536435177,0.827176924631114,0.46320461908598,0.78027855257584,0.74532820734179,1.47985283812193,0.284797865926975
"284",207,3580,0.1256038647343,0.0579710144927536,0.816425120772947,0.072463768115942,0.309178743961353,0.526570048309179,0.0821256038647343,1.59398496240601,0.492944061995888,2.12385164096709,2.41453631811161,0.829121260953985,0.46302414638175,0.78064315535017,0.746781786388107,1.48653846153846,0.288710487028913
"285",207,3580,0.130434782608696,0.0531400966183575,0.816425120772947,0.0821256038647343,0.318840579710145,0.492753623188406,0.072463768115942,1.5578231292517,0.49834316861772,2.16731733474818,2.41829283536525,0.829802130370527,0.463438180304957,0.781571193874127,0.746689536024275,1.49235635213495,0.288966891317848
"286",206,3580,0.135922330097087,0.0436893203883495,0.820388349514563,0.0776699029126214,0.320388349514563,0.519417475728155,0.0728155339805825,1.62686567164179,0.515498762657511,2.12710479836481,2.44230772490721,0.831721424625217,0.461816990793034,0.777908871159139,0.741873664949597,1.49535006141428,0.290433072046098
"287",207,3580,0.130434782608696,0.0579710144927536,0.811594202898551,0.072463768115942,0.309178743961353,0.521739130434783,0.0821256038647343,1.58088235294118,0.495238768583899,2.13353890837022,2.41169618764988,0.837088679629828,0.463050655763161,0.783076583015738,0.74708854695437,1.48350497469017,0.284223273514346
"288",207,3580,0.130434782608696,0.0483091787439614,0.821256038647343,0.072463768115942,0.323671497584541,0.497584541062802,0.0821256038647343,1.59701492537313,0.492338336278563,2.12710479836481,2.41742673856799,0.828476655949986,0.467097626367677,0.780968050463488,0.746398158387523,1.49025803054239,0.28709782533878
"289",207,3580,0.135265700483092,0.0483091787439614,0.816425120772947,0.072463768115942,0.314009661835749,0.502415458937198,0.072463768115942,1.56934306569343,0.496985329969847,2.13672056715641,2.42269819084904,0.830757108720601,0.465140122698718,0.784256554548248,0.751397271913218,1.49377738825592,0.292777378368472
"290",207,3580,0.140096618357488,0.0483091787439614,0.811594202898551,0.072463768115942,0.318840579710145,0.497584541062802,0.072463768115942,1.56737588652482,0.497205972539221,2.14921911265538,2.42598821373826,0.833765988747354,0.464550382388819,0.782820513861189,0.748653256773511,1.48091336935681,0.279964496609605
"291",207,3580,0.130434782608696,0.0483091787439614,0.821256038647343,0.0772946859903382,0.318840579710145,0.502415458937198,0.0821256038647343,1.59398496240601,0.492944061995888,2.12385164096709,2.44120245749875,0.829016140651779,0.462001056429231,0.780755858692386,0.745998022942172,1.48725558659218,0.285551805257644
"292",207,3580,0.135265700483092,0.0483091787439614,0.816425120772947,0.0821256038647343,0.314009661835749,0.502415458937198,0.0821256038647343,1.60869565217391,0.489820205487265,2.13987908640124,2.42487863214172,0.828318304907045,0.463968201211524,0.781083629772538,0.747884489215925,1.48630136986301,0.286357407020167
"293",207,3580,0.140096618357488,0.0483091787439614,0.811594202898551,0.0628019323671498,0.347826086956522,0.458937198067633,0.072463768115942,1.56338028169014,0.497722311887135,2.15228834438306,2.41562733619923,0.832995931930581,0.460129988747047,0.784069915662548,0.748136166668056,1.49202733485194,0.289678491728256
"294",207,3580,0.135265700483092,0.0531400966183575,0.811594202898551,0.072463768115942,0.318840579710145,0.51207729468599,0.0821256038647343,1.58450704225352,0.494551272309518,2.15228834438306,2.41914139863501,0.834892894051924,0.462988798178769,0.782391802490663,0.747466346669692,1.49790136411333,0.288851077414781
"295",207,3580,0.135265700483092,0.0531400966183575,0.811594202898551,0.0772946859903382,0.323671497584541,0.492753623188406,0.072463768115942,1.58695652173913,0.494174248496281,2.13987908640124,2.41450277499906,0.824261365666832,0.462160531453104,0.789863169007051,0.753495137245513,1.49850483729112,0.288473989281406
"296",207,3580,0.130434782608696,0.0483091787439614,0.821256038647343,0.0772946859903382,0.309178743961353,0.526570048309179,0.072463768115942,1.59398496240601,0.492944061995888,2.12385164096709,2.43634283912181,0.831643097762431,0.466989593140145,0.780210342151058,0.746343675965133,1.49231041187909,0.284007578463863
"297",206,3580,0.131067961165049,0.0533980582524272,0.815533980582524,0.0728155339805825,0.320388349514563,0.519417475728155,0.0825242718446602,1.61029411764706,0.48948641440909,2.13353890837022,2.41533718781945,0.830444540047636,0.456919569055201,0.779783253826552,0.740818408240871,1.50201013808775,0.283371267859557
"298",206,3580,0.131067961165049,0.0436893203883495,0.825242718446602,0.0776699029126214,0.320388349514563,0.514563106796116,0.0825242718446602,1.6044776119403,0.490797367439948,2.12710479836481,2.42407044431855,0.839258645727728,0.46326156689769,0.777117620019416,0.741730864231694,1.49166520442183,0.287194743331544
"299",207,3580,0.135265700483092,0.0483091787439614,0.816425120772947,0.0772946859903382,0.304347826086957,0.521739130434783,0.0821256038647343,1.56521739130435,0.49753438408312,2.13987908640124,2.43028700576878,0.83431637211432,0.46946398379528,0.782374428316119,0.749649467169535,1.49493184201328,0.283578957051763
"300",207,3580,0.130434782608696,0.0483091787439614,0.821256038647343,0.0628019323671498,0.51207729468599,0.29951690821256,0.0821256038647343,1.58088235294118,0.495238768583899,2.13353890837022,2.42137485591253,0.834286855428868,0.462919466100117,0.784148100416978,0.745185823314489,1.48905753618073,0.281327186036593
"301",206,3885,0.121359223300971,0.0533980582524272,0.825242718446602,0.0825242718446602,0.320388349514563,0.538834951456311,0.0825242718446602,1.60714285714286,0.490139145878712,2.14612803567824,2.43928440397478,0.905496211755903,0.433934145207598,0.79165911872426,0.739041623981162,1.43871078347334,0.317663083404704
"302",207,3885,0.1256038647343,0.0628019323671498,0.811594202898551,0.0821256038647343,0.318840579710145,0.531400966183575,0.0821256038647343,1.58,0.495211974137196,2.17609125905568,2.42443810887624,0.910036458418338,0.43716830277571,0.794979877319137,0.744977750869767,1.43642906100069,0.312245443722856
"303",207,3885,0.1256038647343,0.0531400966183575,0.821256038647343,0.0821256038647343,0.314009661835749,0.531400966183575,0.0821256038647343,1.63120567375887,0.484198122344422,2.14921911265538,2.43746666053684,0.911437882469394,0.435335858092231,0.794861823395976,0.743866535544053,1.43604252400549,0.315370945848076
"304",207,3885,0.1256038647343,0.0531400966183575,0.821256038647343,0.0821256038647343,0.318840579710145,0.531400966183575,0.0821256038647343,1.62676056338028,0.485377018476286,2.15228834438306,2.43625254678778,0.906937343667844,0.438905998441871,0.793903626251898,0.74494975740492,1.43825042881647,0.314288373228752
"305",206,3885,0.121359223300971,0.0485436893203883,0.830097087378641,0.0825242718446602,0.325242718446602,0.538834951456311,0.0825242718446602,1.60769230769231,0.490153493537679,2.11394335230684,2.44318117044427,0.90891129345758,0.434348449946824,0.79176834307935,0.739270925784094,1.43577430972389,0.318353618809182
"306",207,3885,0.1256038647343,0.0628019323671498,0.811594202898551,0.0821256038647343,0.323671497584541,0.531400966183575,0.0821256038647343,1.54794520547945,0.499409192751235,2.16435285578444,2.42871220510329,0.911899505789694,0.434200661544264,0.795600465181973,0.744679099658917,1.43832561331275,0.311818141455724
"307",207,3885,0.1256038647343,0.0676328502415459,0.806763285024155,0.0821256038647343,0.545893719806763,0.29951690821256,0.0821256038647343,1.51533742331288,0.501304818693349,2.21218760440396,2.40765445475054,0.909789931840135,0.437446480131615,0.793969293083324,0.744413012548949,1.43784340659341,0.313094811592879
"308",207,3885,0.1256038647343,0.0531400966183575,0.821256038647343,0.0821256038647343,0.314009661835749,0.536231884057971,0.0821256038647343,1.57664233576642,0.495904220727834,2.13672056715641,2.43635705995632,0.908012835854116,0.434560727902826,0.794332551425157,0.74302501687526,1.43536480686695,0.317108962551104
"309",207,3885,0.1256038647343,0.0483091787439614,0.826086956521739,0.0821256038647343,0.333333333333333,0.536231884057971,0.0821256038647343,1.625,0.486025176756251,2.10720996964787,2.43994159039064,0.908294885254951,0.436643257574407,0.795250897780109,0.745406852353354,1.4356554564173,0.315140031593288
"310",207,3885,0.1256038647343,0.0531400966183575,0.821256038647343,0.0821256038647343,0.333333333333333,0.536231884057971,0.0821256038647343,1.56028368794326,0.498122106748954,2.14921911265538,2.43565219619693,0.907087776056742,0.436069759998624,0.795084799424351,0.744884435229084,1.4363324764353,0.316925176264814
"311",207,3885,0.1256038647343,0.0579710144927536,0.816425120772947,0.0821256038647343,0.314009661835749,0.536231884057971,0.0821256038647343,1.56462585034014,0.497500976950708,2.16731733474818,2.42588308887912,0.906134907786068,0.435998019760716,0.793031931705072,0.742622621316809,1.43871078347334,0.314277550268674
"312",206,3885,0.12621359223301,0.058252427184466,0.815533980582524,0.0825242718446602,0.305825242718447,0.538834951456311,0.0825242718446602,1.54,0.500067109590263,2.17609125905568,2.43124019212266,0.912246529093051,0.431455996272572,0.792427738103878,0.738273646803381,1.436235858759,0.316987671899173
"313",207,3885,0.1256038647343,0.0579710144927536,0.816425120772947,0.0821256038647343,0.333333333333333,0.536231884057971,0.0821256038647343,1.55479452054795,0.498699300149668,2.16435285578444,2.42427652723307,0.910051738450324,0.432363678223324,0.79664824705191,0.744151500977999,1.43575227311717,0.319663357361056
"314",207,3885,0.1256038647343,0.0483091787439614,0.826086956521739,0.0821256038647343,0.333333333333333,0.536231884057971,0.0821256038647343,1.60769230769231,0.490153493537679,2.11394335230684,2.44273093997703,0.907236222299236,0.436045847897435,0.794008690575377,0.743791772438208,1.43679342240493,0.314810267034589
"315",207,3885,0.1256038647343,0.0483091787439614,0.826086956521739,0.0821256038647343,0.323671497584541,0.536231884057971,0.0821256038647343,1.62204724409449,0.502835355335798,2.10380372095596,2.44638781409344,0.906728102569531,0.436261009624477,0.794883686556393,0.74447370745452,1.43621399176955,0.315728510503492
"316",207,3885,0.1256038647343,0.0579710144927536,0.816425120772947,0.0821256038647343,0.314009661835749,0.526570048309179,0.0821256038647343,1.56028368794326,0.498122106748954,2.14921911265538,2.43566333019989,0.906918846293587,0.435766776430751,0.794686896458929,0.744212217211385,1.43880699348646,0.313272341299489
"317",207,3885,0.1256038647343,0.0579710144927536,0.816425120772947,0.0821256038647343,0.328502415458937,0.536231884057971,0.0821256038647343,1.56081081081081,0.497973462552113,2.17026171539496,2.42460549084727,0.907925545346585,0.436268976539462,0.794914293970759,0.744749106781696,1.43555860648704,0.318049920862062
"318",206,3885,0.12621359223301,0.0436893203883495,0.830097087378641,0.0825242718446602,0.567961165048544,0.300970873786408,0.0825242718446602,1.61788617886179,0.487891502371274,2.0899051114394,2.4493647027818,0.916535580344463,0.435096384289952,0.789607269443551,0.738240849512018,1.43118948824343,0.316225100188234
"319",206,3885,0.12621359223301,0.0485436893203883,0.825242718446602,0.0825242718446602,0.543689320388349,0.300970873786408,0.0825242718446602,1.59259259259259,0.493181815287015,2.13033376849501,2.4435978010021,0.912613852352122,0.433184204151153,0.791755236952315,0.738610905845019,1.43497680810857,0.318172721727866
"320",207,3885,0.1256038647343,0.0628019323671498,0.811594202898551,0.0821256038647343,0.323671497584541,0.536231884057971,0.0821256038647343,1.58064516129032,0.495053030636132,2.19033169817029,2.42336929519322,0.907906952987675,0.434520735263955,0.79514162645062,0.744202876574825,1.43575227311717,0.313714733019263
"321",207,3885,0.1256038647343,0.0676328502415459,0.806763285024155,0.0821256038647343,0.309178743961353,0.536231884057971,0.0821256038647343,1.49367088607595,0.501549642468576,2.19865708695442,2.41791003994128,0.911604309272683,0.43545560040516,0.794297545807508,0.743782426521579,1.436235858759,0.311733915432082
"322",207,3885,0.1256038647343,0.0579710144927536,0.816425120772947,0.0821256038647343,0.304347826086957,0.526570048309179,0.0821256038647343,1.54545454545455,0.499554168435642,2.18752072083646,2.44021604608684,0.911796121358213,0.434256691475244,0.794813722326144,0.74286127754429,1.436235858759,0.315660380299494
"323",207,3885,0.1256038647343,0.0531400966183575,0.821256038647343,0.0821256038647343,0.338164251207729,0.531400966183575,0.0821256038647343,1.61151079136691,0.489169532375476,2.14301480025409,2.43467616333603,0.91079435429444,0.434600716861513,0.794630036913183,0.744132818063365,1.4363324764353,0.316893773160563
"324",207,3885,0.1256038647343,0.0483091787439614,0.826086956521739,0.0821256038647343,0.342995169082126,0.531400966183575,0.0821256038647343,1.61538461538462,0.488386290505504,2.11394335230684,2.44585797516109,0.908982613559356,0.434032528353382,0.794756871853943,0.743399142776061,1.43594580689419,0.315443293355581
"325",206,3885,0.121359223300971,0.058252427184466,0.820388349514563,0.0825242718446602,0.300970873786408,0.538834951456311,0.0825242718446602,1.55862068965517,0.49827287912244,2.16136800223497,2.42849124642006,0.902276888427231,0.432248949263278,0.791711548295261,0.738367345322801,1.43613920795474,0.319538422943019
"326",207,3885,0.1256038647343,0.0531400966183575,0.821256038647343,0.0821256038647343,0.314009661835749,0.536231884057971,0.0821256038647343,1.62142857142857,0.486772621240463,2.14612803567824,2.4284357627546,0.912204009021645,0.434824587067862,0.793837953988467,0.742440067732621,1.43669693335618,0.315828498366811
"327",206,3885,0.121359223300971,0.0533980582524272,0.825242718446602,0.0825242718446602,0.325242718446602,0.538834951456311,0.0825242718446602,1.58823529411765,0.493972382423299,2.13353890837022,2.4361450270027,0.907202291109435,0.436477476591723,0.791073419133103,0.740612553519912,1.43611730406448,0.318246469878491
"328",207,3885,0.1256038647343,0.0531400966183575,0.821256038647343,0.0821256038647343,0.333333333333333,0.536231884057971,0.0821256038647343,1.59558823529412,0.492592183071889,2.13353890837022,2.43125553261021,0.906869561736076,0.436834256118382,0.793798548022484,0.744417681563531,1.43878600823045,0.314277851106954
"329",207,3885,0.1256038647343,0.0483091787439614,0.826086956521739,0.0821256038647343,0.565217391304348,0.29951690821256,0.0821256038647343,1.6171875,0.487983053629858,2.10720996964787,2.44262250552377,0.909235931170972,0.435567330197429,0.794420058720842,0.744235568289902,1.43487972508591,0.314254761536697
"330",206,3885,0.121359223300971,0.058252427184466,0.820388349514563,0.0825242718446602,0.325242718446602,0.529126213592233,0.0825242718446602,1.60130718954248,0.491237284301023,2.1846914308176,2.42700419576546,0.906917786547934,0.430765983683075,0.793500810796658,0.738887156136508,1.43849716932578,0.315757761580184
"331",206,3885,0.121359223300971,0.058252427184466,0.820388349514563,0.0825242718446602,0.305825242718447,0.533980582524272,0.0825242718446602,1.5625,0.497809888727298,2.15836249209525,2.43183655872551,0.907524624533458,0.432120893824248,0.792139593234674,0.738179936390638,1.436235858759,0.314066862977114
"332",207,3885,0.1256038647343,0.0579710144927536,0.816425120772947,0.0821256038647343,0.541062801932367,0.29951690821256,0.0821256038647343,1.56834532374101,0.525444735193404,2.14301480025409,2.43028365449621,0.906778993993394,0.43749414991845,0.793842332308385,0.744370990099836,1.43307359307359,0.313988665596368
"333",207,3885,0.1256038647343,0.0483091787439614,0.826086956521739,0.0821256038647343,0.338164251207729,0.526570048309179,0.0821256038647343,1.62698412698413,0.485536849009456,2.10037054511756,2.45234480108175,0.907904818685103,0.434656695222896,0.794778737901418,0.743618853966589,1.43853934510543,0.315268332219992
"334",207,3885,0.1256038647343,0.0628019323671498,0.811594202898551,0.0821256038647343,0.516908212560386,0.304347826086957,0.0821256038647343,1.51948051948052,0.501250452326876,2.18752072083646,2.43555223154562,0.911747242833802,0.435679031336618,0.794586296032366,0.743286924778629,1.43109112917171,0.313506513741394
"335",207,3885,0.1256038647343,0.0579710144927536,0.816425120772947,0.0821256038647343,0.314009661835749,0.526570048309179,0.0821256038647343,1.63157894736842,0.483971025982897,2.18184358794477,2.43479856209851,0.906675269650529,0.434416737172328,0.794490057617819,0.742987593923822,1.4363324764353,0.314138186051895
"336",206,3885,0.121359223300971,0.0533980582524272,0.825242718446602,0.0825242718446602,0.325242718446602,0.538834951456311,0.0825242718446602,1.60583941605839,0.490462930085335,2.13672056715641,2.43575758059234,0.902866526573717,0.435144081132437,0.791667857227221,0.739799452880033,1.43871078347334,0.316048031445203
"337",207,3885,0.1256038647343,0.0628019323671498,0.811594202898551,0.0821256038647343,0.323671497584541,0.536231884057971,0.0821256038647343,1.52702702702703,0.500964321050163,2.17026171539496,2.42013740410366,0.910661802780401,0.437803877015151,0.79500610914362,0.746124578644487,1.43861454046639,0.316490990242219
"338",207,3885,0.1256038647343,0.0531400966183575,0.821256038647343,0.0821256038647343,0.342995169082126,0.531400966183575,0.0821256038647343,1.62015503875969,0.487240290590991,2.11058971029925,2.44742792172192,0.908329524131664,0.438430602416139,0.794525054753679,0.745942882090032,1.43899931459904,0.314919590377343
"339",206,3885,0.121359223300971,0.058252427184466,0.820388349514563,0.0825242718446602,0.330097087378641,0.538834951456311,0.0825242718446602,1.55555555555556,0.498638394671177,2.15836249209525,2.43020506872927,0.901039153006039,0.434985071318449,0.792362259834743,0.741158792039967,1.43575227311717,0.314084686874948
"340",206,3885,0.121359223300971,0.058252427184466,0.820388349514563,0.0825242718446602,0.310679611650485,0.538834951456311,0.0825242718446602,1.56462585034014,0.497500976950708,2.16731733474818,2.43129399574215,0.90393683429617,0.433997910141189,0.791270157643368,0.73911650586119,1.43648208469055,0.313996391400723
"341",207,3885,0.1256038647343,0.0483091787439614,0.826086956521739,0.0821256038647343,0.555555555555556,0.29951690821256,0.0821256038647343,1.62903225806452,0.485023542056807,2.09342168516224,2.44055803643983,0.908193609838416,0.438731746377428,0.79338685762609,0.744599750296126,1.43089430894309,0.312609162885475
"342",207,3885,0.1256038647343,0.0531400966183575,0.821256038647343,0.0821256038647343,0.328502415458937,0.526570048309179,0.0821256038647343,1.62913907284768,0.484642741817587,2.17897694729317,2.29234874243392,0.904387132056296,0.435998019760716,0.795067313368356,0.744940426016206,1.42914137033825,0.315973922732538
"343",207,3885,0.1256038647343,0.0628019323671498,0.811594202898551,0.0821256038647343,0.314009661835749,0.531400966183575,0.0821256038647343,1.55625,0.498385759005887,2.20411998265592,2.42197996193489,0.910771427127573,0.434008504009041,0.795635413475005,0.743660918917066,1.43584905660377,0.316288822629244
"344",206,3885,0.121359223300971,0.0533980582524272,0.825242718446602,0.0825242718446602,0.315533980582524,0.538834951456311,0.0825242718446602,1.60714285714286,0.504603677683136,2.14612803567824,2.43560888503957,0.904300622977502,0.435159978918168,0.79151928955635,0.739518866059254,1.44213955083148,0.318379259032688
"345",207,3885,0.1256038647343,0.0531400966183575,0.821256038647343,0.0821256038647343,0.328502415458937,0.536231884057971,0.0821256038647343,1.61313868613139,0.488818731927854,2.13672056715641,2.4312962915584,0.912872015035673,0.435519449510568,0.794231906115909,0.743791772438208,1.43558071710413,0.313550292738227
"346",207,3885,0.1256038647343,0.0676328502415459,0.806763285024155,0.0821256038647343,0.314009661835749,0.536231884057971,0.0821256038647343,1.53658536585366,0.500187006776184,2.2148438480477,2.41017840158364,0.91446328547917,0.434960452048802,0.795320823552112,0.744548402084524,1.43604252400549,0.3161990721107
"347",207,3885,0.1256038647343,0.0579710144927536,0.816425120772947,0.0821256038647343,0.333333333333333,0.536231884057971,0.0821256038647343,1.5472972972973,0.499448123452133,2.17026171539496,2.42536728138833,0.907754429126012,0.431381829515112,0.795460656655432,0.742575816983853,1.43604252400549,0.316160452546803
"348",207,3885,0.1256038647343,0.0531400966183575,0.821256038647343,0.0821256038647343,0.560386473429952,0.29951690821256,0.0821256038647343,1.55147058823529,0.499182337964744,2.13353890837022,2.4357214340228,0.91102963270088,0.436037876905633,0.794433183983832,0.743880552789878,1.43109112917171,0.315429589809499
"349",207,3885,0.1256038647343,0.0579710144927536,0.816425120772947,0.0821256038647343,0.555555555555556,0.304347826086957,0.0821256038647343,1.58904109589041,0.493701471667917,2.16435285578444,2.42368265374375,0.911940828825604,0.437446480131615,0.793500750807178,0.744571742619692,1.43109112917171,0.314370794983912
"350",207,3885,0.1256038647343,0.0628019323671498,0.811594202898551,0.0821256038647343,0.309178743961353,0.531400966183575,0.0821256038647343,1.53658536585366,0.500187006776184,2.2148438480477,2.42343251545688,0.909944293727332,0.436802428827514,0.795469395408229,0.745224980806941,1.43851826444864,0.31836425625583
"351",207,3885,0.1256038647343,0.0579710144927536,0.816425120772947,0.0821256038647343,0.318840579710145,0.536231884057971,0.0821256038647343,1.61029411764706,0.48948641440909,2.13353890837022,2.43343654776759,0.907065191213754,0.435790703844761,0.794826841088425,0.744562406493427,1.43711446196025,0.310037858642522
"352",207,3885,0.1256038647343,0.0579710144927536,0.816425120772947,0.0821256038647343,0.536231884057971,0.29951690821256,0.0821256038647343,1.57142857142857,0.51092886414233,2.14612803567824,2.43362116100943,0.908328851948019,0.434488738502441,0.793859845346583,0.742323022591437,1.43811158798283,0.311537610025128
"353",207,3885,0.1256038647343,0.0531400966183575,0.821256038647343,0.0821256038647343,0.338164251207729,0.536231884057971,0.0821256038647343,1.56338028169014,0.497722311887135,2.15228834438306,2.43646359211786,0.910240026147937,0.437716540280423,0.795696569294251,0.746241027525923,1.43880699348646,0.318530919728347
"354",207,3885,0.1256038647343,0.0628019323671498,0.811594202898551,0.0821256038647343,0.531400966183575,0.29951690821256,0.0821256038647343,1.52258064516129,0.513903875378899,2.19033169817029,2.42856943851278,0.908250784967283,0.438406819082818,0.793435045197927,0.744324295707185,1.43524562006183,0.313271468033936
"355",207,3885,0.1256038647343,0.0531400966183575,0.821256038647343,0.0821256038647343,0.323671497584541,0.531400966183575,0.0821256038647343,1.58823529411765,0.493972382423299,2.13353890837022,2.43282111628885,0.906587143743186,0.437112646060767,0.795010481030218,0.745565370836695,1.43555860648704,0.317778590525366
"356",206,3885,0.121359223300971,0.0533980582524272,0.825242718446602,0.0825242718446602,0.320388349514563,0.533980582524272,0.0825242718446602,1.57042253521127,0.496768098414177,2.15228834438306,2.44023862783876,0.907206898050128,0.431079033234124,0.792436468130977,0.737758092231892,1.43890317052271,0.316949978600342
"357",207,3885,0.1256038647343,0.0579710144927536,0.816425120772947,0.0821256038647343,0.314009661835749,0.536231884057971,0.0821256038647343,1.60810810810811,0.489830390403028,2.17026171539496,2.42578590269921,0.905149406171028,0.436364568173729,0.792532137058587,0.742781733988507,1.43652561247216,0.311756777042116
"358",206,3885,0.12621359223301,0.0436893203883495,0.830097087378641,0.0825242718446602,0.325242718446602,0.538834951456311,0.0825242718446602,1.640625,0.481702606983607,2.10720996964787,2.44748591369672,0.91327191777303,0.433327910355745,0.790946606162929,0.738292387458586,1.43688987840384,0.313194479618906
"359",206,3885,0.121359223300971,0.058252427184466,0.820388349514563,0.0825242718446602,0.543689320388349,0.305825242718447,0.0825242718446602,1.62857142857143,0.484921667528099,2.14612803567824,2.42083280118524,0.905342257065946,0.434849867260461,0.789856925854885,0.738503187059692,1.43128781331029,0.312630618401311
"360",207,3885,0.1256038647343,0.0579710144927536,0.816425120772947,0.0821256038647343,0.318840579710145,0.536231884057971,0.0821256038647343,1.59210526315789,0.493068015913106,2.18184358794477,2.43026650238069,0.907936486071653,0.435926267716542,0.795333933949931,0.744567074571193,1.43811158798283,0.313538198536654
"361",207,3885,0.1256038647343,0.0483091787439614,0.826086956521739,0.0821256038647343,0.323671497584541,0.526570048309179,0.0821256038647343,1.62015503875969,0.487240290590991,2.11058971029925,2.44663443373536,0.907658272851097,0.433343302310996,0.795962979096477,0.743983337856328,1.43594580689419,0.316658675182731
"362",206,3885,0.121359223300971,0.0533980582524272,0.825242718446602,0.0825242718446602,0.330097087378641,0.533980582524272,0.0825242718446602,1.57553956834532,0.496048403233532,2.14301480025409,2.4417445724969,0.905704808044156,0.431928739481242,0.793025522778406,0.739621760252976,1.43577430972389,0.316198574421091
"363",207,3885,0.1256038647343,0.0579710144927536,0.816425120772947,0.0821256038647343,0.314009661835749,0.531400966183575,0.0821256038647343,1.60897435897436,0.489551709993593,2.19312459835446,2.41735983558433,0.917578681088892,0.433070515046078,0.796080869725001,0.742950169087362,1.4382292381606,0.317949712181861
"364",207,3885,0.1256038647343,0.0531400966183575,0.821256038647343,0.0821256038647343,0.318840579710145,0.536231884057971,0.0821256038647343,1.57446808510638,0.496186061777974,2.14921911265538,2.43405873883754,0.911199293558726,0.434160635737937,0.794411308425039,0.742416660180598,1.43613920795474,0.314971019187751
"365",207,3885,0.1256038647343,0.0531400966183575,0.821256038647343,0.0821256038647343,0.318840579710145,0.536231884057971,0.0821256038647343,1.60902255639098,0.489814226784076,2.12385164096709,2.43261540614118,0.911377856049229,0.43630084274463,0.794188143307552,0.74438499784646,1.43594580689419,0.317051171393396
"366",207,3885,0.1256038647343,0.0579710144927536,0.816425120772947,0.0821256038647343,0.323671497584541,0.536231884057971,0.0821256038647343,1.5625,0.497809888727298,2.15836249209525,2.42902650319607,0.908340686311642,0.436953587812046,0.793465708492677,0.744235568289902,1.43594580689419,0.312783207956705
"367",207,3885,0.1256038647343,0.0531400966183575,0.821256038647343,0.0821256038647343,0.323671497584541,0.526570048309179,0.0821256038647343,1.59701492537313,0.492338336278563,2.12710479836481,2.44454467176929,0.913336900044251,0.433816261358256,0.796011010719433,0.744006696118355,1.43682496142637,0.314144572293555
"368",207,3885,0.1256038647343,0.0628019323671498,0.811594202898551,0.0821256038647343,0.323671497584541,0.536231884057971,0.0821256038647343,1.53741496598639,0.500302769201186,2.16731733474818,2.42038471364202,0.909352209420608,0.436316774974464,0.795150368709579,0.7452156528645,1.43851826444864,0.313267427607374
"369",207,3885,0.1256038647343,0.0483091787439614,0.826086956521739,0.0821256038647343,0.545893719806763,0.29951690821256,0.0821256038647343,1.62698412698413,0.485536849009456,2.10037054511756,2.44293961317006,0.911243528175995,0.43548752612802,0.79510228509579,0.74407676650482,1.43497680810857,0.316669922786519
"370",206,3885,0.12621359223301,0.0533980582524272,0.820388349514563,0.0825242718446602,0.315533980582524,0.538834951456311,0.0825242718446602,1.62937062937063,0.484670959653342,2.15533603746506,2.42576000855518,0.910170505367293,0.434754403786361,0.79071041747218,0.738863749100487,1.43602058319039,0.314161918668759
"371",207,3885,0.1256038647343,0.0628019323671498,0.811594202898551,0.0821256038647343,0.555555555555556,0.29951690821256,0.0821256038647343,1.53691275167785,0.500317330826632,2.17318626841227,2.4239442382993,0.906558054170713,0.438192710994079,0.794551301593965,0.746105945136834,1.43517087411987,0.311772459829077
"372",207,3885,0.1256038647343,0.0483091787439614,0.826086956521739,0.0821256038647343,0.338164251207729,0.531400966183575,0.0821256038647343,1.625,0.486025176756251,2.10720996964787,2.44397443702504,0.908366136215574,0.435671053633579,0.795264009330696,0.744707103297761,1.43575227311717,0.314892858513091
"373",206,3885,0.121359223300971,0.058252427184466,0.820388349514563,0.0825242718446602,0.320388349514563,0.538834951456311,0.0825242718446602,1.5886524822695,0.493832273229565,2.14921911265538,2.43124674890621,0.906707851562545,0.432032833692527,0.79216142606079,0.738395452560106,1.43613920795474,0.314295398671637
"374",206,3885,0.121359223300971,0.0485436893203883,0.830097087378641,0.0825242718446602,0.349514563106796,0.529126213592233,0.0825242718446602,1.6328125,0.483932281167423,2.10720996964787,2.45129077503646,0.905741991221729,0.434770315821012,0.793186891007483,0.74145741891029,1.43594580689419,0.314406215480634
"375",206,3885,0.121359223300971,0.058252427184466,0.820388349514563,0.0825242718446602,0.330097087378641,0.538834951456311,0.0825242718446602,1.55862068965517,0.49827287912244,2.16136800223497,2.42263826064541,0.904431690896221,0.435700158487419,0.791230813854817,0.740220133688379,1.43517087411987,0.319479498789775
"376",207,3885,0.1256038647343,0.0531400966183575,0.821256038647343,0.0821256038647343,0.342995169082126,0.536231884057971,0.0821256038647343,1.59259259259259,0.493181815287015,2.13033376849501,2.4317209384047,0.912164572530709,0.434688679621375,0.794923038729834,0.74407676650482,1.436235858759,0.31794828020008
"377",207,3885,0.1256038647343,0.0579710144927536,0.816425120772947,0.0821256038647343,0.541062801932367,0.304347826086957,0.0821256038647343,1.6056338028169,0.518559741374211,2.15228834438306,2.42228476190832,0.909533514850184,0.436874036971307,0.794533803796779,0.744193535821026,1.43177083333333,0.318457808117294
"378",207,3885,0.1256038647343,0.0483091787439614,0.826086956521739,0.0821256038647343,0.333333333333333,0.531400966183575,0.0821256038647343,1.63846153846154,0.498118104264505,2.11394335230684,2.44891994242667,0.91061374142059,0.435870452404984,0.794433183983832,0.743614179936317,1.44117143346463,0.315778126577507
"379",207,3885,0.1256038647343,0.0579710144927536,0.816425120772947,0.0821256038647343,0.550724637681159,0.29951690821256,0.0821256038647343,1.56834532374101,0.497098242298331,2.14301480025409,2.43312640583941,0.905664721971654,0.436284909932984,0.795246527215208,0.745327580468866,1.43502921966311,0.312760816270497
"380",206,3885,0.121359223300971,0.0485436893203883,0.830097087378641,0.0825242718446602,0.548543689320388,0.300970873786408,0.0825242718446602,1.61240310077519,0.489101176895241,2.11058971029925,2.44754106948602,0.901651263985224,0.433591248028017,0.792484481560976,0.739874258061015,1.43507385778083,0.31543371638294
"381",207,3885,0.1256038647343,0.0579710144927536,0.816425120772947,0.0821256038647343,0.328502415458937,0.536231884057971,0.0821256038647343,1.56551724137931,0.497407069816512,2.16136800223497,2.42785054187523,0.908723789116166,0.437239850999181,0.79381168356183,0.744529729129558,1.43652561247216,0.314025873819193
"382",207,3885,0.1256038647343,0.0579710144927536,0.816425120772947,0.0821256038647343,0.323671497584541,0.536231884057971,0.0821256038647343,1.58552631578947,0.494259482851858,2.18184358794477,2.41763021710552,0.907495134850917,0.434000495598731,0.795207191050142,0.743674940038481,1.43650385604113,0.313544044767453
"383",206,3885,0.12621359223301,0.0533980582524272,0.820388349514563,0.0825242718446602,0.320388349514563,0.524271844660194,0.0825242718446602,1.57446808510638,0.496186061777974,2.14921911265538,2.45093588473051,0.914309282109044,0.433136291487639,0.790561669872805,0.73788935848011,1.43642906100069,0.314601038595665
"384",207,3885,0.1256038647343,0.0628019323671498,0.811594202898551,0.0821256038647343,0.314009661835749,0.531400966183575,0.0821256038647343,1.5,0.501569862575519,2.20411998265592,2.42151200307499,0.907673817630282,0.434800606487701,0.795438809353419,0.744305617129894,1.43584905660377,0.318693435366433
"385",206,3885,0.12621359223301,0.0485436893203883,0.825242718446602,0.0825242718446602,0.339805825242718,0.529126213592233,0.0825242718446602,1.63309352517986,0.483703779458173,2.14301480025409,2.44213484528737,0.912041224237859,0.433535401888193,0.792200723631498,0.739486123995189,1.43803638860281,0.315369494949773
"386",206,3885,0.12621359223301,0.0436893203883495,0.830097087378641,0.0825242718446602,0.320388349514563,0.524271844660194,0.0825242718446602,1.61971830985915,0.487174431985199,2.15228834438306,2.31068663526749,0.913558360675917,0.434595251397157,0.79140128947897,0.738624954963208,1.42872026393471,0.318257596268424
"387",206,3885,0.12621359223301,0.0485436893203883,0.825242718446602,0.0825242718446602,0.349514563106796,0.533980582524272,0.0825242718446602,1.6171875,0.487983053629858,2.10720996964787,2.44638223563435,0.910690771173235,0.431455996272572,0.79212212654051,0.738432927212292,1.43517087411987,0.314602890059446
"388",207,3885,0.1256038647343,0.0483091787439614,0.826086956521739,0.0821256038647343,0.541062801932367,0.29951690821256,0.0821256038647343,1.61788617886179,0.487891502371274,2.0899051114394,2.45441286703176,0.910967373561235,0.436468102152175,0.794901176651769,0.744520392476453,1.43022853185596,0.315736737583469
"389",206,3885,0.12621359223301,0.0436893203883495,0.830097087378641,0.0825242718446602,0.339805825242718,0.538834951456311,0.0825242718446602,1.62992125984252,0.484737690582666,2.10380372095596,2.45082680614673,0.915291728382578,0.432392966300815,0.792056623006873,0.738760749331394,1.43686825424019,0.315381492203155
"390",206,3885,0.121359223300971,0.0485436893203883,0.830097087378641,0.0825242718446602,0.325242718446602,0.538834951456311,0.0825242718446602,1.61240310077519,0.489101176895241,2.11058971029925,2.44252016431523,0.902645410154125,0.433950087319402,0.792449562991297,0.739935031702025,1.43561126373626,0.31569871230853
"391",207,3885,0.1256038647343,0.0483091787439614,0.826086956521739,0.0821256038647343,0.338164251207729,0.531400966183575,0.0821256038647343,1.60839160839161,0.48982556589005,2.15533603746506,2.30363709414355,0.908379603118739,0.436468102152175,0.794616914901755,0.744492381814591,1.43221220527046,0.316925789378758
"392",207,3885,0.1256038647343,0.0531400966183575,0.821256038647343,0.0821256038647343,0.560386473429952,0.29951690821256,0.0821256038647343,1.61111111111111,0.489444129146071,2.10037054511756,2.4341423209258,0.908077110874935,0.439064349398447,0.792944271219266,0.744982416344975,1.43069735248313,0.314233456491557
"393",206,3885,0.121359223300971,0.0631067961165049,0.815533980582524,0.0825242718446602,0.325242718446602,0.533980582524272,0.0825242718446602,1.58278145695364,0.494740550107357,2.17897694729317,2.42663847198156,0.901967100551337,0.433112333168271,0.792811768356781,0.740285551439386,1.43555860648704,0.313482155824862
"394",207,3885,0.1256038647343,0.0531400966183575,0.821256038647343,0.0821256038647343,0.545893719806763,0.29951690821256,0.0821256038647343,1.61068702290076,0.489466256933461,2.11727129565576,2.44130253493138,0.906556139252234,0.436491991121241,0.794914293970759,0.745047729930302,1.43497680810857,0.314710796083478
"395",207,3885,0.1256038647343,0.0579710144927536,0.816425120772947,0.0821256038647343,0.323671497584541,0.536231884057971,0.0821256038647343,1.57241379310345,0.496443288500628,2.16136800223497,2.42771986779091,0.91107264616477,0.436364568173729,0.793040697220717,0.742945490850249,1.43507385778083,0.315444554233019
"396",206,3885,0.12621359223301,0.0485436893203883,0.825242718446602,0.0825242718446602,0.320388349514563,0.538834951456311,0.0825242718446602,1.59712230215827,0.492250443805331,2.14301480025409,2.43935979513175,0.913703180795854,0.434332522456862,0.791222070525013,0.738681148763936,1.43613920795474,0.317170710503681
"397",207,3885,0.1256038647343,0.0483091787439614,0.826086956521739,0.0821256038647343,0.57487922705314,0.29951690821256,0.0821256038647343,1.640625,0.49778050692134,2.10720996964787,2.44138856743737,0.911645818111042,0.43661141636048,0.794170637508975,0.74440367443193,1.43505154639175,0.315342460478505
"398",206,3885,0.121359223300971,0.0533980582524272,0.825242718446602,0.0825242718446602,0.310679611650485,0.533980582524272,0.0825242718446602,1.58955223880597,0.493760871275225,2.12710479836481,2.44218786043613,0.909085235936051,0.437277144267793,0.791274529054673,0.74067793661183,1.43899931459904,0.316816963958161
"399",207,3885,0.1256038647343,0.0531400966183575,0.821256038647343,0.0821256038647343,0.328502415458937,0.536231884057971,0.0821256038647343,1.59859154929577,0.506130630335233,2.15228834438306,2.43702765207464,0.911450386745112,0.435519449510568,0.79463441086884,0.743590809344263,1.43888222184125,0.314053477426084
"400",207,3885,0.1256038647343,0.0531400966183575,0.821256038647343,0.0821256038647343,0.328502415458937,0.536231884057971,0.0821256038647343,1.59398496240601,0.492944061995888,2.12385164096709,2.43557801372895,0.908273129387444,0.436197269066185,0.794839959634183,0.744627756919107,1.43543956043956,0.316996588397109
"401",206,3608,0.121359223300971,0.0533980582524272,0.825242718446602,0.0825242718446602,0.296116504854369,0.538834951456311,0.0825242718446602,1.56521739130435,0.49753438408312,2.13987908640124,2.44167959294736,0.814427392813845,0.462386108550473,0.794686031481546,0.768947457183003,1.48141715873567,0.313699115525437
"402",207,3608,0.1256038647343,0.0676328502415459,0.806763285024155,0.0821256038647343,0.285024154589372,0.536231884057971,0.0821256038647343,1.52727272727273,0.500775451889445,2.21748394421391,2.41370798170318,0.82010172582293,0.460719633089193,0.797610935889248,0.771544069080082,1.47546442341395,0.317992393626915
"403",207,3608,0.1256038647343,0.072463768115942,0.801932367149758,0.0821256038647343,0.280193236714976,0.536231884057971,0.0821256038647343,1.53631284916201,0.500078457217762,2.25285303097989,2.40112357188354,0.823318936929414,0.466970476628251,0.794221390433251,0.77247384936015,1.47997201329369,0.316229262179913
"404",206,3608,0.121359223300971,0.0631067961165049,0.815533980582524,0.0825242718446602,0.286407766990291,0.538834951456311,0.0825242718446602,1.53333333333333,0.500406338953695,2.21748394421391,2.4256861818485,0.815608827689551,0.464282985720904,0.788765539034297,0.765594724156698,1.47663877266388,0.318103639323601
"405",207,3608,0.1256038647343,0.0628019323671498,0.811594202898551,0.0821256038647343,0.289855072463768,0.536231884057971,0.0821256038647343,1.53503184713376,0.500367331995182,2.19589965240923,2.42637532931111,0.825237952675656,0.466400177828203,0.796573818600252,0.774913117722861,1.47397020157756,0.316394336770305
"406",207,3608,0.1256038647343,0.0579710144927536,0.816425120772947,0.0821256038647343,0.294685990338164,0.536231884057971,0.0821256038647343,1.54109589041096,0.500023617770023,2.16435285578444,2.43403101215291,0.815696074263647,0.471200044367759,0.796128202569833,0.777801109310701,1.47245762711864,0.317955125925612
"407",206,3608,0.121359223300971,0.0776699029126214,0.800970873786408,0.0825242718446602,0.271844660194175,0.538834951456311,0.0825242718446602,1.52906976744186,0.500611621023762,2.23552844690755,2.40071913358672,0.826571034355887,0.456692142408086,0.790473237750731,0.762243039028942,1.48270467582131,0.312893159548625
"408",206,3608,0.121359223300971,0.0776699029126214,0.800970873786408,0.0825242718446602,0.271844660194175,0.538834951456311,0.0825242718446602,1.51445086705202,0.501241904373353,2.2380461031288,2.40246618251819,0.823559169163907,0.45123767111224,0.793650099550861,0.760186925656734,1.47979002624672,0.316374706142772
"409",207,3608,0.1256038647343,0.0579710144927536,0.816425120772947,0.0821256038647343,0.294685990338164,0.536231884057971,0.0821256038647343,1.55704697986577,0.498410315275049,2.17318626841227,2.42917561583901,0.819319286261915,0.46241455447524,0.793870972762878,0.770204889044294,1.48183556405354,0.318221442112086
"410",205,3608,0.117073170731707,0.0780487804878049,0.804878048780488,0.0829268292682927,0.268292682926829,0.541463414634146,0.0829268292682927,1.49714285714286,0.501426536422407,2.24303804868629,2.41178235606406,0.823240357358976,0.454888713266845,0.793667139578374,0.761996225230838,1.47639936831023,0.312277206171932
"411",207,3608,0.1256038647343,0.0821256038647343,0.792270531400966,0.0821256038647343,0.270531400966184,0.536231884057971,0.0821256038647343,1.50581395348837,0.50142595522778,2.23552844690755,2.39735420782768,0.828106084456964,0.457116907554699,0.799297795872927,0.770712586536694,1.47155187599084,0.319619520558641
"412",207,3608,0.1256038647343,0.0821256038647343,0.792270531400966,0.0821256038647343,0.270531400966184,0.536231884057971,0.0821256038647343,1.47513812154696,0.500766754015842,2.25767857486918,2.39495277928423,0.824183530874059,0.457460826933314,0.79838410155305,0.770811993272127,1.47964354359602,0.315740536589282
"413",205,3608,0.117073170731707,0.0634146341463415,0.819512195121951,0.0829268292682927,0.282926829268293,0.541463414634146,0.0829268292682927,1.54666666666667,0.499485193587333,2.17609125905568,2.4242624503443,0.827017540821329,0.456938553585931,0.790955242278711,0.761681685994868,1.471870604782,0.318393608363709
"414",206,3608,0.121359223300971,0.0728155339805825,0.805825242718447,0.0825242718446602,0.276699029126214,0.538834951456311,0.0825242718446602,1.53977272727273,0.511142087649054,2.24551266781415,2.41355971062256,0.816821526140353,0.460664400548801,0.792172189142699,0.766914551746552,1.47322212467076,0.320341627805854
"415",207,3608,0.1256038647343,0.0579710144927536,0.816425120772947,0.0821256038647343,0.294685990338164,0.536231884057971,0.0821256038647343,1.52,0.501273545866162,2.17609125905568,2.42734456890958,0.825291732244628,0.468169288237614,0.791576741030119,0.770555602423325,1.47234416154522,0.31319258545516
"416",207,3608,0.130434782608696,0.0628019323671498,0.806763285024155,0.0821256038647343,0.289855072463768,0.536231884057971,0.0821256038647343,1.5952380952381,0.492313312902486,2.22530928172586,2.40579228515969,0.824946458946776,0.469201769955468,0.795043503193571,0.773485932530116,1.47469582084288,0.311664150651593
"417",207,3608,0.130434782608696,0.0772946859903382,0.792270531400966,0.0821256038647343,0.27536231884058,0.536231884057971,0.0821256038647343,1.54802259887006,0.510357539052974,2.24797326636181,2.40438130133928,0.827985950067721,0.462004499926534,0.795408613895125,0.772364214416497,1.47742722677358,0.318139742712275
"418",207,3608,0.1256038647343,0.0772946859903382,0.797101449275362,0.0821256038647343,0.27536231884058,0.536231884057971,0.0821256038647343,1.55376344086022,0.498442794524067,2.26951294421792,2.39686908364874,0.819166610651538,0.468530915647051,0.791138504748413,0.771057839082333,1.47424667133847,0.312224896805684
"419",207,3608,0.1256038647343,0.0628019323671498,0.811594202898551,0.0821256038647343,0.289855072463768,0.536231884057971,0.0821256038647343,1.54966887417219,0.499182554741306,2.17897694729317,2.42514655950651,0.822817388878446,0.472533221939724,0.791520701084832,0.77352763948938,1.48015320334262,0.309308246039043
"420",207,3608,0.130434782608696,0.0869565217391304,0.782608695652174,0.0821256038647343,0.265700483091787,0.536231884057971,0.0821256038647343,1.52525252525253,0.500627714470672,2.29666519026153,2.38720778389056,0.825665091893144,0.460999636921717,0.795190581833318,0.770880001021038,1.47925056907722,0.315228251693629
"421",206,3608,0.12621359223301,0.0631067961165049,0.810679611650486,0.0825242718446602,0.286407766990291,0.538834951456311,0.0825242718446602,1.53061224489796,0.500768210523545,2.16731733474818,2.41906658787673,0.818737311192468,0.465844894572827,0.788877465739209,0.767369679380005,1.47790535838553,0.32310496107344
"422",206,3608,0.121359223300971,0.0631067961165049,0.815533980582524,0.0825242718446602,0.286407766990291,0.538834951456311,0.0825242718446602,1.55483870967742,0.498594589547056,2.19033169817029,2.42469551212759,0.815140664077406,0.460977916662726,0.796779038860037,0.770610542013573,1.47978389682816,0.323184150659328
"423",207,3608,0.1256038647343,0.0772946859903382,0.797101449275362,0.0821256038647343,0.27536231884058,0.536231884057971,0.0821256038647343,1.48333333333333,0.501116072817221,2.25527250510331,2.40041260508787,0.820759866450868,0.461209528238566,0.797651381420575,0.772009099194413,1.48089614449462,0.310835778436878
"424",207,3608,0.1256038647343,0.072463768115942,0.801932367149758,0.0821256038647343,0.280193236714976,0.536231884057971,0.0821256038647343,1.53038674033149,0.500460193378592,2.25767857486918,2.40417624373219,0.825796216121319,0.460483247421384,0.798762830984854,0.771868052247839,1.47632409680814,0.31179382239675
"425",207,3608,0.1256038647343,0.0628019323671498,0.811594202898551,0.0821256038647343,0.289855072463768,0.536231884057971,0.0821256038647343,1.53614457831325,0.500200762907107,2.22010808804005,2.4247273175569,0.827183091171533,0.464259661008034,0.795560693900014,0.771988204976576,1.47699332630839,0.31593085364781
"426",206,3608,0.121359223300971,0.0776699029126214,0.800970873786408,0.0825242718446602,0.271844660194175,0.538834951456311,0.0825242718446602,1.51724137931034,0.501144792698631,2.2405492482826,2.40126531696036,0.819288207149769,0.460123955372923,0.794585024406409,0.768482819583465,1.4752422907489,0.321069505729787
"427",206,3608,0.121359223300971,0.087378640776699,0.79126213592233,0.0825242718446602,0.262135922330097,0.538834951456311,0.0825242718446602,1.56372549019608,0.50695443692747,2.3096301674259,2.38549676327063,0.832345075782543,0.452507688686759,0.793265703000867,0.762411499612648,1.48505906879778,0.314422113960032
"428",207,3608,0.1256038647343,0.0772946859903382,0.797101449275362,0.0821256038647343,0.27536231884058,0.536231884057971,0.0821256038647343,1.53888888888889,0.499875838090959,2.25527250510331,2.39821271679466,0.828674431437458,0.463833849878509,0.794581803816309,0.771585881003975,1.48515882659261,0.319480488729547
"429",206,3608,0.121359223300971,0.0679611650485437,0.810679611650486,0.0825242718446602,0.281553398058252,0.538834951456311,0.0825242718446602,1.525,0.500942507905263,2.20411998265592,2.41915947870101,0.818911630033412,0.462446859701506,0.790752420519693,0.766186832773163,1.47825327510917,0.317676050126562
"430",207,3608,0.1256038647343,0.0628019323671498,0.811594202898551,0.0821256038647343,0.289855072463768,0.536231884057971,0.0821256038647343,1.55414012738854,0.498650800925945,2.19589965240923,2.42288522384172,0.823028166193703,0.465283484567975,0.793977637990866,0.771956862589442,1.4786250218112,0.319018570966009
"431",207,3608,0.1256038647343,0.0869565217391304,0.78743961352657,0.0821256038647343,0.265700483091787,0.536231884057971,0.0821256038647343,1.5049504950495,0.501217669048012,2.30535136944662,2.38126975781448,0.82303581642479,0.458543806109026,0.797757541184179,0.770832919372391,1.47384076990376,0.314140076411308
"432",207,3608,0.1256038647343,0.0579710144927536,0.816425120772947,0.0821256038647343,0.294685990338164,0.536231884057971,0.0821256038647343,1.55405405405405,0.498757419037228,2.17026171539496,2.42675534315979,0.817999873425092,0.463085561261427,0.793464497677868,0.769964008265042,1.4766748509295,0.31725620192609
"433",207,3608,0.1256038647343,0.0676328502415459,0.806763285024155,0.0821256038647343,0.285024154589372,0.536231884057971,0.0821256038647343,1.54777070063694,0.4993054133521,2.19589965240923,2.40722793702365,0.820655900047539,0.462693532609491,0.793713488370563,0.770016380061882,1.48099058249041,0.317850877137475
"434",207,3608,0.1256038647343,0.0917874396135266,0.782608695652174,0.0821256038647343,0.260869565217391,0.536231884057971,0.0821256038647343,1.5,0.530183484619414,2.30535136944662,2.38455428039963,0.8228278995898,0.463172633678682,0.794196003044405,0.770414289371554,1.47163495419309,0.309728810620686
"435",207,3608,0.1256038647343,0.0676328502415459,0.806763285024155,0.0821256038647343,0.285024154589372,0.536231884057971,0.0821256038647343,1.50299401197605,0.501494771645751,2.22271647114758,2.41514828558849,0.827918662128864,0.469682818031003,0.791179281154141,0.770775371229598,1.48323197219809,0.312933063964933
"436",207,3608,0.1256038647343,0.072463768115942,0.801932367149758,0.0821256038647343,0.280193236714976,0.536231884057971,0.0821256038647343,1.49431818181818,0.501394160213403,2.24551266781415,2.40734343635699,0.820372665128634,0.464016388209721,0.794256931414357,0.771308834775338,1.47271451131778,0.31581105072214
"437",206,3608,0.121359223300971,0.0485436893203883,0.830097087378641,0.0825242718446602,0.300970873786408,0.538834951456311,0.0825242718446602,1.59090909090909,0.493539103450053,2.12057393120585,2.44619623059812,0.815871125113899,0.470098447986455,0.791061944351811,0.770282380336226,1.47229551451187,0.320743390419317
"438",206,3608,0.121359223300971,0.0679611650485437,0.810679611650486,0.0825242718446602,0.281553398058252,0.538834951456311,0.0825242718446602,1.56213017751479,0.509420966439528,2.22788670461367,2.41607440343386,0.818614821281398,0.46079505818607,0.790940178936765,0.765033632518503,1.47663877266388,0.320113860269422
"439",207,3608,0.130434782608696,0.072463768115942,0.797101449275362,0.0821256038647343,0.280193236714976,0.536231884057971,0.0821256038647343,1.55232558139535,0.498706336771368,2.23552844690755,2.40562504099171,0.827256258734772,0.464849936335951,0.792152194557503,0.770314831313671,1.48007689619014,0.313749410803959
"440",207,3608,0.1256038647343,0.0579710144927536,0.816425120772947,0.0821256038647343,0.294685990338164,0.536231884057971,0.0821256038647343,1.5531914893617,0.498935036064582,2.14921911265538,2.43165451966208,0.82279949182508,0.468289861736258,0.793332348433555,0.773214782459439,1.48014693020815,0.315245523980195
"441",207,3608,0.130434782608696,0.0821256038647343,0.78743961352657,0.0821256038647343,0.270531400966184,0.536231884057971,0.0821256038647343,1.5,0.501349530119807,2.26951294421792,2.38940893569111,0.825037167893267,0.464954024780495,0.793078153381443,0.77144998396564,1.47656523259881,0.317165865674529
"442",205,3608,0.117073170731707,0.0682926829268293,0.814634146341463,0.0829268292682927,0.278048780487805,0.541463414634146,0.0829268292682927,1.55294117647059,0.498658136750741,2.23044892137827,2.40978315093577,0.815861112956375,0.454669166818073,0.790813848046016,0.760632282485948,1.47851903597625,0.321242387368421
"443",206,3608,0.121359223300971,0.0679611650485437,0.810679611650486,0.0825242718446602,0.281553398058252,0.538834951456311,0.0825242718446602,1.51875,0.501217072194393,2.20411998265592,2.41834637120299,0.820343312238376,0.463755411381907,0.793376994839472,0.769109231332382,1.47801047120419,0.318526742445626
"444",206,3608,0.121359223300971,0.0776699029126214,0.800970873786408,0.0825242718446602,0.271844660194175,0.538834951456311,0.0825242718446602,1.55050505050505,0.50878051421953,2.29666519026153,2.4033166524301,0.819086207060641,0.458805046582757,0.793382053188474,0.76626015950827,1.4811320754717,0.324733100803663
"445",206,3608,0.121359223300971,0.0631067961165049,0.815533980582524,0.0825242718446602,0.286407766990291,0.538834951456311,0.0825242718446602,1.55696202531646,0.535297653802604,2.19865708695442,2.4252941357886,0.814634232933478,0.463365832187539,0.792714072048207,0.768226887920236,1.48104347826087,0.318099345880508
"446",206,3608,0.121359223300971,0.0679611650485437,0.810679611650486,0.0825242718446602,0.281553398058252,0.538834951456311,0.0825242718446602,1.51533742331288,0.501304818693349,2.21218760440396,2.41255733251577,0.816866978899597,0.462975925175057,0.790102533715489,0.765940613106345,1.47407147862649,0.317291218812803
"447",207,3608,0.1256038647343,0.0676328502415459,0.806763285024155,0.0821256038647343,0.285024154589372,0.536231884057971,0.0821256038647343,1.55487804878049,0.498501420277069,2.2148438480477,2.41050754981853,0.817891069844884,0.467462447497786,0.790700025579389,0.769717813088278,1.47473334499038,0.315101639520937
"448",207,3608,0.1256038647343,0.0772946859903382,0.797101449275362,0.0821256038647343,0.27536231884058,0.536231884057971,0.0821256038647343,1.50793650793651,0.501264864151101,2.27646180417324,2.40293794446597,0.821192626495346,0.462859096318434,0.795788759413472,0.771031688998772,1.47010054683366,0.316193671589894
"449",206,3608,0.121359223300971,0.0776699029126214,0.800970873786408,0.0825242718446602,0.271844660194175,0.538834951456311,0.0825242718446602,1.55080213903743,0.498747785071452,2.2718416065365,2.39291387683677,0.818222278485708,0.457491107686955,0.793781560899681,0.765605207935961,1.47823045987061,0.324443447547294
"450",207,3608,0.1256038647343,0.0628019323671498,0.811594202898551,0.0821256038647343,0.289855072463768,0.536231884057971,0.0821256038647343,1.54666666666667,0.499485193587333,2.17609125905568,2.42947001596,0.821537883557941,0.469485304361555,0.796148463254868,0.775589330792676,1.48620510150963,0.303949540488276
"451",207,3608,0.1256038647343,0.0628019323671498,0.811594202898551,0.0821256038647343,0.289855072463768,0.536231884057971,0.0821256038647343,1.55151515151515,0.498853082214479,2.21748394421391,2.42258650031399,0.825948285468283,0.470746246559639,0.791077336198878,0.772338108564633,1.48005573941822,0.315254781037055
"452",205,3608,0.117073170731707,0.0731707317073171,0.809756097560976,0.0829268292682927,0.273170731707317,0.541463414634146,0.0829268292682927,1.52380952380952,0.500925860774413,2.22530928172586,2.41511821384669,0.823384926594841,0.461201441587835,0.788340409911831,0.762389216787345,1.48498078938177,0.315946741926472
"453",206,3608,0.121359223300971,0.0679611650485437,0.810679611650486,0.0825242718446602,0.281553398058252,0.538834951456311,0.0825242718446602,1.54268292682927,0.499700643589391,2.2148438480477,2.41108813928716,0.816221674910399,0.458700069977357,0.791513327566202,0.76394173313579,1.4709199859006,0.31418373770561
"454",207,3608,0.1256038647343,0.0579710144927536,0.816425120772947,0.0821256038647343,0.294685990338164,0.536231884057971,0.0821256038647343,1.5974025974026,0.492021049014113,2.18752072083646,2.42966583555562,0.825948685962169,0.464294403859565,0.795023214349299,0.7719359669577,1.47959362410229,0.324669156547653
"455",207,3608,0.1256038647343,0.072463768115942,0.801932367149758,0.0821256038647343,0.280193236714976,0.536231884057971,0.0821256038647343,1.54857142857143,0.499063161742947,2.24303804868629,2.39995374244012,0.823314015267701,0.464059839134149,0.793754132495319,0.771099677371445,1.47435673026431,0.319300583230082
"456",207,3608,0.1256038647343,0.0869565217391304,0.78743961352657,0.0821256038647343,0.265700483091787,0.536231884057971,0.0821256038647343,1.52331606217617,0.500755043036093,2.28555730900777,2.38672092347934,0.817853814800674,0.459439950188615,0.800583275342567,0.775558133936721,1.47809457579972,0.320694209249952
"457",207,3608,0.1256038647343,0.0772946859903382,0.797101449275362,0.0821256038647343,0.27536231884058,0.536231884057971,0.0821256038647343,1.57142857142857,0.496291666985465,2.24303804868629,2.39478703656812,0.828376393902497,0.462205210371377,0.79819214338437,0.773986267711726,1.47215879149833,0.322342756611743
"458",206,3608,0.121359223300971,0.0728155339805825,0.805825242718447,0.0825242718446602,0.276699029126214,0.538834951456311,0.0825242718446602,1.57458563535912,0.506859031041242,2.25767857486918,2.40406431527684,0.820931869539037,0.459320832590496,0.793564132278721,0.767265076235597,1.47514491480766,0.324598717211904
"459",207,3608,0.130434782608696,0.072463768115942,0.797101449275362,0.0821256038647343,0.280193236714976,0.536231884057971,0.0821256038647343,1.52910052910053,0.500478213279863,2.27646180417324,2.39866007059448,0.828512791502077,0.463633844484025,0.792462663938489,0.769104601967107,1.47934460519435,0.315117648973634
"460",206,3608,0.121359223300971,0.0728155339805825,0.805825242718447,0.0825242718446602,0.276699029126214,0.538834951456311,0.0825242718446602,1.60989010989011,0.489120293885457,2.26007138798507,2.40459219153981,0.827853500544697,0.462186441402548,0.789741819032804,0.764550869352758,1.48286658549313,0.315489499099647
"461",206,3608,0.121359223300971,0.0679611650485437,0.810679611650486,0.0825242718446602,0.281553398058252,0.538834951456311,0.0825242718446602,1.54193548387097,0.499853350928067,2.19033169817029,2.42364390487258,0.819309998980153,0.462229854641162,0.792248176373321,0.768007450041732,1.47862356621481,0.312910119230804
"462",207,3608,0.1256038647343,0.0628019323671498,0.811594202898551,0.0821256038647343,0.289855072463768,0.536231884057971,0.0821256038647343,1.54375,0.499646101170713,2.20411998265592,2.42153163528467,0.817683064350491,0.465552081711411,0.797439019495535,0.774225897067834,1.46862294502386,0.314665515359361
"463",206,3608,0.121359223300971,0.0728155339805825,0.805825242718447,0.0825242718446602,0.276699029126214,0.538834951456311,0.0825242718446602,1.56213017751479,0.497599195280118,2.22788670461367,2.41416056396145,0.818611472826402,0.458139788503655,0.792997526706059,0.765175255201543,1.47878470403353,0.317381360840364
"464",207,3608,0.1256038647343,0.0772946859903382,0.797101449275362,0.0821256038647343,0.27536231884058,0.536231884057971,0.0821256038647343,1.52298850574713,0.50091272748929,2.2405492482826,2.39349090356975,0.822107208130666,0.464389933298891,0.791199668568938,0.769136060584214,1.47329714585887,0.320064721645113
"465",207,3608,0.1256038647343,0.0821256038647343,0.792270531400966,0.0821256038647343,0.270531400966184,0.536231884057971,0.0821256038647343,1.51366120218579,0.501184569293038,2.26245108973043,2.39441686708014,0.830847868657789,0.461428063503002,0.796183918213067,0.77117811804563,1.47752317649117,0.315773464137843
"466",206,3608,0.121359223300971,0.0533980582524272,0.825242718446602,0.0825242718446602,0.296116504854369,0.538834951456311,0.0825242718446602,1.58041958041958,0.495224908537972,2.15533603746506,2.44062276546483,0.823220596129574,0.459687649666198,0.793725945293971,0.766595278120534,1.48008349278135,0.317110771548466
"467",206,3608,0.121359223300971,0.058252427184466,0.820388349514563,0.0825242718446602,0.29126213592233,0.538834951456311,0.0825242718446602,1.59310344827586,0.492958074115081,2.16136800223497,2.42816601215909,0.825285909210529,0.465017132177923,0.791584308238605,0.767960419481482,1.4730748991405,0.316440741621553
"468",205,3608,0.117073170731707,0.0829268292682927,0.8,0.0829268292682927,0.263414634146341,0.541463414634146,0.0829268292682927,1.52820512820513,0.510684157009975,2.29003461136252,2.40220077574475,0.823148992706968,0.452600224647872,0.791510475091319,0.759865302785326,1.478184991274,0.320144853750266
"469",206,3608,0.12621359223301,0.0728155339805825,0.800970873786408,0.0825242718446602,0.276699029126214,0.538834951456311,0.0825242718446602,1.49397590361446,0.501476461900344,2.22010808804005,2.41234459972128,0.821548952245677,0.459556677179123,0.793857394082874,0.766165880988432,1.47723677271928,0.315579290731368
"470",206,3608,0.121359223300971,0.0728155339805825,0.805825242718447,0.0825242718446602,0.276699029126214,0.538834951456311,0.0825242718446602,1.50967741935484,0.501526784972892,2.19033169817029,2.41333428265365,0.817410900566448,0.459582874662514,0.79436276363185,0.768571592288425,1.47662247034194,0.318614899347744
"471",206,3608,0.121359223300971,0.0825242718446602,0.796116504854369,0.0825242718446602,0.266990291262136,0.538834951456311,0.0825242718446602,1.53631284916201,0.500078457217762,2.25285303097989,2.39546429035167,0.825970739644665,0.460629552252996,0.78946736230997,0.76351609987062,1.47551342812006,0.312671638265401
"472",206,3608,0.121359223300971,0.0776699029126214,0.800970873786408,0.0825242718446602,0.271844660194175,0.538834951456311,0.0825242718446602,1.54819277108434,0.499177856390949,2.22010808804005,2.40327709198838,0.818970859986739,0.464317559816671,0.792167123068161,0.768054477722143,1.47720897615708,0.313936857975528
"473",206,3608,0.121359223300971,0.0533980582524272,0.825242718446602,0.0825242718446602,0.296116504854369,0.538834951456311,0.0825242718446602,1.60839160839161,0.48982556589005,2.15533603746506,2.43812502686486,0.821810959105569,0.458840033447385,0.794630479179073,0.765615691571666,1.47438831191692,0.313035895351282
"474",206,3608,0.121359223300971,0.0728155339805825,0.805825242718447,0.0825242718446602,0.276699029126214,0.538834951456311,0.0825242718446602,1.55882352941176,0.497994586041972,2.23044892137827,2.40550163362487,0.829024216532515,0.460376823220293,0.792207650757344,0.765751965774822,1.48078266946191,0.317307561296929
"475",207,3608,0.1256038647343,0.0628019323671498,0.811594202898551,0.0821256038647343,0.289855072463768,0.536231884057971,0.0821256038647343,1.56603773584906,0.497185774906649,2.20139712432045,2.41963338999354,0.826763836717033,0.465058089928155,0.794317855110782,0.772296337366148,1.47974265345157,0.320401643508056
"476",207,3608,0.1256038647343,0.0772946859903382,0.797101449275362,0.0821256038647343,0.27536231884058,0.536231884057971,0.0821256038647343,1.55555555555556,0.498290061834624,2.25527250510331,2.39502710069237,0.8220491635872,0.465058089928155,0.791235345280798,0.769791156055622,1.47534965034965,0.316631259408221
"477",207,3608,0.1256038647343,0.072463768115942,0.801932367149758,0.0821256038647343,0.280193236714976,0.536231884057971,0.0821256038647343,1.57222222222222,0.528839306211175,2.25527250510331,2.40774438932581,0.822547792036547,0.464007697536572,0.79743396256994,0.773058306464454,1.47447183098592,0.314958268857184
"478",207,3608,0.1256038647343,0.0676328502415459,0.806763285024155,0.0821256038647343,0.285024154589372,0.536231884057971,0.0821256038647343,1.5609756097561,0.497788014497061,2.2148438480477,2.41108641493731,0.820560911539253,0.463929474152223,0.791378036044546,0.76882666161157,1.47861613351878,0.319241807263723
"479",207,3608,0.1256038647343,0.0676328502415459,0.806763285024155,0.0821256038647343,0.285024154589372,0.536231884057971,0.0821256038647343,1.52348993288591,0.501132401686012,2.17318626841227,2.41832745265239,0.817513453150534,0.465387476045242,0.79524129229841,0.772238898278976,1.47695530726257,0.3071315187967
"480",206,3608,0.121359223300971,0.0533980582524272,0.825242718446602,0.0825242718446602,0.296116504854369,0.538834951456311,0.0825242718446602,1.59574468085106,0.506792764130543,2.14921911265538,2.4398974710362,0.812360823822157,0.46420518459027,0.791645143749499,0.768493263963353,1.47634014318142,0.321490493629725
"481",207,3608,0.1256038647343,0.0676328502415459,0.806763285024155,0.0821256038647343,0.285024154589372,0.536231884057971,0.0821256038647343,1.56172839506173,0.49771350516736,2.20951501454263,2.41080807666945,0.820019699053246,0.464875960632026,0.791036554538084,0.76859059561943,1.47854152128402,0.314349927001334
"482",207,3608,0.1256038647343,0.0676328502415459,0.806763285024155,0.0821256038647343,0.285024154589372,0.536231884057971,0.0821256038647343,1.52469135802469,0.500938464426763,2.20951501454263,2.41863570508663,0.82325463364556,0.466400177828203,0.794124914037872,0.772745259418312,1.48233246301131,0.316348969150965
"483",207,3608,0.1256038647343,0.0628019323671498,0.811594202898551,0.0821256038647343,0.289855072463768,0.536231884057971,0.0821256038647343,1.54166666666667,0.5,2.15836249209525,2.42530034387443,0.828839388594315,0.464702437795927,0.794728967901689,0.771617238460042,1.47373045159023,0.311108996761004
"484",207,3608,0.1256038647343,0.0772946859903382,0.797101449275362,0.0821256038647343,0.27536231884058,0.536231884057971,0.0821256038647343,1.49397590361446,0.501476461900344,2.22010808804005,2.40090595855023,0.820654143855144,0.460527031699293,0.797914227401879,0.773277363991628,1.47718132540654,0.327241410540642
"485",207,3608,0.1256038647343,0.0772946859903382,0.797101449275362,0.0821256038647343,0.27536231884058,0.536231884057971,0.0821256038647343,1.50295857988166,0.501477108092512,2.22788670461367,2.40659431418867,0.822903002904019,0.462815532663609,0.796330786223424,0.772703510229794,1.48250043531255,0.314646632155507
"486",207,3608,0.1256038647343,0.0772946859903382,0.797101449275362,0.0821256038647343,0.27536231884058,0.536231884057971,0.0821256038647343,1.4973544973545,0.501321006265199,2.27646180417324,2.39564642011511,0.827174949857601,0.467056824789502,0.792656009621212,0.77173743023828,1.47928272980501,0.319893822206268
"487",206,3608,0.121359223300971,0.058252427184466,0.820388349514563,0.0825242718446602,0.29126213592233,0.538834951456311,0.0825242718446602,1.5448275862069,0.499712561057015,2.16136800223497,2.43476768398927,0.814254348493723,0.461560838006117,0.795599562343734,0.768811749390554,1.48089730108658,0.313395729278389
"488",206,3608,0.121359223300971,0.0728155339805825,0.805825242718447,0.0825242718446602,0.276699029126214,0.538834951456311,0.0825242718446602,1.49714285714286,0.501426536422407,2.24303804868629,2.41011420388377,0.818885160871188,0.459250929452782,0.791574168532233,0.764493127265728,1.47572476423332,0.321216933968742
"489",207,3608,0.1256038647343,0.0772946859903382,0.797101449275362,0.0821256038647343,0.27536231884058,0.536231884057971,0.0821256038647343,1.46073298429319,0.510188290227498,2.28103336724773,2.4032942557516,0.830408660006404,0.457028681411064,0.798909224899202,0.770100167528655,1.4811320754717,0.316338456319095
"490",207,3608,0.1256038647343,0.0579710144927536,0.816425120772947,0.0821256038647343,0.294685990338164,0.536231884057971,0.0821256038647343,1.54794520547945,0.499409192751235,2.16435285578444,2.43264185064533,0.816530367633481,0.463364135402089,0.797408677460923,0.773475505438909,1.47306545007896,0.31749769245879
"491",207,3608,0.1256038647343,0.0772946859903382,0.797101449275362,0.0821256038647343,0.27536231884058,0.536231884057971,0.0821256038647343,1.59042553191489,0.49306834769063,2.27415784926368,2.39456548700547,0.820764930752517,0.46122701487017,0.795038431031043,0.770492799822251,1.47823816155989,0.316869713129855
"492",207,3608,0.1256038647343,0.0628019323671498,0.811594202898551,0.0821256038647343,0.289855072463768,0.536231884057971,0.0821256038647343,1.51552795031056,0.501318138287852,2.20682587603185,2.42534395743239,0.82473563471728,0.463868624622461,0.796983767685188,0.773449437095896,1.47224174279691,0.321044175763191
"493",206,3608,0.121359223300971,0.0825242718446602,0.796116504854369,0.0825242718446602,0.266990291262136,0.538834951456311,0.0825242718446602,1.53571428571429,0.5,2.29225607135648,2.39482366992645,0.819105824924815,0.456146990905699,0.795483536496791,0.765731002091343,1.48080279232112,0.31484951752578
"494",207,3608,0.1256038647343,0.072463768115942,0.801932367149758,0.0821256038647343,0.280193236714976,0.536231884057971,0.0821256038647343,1.5,0.501531397154045,2.2148438480477,2.41128499831711,0.819340104432016,0.466036897047894,0.796285209394965,0.774225897067834,1.47670563601466,0.313099459244478
"495",206,3608,0.121359223300971,0.0631067961165049,0.815533980582524,0.0825242718446602,0.286407766990291,0.538834951456311,0.0825242718446602,1.52380952380952,0.501140252336026,2.16731733474818,2.42337297706276,0.819762571159131,0.460376823220293,0.791234413279209,0.765002157250664,1.47463261021693,0.315487724754177
"496",207,3608,0.130434782608696,0.072463768115942,0.797101449275362,0.0821256038647343,0.280193236714976,0.536231884057971,0.0821256038647343,1.54037267080745,0.49992235421958,2.20682587603185,2.41200019576318,0.817097616624976,0.462161585080837,0.79718613391969,0.772703510229795,1.48492768775048,0.315123512233565
"497",207,3608,0.1256038647343,0.0676328502415459,0.806763285024155,0.0821256038647343,0.285024154589372,0.536231884057971,0.0821256038647343,1.55294117647059,0.498658136750741,2.23044892137827,2.41099823085991,0.820522790137922,0.467945283601428,0.797267066031125,0.775542535038149,1.47517482517483,0.311166299994235
"498",207,3608,0.1256038647343,0.072463768115942,0.801932367149758,0.0821256038647343,0.280193236714976,0.536231884057971,0.0821256038647343,1.52941176470588,0.500608748812284,2.23044892137827,2.40744507006518,0.824798439174846,0.469940319799921,0.796892686113766,0.776649278282135,1.48189415041783,0.308423166652884
"499",207,3608,0.1256038647343,0.0628019323671498,0.811594202898551,0.0821256038647343,0.289855072463768,0.536231884057971,0.0821256038647343,1.53503184713376,0.500367331995182,2.19589965240923,2.42694723500139,0.826989229540924,0.465811866965555,0.790710225530981,0.769246155612804,1.47680728163837,0.314116406698597
"500",207,3608,0.1256038647343,0.072463768115942,0.801932367149758,0.0821256038647343,0.280193236714976,0.536231884057971,0.0821256038647343,1.55801104972376,0.498000914646084,2.25767857486918,2.40549875876641,0.831158854902951,0.467729793358015,0.795484657531884,0.774720549179401,1.4789519650655,0.318552830030153
"501",207,3055,0.144927536231884,0.0579710144927536,0.797101449275362,0.0628019323671498,0.507246376811594,0.294685990338164,0.072463768115942,1.55395683453237,0.498877898431601,2.14301480025409,2.41204963776339,0.717519116242145,0.486670609496049,0.773515392186545,0.750931608335018,1.60279069767442,0.243123800981383
"502",206,3055,0.140776699029126,0.0533980582524272,0.805825242718447,0.058252427184466,0.509708737864078,0.29126213592233,0.0728155339805825,1.56164383561644,0.524865864502883,2.16435285578444,2.42270462229325,0.7173209235971,0.48714694105419,0.771198991087493,0.74283052756958,1.58900571850212,0.242460631957376
"503",206,3055,0.160194174757282,0.0533980582524272,0.786407766990291,0.058252427184466,0.330097087378641,0.461165048543689,0.0728155339805825,1.55135135135135,0.498705727914999,2.26717172840301,2.29902167311365,0.715655549955064,0.479118901152524,0.77471296225148,0.750033330743742,1.57511520737327,0.246683771300857
"504",207,3055,0.144927536231884,0.0531400966183575,0.801932367149758,0.0531400966183575,0.323671497584541,0.507246376811594,0.072463768115942,1.57746478873239,0.509817707122903,2.15228834438306,2.43252265129181,0.704529567338846,0.494550684714197,0.776510193545966,0.760506884936678,1.61652078774617,0.24615389927997
"505",207,3055,0.144927536231884,0.0531400966183575,0.801932367149758,0.0628019323671498,0.323671497584541,0.502415458937198,0.0821256038647343,1.58108108108108,0.49505738708799,2.17026171539496,2.43124332689356,0.709117495801502,0.483473201770707,0.762002113796278,0.74184424854656,1.59170305676856,0.245475948510118
"506",207,3055,0.144927536231884,0.0483091787439614,0.806763285024155,0.0628019323671498,0.51207729468599,0.285024154589372,0.072463768115942,1.61481481481481,0.488451485318887,2.13033376849501,2.43467118749295,0.706826608877021,0.484042399499755,0.77441570848971,0.755385943067597,1.56759259259259,0.248697766171168
"507",206,3055,0.140776699029126,0.0436893203883495,0.815533980582524,0.0631067961165049,0.339805825242718,0.475728155339806,0.0728155339805825,1.59731543624161,0.49209237606819,2.17318626841227,2.31016959786303,0.718499849069382,0.483820400389481,0.770141232896884,0.749004782324459,1.56940614083471,0.23790883580023
"508",207,3055,0.135265700483092,0.0628019323671498,0.801932367149758,0.0531400966183575,0.449275362318841,0.294685990338164,0.0821256038647343,1.59119496855346,0.493166422188823,2.20139712432045,2.28867338848419,0.714817991135017,0.47555262068148,0.775447050357378,0.747383778878419,1.58396875581179,0.249595979219323
"509",206,3055,0.160194174757282,0.0485436893203883,0.79126213592233,0.0533980582524272,0.504854368932039,0.305825242718447,0.0825242718446602,1.58641975308642,0.494002058591972,2.20951501454263,2.41970761504949,0.713417501704052,0.477592026316812,0.774312233076247,0.74794406177861,1.59299291837495,0.252707946578425
"510",207,3055,0.135265700483092,0.0628019323671498,0.801932367149758,0.0579710144927536,0.333333333333333,0.483091787439614,0.072463768115942,1.6038961038961,0.503826289817749,2.18752072083646,2.28153726020584,0.707139533689069,0.492804763248715,0.774942819385354,0.754164408632049,1.62488445183953,0.238324790392659
"511",207,3055,0.140096618357488,0.0531400966183575,0.806763285024155,0.072463768115942,0.497584541062802,0.29951690821256,0.0821256038647343,1.61832061068702,0.503190058406984,2.11727129565576,2.40752559041938,0.705115761433196,0.492018495554685,0.779907630331847,0.763183998189933,1.57019681349578,0.240814037710293
"512",206,3055,0.155339805825243,0.0485436893203883,0.796116504854369,0.0631067961165049,0.504854368932039,0.296116504854369,0.0825242718446602,1.58552631578947,0.520367660999558,2.18184358794477,2.44495391831648,0.711883218181104,0.477350368794467,0.773806874340609,0.74467663510188,1.58336448598131,0.241547918410542
"513",206,3055,0.131067961165049,0.0533980582524272,0.815533980582524,0.0533980582524272,0.504854368932039,0.305825242718447,0.0825242718446602,1.57462686567164,0.511181230779633,2.12710479836481,2.44088477436504,0.706540451521318,0.485421501873827,0.774103028180939,0.753516294365659,1.56705969049374,0.246511544818611
"514",207,3055,0.144927536231884,0.0483091787439614,0.806763285024155,0.0579710144927536,0.507246376811594,0.304347826086957,0.0821256038647343,1.56081081081081,0.497973462552113,2.17026171539496,2.42938638781447,0.713879352543623,0.481530977127593,0.773114495743876,0.751710566879263,1.59742883379247,0.251512381485254
"515",207,3055,0.154589371980676,0.0483091787439614,0.797101449275362,0.0579710144927536,0.526570048309179,0.294685990338164,0.0821256038647343,1.57333333333333,0.496249918995367,2.17609125905568,2.42441137730463,0.715157430024438,0.490875140209236,0.769342629976536,0.753464126452189,1.5995529893835,0.240751855102058
"516",206,3055,0.160194174757282,0.0533980582524272,0.786407766990291,0.058252427184466,0.529126213592233,0.296116504854369,0.0825242718446602,1.53061224489796,0.500768210523545,2.16731733474818,2.41389966681944,0.697379065772697,0.490360106603581,0.768934644679397,0.751581617615352,1.56631617782697,0.246712934461536
"517",207,3055,0.159420289855072,0.0531400966183575,0.78743961352657,0.072463768115942,0.318840579710145,0.492753623188406,0.072463768115942,1.55063291139241,0.499011358312842,2.19865708695442,2.43241848514613,0.699441289799827,0.48775718129372,0.774455845573903,0.755171859981536,1.57320872274143,0.237065322058169
"518",207,3055,0.140096618357488,0.0483091787439614,0.811594202898551,0.0628019323671498,0.352657004830918,0.439613526570048,0.0821256038647343,1.63768115942029,0.497321717100084,2.13987908640124,2.43568648200849,0.707406497378803,0.479047786223798,0.779485844068443,0.751036367594087,1.57682481751825,0.235841080795982
"519",207,3055,0.164251207729469,0.0579710144927536,0.777777777777778,0.072463768115942,0.36231884057971,0.444444444444444,0.072463768115942,1.54268292682927,0.499700643589391,2.2148438480477,2.39224739231275,0.710036759091588,0.483225476702627,0.777284252759222,0.755030275769389,1.57772450673059,0.241037514233622
"520",206,3055,0.12621359223301,0.0485436893203883,0.825242718446602,0.0679611650485437,0.519417475728155,0.296116504854369,0.0825242718446602,1.62015503875969,0.487240290590991,2.11058971029925,2.43883225043625,0.707470365057574,0.48498746737628,0.76544828738344,0.741292145655161,1.60506050605061,0.249570211115663
"521",207,3055,0.144927536231884,0.0628019323671498,0.792270531400966,0.0628019323671498,0.521739130434783,0.294685990338164,0.0821256038647343,1.51219512195122,0.50138219846053,2.2148438480477,2.3971999024759,0.713768788328512,0.497711090582169,0.773980202341879,0.754224535230836,1.60136380390711,0.225993803126144
"522",206,3055,0.131067961165049,0.0485436893203883,0.820388349514563,0.0485436893203883,0.524271844660194,0.300970873786408,0.0825242718446602,1.62595419847328,0.501319456919521,2.11727129565576,2.42672654614232,0.708669652391955,0.48688941680277,0.763718961675303,0.74462319540583,1.5899688815669,0.248913706726334
"523",207,3055,0.144927536231884,0.0531400966183575,0.801932367149758,0.0676328502415459,0.333333333333333,0.48792270531401,0.0821256038647343,1.57342657342657,0.523927616889571,2.15533603746506,2.4190573886309,0.703352307332217,0.489689023351666,0.773524033836404,0.751124441954001,1.56349935673589,0.234460106287715
"524",207,3055,0.130434782608696,0.0628019323671498,0.806763285024155,0.0628019323671498,0.352657004830918,0.434782608695652,0.0821256038647343,1.55704697986577,0.511787412785902,2.17318626841227,2.38644928917547,0.708824455864454,0.485722852764877,0.777833186232564,0.753143415532262,1.61449752883031,0.242082660810829
"525",207,3055,0.14975845410628,0.0531400966183575,0.797101449275362,0.0434782608695652,0.36231884057971,0.415458937198068,0.0821256038647343,1.53246753246753,0.500572628551851,2.18752072083646,2.41703661522243,0.711314007998886,0.473616943171608,0.782463477843723,0.749120818277097,1.61130611490855,0.247722766998208
"526",207,3055,0.144927536231884,0.0531400966183575,0.801932367149758,0.072463768115942,0.492753623188406,0.294685990338164,0.0821256038647343,1.56,0.511347738889216,2.17609125905568,2.41707089111487,0.711554889155378,0.48407477033724,0.778896906089721,0.749427566295178,1.62378821774795,0.235392258789318
"527",207,3055,0.14975845410628,0.0531400966183575,0.797101449275362,0.0676328502415459,0.497584541062802,0.294685990338164,0.072463768115942,1.55,0.499055712093935,2.20411998265592,2.45274889156905,0.701717689217617,0.471184570595671,0.786271539447234,0.755848431304357,1.59475806451613,0.243989168958196
"528",206,3055,0.140776699029126,0.0485436893203883,0.810679611650486,0.0533980582524272,0.349514563106796,0.456310679611651,0.0825242718446602,1.59440559440559,0.506823332802178,2.15533603746506,2.42730386332119,0.706113833309177,0.482073307656834,0.770581343270493,0.747196961101132,1.59522497704316,0.248863197305672
"529",206,3055,0.150485436893204,0.0485436893203883,0.800970873786408,0.0679611650485437,0.325242718446602,0.466019417475728,0.0825242718446602,1.60126582278481,0.516478440831354,2.19865708695442,2.31276875657541,0.707615438444352,0.478879646033135,0.773976485577668,0.746325442649013,1.57530454042082,0.237082923951511
"530",207,3055,0.140096618357488,0.0531400966183575,0.806763285024155,0.072463768115942,0.342995169082126,0.468599033816425,0.072463768115942,1.63970588235294,0.525960062103678,2.13353890837022,2.42664986505885,0.719436788366675,0.489737387428197,0.770427509039936,0.750440490665721,1.62767889575009,0.239972052451731
"531",206,3055,0.160194174757282,0.0436893203883495,0.796116504854369,0.0776699029126214,0.509708737864078,0.300970873786408,0.0825242718446602,1.56164383561644,0.497893531614749,2.16435285578444,2.43816954982878,0.717725827528205,0.484364873739388,0.770928959847697,0.745427665447307,1.57874162323157,0.241700269371568
"532",206,3055,0.131067961165049,0.0533980582524272,0.815533980582524,0.058252427184466,0.33495145631068,0.485436893203884,0.0728155339805825,1.62237762237762,0.500762739414442,2.15533603746506,2.40195117110218,0.708187725376095,0.483981730561804,0.765948883200231,0.741490113570885,1.61680858941133,0.243909777729201
"533",207,3055,0.135265700483092,0.0579710144927536,0.806763285024155,0.0628019323671498,0.367149758454106,0.439613526570048,0.0821256038647343,1.60740740740741,0.490146129539885,2.13033376849501,2.39380753940758,0.709684325423138,0.486289417303227,0.769721104178234,0.744128380495219,1.6455626715462,0.234511917563843
"534",206,3055,0.145631067961165,0.0533980582524272,0.800970873786408,0.0728155339805825,0.349514563106796,0.470873786407767,0.0825242718446602,1.52727272727273,0.500775451889445,2.21748394421391,2.41623694555953,0.709899213426367,0.477471225827777,0.771733638398794,0.746196106161839,1.57511909124221,0.240053506115175
"535",207,3055,0.14975845410628,0.0483091787439614,0.801932367149758,0.0676328502415459,0.507246376811594,0.29951690821256,0.072463768115942,1.54545454545455,0.499679795036003,2.15533603746506,2.40894499391782,0.708069959469902,0.480250800039744,0.773909223458542,0.7533819200702,1.57980095834869,0.249566592821731
"536",206,3055,0.140776699029126,0.058252427184466,0.800970873786408,0.0631067961165049,0.330097087378641,0.480582524271845,0.0728155339805825,1.54193548387097,0.499853350928067,2.19033169817029,2.40689631790242,0.705714215603946,0.486391213810322,0.766355902840064,0.743782419519205,1.56277860326895,0.244932538980884
"537",207,3055,0.135265700483092,0.0483091787439614,0.816425120772947,0.0579710144927536,0.323671497584541,0.48792270531401,0.0821256038647343,1.6241134751773,0.486077699435544,2.14921911265538,2.3009240015688,0.706500065394172,0.491183931983117,0.770115982341293,0.750244888812845,1.59471698113208,0.238712378732386
"538",207,3055,0.144927536231884,0.0483091787439614,0.806763285024155,0.0579710144927536,0.328502415458937,0.473429951690821,0.072463768115942,1.57746478873239,0.495711304423183,2.15228834438306,2.43397611113618,0.704970789774408,0.486473761738632,0.770830278233521,0.750641502429049,1.59187408491947,0.244038119008134
"539",207,3055,0.144927536231884,0.0483091787439614,0.806763285024155,0.0772946859903382,0.333333333333333,0.478260869565217,0.0821256038647343,1.60402684563758,0.504289598618137,2.17318626841227,2.30458229913201,0.701268287645219,0.491277906050019,0.769585691041681,0.753963525346612,1.6013868065967,0.249736915589078
"540",207,3055,0.14975845410628,0.0483091787439614,0.801932367149758,0.0579710144927536,0.333333333333333,0.483091787439614,0.0821256038647343,1.56944444444444,0.510762186225655,2.15836249209525,2.43926243480645,0.705574887462801,0.481169309062196,0.776166544449133,0.756172250798,1.59450549450549,0.256592346624983
"541",207,3055,0.144927536231884,0.0579710144927536,0.797101449275362,0.0579710144927536,0.352657004830918,0.473429951690821,0.0821256038647343,1.64556962025316,0.505711951534365,2.19865708695442,2.40438903115096,0.706418742467998,0.478313084255477,0.775203656467684,0.748206129663918,1.58420762009939,0.241708154008047
"542",207,3055,0.14975845410628,0.0531400966183575,0.797101449275362,0.072463768115942,0.342995169082126,0.458937198067633,0.0821256038647343,1.57823129251701,0.50916490947577,2.16731733474818,2.42272318666389,0.700990329202629,0.485119798141361,0.773779852604217,0.750253015255248,1.59967081199707,0.239027938721022
"543",206,3055,0.135922330097087,0.0485436893203883,0.815533980582524,0.0679611650485437,0.359223300970874,0.466019417475728,0.0825242718446602,1.61363636363636,0.547690881678433,2.12057393120585,2.43586926177228,0.712925909888647,0.476971044405113,0.77381016940515,0.743861953227761,1.59443523125115,0.237805222322159
"544",207,3055,0.154589371980676,0.0531400966183575,0.792270531400966,0.0628019323671498,0.338164251207729,0.463768115942029,0.072463768115942,1.6,0.505008472252674,2.17609125905568,2.44138185129109,0.712683136075529,0.47821419603782,0.774270566991586,0.748337898157151,1.59344858962693,0.240749703697181
"545",207,3055,0.14975845410628,0.0579710144927536,0.792270531400966,0.0531400966183575,0.323671497584541,0.492753623188406,0.0821256038647343,1.55944055944056,0.512139637956175,2.15533603746506,2.42247115425926,0.70039183570719,0.48310442321941,0.767898066791033,0.749026438676937,1.5695596093606,0.256841324960015
"546",207,3055,0.144927536231884,0.0531400966183575,0.801932367149758,0.0483091787439614,0.338164251207729,0.444444444444444,0.0821256038647343,1.54545454545455,0.499554168435642,2.18752072083646,2.42210688221925,0.709785066234838,0.48516791951365,0.770553940123506,0.747544842625144,1.59383599339571,0.240329573493199
"547",207,3055,0.154589371980676,0.0531400966183575,0.792270531400966,0.0628019323671498,0.318840579710145,0.483091787439614,0.072463768115942,1.60526315789474,0.541739835617243,2.18184358794477,2.43371979936474,0.706768767550166,0.486612872297598,0.773246546357713,0.756047741851981,1.60931174089069,0.252321869750413
"548",206,3055,0.140776699029126,0.0485436893203883,0.810679611650486,0.0631067961165049,0.5,0.29126213592233,0.0825242718446602,1.60294117647059,0.520390334477751,2.13353890837022,2.4513017472482,0.704804598874883,0.478964394290327,0.774861325914918,0.748713531856912,1.58908955501769,0.242750964560024
"549",207,3055,0.159420289855072,0.0531400966183575,0.78743961352657,0.0579710144927536,0.526570048309179,0.289855072463768,0.072463768115942,1.53691275167785,0.513644765415748,2.17318626841227,2.4130658240815,0.701640022640705,0.493692814743307,0.775420953678809,0.759669509033567,1.60990316097204,0.240428730431868
"550",207,3055,0.159420289855072,0.0531400966183575,0.78743961352657,0.0579710144927536,0.338164251207729,0.454106280193237,0.072463768115942,1.54037267080745,0.49992235421958,2.20682587603185,2.42404688393013,0.713476798016576,0.48940858726434,0.774210557337293,0.7531137411785,1.57569610916467,0.241596820607138
"551",206,3055,0.145631067961165,0.0485436893203883,0.805825242718447,0.0533980582524272,0.364077669902913,0.461165048543689,0.0728155339805825,1.57042253521127,0.496768098414177,2.15228834438306,2.42275263794125,0.709811347100377,0.484396414010412,0.775126872115711,0.751200173560063,1.58860642048618,0.24989279183046
"552",207,3055,0.14975845410628,0.0483091787439614,0.801932367149758,0.0579710144927536,0.507246376811594,0.29951690821256,0.072463768115942,1.59722222222222,0.506177840502729,2.15836249209525,2.41980202906727,0.715781925159981,0.48867366032394,0.773804252038622,0.755280535472591,1.58161213672089,0.241851288790487
"553",207,3055,0.144927536231884,0.0531400966183575,0.801932367149758,0.0628019323671498,0.36231884057971,0.449275362318841,0.072463768115942,1.57971014492754,0.509924771937014,2.13987908640124,2.40880243077311,0.718080044253164,0.481504888106519,0.786561992698712,0.756916866663336,1.57166697570925,0.231276966719027
"554",207,3055,0.154589371980676,0.0531400966183575,0.792270531400966,0.072463768115942,0.502415458937198,0.285024154589372,0.0821256038647343,1.59459459459459,0.519521467907575,2.17026171539496,2.43056667348205,0.710986943608804,0.487503318910035,0.771864969122125,0.750702877584756,1.60129270544783,0.241464614694275
"555",206,3055,0.150485436893204,0.0728155339805825,0.776699029126214,0.0679611650485437,0.5,0.286407766990291,0.0728155339805825,1.49700598802395,0.501494771645751,2.22271647114758,2.37377338983873,0.711553203600904,0.48123440407126,0.774265646002094,0.749475554837378,1.57061836809367,0.242735061651172
"556",206,3055,0.140776699029126,0.0485436893203883,0.810679611650486,0.0679611650485437,0.339805825242718,0.461165048543689,0.0728155339805825,1.59259259259259,0.536660434849431,2.13033376849501,2.411635031188,0.707218034087523,0.496718912277562,0.77100633857341,0.753912590120252,1.60033045713237,0.240317521950943
"557",206,3055,0.145631067961165,0.0485436893203883,0.805825242718447,0.0631067961165049,0.344660194174757,0.456310679611651,0.0825242718446602,1.62237762237762,0.541310301317661,2.15533603746506,2.43173960117152,0.701139804629143,0.488353387447766,0.766319414676551,0.747225640207346,1.60235720761559,0.245938224757051
"558",207,3055,0.130434782608696,0.0483091787439614,0.821256038647343,0.0772946859903382,0.521739130434783,0.29951690821256,0.0821256038647343,1.6304347826087,0.484445457017748,2.13987908640124,2.42880782744595,0.705238383569127,0.486382565057081,0.770543538182519,0.74903349208259,1.5642540620384,0.235480544948645
"559",206,3055,0.145631067961165,0.0436893203883495,0.810679611650486,0.0631067961165049,0.524271844660194,0.300970873786408,0.0825242718446602,1.56428571428571,0.497630562538986,2.14612803567824,2.4485164453131,0.705275255136481,0.490512973751854,0.766954061037821,0.748153116127769,1.58877644894204,0.243745245109127
"560",207,3055,0.14975845410628,0.0676328502415459,0.782608695652174,0.072463768115942,0.342995169082126,0.444444444444444,0.0821256038647343,1.55747126436782,0.498119512067574,2.2405492482826,2.37663113345853,0.709846990788899,0.477791934656494,0.77851393235984,0.754418923316921,1.57490706319703,0.247178822978843
"561",207,3055,0.144927536231884,0.0483091787439614,0.806763285024155,0.0483091787439614,0.323671497584541,0.478260869565217,0.0821256038647343,1.61313868613139,0.51803042129728,2.13672056715641,2.43285522483213,0.710924379426228,0.490445124549892,0.773670072306859,0.75471280456285,1.58662726265238,0.242921864380175
"562",206,3055,0.140776699029126,0.0533980582524272,0.805825242718447,0.058252427184466,0.349514563106796,0.436893203883495,0.0728155339805825,1.58571428571429,0.494367036422257,2.14612803567824,2.42666151972058,0.712746940090915,0.478208189416564,0.769450514292054,0.744596479504434,1.59073499908809,0.250876602169775
"563",206,3055,0.150485436893204,0.0485436893203883,0.800970873786408,0.058252427184466,0.349514563106796,0.480582524271845,0.0728155339805825,1.55844155844156,0.498192982885396,2.18752072083646,2.41455985767151,0.712267970325351,0.491054849064146,0.769138127536312,0.750465385752871,1.59696304427369,0.245114271070151
"564",207,3055,0.144927536231884,0.0531400966183575,0.801932367149758,0.0628019323671498,0.526570048309179,0.294685990338164,0.0821256038647343,1.5625,0.497809888727298,2.15836249209525,2.41440334016356,0.711815199652516,0.47918853145042,0.774553567721084,0.747887206656071,1.58882125069175,0.23940838238287
"565",205,3055,0.146341463414634,0.0487804878048781,0.804878048780488,0.0634146341463415,0.370731707317073,0.448780487804878,0.0731707317073171,1.56462585034014,0.537217937598762,2.16731733474818,2.41133765585553,0.713205336595519,0.481246600061427,0.77278902071092,0.745588443825019,1.62838827838828,0.242751366423887
"566",206,3055,0.145631067961165,0.0485436893203883,0.805825242718447,0.0679611650485437,0.364077669902913,0.456310679611651,0.0825242718446602,1.60583941605839,0.490462930085335,2.13672056715641,2.42057954577256,0.701020055711197,0.489958254927063,0.764460676372985,0.745199857438051,1.60477502295684,0.246474761717641
"567",207,3055,0.140096618357488,0.0531400966183575,0.806763285024155,0.072463768115942,0.328502415458937,0.48792270531401,0.072463768115942,1.59712230215827,0.520860832346724,2.14301480025409,2.43945106752887,0.704721315463346,0.482071304410096,0.775849580775683,0.753441221232373,1.57006252298639,0.244289451528375
"568",207,3055,0.14975845410628,0.0483091787439614,0.801932367149758,0.0579710144927536,0.342995169082126,0.473429951690821,0.072463768115942,1.58450704225352,0.494551272309518,2.15228834438306,2.42508996196419,0.708197813258564,0.485792197961573,0.766497886887664,0.747597924808372,1.5909338168631,0.242214079878338
"569",206,3055,0.140776699029126,0.0533980582524272,0.805825242718447,0.058252427184466,0.354368932038835,0.461165048543689,0.0825242718446602,1.59574468085106,0.506792764130543,2.14921911265538,2.39313285185489,0.700185880883091,0.477166920838086,0.772350383272978,0.744408811408789,1.57933853586027,0.249383191258283
"570",205,3055,0.151219512195122,0.0439024390243902,0.804878048780488,0.0585365853658537,0.365853658536585,0.448780487804878,0.0829268292682927,1.58450704225352,0.535849001522187,2.15228834438306,2.4219161252734,0.713901084742064,0.473615983865135,0.773360094925248,0.748921347020073,1.57634011090573,0.256006123258199
"571",207,3055,0.144927536231884,0.0483091787439614,0.806763285024155,0.0628019323671498,0.328502415458937,0.483091787439614,0.0821256038647343,1.58273381294964,0.494891007991081,2.14301480025409,2.44166730077352,0.706564422801882,0.485630289664464,0.774604351779417,0.751036367594087,1.59112577924459,0.234100366984026
"572",206,3055,0.150485436893204,0.0631067961165049,0.786407766990291,0.0776699029126214,0.344660194174757,0.456310679611651,0.0825242718446602,1.54117647058824,0.522917196800185,2.23044892137827,2.40038315826743,0.7071691223512,0.476468461913532,0.769641359979363,0.741410194157744,1.58512970405554,0.243631882970519
"573",207,3055,0.130434782608696,0.0531400966183575,0.816425120772947,0.0579710144927536,0.342995169082126,0.473429951690821,0.0821256038647343,1.58571428571429,0.494367036422257,2.14612803567824,2.43505152558379,0.713201415352536,0.481180980017048,0.778817361381338,0.750012810050425,1.56640625,0.233163693267252
"574",205,3055,0.151219512195122,0.0439024390243902,0.804878048780488,0.0731707317073171,0.521951219512195,0.297560975609756,0.0731707317073171,1.57246376811594,0.525102439215787,2.13987908640124,2.43674552579317,0.705010760275212,0.481848592287679,0.769603705654781,0.742685165090126,1.58805031446541,0.239563576650873
"575",207,3055,0.159420289855072,0.0579710144927536,0.782608695652174,0.0483091787439614,0.318840579710145,0.478260869565217,0.0821256038647343,1.53142857142857,0.522907119382421,2.24303804868629,2.42650950577399,0.710717223453173,0.48072016461604,0.776723161328399,0.75290486488639,1.59663710273466,0.243975975146369
"576",206,3055,0.135922330097087,0.058252427184466,0.805825242718447,0.0631067961165049,0.344660194174757,0.436893203883495,0.0728155339805825,1.55844155844156,0.511143955868682,2.18752072083646,2.40829428812128,0.711520311409178,0.477455797641927,0.775351950859704,0.744391204010982,1.58633425669437,0.236329330709635
"577",206,3055,0.150485436893204,0.0436893203883495,0.805825242718447,0.0436893203883495,0.524271844660194,0.296116504854369,0.0825242718446602,1.61428571428571,0.530856702551047,2.14612803567824,2.45456315747647,0.715677007302329,0.466802543652525,0.771482430835384,0.737890308073622,1.62382963098954,0.24942012462488
"578",207,3055,0.154589371980676,0.0579710144927536,0.78743961352657,0.0676328502415459,0.51207729468599,0.289855072463768,0.0821256038647343,1.50967741935484,0.514311315287014,2.19033169817029,2.42029070646609,0.701566308623091,0.496995205204901,0.774475757860764,0.757646660248476,1.56860902255639,0.237938002856925
"579",207,3055,0.144927536231884,0.0579710144927536,0.797101449275362,0.0483091787439614,0.516908212560386,0.29951690821256,0.0821256038647343,1.55862068965517,0.525408069834051,2.16136800223497,2.38291504737275,0.711767227281166,0.484520143506049,0.776520958514927,0.750980560204461,1.57015039025319,0.236835548472521
"580",207,3055,0.14975845410628,0.0483091787439614,0.801932367149758,0.0531400966183575,0.347826086956522,0.454106280193237,0.072463768115942,1.57342657342657,0.523927616889571,2.15533603746506,2.40860432342995,0.717066351042744,0.490036334383784,0.76867966475856,0.748351809425228,1.58539284396902,0.236738089224438
"581",207,3055,0.154589371980676,0.0483091787439614,0.797101449275362,0.0676328502415459,0.352657004830918,0.434782608695652,0.0821256038647343,1.59027777777778,0.493498916960494,2.15836249209525,2.4169928723096,0.705999503588585,0.487513880974026,0.772316347717489,0.754150309273029,1.59187511754749,0.250178090634617
"582",207,3055,0.135265700483092,0.0531400966183575,0.811594202898551,0.0531400966183575,0.328502415458937,0.478260869565217,0.0821256038647343,1.6044776119403,0.520535535632207,2.12710479836481,2.42494138303939,0.704719482906521,0.485895985112171,0.7785672538129,0.756222142271338,1.59264029438822,0.249710926954769
"583",207,3055,0.140096618357488,0.0483091787439614,0.811594202898551,0.0676328502415459,0.338164251207729,0.463768115942029,0.072463768115942,1.56428571428571,0.51188344960694,2.14612803567824,2.44477054835709,0.705017091584247,0.484656519440642,0.773007724307215,0.752485719780503,1.58018084517439,0.255611591947863
"584",206,3055,0.135922330097087,0.0533980582524272,0.810679611650486,0.0533980582524272,0.514563106796116,0.305825242718447,0.0728155339805825,1.62352941176471,0.485931560385153,2.23044892137827,2.38836451785726,0.718237880388612,0.487442295266433,0.764614958952147,0.73942013271394,1.58634686346863,0.237331673261932
"585",206,3055,0.145631067961165,0.0533980582524272,0.800970873786408,0.0728155339805825,0.349514563106796,0.466019417475728,0.0825242718446602,1.61428571428571,0.517127014798819,2.14612803567824,2.43323940165614,0.708790190608178,0.477436040348308,0.772879259084736,0.748092329565786,1.56482861400894,0.241589649494697
"586",207,3055,0.140096618357488,0.0531400966183575,0.806763285024155,0.0676328502415459,0.516908212560386,0.304347826086957,0.0821256038647343,1.57664233576642,0.51051628621291,2.13672056715641,2.42178840385944,0.706489077612305,0.482505307419585,0.776976628787739,0.752366145750572,1.58987718645329,0.248919565125568
"587",207,3055,0.14975845410628,0.0579710144927536,0.792270531400966,0.0579710144927536,0.323671497584541,0.478260869565217,0.072463768115942,1.5859872611465,0.494126865097457,2.19589965240923,2.41250252287169,0.70390278127843,0.489202000656278,0.773622796848468,0.753583369375134,1.62168543407192,0.239783591636764
"588",207,3055,0.135265700483092,0.0483091787439614,0.816425120772947,0.0628019323671498,0.333333333333333,0.463768115942029,0.0821256038647343,1.59420289855072,0.507429203424367,2.13987908640124,2.44129421208854,0.715052754961825,0.486578226690012,0.772570385628096,0.753590963519364,1.56590284142988,0.236710825198307
"589",206,3055,0.160194174757282,0.0485436893203883,0.79126213592233,0.0631067961165049,0.349514563106796,0.441747572815534,0.0728155339805825,1.55357142857143,0.498607985306213,2.22530928172586,2.41144973034338,0.716243516608952,0.480607908915516,0.778727401928671,0.748235336701232,1.57119144227222,0.232545114801317
"590",205,3055,0.141463414634146,0.0439024390243902,0.814634146341463,0.0634146341463415,0.341463414634146,0.482926829268293,0.0829268292682927,1.63703703703704,0.526993831669803,2.13033376849501,2.42867324561255,0.702633866019863,0.489297620404024,0.763063065540957,0.744064130256,1.59497359315243,0.244178460585094
"591",206,3055,0.145631067961165,0.0436893203883495,0.810679611650486,0.0679611650485437,0.339805825242718,0.485436893203884,0.0728155339805825,1.62043795620438,0.501928440841126,2.13672056715641,2.42495765939298,0.714562584799756,0.493622324154629,0.765696818236396,0.749893574976763,1.60947621691653,0.250436278659051
"592",207,3055,0.144927536231884,0.0483091787439614,0.806763285024155,0.0821256038647343,0.497584541062802,0.29951690821256,0.0821256038647343,1.57037037037037,0.496866911228492,2.13033376849501,2.4010581716372,0.707583507803186,0.491682367845583,0.774851991629484,0.75746711892685,1.59457450761799,0.242559850186107
"593",205,3055,0.151219512195122,0.0439024390243902,0.804878048780488,0.0682926829268293,0.341463414634146,0.48780487804878,0.0731707317073171,1.59440559440559,0.506823332802178,2.15533603746506,2.42558299517443,0.701303618960618,0.489109505544189,0.764745109762051,0.744610627474656,1.58016105417277,0.247346500761192
"594",207,3055,0.144927536231884,0.0531400966183575,0.801932367149758,0.0628019323671498,0.318840579710145,0.492753623188406,0.0821256038647343,1.6038961038961,0.490682213746007,2.18752072083646,2.42752907959405,0.703643478162893,0.491267600265077,0.768054751727556,0.750841803051034,1.60874336930675,0.240549936202809
"595",206,3055,0.140776699029126,0.058252427184466,0.800970873786408,0.0679611650485437,0.344660194174757,0.461165048543689,0.0728155339805825,1.57931034482759,0.522666314801664,2.16136800223497,2.38310955174292,0.708696111650159,0.486324115721721,0.770410935085308,0.746542860022356,1.60678716340834,0.237277212794958
"596",207,3055,0.140096618357488,0.0483091787439614,0.811594202898551,0.0628019323671498,0.342995169082126,0.463768115942029,0.0821256038647343,1.61224489795918,0.488903996400514,2.16731733474818,2.30638321515484,0.706113879159662,0.474841534253468,0.779615598795089,0.751776748607823,1.62755571928532,0.245461882296453
"597",205,3055,0.146341463414634,0.0439024390243902,0.809756097560976,0.0634146341463415,0.502439024390244,0.297560975609756,0.0829268292682927,1.61313868613139,0.488818731927854,2.13672056715641,2.43095903571154,0.706974936963476,0.489081460279269,0.769042228109196,0.747764897426117,1.59530845954932,0.249849280515592
"598",207,3055,0.144927536231884,0.0531400966183575,0.801932367149758,0.0531400966183575,0.333333333333333,0.483091787439614,0.072463768115942,1.56666666666667,0.523497103145984,2.17609125905568,2.44182335586941,0.710008281040181,0.48252323810157,0.773563083459945,0.75420831259792,1.57458256029685,0.251668267168007
"599",206,3055,0.160194174757282,0.0485436893203883,0.79126213592233,0.0485436893203883,0.349514563106796,0.485436893203884,0.0825242718446602,1.57051282051282,0.496597188450065,2.19312459835446,2.41817432022893,0.709260777010288,0.484913693362829,0.771282075838837,0.750476778917863,1.57940694924504,0.245997300980774
"600",206,3055,0.140776699029126,0.0533980582524272,0.805825242718447,0.0631067961165049,0.339805825242718,0.475728155339806,0.0728155339805825,1.59124087591241,0.508092518867026,2.13672056715641,2.42102286820932,0.715023471821382,0.485689338856837,0.768236340203867,0.747592280295705,1.5795033358043,0.243469777353625
"601",206,3840,0.121359223300971,0.0533980582524272,0.825242718446602,0.0825242718446602,0.553398058252427,0.300970873786408,0.0825242718446602,1.58208955223881,0.495065993363269,2.12710479836481,2.46298755118853,0.898461073191337,0.416098566417089,0.801536812869507,0.739087088317861,1.43855379801843,0.320812858133997
"602",206,3840,0.12621359223301,0.0485436893203883,0.825242718446602,0.0825242718446602,0.58252427184466,0.300970873786408,0.0825242718446602,1.65573770491803,0.494105616629453,2.08635983067475,2.46196244557729,0.898848821395779,0.419826150919394,0.797972703355404,0.738478394386472,1.43602225312935,0.313845228136748
"603",205,3840,0.117073170731707,0.0731707317073171,0.809756097560976,0.0829268292682927,0.321951219512195,0.536585365853659,0.0829268292682927,1.54491017964072,0.499476675846858,2.22271647114758,2.42409333632118,0.901561349123962,0.411870549477168,0.798226551325039,0.732677186671986,1.44059320572512,0.316926605727555
"604",207,3840,0.1256038647343,0.0676328502415459,0.806763285024155,0.0821256038647343,0.314009661835749,0.521739130434783,0.0821256038647343,1.59281437125748,0.504864154730737,2.22271647114758,2.43045818940137,0.907324741724064,0.42125616782533,0.803069043956195,0.744049641633053,1.44406136872953,0.314744866754939
"605",206,3840,0.121359223300971,0.0825242718446602,0.796116504854369,0.0825242718446602,0.543689320388349,0.305825242718447,0.0825242718446602,1.5,0.501426536422407,2.24551266781415,2.40017998313887,0.899146372093162,0.418499890884051,0.80219476845005,0.741349716828177,1.44182801325658,0.31793736701687
"606",207,3840,0.1256038647343,0.0579710144927536,0.816425120772947,0.0821256038647343,0.570048309178744,0.29951690821256,0.0821256038647343,1.65467625899281,0.506654703555764,2.14301480025409,2.44489690085465,0.89732643259685,0.421990342803044,0.802231243872417,0.744408199787558,1.44363636363636,0.311716205965167
"607",207,3840,0.1256038647343,0.0676328502415459,0.806763285024155,0.0821256038647343,0.545893719806763,0.29951690821256,0.0821256038647343,1.54938271604938,0.499098182200463,2.20951501454263,2.42873111903188,0.897635884416358,0.416294397127092,0.802816466168477,0.74162603919182,1.43960601347849,0.314352992261579
"608",205,3840,0.121951219512195,0.0731707317073171,0.804878048780488,0.0829268292682927,0.321951219512195,0.531707317073171,0.0829268292682927,1.55932203389831,0.497876848158461,2.24797326636181,2.42744008775804,0.895015825083074,0.417267961856603,0.79599852733516,0.734468924356423,1.44088245432609,0.315290877722262
"609",206,3840,0.121359223300971,0.0776699029126214,0.800970873786408,0.0825242718446602,0.305825242718447,0.533980582524272,0.0825242718446602,1.51412429378531,0.501218341017533,2.24797326636181,2.42507415864178,0.895157505616154,0.416183655015567,0.799116720308453,0.737360350113034,1.44136387118994,0.314117654644946
"610",206,3840,0.121359223300971,0.0728155339805825,0.805825242718447,0.0825242718446602,0.320388349514563,0.529126213592233,0.0825242718446602,1.51851851851852,0.501206274370741,2.20951501454263,2.43320183514941,0.898422641105537,0.416829760733434,0.801717914898265,0.739810159302607,1.44068965517241,0.315937660536877
"611",206,3840,0.12621359223301,0.0533980582524272,0.820388349514563,0.0825242718446602,0.563106796116505,0.305825242718447,0.0825242718446602,1.5531914893617,0.498935036064582,2.14921911265538,2.46435690761439,0.905068917461469,0.418745185143025,0.800241402928916,0.739728789266821,1.43823938761308,0.319175174366627
"612",207,3840,0.1256038647343,0.0676328502415459,0.806763285024155,0.0821256038647343,0.342995169082126,0.521739130434783,0.0821256038647343,1.5375,0.512577651733475,2.20411998265592,2.43681182219718,0.902191342273131,0.419656810042744,0.804162630982345,0.744694922010548,1.4435247456458,0.315476298887473
"613",207,3840,0.1256038647343,0.072463768115942,0.801932367149758,0.0821256038647343,0.560386473429952,0.29951690821256,0.0821256038647343,1.50649350649351,0.501589020722337,2.18752072083646,2.42253625475735,0.906287057985519,0.423152283487777,0.801916288573126,0.745416018236982,1.43582608695652,0.314930808404865
"614",205,3840,0.121951219512195,0.0682926829268293,0.809756097560976,0.0829268292682927,0.331707317073171,0.526829268292683,0.0829268292682927,1.51176470588235,0.513005245761588,2.23044892137827,2.43507521450976,0.903723346007611,0.419071271337702,0.796503030562109,0.735025250005763,1.44346625237355,0.319678841408002
"615",206,3840,0.12621359223301,0.058252427184466,0.815533980582524,0.0825242718446602,0.344660194174757,0.538834951456311,0.0825242718446602,1.60666666666667,0.490126222157652,2.17609125905568,2.4416050655276,0.904321556373822,0.418635243421261,0.799900622863796,0.739599536103968,1.44071009996553,0.313467297266457
"616",207,3840,0.1256038647343,0.0772946859903382,0.797101449275362,0.0821256038647343,0.333333333333333,0.531400966183575,0.0821256038647343,1.48633879781421,0.512030256417,2.26245108973043,2.42815805079948,0.905569977185958,0.416063569119678,0.805440287076774,0.744083114371393,1.44105480868666,0.313868076176397
"617",206,3840,0.121359223300971,0.0631067961165049,0.815533980582524,0.0825242718446602,0.339805825242718,0.524271844660194,0.0825242718446602,1.58108108108108,0.508613073649566,2.17026171539496,2.44712352676072,0.89874279315501,0.417390041132162,0.802035848767805,0.740240792821625,1.44584339427389,0.318707388423178
"618",207,3840,0.1256038647343,0.0628019323671498,0.811594202898551,0.0821256038647343,0.570048309178744,0.29951690821256,0.0821256038647343,1.5531914893617,0.498935036064582,2.14921911265538,2.44325898774131,0.902934886640093,0.421652949846358,0.803365832106654,0.745143898340985,1.4371841784283,0.31392671803139
"619",206,3840,0.121359223300971,0.0485436893203883,0.830097087378641,0.0825242718446602,0.577669902912621,0.300970873786408,0.0825242718446602,1.66393442622951,0.491424909773137,2.08635983067475,2.46233025749129,0.900679588809769,0.418169785531785,0.801404273261458,0.740078138498094,1.44277316735823,0.319132421656059
"620",207,3840,0.1256038647343,0.0628019323671498,0.811594202898551,0.0821256038647343,0.323671497584541,0.516908212560386,0.0821256038647343,1.58125,0.494903268612179,2.20411998265592,2.45549264628453,0.902040437387794,0.419385415544384,0.803046891188556,0.743164458534673,1.44141971054445,0.317585435190534
"621",204,3840,0.117647058823529,0.053921568627451,0.82843137254902,0.0833333333333333,0.352941176470588,0.534313725490196,0.0833333333333333,1.61832061068702,0.4876634284986,2.11727129565576,2.46167990225991,0.891953949484384,0.41375506109265,0.795120127451423,0.730628216017425,1.44084166954122,0.318133939786261
"622",206,3840,0.121359223300971,0.087378640776699,0.79126213592233,0.0825242718446602,0.300970873786408,0.533980582524272,0.0825242718446602,1.47058823529412,0.500362082747142,2.3096301674259,2.39192061182175,0.897787333414901,0.417627508761139,0.800077669585227,0.738392082206773,1.44059320572512,0.319158803553853
"623",207,3840,0.1256038647343,0.0676328502415459,0.806763285024155,0.0821256038647343,0.536231884057971,0.304347826086957,0.0821256038647343,1.52795031055901,0.500775795656627,2.20682587603185,2.44515955162745,0.898274831908934,0.419648331621406,0.803817448444546,0.744871679032922,1.43535757786671,0.313684471556787
"624",206,3840,0.12621359223301,0.0533980582524272,0.820388349514563,0.0825242718446602,0.349514563106796,0.533980582524272,0.0825242718446602,1.56756756756757,0.49709581280096,2.17026171539496,2.45214065443993,0.90668329069903,0.416455821703753,0.800595306496184,0.73899605576446,1.44049672300793,0.317474586103181
"625",206,3840,0.121359223300971,0.0728155339805825,0.805825242718447,0.0825242718446602,0.330097087378641,0.538834951456311,0.0825242718446602,1.59731543624161,0.49209237606819,2.17318626841227,2.4117589033401,0.898700118701599,0.417025095416259,0.802185940404765,0.741144308763044,1.44214162348877,0.317997131301385
"626",206,3840,0.121359223300971,0.0728155339805825,0.805825242718447,0.0825242718446602,0.538834951456311,0.305825242718447,0.0825242718446602,1.5,0.501459857121279,2.23552844690755,2.42035399394298,0.901028191002982,0.415706934542426,0.801519142188072,0.738751649760495,1.43545581071677,0.319239434703723
"627",206,3840,0.121359223300971,0.058252427184466,0.820388349514563,0.0825242718446602,0.359223300970874,0.529126213592233,0.0825242718446602,1.57142857142857,0.51092886414233,2.14612803567824,2.44810400326924,0.89857771527225,0.421551610618288,0.801156807326925,0.742485598891928,1.44031141868512,0.317357109072505
"628",207,3840,0.1256038647343,0.0579710144927536,0.816425120772947,0.0821256038647343,0.357487922705314,0.536231884057971,0.0821256038647343,1.59574468085106,0.492496894903269,2.14921911265538,2.44537077308081,0.90441075777066,0.422538031766947,0.801911851699595,0.744561132046839,1.44107512060648,0.315815633215884
"629",207,3840,0.1256038647343,0.0676328502415459,0.806763285024155,0.0821256038647343,0.342995169082126,0.521739130434783,0.0821256038647343,1.60869565217391,0.502169207581945,2.20682587603185,2.43717968638513,0.90587755224235,0.41662758958293,0.804587267734331,0.742953773254937,1.44086206896552,0.317123393011833
"630",204,3840,0.112745098039216,0.0686274509803922,0.818627450980392,0.0833333333333333,0.323529411764706,0.534313725490196,0.0833333333333333,1.58571428571429,0.508711367977518,2.14612803567824,2.4351157202962,0.899651730609821,0.412796247171258,0.795402333210825,0.730191327603975,1.43950916004148,0.32104799529417
"631",206,3840,0.121359223300971,0.0631067961165049,0.815533980582524,0.0825242718446602,0.558252427184466,0.300970873786408,0.0825242718446602,1.58064516129032,0.495053030636132,2.19033169817029,2.43492283658636,0.896638298632837,0.420643470120558,0.80041837427228,0.74054686874961,1.43533729465222,0.316063318239236
"632",206,3840,0.121359223300971,0.0631067961165049,0.815533980582524,0.0825242718446602,0.344660194174757,0.538834951456311,0.0825242718446602,1.62658227848101,0.4852496529326,2.19865708695442,2.4151732053403,0.903281108734653,0.416999622168428,0.801324738974006,0.740135549988052,1.44001380977041,0.318530322854337
"633",206,3840,0.121359223300971,0.058252427184466,0.820388349514563,0.0825242718446602,0.330097087378641,0.533980582524272,0.0825242718446602,1.57553956834532,0.496048403233532,2.14301480025409,2.45678271315247,0.900856452740866,0.418804372577339,0.80027237573908,0.739374485957375,1.44173582295989,0.317031308932412
"634",207,3840,0.1256038647343,0.0676328502415459,0.806763285024155,0.0821256038647343,0.570048309178744,0.304347826086957,0.0821256038647343,1.58666666666667,0.494081300087543,2.17609125905568,2.43398293305831,0.900886667877024,0.420698352834671,0.80254164217731,0.744771362627656,1.43856005538249,0.311619415222037
"635",207,3840,0.1256038647343,0.0676328502415459,0.806763285024155,0.0821256038647343,0.318840579710145,0.526570048309179,0.0821256038647343,1.58928571428571,0.517135791509894,2.22530928172586,2.43361450236503,0.90703783787401,0.419215704761747,0.80196952914083,0.741918632295559,1.44465484592873,0.311646694058643
"636",205,3840,0.117073170731707,0.0585365853658537,0.824390243902439,0.0829268292682927,0.570731707317073,0.302439024390244,0.0829268292682927,1.60992907801418,0.50388561124511,2.14921911265538,2.45054075630128,0.903845495327428,0.416845503568273,0.798098520180984,0.73609834413891,1.44051113797272,0.319131100869947
"637",206,3840,0.121359223300971,0.0679611650485437,0.810679611650486,0.0825242718446602,0.330097087378641,0.529126213592233,0.0825242718446602,1.50967741935484,0.501526784972892,2.19033169817029,2.43538854110332,0.900089941731096,0.419767107556514,0.801744414202854,0.741860601682182,1.44392764857881,0.321163501721527
"638",205,3840,0.121951219512195,0.0536585365853659,0.824390243902439,0.0829268292682927,0.326829268292683,0.531707317073171,0.0829268292682927,1.61940298507463,0.487355548205786,2.12710479836481,2.46104898975121,0.905943394323768,0.410911209968309,0.799254470994509,0.732696424258592,1.44042076220038,0.319575692408286
"639",206,3840,0.121359223300971,0.0728155339805825,0.805825242718447,0.0825242718446602,0.543689320388349,0.300970873786408,0.0825242718446602,1.55629139072848,0.498474494023569,2.17897694729317,2.43466235122155,0.901052584856465,0.414324761795563,0.802856595193082,0.739321804753652,1.4393153526971,0.315952312654363
"640",207,3840,0.1256038647343,0.0579710144927536,0.816425120772947,0.0821256038647343,0.599033816425121,0.304347826086957,0.0821256038647343,1.60958904109589,0.489521760584727,2.16435285578444,2.43412208368988,0.899322052079566,0.423017729296258,0.804560734503283,0.747570374205396,1.44067209423177,0.316887834815417
"641",206,3840,0.121359223300971,0.0776699029126214,0.800970873786408,0.0825242718446602,0.553398058252427,0.300970873786408,0.0825242718446602,1.51445086705202,0.501241904373353,2.2380461031288,2.41286346328495,0.904237691307384,0.417109995006952,0.800484728439163,0.738468804642464,1.43417611159547,0.310540311664587
"642",206,3840,0.121359223300971,0.0776699029126214,0.800970873786408,0.0825242718446602,0.524271844660194,0.305825242718447,0.0825242718446602,1.54878048780488,0.499138866409436,2.2148438480477,2.42434755857888,0.897465180977735,0.416880726431131,0.801625160433807,0.739613898681963,1.43545581071677,0.315134498233854
"643",206,3840,0.121359223300971,0.058252427184466,0.820388349514563,0.0825242718446602,0.344660194174757,0.524271844660194,0.0825242718446602,1.59459459459459,0.506257951483204,2.17026171539496,2.45475898530838,0.894936495582034,0.415570628247768,0.801214261588221,0.738689337257392,1.44153607714827,0.315559841274956
"644",207,3840,0.1256038647343,0.0676328502415459,0.806763285024155,0.0821256038647343,0.333333333333333,0.526570048309179,0.0821256038647343,1.55414012738854,0.498650800925945,2.19589965240923,2.42728311725196,0.898484160541397,0.418442651626541,0.802643603991814,0.743212333223391,1.44327586206897,0.31650621276204
"645",205,3840,0.121951219512195,0.0585365853658537,0.819512195121951,0.0829268292682927,0.551219512195122,0.307317073170732,0.0829268292682927,1.56666666666667,0.497195715406262,2.17609125905568,2.43508558324103,0.898896306034997,0.414412262465787,0.797904226800325,0.734377761883805,1.43516100957354,0.320919791009496
"646",207,3840,0.1256038647343,0.0772946859903382,0.797101449275362,0.0821256038647343,0.323671497584541,0.531400966183575,0.0821256038647343,1.47802197802198,0.50089471281543,2.26007138798507,2.41933424365481,0.901450580184008,0.420808283963014,0.80408298662591,0.745353964549855,1.43982041098256,0.313686633004555
"647",207,3840,0.1256038647343,0.0676328502415459,0.806763285024155,0.0821256038647343,0.565217391304348,0.304347826086957,0.0821256038647343,1.58503401360544,0.494400666851387,2.16731733474818,2.41845804631589,0.895793806026464,0.422630647372303,0.804321896035942,0.746756072195712,1.43767409470752,0.319230913193976
"648",207,3840,0.1256038647343,0.0676328502415459,0.806763285024155,0.0821256038647343,0.338164251207729,0.526570048309179,0.0821256038647343,1.6374269005848,0.482154892346099,2.23299611039215,2.41477618737359,0.904779318833815,0.418944024512788,0.802683498567505,0.74298729536386,1.44371660058611,0.317061664381009
"649",205,3840,0.121951219512195,0.0536585365853659,0.824390243902439,0.0829268292682927,0.341463414634146,0.541463414634146,0.0829268292682927,1.6231884057971,0.501135914817595,2.13987908640124,2.45075649112237,0.902707779918471,0.416346451446114,0.798451659745335,0.735351176259199,1.43979961996891,0.317194979254942
"650",205,3840,0.117073170731707,0.0634146341463415,0.819512195121951,0.0829268292682927,0.35609756097561,0.521951219512195,0.0829268292682927,1.61486486486486,0.488279621136279,2.17026171539496,2.28651927510784,0.904296520423279,0.412836195286419,0.798954613933082,0.734320179754184,1.43340897189736,0.319189342885298
"651",207,3840,0.1256038647343,0.0676328502415459,0.806763285024155,0.0821256038647343,0.347826086956522,0.526570048309179,0.0821256038647343,1.58928571428571,0.493434221606266,2.22530928172586,2.27848231725186,0.904939708377128,0.418400134783844,0.804565156769223,0.744283919188619,1.43368237347295,0.315115540367653
"652",205,3840,0.117073170731707,0.0634146341463415,0.819512195121951,0.0829268292682927,0.326829268292683,0.536585365853659,0.0829268292682927,1.6241610738255,0.49968246764772,2.17318626841227,2.43663787787366,0.898928134368329,0.41501554217954,0.798345734277812,0.734857437496023,1.4399930927301,0.319403761596636
"653",206,3840,0.121359223300971,0.058252427184466,0.820388349514563,0.0825242718446602,0.349514563106796,0.529126213592233,0.0825242718446602,1.5985401459854,0.491992557550694,2.13672056715641,2.4540317502275,0.898461677907934,0.421291140968828,0.801894560387999,0.743029061785855,1.44152249134948,0.316762118252629
"654",206,3840,0.121359223300971,0.0679611650485437,0.810679611650486,0.0825242718446602,0.339805825242718,0.533980582524272,0.0825242718446602,1.52469135802469,0.513187787647651,2.20951501454263,2.44125474331979,0.900730400933732,0.416387796709678,0.803090310240483,0.74124940837273,1.44258331894319,0.320804444175498
"655",207,3840,0.1256038647343,0.0579710144927536,0.816425120772947,0.0821256038647343,0.550724637681159,0.304347826086957,0.0821256038647343,1.5578231292517,0.49834316861772,2.16731733474818,2.45351080050489,0.902151078428782,0.418740148650729,0.804830448258779,0.744432097524056,1.44442523768366,0.316151248320446
"656",205,3840,0.117073170731707,0.0878048780487805,0.795121951219512,0.0829268292682927,0.307317073170732,0.526829268292683,0.0829268292682927,1.51869158878505,0.500822017455659,2.33041377334919,2.24571800968808,0.903154176837502,0.416177145423702,0.798389871597175,0.734852642289788,1.43612565445026,0.319119826381406
"657",206,3840,0.121359223300971,0.0825242718446602,0.796116504854369,0.0825242718446602,0.315533980582524,0.519417475728155,0.0825242718446602,1.54945054945055,0.498921184527037,2.26007138798507,2.40151001986688,0.897798418794849,0.418212121292029,0.801598657186918,0.740972295428051,1.43953006219765,0.321755352251727
"658",205,3840,0.117073170731707,0.0731707317073171,0.809756097560976,0.0829268292682927,0.317073170731707,0.531707317073171,0.0829268292682927,1.49700598802395,0.501494771645751,2.22271647114758,2.4276492094578,0.89680012370952,0.41729329575345,0.795617725485748,0.734190603450427,1.44317985859631,0.313958368748381
"659",204,3840,0.117647058823529,0.0490196078431373,0.833333333333333,0.0833333333333333,0.588235294117647,0.303921568627451,0.0833333333333333,1.632,0.500580308403447,2.09691001300806,2.46041368973921,0.903751844724886,0.413610956790267,0.79638486262618,0.731088826298892,1.43765238592825,0.323054392910685
"660",206,3840,0.121359223300971,0.0825242718446602,0.796116504854369,0.0825242718446602,0.310679611650485,0.533980582524272,0.0825242718446602,1.53513513513514,0.500117495008084,2.26717172840301,2.41845395617369,0.896577450516097,0.419041038715334,0.802225665843509,0.741473889448168,1.44026243093923,0.316251970889042
"661",206,3840,0.121359223300971,0.0728155339805825,0.805825242718447,0.0825242718446602,0.315533980582524,0.529126213592233,0.0825242718446602,1.58426966292135,0.494237728750841,2.25042000230889,2.41585495006518,0.899494263432467,0.419944212740999,0.79989176949906,0.73969049438799,1.44149577804584,0.316042614446536
"662",207,3840,0.1256038647343,0.0772946859903382,0.797101449275362,0.0821256038647343,0.531400966183575,0.304347826086957,0.0821256038647343,1.57317073170732,0.496131978405955,2.2148438480477,2.42671187034501,0.901307084658654,0.419062906294132,0.804060861793516,0.744499007105301,1.43562978427279,0.3143272102175
"663",206,3840,0.12621359223301,0.058252427184466,0.815533980582524,0.0825242718446602,0.533980582524272,0.305825242718447,0.0825242718446602,1.62237762237762,0.486496468788421,2.15533603746506,2.45703006286768,0.905711934106544,0.42099686864828,0.799927182370086,0.74005900034504,1.43777197563098,0.315424370230035
"664",206,3840,0.121359223300971,0.0825242718446602,0.796116504854369,0.0825242718446602,0.320388349514563,0.533980582524272,0.0825242718446602,1.48520710059172,0.513003630309948,2.22788670461367,2.41210438872745,0.896778460597592,0.419074837253121,0.803694126687801,0.742886083780743,1.44795442775764,0.319822721569285
"665",206,3840,0.12621359223301,0.058252427184466,0.815533980582524,0.0825242718446602,0.577669902912621,0.300970873786408,0.0825242718446602,1.54054054054054,0.500045962219153,2.17026171539496,2.4464920461949,0.903241180117802,0.416821265844625,0.802556634697054,0.740924506858934,1.43894846074023,0.315763643750881
"666",206,3840,0.121359223300971,0.0679611650485437,0.810679611650486,0.0825242718446602,0.548543689320388,0.305825242718447,0.0825242718446602,1.55828220858896,0.522318661416791,2.21218760440396,2.43237211499316,0.894542788361292,0.418271384157476,0.801863650236391,0.740575556882286,1.43694400837258,0.325373854756317
"667",207,3840,0.1256038647343,0.0531400966183575,0.821256038647343,0.0821256038647343,0.57487922705314,0.29951690821256,0.0821256038647343,1.62878787878788,0.484969551736495,2.12057393120585,2.45624395891979,0.899606095128505,0.420715267185599,0.803551822514614,0.744995861581463,1.43950916004148,0.31503321705437
"668",205,3840,0.121951219512195,0.0780487804878049,0.8,0.0829268292682927,0.321951219512195,0.536585365853659,0.0829268292682927,1.52808988764045,0.511779605646727,2.25042000230889,2.41149339262383,0.897047367047195,0.416211012137799,0.798213307676245,0.735566783343278,1.43979961996891,0.320705288808987
"669",205,3840,0.117073170731707,0.0585365853658537,0.824390243902439,0.0829268292682927,0.336585365853659,0.531707317073171,0.0829268292682927,1.59574468085106,0.506792764130543,2.14921911265538,2.45502234779427,0.898127831492946,0.415227755965345,0.798306008603932,0.734464126613644,1.44287193648602,0.31965872113659
"670",207,3840,0.1256038647343,0.0579710144927536,0.816425120772947,0.0821256038647343,0.328502415458937,0.526570048309179,0.0821256038647343,1.57615894039735,0.495810260653747,2.17897694729317,2.45160455167813,0.902700101109013,0.423345630213936,0.801663347590134,0.744551574700924,1.44434872501723,0.313884925328233
"671",206,3840,0.121359223300971,0.0728155339805825,0.805825242718447,0.0825242718446602,0.519417475728155,0.305825242718447,0.0825242718446602,1.54597701149425,0.499318517709321,2.2405492482826,2.42258473365667,0.896212038156106,0.416166638687635,0.800334317763481,0.737586014807281,1.43953006219765,0.320124158199955
"672",206,3840,0.12621359223301,0.0533980582524272,0.820388349514563,0.0825242718446602,0.359223300970874,0.538834951456311,0.0825242718446602,1.62585034013605,0.512993956461791,2.16731733474818,2.43940595848429,0.906682985895485,0.418212121292029,0.801086088733199,0.740202524431645,1.44155172413793,0.318291263569711
"673",204,3840,0.117647058823529,0.0735294117647059,0.808823529411765,0.0833333333333333,0.303921568627451,0.534313725490196,0.0833333333333333,1.48369565217391,0.501097631034101,2.26481782300954,2.42284104954628,0.903661203188066,0.411136398075845,0.795159818688251,0.728190785450819,1.44097880406686,0.322354592309449
"674",206,3840,0.121359223300971,0.0728155339805825,0.805825242718447,0.0825242718446602,0.339805825242718,0.519417475728155,0.0825242718446602,1.53846153846154,0.500124054089491,2.19312459835446,2.43585270829378,0.900640180287524,0.413794560530752,0.80323579657767,0.739680920358499,1.44049672300793,0.321023526601835
"675",207,3840,0.1256038647343,0.0579710144927536,0.816425120772947,0.0821256038647343,0.565217391304348,0.29951690821256,0.0821256038647343,1.57664233576642,0.495904220727834,2.13672056715641,2.4468434838849,0.900571665263944,0.421872285961424,0.805343097337168,0.746765601327761,1.43296626463905,0.320413243172361
"676",207,3840,0.1256038647343,0.0628019323671498,0.811594202898551,0.0821256038647343,0.342995169082126,0.531400966183575,0.0821256038647343,1.58940397350993,0.506905950235451,2.17897694729317,2.43296267082024,0.904827865092777,0.420968900896161,0.8021159224806,0.744111804091539,1.44078607136701,0.313769956358488
"677",206,3840,0.12621359223301,0.0679611650485437,0.805825242718447,0.0825242718446602,0.572815533980582,0.300970873786408,0.0825242718446602,1.53416149068323,0.500388048176377,2.20682587603185,2.42513334185063,0.901757691167614,0.415630267752093,0.798886275068101,0.7374371798894,1.43865720712926,0.314647258053937
"678",207,3840,0.1256038647343,0.0772946859903382,0.797101449275362,0.0821256038647343,0.555555555555556,0.29951690821256,0.0821256038647343,1.54237288135593,0.499614643488032,2.24797326636181,2.42484618405644,0.901664617022005,0.415909612610002,0.804180328657035,0.743336792983866,1.43894846074023,0.314522430135027
"679",206,3840,0.121359223300971,0.0631067961165049,0.815533980582524,0.0825242718446602,0.320388349514563,0.529126213592233,0.0825242718446602,1.6,0.491539152311424,2.17609125905568,2.44873029450432,0.901779711437795,0.414683545240876,0.800940211913628,0.737715620753851,1.4411714039621,0.314111963104275
"680",206,3840,0.121359223300971,0.0679611650485437,0.810679611650486,0.0825242718446602,0.325242718446602,0.524271844660194,0.0825242718446602,1.56962025316456,0.496703638556584,2.19865708695442,2.43334693218226,0.894413020838066,0.416056015592223,0.80092252806944,0.738895427788759,1.43972366148532,0.319021506443151
"681",207,3840,0.1256038647343,0.0628019323671498,0.811594202898551,0.0821256038647343,0.338164251207729,0.521739130434783,0.0821256038647343,1.55900621118012,0.498055224057714,2.20682587603185,2.4466760849939,0.905160146259479,0.419707676974089,0.803303825734512,0.743595219770238,1.44126765415088,0.316114781875992
"682",207,3840,0.1256038647343,0.0628019323671498,0.811594202898551,0.0821256038647343,0.560386473429952,0.294685990338164,0.0821256038647343,1.58552631578947,0.507481496708568,2.18184358794477,2.44249846935158,0.906049664174334,0.419215704761747,0.80383072743692,0.744570689270075,1.4381067961165,0.311176585834015
"683",206,3840,0.121359223300971,0.058252427184466,0.820388349514563,0.0825242718446602,0.339805825242718,0.524271844660194,0.0825242718446602,1.57777777777778,0.495753108188549,2.13033376849501,2.45301520942099,0.898323834356514,0.417423973350132,0.800988840472065,0.739455894980847,1.44026243093923,0.319863898409355
"684",207,3840,0.1256038647343,0.072463768115942,0.801932367149758,0.0821256038647343,0.323671497584541,0.531400966183575,0.0821256038647343,1.53571428571429,0.512044828020439,2.22530928172586,2.42597367948265,0.904489524858691,0.420833648606862,0.802656902404032,0.74391095281507,1.44202898550725,0.315617671837482
"685",206,3840,0.121359223300971,0.0679611650485437,0.810679611650486,0.0825242718446602,0.548543689320388,0.300970873786408,0.0825242718446602,1.52201257861635,0.501093462408586,2.20139712432045,2.42784629455037,0.89352851323095,0.415110264065274,0.801788577764262,0.738813957008083,1.43858131487889,0.3152072111613
"686",207,3840,0.1256038647343,0.0628019323671498,0.811594202898551,0.0821256038647343,0.328502415458937,0.521739130434783,0.0821256038647343,1.61490683229814,0.488135634343087,2.20682587603185,2.28873117116841,0.902206825878214,0.421492593581797,0.8012371612311,0.742910671178,1.43417611159547,0.315976722234897
"687",205,3840,0.117073170731707,0.0731707317073171,0.809756097560976,0.0829268292682927,0.546341463414634,0.307317073170732,0.0829268292682927,1.60248447204969,0.490911182211075,2.20682587603185,2.4211292299767,0.897654777612789,0.41739461596435,0.79642781789983,0.734852642289788,1.43835854633977,0.318323365835947
"688",205,3840,0.121951219512195,0.0634146341463415,0.814634146341463,0.0829268292682927,0.546341463414634,0.307317073170732,0.0829268292682927,1.54304635761589,0.499801285015666,2.17897694729317,2.45046272799147,0.895219097714143,0.41421664540968,0.798456073001526,0.734363366774687,1.4393913193844,0.317073972817244
"689",206,3840,0.121359223300971,0.0825242718446602,0.796116504854369,0.0825242718446602,0.300970873786408,0.533980582524272,0.0825242718446602,1.50526315789474,0.511739107855256,2.27875360095283,2.41428308694083,0.902409099220203,0.416124094823509,0.800652801050373,0.738233817001122,1.44115112872652,0.314062011825278
"690",207,3840,0.1256038647343,0.0772946859903382,0.797101449275362,0.0821256038647343,0.536231884057971,0.304347826086957,0.0821256038647343,1.56284153005464,0.497396090006435,2.26245108973043,2.41053785243394,0.900162464498863,0.422285340511383,0.802847488773302,0.744790471556091,1.43496430437054,0.315948267381226
"691",206,3840,0.121359223300971,0.0728155339805825,0.805825242718447,0.0825242718446602,0.354368932038835,0.524271844660194,0.0825242718446602,1.59659090909091,0.514686892588686,2.24551266781415,2.26524543047727,0.899048793134673,0.418296779958128,0.801514724456841,0.74110130917228,1.43613489428621,0.317708468334045
"692",207,3840,0.1256038647343,0.0772946859903382,0.797101449275362,0.0821256038647343,0.541062801932367,0.304347826086957,0.0821256038647343,1.5632183908046,0.497418757424625,2.2405492482826,2.39192082796971,0.906707514129173,0.420131328565373,0.803073474436393,0.743394228922318,1.43872762037198,0.313678517959429
"693",207,3840,0.1256038647343,0.0821256038647343,0.792270531400966,0.0821256038647343,0.323671497584541,0.531400966183575,0.0821256038647343,1.45026178010471,0.509269274812838,2.28103336724773,2.4048901430346,0.902993755038669,0.418391630896839,0.804428055220471,0.744575467835691,1.44016577447764,0.317320878632303
"694",207,3840,0.1256038647343,0.072463768115942,0.801932367149758,0.0821256038647343,0.555555555555556,0.304347826086957,0.0821256038647343,1.57225433526012,0.496187914570074,2.2380461031288,2.42247158790583,0.89801191926439,0.417582971941373,0.805930474741712,0.745344417370212,1.43407743285664,0.318874000096384
"695",206,3840,0.121359223300971,0.0825242718446602,0.796116504854369,0.0825242718446602,0.533980582524272,0.305825242718447,0.0825242718446602,1.53804347826087,0.499910897263839,2.26481782300954,2.41316903104522,0.89920242405052,0.417407007585953,0.801558900673485,0.740499052725317,1.44111534464842,0.316336488898841
"696",205,3840,0.121951219512195,0.0585365853658537,0.819512195121951,0.0829268292682927,0.336585365853659,0.536585365853659,0.0829268292682927,1.61290322580645,0.488664981966087,2.19033169817029,2.43882798519108,0.899292022049141,0.41174219614045,0.797952804580658,0.732922428077755,1.44107512060648,0.31996896878746
"697",206,3840,0.12621359223301,0.0533980582524272,0.820388349514563,0.0825242718446602,0.339805825242718,0.524271844660194,0.0825242718446602,1.59027777777778,0.493498916960494,2.15836249209525,2.45181096958072,0.906000127604881,0.417415490554238,0.800798730225901,0.739293067969355,1.44337183244268,0.319421230864685
"698",206,3840,0.12621359223301,0.058252427184466,0.815533980582524,0.0825242718446602,0.344660194174757,0.519417475728155,0.0825242718446602,1.58620689655172,0.494219458907901,2.16136800223497,2.45621261979658,0.903105444469036,0.420365591424247,0.800701447063975,0.741364045499609,1.44327586206897,0.318840533365796
"699",206,3840,0.121359223300971,0.0679611650485437,0.810679611650486,0.0825242718446602,0.558252427184466,0.305825242718447,0.0825242718446602,1.62913907284768,0.484642741817587,2.17897694729317,2.4325389887782,0.893971671427837,0.416846749991701,0.801382181195618,0.739747935962826,1.43805233061861,0.316907371292233
"700",206,3840,0.121359223300971,0.0631067961165049,0.815533980582524,0.0825242718446602,0.325242718446602,0.519417475728155,0.0825242718446602,1.56497175141243,0.497167116011244,2.24797326636181,2.27854298083304,0.899048330518356,0.414717698904502,0.802071166973917,0.73804673254868,1.43533729465222,0.319007612999251
"701",206,3287,0.12621359223301,0.116504854368932,0.757281553398058,0.0825242718446602,0.233009708737864,0.538834951456311,0.0825242718446602,1.5952380952381,0.523222796215175,2.40140054078154,2.36899388872171,0.749065765770039,0.485140894203448,0.801079566715686,0.803348451218096,1.53108761870632,0.325849922356043
"702",206,3287,0.121359223300971,0.140776699029126,0.737864077669903,0.0825242718446602,0.20873786407767,0.538834951456311,0.0825242718446602,1.58064516129032,0.518433863815416,2.39445168082622,2.32696641807651,0.749485384994304,0.482670528277365,0.803974287685279,0.804004853722107,1.52635392139105,0.337675383534062
"703",204,3287,0.112745098039216,0.102941176470588,0.784313725490196,0.0833333333333333,0.240196078431373,0.544117647058823,0.0833333333333333,1.55660377358491,0.507389727085176,2.32633586092875,2.39807878804734,0.749193686516444,0.480966980784064,0.797408122557087,0.794093734891506,1.52414414414414,0.313190184903322
"704",205,3287,0.121951219512195,0.0829268292682927,0.795121951219512,0.0829268292682927,0.263414634146341,0.541463414634146,0.0829268292682927,1.56666666666667,0.529572400502803,2.25527250510331,2.41996188012171,0.754620636970579,0.490486043916,0.796222352680853,0.800404986359118,1.52490490853106,0.318563893814759
"705",207,3287,0.1256038647343,0.101449275362319,0.772946859903382,0.0821256038647343,0.251207729468599,0.536231884057971,0.0821256038647343,1.57918552036199,0.538787584192784,2.34439227368511,2.39141199832907,0.760943969154794,0.496576803580947,0.807441354745375,0.815485352194717,1.53283473184969,0.318758636349209
"706",206,3287,0.12621359223301,0.121359223300971,0.75242718446602,0.0825242718446602,0.228155339805825,0.538834951456311,0.0825242718446602,1.57915057915058,0.525059661163063,2.41329976408125,2.35585994170513,0.759328760883952,0.486973021905961,0.803926127747376,0.807069002191864,1.52936975540082,0.324004759624708
"707",206,3287,0.121359223300971,0.116504854368932,0.762135922330097,0.0825242718446602,0.233009708737864,0.538834951456311,0.0825242718446602,1.559670781893,0.497451246261618,2.38560627359831,2.36594917095051,0.754635771271917,0.483441996588112,0.804022444738462,0.805352111542035,1.52972875875696,0.334139744006395
"708",205,3287,0.121951219512195,0.126829268292683,0.751219512195122,0.0829268292682927,0.219512195121951,0.541463414634146,0.0829268292682927,1.536,0.523258250567679,2.39794000867204,2.35149534926633,0.751069778149417,0.476984797665915,0.803304546816246,0.799670520848198,1.51984055082442,0.321992113061064
"709",206,3287,0.12621359223301,0.111650485436893,0.762135922330097,0.0825242718446602,0.237864077669903,0.538834951456311,0.0825242718446602,1.57205240174672,0.504632641141228,2.35983548233989,2.38378262452154,0.759697143652639,0.487608670080334,0.805567958327778,0.807500651242102,1.52346041055718,0.321067777871879
"710",205,3287,0.121951219512195,0.0878048780487805,0.790243902439024,0.0829268292682927,0.258536585365854,0.536585365853659,0.0829268292682927,1.59162303664921,0.513740651643152,2.28103336724773,2.41421926234268,0.754719164405124,0.490917917781035,0.799813443526747,0.803707767919897,1.52744068103604,0.327886436507693
"711",205,3287,0.117073170731707,0.121951219512195,0.760975609756098,0.0829268292682927,0.224390243902439,0.541463414634146,0.0829268292682927,1.54237288135593,0.524206679990398,2.37291200297011,2.37079563016939,0.749152315558206,0.487264442811127,0.802194570503321,0.802832354231283,1.52958257713249,0.314295735752442
"712",206,3287,0.12621359223301,0.116504854368932,0.757281553398058,0.0825242718446602,0.233009708737864,0.538834951456311,0.0825242718446602,1.628,0.56113768542848,2.39794000867204,2.37316326849863,0.756662260706117,0.482720661053213,0.802105975150923,0.801665853193772,1.5286359530262,0.314583297716504
"713",206,3287,0.121359223300971,0.135922330097087,0.742718446601942,0.0825242718446602,0.213592233009709,0.538834951456311,0.0825242718446602,1.54508196721311,0.507167143821685,2.38738982633873,2.33494177702037,0.743702723824241,0.48164668063789,0.806654655770378,0.805856752530439,1.52766726943942,0.327793049050346
"714",206,3287,0.121359223300971,0.135922330097087,0.742718446601942,0.0825242718446602,0.213592233009709,0.533980582524272,0.0825242718446602,1.62043795620438,0.501008314602964,2.43775056282039,2.35182814574666,0.76223887042182,0.480922652317448,0.80544779130865,0.80530403400272,1.52379235760634,0.319718473627124
"715",205,3287,0.117073170731707,0.11219512195122,0.770731707317073,0.0829268292682927,0.234146341463415,0.541463414634146,0.0829268292682927,1.56218905472637,0.507309751610988,2.30319605742049,2.38693052257127,0.75219799773853,0.484319831158984,0.797570151702372,0.799122242277121,1.52578434908042,0.321231875294822
"716",206,3287,0.121359223300971,0.121359223300971,0.757281553398058,0.0825242718446602,0.228155339805825,0.538834951456311,0.0825242718446602,1.56170212765957,0.505758798415748,2.37106786227174,2.36953731337542,0.750732551496596,0.484711735636405,0.806054451556478,0.807650475426668,1.53082191780822,0.327536854535067
"717",207,3287,0.1256038647343,0.111111111111111,0.763285024154589,0.0821256038647343,0.241545893719807,0.536231884057971,0.0821256038647343,1.55045871559633,0.498592276972285,2.3384564936046,2.37396312682126,0.757442027372159,0.490962856960235,0.803607700600001,0.810124427881642,1.51392681594757,0.326312586380065
"718",203,3287,0.113300492610837,0.118226600985222,0.768472906403941,0.083743842364532,0.221674876847291,0.54679802955665,0.083743842364532,1.58367346938775,0.493958143003173,2.38916608436453,2.36608101754271,0.754865635349989,0.477898946852162,0.798984198393621,0.792326738167514,1.51561932437341,0.314844687636068
"719",205,3287,0.121951219512195,0.0829268292682927,0.795121951219512,0.0829268292682927,0.263414634146341,0.541463414634146,0.0829268292682927,1.51136363636364,0.50129701904031,2.24551266781415,2.4191276998761,0.752389461786306,0.48506510701066,0.799421924362913,0.801204907089302,1.52873769024172,0.325284459408806
"720",205,3287,0.121951219512195,0.0975609756097561,0.780487804878049,0.0829268292682927,0.248780487804878,0.541463414634146,0.0829268292682927,1.56435643564356,0.497072856390657,2.30535136944662,2.39775014883062,0.755608782764695,0.490043961053628,0.797962579436251,0.801865892745929,1.52212711710071,0.328692073141414
"721",206,3287,0.121359223300971,0.12621359223301,0.75242718446602,0.0825242718446602,0.223300970873786,0.538834951456311,0.0825242718446602,1.5843621399177,0.526255194244942,2.38560627359831,2.35929426956222,0.751372665469321,0.483011328542338,0.806432632275805,0.806565119668139,1.53086197588627,0.321637214120144
"722",206,3287,0.121359223300971,0.106796116504854,0.771844660194175,0.0825242718446602,0.242718446601942,0.538834951456311,0.0825242718446602,1.53588516746411,0.499907978282096,2.32014628611105,2.3922118644912,0.748738872355413,0.489826942801251,0.802262839486746,0.806307057950267,1.5156023222061,0.310941434969373
"723",204,3287,0.122549019607843,0.122549019607843,0.754901960784314,0.0833333333333333,0.220588235294118,0.544117647058823,0.0833333333333333,1.59109311740891,0.508866126988563,2.39269695325967,2.36635146969757,0.754099503003176,0.482071868049051,0.797251827927066,0.796257649671389,1.52186536018871,0.322329366462613
"724",205,3287,0.117073170731707,0.107317073170732,0.775609756097561,0.0829268292682927,0.239024390243902,0.541463414634146,0.0829268292682927,1.58571428571429,0.493775334191762,2.32221929473392,2.3738703538042,0.749355008782808,0.484379495425537,0.799036241135051,0.800073958322552,1.52553690669554,0.333506050360464
"725",206,3287,0.121359223300971,0.0922330097087379,0.786407766990291,0.0825242718446602,0.257281553398058,0.538834951456311,0.0825242718446602,1.59313725490196,0.492457355593499,2.3096301674259,2.40619042546561,0.753233655008326,0.491287092239353,0.804293274436706,0.809218964210674,1.52592989985694,0.323138012327354
"726",205,3287,0.117073170731707,0.136585365853659,0.746341463414634,0.0829268292682927,0.209756097560976,0.541463414634146,0.0829268292682927,1.56538461538462,0.519460893465158,2.41497334797082,2.34298484213384,0.747495926269054,0.476873711294583,0.802446699842943,0.798296101700379,1.52142206016408,0.332593447089189
"727",205,3287,0.117073170731707,0.141463414634146,0.741463414634146,0.0829268292682927,0.204878048780488,0.541463414634146,0.0829268292682927,1.53358208955224,0.507242531483146,2.42813479402879,2.3409934338427,0.750295905002761,0.47435216034962,0.80603396130862,0.800037837887112,1.52030456852792,0.328913108382736
"728",206,3287,0.12621359223301,0.111650485436893,0.762135922330097,0.0825242718446602,0.237864077669903,0.538834951456311,0.0825242718446602,1.58467741935484,0.501906382682995,2.39445168082622,2.37188877131776,0.751331801510954,0.487489549181591,0.806228556779403,0.808662558841649,1.52091597547782,0.323569525106221
"729",206,3287,0.121359223300971,0.121359223300971,0.757281553398058,0.0825242718446602,0.228155339805825,0.538834951456311,0.0825242718446602,1.52863436123348,0.509050289829152,2.35602585719312,2.36432523321543,0.755728326144087,0.487449835746398,0.805117239526565,0.807914098509123,1.53112630442605,0.327100737269887
"730",206,3287,0.121359223300971,0.12621359223301,0.75242718446602,0.0825242718446602,0.223300970873786,0.538834951456311,0.0825242718446602,1.48971193415638,0.509108278256422,2.38560627359831,2.36293842215832,0.747082011919189,0.48264044611231,0.810222651063288,0.809069430480285,1.51998546511628,0.320751079544493
"731",206,3287,0.121359223300971,0.12621359223301,0.75242718446602,0.0825242718446602,0.223300970873786,0.538834951456311,0.0825242718446602,1.559670781893,0.521776897569248,2.38560627359831,2.35055680487368,0.754223856188017,0.485998074438831,0.806660655557247,0.808177635599188,1.51784080512351,0.324119560685987
"732",206,3287,0.121359223300971,0.111650485436893,0.766990291262136,0.0825242718446602,0.237864077669903,0.538834951456311,0.0825242718446602,1.51869158878505,0.500822017455659,2.33041377334919,2.37637280203135,0.754045258175215,0.487896425514776,0.804401580784424,0.807842209836529,1.53450461872849,0.324992933186604
"733",207,3287,0.130434782608696,0.120772946859903,0.748792270531401,0.0821256038647343,0.231884057971014,0.536231884057971,0.0821256038647343,1.55230125523013,0.514888559002523,2.37839790094814,2.36312342848762,0.757836736845282,0.491566711277541,0.801511094291216,0.808189159680294,1.51985559566787,0.309070276166535
"734",206,3287,0.121359223300971,0.135922330097087,0.742718446601942,0.0825242718446602,0.213592233009709,0.538834951456311,0.0825242718446602,1.54474708171206,0.536683276885647,2.40993312333129,2.3459935138729,0.755975710586489,0.478673227059505,0.807038552207586,0.804811073633684,1.51681735985533,0.323751277072042
"735",206,3287,0.121359223300971,0.145631067961165,0.733009708737864,0.0825242718446602,0.203883495145631,0.538834951456311,0.0825242718446602,1.55555555555556,0.543180490302298,2.47275644931721,2.31765463509573,0.747814972525472,0.479259295255427,0.804263186751711,0.80236585654378,1.5220934444042,0.323027163139517
"736",205,3287,0.121951219512195,0.107317073170732,0.770731707317073,0.0829268292682927,0.239024390243902,0.541463414634146,0.0829268292682927,1.57746478873239,0.495126394125761,2.32837960343874,2.3767455497323,0.747462868549173,0.488892674761967,0.800078363142144,0.803497995389492,1.52736766294562,0.327076269660942
"737",206,3287,0.12621359223301,0.111650485436893,0.762135922330097,0.0825242718446602,0.237864077669903,0.538834951456311,0.0825242718446602,1.59832635983264,0.524361678951332,2.37839790094814,2.36914302057337,0.754461436251392,0.485440082470664,0.804269204378757,0.805394177034671,1.52921146953405,0.320462682920911
"738",207,3287,0.1256038647343,0.164251207729469,0.710144927536232,0.0821256038647343,0.188405797101449,0.531400966183575,0.0821256038647343,1.51465798045603,0.507087154876114,2.48713837547719,2.30250826011995,0.75836002902746,0.476618387130046,0.813955963587712,0.809583980219739,1.51631938041674,0.317524323585411
"739",206,3287,0.131067961165049,0.0825242718446602,0.786407766990291,0.0825242718446602,0.266990291262136,0.538834951456311,0.0825242718446602,1.57291666666667,0.495947803085859,2.28330122870355,2.40816055858728,0.759042334269851,0.499173719513797,0.801949080131831,0.812686378277554,1.52333574529667,0.328461011586213
"740",204,3287,0.117647058823529,0.122549019607843,0.759803921568627,0.0833333333333333,0.220588235294118,0.544117647058823,0.0833333333333333,1.5655737704918,0.513003018915267,2.38738982633873,2.35922974477847,0.751618145004314,0.476984272862134,0.801801892057237,0.796745074105842,1.53183047790803,0.320377614189672
"741",207,3287,0.1256038647343,0.115942028985507,0.758454106280193,0.0821256038647343,0.236714975845411,0.536231884057971,0.0821256038647343,1.56962025316456,0.504644806378725,2.3747483460101,2.3754014821804,0.75402839124709,0.490070565625434,0.806591676177226,0.811288168403545,1.53010965306489,0.319951592860176
"742",205,3287,0.121951219512195,0.102439024390244,0.775609756097561,0.0829268292682927,0.24390243902439,0.541463414634146,0.0829268292682927,1.58851674641148,0.493283933836965,2.32014628611105,2.39504422208955,0.758296009544624,0.48481680902254,0.807669567958858,0.806543314563137,1.52976298172607,0.325026262459686
"743",205,3287,0.117073170731707,0.121951219512195,0.760975609756098,0.0829268292682927,0.224390243902439,0.541463414634146,0.0829268292682927,1.5495867768595,0.530813822366462,2.38381536598043,2.35424655414395,0.753836025094605,0.481036912541293,0.803981778467844,0.800693771717499,1.52308251544893,0.316811536992798
"744",206,3287,0.121359223300971,0.116504854368932,0.762135922330097,0.0825242718446602,0.233009708737864,0.538834951456311,0.0825242718446602,1.55066079295154,0.498526150249467,2.35602585719312,2.37780322040447,0.750107317584582,0.483051406883693,0.805940362223926,0.804678764593027,1.52872727272727,0.311917355990069
"745",206,3287,0.131067961165049,0.12621359223301,0.742718446601942,0.0825242718446602,0.223300970873786,0.538834951456311,0.0825242718446602,1.54716981132075,0.506250242643004,2.42324587393681,2.35363860193593,0.763196609691697,0.488015447098078,0.800287730393735,0.804576510886702,1.53359472464801,0.318742814221536
"746",206,3287,0.12621359223301,0.135922330097087,0.737864077669903,0.0825242718446602,0.213592233009709,0.538834951456311,0.0825242718446602,1.58208955223881,0.537695282357453,2.42813479402879,2.33974833587126,0.753321685200778,0.485649404588894,0.803847861694381,0.805922813070288,1.52424023154848,0.32285757606401
"747",206,3287,0.131067961165049,0.12621359223301,0.742718446601942,0.0825242718446602,0.223300970873786,0.538834951456311,0.0825242718446602,1.50840336134454,0.517553451355269,2.37657695705651,2.3678157794635,0.747338945369455,0.487400189401984,0.802389515216743,0.8054963269424,1.52082957619477,0.310839009318853
"748",206,3287,0.121359223300971,0.101941747572816,0.776699029126214,0.0825242718446602,0.247572815533981,0.538834951456311,0.0825242718446602,1.4975845410628,0.501206274370741,2.31597034545692,2.3864844194062,0.753545640009021,0.4867742116257,0.802293002188999,0.805015508469301,1.52840704782452,0.326337129722799
"749",206,3287,0.121359223300971,0.106796116504854,0.771844660194175,0.0825242718446602,0.242718446601942,0.538834951456311,0.0825242718446602,1.51941747572816,0.510486760044679,2.31386722036915,2.39270061539184,0.754823082333176,0.488055114509025,0.80320338215951,0.805748641782624,1.51926236991053,0.316849036921565
"750",207,3287,0.1256038647343,0.0966183574879227,0.777777777777778,0.0821256038647343,0.256038647342995,0.536231884057971,0.0821256038647343,1.63133640552995,0.520447245531633,2.33645973384853,2.40591913986674,0.747013753328649,0.489782703238866,0.804466576089519,0.809283575567187,1.53240243465807,0.314276278265874
"751",204,3287,0.122549019607843,0.102941176470588,0.774509803921569,0.0833333333333333,0.240196078431373,0.544117647058823,0.0833333333333333,1.58771929824561,0.519427056587279,2.35793484700045,2.39580613819962,0.756048449824706,0.478769579177236,0.796788775524857,0.79302467328355,1.52700018060321,0.329226579577602
"752",207,3287,0.1256038647343,0.115942028985507,0.758454106280193,0.0821256038647343,0.236714975845411,0.536231884057971,0.0821256038647343,1.5695652173913,0.496216939640954,2.36172783601759,2.35857304824565,0.755418122265128,0.489325746588095,0.806627850944821,0.811773566366564,1.53148614609572,0.330328925516284
"753",207,3287,0.1256038647343,0.106280193236715,0.768115942028985,0.0821256038647343,0.246376811594203,0.536231884057971,0.0821256038647343,1.51801801801802,0.509759627179258,2.34635297445064,2.378602568575,0.760248057850739,0.491833754354919,0.805258106603546,0.811617791248914,1.52462257368799,0.335451166621145
"754",206,3287,0.121359223300971,0.135922330097087,0.742718446601942,0.0825242718446602,0.213592233009709,0.538834951456311,0.0825242718446602,1.5390625,0.514912423545566,2.40823996531185,2.34324293222844,0.745933303558346,0.485120941758322,0.803956228046647,0.805388167813096,1.53105423304099,0.318742110711835
"755",205,3287,0.117073170731707,0.121951219512195,0.760975609756098,0.0829268292682927,0.224390243902439,0.541463414634146,0.0829268292682927,1.55656108597285,0.515853161036687,2.34439227368511,2.36633134086313,0.748661022852795,0.485799325272814,0.800613955287784,0.802004029977041,1.5209916757148,0.330923944277603
"756",206,3287,0.12621359223301,0.101941747572816,0.771844660194175,0.0825242718446602,0.247572815533981,0.538834951456311,0.0825242718446602,1.58823529411765,0.493270218056382,2.34439227368511,2.38504765184358,0.751275379117427,0.491887649194637,0.802214576804221,0.805352111542035,1.52397447584321,0.307124534377264
"757",206,3287,0.12621359223301,0.087378640776699,0.786407766990291,0.0825242718446602,0.262135922330097,0.538834951456311,0.0825242718446602,1.59162303664921,0.492825349968711,2.28103336724773,2.39909434082644,0.755403341414175,0.488580403662984,0.798265295738224,0.802040068920591,1.5187146247946,0.324962009565766
"758",207,3287,0.1256038647343,0.115942028985507,0.758454106280193,0.0821256038647343,0.236714975845411,0.536231884057971,0.0821256038647343,1.52314814814815,0.527760777639983,2.33445375115093,2.36977990215195,0.751055712142783,0.490556569960229,0.802675205297322,0.808989070781614,1.5298132183908,0.316485694646776
"759",206,3287,0.121359223300971,0.121359223300971,0.757281553398058,0.0825242718446602,0.228155339805825,0.538834951456311,0.0825242718446602,1.56275303643725,0.497053627569266,2.39269695325967,2.35335606216762,0.754852085641598,0.488124524721468,0.801677458497733,0.805550401061212,1.5277030661646,0.315092803348677
"760",207,3287,0.130434782608696,0.115942028985507,0.753623188405797,0.0821256038647343,0.236714975845411,0.536231884057971,0.0821256038647343,1.57421875,0.503282728594933,2.40823996531185,2.36612456658895,0.754151877149598,0.489166705084675,0.804986294566352,0.810100415641733,1.52926300578035,0.324652550304002
"761",204,3287,0.117647058823529,0.107843137254902,0.774509803921569,0.0833333333333333,0.235294117647059,0.544117647058823,0.0833333333333333,1.5625,0.497189410000897,2.35024801833416,2.37909531882808,0.755447852443628,0.484303771175317,0.79625322360951,0.795281904582749,1.52591380250955,0.323654537945464
"762",206,3287,0.121359223300971,0.111650485436893,0.766990291262136,0.0825242718446602,0.237864077669903,0.538834951456311,0.0825242718446602,1.58467741935484,0.501906382682995,2.39445168082622,2.37429989669509,0.753628883468391,0.485041123770263,0.79686961689815,0.798520366181373,1.52991605643865,0.318383586331164
"763",207,3287,0.1256038647343,0.0966183574879227,0.777777777777778,0.0821256038647343,0.256038647342995,0.536231884057971,0.0821256038647343,1.54411764705882,0.509045959660474,2.3096301674259,2.40089642572969,0.769609769952243,0.495331485852439,0.804478666379052,0.812384395687512,1.52605774468858,0.319161808254621
"764",206,3287,0.121359223300971,0.0970873786407767,0.781553398058253,0.0825242718446602,0.252427184466019,0.538834951456311,0.0825242718446602,1.58823529411765,0.503249366278308,2.3096301674259,2.39900439249541,0.744230233818758,0.48964906007227,0.801617085635769,0.806457103881488,1.52369796359704,0.328313050455367
"765",207,3287,0.130434782608696,0.101449275362319,0.768115942028985,0.0821256038647343,0.251207729468599,0.536231884057971,0.0821256038647343,1.54017857142857,0.508397609557941,2.35024801833416,2.39681747816802,0.753070631816905,0.496664935964764,0.804641867507312,0.813371530726963,1.53256773730486,0.317058543363505
"766",207,3287,0.1256038647343,0.0966183574879227,0.777777777777778,0.0821256038647343,0.256038647342995,0.536231884057971,0.0821256038647343,1.52763819095477,0.500494654053472,2.29885307640971,2.39174508489358,0.744858672866458,0.492209347316291,0.807622022087326,0.814064799999957,1.52793245913418,0.323131827296354
"767",206,3287,0.121359223300971,0.131067961165049,0.747572815533981,0.0825242718446602,0.218446601941748,0.538834951456311,0.0825242718446602,1.54237288135593,0.532262418027451,2.37291200297011,2.35620690383801,0.752137948429247,0.478986559615387,0.809666935430953,0.807788289133598,1.52998928953945,0.332053354955562
"768",204,3287,0.112745098039216,0.122549019607843,0.764705882352941,0.0833333333333333,0.220588235294118,0.53921568627451,0.0833333333333333,1.5625,0.513672884855706,2.38021124171161,2.38165397240977,0.759111866929544,0.474121887241738,0.797732636636172,0.791324495975661,1.52398059996407,0.325233313700591
"769",205,3287,0.117073170731707,0.11219512195122,0.770731707317073,0.0829268292682927,0.234146341463415,0.541463414634146,0.0829268292682927,1.55288461538462,0.498394859421158,2.31806333496276,2.37405214774174,0.748863371981326,0.484717454213701,0.801065018950988,0.802718360327525,1.52504973774643,0.324122767875944
"770",206,3287,0.121359223300971,0.121359223300971,0.757281553398058,0.0825242718446602,0.228155339805825,0.538834951456311,0.0825242718446602,1.5668016194332,0.504644176661157,2.39269695325967,2.36567978997142,0.762317764172214,0.484402106389962,0.807967545568778,0.807494657696507,1.52494147307762,0.318637901065828
"771",206,3287,0.12621359223301,0.140776699029126,0.733009708737864,0.0825242718446602,0.20873786407767,0.538834951456311,0.0825242718446602,1.50980392156863,0.538755821701846,2.40654018043396,2.33301201672335,0.751375026434748,0.484961292645257,0.801176225918939,0.80317372167043,1.53230160158359,0.315318285515293
"772",206,3287,0.121359223300971,0.150485436893204,0.728155339805825,0.0825242718446602,0.199029126213592,0.533980582524272,0.0825242718446602,1.54770318021201,0.519499237424739,2.45178643552429,2.32343020557361,0.753570172455871,0.482309418463735,0.80373948073133,0.803487002806502,1.52762730227519,0.320918390631794
"773",205,3287,0.121951219512195,0.121951219512195,0.75609756097561,0.0829268292682927,0.224390243902439,0.541463414634146,0.0829268292682927,1.5546218487395,0.50645585762547,2.37657695705651,2.36553537973555,0.749804518362386,0.484498801916333,0.798167772470969,0.798531367427998,1.52180995475113,0.317706111584788
"774",205,3287,0.117073170731707,0.117073170731707,0.765853658536585,0.0829268292682927,0.229268292682927,0.541463414634146,0.0829268292682927,1.56637168141593,0.505544479980682,2.3541084391474,2.38026750219101,0.749379490029523,0.488961631378047,0.79364127081168,0.798935380139543,1.52946493130875,0.317402045415275
"775",206,3287,0.121359223300971,0.131067961165049,0.747572815533981,0.0825242718446602,0.218446601941748,0.538834951456311,0.0825242718446602,1.52521008403361,0.540935037848488,2.37657695705651,2.35790356504268,0.752825240710322,0.485340373541006,0.807200453757218,0.808758311759852,1.52169197396963,0.316254866825492
"776",207,3287,0.1256038647343,0.120772946859903,0.753623188405797,0.0821256038647343,0.231884057971014,0.531400966183575,0.0821256038647343,1.5021645021645,0.509684121055546,2.36361197989214,2.36560070745124,0.750585885203086,0.493462544235542,0.807073873094269,0.813748120939526,1.51441160271709,0.316924879068835
"777",206,3287,0.121359223300971,0.116504854368932,0.762135922330097,0.0825242718446602,0.233009708737864,0.538834951456311,0.0825242718446602,1.55066079295154,0.515972322442592,2.35602585719312,2.36520907769001,0.75740876805505,0.483431985409613,0.807326354737836,0.806775108965308,1.52750633369526,0.321397034479703
"778",205,3287,0.117073170731707,0.11219512195122,0.770731707317073,0.0829268292682927,0.234146341463415,0.541463414634146,0.0829268292682927,1.52608695652174,0.500408035519546,2.36172783601759,2.38725179468098,0.758897247063294,0.482865728375526,0.802374670973085,0.801583538291369,1.51802862837471,0.322136054470104
"779",205,3287,0.121951219512195,0.11219512195122,0.765853658536585,0.0829268292682927,0.234146341463415,0.541463414634146,0.0829268292682927,1.57805907172996,0.511751343108849,2.3747483460101,2.36580210164876,0.749916910479863,0.486245267274407,0.799132679392758,0.800085998105324,1.52977375565611,0.318946546498721
"780",205,3287,0.117073170731707,0.126829268292683,0.75609756097561,0.0829268292682927,0.219512195121951,0.541463414634146,0.0829268292682927,1.49781659388646,0.509768214859783,2.35983548233989,2.36314227215906,0.752364236934634,0.486166018592055,0.805053395349732,0.805718805393892,1.52413544668588,0.325933225030987
"781",205,3287,0.117073170731707,0.0926829268292683,0.790243902439024,0.0829268292682927,0.253658536585366,0.541463414634146,0.0829268292682927,1.546875,0.499099319664986,2.28330122870355,2.40305568758975,0.758412380687363,0.490790358238286,0.796361468843653,0.80199802450522,1.52146464646465,0.33305372579645
"782",206,3287,0.12621359223301,0.0970873786407767,0.776699029126214,0.0825242718446602,0.252427184466019,0.538834951456311,0.0825242718446602,1.59722222222222,0.500968055117352,2.33445375115093,2.39504599911106,0.757284065101481,0.493773159102527,0.797397834843534,0.805358121032647,1.52411052916742,0.324876269756398
"783",207,3287,0.1256038647343,0.115942028985507,0.758454106280193,0.0821256038647343,0.236714975845411,0.536231884057971,0.0821256038647343,1.55102040816327,0.506564468806498,2.38916608436453,2.36086605445806,0.760961347051981,0.489613877636714,0.803686368214295,0.809686092412329,1.52734445042137,0.31789713405696
"784",206,3287,0.121359223300971,0.131067961165049,0.747572815533981,0.0825242718446602,0.218446601941748,0.538834951456311,0.0825242718446602,1.51351351351351,0.508465935314075,2.41329976408125,2.35062514254264,0.750296461652883,0.475681186970458,0.804606119664252,0.800197481880572,1.52739356924735,0.31857958996011
"785",205,3287,0.121951219512195,0.11219512195122,0.765853658536585,0.0829268292682927,0.234146341463415,0.541463414634146,0.0829268292682927,1.59259259259259,0.508874412840808,2.38560627359831,2.37388699763727,0.751668946373583,0.486482935863208,0.798264315648324,0.799833124608109,1.52304063860668,0.316931714782065
"786",205,3287,0.117073170731707,0.121951219512195,0.760975609756098,0.0829268292682927,0.224390243902439,0.541463414634146,0.0829268292682927,1.55652173913043,0.55589424943591,2.36172783601759,2.36225444243067,0.748830215553252,0.480455835074587,0.803909887138263,0.800302683222532,1.52763728323699,0.318860582938991
"787",207,3287,0.1256038647343,0.135265700483092,0.739130434782609,0.0821256038647343,0.217391304347826,0.536231884057971,0.0821256038647343,1.59121621621622,0.51924704992401,2.47129171105894,2.33682851270423,0.749975940755889,0.487483660746889,0.808374368052625,0.811449999986577,1.5324651835775,0.318203145961352
"788",205,3287,0.117073170731707,0.102439024390244,0.780487804878049,0.0829268292682927,0.24390243902439,0.541463414634146,0.0829268292682927,1.56828193832599,0.513928260015193,2.35602585719312,2.39276911502776,0.75609790261637,0.488528028098472,0.802206578459243,0.80404928032782,1.52194500091058,0.329385371990125
"789",206,3287,0.12621359223301,0.131067961165049,0.742718446601942,0.0825242718446602,0.218446601941748,0.538834951456311,0.0825242718446602,1.5719557195572,0.503126754769922,2.43296929087441,2.33853857255766,0.756055876525769,0.484571927572547,0.800577959803867,0.802637245216131,1.52921085745102,0.314866271140927
"790",206,3287,0.121359223300971,0.0922330097087379,0.786407766990291,0.0825242718446602,0.257281553398058,0.538834951456311,0.0825242718446602,1.52763819095477,0.500494654053472,2.29885307640971,2.40775722842651,0.754690912626705,0.491671139455819,0.805201392854705,0.810193247543742,1.52434798467992,0.327910644484015
"791",206,3287,0.121359223300971,0.121359223300971,0.757281553398058,0.0825242718446602,0.228155339805825,0.538834951456311,0.0825242718446602,1.53435114503817,0.514877657955285,2.41830129131975,2.36824349241685,0.745797336724082,0.48444206967099,0.804738440648642,0.805237922699144,1.52385238523852,0.327253909184027
"792",206,3287,0.121359223300971,0.0970873786407767,0.781553398058253,0.0825242718446602,0.252427184466019,0.538834951456311,0.0825242718446602,1.62200956937799,0.550955271729428,2.32014628611105,2.39414671573009,0.752616224664402,0.48408228137207,0.804780538217562,0.804570495558095,1.51727901054929,0.315815140897003
"793",206,3287,0.121359223300971,0.116504854368932,0.762135922330097,0.0825242718446602,0.233009708737864,0.538834951456311,0.0825242718446602,1.54651162790698,0.521677407010202,2.41161970596323,2.36482586294199,0.756447675963509,0.485768976730492,0.804732426530451,0.80576666124791,1.5252289459508,0.318239594374578
"794",207,3287,0.1256038647343,0.0966183574879227,0.777777777777778,0.0821256038647343,0.256038647342995,0.536231884057971,0.0821256038647343,1.60576923076923,0.518605883528449,2.31806333496276,2.38072229291861,0.751411011280339,0.48737391202151,0.811065043274134,0.812773410186304,1.52442581115567,0.31791170711334
"795",206,3287,0.121359223300971,0.106796116504854,0.771844660194175,0.0825242718446602,0.242718446601942,0.538834951456311,0.0825242718446602,1.5353982300885,0.517329957717905,2.3541084391474,2.39180345634699,0.754272305109599,0.487141946849752,0.804221062101632,0.807764323221387,1.53038178885105,0.329766919052518
"796",206,3287,0.121359223300971,0.106796116504854,0.771844660194175,0.0825242718446602,0.242718446601942,0.538834951456311,0.0825242718446602,1.56108597285068,0.506437375499029,2.34439227368511,2.38587985957818,0.761760734628626,0.48469176552487,0.799240820786372,0.801285422712551,1.52417027417027,0.333907819921082
"797",206,3287,0.12621359223301,0.12621359223301,0.747572815533981,0.0825242718446602,0.223300970873786,0.538834951456311,0.0825242718446602,1.59036144578313,0.508860473738514,2.39619934709574,2.35719327056838,0.752021091216025,0.485081034406006,0.804221062101632,0.805826723222061,1.52388767323122,0.322264813064857
"798",205,3287,0.121951219512195,0.102439024390244,0.775609756097561,0.0829268292682927,0.24390243902439,0.541463414634146,0.0829268292682927,1.52941176470588,0.519679369754654,2.3096301674259,2.40127383244213,0.75645381017957,0.484598201554389,0.800469561234044,0.801415279841749,1.51972493666305,0.322069858159301
"799",207,3287,0.1256038647343,0.115942028985507,0.758454106280193,0.0821256038647343,0.236714975845411,0.536231884057971,0.0821256038647343,1.5462962962963,0.508243839286091,2.33445375115093,2.36929577331158,0.76510059087041,0.486914694788704,0.806856920142931,0.811000388076221,1.52907394113424,0.318362998432637
"800",206,3287,0.121359223300971,0.116504854368932,0.762135922330097,0.0825242718446602,0.233009708737864,0.538834951456311,0.0825242718446602,1.61206896551724,0.505751367214779,2.3654879848909,2.35972852946266,0.743886832718089,0.489016064108706,0.807368317368487,0.810694875029543,1.52728254997299,0.327183633979696
"801",206,2180,0.184466019417476,0.0436893203883495,0.771844660194175,0.0436893203883495,0.519417475728155,0.29126213592233,0.0825242718446602,1.62025316455696,0.603678690179787,2.19865708695442,2.44658123630715,0.54688007612282,0.570740474872943,0.74601846247736,0.787779103738036,1.79013104013104,0.178030247308188
"802",207,2180,0.183574879227053,0.0531400966183575,0.763285024154589,0.0386473429951691,0.415458937198068,0.36231884057971,0.072463768115942,1.57594936708861,0.56764463402819,2.19865708695442,2.39060645806798,0.546915312102025,0.57214830108586,0.749407268573481,0.786168975153641,1.76043863348798,0.157546022644298
"803",205,2180,0.165853658536585,0.0634146341463415,0.770731707317073,0.0536585365853659,0.4,0.385365853658537,0.0731707317073171,1.55434782608696,0.530267082612481,2.26481782300954,2.39736489416758,0.544739519324453,0.556086666510195,0.746183451468783,0.772336197248461,1.82741837355506,0.161618230366152
"804",205,2180,0.180487804878049,0.0536585365853659,0.765853658536585,0.0390243902439024,0.385365853658537,0.395121951219512,0.0731707317073171,1.62777777777778,0.569529410324071,2.25527250510331,2.42272206445825,0.545911154955427,0.554939767306598,0.73111336469005,0.760722294649246,1.7780737704918,0.174051579336036
"805",205,2180,0.175609756097561,0.0682926829268293,0.75609756097561,0.0439024390243902,0.497560975609756,0.292682926829268,0.0829268292682927,1.56701030927835,0.609207699080171,2.28780172993023,2.39689270177063,0.547767299281923,0.546268895641514,0.742674005257345,0.766314726103597,1.78874371859296,0.174707828175064
"806",205,2180,0.170731707317073,0.0585365853658537,0.770731707317073,0.0390243902439024,0.360975609756098,0.409756097560976,0.0829268292682927,1.62087912087912,0.497733311519239,2.26007138798507,2.42570358403564,0.541294504740323,0.539701006409288,0.738305002627223,0.753512803497801,1.8347276066109,0.167780088788681
"807",207,2180,0.159420289855072,0.0531400966183575,0.78743961352657,0.0434782608695652,0.492753623188406,0.289855072463768,0.072463768115942,1.6,0.517235408235426,2.19033169817029,2.42706722468493,0.564101832106222,0.575065399480772,0.749516830772861,0.788421985358679,1.77967848309975,0.172432289232626
"808",206,2180,0.174757281553398,0.0679611650485437,0.757281553398058,0.0242718446601942,0.388349514563107,0.398058252427184,0.0825242718446602,1.56179775280899,0.541081908015193,2.25042000230889,2.34971250025943,0.542180489421431,0.555669394315479,0.746052632061213,0.768447620972995,1.79842820730671,0.169456813870539
"809",207,2180,0.169082125603865,0.0676328502415459,0.763285024154589,0.0338164251207729,0.386473429951691,0.367149758454106,0.072463768115942,1.55670103092784,0.538065469078323,2.28780172993023,2.41831792700356,0.553992610784973,0.546358517380467,0.758631151692398,0.778641396361543,1.8126264670174,0.164207668468531
"810",205,2180,0.180487804878049,0.0536585365853659,0.765853658536585,0.0341463414634146,0.404878048780488,0.360975609756098,0.0731707317073171,1.56521739130435,0.599818813222503,2.20682587603185,2.39930289134117,0.551548885534884,0.56138642642415,0.750246889748462,0.777445183719402,1.77317022600041,0.167313150216292
"811",207,2180,0.14975845410628,0.0821256038647343,0.768115942028985,0.0338164251207729,0.478260869565217,0.285024154589372,0.072463768115942,1.62745098039216,0.618620244930165,2.3096301674259,2.36093599965277,0.550260474912019,0.546842060726345,0.755314127100919,0.767142696901105,1.84314550042052,0.163334343984232
"812",205,2180,0.165853658536585,0.0682926829268293,0.765853658536585,0.0585365853658537,0.482926829268293,0.28780487804878,0.0731707317073171,1.61363636363636,0.593908471674948,2.24551266781415,2.37245505246409,0.543921965828825,0.548989248579273,0.749560865106926,0.758773857675098,1.83512544802867,0.156586092573912
"813",205,2180,0.170731707317073,0.0731707317073171,0.75609756097561,0.0439024390243902,0.478048780487805,0.302439024390244,0.0731707317073171,1.54066985645933,0.536657686250741,2.32014628611105,2.37140871385935,0.550381693880499,0.555865962828703,0.742924083265485,0.757364812015555,1.73044255699598,0.151508408384134
"814",207,2180,0.173913043478261,0.072463768115942,0.753623188405797,0.0289855072463768,0.376811594202899,0.405797101449275,0.072463768115942,1.58620689655172,0.541547924935279,2.30749603791321,2.37601878805532,0.539384526941198,0.551360523398949,0.750699146199969,0.767420916471263,1.77631299170742,0.15640879593268
"815",206,2180,0.169902912621359,0.087378640776699,0.742718446601942,0.0388349514563107,0.378640776699029,0.359223300970874,0.0728155339805825,1.60515021459227,0.571121928760164,2.36735592102602,2.36906919652893,0.554901682369339,0.530688512681874,0.762016132187682,0.770144718515499,1.76949740034662,0.180362413413202
"816",206,2180,0.16504854368932,0.0825242718446602,0.752427184466019,0.0436893203883495,0.412621359223301,0.364077669902913,0.0728155339805825,1.57017543859649,0.593196348110557,2.35793484700045,2.33148771153332,0.550267427057786,0.540749033301077,0.746062615431785,0.760403348744684,1.77387669801463,0.178677770256259
"817",205,2180,0.15609756097561,0.0634146341463415,0.780487804878049,0.0439024390243902,0.502439024390244,0.282926829268293,0.0731707317073171,1.66666666666667,0.545776822909815,2.27646180417324,2.38884069446585,0.547888646530155,0.549121850381395,0.737773136302129,0.753154691148565,1.76125368111064,0.1595011086023
"818",206,2180,0.174757281553398,0.0728155339805825,0.752427184466019,0.0339805825242718,0.5,0.286407766990291,0.0728155339805825,1.59345794392523,0.537909538799883,2.33041377334919,2.33444543163727,0.55620320872369,0.54970152484577,0.748836696815339,0.769303453448141,1.77468619246862,0.172119461552276
"819",205,2180,0.175609756097561,0.0926829268292683,0.731707317073171,0.0439024390243902,0.390243902439024,0.365853658536585,0.0829268292682927,1.56204379562044,0.56596138659383,2.43775056282039,2.32357402089005,0.551244433984122,0.543622109970884,0.751231774480165,0.76746884047941,1.76007363469012,0.170095516885177
"820",205,2180,0.160975609756098,0.0634146341463415,0.775609756097561,0.0487804878048781,0.365853658536585,0.424390243902439,0.0731707317073171,1.64734299516908,0.562829358365027,2.31597034545692,2.27812951846742,0.548761768295132,0.556693884768528,0.745442338102002,0.770387183572593,1.70186735350934,0.168322246731442
"821",205,2180,0.146341463414634,0.0682926829268293,0.785365853658537,0.0536585365853659,0.48780487804878,0.292682926829268,0.0731707317073171,1.66315789473684,0.526755594577623,2.27875360095283,2.37939925757187,0.541446729361093,0.548435257484189,0.746989907903838,0.764242967847968,1.77923976608187,0.168490052160914
"822",205,2180,0.146341463414634,0.0634146341463415,0.790243902439024,0.0390243902439024,0.370731707317073,0.390243902439024,0.0731707317073171,1.63372093023256,0.571877070403186,2.23552844690755,2.41868720334854,0.551486464699728,0.550317229180565,0.734272090300263,0.750464164319503,1.80282274802823,0.160208999610014
"823",207,2180,0.159420289855072,0.0821256038647343,0.758454106280193,0.0434782608695652,0.36231884057971,0.391304347826087,0.072463768115942,1.605,0.566195981482769,2.30102999566398,2.38706220342215,0.545975527458605,0.546215563427477,0.758893795326894,0.776109270334388,1.81410526315789,0.172717002029341
"824",207,2180,0.159420289855072,0.072463768115942,0.768115942028985,0.0386473429951691,0.473429951690821,0.29951690821256,0.072463768115942,1.56804733727811,0.496819980459662,2.22788670461367,2.39645329615299,0.555181135020749,0.544083397168316,0.757657592365238,0.77296246774726,1.80439419795222,0.17173981381282
"825",206,2180,0.189320388349515,0.0776699029126214,0.733009708737864,0.0339805825242718,0.485436893203884,0.286407766990291,0.0728155339805825,1.60515021459227,0.563524238924606,2.36735592102602,2.26561719543769,0.554719551317889,0.545619082687646,0.755742186974308,0.769502876428724,1.78044242298946,0.157673564130894
"826",206,2180,0.160194174757282,0.0679611650485437,0.771844660194175,0.0485436893203883,0.393203883495146,0.398058252427184,0.0825242718446602,1.61363636363636,0.543676756523962,2.24551266781415,2.38499487799345,0.552306620340468,0.55882572953383,0.745640918710016,0.776215214725041,1.77060637204522,0.166480885317293
"827",206,2180,0.169902912621359,0.0679611650485437,0.762135922330097,0.0339805825242718,0.402912621359223,0.349514563106796,0.0825242718446602,1.55367231638418,0.54219730240995,2.24797326636181,2.40244018766838,0.553982858437644,0.544251463680123,0.759229121286148,0.774570814790732,1.74842238115271,0.16946650610515
"828",206,2180,0.160194174757282,0.0679611650485437,0.771844660194175,0.0485436893203883,0.383495145631068,0.398058252427184,0.0728155339805825,1.61988304093567,0.554619093776338,2.23299611039215,2.40708435801613,0.550495270354709,0.537657077295776,0.745891441567958,0.760307902518118,1.72370088719899,0.16801163020219
"829",205,2180,0.151219512195122,0.0731707317073171,0.775609756097561,0.0487804878048781,0.390243902439024,0.375609756097561,0.0731707317073171,1.64893617021277,0.541486304871937,2.27415784926368,2.38724033444436,0.548341946902802,0.546222127376408,0.740983440578936,0.771068326629601,1.75644275454161,0.187243396475336
"830",206,2180,0.155339805825243,0.0485436893203883,0.796116504854369,0.0436893203883495,0.398058252427184,0.383495145631068,0.0728155339805825,1.63333333333333,0.497195715406262,2.17609125905568,2.43250192442198,0.543276258995953,0.549390868759016,0.746489292685395,0.770288026684711,1.80998585001011,0.165182666873526
"831",206,2180,0.16504854368932,0.0825242718446602,0.752427184466019,0.0485436893203883,0.398058252427184,0.37378640776699,0.0728155339805825,1.58536585365854,0.593081424662156,2.31175386105575,2.33740594033643,0.560355526908364,0.544017395929345,0.750371904807066,0.753673117033549,1.75705731394354,0.158637540383019
"832",207,2180,0.173913043478261,0.0628019323671498,0.763285024154589,0.0483091787439614,0.400966183574879,0.371980676328502,0.072463768115942,1.59278350515464,0.502995673130147,2.28780172993023,2.27130419736592,0.557068432590123,0.555188010314928,0.748830421080971,0.774857307124118,1.74836670179136,0.167975728066789
"833",207,2180,0.183574879227053,0.0917874396135266,0.72463768115942,0.0386473429951691,0.357487922705314,0.410628019323671,0.072463768115942,1.58741258741259,0.590315661363925,2.45636603312904,2.23481750394273,0.543700037845307,0.550448165869742,0.755501332970751,0.775496686390369,1.81535611362701,0.162349910057635
"834",206,2180,0.16504854368932,0.0679611650485437,0.766990291262136,0.0631067961165049,0.475728155339806,0.286407766990291,0.0728155339805825,1.61576354679803,0.580327479460572,2.30749603791321,2.39209961648786,0.553559592435711,0.543921847340033,0.750722257077256,0.77561953429958,1.76217464315701,0.185996995898628
"835",207,2180,0.159420289855072,0.0821256038647343,0.758454106280193,0.0386473429951691,0.48792270531401,0.289855072463768,0.072463768115942,1.60714285714286,0.557977495361521,2.35024801833416,2.34378966972314,0.549743166532277,0.553603110022819,0.754946705163092,0.771477947878927,1.77101200686106,0.162947771436746
"836",206,2180,0.174757281553398,0.0631067961165049,0.762135922330097,0.0436893203883495,0.495145631067961,0.281553398058252,0.0728155339805825,1.6020942408377,0.541728045501105,2.28103336724773,2.29608905886834,0.548958799002167,0.554641999856533,0.754259230331262,0.781299218629557,1.7557797393863,0.162792212236114
"837",206,2180,0.16504854368932,0.0631067961165049,0.771844660194175,0.0339805825242718,0.388349514563107,0.388349514563107,0.0728155339805825,1.63020833333333,0.545062519429891,2.28330122870355,2.39136688644434,0.546685999562918,0.54882356667145,0.760397488228427,0.77526382853357,1.76844998942694,0.1698735599407
"838",205,2180,0.185365853658537,0.0536585365853659,0.760975609756098,0.0536585365853659,0.4,0.35609756097561,0.0731707317073171,1.60555555555556,0.564273619414136,2.25527250510331,2.41700972869652,0.548969589302902,0.5329877870368,0.751795919068235,0.752405539441665,1.79873054873055,0.163934228601556
"839",206,2180,0.184466019417476,0.0679611650485437,0.747572815533981,0.0388349514563107,0.480582524271845,0.286407766990291,0.0825242718446602,1.6858407079646,0.583836698117573,2.3541084391474,2.27621312486607,0.551552055075954,0.545509366413808,0.763080680188175,0.780557823756211,1.78063980058164,0.16764764807457
"840",206,2180,0.184466019417476,0.0679611650485437,0.747572815533981,0.0436893203883495,0.5,0.276699029126214,0.0728155339805825,1.5,0.522953786661332,2.26007138798507,2.39001368314839,0.558093256046639,0.561567131436909,0.756599322728661,0.782198123562612,1.73505376344086,0.165585603832908
"841",207,2180,0.164251207729469,0.0821256038647343,0.753623188405797,0.0531400966183575,0.439613526570048,0.280193236714976,0.072463768115942,1.60869565217391,0.59652858160387,2.31597034545692,2.25887240696139,0.56231487345712,0.557767038369357,0.752355500753358,0.781391267262307,1.80346355215465,0.168513583826908
"842",206,2180,0.169902912621359,0.0631067961165049,0.766990291262136,0.029126213592233,0.402912621359223,0.364077669902913,0.0825242718446602,1.60795454545455,0.512410904514077,2.24551266781415,2.39198280813945,0.543545294723188,0.544684017167619,0.762362916935928,0.782441560808648,1.73940447728755,0.172670411552337
"843",207,2180,0.183574879227053,0.0628019323671498,0.753623188405797,0.0193236714975845,0.386473429951691,0.376811594202899,0.072463768115942,1.55497382198953,0.538871993730324,2.28103336724773,2.41426647501678,0.556812716505055,0.569054308281673,0.746809962847822,0.786805792460823,1.80392566297766,0.181388030548908
"844",205,2180,0.160975609756098,0.0731707317073171,0.765853658536585,0.0390243902439024,0.385365853658537,0.370731707317073,0.0731707317073171,1.55102040816327,0.51882409408875,2.29225607135648,2.39860216896589,0.548687852861277,0.537654135743282,0.75287371938564,0.763072172960042,1.77806286080821,0.173090634764318
"845",205,2180,0.160975609756098,0.0731707317073171,0.765853658536585,0.0536585365853659,0.380487804878049,0.390243902439024,0.0829268292682927,1.61835748792271,0.578121504118084,2.31597034545692,2.36884632783008,0.55777265722408,0.541424202327008,0.737640169539226,0.755831409465663,1.80048514251061,0.173246974899781
"846",207,2180,0.178743961352657,0.0772946859903382,0.743961352657005,0.0434782608695652,0.376811594202899,0.410628019323671,0.072463768115942,1.53694581280788,0.590657069945781,2.30749603791321,2.38632722467561,0.55026372479321,0.552781174867638,0.750370114172209,0.770387648613497,1.82421159715158,0.155587919418252
"847",205,2180,0.160975609756098,0.0536585365853659,0.785365853658537,0.0341463414634146,0.404878048780488,0.375609756097561,0.0731707317073171,1.63690476190476,0.529665980364637,2.22530928172586,2.39159098095323,0.552338252109244,0.548851180721093,0.743426813157285,0.76524234324241,1.78904333605887,0.16537777760209
"848",206,2180,0.169902912621359,0.0631067961165049,0.766990291262136,0.0533980582524272,0.378640776699029,0.398058252427184,0.0728155339805825,1.60989010989011,0.552754018015276,2.26007138798507,2.39551432012614,0.554061668305425,0.546346616497621,0.747987909799171,0.765819948249259,1.75971956660293,0.16218665586073
"849",206,2180,0.174757281553398,0.0631067961165049,0.762135922330097,0.0388349514563107,0.393203883495146,0.383495145631068,0.0728155339805825,1.61734693877551,0.583099676609733,2.29225607135648,2.35892633430404,0.561998148187196,0.574577238446367,0.742696752373528,0.783125458471667,1.76779557899006,0.164915320693683
"850",207,2180,0.173913043478261,0.0676328502415459,0.758454106280193,0.0483091787439614,0.473429951690821,0.294685990338164,0.072463768115942,1.58791208791209,0.556694102466048,2.26007138798507,2.39664434316064,0.558145943249772,0.550253030550884,0.747782634513666,0.766777114529642,1.77392394483911,0.156312863487271
"851",205,2180,0.165853658536585,0.0682926829268293,0.765853658536585,0.0634146341463415,0.375609756097561,0.380487804878049,0.0829268292682927,1.61137440758294,0.561175218463984,2.32428245529769,2.38991975927456,0.546842814034197,0.537966155937283,0.756677836111608,0.77165181218184,1.78672492717437,0.178214509869666
"852",206,2180,0.155339805825243,0.0631067961165049,0.781553398058253,0.058252427184466,0.495145631067961,0.300970873786408,0.0728155339805825,1.6,0.538742890847781,2.21748394421391,2.4021687095869,0.548324714586746,0.548127920782919,0.748318602162447,0.763987270597161,1.71028238844579,0.168563535908714
"853",207,2180,0.159420289855072,0.0579710144927536,0.782608695652174,0.0434782608695652,0.396135265700483,0.410628019323671,0.072463768115942,1.58552631578947,0.520367660999558,2.18184358794477,2.39137223704109,0.54056223049247,0.556263048558851,0.741733616528934,0.773688811893667,1.79385429385429,0.174060500109936
"854",203,2180,0.152709359605911,0.0591133004926108,0.788177339901478,0.0344827586206897,0.374384236453202,0.399014778325123,0.083743842364532,1.63354037267081,0.508544995474698,2.20682587603185,2.41280714070035,0.549961137239094,0.543157021997659,0.739700293957831,0.75468183827518,1.79677351770375,0.166635622465193
"855",206,2180,0.160194174757282,0.0728155339805825,0.766990291262136,0.0485436893203883,0.402912621359223,0.388349514563107,0.0728155339805825,1.5974025974026,0.573162248667489,2.36361197989214,2.26954853718261,0.554522763847312,0.551122407905013,0.738889315483577,0.761203571581807,1.78253568429891,0.171250471671159
"856",207,2180,0.144927536231884,0.0676328502415459,0.78743961352657,0.0386473429951691,0.400966183574879,0.357487922705314,0.072463768115942,1.6123595505618,0.543335633017025,2.25042000230889,2.38521179554985,0.541519810985023,0.548562565070181,0.755413787231145,0.773974302563818,1.77735928018414,0.175576446224549
"857",205,2180,0.175609756097561,0.0682926829268293,0.75609756097561,0.024390243902439,0.380487804878049,0.395121951219512,0.0731707317073171,1.62019230769231,0.533854782710306,2.31806333496276,2.40156576599186,0.541625308236892,0.555718102789457,0.739802804464314,0.7632868495464,1.85059387372369,0.166592128057396
"858",206,2180,0.174757281553398,0.0679611650485437,0.757281553398058,0.0436893203883495,0.359223300970874,0.398058252427184,0.0728155339805825,1.54210526315789,0.568871331704846,2.27875360095283,2.39926923992446,0.556274561797485,0.560882381240124,0.745797658495877,0.774850167033389,1.79549283909014,0.1648608339218
"859",205,2180,0.15609756097561,0.0634146341463415,0.780487804878049,0.0390243902439024,0.497560975609756,0.292682926829268,0.0731707317073171,1.6,0.502865352970744,2.24303804868629,2.39977463422287,0.545700692962336,0.554368981090128,0.744899850673489,0.761926796233964,1.81669029775167,0.15899707858523
"860",207,2180,0.14975845410628,0.0821256038647343,0.768115942028985,0.0386473429951691,0.420289855072464,0.352657004830918,0.072463768115942,1.59203980099502,0.585436861162637,2.30319605742049,2.33756931445325,0.544298564820524,0.546186319452134,0.762183235656657,0.786126911130312,1.68864628820961,0.179028254651596
"861",206,2180,0.169902912621359,0.0631067961165049,0.766990291262136,0.058252427184466,0.480582524271845,0.29126213592233,0.0728155339805825,1.57668711656442,0.576234107961922,2.21218760440396,2.41539357180716,0.560894080357373,0.551851498416759,0.751987976534059,0.7755161319669,1.79209979209979,0.169244933759329
"862",207,2180,0.14975845410628,0.072463768115942,0.777777777777778,0.0531400966183575,0.478260869565217,0.285024154589372,0.072463768115942,1.63212435233161,0.553778822686421,2.28555730900777,2.34065923226813,0.548587027807254,0.561873889311036,0.750177981881461,0.782762201879606,1.7960841491356,0.170745257535525
"863",206,2180,0.179611650485437,0.0679611650485437,0.752427184466019,0.0485436893203883,0.393203883495146,0.368932038834951,0.0728155339805825,1.60714285714286,0.548891657143786,2.29225607135648,2.27698545212808,0.548914888524474,0.560082964473504,0.739231333566453,0.777191541090473,1.80973084886128,0.172965724359124
"864",206,2180,0.179611650485437,0.058252427184466,0.762135922330097,0.0485436893203883,0.422330097087379,0.37378640776699,0.0825242718446602,1.5752688172043,0.537492861343618,2.26951294421792,2.37329911507402,0.547614561112587,0.549964597434823,0.742598454019664,0.763941823933681,1.75834851244687,0.170290621098165
"865",206,2180,0.174757281553398,0.0776699029126214,0.747572815533981,0.0485436893203883,0.349514563106796,0.41747572815534,0.0825242718446602,1.60504201680672,0.554513317535463,2.37657695705651,2.37243581335466,0.5482426318023,0.547059350777606,0.747760339038948,0.763538908960728,1.79839373970346,0.156599821591917
"866",205,2180,0.165853658536585,0.0682926829268293,0.765853658536585,0.0439024390243902,0.4,0.360975609756098,0.0829268292682927,1.55555555555556,0.521435925916695,2.23299611039215,2.38275957545623,0.549232046990794,0.541507474039696,0.746445655720164,0.764830346732257,1.75340206185567,0.172119306571215
"867",206,2180,0.150485436893204,0.0776699029126214,0.771844660194175,0.0436893203883495,0.364077669902913,0.388349514563107,0.0825242718446602,1.61990950226244,0.539664871555593,2.34439227368511,2.37799157650496,0.554447501331995,0.54923095983527,0.747268452663171,0.772792722278451,1.74737059187461,0.175903758655435
"868",207,2180,0.173913043478261,0.0772946859903382,0.748792270531401,0.0289855072463768,0.400966183574879,0.36231884057971,0.0821256038647343,1.58695652173913,0.535878129130519,2.36172783601759,2.36523322876968,0.552044765949675,0.554782221329833,0.753464121275675,0.773973661264416,1.76069630872483,0.157308283888585
"869",207,2180,0.159420289855072,0.0821256038647343,0.758454106280193,0.0241545893719807,0.376811594202899,0.376811594202899,0.072463768115942,1.61085972850679,0.533146477619526,2.34439227368511,2.35054778516354,0.544720245227345,0.55132629194413,0.749092992534721,0.767067802350553,1.73294473229706,0.160741840058313
"870",207,2180,0.188405797101449,0.0676328502415459,0.743961352657005,0.0338164251207729,0.410628019323671,0.342995169082126,0.072463768115942,1.53,0.529624879101062,2.30102999566398,2.36584817184371,0.556901950268957,0.549153131330818,0.753094660795231,0.771408769656054,1.77447257383966,0.179625967364745
"871",205,2180,0.185365853658537,0.0682926829268293,0.746341463414634,0.0292682926829268,0.370731707317073,0.4,0.0731707317073171,1.55707762557078,0.582766770351166,2.34044411484012,2.38675214101034,0.551414328608417,0.550895976561381,0.749551476754486,0.774075152268735,1.75903614457831,0.175827376464748
"872",205,2180,0.170731707317073,0.0780487804878049,0.751219512195122,0.0585365853658537,0.380487804878049,0.395121951219512,0.0731707317073171,1.57798165137615,0.556380302613627,2.3384564936046,2.25222928956557,0.535359179909488,0.553204339858458,0.743749554429098,0.769642033715028,1.74931937172775,0.172292516657223
"873",206,2180,0.179611650485437,0.058252427184466,0.762135922330097,0.0631067961165049,0.509708737864078,0.29126213592233,0.0728155339805825,1.57668711656442,0.576234107961922,2.21218760440396,2.38843646926724,0.56045685847669,0.553979741786345,0.756178039907504,0.779616088199816,1.84668769716088,0.175622132598867
"874",206,2180,0.150485436893204,0.0728155339805825,0.776699029126214,0.0339805825242718,0.398058252427184,0.378640776699029,0.0728155339805825,1.62162162162162,0.518743850217678,2.26717172840301,2.26896829825918,0.552925015064768,0.547644095540804,0.74275279555166,0.765332722180124,1.83414535119773,0.173353864635261
"875",207,2180,0.169082125603865,0.0579710144927536,0.772946859903382,0.0434782608695652,0.352657004830918,0.405797101449275,0.072463768115942,1.61494252873563,0.554545845664592,2.2405492482826,2.45542606831507,0.549693316356765,0.549718953305648,0.759823675125983,0.776933348576309,1.76729030901829,0.162064531777567
"876",206,2180,0.16504854368932,0.0776699029126214,0.757281553398058,0.0485436893203883,0.461165048543689,0.286407766990291,0.0728155339805825,1.61818181818182,0.540282662056681,2.34242268082221,2.26423012684983,0.548701847253222,0.548103003363008,0.751279419577818,0.765364715369251,1.73337736679877,0.171084749909889
"877",205,2180,0.175609756097561,0.0829268292682927,0.741463414634146,0.0390243902439024,0.395121951219512,0.351219512195122,0.0829268292682927,1.53061224489796,0.531855737262732,2.38916608436453,2.35464482566437,0.557383002971993,0.538769732614406,0.749866158338586,0.762743053312883,1.75178947368421,0.184279449192695
"878",207,2180,0.173913043478261,0.0966183574879227,0.729468599033816,0.0434782608695652,0.381642512077295,0.371980676328502,0.072463768115942,1.6135593220339,0.553116595671927,2.46982201597816,2.22874368693696,0.547315239225528,0.529018075885163,0.758457521723707,0.76450777019364,1.75410517563916,0.168090569775489
"879",205,2180,0.165853658536585,0.0829268292682927,0.751219512195122,0.0585365853658537,0.478048780487805,0.292682926829268,0.0731707317073171,1.57013574660633,0.572724334481504,2.34439227368511,2.36601543292023,0.553980924683921,0.530123329708061,0.753686445015563,0.759380122639117,1.81708784596871,0.174549001155857
"880",205,2180,0.146341463414634,0.0682926829268293,0.785365853658537,0.0390243902439024,0.404878048780488,0.385365853658537,0.0829268292682927,1.68041237113402,0.611570504454475,2.28780172993023,2.28396863775645,0.558082749043065,0.529964609711629,0.755927082580056,0.75399075464812,1.82571842050858,0.160964523925861
"881",207,2180,0.164251207729469,0.0772946859903382,0.758454106280193,0.0386473429951691,0.371980676328502,0.376811594202899,0.072463768115942,1.63084112149533,0.555959807875035,2.33041377334919,2.39110070160028,0.553857971572198,0.537151008667346,0.759865759989607,0.766777174585272,1.74873931155448,0.157688935670136
"882",207,2180,0.154589371980676,0.072463768115942,0.772946859903382,0.0483091787439614,0.473429951690821,0.289855072463768,0.072463768115942,1.68617021276596,0.596263062181349,2.27415784926368,2.25816388619733,0.544429245099008,0.574331146891223,0.746644640579892,0.78429162779987,1.77292946409659,0.159226714340134
"883",206,2180,0.189320388349515,0.0776699029126214,0.733009708737864,0.0242718446601942,0.393203883495146,0.378640776699029,0.0825242718446602,1.53275109170306,0.53395399800306,2.35983548233989,2.35438566086149,0.557886879479494,0.551598906916323,0.757215887502679,0.777575623608215,1.76887080366226,0.16329035304537
"884",206,2180,0.179611650485437,0.0533980582524272,0.766990291262136,0.0436893203883495,0.475728155339806,0.29126213592233,0.0728155339805825,1.57647058823529,0.541233974456668,2.23044892137827,2.40306591415843,0.554276378161822,0.557623257518593,0.741782344528805,0.771555621947932,1.81732541470408,0.164491948096604
"885",206,2180,0.160194174757282,0.0631067961165049,0.776699029126214,0.0533980582524272,0.427184466019417,0.378640776699029,0.0728155339805825,1.65027322404372,0.552802482157152,2.26245108973043,2.36898977510862,0.55213441323552,0.548175761887551,0.746560024357504,0.771643942860848,1.78883956880152,0.170715054156593
"886",206,2180,0.155339805825243,0.0679611650485437,0.776699029126214,0.029126213592233,0.422330097087379,0.349514563106796,0.0825242718446602,1.6505376344086,0.541693771257561,2.26951294421792,2.36407982354274,0.551476538101862,0.541741055668943,0.756422288873311,0.767835173450282,1.79764562614167,0.16521542603868
"887",206,2180,0.169902912621359,0.0728155339805825,0.757281553398058,0.029126213592233,0.402912621359223,0.37378640776699,0.0825242718446602,1.62616822429907,0.573652566753058,2.33041377334919,2.35463115587972,0.548388288033715,0.544140970454159,0.755915472364714,0.767250271853178,1.80501851090086,0.161292294631957
"888",206,2180,0.160194174757282,0.0728155339805825,0.766990291262136,0.0485436893203883,0.383495145631068,0.398058252427184,0.0728155339805825,1.57971014492754,0.504517372995086,2.31597034545692,2.3606574154153,0.548015808834713,0.542884920915461,0.756701652453311,0.773477786419172,1.74123539232053,0.164972268490136
"889",206,2180,0.16504854368932,0.0631067961165049,0.771844660194175,0.0436893203883495,0.475728155339806,0.300970873786408,0.0825242718446602,1.58888888888889,0.526280177827531,2.25527250510331,2.37947036602469,0.552582014067332,0.56264148373587,0.755989562179164,0.772138870190983,1.72883944153578,0.152322207142172
"890",206,2180,0.160194174757282,0.058252427184466,0.781553398058252,0.0631067961165049,0.393203883495146,0.388349514563107,0.0728155339805825,1.69346733668342,0.533245767137578,2.29885307640971,2.28905243757931,0.55916512825035,0.538157367269524,0.749105726237929,0.763273382096713,1.76995403259507,0.168913535240326
"891",206,2180,0.155339805825243,0.0728155339805825,0.771844660194175,0.0485436893203883,0.388349514563107,0.383495145631068,0.0825242718446602,1.57368421052632,0.52688774269304,2.27875360095283,2.37679193468459,0.549080224085667,0.55004452467566,0.741013215366101,0.764861975430554,1.77045826513912,0.170273733663113
"892",206,2180,0.179611650485437,0.0631067961165049,0.757281553398058,0.0388349514563107,0.5,0.300970873786408,0.0728155339805825,1.58241758241758,0.547539631319913,2.26007138798507,2.38956813246281,0.549789138610539,0.550573533903314,0.756380920993758,0.780192337625135,1.80362969004894,0.16564759612765
"893",206,2180,0.169902912621359,0.0631067961165049,0.766990291262136,0.0388349514563107,0.388349514563107,0.368932038834951,0.0728155339805825,1.59428571428571,0.526287614836581,2.24303804868629,2.4033092658223,0.553013949250896,0.538404707985894,0.7395736518716,0.76231349485959,1.74557066337042,0.182262454836298
"894",205,2180,0.185365853658537,0.0536585365853659,0.760975609756098,0.0439024390243902,0.390243902439024,0.380487804878049,0.0731707317073171,1.57541899441341,0.539099559166361,2.25285303097989,2.41717195954559,0.563602057671419,0.547347982659222,0.75548153939344,0.766300466915903,1.78224802986313,0.161141767351817
"895",207,2180,0.164251207729469,0.0676328502415459,0.768115942028985,0.0483091787439614,0.478260869565217,0.289855072463768,0.072463768115942,1.59139784946237,0.544983196166137,2.26951294421792,2.28579520684511,0.547907912413577,0.557767830440969,0.751832837490154,0.782543704643396,1.80545151893466,0.176353522371978
"896",205,2180,0.170731707317073,0.0634146341463415,0.765853658536585,0.0439024390243902,0.390243902439024,0.375609756097561,0.0731707317073171,1.58333333333333,0.534988705007093,2.28330122870355,2.38346940589422,0.558166366810829,0.549460027642741,0.742320810526165,0.764029871020412,1.76822970460649,0.166861926653165
"897",206,2180,0.16504854368932,0.0728155339805825,0.762135922330097,0.0485436893203883,0.378640776699029,0.368932038834951,0.0728155339805825,1.61538461538462,0.556840526476874,2.29003461136252,2.35186224107228,0.547438985293706,0.554620968799548,0.739766348770115,0.765292915598153,1.80216414863209,0.171658124619225
"898",205,2180,0.185365853658537,0.0682926829268293,0.746341463414634,0.0439024390243902,0.409756097560976,0.360975609756098,0.0731707317073171,1.56585365853659,0.543955085776336,2.31175386105575,2.36429841872933,0.551519098122808,0.535562477275236,0.758916050770129,0.763343080876443,1.82947976878613,0.164885512915963
"899",207,2180,0.159420289855072,0.0676328502415459,0.772946859903382,0.0434782608695652,0.386473429951691,0.371980676328502,0.072463768115942,1.61463414634146,0.5537576519233,2.31175386105575,2.26886987182177,0.56030383147968,0.538300811348272,0.753978479082269,0.76277402248693,1.72449202534411,0.163217484483565
"900",207,2180,0.164251207729469,0.0676328502415459,0.768115942028985,0.0338164251207729,0.48792270531401,0.280193236714976,0.072463768115942,1.62295081967213,0.588271852372082,2.26245108973043,2.36945838373503,0.546229780172907,0.559208386599194,0.750619260111581,0.773148491591776,1.78046778826426,0.155427854239883
