S,L,Top,Bas,Int,Can,Herb,Loop,Omn,ChLen,ChSD,ChNum,TL,MxSim,VulSD,GenSD,LinkSD,Path,Clust
207.0,3912.0,0.12560386473429952,0.04830917874396135,0.8260869565217391,0.0821256038647343,0.30434782608695654,0.5362318840579711,0.0821256038647343,1.6124031007751938,0.4891011768952413,2.110589710299249,2.4321964390472868,0.9142437287364755,0.4499045125313158,0.7871916946925408,0.7450990623750506,1.4333561175666438,0.31476844618788613
207.0,3912.0,0.12560386473429952,0.04830917874396135,0.8260869565217391,0.0821256038647343,0.30434782608695654,0.5362318840579711,0.0821256038647343,1.6030534351145038,0.4911429262911169,2.1172712956557644,2.4327869035903698,0.9162438563980035,0.4479345873020518,0.7876487631870004,0.7442244953617694,1.4333561175666438,0.31326013524634266
207.0,3912.0,0.12560386473429952,0.04830917874396135,0.8260869565217391,0.0821256038647343,0.30434782608695654,0.5362318840579711,0.0821256038647343,1.6165413533834587,0.48806675697264085,2.123851640967086,2.4327860833922212,0.9161413244294155,0.4493632625820504,0.7865557104146552,0.7442383123000686,1.4332820775670596,0.3110509066767383
207.0,3912.0,0.12560386473429952,0.04830917874396135,0.8260869565217391,0.0821256038647343,0.30434782608695654,0.5362318840579711,0.0821256038647343,1.6106870229007633,0.48946625693346146,2.1172712956557644,2.4339659630340202,0.9162116915778838,0.4499502221286142,0.7875573707093292,0.7454026192100565,1.4332820775670596,0.31121683057941163
207.0,3912.0,0.12560386473429952,0.04830917874396135,0.8260869565217391,0.0821256038647343,0.30434782608695654,0.5362318840579711,0.0821256038647343,1.6106870229007633,0.48946625693346146,2.1172712956557644,2.432093035800721,0.9141560009271428,0.44814879652114653,0.7874877312262052,0.7442060723783308,1.4359193438140807,0.31173149709883513
207.0,3912.0,0.12560386473429952,0.04830917874396135,0.8260869565217391,0.0821256038647343,0.30434782608695654,0.5362318840579711,0.0821256038647343,1.623076923076923,0.4864901126393891,2.113943352306837,2.4328082253406356,0.9167689592685443,0.44944716087717895,0.7875181992578136,0.7449564399557287,1.4331623931623931,0.3131186528059739
207.0,3912.0,0.12560386473429952,0.04830917874396135,0.8260869565217391,0.0821256038647343,0.30917874396135264,0.5362318840579711,0.0821256038647343,1.618320610687023,0.4876634284985996,2.1172712956557644,2.432912973465735,0.9162367174373509,0.44950816798358034,0.7874093794457563,0.7448414019832642,1.43267750213858,0.3127465681949276
207.0,3912.0,0.12560386473429952,0.04830917874396135,0.8260869565217391,0.0821256038647343,0.30917874396135264,0.5362318840579711,0.0821256038647343,1.6106870229007633,0.4894662569334615,2.1172712956557644,2.4322220770807923,0.9159827479916265,0.4493403785101118,0.787313605569475,0.7449058254365724,1.4327745466985973,0.3123405587522424
207.0,3912.0,0.12560386473429952,0.04830917874396135,0.8260869565217391,0.0821256038647343,0.30917874396135264,0.5362318840579711,0.0821256038647343,1.623076923076923,0.5021717889974284,2.113943352306837,2.4330210168095356,0.9128548653608536,0.4500644758114779,0.7881229634002599,0.7459358439869218,1.433236450675329,0.3150073163269435
207.0,3912.0,0.12560386473429952,0.04830917874396135,0.8260869565217391,0.0821256038647343,0.30434782608695654,0.5362318840579711,0.0821256038647343,1.593984962406015,0.49294406199588836,2.123851640967086,2.433558580851735,0.9162001836168883,0.4469923808653981,0.7882925620750661,0.7440863118676074,1.436304644808743,0.3136977584240538
206.0,3912.0,0.1262135922330097,0.043689320388349516,0.8300970873786409,0.0825242718446602,0.3106796116504854,0.5388349514563107,0.0825242718446602,1.6136363636363635,0.5041465810219699,2.12057393120585,2.440533937534752,0.919303392095956,0.4470405995939991,0.7851586871354156,0.7400931338068389,1.434136340338288,0.31501100109531827
207.0,3912.0,0.12560386473429952,0.04830917874396135,0.8260869565217391,0.0821256038647343,0.30917874396135264,0.5362318840579711,0.0821256038647343,1.6165413533834587,0.5033494555607526,2.123851640967086,2.4332761830864627,0.9162209003655639,0.4485463422383892,0.7878706722103398,0.7447217436414433,1.4342330030748207,0.31369707742093944
207.0,3912.0,0.12560386473429952,0.04830917874396135,0.8260869565217391,0.0821256038647343,0.30917874396135264,0.5362318840579711,0.0821256038647343,1.6076923076923078,0.4901534935376789,2.113943352306837,2.4327677589798844,0.9164113494006363,0.44969113964380963,0.7875051416743227,0.7451956620536645,1.4328256032859832,0.3134439583738388
207.0,3912.0,0.12560386473429952,0.04830917874396135,0.8260869565217391,0.0821256038647343,0.30917874396135264,0.5362318840579711,0.0821256038647343,1.5968992248062015,0.4924330513658881,2.110589710299249,2.4323558262130893,0.9149525445898856,0.4521540102020131,0.787130732173486,0.7461931264681193,1.4322889916110255,0.31524926174484724
206.0,3912.0,0.1262135922330097,0.043689320388349516,0.8300970873786409,0.0825242718446602,0.3058252427184466,0.5388349514563107,0.0825242718446602,1.6106870229007633,0.4894662569334615,2.1172712956557644,2.4412832053299898,0.918976880453255,0.44554249175734106,0.7851195849034226,0.7395259930810021,1.4334529301213053,0.315366568750622
207.0,3912.0,0.12560386473429952,0.057971014492753624,0.8164251207729468,0.0821256038647343,0.2995169082125604,0.5362318840579711,0.0821256038647343,1.5354838709677419,0.5131696683402078,2.1903316981702914,2.417956415478374,0.9172687930187071,0.44762839631157225,0.7884012599850347,0.7445468237802184,1.433526999316473,0.31357441691071775
207.0,3912.0,0.12560386473429952,0.04830917874396135,0.8260869565217391,0.0821256038647343,0.30917874396135264,0.5362318840579711,0.0821256038647343,1.6106870229007633,0.5049374536128893,2.1172712956557644,2.433632906980894,0.9153089665641112,0.4495462932208188,0.787574779617968,0.7450070510362202,1.433623782675551,0.3143424591555482
207.0,3912.0,0.12560386473429952,0.04830917874396135,0.8260869565217391,0.0821256038647343,0.30434782608695654,0.5362318840579711,0.0821256038647343,1.593984962406015,0.49294406199588836,2.123851640967086,2.4321116068956297,0.9156576031213093,0.44738329263717325,0.787496436498379,0.7437730009013881,1.4336464560204953,0.31402400949360776
207.0,3912.0,0.12560386473429952,0.04830917874396135,0.8260869565217391,0.0821256038647343,0.30917874396135264,0.5362318840579711,0.0821256038647343,1.6015037593984962,0.506620556475293,2.123851640967086,2.4330759872838716,0.9167227964295315,0.44898934335357304,0.7876748733757855,0.7450346556310207,1.4340105856240397,0.31489440710027367
207.0,3912.0,0.12560386473429952,0.04830917874396135,0.8260869565217391,0.0821256038647343,0.30917874396135264,0.5362318840579711,0.0821256038647343,1.606060606060606,0.5058071285190617,2.12057393120585,2.4345953877314472,0.9167020704788522,0.4494242810772272,0.787905475798062,0.745283050974037,1.4337205329689102,0.3137486247027418
207.0,3912.0,0.12560386473429952,0.04830917874396135,0.8260869565217391,0.0821256038647343,0.30434782608695654,0.5362318840579711,0.0821256038647343,1.6106870229007633,0.48946625693346146,2.1172712956557644,2.432801977435908,0.9157586234848303,0.45066573387435865,0.7869478162808059,0.7451818628662571,1.4339139344262295,0.3139469612728126
207.0,3912.0,0.12560386473429952,0.05314009661835749,0.821256038647343,0.0821256038647343,0.2995169082125604,0.5362318840579711,0.0821256038647343,1.556338028169014,0.4985745338238251,2.1522883443830563,2.4265158358135976,0.9153921654775803,0.4487220674233741,0.7872657142621128,0.7445053893726284,1.4335497096002734,0.3136102351200343
207.0,3912.0,0.12560386473429952,0.05314009661835749,0.821256038647343,0.0821256038647343,0.2995169082125604,0.5362318840579711,0.0821256038647343,1.5763888888888888,0.49585500236680435,2.1583624920952498,2.425109099156794,0.9172409706032153,0.44926408985179667,0.7871742773117114,0.7444961814133365,1.4335497096002734,0.3110024321945144
207.0,3912.0,0.12560386473429952,0.04830917874396135,0.8260869565217391,0.0821256038647343,0.30434782608695654,0.5362318840579711,0.0821256038647343,1.6030534351145038,0.4911429262911169,2.1172712956557644,2.4337172806117766,0.9156022443980449,0.4474905420138227,0.7881708026189371,0.744431722509253,1.43325927191933,0.31305891705710887
207.0,3912.0,0.12560386473429952,0.04830917874396135,0.8260869565217391,0.0821256038647343,0.30434782608695654,0.5362318840579711,0.0821256038647343,1.5984848484848484,0.492072242025226,2.12057393120585,2.432619407887625,0.9163499415803159,0.4480034514351224,0.7879620283494582,0.7443166034390036,1.43325927191933,0.31397512370366853
207.0,3912.0,0.12560386473429952,0.04830917874396135,0.8260869565217391,0.0821256038647343,0.30434782608695654,0.5362318840579711,0.0821256038647343,1.606060606060606,0.49048310438605275,2.12057393120585,2.433293695514154,0.9156747462278836,0.4495767910827663,0.7872831296200457,0.7448644109990881,1.433623782675551,0.31128740161956014
207.0,3912.0,0.12560386473429952,0.05314009661835749,0.821256038647343,0.0821256038647343,0.2995169082125604,0.5362318840579711,0.0821256038647343,1.5524475524475525,0.4989894249115352,2.155336037465062,2.42660307686558,0.9164028844634131,0.44918015736248984,0.7872961908856843,0.7446434950985815,1.4334529301213053,0.31172341596512354
207.0,3912.0,0.12560386473429952,0.04830917874396135,0.8260869565217391,0.0821256038647343,0.30434782608695654,0.5362318840579711,0.0821256038647343,1.6015037593984962,0.4914395925155201,2.123851640967086,2.4320608078642487,0.9157239448940356,0.44946241343009574,0.7870131482656438,0.7446434950985815,1.4336464560204953,0.3144258232685547
207.0,3912.0,0.12560386473429952,0.04830917874396135,0.8260869565217391,0.0821256038647343,0.30917874396135264,0.5362318840579711,0.0821256038647343,1.6153846153846154,0.5040089728593323,2.113943352306837,2.432460148664436,0.9166318163199584,0.4504070629653506,0.7877575499308971,0.7456325042347933,1.4365065800717827,0.31460162031347366
207.0,3912.0,0.12560386473429952,0.04830917874396135,0.8260869565217391,0.0821256038647343,0.30434782608695654,0.5362318840579711,0.0821256038647343,1.621212121212121,0.48693311969721415,2.12057393120585,2.434304311053448,0.9164820622111358,0.4491343693936623,0.7874616148322708,0.744744756354132,1.4334529301213053,0.3130143199110843
207.0,3912.0,0.12560386473429952,0.04830917874396135,0.8260869565217391,0.0821256038647343,0.30434782608695654,0.5362318840579711,0.0821256038647343,1.6015037593984962,0.4914395925155201,2.123851640967086,2.4333192082633226,0.9168642802861503,0.4471763819142406,0.7878228147667474,0.7438144761068979,1.4338172502134927,0.3127330943709972
207.0,3912.0,0.12560386473429952,0.04830917874396135,0.8260869565217391,0.0821256038647343,0.30434782608695654,0.5362318840579711,0.0821256038647343,1.6030534351145038,0.4911429262911169,2.1172712956557644,2.432391739574753,0.9136770916327559,0.44712272276349097,0.7886881504872649,0.7447677683557467,1.432797537619699,0.3126447801769455
206.0,3912.0,0.1262135922330097,0.043689320388349516,0.8300970873786409,0.0825242718446602,0.3058252427184466,0.5388349514563107,0.0825242718446602,1.618320610687023,0.4876634284985996,2.1172712956557644,2.4409702076650994,0.9205915284542106,0.44577212030995095,0.784611078554334,0.7390645823120909,1.4336464560204953,0.3127151495168985
207.0,3912.0,0.12560386473429952,0.04830917874396135,0.8260869565217391,0.0821256038647343,0.30434782608695654,0.5362318840579711,0.0821256038647343,1.6030534351145038,0.4911429262911169,2.1172712956557644,2.433194427381579,0.9133060163295349,0.4465090173529074,0.7888532825374834,0.7444639526589361,1.4333561175666438,0.3131972522920031
206.0,3912.0,0.1262135922330097,0.04854368932038835,0.825242718446602,0.0825242718446602,0.30097087378640774,0.5388349514563107,0.0825242718446602,1.5602836879432624,0.49812210674895413,2.1492191126553797,2.4325536959869747,0.9186664462202452,0.4472465783449019,0.7841457456002026,0.7396781954709497,1.4337205329689102,0.315152748549474
207.0,3912.0,0.12560386473429952,0.04830917874396135,0.8260869565217391,0.0821256038647343,0.30434782608695654,0.5314009661835749,0.0821256038647343,1.6106870229007633,0.48946625693346146,2.1172712956557644,2.4350431483560433,0.913861701008134,0.4484240580172327,0.7871960489775333,0.7444547441871245,1.4336464560204953,0.31393961411883997
207.0,3912.0,0.12560386473429952,0.04830917874396135,0.8260869565217391,0.0821256038647343,0.30434782608695654,0.5362318840579711,0.0821256038647343,1.623076923076923,0.4864901126393891,2.113943352306837,2.432611876254023,0.9158106242447426,0.44899697747089296,0.7870523448534555,0.7443810723117033,1.4334529301213053,0.31393901109974987
207.0,3912.0,0.12560386473429952,0.04830917874396135,0.8260869565217391,0.0821256038647343,0.30434782608695654,0.5362318840579711,0.0821256038647343,1.6030534351145038,0.4911429262911169,2.1172712956557644,2.4331232484276493,0.9151139639816901,0.44949291698324373,0.7875007890983794,0.7450852613985902,1.4337205329689102,0.31407769664348123
207.0,3912.0,0.12560386473429952,0.04830917874396135,0.8260869565217391,0.0821256038647343,0.30434782608695654,0.5362318840579711,0.0821256038647343,1.618320610687023,0.4876634284985996,2.1172712956557644,2.4339359277629766,0.916419969541999,0.4489817091064491,0.7877444963148619,0.7447815752154272,1.43325927191933,0.31050159903689317
207.0,3912.0,0.12560386473429952,0.04830917874396135,0.8260869565217391,0.0821256038647343,0.30434782608695654,0.5362318840579711,0.0821256038647343,1.6106870229007633,0.48946625693346146,2.1172712956557644,2.433406856666758,0.9155165973458976,0.45185067846001176,0.7866297898284957,0.7457290348128256,1.436304644808743,0.314504147353485
207.0,3912.0,0.12560386473429952,0.05314009661835749,0.821256038647343,0.0821256038647343,0.30434782608695654,0.5362318840579711,0.0821256038647343,1.5664335664335665,0.4973088217772459,2.155336037465062,2.4243489907907643,0.9161648883220966,0.44918015736248984,0.7876618183895836,0.7447815752154274,1.4335497096002734,0.3139636109717973
207.0,3912.0,0.12560386473429952,0.04830917874396135,0.8260869565217391,0.0821256038647343,0.30434782608695654,0.5362318840579711,0.0821256038647343,1.5984848484848484,0.492072242025226,2.12057393120585,2.4314927109868907,0.9145927020841638,0.4503537887468032,0.7864990567431607,0.7448229942588346,1.4335497096002734,0.3144738830238122
207.0,3912.0,0.12560386473429952,0.04830917874396135,0.8260869565217391,0.0821256038647343,0.30434782608695654,0.5362318840579711,0.0821256038647343,1.6363636363636365,0.482878254577619,2.12057393120585,2.4322343298745515,0.9164715315178931,0.44871442862892463,0.7862331657653935,0.743399619923869,1.4341072038238307,0.3081716763410187
207.0,3912.0,0.12560386473429952,0.04830917874396135,0.8260869565217391,0.0821256038647343,0.30917874396135264,0.5362318840579711,0.0821256038647343,1.618320610687023,0.5031900584069842,2.1172712956557644,2.4317316998960345,0.9157494252416677,0.44865331359122324,0.788140359815754,0.7450162526814663,1.4334301828747222,0.31248377744305295
207.0,3912.0,0.12560386473429952,0.04830917874396135,0.8260869565217391,0.0821256038647343,0.30434782608695654,0.5362318840579711,0.0821256038647343,1.6030534351145038,0.4911429262911169,2.1172712956557644,2.4328006465795684,0.916252876190497,0.44837819283624175,0.7875573707093292,0.7443810723117034,1.433891356337547,0.31315015921856915
207.0,3912.0,0.12560386473429952,0.04830917874396135,0.8260869565217391,0.0821256038647343,0.30434782608695654,0.5362318840579711,0.0821256038647343,1.6076923076923078,0.4901534935376789,2.113943352306837,2.4346040757481235,0.9157613540491857,0.4503918424030612,0.7875834839279835,0.7455451562755129,1.4336010938301145,0.31302443387039147
207.0,3912.0,0.12560386473429952,0.04830917874396135,0.8260869565217391,0.0821256038647343,0.30434782608695654,0.5362318840579711,0.0821256038647343,1.6106870229007633,0.4894662569334615,2.1172712956557644,2.4333215483307713,0.9159484486293613,0.4483246775280399,0.788053373897994,0.7448137902260177,1.433065481278851,0.31089244383789616
207.0,3912.0,0.12560386473429952,0.05314009661835749,0.821256038647343,0.0821256038647343,0.2995169082125604,0.5314009661835749,0.0821256038647343,1.5454545454545454,0.4996797950360026,2.155336037465062,2.429490782125162,0.9155306567519246,0.4489740747295141,0.7880229265583193,0.7452462568881318,1.43325927191933,0.3145237673823303
207.0,3912.0,0.12560386473429952,0.05314009661835749,0.821256038647343,0.0821256038647343,0.2995169082125604,0.5362318840579711,0.0821256038647343,1.5704225352112675,0.49676809841417724,2.1522883443830563,2.4265864599423077,0.9165336708120655,0.4495157932897125,0.7871220228567603,0.7447999839635284,1.4336464560204953,0.3122117835352202
207.0,3912.0,0.12560386473429952,0.04830917874396135,0.8260869565217391,0.0821256038647343,0.30434782608695654,0.5362318840579711,0.0821256038647343,1.5984848484848484,0.492072242025226,2.12057393120585,2.4318907719646616,0.9166049828146497,0.45008732306768484,0.7869042586108437,0.7448736144064091,1.4335497096002734,0.3120088929818347
207.0,3912.0,0.12560386473429952,0.04830917874396135,0.8260869565217391,0.0821256038647343,0.30434782608695654,0.5362318840579711,0.0821256038647343,1.606060606060606,0.49048310438605275,2.12057393120585,2.4329883212102716,0.9178255312587887,0.4489817091064491,0.7865905721843485,0.7439250653502493,1.4339364970979858,0.3133209433827859
207.0,3912.0,0.12560386473429952,0.05314009661835749,0.821256038647343,0.0821256038647343,0.2995169082125604,0.5362318840579711,0.0821256038647343,1.5664335664335665,0.4973088217772459,2.155336037465062,2.4249551647984986,0.9161589797272944,0.44781979021430973,0.7888836978291767,0.7451220634344441,1.4362611073137388,0.3144366603050079
207.0,3912.0,0.12560386473429952,0.04830917874396135,0.8260869565217391,0.0821256038647343,0.30917874396135264,0.5362318840579711,0.0821256038647343,1.618320610687023,0.5031900584069843,2.1172712956557644,2.4330065954897893,0.9153240922113624,0.4499806926139034,0.7875660752117509,0.7451680634233131,1.4334301828747222,0.3141777088110205
206.0,3912.0,0.1262135922330097,0.043689320388349516,0.8300970873786409,0.0825242718446602,0.3106796116504854,0.5388349514563107,0.0825242718446602,1.6046511627906976,0.5064984675933568,2.110589710299249,2.440241363775082,0.9195576873463173,0.44842721833468435,0.7854714349144105,0.7410880379245837,1.4328767123287671,0.317009866903405
207.0,3912.0,0.12560386473429952,0.04830917874396135,0.8260869565217391,0.0821256038647343,0.30434782608695654,0.5362318840579711,0.0821256038647343,1.5984848484848484,0.492072242025226,2.12057393120585,2.432732413019686,0.9150104985631271,0.4464476004124796,0.7877401450614477,0.743537931036941,1.4337431693989071,0.31387439687752067
206.0,3912.0,0.1262135922330097,0.043689320388349516,0.8300970873786409,0.0825242718446602,0.3058252427184466,0.5388349514563107,0.0825242718446602,1.6,0.49179311210739735,2.113943352306837,2.4388378534693813,0.918678524506236,0.4471550439472944,0.7848892766902509,0.7401484413425076,1.433891356337547,0.3170176161847104
207.0,3912.0,0.12560386473429952,0.04830917874396135,0.8260869565217391,0.0821256038647343,0.30917874396135264,0.5314009661835749,0.0821256038647343,1.6165413533834587,0.5033494555607526,2.123851640967086,2.4349780935339775,0.917269992985092,0.448576908085043,0.7875138467540392,0.7445698418992239,1.4340105856240397,0.31089214838974827
207.0,3912.0,0.12560386473429952,0.04830917874396135,0.8260869565217391,0.0821256038647343,0.30434782608695654,0.5362318840579711,0.0821256038647343,1.6106870229007633,0.48946625693346146,2.1172712956557644,2.4325713236358806,0.9145879157411851,0.4503766213263899,0.7871568595454888,0.7453474362538021,1.4333561175666438,0.3137622700743646
206.0,3912.0,0.1262135922330097,0.043689320388349516,0.8300970873786409,0.0825242718446602,0.3058252427184466,0.5388349514563107,0.0825242718446602,1.6076923076923078,0.4901534935376789,2.113943352306837,2.4409536948841417,0.9201103958192305,0.44736859507514604,0.784028281496935,0.7393783729633072,1.4340846994535519,0.3150289134775294
207.0,3912.0,0.12560386473429952,0.04830917874396135,0.8260869565217391,0.0821256038647343,0.30917874396135264,0.5362318840579711,0.0821256038647343,1.5877862595419847,0.4941228281998405,2.1172712956557644,2.433578366764495,0.9169298836812518,0.44907331150631163,0.7882882138469072,0.7451956620536646,1.4322889916110255,0.31500543025619926
207.0,3912.0,0.12560386473429952,0.04830917874396135,0.8260869565217391,0.0821256038647343,0.30917874396135264,0.5362318840579711,0.0821256038647343,1.606060606060606,0.49048310438605275,2.12057393120585,2.4323027896584284,0.9167012707812607,0.4470920575001737,0.7882229875460853,0.7441185569781279,1.43325927191933,0.31317613023647817
207.0,3912.0,0.12560386473429952,0.05314009661835749,0.821256038647343,0.0821256038647343,0.30434782608695654,0.5362318840579711,0.0821256038647343,1.5774647887323943,0.5098177071229031,2.1522883443830563,2.422449526014832,0.9153491180305497,0.4493098646011588,0.7872004032384406,0.744556031113214,1.433623782675551,0.3145851702796981
207.0,3912.0,0.12560386473429952,0.04830917874396135,0.8260869565217391,0.0821256038647343,0.30434782608695654,0.5362318840579711,0.0821256038647343,1.5909090909090908,0.4935391034500526,2.12057393120585,2.4340203421921967,0.9170876161267859,0.44787336585028314,0.7877923585162067,0.7441554068221297,1.4362083689154568,0.313510392682306
207.0,3912.0,0.12560386473429952,0.04830917874396135,0.8260869565217391,0.0821256038647343,0.30434782608695654,0.5362318840579711,0.0821256038647343,1.6136363636363635,0.48877049786543225,2.12057393120585,2.4330533894665063,0.9161685860334622,0.44973687092754216,0.7864293235447708,0.7441738310598595,1.4333788862316366,0.31028965366921696
207.0,3912.0,0.12560386473429952,0.05314009661835749,0.821256038647343,0.0821256038647343,0.2995169082125604,0.5362318840579711,0.0821256038647343,1.5555555555555556,0.4986383946711771,2.1583624920952498,2.422571790406023,0.9161637333348458,0.44672391014960394,0.7875399614158591,0.7432751179166333,1.4336464560204953,0.313660989941095
207.0,3912.0,0.12560386473429952,0.04830917874396135,0.8260869565217391,0.0821256038647343,0.30434782608695654,0.5362318840579711,0.0821256038647343,1.6106870229007633,0.4894662569334615,2.1172712956557644,2.4336286677077923,0.9162853444136585,0.44886717981857066,0.7873266663295363,0.7443672580233142,1.4334529301213053,0.3105239754396159
207.0,3912.0,0.12560386473429952,0.04830917874396135,0.8260869565217391,0.0821256038647343,0.30917874396135264,0.5362318840579711,0.0821256038647343,1.593984962406015,0.5080800757838486,2.123851640967086,2.433662017160901,0.9163786582316307,0.4463247411776152,0.7893267591175145,0.7445099933095686,1.433526999316473,0.3137218430646717
207.0,3912.0,0.12560386473429952,0.04830917874396135,0.8260869565217391,0.0821256038647343,0.30917874396135264,0.5362318840579711,0.0821256038647343,1.5984848484848484,0.492072242025226,2.12057393120585,2.4318234563020984,0.9174688427208377,0.4485081320007638,0.7876357077680246,0.7444915773909835,1.4334529301213053,0.31448120250585004
206.0,3912.0,0.1262135922330097,0.043689320388349516,0.8300970873786409,0.0825242718446602,0.3058252427184466,0.5388349514563107,0.0825242718446602,1.5954198473282444,0.49269472455370716,2.1172712956557644,2.4391356983027688,0.9188751381737847,0.446414451873636,0.7843893187741046,0.7392353378630079,1.4334529301213053,0.3158912706175919
207.0,3912.0,0.12560386473429952,0.04830917874396135,0.8260869565217391,0.0821256038647343,0.30434782608695654,0.5362318840579711,0.0821256038647343,1.6076923076923078,0.4901534935376789,2.113943352306837,2.432308748359832,0.9154766449543312,0.44943953440661194,0.7870218587871938,0.74463428884707,1.43325927191933,0.3131048812242257
207.0,3912.0,0.12560386473429952,0.04830917874396135,0.8260869565217391,0.0821256038647343,0.30434782608695654,0.5362318840579711,0.0821256038647343,1.6153846153846154,0.48838629050550436,2.113943352306837,2.434134610198818,0.9146648466884257,0.44778917268720275,0.7881664537190445,0.7446250824817361,1.4335497096002734,0.31345261306720507
207.0,3912.0,0.12560386473429952,0.04830917874396135,0.8260869565217391,0.0821256038647343,0.30434782608695654,0.5362318840579711,0.0821256038647343,1.6015037593984962,0.4914395925155201,2.123851640967086,2.433188603485546,0.9165789218460727,0.44943953440661194,0.7873266663295364,0.7447999839635285,1.4335497096002734,0.31123287518103016
207.0,3912.0,0.12560386473429952,0.04830917874396135,0.8260869565217391,0.0821256038647343,0.30434782608695654,0.5362318840579711,0.0821256038647343,1.606060606060606,0.49048310438605275,2.12057393120585,2.4341834932932107,0.9177694900620711,0.44868387215063055,0.7877140370362091,0.7445560311132139,1.4364537068670995,0.3134953694995011
207.0,3912.0,0.12560386473429952,0.04830917874396135,0.8260869565217391,0.0821256038647343,0.30434782608695654,0.5362318840579711,0.0821256038647343,1.6240601503759398,0.4861958664951265,2.123851640967086,2.43390982698153,0.9172444656526784,0.44900461145841497,0.7877314424825134,0.7448275962325916,1.4361120601298258,0.3097073201014637
207.0,3912.0,0.12560386473429952,0.05314009661835749,0.821256038647343,0.0821256038647343,0.30434782608695654,0.5362318840579711,0.0821256038647343,1.5845070422535212,0.5086898447050847,2.1522883443830563,2.424172395232634,0.9154221931497742,0.4482482160046747,0.7877053341688329,0.744417909160788,1.433526999316473,0.31159772853214834
207.0,3912.0,0.12560386473429952,0.04830917874396135,0.8260869565217391,0.0821256038647343,0.30434782608695654,0.5314009661835749,0.0821256038647343,1.631578947368421,0.4842001247062523,2.123851640967086,2.4360601616075876,0.9167312262538815,0.4456407184683239,0.788053373897994,0.7434411159596135,1.4337431693989071,0.31091328840536114
207.0,3912.0,0.12560386473429952,0.05314009661835749,0.821256038647343,0.0821256038647343,0.2995169082125604,0.5362318840579711,0.0821256038647343,1.5694444444444444,0.4968822766933802,2.1583624920952498,2.425576927716682,0.9167503514951402,0.44898934335357316,0.7881838491746411,0.7451404637707594,1.4334529301213053,0.3138507985630564
207.0,3912.0,0.12560386473429952,0.04830917874396135,0.8260869565217391,0.0821256038647343,0.30434782608695654,0.5362318840579711,0.0821256038647343,1.6153846153846154,0.48838629050550436,2.113943352306837,2.4317565232999834,0.9133755498851751,0.4484087701448233,0.787879373251402,0.7449242311141718,1.4333561175666438,0.3125780085577005
207.0,3912.0,0.12560386473429952,0.05314009661835749,0.821256038647343,0.0821256038647343,0.2995169082125604,0.5362318840579711,0.0821256038647343,1.5594405594405594,0.49819925905568,2.155336037465062,2.424371812712215,0.9162638082043093,0.448935900897444,0.788283865594763,0.7452692534046975,1.4334529301213053,0.31413807607744715
207.0,3912.0,0.12560386473429952,0.04830917874396135,0.8260869565217391,0.0821256038647343,0.30917874396135264,0.5362318840579711,0.0821256038647343,1.5954198473282444,0.49269472455370716,2.1172712956557644,2.435076660871444,0.915971379447127,0.4484622754181962,0.7884534296590301,0.7450070510362202,1.4349537829510441,0.3126815742879777
207.0,3912.0,0.12560386473429952,0.04830917874396135,0.8260869565217391,0.0821256038647343,0.30434782608695654,0.5362318840579711,0.0821256038647343,1.621212121212121,0.48693311969721415,2.12057393120585,2.433578809998167,0.9153510523435191,0.45101546426153954,0.7873092519346397,0.7460920617885721,1.4335497096002734,0.31439931797938286
207.0,3912.0,0.12560386473429952,0.05314009661835749,0.821256038647343,0.0821256038647343,0.2995169082125604,0.5362318840579711,0.0821256038647343,1.5845070422535212,0.4945512723095177,2.1522883443830563,2.4237090337185405,0.912871708234227,0.4487067897044323,0.7872526524908382,0.7444087001194101,1.4338172502134927,0.31341810680251025
207.0,3912.0,0.12560386473429952,0.04830917874396135,0.8260869565217391,0.0821256038647343,0.30434782608695654,0.5362318840579711,0.0821256038647343,1.6124031007751938,0.4891011768952413,2.110589710299249,2.4333596296720055,0.9148554472282595,0.45147122718788635,0.7872744219892351,0.7459588192448059,1.4336010938301145,0.31464637144555363
207.0,3912.0,0.12560386473429952,0.04830917874396135,0.8260869565217391,0.0821256038647343,0.30917874396135264,0.5362318840579711,0.0821256038647343,1.623076923076923,0.5021717889974284,2.113943352306837,2.4322624547579066,0.9155912073846207,0.44951579328971236,0.7873963200576801,0.7449150283322188,1.433623782675551,0.3148973843869751
207.0,3912.0,0.12560386473429952,0.04830917874396135,0.8260869565217391,0.0821256038647343,0.30434782608695654,0.5362318840579711,0.0821256038647343,1.6015037593984962,0.4914395925155201,2.123851640967086,2.4332550254401486,0.9163565825459175,0.4474599019578469,0.7874354975721499,0.7437084793176089,1.4336464560204953,0.3124203043361535
207.0,3912.0,0.12560386473429952,0.04830917874396135,0.8260869565217391,0.0821256038647343,0.30434782608695654,0.5362318840579711,0.0821256038647343,1.618320610687023,0.4876634284985996,2.1172712956557644,2.4326064058542913,0.9150229732114387,0.44943190780663017,0.7871525050437124,0.7448137902260177,1.4330883609639378,0.312459645159177
207.0,3912.0,0.12560386473429952,0.04830917874396135,0.8260869565217391,0.0821256038647343,0.30917874396135264,0.5362318840579711,0.0821256038647343,1.6165413533834587,0.48806675697264085,2.123851640967086,2.4318769936576983,0.9166897521603214,0.44787336585028314,0.7868476300351042,0.743399619923869,1.4336464560204953,0.3092360350673735
207.0,3912.0,0.12560386473429952,0.04830917874396135,0.8260869565217391,0.0821256038647343,0.30917874396135264,0.5362318840579711,0.0821256038647343,1.6259541984732824,0.5013194569195208,2.1172712956557644,2.431652284656205,0.9172601915853045,0.44890535949451604,0.7867779277312399,0.7441692250431912,1.4329456038316797,0.3131769163321585
206.0,3912.0,0.1262135922330097,0.043689320388349516,0.8300970873786409,0.0825242718446602,0.3058252427184466,0.5388349514563107,0.0825242718446602,1.6106870229007633,0.4894662569334615,2.1172712956557644,2.441406426549177,0.9185630191413747,0.4487998067896065,0.7845241214056684,0.7408486460779116,1.4337205329689102,0.3161368970509872
207.0,3912.0,0.12560386473429952,0.04830917874396135,0.8260869565217391,0.0821256038647343,0.30917874396135264,0.5362318840579711,0.0821256038647343,1.6015037593984962,0.4914395925155201,2.123851640967086,2.433625496375136,0.91726411848686,0.44918015736248984,0.7876139482554974,0.7448920208799171,1.4330883609639378,0.31157365199485926
207.0,3912.0,0.12560386473429952,0.04830917874396135,0.8260869565217391,0.0821256038647343,0.30434782608695654,0.5362318840579711,0.0821256038647343,1.5909090909090908,0.4935391034500526,2.12057393120585,2.433534823928519,0.9167864782744412,0.44791928272358406,0.7873702006317157,0.7439527100924636,1.4337431693989071,0.31299347555198453
207.0,3912.0,0.12560386473429952,0.04830917874396135,0.8260869565217391,0.0821256038647343,0.30917874396135264,0.5362318840579711,0.0821256038647343,1.606060606060606,0.49048310438605275,2.12057393120585,2.432356875083816,0.9162958497611644,0.44827115583109706,0.7877183884338406,0.7443810723117035,1.4329456038316797,0.3143383514783235
207.0,3912.0,0.12560386473429952,0.04830917874396135,0.8260869565217391,0.0821256038647343,0.30917874396135264,0.5362318840579711,0.0821256038647343,1.6106870229007633,0.4894662569334615,2.1172712956557644,2.4312120038984997,0.915341738526958,0.4489129950400472,0.7876618183895836,0.7447355513543892,1.4351471594798084,0.3122013416725738
207.0,3912.0,0.12560386473429952,0.04830917874396135,0.8260869565217391,0.0821256038647343,0.30434782608695654,0.5362318840579711,0.0821256038647343,1.586466165413534,0.4943287390549321,2.123851640967086,2.433664490612409,0.9158961024103952,0.4485463422383893,0.7878271655635679,0.7446112727203087,1.4334529301213053,0.3139094396194781
207.0,3912.0,0.12560386473429952,0.04830917874396135,0.8260869565217391,0.0821256038647343,0.30917874396135264,0.5362318840579711,0.0821256038647343,1.6030534351145038,0.4911429262911169,2.1172712956557644,2.4323488141479355,0.9164256666758767,0.4486227529502773,0.7880316259182671,0.744915028332219,1.4322889916110255,0.31448975268143264
207.0,3912.0,0.12560386473429952,0.05314009661835749,0.821256038647343,0.0821256038647343,0.2995169082125604,0.5362318840579711,0.0821256038647343,1.5625,0.4978098887272985,2.1583624920952498,2.426199488724934,0.917391848312164,0.44720704139538064,0.7876444114047192,0.7438236925051719,1.4337431693989071,0.31283511605930986
207.0,3912.0,0.12560386473429952,0.04830917874396135,0.8260869565217391,0.0821256038647343,0.30917874396135264,0.5362318840579711,0.0821256038647343,1.618320610687023,0.5031900584069842,2.1172712956557644,2.4321218075050406,0.9187060585436062,0.4507113662712121,0.7875181992578135,0.7456325042347933,1.436357423543482,0.315340568730824
207.0,3912.0,0.12560386473429952,0.04830917874396135,0.8260869565217391,0.0821256038647343,0.30434782608695654,0.5362318840579711,0.0821256038647343,1.6106870229007633,0.4894662569334615,2.1172712956557644,2.4317050394954953,0.9146580328133553,0.44814114795500226,0.7871481505178468,0.7439342803784633,1.4334529301213053,0.3106815416153466
207.0,3912.0,0.12560386473429952,0.04830917874396135,0.8260869565217391,0.0821256038647343,0.30434782608695654,0.5362318840579711,0.0821256038647343,1.606060606060606,0.49048310438605275,2.12057393120585,2.4335620316603093,0.9160880290275332,0.44837054818327365,0.7869608831116723,0.7440632787902616,1.4332820775670596,0.3110409913013161
207.0,3912.0,0.12560386473429952,0.05314009661835749,0.821256038647343,0.0821256038647343,0.2995169082125604,0.5362318840579711,0.0821256038647343,1.5845070422535212,0.49455127230951773,2.1522883443830563,2.426139901485085,0.9164502952611007,0.4497902182153031,0.7864729075183283,0.7445145972180389,1.4332820775670596,0.30997963735527134
207.0,3801.0,0.12560386473429952,0.04830917874396135,0.8260869565217391,0.0821256038647343,0.30434782608695654,0.5362318840579711,0.0821256038647343,1.586466165413534,0.4943287390549321,2.123851640967086,2.434989636928982,0.879259031110069,0.46150231060947067,0.7867531791322355,0.7548154477470975,1.4495270851246775,0.31068329022470564
207.0,3801.0,0.12560386473429952,0.04830917874396135,0.8260869565217391,0.0821256038647343,0.30434782608695654,0.5362318840579711,0.0821256038647343,1.586466165413534,0.4943287390549321,2.123851640967086,2.4352029647019315,0.875597887242215,0.46315192012475465,0.7864161335699559,0.7568047413079375,1.450943396226415,0.3155949276657123
207.0,3801.0,0.12560386473429952,0.057971014492753624,0.8164251207729468,0.0821256038647343,0.2946859903381642,0.5362318840579711,0.0821256038647343,1.5290322580645161,0.5007744316757722,2.1903316981702914,2.420063818228432,0.881909519678837,0.460651639773584,0.7872238778265416,0.755671389627724,1.4513805522208885,0.31363160376295546
207.0,3801.0,0.12560386473429952,0.04830917874396135,0.8260869565217391,0.0821256038647343,0.30434782608695654,0.5362318840579711,0.0821256038647343,1.586466165413534,0.4943287390549321,2.123851640967086,2.4350099031310526,0.8800048353595327,0.460351955819413,0.7878141606449758,0.7562334754313641,1.449828178694158,0.31595826469597016
207.0,3801.0,0.12560386473429952,0.05314009661835749,0.821256038647343,0.0821256038647343,0.2995169082125604,0.5362318840579711,0.0821256038647343,1.5416666666666667,0.49999999999999994,2.1583624920952498,2.4290564459814705,0.8767925646628417,0.4620528348255598,0.7879293986383709,0.7570446403732928,1.4495097195940134,0.3110537665157391
207.0,3801.0,0.12560386473429952,0.04830917874396135,0.8260869565217391,0.0821256038647343,0.30434782608695654,0.5362318840579711,0.0821256038647343,1.586466165413534,0.4943287390549321,2.123851640967086,2.4353294214741723,0.8758312219857649,0.4627125992852179,0.7862313897941976,0.7560029266830358,1.453671928620453,0.3140191277155648
207.0,3801.0,0.12560386473429952,0.04830917874396135,0.8260869565217391,0.0821256038647343,0.30434782608695654,0.5362318840579711,0.0821256038647343,1.586466165413534,0.4943287390549321,2.123851640967086,2.4347576431943265,0.881253067570646,0.46033617757535483,0.7870946944499596,0.7547192138384643,1.4482936918304032,0.3147924934971166
207.0,3801.0,0.12560386473429952,0.057971014492753624,0.8164251207729468,0.0821256038647343,0.2946859903381642,0.5362318840579711,0.0821256038647343,1.5290322580645161,0.5007744316757722,2.1903316981702914,2.4207551005009162,0.88268821970256,0.46177765475833515,0.7880630535995468,0.7561662393075406,1.4492477952619747,0.31167362078423916
207.0,3801.0,0.12560386473429952,0.04830917874396135,0.8260869565217391,0.0821256038647343,0.30434782608695654,0.5362318840579711,0.0821256038647343,1.586466165413534,0.4943287390549321,2.123851640967086,2.434854883698652,0.8809299393060857,0.4611874302888981,0.7876020786825885,0.7552579657924029,1.4474956822107081,0.3112465102408562
207.0,3801.0,0.12560386473429952,0.04830917874396135,0.8260869565217391,0.0821256038647343,0.30434782608695654,0.5362318840579711,0.0821256038647343,1.586466165413534,0.4943287390549321,2.123851640967086,2.43425202739641,0.8771025551326046,0.46151804898611554,0.7870577810192811,0.7562286730493394,1.4492952904778273,0.31566971423816154
207.0,3801.0,0.12560386473429952,0.04830917874396135,0.8260869565217391,0.0821256038647343,0.30434782608695654,0.5362318840579711,0.0821256038647343,1.586466165413534,0.4943287390549321,2.123851640967086,2.4345869454534164,0.8746724808093855,0.4608880947227257,0.7869516452611226,0.7547865788628205,1.4508928571428572,0.3095333260500938
207.0,3801.0,0.12560386473429952,0.04830917874396135,0.8260869565217391,0.0821256038647343,0.30434782608695654,0.5362318840579711,0.0821256038647343,1.5909090909090908,0.4935391034500526,2.12057393120585,2.4350902987820398,0.8766568029740002,0.46042295122645066,0.7871500613502461,0.7553252827672127,1.4505833905284833,0.3140608348879605
207.0,3801.0,0.12560386473429952,0.05314009661835749,0.821256038647343,0.0821256038647343,0.2995169082125604,0.5362318840579711,0.0821256038647343,1.5524475524475525,0.49898942491153514,2.155336037465062,2.429875428371179,0.8778733089322703,0.4584705323359506,0.7882519753930721,0.7546903412729881,1.4488988300068824,0.30945028839348165
207.0,3801.0,0.12560386473429952,0.05314009661835749,0.821256038647343,0.0821256038647343,0.2995169082125604,0.5362318840579711,0.0821256038647343,1.5594405594405594,0.49819925905568,2.155336037465062,2.426215604736503,0.8766592766571322,0.4587318627636056,0.7904787615692522,0.757370781155646,1.450283359093251,0.3135007124156587
207.0,3801.0,0.12560386473429952,0.04830917874396135,0.8260869565217391,0.0821256038647343,0.30434782608695654,0.5362318840579711,0.0821256038647343,1.586466165413534,0.4943287390549321,2.123851640967086,2.435917106699676,0.8792673594877354,0.46294800158153293,0.7894857652601988,0.7579076482687336,1.4479130734736116,0.312789609825437
207.0,3801.0,0.12560386473429952,0.04830917874396135,0.8260869565217391,0.0821256038647343,0.30434782608695654,0.5362318840579711,0.0821256038647343,1.586466165413534,0.4943287390549321,2.123851640967086,2.4344894354206423,0.876143135710038,0.4642718711307669,0.7868362640685233,0.757342009677334,1.4468452895419188,0.31326602582201235
207.0,3801.0,0.12560386473429952,0.04830917874396135,0.8260869565217391,0.0821256038647343,0.30434782608695654,0.5362318840579711,0.0821256038647343,1.586466165413534,0.4943287390549321,2.123851640967086,2.435538203654599,0.8785451819550838,0.4610692947279737,0.7884915184102517,0.7570398431369997,1.451413881748072,0.3127994562304495
207.0,3801.0,0.12560386473429952,0.04830917874396135,0.8260869565217391,0.0821256038647343,0.30434782608695654,0.5362318840579711,0.0821256038647343,1.586466165413534,0.4943287390549321,2.123851640967086,2.4340102534104693,0.8810096899294254,0.4601467964463587,0.7870024076269232,0.7543004534712263,1.4513518167728603,0.3121556122915733
207.0,3801.0,0.12560386473429952,0.05314009661835749,0.821256038647343,0.0821256038647343,0.2995169082125604,0.5362318840579711,0.0821256038647343,1.5625,0.4978098887272985,2.1583624920952498,2.4269323886723795,0.8823316217208669,0.461132304126735,0.7891498867850902,0.7572508927841791,1.4501889385091034,0.3139274439964478
207.0,3801.0,0.12560386473429952,0.05314009661835749,0.821256038647343,0.0821256038647343,0.2995169082125604,0.5362318840579711,0.0821256038647343,1.5555555555555556,0.4986383946711771,2.1583624920952498,2.4271370413510716,0.8740254838500356,0.46298722366120465,0.7888829224877962,0.758242997182762,1.4498454139470973,0.31315540480512755
207.0,3801.0,0.12560386473429952,0.05314009661835749,0.821256038647343,0.0821256038647343,0.2995169082125604,0.5362318840579711,0.0821256038647343,1.5416666666666667,0.49999999999999994,2.1583624920952498,2.42854821064669,0.8811221565372608,0.4621785768584447,0.7867624112251104,0.7561374219956966,1.4538909838875558,0.31264601035852274
207.0,3801.0,0.12560386473429952,0.04830917874396135,0.8260869565217391,0.0821256038647343,0.30434782608695654,0.5362318840579711,0.0821256038647343,1.586466165413534,0.4943287390549321,2.123851640967086,2.4341982152623682,0.8813871395894203,0.46131340820860445,0.7867577951922144,0.7554550914219301,1.4508351988978818,0.31294200143349793
207.0,3801.0,0.12560386473429952,0.04830917874396135,0.8260869565217391,0.0821256038647343,0.30434782608695654,0.5362318840579711,0.0821256038647343,1.586466165413534,0.4943287390549321,2.123851640967086,2.434827542852453,0.8839687841417115,0.461258297102386,0.7878049408772946,0.7562430801039239,1.4486560992419022,0.31342548184481234
207.0,3801.0,0.12560386473429952,0.04830917874396135,0.8260869565217391,0.0821256038647343,0.30434782608695654,0.5362318840579711,0.0821256038647343,1.586466165413534,0.4943287390549321,2.123851640967086,2.4355453835156204,0.872839500054598,0.4618169762354818,0.7881321765821823,0.7566223671468094,1.4497756299620297,0.31039836935618353
207.0,3801.0,0.12560386473429952,0.04830917874396135,0.8260869565217391,0.0821256038647343,0.30434782608695654,0.5362318840579711,0.0821256038647343,1.586466165413534,0.4943287390549321,2.123851640967086,2.4341115506955897,0.8714683991217743,0.45966510156494034,0.7862221514658853,0.7537947432147656,1.4502402196293753,0.3134457301047771
207.0,3801.0,0.12560386473429952,0.04830917874396135,0.8260869565217391,0.0821256038647343,0.30434782608695654,0.5362318840579711,0.0821256038647343,1.586466165413534,0.4943287390549321,2.123851640967086,2.4344093774201885,0.8778837562632976,0.4595070588968197,0.7886573132623366,0.7553397070527109,1.449585635359116,0.3135845141518003
207.0,3801.0,0.12560386473429952,0.04830917874396135,0.8260869565217391,0.0821256038647343,0.30434782608695654,0.5362318840579711,0.0821256038647343,1.586466165413534,0.4943287390549321,2.123851640967086,2.434728791785443,0.8801503486313931,0.4610456639833475,0.7872423308641361,0.7558972350065477,1.4483709705223238,0.31494832055124594
207.0,3801.0,0.12560386473429952,0.04830917874396135,0.8260869565217391,0.0821256038647343,0.30434782608695654,0.5362318840579711,0.0821256038647343,1.586466165413534,0.4943287390549321,2.123851640967086,2.4348454848257495,0.8791748881451981,0.4600283936501317,0.7862082937698763,0.7538332854593879,1.447304768486524,0.31599650541478674
207.0,3801.0,0.12560386473429952,0.04830917874396135,0.8260869565217391,0.0821256038647343,0.30434782608695654,0.5362318840579711,0.0821256038647343,1.586466165413534,0.4943287390549321,2.123851640967086,2.435294881694853,0.8775214489739895,0.4619585058399888,0.7877127372652901,0.7561950555212055,1.450206043956044,0.31360642033362673
207.0,3801.0,0.12560386473429952,0.04830917874396135,0.8260869565217391,0.0821256038647343,0.30434782608695654,0.5362318840579711,0.0821256038647343,1.586466165413534,0.4943287390549321,2.123851640967086,2.434825069375876,0.8769442354079504,0.4608723348337086,0.786115902886997,0.7540355999221577,1.4501546923341355,0.31252987716965563
207.0,3801.0,0.12560386473429952,0.04830917874396135,0.8260869565217391,0.0821256038647343,0.30434782608695654,0.5362318840579711,0.0821256038647343,1.586466165413534,0.4943287390549321,2.123851640967086,2.4343857567573073,0.8783539439586022,0.4607383540117728,0.786102043317999,0.754637405367209,1.448198586450612,0.31479152906607644
207.0,3801.0,0.12560386473429952,0.04830917874396135,0.8260869565217391,0.0821256038647343,0.30434782608695654,0.5362318840579711,0.0821256038647343,1.586466165413534,0.4943287390549321,2.123851640967086,2.4359967494079795,0.8748970270695342,0.4616990017573759,0.785981916816043,0.7547336497070043,1.4516184278129818,0.3123227109594833
207.0,3801.0,0.12560386473429952,0.04830917874396135,0.8260869565217391,0.0821256038647343,0.30434782608695654,0.5362318840579711,0.0821256038647343,1.586466165413534,0.4943287390549321,2.123851640967086,2.434950099566541,0.87853812796419,0.45952286560961847,0.7891222739770499,0.7560893907018847,1.4464038727524204,0.313499138746712
207.0,3801.0,0.12560386473429952,0.04830917874396135,0.8260869565217391,0.0821256038647343,0.30434782608695654,0.5362318840579711,0.0821256038647343,1.586466165413534,0.4943287390549321,2.123851640967086,2.435387546230638,0.8800203916254721,0.46043083892926806,0.7883763625826357,0.7557146418399019,1.4501889385091034,0.31142371122494644
207.0,3801.0,0.12560386473429952,0.04830917874396135,0.8260869565217391,0.0821256038647343,0.30434782608695654,0.5362318840579711,0.0821256038647343,1.586466165413534,0.4943287390549321,2.123851640967086,2.4346900667446625,0.8786763077822995,0.4612268020851051,0.788007750847808,0.7564831572856223,1.4479489831092727,0.3146723485475021
207.0,3801.0,0.12560386473429952,0.04830917874396135,0.8260869565217391,0.0821256038647343,0.30434782608695654,0.5362318840579711,0.0821256038647343,1.586466165413534,0.4943287390549321,2.123851640967086,2.4347129229343176,0.8788956869610931,0.46247707716840436,0.7842889527865238,0.7536357356203702,1.4501889385091034,0.3132349203939147
207.0,3801.0,0.12560386473429952,0.05314009661835749,0.821256038647343,0.0821256038647343,0.2995169082125604,0.5362318840579711,0.0821256038647343,1.5625,0.4978098887272985,2.1583624920952498,2.4255397088560655,0.8815026699946027,0.4623278511041312,0.7861482409311135,0.7551425513027569,1.4489409333562941,0.3112732708017832
207.0,3801.0,0.12560386473429952,0.04830917874396135,0.8260869565217391,0.0821256038647343,0.30434782608695654,0.5362318840579711,0.0821256038647343,1.586466165413534,0.4943287390549321,2.123851640967086,2.4351036792597935,0.8773621586212678,0.46067529073002933,0.7889335605894022,0.7568191373962998,1.4498882585525186,0.31319916215761306
207.0,3801.0,0.12560386473429952,0.04830917874396135,0.8260869565217391,0.0821256038647343,0.30434782608695654,0.5362318840579711,0.0821256038647343,1.586466165413534,0.4943287390549321,2.123851640967086,2.43633208034047,0.8786370553091998,0.46313623727060804,0.7871316061495409,0.7567327567580566,1.4470913171068531,0.3107063619005781
207.0,3801.0,0.12560386473429952,0.04830917874396135,0.8260869565217391,0.0821256038647343,0.30434782608695654,0.5362318840579711,0.0821256038647343,1.586466165413534,0.4943287390549321,2.123851640967086,2.4349957672154967,0.8777182425020353,0.4613212806863277,0.786983948963658,0.7555512316024761,1.4494150034411561,0.31255542407989123
207.0,3801.0,0.12560386473429952,0.04830917874396135,0.8260869565217391,0.0821256038647343,0.30434782608695654,0.5362318840579711,0.0821256038647343,1.586466165413534,0.4943287390549321,2.123851640967086,2.434763808864748,0.8794469244276847,0.46195064422173926,0.7880676619870131,0.7567087603863671,1.4482936918304032,0.31354831343028433
207.0,3801.0,0.12560386473429952,0.04830917874396135,0.8260869565217391,0.0821256038647343,0.30434782608695654,0.5362318840579711,0.0821256038647343,1.586466165413534,0.4943287390549321,2.123851640967086,2.434495358840973,0.8812560639127812,0.4600441824503281,0.7883533293985965,0.7559933189593978,1.4492604059167526,0.3135419852430133
207.0,3801.0,0.12560386473429952,0.04830917874396135,0.8260869565217391,0.0821256038647343,0.30434782608695654,0.5362318840579711,0.0821256038647343,1.586466165413534,0.4943287390549321,2.123851640967086,2.436154959391488,0.8778179593956331,0.4609905208684884,0.7889657831436782,0.7568671223798998,1.4517128593561714,0.31115401564989353
207.0,3801.0,0.12560386473429952,0.04830917874396135,0.8260869565217391,0.0821256038647343,0.30434782608695654,0.5362318840579711,0.0821256038647343,1.586466165413534,0.4943287390549321,2.123851640967086,2.433901601466425,0.8787167470829039,0.4634341207469621,0.7851636441141503,0.7560125342845752,1.452499570520529,0.3170775895196492
207.0,3801.0,0.12560386473429952,0.04830917874396135,0.8260869565217391,0.0821256038647343,0.30434782608695654,0.5362318840579711,0.0821256038647343,1.586466165413534,0.4943287390549321,2.123851640967086,2.4378919065613918,0.8772584712189548,0.46474879129095453,0.7886204729740959,0.7589371771278468,1.4486914600550964,0.31435761832864034
207.0,3801.0,0.12560386473429952,0.04830917874396135,0.8260869565217391,0.0821256038647343,0.30434782608695654,0.5362318840579711,0.0821256038647343,1.586466165413534,0.4943287390549321,2.123851640967086,2.4358767575100058,0.8791085190595646,0.4615495241294166,0.7858663932475699,0.7546374053672089,1.451319849160096,0.3107557716903516
207.0,3801.0,0.12560386473429952,0.04830917874396135,0.8260869565217391,0.0821256038647343,0.30434782608695654,0.5362318840579711,0.0821256038647343,1.586466165413534,0.4943287390549321,2.123851640967086,2.4352438248038797,0.873538661316034,0.46248492983800593,0.7858386650641045,0.7551281232512344,1.4492052522460264,0.3126908191436852
207.0,3801.0,0.12560386473429952,0.04830917874396135,0.8260869565217391,0.0821256038647343,0.30434782608695654,0.5362318840579711,0.0821256038647343,1.586466165413534,0.4943287390549321,2.123851640967086,2.4339622505171965,0.880217779251285,0.4603046194647065,0.7893247454706167,0.757342009677334,1.450660717350266,0.31440863424122434
207.0,3801.0,0.12560386473429952,0.05314009661835749,0.821256038647343,0.0821256038647343,0.2995169082125604,0.5362318840579711,0.0821256038647343,1.5555555555555556,0.4986383946711771,2.1583624920952498,2.4266068663869667,0.8807843702286198,0.46125042354967855,0.7879155709690725,0.7571117984897734,1.448596521439642,0.31768508112899657
207.0,3801.0,0.12560386473429952,0.04830917874396135,0.8260869565217391,0.0821256038647343,0.30434782608695654,0.5362318840579711,0.0821256038647343,1.586466165413534,0.4943287390549321,2.123851640967086,2.43660099319977,0.8789878114429693,0.4617540602647723,0.7888000531276953,0.7570062616317301,1.450388265746333,0.3088350672507717
207.0,3801.0,0.12560386473429952,0.04830917874396135,0.8260869565217391,0.0821256038647343,0.30434782608695654,0.5362318840579711,0.0821256038647343,1.586466165413534,0.4943287390549321,2.123851640967086,2.4360235358308344,0.8815643085508117,0.46102203202747316,0.7889197505203979,0.7570398431369996,1.4506268246608278,0.3145598280238302
207.0,3801.0,0.12560386473429952,0.04830917874396135,0.8260869565217391,0.0821256038647343,0.30434782608695654,0.5362318840579711,0.0821256038647343,1.586466165413534,0.4943287390549321,2.123851640967086,2.4348214593254958,0.8803263474628884,0.4618641575891055,0.7895915603856771,0.7587122366471598,1.4522500858811405,0.31411473831466785
207.0,3801.0,0.12560386473429952,0.04830917874396135,0.8260869565217391,0.0821256038647343,0.30434782608695654,0.5362318840579711,0.0821256038647343,1.586466165413534,0.4943287390549321,2.123851640967086,2.435401114309044,0.8770321367452759,0.4611244284227377,0.7864115155044994,0.7548250704631647,1.4508759876331159,0.3126294172001232
207.0,3801.0,0.12560386473429952,0.04830917874396135,0.8260869565217391,0.0821256038647343,0.30434782608695654,0.5362318840579711,0.0821256038647343,1.586466165413534,0.4943287390549321,2.123851640967086,2.434249640907919,0.8747457233599588,0.4613921269412703,0.7855289671936888,0.7539778013294207,1.4472457261267484,0.3134445778444615
207.0,3801.0,0.12560386473429952,0.04830917874396135,0.8260869565217391,0.0821256038647343,0.30434782608695654,0.5362318840579711,0.0821256038647343,1.586466165413534,0.4943287390549321,2.123851640967086,2.4353947132574723,0.878526782322276,0.46177765475833515,0.7861574801279665,0.7547817672747572,1.449000689179876,0.31319368848144785
207.0,3801.0,0.12560386473429952,0.04830917874396135,0.8260869565217391,0.0821256038647343,0.30434782608695654,0.5362318840579711,0.0821256038647343,1.586466165413534,0.4943287390549321,2.123851640967086,2.4356188620914114,0.8785588337050017,0.4625713004053009,0.7879017430570986,0.756291101637075,1.4483353458685526,0.3113329809386745
207.0,3801.0,0.12560386473429952,0.04830917874396135,0.8260869565217391,0.0821256038647343,0.30434782608695654,0.5362318840579711,0.0821256038647343,1.586466165413534,0.4943287390549321,2.123851640967086,2.435092249896175,0.8763597331724062,0.46307350054272844,0.7875651890331704,0.7576776089436447,1.4494845360824742,0.31212890069867866
207.0,3801.0,0.12560386473429952,0.04830917874396135,0.8260869565217391,0.0821256038647343,0.30434782608695654,0.5362318840579711,0.0821256038647343,1.586466165413534,0.4943287390549321,2.123851640967086,2.4341830587452646,0.8771924008170711,0.46228071707605684,0.7861574801279665,0.7555079700351959,1.4510344827586208,0.31403987682871
207.0,3801.0,0.12560386473429952,0.04830917874396135,0.8260869565217391,0.0821256038647343,0.30434782608695654,0.5362318840579711,0.0821256038647343,1.586466165413534,0.4943287390549321,2.123851640967086,2.435398548751909,0.87774221329717,0.4614629623195182,0.7893477503087147,0.7579411898369741,1.4463267070008643,0.3137605714971113
207.0,3801.0,0.12560386473429952,0.04830917874396135,0.8260869565217391,0.0821256038647343,0.30434782608695654,0.5362318840579711,0.0821256038647343,1.586466165413534,0.4943287390549321,2.123851640967086,2.4345982095212078,0.884039574981255,0.4609826427421809,0.7863237671076826,0.7549645860633059,1.4539530097753388,0.31188081741615237
207.0,3801.0,0.12560386473429952,0.04830917874396135,0.8260869565217391,0.0821256038647343,0.30434782608695654,0.5362318840579711,0.0821256038647343,1.586466165413534,0.4943287390549321,2.123851640967086,2.4361153047273225,0.8796652937514591,0.4622021496812866,0.7893937579736616,0.7579172317254125,1.4511627906976745,0.3105404101703468
207.0,3801.0,0.12560386473429952,0.04830917874396135,0.8260869565217391,0.0821256038647343,0.30434782608695654,0.5362318840579711,0.0821256038647343,1.586466165413534,0.4943287390549321,2.123851640967086,2.434514290014489,0.8762703088875278,0.46158099712643197,0.7851960213767373,0.7546470303535444,1.4500514933058701,0.3156804718325338
207.0,3801.0,0.12560386473429952,0.04830917874396135,0.8260869565217391,0.0821256038647343,0.30434782608695654,0.5362318840579711,0.0821256038647343,1.586466165413534,0.4943287390549321,2.123851640967086,2.434407773757094,0.875782610082932,0.4602336058038707,0.7872653965528863,0.7547625206157664,1.4505664263645726,0.31365163363971554
207.0,3801.0,0.12560386473429952,0.04830917874396135,0.8260869565217391,0.0821256038647343,0.30434782608695654,0.5362318840579711,0.0821256038647343,1.586466165413534,0.4943287390549321,2.123851640967086,2.434771733156787,0.8794988761688228,0.46216286097524867,0.7864438413932231,0.7551762156843145,1.4530794304340366,0.3110931471897596
207.0,3801.0,0.12560386473429952,0.04830917874396135,0.8260869565217391,0.0821256038647343,0.30434782608695654,0.5362318840579711,0.0821256038647343,1.586466165413534,0.4943287390549321,2.123851640967086,2.4347796467627867,0.8787360709432936,0.46093537115668903,0.7869885636700628,0.7551136949240335,1.4473956536736805,0.3125609255127784
207.0,3801.0,0.12560386473429952,0.05314009661835749,0.821256038647343,0.0821256038647343,0.2995169082125604,0.5362318840579711,0.0821256038647343,1.5555555555555556,0.4986383946711771,2.1583624920952498,2.429658918111113,0.8728340236660255,0.46105354103279683,0.7864623127330829,0.7549790172401111,1.4503947820116718,0.3150890383166554
207.0,3801.0,0.12560386473429952,0.04830917874396135,0.8260869565217391,0.0821256038647343,0.30434782608695654,0.5362318840579711,0.0821256038647343,1.586466165413534,0.4943287390549321,2.123851640967086,2.4357331867556185,0.8803146654777989,0.46199781192457007,0.7880814869877242,0.7569151043214695,1.448881239242685,0.3121179567124804
207.0,3801.0,0.12560386473429952,0.04830917874396135,0.8260869565217391,0.0821256038647343,0.30434782608695654,0.5362318840579711,0.0821256038647343,1.586466165413534,0.4943287390549321,2.123851640967086,2.4351910277017903,0.8778096949100682,0.4611480551312147,0.7880907035201293,0.756391936932935,1.4480082772891878,0.3147075311645882
207.0,3801.0,0.12560386473429952,0.05314009661835749,0.821256038647343,0.0821256038647343,0.2995169082125604,0.5362318840579711,0.0821256038647343,1.5555555555555556,0.4986383946711771,2.1583624920952498,2.4300537845808026,0.8809467235239957,0.45919871924433464,0.7879985333451776,0.7549357228821063,1.4511484401782653,0.30722371579065544
207.0,3801.0,0.12560386473429952,0.04830917874396135,0.8260869565217391,0.0821256038647343,0.30434782608695654,0.5362318840579711,0.0821256038647343,1.586466165413534,0.4943287390549321,2.123851640967086,2.4344448192190336,0.8760966135619251,0.4622571482597625,0.7857138761290822,0.7548972369238397,1.4501889385091034,0.31315107229127614
207.0,3801.0,0.12560386473429952,0.04830917874396135,0.8260869565217391,0.0821256038647343,0.30434782608695654,0.5362318840579711,0.0821256038647343,1.586466165413534,0.4943287390549321,2.123851640967086,2.4354154648978237,0.8781796255582518,0.4618091122078997,0.7863514781855678,0.7547721440066105,1.4482164397725314,0.31209406432104264
207.0,3801.0,0.12560386473429952,0.04830917874396135,0.8260869565217391,0.0821256038647343,0.30434782608695654,0.5362318840579711,0.0821256038647343,1.586466165413534,0.4943287390549321,2.123851640967086,2.436759448213851,0.8796120275969618,0.46211571011881486,0.7880584451851315,0.7569103062641874,1.4516626671237574,0.3105351820386343
207.0,3801.0,0.12560386473429952,0.04830917874396135,0.8260869565217391,0.0821256038647343,0.30434782608695654,0.5362318840579711,0.0821256038647343,1.586466165413534,0.4943287390549321,2.123851640967086,2.4349395770943687,0.8775980171162974,0.4612661705206962,0.7872976873818561,0.7563343184100112,1.4488636363636365,0.31360140489529653
207.0,3801.0,0.12560386473429952,0.05314009661835749,0.821256038647343,0.0821256038647343,0.2995169082125604,0.5362318840579711,0.0821256038647343,1.5594405594405594,0.49819925905568,2.155336037465062,2.4271733029884164,0.8749365875177568,0.45942801717532916,0.788625078104242,0.7553445150866656,1.450094485483594,0.3094344527737344
207.0,3801.0,0.12560386473429952,0.04830917874396135,0.8260869565217391,0.0821256038647343,0.30434782608695654,0.5362318840579711,0.0821256038647343,1.586466165413534,0.4943287390549321,2.123851640967086,2.4345475828003402,0.8767817094114887,0.46131340820860445,0.7858248006054712,0.7541800770247256,1.4513685660182476,0.31311776066859254
207.0,3801.0,0.12560386473429952,0.04830917874396135,0.8260869565217391,0.0821256038647343,0.30434782608695654,0.5362318840579711,0.0821256038647343,1.586466165413534,0.4943287390549321,2.123851640967086,2.435651503353484,0.8776349373936186,0.4608880947227257,0.7887263841648087,0.7560557669806519,1.4491481672689726,0.3091696973539853
207.0,3801.0,0.12560386473429952,0.04830917874396135,0.8260869565217391,0.0821256038647343,0.30434782608695654,0.5362318840579711,0.0821256038647343,1.586466165413534,0.4943287390549321,2.123851640967086,2.4360299227703455,0.8850828061228035,0.46143935173498124,0.7866747019684077,0.7547336497070041,1.4517294785751163,0.31124787553511424
207.0,3801.0,0.12560386473429952,0.04830917874396135,0.8260869565217391,0.0821256038647343,0.30434782608695654,0.5362318840579711,0.0821256038647343,1.586466165413534,0.4943287390549321,2.123851640967086,2.4348346106390024,0.8811035449665199,0.46012311832458663,0.7891360805018457,0.7565359640415054,1.4491306593217421,0.3119662900273457
207.0,3801.0,0.12560386473429952,0.04830917874396135,0.8260869565217391,0.0821256038647343,0.30434782608695654,0.5362318840579711,0.0821256038647343,1.586466165413534,0.4943287390549321,2.123851640967086,2.4366635786280093,0.8776159379192756,0.4601783653801937,0.7895317648827261,0.7564831572856224,1.4494497936726272,0.3085424052889833
207.0,3801.0,0.12560386473429952,0.05314009661835749,0.821256038647343,0.0821256038647343,0.2995169082125604,0.5362318840579711,0.0821256038647343,1.5694444444444444,0.4968822766933802,2.1583624920952498,2.427602273229184,0.8837670032784308,0.46102990948069256,0.7868639570977447,0.7549693964862243,1.449587061252581,0.31066690897048516
207.0,3801.0,0.12560386473429952,0.04830917874396135,0.8260869565217391,0.0821256038647343,0.30434782608695654,0.5362318840579711,0.0821256038647343,1.586466165413534,0.4943287390549321,2.123851640967086,2.4355099663953133,0.8761030236456901,0.4620449748123021,0.788030794132689,0.756929498310831,1.4476453337933415,0.3150858434552924
207.0,3801.0,0.12560386473429952,0.04830917874396135,0.8260869565217391,0.0821256038647343,0.30434782608695654,0.5362318840579711,0.0821256038647343,1.586466165413534,0.4943287390549321,2.123851640967086,2.434801002574791,0.8799048681551613,0.4601704733497706,0.7863468597404026,0.7543197119199777,1.450438069060299,0.3135955986828525
207.0,3801.0,0.12560386473429952,0.04830917874396135,0.8260869565217391,0.0821256038647343,0.30434782608695654,0.5362318840579711,0.0821256038647343,1.586466165413534,0.4943287390549321,2.123851640967086,2.4364971178607147,0.8775803661508949,0.4610692947279737,0.7884086079098026,0.756367929748467,1.4523361287010097,0.30951259424767036
207.0,3801.0,0.12560386473429952,0.05314009661835749,0.821256038647343,0.0821256038647343,0.2995169082125604,0.5362318840579711,0.0821256038647343,1.5486111111111112,0.4993682878083941,2.1583624920952498,2.4304796104435007,0.8782803861383802,0.4627675371982441,0.7877081268013812,0.7569247003447908,1.4519280205655527,0.308475567375125
207.0,3801.0,0.12560386473429952,0.04830917874396135,0.8260869565217391,0.0821256038647343,0.30434782608695654,0.5362318840579711,0.0821256038647343,1.586466165413534,0.4943287390549321,2.123851640967086,2.434102403725437,0.8767596490053546,0.4625713004053009,0.7854318725762578,0.7554743204368082,1.451007404856208,0.3156762276595076
207.0,3801.0,0.12560386473429952,0.04830917874396135,0.8260869565217391,0.0821256038647343,0.30434782608695654,0.5362318840579711,0.0821256038647343,1.586466165413534,0.4943287390549321,2.123851640967086,2.434431158760803,0.8759095866973148,0.46105354103279683,0.7869285703759983,0.7553012416792351,1.4531410916580845,0.3145578680711473
207.0,3801.0,0.12560386473429952,0.04830917874396135,0.8260869565217391,0.0821256038647343,0.30434782608695654,0.5362318840579711,0.0821256038647343,1.586466165413534,0.4943287390549321,2.123851640967086,2.434852144745049,0.8786308987235338,0.462170718983648,0.7866793184888734,0.7556569716735169,1.4474184078742878,0.31192355099404306
207.0,3801.0,0.12560386473429952,0.04830917874396135,0.8260869565217391,0.0821256038647343,0.30434782608695654,0.5362318840579711,0.0821256038647343,1.586466165413534,0.4943287390549321,2.123851640967086,2.4351436343199024,0.877855020433461,0.4601467964463587,0.787509851318974,0.7553108582062515,1.4461352239322152,0.3148313346926631
207.0,3801.0,0.12560386473429952,0.04830917874396135,0.8260869565217391,0.0821256038647343,0.30434782608695654,0.5362318840579711,0.0821256038647343,1.586466165413534,0.4943287390549321,2.123851640967086,2.43477911576694,0.879848987347745,0.46165967023185167,0.7867300984260764,0.7554454767309462,1.4475500345065562,0.3115959890125702
207.0,3801.0,0.12560386473429952,0.04830917874396135,0.8260869565217391,0.0821256038647343,0.30434782608695654,0.5362318840579711,0.0821256038647343,1.586466165413534,0.4943287390549321,2.123851640967086,2.434694649447084,0.8791584930959405,0.4597756991090308,0.7859911579680088,0.7538043789606721,1.4496390512203505,0.3138305326585889
207.0,3801.0,0.12560386473429952,0.04830917874396135,0.8260869565217391,0.0821256038647343,0.30434782608695654,0.5362318840579711,0.0821256038647343,1.586466165413534,0.4943287390549321,2.123851640967086,2.434611537966749,0.879659656737374,0.46181697623548185,0.7883072610115304,0.7570590318997809,1.4482164397725314,0.3146215943756009
207.0,3801.0,0.12560386473429952,0.04830917874396135,0.8260869565217391,0.0821256038647343,0.30434782608695654,0.5362318840579711,0.0821256038647343,1.586466165413534,0.4943287390549321,2.123851640967086,2.4353245093741065,0.8809438459772074,0.4617461951656644,0.7883763625826357,0.7567231583006945,1.4507549759780372,0.31016043139329436
207.0,3801.0,0.12560386473429952,0.04830917874396135,0.8260869565217391,0.0821256038647343,0.30434782608695654,0.5362318840579711,0.0821256038647343,1.586466165413534,0.4943287390549321,2.123851640967086,2.4350633095705145,0.8800168642084643,0.4620999920975399,0.7862175322610213,0.75545509142193,1.4469186949766961,0.31304454890947386
207.0,3801.0,0.12560386473429952,0.04830917874396135,0.8260869565217391,0.0821256038647343,0.30434782608695654,0.5362318840579711,0.0821256038647343,1.586466165413534,0.4943287390549321,2.123851640967086,2.4355653513433,0.8785460943052908,0.4605885646190222,0.7867670272309235,0.7543678558908703,1.4516683866529068,0.31090108121882787
207.0,3801.0,0.12560386473429952,0.04830917874396135,0.8260869565217391,0.0821256038647343,0.30434782608695654,0.5362318840579711,0.0821256038647343,1.586466165413534,0.4943287390549321,2.123851640967086,2.434760725725433,0.8790924223327716,0.4621392861483666,0.7867808750858716,0.7559260614747679,1.4495617803746348,0.312470214406955
207.0,3801.0,0.12560386473429952,0.04830917874396135,0.8260869565217391,0.0821256038647343,0.30434782608695654,0.5362318840579711,0.0821256038647343,1.586466165413534,0.4943287390549321,2.123851640967086,2.435505262785649,0.8776603799775464,0.4619742286751342,0.7897709197309409,0.7577734671491607,1.4479489831092727,0.3107731782598675
207.0,3801.0,0.12560386473429952,0.04830917874396135,0.8260869565217391,0.0821256038647343,0.30434782608695654,0.5362318840579711,0.0821256038647343,1.586466165413534,0.4943287390549321,2.123851640967086,2.434397812260011,0.8774471675042319,0.4606437558515873,0.7859865374056074,0.7544737618129345,1.453781512605042,0.31458153772116815
207.0,3801.0,0.12560386473429952,0.04830917874396135,0.8260869565217391,0.0821256038647343,0.30434782608695654,0.5362318840579711,0.0821256038647343,1.5909090909090908,0.4935391034500526,2.12057393120585,2.435163667923726,0.8762480035361307,0.460903854072858,0.7873253641811809,0.75602214176402,1.4481392143349414,0.31613183771586756
207.0,3801.0,0.12560386473429952,0.04830917874396135,0.8260869565217391,0.0821256038647343,0.30434782608695654,0.5362318840579711,0.0821256038647343,1.586466165413534,0.4943287390549321,2.123851640967086,2.4353031345918725,0.8832933876092376,0.46223357824171835,0.7858340436050723,0.7545555880263276,1.4489585126527802,0.3132994749136996
207.0,3801.0,0.12560386473429952,0.04830917874396135,0.8260869565217391,0.0821256038647343,0.30434782608695654,0.5362318840579711,0.0821256038647343,1.586466165413534,0.4943287390549321,2.123851640967086,2.435237746287612,0.8810917491113274,0.461234676041045,0.7864900189294711,0.7552820082578785,1.4511923142906158,0.31104262765847784
207.0,3580.0,0.12560386473429952,0.04830917874396135,0.8260869565217391,0.06763285024154589,0.30434782608695654,0.5314009661835749,0.0821256038647343,1.593984962406015,0.49294406199588836,2.123851640967086,2.4274454844966407,0.8331129266518912,0.4736122587235667,0.7758588899197332,0.7450760799589665,1.5174267383388242,0.27792400342547874
207.0,3580.0,0.12560386473429952,0.04830917874396135,0.8260869565217391,0.06280193236714976,0.30434782608695654,0.5362318840579711,0.0821256038647343,1.5954198473282444,0.49269472455370716,2.1172712956557644,2.4311955976134074,0.83274779769401,0.4750760265041464,0.7769169075352379,0.74793401049174,1.4895301777230336,0.2809803583218759
207.0,3580.0,0.12560386473429952,0.04830917874396135,0.8260869565217391,0.07246376811594203,0.30434782608695654,0.5362318840579711,0.0821256038647343,1.5984848484848484,0.492072242025226,2.12057393120585,2.43102924880889,0.8295515449088552,0.4709100351194075,0.7771077316943404,0.7464913433133549,1.4942508710801394,0.2802140795059596
207.0,3580.0,0.12560386473429952,0.04830917874396135,0.8260869565217391,0.07246376811594203,0.30434782608695654,0.5362318840579711,0.0821256038647343,1.618320610687023,0.4876634284985996,2.1172712956557644,2.4321002452381317,0.8312017940080935,0.469622342010744,0.7760276192674173,0.7438942538978162,1.4816489824317272,0.2787179612762927
207.0,3580.0,0.13043478260869565,0.04830917874396135,0.821256038647343,0.07246376811594203,0.30917874396135264,0.5265700483091788,0.0821256038647343,1.6058394160583942,0.4904629300853346,2.1367205671564067,2.430502235095406,0.8310441626842576,0.47050148743358644,0.779273966389499,0.748571272843714,1.4986038394415357,0.2830316927886907
207.0,3580.0,0.13043478260869565,0.04830917874396135,0.821256038647343,0.0821256038647343,0.30434782608695654,0.5314009661835749,0.0821256038647343,1.6240601503759398,0.5015355777494375,2.123851640967086,2.4268235104752134,0.836315176813484,0.47124769157526847,0.7800025638747881,0.7490283195552225,1.4922080196112766,0.2805916952047566
207.0,3580.0,0.12560386473429952,0.04830917874396135,0.8260869565217391,0.07729468599033816,0.30434782608695654,0.5362318840579711,0.0821256038647343,1.5984848484848484,0.492072242025226,2.12057393120585,2.4335235716399675,0.8302089427677575,0.4743999362236008,0.7758218476576978,0.7470290219770575,1.494990332220074,0.2806627864923199
206.0,3580.0,0.1262135922330097,0.043689320388349516,0.8300970873786409,0.07281553398058252,0.3058252427184466,0.5388349514563107,0.0825242718446602,1.6076923076923078,0.4901534935376789,2.113943352306837,2.437420614680935,0.834733149118761,0.46931691568676615,0.7741598909086136,0.7416589027704651,1.479413817166783,0.28489136852456953
207.0,3580.0,0.13043478260869565,0.04830917874396135,0.821256038647343,0.07729468599033816,0.30434782608695654,0.5362318840579711,0.0821256038647343,1.6131386861313868,0.5036364115475532,2.1367205671564067,2.4327822290502357,0.8304046292539974,0.4685212353065664,0.780304785766922,0.7477575404021769,1.4804694342266596,0.2818621417232304
207.0,3580.0,0.12560386473429952,0.04830917874396135,0.8260869565217391,0.07246376811594203,0.30434782608695654,0.5362318840579711,0.0821256038647343,1.606060606060606,0.49048310438605275,2.12057393120585,2.432512968024005,0.8359748463465693,0.4697965608465989,0.7783545789680998,0.7465242293335613,1.4999127247338104,0.27700021323504326
207.0,3580.0,0.12560386473429952,0.04830917874396135,0.8260869565217391,0.0821256038647343,0.30434782608695654,0.5314009661835749,0.0821256038647343,1.6030534351145038,0.4911429262911169,2.1172712956557644,2.430437344679152,0.8350276976579123,0.4678191622458364,0.7779833630073864,0.7478625806646296,1.4927637314734088,0.2869316252255275
207.0,3580.0,0.13043478260869565,0.04830917874396135,0.821256038647343,0.07246376811594203,0.30434782608695654,0.5362318840579711,0.0821256038647343,1.6119402985074627,0.4891368454244578,2.1271047983648077,2.428098573020542,0.8256643385891819,0.4747693953957449,0.775658455912865,0.7472528311701776,1.4868559411146163,0.28090604116691165
207.0,3580.0,0.12560386473429952,0.04830917874396135,0.8260869565217391,0.0821256038647343,0.30434782608695654,0.5362318840579711,0.0821256038647343,1.5954198473282444,0.49269472455370716,2.1172712956557644,2.4326503581413617,0.827311741744849,0.4709433642862147,0.7725094002031121,0.7437543376313638,1.4960588544403572,0.28470694648635964
207.0,3580.0,0.12560386473429952,0.04830917874396135,0.8260869565217391,0.06763285024154589,0.30434782608695654,0.5314009661835749,0.0821256038647343,1.6076923076923078,0.4901534935376789,2.113943352306837,2.428329721591086,0.8288634367530405,0.47290371492390093,0.776896523388385,0.7480011736088024,1.4900731452455591,0.2856690793475103
207.0,3580.0,0.14009661835748793,0.04830917874396135,0.8115942028985508,0.07246376811594203,0.30434782608695654,0.5314009661835749,0.0821256038647343,1.6083916083916083,0.48982556589004966,2.155336037465062,2.4285392114307376,0.8304976212188397,0.4734403472494134,0.7759485276196667,0.7470337775205177,1.5010533707865168,0.2826385745248532
207.0,3580.0,0.13526570048309178,0.04830917874396135,0.8164251207729469,0.06763285024154589,0.30434782608695654,0.5314009661835749,0.0821256038647343,1.598639455782313,0.4918495140385683,2.167317334748176,2.4259459384764543,0.8343854480379637,0.47263557411716317,0.7781535206404252,0.7467865149248247,1.4860403863037752,0.2814049754142725
207.0,3580.0,0.12560386473429952,0.04830917874396135,0.8260869565217391,0.07729468599033816,0.30434782608695654,0.5362318840579711,0.0821256038647343,1.606060606060606,0.49048310438605275,2.12057393120585,2.4345310440079464,0.8284248808927882,0.469699375258123,0.7748397289072112,0.7465246684384784,1.4926624737945493,0.2842580177961619
207.0,3580.0,0.13043478260869565,0.04830917874396135,0.821256038647343,0.0821256038647343,0.30434782608695654,0.5362318840579711,0.0821256038647343,1.6119402985074627,0.48913684542445784,2.1271047983648077,2.428657017739508,0.8239923028603072,0.4715691954427508,0.7758797203101464,0.7480159270484823,1.4925712288061528,0.2823319686283532
207.0,3580.0,0.12560386473429952,0.04830917874396135,0.8260869565217391,0.06280193236714976,0.30434782608695654,0.5362318840579711,0.0821256038647343,1.5909090909090908,0.4935391034500526,2.12057393120585,2.430645978192917,0.8358351646912183,0.46990334052710997,0.7803863965014772,0.7498223157059556,1.4922460358947551,0.28598651117839907
206.0,3580.0,0.1262135922330097,0.043689320388349516,0.8300970873786409,0.07766990291262135,0.3058252427184466,0.5339805825242718,0.07281553398058252,1.6030534351145038,0.4911429262911169,2.1172712956557644,2.4389548318299497,0.8381144635549299,0.46703668253908404,0.7772906112331617,0.7454074639245055,1.4920273348519362,0.2843450907205043
207.0,3580.0,0.12560386473429952,0.04830917874396135,0.8260869565217391,0.07246376811594203,0.30434782608695654,0.5362318840579711,0.0821256038647343,1.5984848484848484,0.492072242025226,2.12057393120585,2.4335621882002667,0.8285840649680767,0.4729128733470423,0.7783756056648583,0.7504655415409426,1.4942428471737614,0.28480602830045487
207.0,3580.0,0.13043478260869565,0.04830917874396135,0.821256038647343,0.06763285024154589,0.30434782608695654,0.5362318840579711,0.0821256038647343,1.5925925925925926,0.49318181528701505,2.130333768495006,2.432714893792516,0.8280672156086946,0.4710235237378981,0.7819071581377371,0.7509965552716816,1.4922616953921914,0.281713228835222
207.0,3580.0,0.12560386473429952,0.04830917874396135,0.8260869565217391,0.07729468599033816,0.30434782608695654,0.5362318840579711,0.0821256038647343,1.593984962406015,0.49294406199588836,2.123851640967086,2.432362632067972,0.8356711225528868,0.4716390421992635,0.7801316304039526,0.7502335769339629,1.5037765677147374,0.28301835426905536
207.0,3580.0,0.12560386473429952,0.04830917874396135,0.8260869565217391,0.07246376811594203,0.30434782608695654,0.5362318840579711,0.0821256038647343,1.593984962406015,0.49294406199588836,2.123851640967086,2.43170670402439,0.8298438415939027,0.4722462044071478,0.7747770272306547,0.746600957747452,1.4869173453474267,0.2839924525999323
207.0,3580.0,0.12560386473429952,0.04830917874396135,0.8260869565217391,0.06763285024154589,0.30434782608695654,0.5362318840579711,0.07246376811594203,1.6,0.49179311210739735,2.113943352306837,2.4275590297701037,0.8300445153673944,0.47693345920436725,0.7779748248587423,0.747498041035087,1.4912280701754386,0.27619262179816534
207.0,3580.0,0.12560386473429952,0.04830917874396135,0.8260869565217391,0.06763285024154589,0.30434782608695654,0.5362318840579711,0.0821256038647343,1.5909090909090908,0.5087710901837886,2.12057393120585,2.4324683443217365,0.8344290148538372,0.46687271275915876,0.7786420966582694,0.7458331022958821,1.4978272205805667,0.28266009050259866
207.0,3580.0,0.13526570048309178,0.04830917874396135,0.8164251207729469,0.06763285024154589,0.30434782608695654,0.5362318840579711,0.0821256038647343,1.637037037037037,0.4826451897771654,2.130333768495006,2.4277446721430103,0.8339017880607593,0.4730852723475455,0.7790148892889748,0.7488480780899248,1.4813511611541168,0.2813961665463268
207.0,3580.0,0.13043478260869565,0.04830917874396135,0.821256038647343,0.06280193236714976,0.30434782608695654,0.5362318840579711,0.07246376811594203,1.6090225563909775,0.5198278629153233,2.123851640967086,2.4307887480141406,0.8296376993311297,0.4720727293329434,0.7776372714686195,0.7487695998123486,1.5015734265734266,0.2841351017805117
207.0,3580.0,0.12560386473429952,0.04830917874396135,0.8260869565217391,0.0821256038647343,0.30434782608695654,0.5362318840579711,0.0821256038647343,1.5909090909090908,0.4935391034500526,2.12057393120585,2.4342568665993682,0.8325606285087536,0.4689123800571152,0.7787779962587882,0.7461846696534401,1.4872377622377622,0.2799915596433718
207.0,3580.0,0.13043478260869565,0.04830917874396135,0.821256038647343,0.06763285024154589,0.30434782608695654,0.5362318840579711,0.07246376811594203,1.6194029850746268,0.487355548205786,2.1271047983648077,2.4259790639881222,0.8306277063906126,0.4729555955853473,0.7789623940791192,0.7488699210121543,1.5047219307450157,0.2787641172754669
207.0,3580.0,0.12560386473429952,0.04830917874396135,0.8260869565217391,0.0821256038647343,0.30434782608695654,0.5362318840579711,0.07246376811594203,1.5984848484848484,0.492072242025226,2.12057393120585,2.4345583568745988,0.8301800474263004,0.47449609232776224,0.7783676247470981,0.7498700254543083,1.4826983572177561,0.28012725774186753
207.0,3580.0,0.13043478260869565,0.04830917874396135,0.821256038647343,0.06763285024154589,0.30434782608695654,0.5362318840579711,0.0821256038647343,1.5970149253731343,0.4923383362785629,2.1271047983648077,2.430627930511292,0.8251767808444594,0.47368996118055445,0.7778854615741587,0.7518835970044251,1.4807859502695184,0.2897303072171332
207.0,3580.0,0.12560386473429952,0.04830917874396135,0.8260869565217391,0.07729468599033816,0.30434782608695654,0.5362318840579711,0.0821256038647343,1.5909090909090908,0.4935391034500526,2.12057393120585,2.4326572067117023,0.8346751148751175,0.4669632926180065,0.7796119335635073,0.748873589953343,1.4912219711454893,0.2844756617751176
207.0,3580.0,0.12560386473429952,0.04830917874396135,0.8260869565217391,0.07246376811594203,0.30917874396135264,0.5314009661835749,0.0821256038647343,1.6015037593984962,0.4914395925155201,2.123851640967086,2.4269630880398667,0.8302734116939366,0.46738660542415766,0.7788905824219157,0.7487898767091673,1.5100261551874454,0.2880728813701059
207.0,3580.0,0.13043478260869565,0.04830917874396135,0.821256038647343,0.0821256038647343,0.30434782608695654,0.5362318840579711,0.0821256038647343,1.6074074074074074,0.490146129539885,2.130333768495006,2.431916982428385,0.8258064055143506,0.469436220313171,0.7751561002971601,0.7464590959110796,1.4932079414838035,0.2889569372491076
207.0,3580.0,0.12560386473429952,0.04830917874396135,0.8260869565217391,0.0821256038647343,0.30434782608695654,0.5362318840579711,0.0821256038647343,1.6015037593984962,0.4914395925155201,2.123851640967086,2.430417132505376,0.8244344674063254,0.47286168760578456,0.7761330918118495,0.7458552248625238,1.4931196655634906,0.2800280531047905
207.0,3580.0,0.12560386473429952,0.04830917874396135,0.8260869565217391,0.0821256038647343,0.30434782608695654,0.5314009661835749,0.0821256038647343,1.606060606060606,0.49048310438605275,2.12057393120585,2.42886175799408,0.8282694210033944,0.46883375353654455,0.7794614686612436,0.7485086133604821,1.4978976874562018,0.28356954781620386
207.0,3580.0,0.12560386473429952,0.04830917874396135,0.8260869565217391,0.06280193236714976,0.30434782608695654,0.5362318840579711,0.0821256038647343,1.618320610687023,0.4876634284985996,2.1172712956557644,2.4327249637076074,0.8354408209814085,0.4705812632150032,0.7738703254945182,0.7445054258684751,1.4771413557540725,0.28244878286587877
207.0,3580.0,0.12560386473429952,0.04830917874396135,0.8260869565217391,0.0821256038647343,0.30434782608695654,0.5314009661835749,0.0821256038647343,1.6015037593984962,0.4914395925155201,2.123851640967086,2.433287442855299,0.8311914155515738,0.46949729693777387,0.7779623020846685,0.748081637304658,1.5036547163243996,0.2809435308231285
207.0,3580.0,0.13526570048309178,0.04830917874396135,0.8164251207729469,0.07729468599033816,0.30434782608695654,0.5362318840579711,0.0821256038647343,1.6071428571428572,0.490139145878712,2.146128035678238,2.4303915741492954,0.8269282116676899,0.47077022474701724,0.7753784641990309,0.7458169026641842,1.4961525008744316,0.28438229402095194
207.0,3580.0,0.12560386473429952,0.04830917874396135,0.8260869565217391,0.07729468599033816,0.30434782608695654,0.5314009661835749,0.0821256038647343,1.6030534351145038,0.5215271851160131,2.1172712956557644,2.4300180503650313,0.8279648360018536,0.47434815546374753,0.77566880344236,0.7509535349775378,1.4913416127339514,0.28730152962494687
207.0,3580.0,0.12560386473429952,0.04830917874396135,0.8260869565217391,0.07246376811594203,0.30434782608695654,0.5362318840579711,0.0821256038647343,1.6349206349206349,0.49965067162047694,2.100370545117563,2.4319243238408634,0.8357201634823559,0.47489864935075166,0.7772077636664326,0.7484236791387281,1.4760984182776802,0.2756065534964025
206.0,3580.0,0.1262135922330097,0.043689320388349516,0.8300970873786409,0.07766990291262135,0.3058252427184466,0.5339805825242718,0.0825242718446602,1.5984848484848484,0.492072242025226,2.12057393120585,2.4356825415247996,0.8372607266967844,0.46977656997760747,0.7785266400997134,0.746401571419381,1.4996494917630565,0.283513871542821
207.0,3580.0,0.13043478260869565,0.04830917874396135,0.821256038647343,0.07729468599033816,0.30917874396135264,0.5314009661835749,0.0821256038647343,1.6044776119402986,0.5058850164523021,2.1271047983648077,2.428634564115162,0.831178963215119,0.4718126137041006,0.7778823660621731,0.748818920412525,1.4954608938547487,0.2793238555005568
207.0,3580.0,0.12560386473429952,0.04830917874396135,0.8260869565217391,0.07729468599033816,0.30434782608695654,0.5362318840579711,0.07246376811594203,1.593984962406015,0.49294406199588836,2.123851640967086,2.4302717755437824,0.8326355068485431,0.4704396534024425,0.7775770586198395,0.7500589375784269,1.4801191101769136,0.2882229818855069
207.0,3580.0,0.13526570048309178,0.04830917874396135,0.8164251207729469,0.0821256038647343,0.30434782608695654,0.5314009661835749,0.0821256038647343,1.6028368794326242,0.5053913988769138,2.1492191126553797,2.42316379752683,0.8272495442089236,0.47221154649323355,0.7810311854017922,0.7501431034925388,1.496498599439776,0.28048698176861175
207.0,3580.0,0.12560386473429952,0.04830917874396135,0.8260869565217391,0.07729468599033816,0.30917874396135264,0.5314009661835749,0.07246376811594203,1.618320610687023,0.4876634284985996,2.1172712956557644,2.4274114151477555,0.8266647417329868,0.4683901479434092,0.7799006967843314,0.7492233805516936,1.518473122045176,0.2856989319724756
207.0,3580.0,0.12560386473429952,0.04830917874396135,0.8260869565217391,0.0821256038647343,0.30434782608695654,0.5265700483091788,0.07246376811594203,1.6090225563909775,0.48981422678407577,2.123851640967086,2.42544233248004,0.8309695900786225,0.47104772722032723,0.777509354258617,0.7456080457428087,1.5061146051712089,0.2811582304160056
207.0,3580.0,0.12560386473429952,0.04830917874396135,0.8260869565217391,0.0821256038647343,0.30434782608695654,0.5362318840579711,0.0821256038647343,1.6106870229007633,0.48946625693346146,2.1172712956557644,2.4281501320958196,0.8304928176087057,0.4730435669949135,0.7757794045631614,0.7471337555278277,1.4874934406157074,0.2847013769220804
207.0,3580.0,0.12560386473429952,0.04830917874396135,0.8260869565217391,0.07246376811594203,0.30434782608695654,0.5362318840579711,0.0821256038647343,1.6106870229007633,0.4894662569334615,2.1172712956557644,2.431829365373844,0.8283383571552544,0.47286095888439017,0.7783440654067096,0.7500565227279247,1.5058515283842795,0.2867655809389476
207.0,3580.0,0.12560386473429952,0.04830917874396135,0.8260869565217391,0.07729468599033816,0.30434782608695654,0.5362318840579711,0.0821256038647343,1.5984848484848484,0.492072242025226,2.12057393120585,2.4313751373240797,0.8298022590632802,0.4707789208583366,0.7777086713522304,0.7501790065026482,1.4868260338509858,0.28408500511254264
207.0,3580.0,0.12560386473429952,0.04830917874396135,0.8260869565217391,0.07729468599033816,0.30917874396135264,0.5314009661835749,0.0821256038647343,1.6106870229007633,0.4894662569334615,2.1172712956557644,2.4252129481884817,0.8315994074753088,0.47189070005239586,0.7777297273225339,0.7496876938704856,1.4888072752710737,0.28118366064005124
207.0,3580.0,0.12560386473429952,0.04830917874396135,0.8260869565217391,0.07729468599033816,0.30434782608695654,0.5362318840579711,0.0821256038647343,1.6076923076923078,0.4901534935376789,2.113943352306837,2.431432463660923,0.8301554693759127,0.4704744613240356,0.7782243786224944,0.7482008769970278,1.488679902473006,0.2840609308389603
207.0,3580.0,0.12560386473429952,0.04830917874396135,0.8260869565217391,0.07729468599033816,0.30434782608695654,0.5362318840579711,0.0821256038647343,1.6106870229007633,0.4894662569334615,2.1172712956557644,2.4306104433907905,0.831988098731567,0.47182129060320893,0.7735547596392751,0.7443938526803187,1.4933981931897151,0.2870157099636766
207.0,3580.0,0.12560386473429952,0.04830917874396135,0.8260869565217391,0.06763285024154589,0.30434782608695654,0.5314009661835749,0.0821256038647343,1.6136363636363635,0.48877049786543225,2.12057393120585,2.428174747103407,0.8307623492069601,0.4732235550596105,0.7821058701070502,0.7512687653244573,1.4896988906497624,0.27375421914951054
207.0,3580.0,0.12560386473429952,0.04830917874396135,0.8260869565217391,0.07246376811594203,0.30434782608695654,0.5362318840579711,0.0821256038647343,1.593984962406015,0.49294406199588836,2.123851640967086,2.4327626337724904,0.8303503161460962,0.4714050327573135,0.7788065278433677,0.7501656162170736,1.5181465821000704,0.29173820456732846
207.0,3580.0,0.12560386473429952,0.04830917874396135,0.8260869565217391,0.06763285024154589,0.30434782608695654,0.5362318840579711,0.0821256038647343,1.5984848484848484,0.492072242025226,2.12057393120585,2.4297210780011524,0.8289593121324789,0.47300747055639064,0.77626989543207,0.7459153410387539,1.487273361227336,0.2767760776356174
207.0,3580.0,0.12560386473429952,0.04830917874396135,0.8260869565217391,0.07729468599033816,0.30434782608695654,0.5362318840579711,0.0821256038647343,1.618320610687023,0.5031900584069842,2.1172712956557644,2.4316988567742857,0.830991581432352,0.47221158604454466,0.7782454206399797,0.7491796656582753,1.4824699110413395,0.2837431871176026
207.0,3580.0,0.12560386473429952,0.04830917874396135,0.8260869565217391,0.06280193236714976,0.30434782608695654,0.5362318840579711,0.0821256038647343,1.6259541984732824,0.48573303624673086,2.1172712956557644,2.4298543154560015,0.8336172241569193,0.4696162324808238,0.7790550168670903,0.7476552731925521,1.4882465610308202,0.2777162105324548
207.0,3580.0,0.12560386473429952,0.04830917874396135,0.8260869565217391,0.0821256038647343,0.30434782608695654,0.5314009661835749,0.0821256038647343,1.5909090909090908,0.4935391034500526,2.12057393120585,2.4325962537285166,0.8339298549155266,0.47078677650704265,0.775916675473927,0.7465084819237149,1.5006139273811612,0.28746094828195423
207.0,3580.0,0.12560386473429952,0.04830917874396135,0.8260869565217391,0.07729468599033816,0.30434782608695654,0.5362318840579711,0.0821256038647343,1.606060606060606,0.49048310438605275,2.12057393120585,2.4279174931714023,0.8302988149249689,0.4746760048778605,0.7756213008215137,0.7482172918261578,1.5057571528262386,0.28293723303016466
207.0,3580.0,0.13043478260869565,0.04830917874396135,0.821256038647343,0.06763285024154589,0.30434782608695654,0.5362318840579711,0.07246376811594203,1.6044776119402986,0.5058850164523021,2.1271047983648077,2.4278151095955183,0.8288132891514408,0.47237593809140915,0.7804414047849438,0.7509421014202702,1.48831123517097,0.2817555612050814
207.0,3580.0,0.13526570048309178,0.04830917874396135,0.8164251207729469,0.07729468599033816,0.30434782608695654,0.5362318840579711,0.0821256038647343,1.618705035971223,0.4874613838772839,2.143014800254095,2.4315031667675036,0.8301418426565896,0.4731902421049725,0.7773506325951116,0.7510407557211427,1.4906189724706296,0.28273356925424725
207.0,3580.0,0.12560386473429952,0.04830917874396135,0.8260869565217391,0.07729468599033816,0.30434782608695654,0.5362318840579711,0.0821256038647343,1.6090225563909775,0.48981422678407577,2.123851640967086,2.429687803423993,0.8305807743279895,0.4723502800397491,0.7725856559625743,0.7433977489736961,1.498165297920671,0.2816127628269351
206.0,3580.0,0.13106796116504854,0.043689320388349516,0.825242718446602,0.07766990291262135,0.3058252427184466,0.5388349514563107,0.0825242718446602,1.6015037593984962,0.4914395925155201,2.123851640967086,2.4365372531596488,0.8269031110545204,0.47109297451448184,0.7726062530251433,0.7429437954412369,1.5148928758056088,0.2880372959884286
207.0,3580.0,0.13043478260869565,0.04830917874396135,0.821256038647343,0.07246376811594203,0.30434782608695654,0.5314009661835749,0.0821256038647343,1.6231884057971016,0.501135914817595,2.1398790864012365,2.430760895846947,0.8321529176913461,0.47131822866838685,0.7774919947922254,0.7470775933888184,1.4854807859502694,0.2762414664426959
207.0,3580.0,0.12560386473429952,0.04830917874396135,0.8260869565217391,0.07729468599033816,0.30917874396135264,0.5314009661835749,0.0821256038647343,1.6106870229007633,0.4894662569334615,2.1172712956557644,2.428018192908131,0.8299303204359024,0.47037873334168767,0.7799321917588621,0.749917013155806,1.480739062227645,0.2830603928930223
206.0,3580.0,0.1262135922330097,0.043689320388349516,0.8300970873786409,0.07281553398058252,0.3058252427184466,0.5339805825242718,0.0825242718446602,1.5984848484848484,0.492072242025226,2.12057393120585,2.4373562587888067,0.8359466238561913,0.4664973197338098,0.7746436431742597,0.7429808906131103,1.4763157894736842,0.28832473798556
207.0,3580.0,0.13043478260869565,0.04830917874396135,0.821256038647343,0.0821256038647343,0.30434782608695654,0.5362318840579711,0.0821256038647343,1.6165413533834587,0.48806675697264085,2.123851640967086,2.431385498615827,0.8277518218861554,0.471603939489408,0.7798134858981284,0.7498591002642709,1.4986967854039965,0.2827042928512707
207.0,3580.0,0.12560386473429952,0.04830917874396135,0.8260869565217391,0.07246376811594203,0.30434782608695654,0.5362318840579711,0.0821256038647343,1.5984848484848484,0.492072242025226,2.12057393120585,2.432946643114686,0.8336864602821723,0.47121404265421074,0.776122518605618,0.7467269944545958,1.4808933868434828,0.2852625051957912
207.0,3580.0,0.12560386473429952,0.04830917874396135,0.8260869565217391,0.06763285024154589,0.30434782608695654,0.5362318840579711,0.0821256038647343,1.6106870229007633,0.4894662569334615,2.1172712956557644,2.4308511502847567,0.830330859292008,0.4733099612386124,0.7747618092698665,0.7465345817101435,1.4832661643595584,0.2813326960750066
207.0,3580.0,0.12560386473429952,0.04830917874396135,0.8260869565217391,0.07246376811594203,0.30434782608695654,0.5362318840579711,0.0821256038647343,1.586466165413534,0.4943287390549321,2.123851640967086,2.429086178520611,0.8308061940918662,0.47158726933616585,0.7772024991467766,0.7506890442779847,1.4825888146324306,0.28986406252051866
207.0,3580.0,0.14009661835748793,0.04830917874396135,0.8115942028985508,0.06763285024154589,0.30434782608695654,0.5314009661835749,0.0821256038647343,1.6164383561643836,0.48792698680201424,2.164352855784437,2.433399343211894,0.8305340061460946,0.4696585081809437,0.7818234748304296,0.7504736351953363,1.4903946908836885,0.2828400117549086
207.0,3580.0,0.12560386473429952,0.04830917874396135,0.8260869565217391,0.07729468599033816,0.30917874396135264,0.5314009661835749,0.07246376811594203,1.618320610687023,0.4876634284985996,2.1172712956557644,2.4284334825833973,0.8270048836807411,0.4685212353065664,0.777218959233143,0.7489337218390012,1.494854351997209,0.28980234834979
207.0,3580.0,0.12560386473429952,0.04830917874396135,0.8260869565217391,0.07729468599033816,0.30434782608695654,0.5314009661835749,0.0821256038647343,1.618320610687023,0.4876634284985996,2.1172712956557644,2.431118947156751,0.8290796751931363,0.4726968369906256,0.7757690772009259,0.7454325624540424,1.4818149717514124,0.2784021102802597
207.0,3580.0,0.12560386473429952,0.04830917874396135,0.8260869565217391,0.06280193236714976,0.30434782608695654,0.5362318840579711,0.07246376811594203,1.6030534351145038,0.5065629175437311,2.1172712956557644,2.429085873751995,0.82961937453854,0.47316233155216236,0.7726758346968285,0.7444779774451177,1.492060722387018,0.2827581165088164
207.0,3580.0,0.12560386473429952,0.04830917874396135,0.8260869565217391,0.06763285024154589,0.30434782608695654,0.5362318840579711,0.0821256038647343,1.6090225563909775,0.48981422678407577,2.123851640967086,2.4325403070852936,0.8356602816934162,0.47110165317525965,0.7780694336201517,0.746101715296285,1.4916784702549575,0.2790482612638854
206.0,3580.0,0.1262135922330097,0.043689320388349516,0.8300970873786409,0.07281553398058252,0.3058252427184466,0.5339805825242718,0.0825242718446602,1.6106870229007633,0.48946625693346146,2.1172712956557644,2.438288058712717,0.8356559556620268,0.46672421221951427,0.7733547197900095,0.7429644487913376,1.4863157894736843,0.2882833263188523
207.0,3580.0,0.12560386473429952,0.04830917874396135,0.8260869565217391,0.07246376811594203,0.30917874396135264,0.5314009661835749,0.07246376811594203,1.6106870229007633,0.4894662569334615,2.1172712956557644,2.428138893785515,0.8260704303380942,0.47273980296746726,0.7797253823643655,0.750449185068646,1.4945898778359512,0.27973442718994496
207.0,3580.0,0.13043478260869565,0.04830917874396135,0.821256038647343,0.07246376811594203,0.30434782608695654,0.5314009661835749,0.07246376811594203,1.6159420289855073,0.4881435676112435,2.1398790864012365,2.4273849566260566,0.8306411610922262,0.47014480484055526,0.7779654825699887,0.748232310634329,1.4830774598743894,0.28397611338116135
207.0,3580.0,0.13043478260869565,0.04830917874396135,0.821256038647343,0.07246376811594203,0.30434782608695654,0.5362318840579711,0.0821256038647343,1.6119402985074627,0.4891368454244578,2.1271047983648077,2.429397929049871,0.8235953292349111,0.47367363177081484,0.7759063421110015,0.7496691126267632,1.493812096914764,0.2859391792916503
207.0,3580.0,0.12560386473429952,0.04830917874396135,0.8260869565217391,0.06763285024154589,0.30917874396135264,0.5314009661835749,0.0821256038647343,1.6259541984732824,0.5013194569195208,2.1172712956557644,2.428532305987561,0.8269988677399814,0.47318898817013905,0.7767175384152604,0.7492793579033488,1.4808532960307745,0.28371713608279486
206.0,3580.0,0.1262135922330097,0.043689320388349516,0.8300970873786409,0.07766990291262135,0.3058252427184466,0.5388349514563107,0.07281553398058252,1.6106870229007633,0.48946625693346146,2.1172712956557644,2.4403283169101,0.8332074380181234,0.4666614183058263,0.7794053307095409,0.7489681084206734,1.4831363004172462,0.2853023766295317
207.0,3580.0,0.13043478260869565,0.04830917874396135,0.821256038647343,0.06763285024154589,0.30434782608695654,0.5362318840579711,0.07246376811594203,1.6090225563909775,0.48981422678407577,2.123851640967086,2.432143844175604,0.8241720614410205,0.4691096463906643,0.7769070506320865,0.7497649329260307,1.4855097765363128,0.2878096203853303
207.0,3580.0,0.12560386473429952,0.04830917874396135,0.8260869565217391,0.07246376811594203,0.30434782608695654,0.5362318840579711,0.07246376811594203,1.586466165413534,0.4943287390549321,2.123851640967086,2.4311104344953756,0.8279419593028807,0.4701709127420678,0.7773762094710608,0.7474006560895933,1.5028750653423941,0.28871680388014337
207.0,3580.0,0.12560386473429952,0.04830917874396135,0.8260869565217391,0.07729468599033816,0.30434782608695654,0.5314009661835749,0.0821256038647343,1.5984848484848484,0.492072242025226,2.12057393120585,2.426778674467835,0.8308563785114356,0.4737004183850258,0.77740856180906,0.7485619200889044,1.493145869947276,0.2840955885918667
207.0,3580.0,0.13043478260869565,0.04830917874396135,0.821256038647343,0.07729468599033816,0.30917874396135264,0.5314009661835749,0.0821256038647343,1.589928057553957,0.4936253000158772,2.143014800254095,2.429958814133019,0.8314085455416506,0.4716824410634263,0.7789972993927781,0.7494036775325703,1.491874890791543,0.28656391082921506
207.0,3580.0,0.12560386473429952,0.04830917874396135,0.8260869565217391,0.0821256038647343,0.30917874396135264,0.5314009661835749,0.0821256038647343,1.6015037593984962,0.4914395925155201,2.123851640967086,2.43076561173918,0.83155958313859,0.4708737761464389,0.7775673041615224,0.7471282729466635,1.4946817785527462,0.2826206295961546
207.0,3580.0,0.12560386473429952,0.04830917874396135,0.8260869565217391,0.07729468599033816,0.30434782608695654,0.5362318840579711,0.0821256038647343,1.621212121212121,0.48693311969721415,2.12057393120585,2.432415594918747,0.828593124712717,0.46947270410229147,0.7758218476576979,0.7473413311187996,1.4810744810744811,0.2854520499420972
207.0,3580.0,0.12560386473429952,0.04830917874396135,0.8260869565217391,0.07246376811594203,0.30434782608695654,0.5362318840579711,0.0821256038647343,1.593984962406015,0.49294406199588836,2.123851640967086,2.4323204144179242,0.8304852147896536,0.47313777019519626,0.776343905282165,0.7487188374537979,1.4870945238925706,0.28383361931800916
206.0,3580.0,0.1262135922330097,0.043689320388349516,0.8300970873786409,0.07281553398058252,0.3058252427184466,0.5388349514563107,0.0825242718446602,1.6,0.49179311210739735,2.113943352306837,2.4396939030008573,0.8372947657495274,0.47012312052397964,0.7729017717017467,0.7447161973983654,1.483191081693085,0.28593232632927795
207.0,3580.0,0.12560386473429952,0.04830917874396135,0.8260869565217391,0.05314009661835749,0.30434782608695654,0.5362318840579711,0.0821256038647343,1.606060606060606,0.49048310438605275,2.12057393120585,2.4350194708108144,0.8361841464647299,0.4700963921956096,0.7779340512652639,0.7486178432074881,1.483707077785564,0.2866599263564763
207.0,3580.0,0.12560386473429952,0.04830917874396135,0.8260869565217391,0.0821256038647343,0.30434782608695654,0.5362318840579711,0.0821256038647343,1.606060606060606,0.49048310438605275,2.12057393120585,2.4305603312122313,0.8292801800018436,0.4725150569995969,0.7766026660713963,0.7496952033083835,1.4851294611616515,0.28595870407167673
207.0,3580.0,0.12560386473429952,0.04830917874396135,0.8260869565217391,0.07729468599033816,0.30434782608695654,0.5314009661835749,0.0821256038647343,1.6141732283464567,0.4887178576202791,2.103803720955957,2.4300897605056035,0.8346059002463595,0.47169112035709926,0.7773506325951116,0.7478177620291753,1.4885188431200702,0.28394619533964177
207.0,3580.0,0.13043478260869565,0.04830917874396135,0.821256038647343,0.07729468599033816,0.30434782608695654,0.5362318840579711,0.07246376811594203,1.6136363636363635,0.5041465810219699,2.12057393120585,2.4271800102988217,0.8293049018468313,0.4729998660331105,0.7767763732452818,0.749829661697642,1.492221639573501,0.28597947650740496
207.0,3580.0,0.13043478260869565,0.04830917874396135,0.821256038647343,0.07246376811594203,0.30434782608695654,0.5314009661835749,0.0821256038647343,1.5971223021582734,0.49225044380533134,2.143014800254095,2.4310610601266402,0.8280965648267169,0.4717000471739479,0.7783913753146812,0.7491176628975168,1.5003508771929825,0.28665796656115333
207.0,3580.0,0.12560386473429952,0.04830917874396135,0.8260869565217391,0.06763285024154589,0.30434782608695654,0.5314009661835749,0.0821256038647343,1.606060606060606,0.4904831043860527,2.12057393120585,2.4260354486907154,0.8266248217757999,0.47156148618181026,0.7762593595475862,0.7470000439202688,1.5108126961981165,0.28493264149471476
207.0,3580.0,0.12560386473429952,0.04830917874396135,0.8260869565217391,0.0821256038647343,0.30434782608695654,0.5362318840579711,0.0821256038647343,1.606060606060606,0.49048310438605275,2.12057393120585,2.4309629536006003,0.8290885393646512,0.4700379148841789,0.7745587370727196,0.7478625806646295,1.4878091257401602,0.2881582247595537
207.0,3580.0,0.13526570048309178,0.04830917874396135,0.8164251207729469,0.06763285024154589,0.30434782608695654,0.5362318840579711,0.0821256038647343,1.6099290780141844,0.48950484669116795,2.1492191126553797,2.4313019965473175,0.8293866879973906,0.4695017559996518,0.7784319940178612,0.7493503042154765,1.4796719595184087,0.28576530433882913
206.0,3580.0,0.1262135922330097,0.043689320388349516,0.8300970873786409,0.07766990291262135,0.3058252427184466,0.5388349514563107,0.0825242718446602,1.5984848484848484,0.492072242025226,2.12057393120585,2.4385723156465366,0.8331060188493715,0.4704265720756869,0.7773901947724478,0.74686539909652,1.5060304142632408,0.2887429937333295
207.0,3885.0,0.12560386473429952,0.057971014492753624,0.8164251207729468,0.0821256038647343,0.2995169082125604,0.5362318840579711,0.0821256038647343,1.5789473684210527,0.5085535362165197,2.1818435879447726,2.422438352801258,0.911217547628136,0.4447118034947624,0.7893109858810087,0.7445997502961258,1.4370826913199795,0.3095120575392507
207.0,3885.0,0.12560386473429952,0.04830917874396135,0.8260869565217391,0.0821256038647343,0.30917874396135264,0.5362318840579711,0.0821256038647343,1.6153846153846154,0.5040089728593323,2.113943352306837,2.4383635995411024,0.9120000848696281,0.444031326354698,0.7914920802220368,0.7455607090094258,1.4359326691858467,0.31449921579922785
207.0,3885.0,0.12560386473429952,0.05314009661835749,0.821256038647343,0.0821256038647343,0.30434782608695654,0.5362318840579711,0.0821256038647343,1.6028368794326242,0.4910547339890428,2.1492191126553797,2.4276869673031483,0.9108230392710419,0.44589819100911304,0.7879359138276468,0.7441561716333681,1.4361392079547404,0.30875765173003594
207.0,3885.0,0.12560386473429952,0.05314009661835749,0.821256038647343,0.0821256038647343,0.2995169082125604,0.5362318840579711,0.0821256038647343,1.6028368794326242,0.49105473398904276,2.1492191126553797,2.431589596171686,0.9111906832385723,0.44361627118105595,0.7885003360454156,0.7432541913378782,1.4369114877589453,0.30788028690366737
206.0,3885.0,0.1262135922330097,0.043689320388349516,0.8300970873786409,0.0825242718446602,0.3106796116504854,0.5388349514563107,0.0825242718446602,1.65625,0.49306210178888465,2.1072099696478683,2.445983111261767,0.9149856957046065,0.4423029203327976,0.7865348513221848,0.7393925672514917,1.4401643554185928,0.31253500972099124
207.0,3885.0,0.12560386473429952,0.04830917874396135,0.8260869565217391,0.0821256038647343,0.30434782608695654,0.5362318840579711,0.0821256038647343,1.6307692307692307,0.4844634455288317,2.113943352306837,2.4411352616233435,0.9124961741184492,0.4448837132964438,0.7892581427934681,0.7445110557062591,1.4393627954779034,0.3062294072210216
207.0,3885.0,0.12560386473429952,0.04830917874396135,0.8260869565217391,0.0821256038647343,0.30917874396135264,0.5314009661835749,0.0821256038647343,1.6299212598425197,0.4847376905826657,2.103803720955957,2.4404220719952874,0.9104527953818903,0.4447196190183039,0.789024710156828,0.7443990053294923,1.4374785297148747,0.3112465867604009
207.0,3885.0,0.12560386473429952,0.04830917874396135,0.8260869565217391,0.0821256038647343,0.30434782608695654,0.5362318840579711,0.0821256038647343,1.623076923076923,0.4864901126393891,2.113943352306837,2.436852783813927,0.9121474429790827,0.4437416117653659,0.7894078556876148,0.7438992420401167,1.4366221308667353,0.3134447900771444
207.0,3885.0,0.12560386473429952,0.04830917874396135,0.8260869565217391,0.0821256038647343,0.30917874396135264,0.5362318840579711,0.0821256038647343,1.6904761904761905,0.48107023544236394,2.100370545117563,2.435554839415765,0.9119399129784161,0.4462877607063224,0.7871812495541095,0.7438712079886762,1.4396507447354905,0.31124431349578424
206.0,3885.0,0.1262135922330097,0.043689320388349516,0.8300970873786409,0.0825242718446602,0.3106796116504854,0.5388349514563107,0.0825242718446602,1.6349206349206349,0.483374382493315,2.100370545117563,2.444206265509384,0.9156126911364593,0.4417786441587616,0.7858397009915346,0.7383907680948545,1.4360205831903945,0.3123888018121874
207.0,3885.0,0.12560386473429952,0.04830917874396135,0.8260869565217391,0.0821256038647343,0.30434782608695654,0.5362318840579711,0.0821256038647343,1.6153846153846154,0.48838629050550436,2.113943352306837,2.4391635927990993,0.9111612301870432,0.44219588157798534,0.7901252029225417,0.743852518034084,1.436257710760795,0.31172302155993614
207.0,3885.0,0.12560386473429952,0.05314009661835749,0.821256038647343,0.0821256038647343,0.2995169082125604,0.5362318840579711,0.0821256038647343,1.5886524822695036,0.4938322732295653,2.1492191126553797,2.429177450511158,0.9120193968148395,0.44415654981082164,0.7900988090486276,0.7448751030220493,1.4365256124721604,0.31062971076971585
206.0,3885.0,0.1262135922330097,0.04854368932038835,0.825242718446602,0.0825242718446602,0.3058252427184466,0.5388349514563107,0.0825242718446602,1.5928571428571427,0.5074471099268112,2.146128035678238,2.4388817832487386,0.9164188279996129,0.44224817428541663,0.785725250235338,0.7388075691883653,1.437521396781924,0.3124605065379319
207.0,3885.0,0.12560386473429952,0.04830917874396135,0.8260869565217391,0.0821256038647343,0.30434782608695654,0.5362318840579711,0.0821256038647343,1.633587786259542,0.48367355281825253,2.1172712956557644,2.438512259027522,0.9108768388030271,0.44322435339850175,0.788659007013614,0.7431746898364887,1.4372968349016253,0.31085511810273897
207.0,3885.0,0.12560386473429952,0.05314009661835749,0.821256038647343,0.0821256038647343,0.30434782608695654,0.5362318840579711,0.0821256038647343,1.5673758865248226,0.49720597253922116,2.1492191126553797,2.4351607332444147,0.9132584461480565,0.44562528958470754,0.7905429884923462,0.7459382226220624,1.437435544860777,0.3116690712240649
207.0,3885.0,0.12560386473429952,0.05314009661835749,0.821256038647343,0.0821256038647343,0.2995169082125604,0.5362318840579711,0.0821256038647343,1.5928571428571427,0.49306599980574617,2.146128035678238,2.43099751353684,0.9094512575662529,0.44485246191017896,0.7882269945047643,0.7439226029426493,1.4372538948810136,0.3117452042165887
207.0,3885.0,0.12560386473429952,0.04830917874396135,0.8260869565217391,0.0821256038647343,0.30434782608695654,0.5362318840579711,0.0821256038647343,1.618320610687023,0.4876634284985996,2.1172712956557644,2.4404358888556867,0.9131740012946539,0.4430439547995554,0.7903934906101427,0.7441982062125804,1.4398219482965247,0.30977073584982323
207.0,3885.0,0.12560386473429952,0.05314009661835749,0.821256038647343,0.0821256038647343,0.2995169082125604,0.5362318840579711,0.0821256038647343,1.60431654676259,0.49076552203956975,2.143014800254095,2.430178979797243,0.9092369860601233,0.4420779649577803,0.7905210052827839,0.7440300536470661,1.4363324764353043,0.3100302903537853
207.0,3885.0,0.12560386473429952,0.04830917874396135,0.8260869565217391,0.0821256038647343,0.30434782608695654,0.5362318840579711,0.0821256038647343,1.627906976744186,0.4852474794154728,2.110589710299249,2.4384769868640874,0.9144778511845493,0.44518049204883314,0.7886766351506712,0.7443616514556397,1.4394795411744565,0.31118993594682287
207.0,3885.0,0.12560386473429952,0.057971014492753624,0.8164251207729468,0.0821256038647343,0.2995169082125604,0.5362318840579711,0.0821256038647343,1.563758389261745,0.4975907855642717,2.173186268412274,2.4223292202119313,0.909328624890421,0.44259656309987006,0.7900196221361068,0.7439272750351258,1.4354617233093032,0.31086851855082137
207.0,3885.0,0.12560386473429952,0.05314009661835749,0.821256038647343,0.0821256038647343,0.2995169082125604,0.5362318840579711,0.0821256038647343,1.5942028985507246,0.49283451212542134,2.1398790864012365,2.433137093048657,0.9075199853258039,0.4428713308575778,0.7902571590691388,0.7444923818145914,1.4363324764353043,0.3103661292758851
207.0,3885.0,0.12560386473429952,0.04830917874396135,0.8260869565217391,0.0821256038647343,0.30917874396135264,0.5362318840579711,0.0821256038647343,1.6666666666666667,0.47328638264796924,2.100370545117563,2.4378433055951336,0.909781010408765,0.4461008097089187,0.7872342320530941,0.7436796136868751,1.4358490566037736,0.31252922799712374
207.0,3885.0,0.12560386473429952,0.05314009661835749,0.821256038647343,0.0821256038647343,0.30434782608695654,0.5362318840579711,0.0821256038647343,1.6,0.5060781638380271,2.146128035678238,2.4331189149812973,0.9109049436450991,0.44507117553234476,0.7915096452621991,0.7466833676492115,1.439684715558602,0.31405297855991265
207.0,3885.0,0.12560386473429952,0.04830917874396135,0.8260869565217391,0.0821256038647343,0.30917874396135264,0.5362318840579711,0.0821256038647343,1.6717557251908397,0.4874225475609599,2.1172712956557644,2.43835046711841,0.9119642979790188,0.4446570909836199,0.7884253969881816,0.7440347250648167,1.4380773178241533,0.3080404579419088
207.0,3885.0,0.12560386473429952,0.04830917874396135,0.8260869565217391,0.0821256038647343,0.30434782608695654,0.5362318840579711,0.0821256038647343,1.618320610687023,0.4876634284985996,2.1172712956557644,2.4396537435994423,0.9125559977317139,0.4448368353937258,0.7900064235456653,0.7451083731331791,1.4393083376134224,0.3116779209858775
207.0,3885.0,0.12560386473429952,0.04830917874396135,0.8260869565217391,0.0821256038647343,0.30917874396135264,0.5362318840579711,0.0821256038647343,1.6589147286821706,0.49206395720932056,2.110589710299249,2.437146219177819,0.9115752429043584,0.44148003670879016,0.7897336032901812,0.742959525473213,1.4367934224049332,0.3072956854453286
207.0,3885.0,0.12560386473429952,0.05314009661835749,0.821256038647343,0.0821256038647343,0.30434782608695654,0.5362318840579711,0.0821256038647343,1.6142857142857143,0.48851138268977085,2.146128035678238,2.427297752671519,0.9084696253840676,0.4449383979406379,0.789768811199495,0.7451177024186283,1.4394380675004284,0.3131616102817192
207.0,3885.0,0.12560386473429952,0.04830917874396135,0.8260869565217391,0.0821256038647343,0.30917874396135264,0.5362318840579711,0.0821256038647343,1.6484375,0.47933424548809134,2.1072099696478683,2.4380772018848162,0.9121841860443313,0.44482902192964374,0.7881167493211152,0.7434645954524537,1.4393835616438355,0.310652125229469
207.0,3885.0,0.12560386473429952,0.04830917874396135,0.8260869565217391,0.0821256038647343,0.30434782608695654,0.5362318840579711,0.0821256038647343,1.6030534351145038,0.4911429262911169,2.1172712956557644,2.442273242900967,0.9116816523024512,0.44140130164078795,0.792295282183797,0.74478644122319,1.4364072677408297,0.3126171373419488
206.0,3885.0,0.1262135922330097,0.043689320388349516,0.8300970873786409,0.0825242718446602,0.3106796116504854,0.5388349514563107,0.0825242718446602,1.664,0.490950362118734,2.0969100130080562,2.4433955100494815,0.9139536249165015,0.4429671538639154,0.7853509679054379,0.7387420205577503,1.435923829130211,0.31276361262012103
207.0,3885.0,0.12560386473429952,0.04830917874396135,0.8260869565217391,0.0821256038647343,0.30917874396135264,0.5362318840579711,0.0821256038647343,1.6589147286821706,0.49206395720932056,2.110589710299249,2.4414386108070407,0.9119894830847628,0.4460930183837577,0.7904418606661215,0.7464831830111459,1.4382620642280612,0.31178277189656667
207.0,3885.0,0.12560386473429952,0.04830917874396135,0.8260869565217391,0.0821256038647343,0.30434782608695654,0.5362318840579711,0.0821256038647343,1.6328125,0.48393228116742276,2.1072099696478683,2.436816483553902,0.9110665238454906,0.44388257761722066,0.7872209867626503,0.7424915617495282,1.4370294318959618,0.30580313407633836
207.0,3885.0,0.12560386473429952,0.04830917874396135,0.8260869565217391,0.0821256038647343,0.30917874396135264,0.5362318840579711,0.0821256038647343,1.6484375,0.49548900128428763,2.1072099696478683,2.438640411560679,0.9102306786089998,0.4433419651114016,0.7892625465192276,0.743852518034084,1.4389784024682892,0.3097234607555571
207.0,3885.0,0.12560386473429952,0.04830917874396135,0.8260869565217391,0.0821256038647343,0.30917874396135264,0.5362318840579711,0.0821256038647343,1.6384615384615384,0.4823046442105572,2.113943352306837,2.4385816441249983,0.9125089803062917,0.44213299662744177,0.7892845647794731,0.7428846710868661,1.437007874015748,0.30848178590743575
207.0,3885.0,0.12560386473429952,0.057971014492753624,0.8164251207729468,0.0821256038647343,0.2995169082125604,0.5362318840579711,0.0821256038647343,1.5695364238410596,0.4967888052259154,2.1789769472931693,2.4222377039516636,0.9102580311589468,0.44317729997394084,0.7895575401937732,0.7441281472614131,1.4365256124721604,0.31103247899962017
207.0,3885.0,0.12560386473429952,0.05314009661835749,0.821256038647343,0.0821256038647343,0.30434782608695654,0.5362318840579711,0.0821256038647343,1.6071428571428572,0.5046036776831362,2.146128035678238,2.429370581364016,0.9118633437615922,0.4453912409902286,0.78908637831936,0.7444830446931082,1.4367934224049332,0.30893469090637055
207.0,3885.0,0.12560386473429952,0.04830917874396135,0.8260869565217391,0.0821256038647343,0.30917874396135264,0.5362318840579711,0.0821256038647343,1.6412213740458015,0.4972029811482559,2.1172712956557644,2.439415086621981,0.9137592790903097,0.4435535876067445,0.7903978880102775,0.7443102868181612,1.4373072970195273,0.31001452382783845
207.0,3885.0,0.12560386473429952,0.04830917874396135,0.8260869565217391,0.0821256038647343,0.30917874396135264,0.5362318840579711,0.0821256038647343,1.6328125,0.4999384804673156,2.1072099696478683,2.439501128713277,0.911816435118447,0.44466490746879994,0.7901032080888427,0.7448657706980943,1.4371144619602467,0.3127934706249901
207.0,3885.0,0.12560386473429952,0.05314009661835749,0.821256038647343,0.0821256038647343,0.30434782608695654,0.5362318840579711,0.0821256038647343,1.5704225352112675,0.49676809841417724,2.1522883443830563,2.4332999287330432,0.9135910980309638,0.4467236754422757,0.7902747515572741,0.7461432116868036,1.4362888012347796,0.3109200830982319
207.0,3885.0,0.12560386473429952,0.05314009661835749,0.821256038647343,0.0821256038647343,0.30434782608695654,0.5362318840579711,0.0821256038647343,1.5673758865248226,0.4972059725392212,2.1492191126553797,2.430870888879026,0.9109306392264566,0.44163746473416454,0.7897820137608398,0.7431933968372204,1.4358490566037736,0.3104166599205603
207.0,3885.0,0.12560386473429952,0.04830917874396135,0.8260869565217391,0.0821256038647343,0.30917874396135264,0.5362318840579711,0.0821256038647343,1.627906976744186,0.4852474794154728,2.110589710299249,2.439858886544824,0.9113897061005728,0.44265153029597243,0.7901559946611407,0.7436141799363173,1.4384971693257849,0.31085710376753956
207.0,3885.0,0.12560386473429952,0.05314009661835749,0.821256038647343,0.0821256038647343,0.2995169082125604,0.5314009661835749,0.0821256038647343,1.5985915492957747,0.5199544327406591,2.1522883443830563,2.436112870448404,0.9112962328194496,0.4435692593307798,0.7895399317247713,0.7441982062125804,1.4403559815163443,0.31085609446490015
207.0,3885.0,0.12560386473429952,0.04830917874396135,0.8260869565217391,0.0821256038647343,0.30434782608695654,0.5362318840579711,0.0821256038647343,1.6511627906976745,0.478460467128321,2.110589710299249,2.4401728198476977,0.9120185048481786,0.4432870835285981,0.7901252029225417,0.744310286818161,1.4366004112405757,0.30839091870426366
207.0,3885.0,0.12560386473429952,0.04830917874396135,0.8260869565217391,0.0821256038647343,0.30434782608695654,0.5362318840579711,0.0821256038647343,1.646153846153846,0.4800119259102842,2.113943352306837,2.4362137757195805,0.9095717321310859,0.4430204191318574,0.7878962126761477,0.7423042936561811,1.4371042272805066,0.30767793439858326
207.0,3885.0,0.12560386473429952,0.04830917874396135,0.8260869565217391,0.0821256038647343,0.30434782608695654,0.5362318840579711,0.0821256038647343,1.6356589147286822,0.48312111085310483,2.110589710299249,2.438935802336349,0.9095111423932744,0.4419128288300368,0.790472640069768,0.7439085864891618,1.436986301369863,0.31203255354658715
207.0,3885.0,0.12560386473429952,0.04830917874396135,0.8260869565217391,0.0821256038647343,0.30434782608695654,0.5362318840579711,0.0821256038647343,1.6744186046511629,0.47041854199336447,2.110589710299249,2.436984700350025,0.911641317637643,0.4430831781342379,0.7874152286927762,0.7419717763855245,1.437007874015748,0.3052564444057784
206.0,3885.0,0.1262135922330097,0.04854368932038835,0.825242718446602,0.0825242718446602,0.30097087378640774,0.5388349514563107,0.0825242718446602,1.6214285714285714,0.48677262124046317,2.146128035678238,2.436516683129647,0.9153814663864018,0.4422559955642412,0.7865964172920478,0.7395749919395406,1.437007874015748,0.31378885157272446
207.0,3885.0,0.12560386473429952,0.05314009661835749,0.821256038647343,0.0821256038647343,0.30434782608695654,0.5362318840579711,0.0821256038647343,1.574468085106383,0.4961860617779741,2.1492191126553797,2.433829177016171,0.9120955945730983,0.4432870835285981,0.7902923436537876,0.744366320792383,1.4391289437585735,0.31207953680617645
207.0,3885.0,0.12560386473429952,0.05314009661835749,0.821256038647343,0.0821256038647343,0.2995169082125604,0.5362318840579711,0.0821256038647343,1.618705035971223,0.4874613838772838,2.143014800254095,2.4282172631558794,0.9083107057044284,0.44356142353797545,0.7889057650873719,0.7436749400384811,1.43717904827114,0.3101537883462419
207.0,3885.0,0.12560386473429952,0.04830917874396135,0.8260869565217391,0.0821256038647343,0.30434782608695654,0.5362318840579711,0.0821256038647343,1.6484375,0.47933424548809134,2.1072099696478683,2.43873670456935,0.9109330865460582,0.44356142353797545,0.7891436372980783,0.7436095058766667,1.437061140606268,0.31022820136695817
207.0,3885.0,0.12560386473429952,0.05314009661835749,0.821256038647343,0.0821256038647343,0.2995169082125604,0.5362318840579711,0.0821256038647343,1.6056338028169015,0.4904440957416526,2.1522883443830563,2.4288439928585652,0.9126175671268855,0.4418499035948691,0.7898128188790533,0.7430343723186178,1.4396507447354905,0.3092988758254828
207.0,3885.0,0.12560386473429952,0.05314009661835749,0.821256038647343,0.0821256038647343,0.30434782608695654,0.5362318840579711,0.0821256038647343,1.5874125874125875,0.5080849342421221,2.155336037465062,2.430329423537175,0.9118928233689093,0.4433654837101138,0.7899404272855602,0.7440487391420949,1.4400342172797262,0.31091398059306113
207.0,3885.0,0.12560386473429952,0.04830917874396135,0.8260869565217391,0.0821256038647343,0.30917874396135264,0.5362318840579711,0.0821256038647343,1.646153846153846,0.4958985027050318,2.113943352306837,2.4406412697668856,0.9108498234149444,0.44509460276036494,0.7907144365515529,0.7457331772093992,1.4388069934864587,0.31179170039370757
207.0,3885.0,0.12560386473429952,0.05314009661835749,0.821256038647343,0.0821256038647343,0.30434782608695654,0.5362318840579711,0.0821256038647343,1.5985915492957747,0.5061306303352328,2.1522883443830563,2.4324085219628966,0.9126278573588084,0.4420622403652791,0.7897292021911512,0.7431279202743954,1.4405271264761252,0.30731186631149054
206.0,3885.0,0.1262135922330097,0.04854368932038835,0.825242718446602,0.0825242718446602,0.30097087378640774,0.5388349514563107,0.0825242718446602,1.6115107913669064,0.4891695323754757,2.143014800254095,2.4368185346995594,0.9146074670491516,0.44302961868499086,0.7849765071151056,0.7384891356249733,1.4367402841979113,0.3086619300910447
207.0,3885.0,0.12560386473429952,0.05314009661835749,0.821256038647343,0.0821256038647343,0.30434782608695654,0.5362318840579711,0.0821256038647343,1.6099290780141844,0.5038856112451099,2.1492191126553797,2.431181591077949,0.9103126274041297,0.441109859692565,0.7918125808714844,0.7444363573290251,1.4358490566037736,0.3077456815851749
207.0,3885.0,0.12560386473429952,0.04830917874396135,0.8260869565217391,0.0821256038647343,0.30917874396135264,0.5362318840579711,0.0821256038647343,1.6484375,0.49548900128428763,2.1072099696478683,2.4397047445835494,0.9089747330001072,0.4423294824136116,0.7902835476544819,0.7441188055695546,1.436986301369863,0.3088244563437404
207.0,3885.0,0.12560386473429952,0.04830917874396135,0.8260869565217391,0.0821256038647343,0.30917874396135264,0.5362318840579711,0.0821256038647343,1.6171875,0.5038605879863837,2.1072099696478683,2.4393490017149513,0.9142390988554505,0.44518829934429144,0.7915184276361068,0.7464459334343526,1.4358578052550233,0.3149856984722117
207.0,3885.0,0.12560386473429952,0.05314009661835749,0.821256038647343,0.0821256038647343,0.30434782608695654,0.5362318840579711,0.0821256038647343,1.6111111111111112,0.4891995904702285,2.1583624920952498,2.4274472222143713,0.9122553956470025,0.44155875773741327,0.7889410099404529,0.7423932518905371,1.4375427789185489,0.3058247564384398
206.0,3885.0,0.1262135922330097,0.043689320388349516,0.8300970873786409,0.0825242718446602,0.3106796116504854,0.5388349514563107,0.0825242718446602,1.6456692913385826,0.48020430597618063,2.103803720955957,2.446030877645612,0.9121615434735416,0.4439032032440842,0.7865964172920475,0.7405518354799646,1.4392459297343616,0.3122760015455675
206.0,3885.0,0.1262135922330097,0.043689320388349516,0.8300970873786409,0.0825242718446602,0.3058252427184466,0.5388349514563107,0.0825242718446602,1.640625,0.4817026069836068,2.1072099696478683,2.444827640748608,0.9136224305282423,0.439714621775025,0.7862137506568052,0.7376174239005105,1.4372005475701575,0.31382751754928134
207.0,3885.0,0.12560386473429952,0.05314009661835749,0.821256038647343,0.0821256038647343,0.30434782608695654,0.5362318840579711,0.0821256038647343,1.591549295774648,0.49328727373825976,2.1522883443830563,2.433777181105806,0.9112386702722454,0.44126741978353673,0.7897203999195092,0.7430764703561229,1.4374465172000686,0.3092096440107572
207.0,3885.0,0.12560386473429952,0.05314009661835749,0.821256038647343,0.0821256038647343,0.30434782608695654,0.5362318840579711,0.0821256038647343,1.5869565217391304,0.5087305062828943,2.1398790864012365,2.4312458181114875,0.9126539303554749,0.4418420373103648,0.7920671327704462,0.7448611044922704,1.437285812200137,0.3128590452334225
207.0,3885.0,0.12560386473429952,0.04830917874396135,0.8260869565217391,0.0821256038647343,0.30434782608695654,0.5362318840579711,0.0821256038647343,1.627906976744186,0.4852474794154728,2.110589710299249,2.4381363031349506,0.9128167942470798,0.44410959515250875,0.7900240216172532,0.7445484020845244,1.4363542915881446,0.3127803524418464
207.0,3885.0,0.12560386473429952,0.04830917874396135,0.8260869565217391,0.0821256038647343,0.30917874396135264,0.5362318840579711,0.0821256038647343,1.6589147286821706,0.4759221974067778,2.110589710299249,2.4378639381212093,0.9112236246120045,0.441716157706545,0.7892933719115882,0.7428472410651271,1.4392875492378832,0.3076678013811036
206.0,3885.0,0.1262135922330097,0.04854368932038835,0.825242718446602,0.0825242718446602,0.30097087378640774,0.5388349514563107,0.0825242718446602,1.6071428571428572,0.49013914587871193,2.146128035678238,2.4397219478365835,0.91472961508676,0.4397775485772598,0.7868338409081759,0.7384891356249732,1.4371042272805066,0.311100840318802
207.0,3885.0,0.12560386473429952,0.05314009661835749,0.821256038647343,0.0821256038647343,0.2995169082125604,0.5362318840579711,0.0821256038647343,1.6153846153846154,0.4882142932152591,2.155336037465062,2.430621084150829,0.9121395052562954,0.4429498046255073,0.7898304212643126,0.7441328180633646,1.4397672826830938,0.31005182787434116
207.0,3885.0,0.12560386473429952,0.05314009661835749,0.821256038647343,0.0821256038647343,0.30434782608695654,0.5362318840579711,0.0821256038647343,1.60431654676259,0.49076552203956975,2.143014800254095,2.4285267282197402,0.908993349343179,0.44335764431582975,0.7885884905247852,0.7431092116253591,1.4370826913199795,0.30798372887711717
207.0,3885.0,0.12560386473429952,0.05314009661835749,0.821256038647343,0.0821256038647343,0.30434782608695654,0.5362318840579711,0.0821256038647343,1.5815602836879432,0.5092856112633843,2.1492191126553797,2.433333035458662,0.9094756627685087,0.44313024155305014,0.7904022853859473,0.7444176815635312,1.4365038560411312,0.3122899640467014
207.0,3885.0,0.12560386473429952,0.05314009661835749,0.821256038647343,0.0821256038647343,0.2995169082125604,0.5362318840579711,0.0821256038647343,1.6071428571428572,0.49013914587871193,2.146128035678238,2.4317644742921822,0.9102564288986839,0.44453982721314844,0.7882446323032584,0.7435393914560419,1.43717904827114,0.30730140304538656
206.0,3885.0,0.1262135922330097,0.043689320388349516,0.8300970873786409,0.0825242718446602,0.3106796116504854,0.5388349514563107,0.0825242718446602,1.6328125,0.48393228116742276,2.1072099696478683,2.4439244600439114,0.9138452734359424,0.44310768732838174,0.7859321298196653,0.7392381727383501,1.4358490566037736,0.31152551660358163
207.0,3885.0,0.12560386473429952,0.04830917874396135,0.8260869565217391,0.0821256038647343,0.30917874396135264,0.5362318840579711,0.0821256038647343,1.633587786259542,0.49932426446192885,2.1172712956557644,2.437869772353899,0.9119544092723473,0.4433419651114016,0.789196488052688,0.7434225193934395,1.436696933356176,0.310582084778507
207.0,3885.0,0.12560386473429952,0.05314009661835749,0.821256038647343,0.0821256038647343,0.30434782608695654,0.5362318840579711,0.0821256038647343,1.5944055944055944,0.4927325680635023,2.155336037465062,2.4284316245906497,0.9113607167929769,0.44388257761722066,0.7891876798393737,0.7438244822216594,1.4369114877589453,0.31057379186938205
207.0,3885.0,0.12560386473429952,0.05314009661835749,0.821256038647343,0.0821256038647343,0.30434782608695654,0.5362318840579711,0.0821256038647343,1.5797101449275361,0.4954036060517019,2.1398790864012365,2.4316299857653005,0.9081148674423555,0.44555508791558307,0.7891436372980783,0.7448564382572145,1.4383256133127467,0.31313293475352344
207.0,3885.0,0.12560386473429952,0.04830917874396135,0.8260869565217391,0.0821256038647343,0.30917874396135264,0.5362318840579711,0.0821256038647343,1.6307692307692307,0.4844634455288317,2.113943352306837,2.4381377941846285,0.9099960173682705,0.4422273206999052,0.7893726316788211,0.7432308094261273,1.4350961538461537,0.3087145307469662
207.0,3885.0,0.12560386473429952,0.04830917874396135,0.8260869565217391,0.0821256038647343,0.30434782608695654,0.5362318840579711,0.0821256038647343,1.6307692307692307,0.4844634455288317,2.113943352306837,2.4373346224292556,0.9101517536736177,0.4430439547995554,0.7888793304142048,0.7432401622790973,1.4372005475701575,0.31140900570752056
207.0,3885.0,0.12560386473429952,0.04830917874396135,0.8260869565217391,0.0821256038647343,0.30917874396135264,0.5362318840579711,0.0821256038647343,1.6589147286821706,0.4759221974067778,2.110589710299249,2.438391021052654,0.9121223450932308,0.4422980505534796,0.7894738964681717,0.7433523873358918,1.4368150684931507,0.3066761564357066
206.0,3885.0,0.1262135922330097,0.043689320388349516,0.8300970873786409,0.0825242718446602,0.3106796116504854,0.5388349514563107,0.0825242718446602,1.633587786259542,0.49932426446192885,2.1172712956557644,2.4452359286407837,0.9146539646345648,0.43907697998222606,0.7877169554470786,0.7384469797165643,1.4372538948810136,0.31324970712117417
207.0,3885.0,0.12560386473429952,0.04830917874396135,0.8260869565217391,0.0821256038647343,0.30434782608695654,0.5362318840579711,0.0821256038647343,1.6825396825396826,0.46734644367182077,2.100370545117563,2.4381252472271577,0.9098823007843807,0.44569548019633987,0.7884121717092575,0.744366320792383,1.4394380675004284,0.309939629826608
207.0,3885.0,0.12560386473429952,0.04830917874396135,0.8260869565217391,0.0821256038647343,0.30917874396135264,0.5362318840579711,0.0821256038647343,1.640625,0.4817026069836068,2.1072099696478683,2.4380403318548796,0.9110720350618886,0.442447332001915,0.7896587812707027,0.7436095058766666,1.4346107578621756,0.30908448229500407
207.0,3885.0,0.12560386473429952,0.04830917874396135,0.8260869565217391,0.0821256038647343,0.30917874396135264,0.5362318840579711,0.0821256038647343,1.6307692307692307,0.4844634455288317,2.113943352306837,2.4398483971079274,0.9128828648978855,0.4434673832249445,0.7897203999195092,0.7441935358210263,1.4360953851432492,0.30973147478205826
207.0,3885.0,0.12560386473429952,0.05314009661835749,0.821256038647343,0.0821256038647343,0.2995169082125604,0.5362318840579711,0.0821256038647343,1.5985401459854014,0.4919925575506936,2.1367205671564067,2.428913516092901,0.9101137862765403,0.4453053923504427,0.7881564393637047,0.7436188539665889,1.4390954257323967,0.31139356828509646
206.0,3885.0,0.1262135922330097,0.043689320388349516,0.8300970873786409,0.0825242718446602,0.3058252427184466,0.5388349514563107,0.0825242718446602,1.6511627906976745,0.478460467128321,2.110589710299249,2.446424033855534,0.9156566527201881,0.44288125034960035,0.7858837160749692,0.739247530899497,1.4398425466370015,0.3084825713778205
207.0,3885.0,0.12560386473429952,0.04830917874396135,0.8260869565217391,0.0821256038647343,0.30917874396135264,0.5362318840579711,0.0821256038647343,1.646153846153846,0.4958985027050318,2.113943352306837,2.4392812790014022,0.9128773764801541,0.44375727684914346,0.7901647920803477,0.74446903879131,1.4365256124721604,0.30930326557592674
207.0,3885.0,0.12560386473429952,0.05314009661835749,0.821256038647343,0.0821256038647343,0.2995169082125604,0.5362318840579711,0.0821256038647343,1.574468085106383,0.4961860617779741,2.1492191126553797,2.431114345307346,0.9135705361943175,0.444046981217928,0.7889894690427091,0.7437870994945726,1.4393835616438355,0.3116370888190263
207.0,3885.0,0.12560386473429952,0.04830917874396135,0.8260869565217391,0.0821256038647343,0.30917874396135264,0.5362318840579711,0.0821256038647343,1.6434108527131783,0.48085941312799363,2.110589710299249,2.440576940664944,0.9118142513810764,0.4426279737620549,0.7903802982629451,0.7441141346796466,1.4371575342465754,0.310422912427194
207.0,3885.0,0.12560386473429952,0.05314009661835749,0.821256038647343,0.0821256038647343,0.2995169082125604,0.5362318840579711,0.0821256038647343,1.6258992805755397,0.4856398930525749,2.143014800254095,2.4292923749736897,0.911277012486417,0.445297587107948,0.7886634140848179,0.7443849978464597,1.4372538948810136,0.3111602887553138
207.0,3885.0,0.12560386473429952,0.05314009661835749,0.821256038647343,0.0821256038647343,0.2995169082125604,0.5362318840579711,0.0821256038647343,1.5785714285714285,0.4955609733569535,2.146128035678238,2.4347298772348105,0.9105492741671821,0.4424866082230277,0.7908287146081592,0.7443943361977686,1.4385393451054347,0.30750375070137553
206.0,3885.0,0.1262135922330097,0.043689320388349516,0.8300970873786409,0.0825242718446602,0.3106796116504854,0.5388349514563107,0.0825242718446602,1.682170542635659,0.4838726608705896,2.110589710299249,2.442261689119959,0.9157620831922977,0.44158285925906104,0.7854258386400865,0.7381518209469401,1.436986301369863,0.3107921395957707
207.0,3885.0,0.12560386473429952,0.04830917874396135,0.8260869565217391,0.0821256038647343,0.30917874396135264,0.5362318840579711,0.0821256038647343,1.6511627906976745,0.478460467128321,2.110589710299249,2.4377072435843723,0.9134731903171902,0.4461008097089187,0.7872563070419514,0.7437497148885363,1.4351931330472103,0.3101557217630499
206.0,3885.0,0.1262135922330097,0.043689320388349516,0.8300970873786409,0.0825242718446602,0.3058252427184466,0.5388349514563107,0.0825242718446602,1.65625,0.47682513013096267,2.1072099696478683,2.445779709430497,0.9149967398457154,0.4425218367939245,0.7844784177724122,0.7378284163405803,1.4372005475701575,0.3097321069643643
207.0,3885.0,0.12560386473429952,0.04830917874396135,0.8260869565217391,0.0821256038647343,0.30917874396135264,0.5362318840579711,0.0821256038647343,1.6615384615384616,0.49106506861109345,2.113943352306837,2.4400918234490887,0.9132737051211396,0.4459683386690036,0.789504713608593,0.7452669551031339,1.440226726210924,0.3095908332173963
207.0,3885.0,0.12560386473429952,0.05314009661835749,0.821256038647343,0.0821256038647343,0.2995169082125604,0.5362318840579711,0.0821256038647343,1.5971223021582734,0.4922504438053314,2.143014800254095,2.4325655545776765,0.9085577972383553,0.44149578203742473,0.7899272273718826,0.7434178441287698,1.4364290610006853,0.3097041023733208
207.0,3885.0,0.12560386473429952,0.04830917874396135,0.8260869565217391,0.0821256038647343,0.30917874396135264,0.5362318840579711,0.0821256038647343,1.609375,0.48980753089640694,2.1072099696478683,2.4388983167562643,0.9096635375804271,0.4433890010613332,0.7907627869756352,0.7449684198316961,1.4363636363636363,0.314611008210292
206.0,3885.0,0.1262135922330097,0.04854368932038835,0.825242718446602,0.0825242718446602,0.30097087378640774,0.5388349514563107,0.0825242718446602,1.5957446808510638,0.4924968949032691,2.1492191126553797,2.44072893828108,0.9154744054288655,0.4406026297863841,0.786785482649013,0.7387420205577503,1.4393083376134224,0.3095034207585946
207.0,3885.0,0.12560386473429952,0.04830917874396135,0.8260869565217391,0.0821256038647343,0.30917874396135264,0.5362318840579711,0.0821256038647343,1.627906976744186,0.48524747941547275,2.110589710299249,2.439882557724236,0.9110059185354715,0.44570327847085367,0.7896895911961107,0.7452389725016862,1.436556927297668,0.3132740558627235
207.0,3885.0,0.12560386473429952,0.04830917874396135,0.8260869565217391,0.0821256038647343,0.30917874396135264,0.5362318840579711,0.0821256038647343,1.6428571428571428,0.5132529312420645,2.100370545117563,2.436278096776489,0.9099406519772695,0.4494540301549737,0.7880946984337449,0.7461292369486898,1.4413935129569246,0.3130371836136586
206.0,3885.0,0.1262135922330097,0.05339805825242718,0.8203883495145632,0.0825242718446602,0.30097087378640774,0.5388349514563107,0.0825242718446602,1.5723684210526316,0.49637058475171747,2.1818435879447726,2.4299953324093537,0.9165785855555201,0.44299057920400436,0.7857472612908388,0.7390837459722126,1.4374465172000686,0.3090790353884944
207.0,3885.0,0.12560386473429952,0.05314009661835749,0.821256038647343,0.0821256038647343,0.30434782608695654,0.5362318840579711,0.0821256038647343,1.5815602836879432,0.49506173307397217,2.1492191126553797,2.4307249314265342,0.9096945204136387,0.44331060503889835,0.7899932247347119,0.7441888654001616,1.4391706648389309,0.3097055886536285
207.0,3885.0,0.12560386473429952,0.05314009661835749,0.821256038647343,0.0821256038647343,0.30434782608695654,0.5362318840579711,0.0821256038647343,1.589928057553957,0.5080931907031949,2.143014800254095,2.431937605237061,0.9115582579673089,0.44536002521772283,0.7882490416912159,0.7439693225470922,1.4397466621020198,0.30786795988405474
207.0,3608.0,0.13043478260869565,0.04830917874396135,0.821256038647343,0.0821256038647343,0.30434782608695654,0.5362318840579711,0.0821256038647343,1.5777777777777777,0.4957531081885489,2.130333768495006,2.445456202026964,0.8250041183780713,0.4808153820399716,0.7881663619220693,0.7756465217697234,1.4828541738829235,0.30630928395334034
207.0,3608.0,0.12560386473429952,0.05314009661835749,0.821256038647343,0.0821256038647343,0.2995169082125604,0.5362318840579711,0.0821256038647343,1.5555555555555556,0.4986383946711771,2.1583624920952498,2.4416468538355676,0.8210581160668948,0.4763664873732749,0.7939624009784993,0.7765973537916064,1.4865474743968061,0.3056095844989854
207.0,3608.0,0.12560386473429952,0.04830917874396135,0.8260869565217391,0.0821256038647343,0.30434782608695654,0.5362318840579711,0.0821256038647343,1.586466165413534,0.4943287390549321,2.123851640967086,2.446422219868528,0.8251658693564362,0.47597692507955436,0.7916633404155606,0.7748350551626527,1.4794449262792715,0.3070862689898017
207.0,3608.0,0.12560386473429952,0.05314009661835749,0.821256038647343,0.0821256038647343,0.2995169082125604,0.5362318840579711,0.0821256038647343,1.5625,0.4978098887272985,2.1583624920952498,2.433821099755965,0.8245279444138364,0.4802279363239847,0.7873626768439739,0.7746112322234664,1.4777468706536856,0.3155129700968941
207.0,3608.0,0.12560386473429952,0.05314009661835749,0.821256038647343,0.0821256038647343,0.2995169082125604,0.5362318840579711,0.0821256038647343,1.5694444444444444,0.4968822766933802,2.1583624920952498,2.4380504466457684,0.8302003443527548,0.47887407638273377,0.7893422575070299,0.7751524605541349,1.476107429368678,0.3112581854769681
207.0,3608.0,0.12560386473429952,0.05314009661835749,0.821256038647343,0.0821256038647343,0.2995169082125604,0.5362318840579711,0.0821256038647343,1.5763888888888888,0.49585500236680435,2.1583624920952498,2.4419103805999978,0.8221339885604444,0.4811758859589681,0.7899857017001926,0.7774381035585441,1.4777990597248825,0.30620689379425003
207.0,3608.0,0.12560386473429952,0.05314009661835749,0.821256038647343,0.0821256038647343,0.2995169082125604,0.5362318840579711,0.0821256038647343,1.5416666666666667,0.49999999999999994,2.1583624920952498,2.4388397950325307,0.8250644664528045,0.4779046853934416,0.7906490238476307,0.7752252893573454,1.46882176293941,0.3103944773643803
207.0,3608.0,0.12560386473429952,0.05314009661835749,0.821256038647343,0.0821256038647343,0.2995169082125604,0.5362318840579711,0.0821256038647343,1.5625,0.4978098887272985,2.1583624920952498,2.4395660291909373,0.8229509022554206,0.47568030526611277,0.7924219535730052,0.7757245026705832,1.4796861377506538,0.3059591445755891
207.0,3608.0,0.12560386473429952,0.04830917874396135,0.8260869565217391,0.0821256038647343,0.30434782608695654,0.5362318840579711,0.0821256038647343,1.5833333333333333,0.4948847759588356,2.12057393120585,2.44506374958299,0.824575054154755,0.47791312335508,0.790332739650199,0.7756569196761395,1.4779731847466482,0.31095691187424984
207.0,3608.0,0.12560386473429952,0.04830917874396135,0.8260869565217391,0.0821256038647343,0.30434782608695654,0.5362318840579711,0.0821256038647343,1.586466165413534,0.4943287390549321,2.123851640967086,2.4452338794136934,0.8205004784401025,0.48167846377911977,0.7881714783087966,0.7760259550915364,1.4792682926829268,0.30688422159363754
207.0,3608.0,0.12560386473429952,0.05314009661835749,0.821256038647343,0.0821256038647343,0.2995169082125604,0.5362318840579711,0.0821256038647343,1.5763888888888888,0.4958550023668043,2.1583624920952498,2.437037551747338,0.8266946506130265,0.48182076552040976,0.789653831675952,0.7768880862391481,1.4793055068397054,0.309578328070839
207.0,3608.0,0.13043478260869565,0.04830917874396135,0.821256038647343,0.0821256038647343,0.30434782608695654,0.5362318840579711,0.0821256038647343,1.5820895522388059,0.495065993363269,2.1271047983648077,2.446386919281142,0.8267094472287772,0.48010196158309887,0.7871475391683298,0.7745799959737765,1.4839214322961933,0.3082507366132757
207.0,3608.0,0.12560386473429952,0.04830917874396135,0.8260869565217391,0.0821256038647343,0.30434782608695654,0.5362318840579711,0.0821256038647343,1.586466165413534,0.4943287390549321,2.123851640967086,2.444124812904177,0.823364501828834,0.47848655565987597,0.7884886294473091,0.7744914864249154,1.478070941813734,0.30932709462009045
207.0,3608.0,0.13043478260869565,0.04830917874396135,0.821256038647343,0.0821256038647343,0.30434782608695654,0.5362318840579711,0.0821256038647343,1.5777777777777777,0.4957531081885489,2.130333768495006,2.4456957326253215,0.8340143012971054,0.4787645914532211,0.7886420438879754,0.7743352684235475,1.4772367727192828,0.3099721450139574
207.0,3608.0,0.12560386473429952,0.05314009661835749,0.821256038647343,0.0821256038647343,0.2995169082125604,0.5362318840579711,0.0821256038647343,1.5454545454545454,0.49967979503600257,2.155336037465062,2.4389941863820543,0.8251614001398623,0.4768233935206472,0.7887391909331446,0.7735067862908493,1.4766306243460063,0.30728057847474294
207.0,3608.0,0.12560386473429952,0.057971014492753624,0.8164251207729468,0.0821256038647343,0.2946859903381642,0.5362318840579711,0.0821256038647343,1.5483870967741935,0.4992663238894527,2.1903316981702914,2.4330591558094095,0.8225801562990078,0.47789624728281854,0.7928543943214053,0.7775625817648325,1.477687098454593,0.3031897759926805
207.0,3608.0,0.12560386473429952,0.05314009661835749,0.821256038647343,0.0821256038647343,0.2995169082125604,0.5362318840579711,0.0821256038647343,1.5694444444444444,0.4968822766933802,2.1583624920952498,2.4387231836870766,0.8259401024869754,0.4770347759426303,0.7891429898821597,0.7738247365083492,1.4767137624280482,0.3056402065547988
207.0,3608.0,0.12560386473429952,0.04830917874396135,0.8260869565217391,0.0821256038647343,0.30434782608695654,0.5362318840579711,0.0821256038647343,1.586466165413534,0.4943287390549321,2.123851640967086,2.448026318939017,0.8244954384953417,0.4798078918961358,0.792569518698872,0.7768465596939318,1.473274336283186,0.30291054630928965
207.0,3608.0,0.12560386473429952,0.04830917874396135,0.8260869565217391,0.0821256038647343,0.30434782608695654,0.5362318840579711,0.0821256038647343,1.586466165413534,0.4943287390549321,2.123851640967086,2.444217210070349,0.8201667951229882,0.4813267144055712,0.7873882845565623,0.7751472582349279,1.4781625195754307,0.3135234636066014
207.0,3608.0,0.12560386473429952,0.04830917874396135,0.8260869565217391,0.0821256038647343,0.30434782608695654,0.5362318840579711,0.0821256038647343,1.586466165413534,0.4943287390549321,2.123851640967086,2.4474565425386787,0.8225602235519087,0.47792156116774176,0.7925237255656952,0.7769763227784917,1.4866666666666666,0.30891393405053436
207.0,3608.0,0.12560386473429952,0.05314009661835749,0.821256038647343,0.0821256038647343,0.2995169082125604,0.5362318840579711,0.0821256038647343,1.5594405594405594,0.49819925905568,2.155336037465062,2.4405766549445134,0.8214644641804817,0.4798415089816931,0.790562313352433,0.7769088486793932,1.4758331879253184,0.30893194206689933
207.0,3608.0,0.12560386473429952,0.05314009661835749,0.821256038647343,0.0821256038647343,0.2995169082125604,0.5362318840579711,0.0821256038647343,1.5492957746478873,0.49932528644576735,2.1522883443830563,2.440066214634842,0.8247774439833279,0.4802447304593776,0.7934238387162083,0.7789926514838122,1.4694238246730293,0.30638905308837167
207.0,3608.0,0.12560386473429952,0.05314009661835749,0.821256038647343,0.0821256038647343,0.2995169082125604,0.5362318840579711,0.0821256038647343,1.5625,0.4978098887272985,2.1583624920952498,2.4370313009979916,0.8204151307999532,0.47884881285161973,0.7885755679614711,0.7747569847370577,1.4813659213035189,0.30937672790378645
207.0,3608.0,0.12560386473429952,0.04830917874396135,0.8260869565217391,0.0821256038647343,0.30434782608695654,0.5362318840579711,0.0821256038647343,1.5909090909090908,0.4935391034500526,2.12057393120585,2.445154959761634,0.821168076364101,0.4744579756327703,0.7946579265734622,0.7778788742182231,1.479358996690472,0.31881153099341847
207.0,3608.0,0.12560386473429952,0.04830917874396135,0.8260869565217391,0.0821256038647343,0.30434782608695654,0.5362318840579711,0.0821256038647343,1.586466165413534,0.4943287390549321,2.123851640967086,2.444894887912105,0.8277422282222766,0.47873932214448295,0.7901388254673054,0.7763013178772283,1.4764489581509368,0.3137161701504909
207.0,3608.0,0.12560386473429952,0.05314009661835749,0.821256038647343,0.0821256038647343,0.2995169082125604,0.5362318840579711,0.0821256038647343,1.553191489361702,0.4989350360645821,2.1492191126553797,2.439690805432381,0.8233156435072337,0.4823477529634603,0.7898938131917994,0.7790444163241377,1.4742737136856843,0.3137873236124899
207.0,3608.0,0.12560386473429952,0.04830917874396135,0.8260869565217391,0.0821256038647343,0.30434782608695654,0.5362318840579711,0.0821256038647343,1.5909090909090908,0.4935391034500526,2.12057393120585,2.4456684811576896,0.8207423325530381,0.4801607539084847,0.7885960226895462,0.7746945227319052,1.4776902887139107,0.30936687086445525
207.0,3608.0,0.13043478260869565,0.04830917874396135,0.821256038647343,0.0821256038647343,0.30434782608695654,0.5362318840579711,0.0821256038647343,1.5746268656716418,0.49625462891182975,2.1271047983648077,2.4445273406218133,0.8292894803551986,0.4815528684979034,0.7877825382141964,0.7749235254700763,1.474128827877508,0.3037289269990116
207.0,3608.0,0.12560386473429952,0.04830917874396135,0.8260869565217391,0.0821256038647343,0.30434782608695654,0.5362318840579711,0.0821256038647343,1.586466165413534,0.4943287390549321,2.123851640967086,2.4454027319359115,0.82278405017269,0.4810501594619257,0.7878132509924056,0.7751992798559361,1.4780793319415448,0.3061372291782509
207.0,3608.0,0.12560386473429952,0.05314009661835749,0.821256038647343,0.0821256038647343,0.2995169082125604,0.5362318840579711,0.0821256038647343,1.5594405594405594,0.49819925905568,2.155336037465062,2.437078987505442,0.8208325328703238,0.4767049784221849,0.7925440783959867,0.7774795985083688,1.476548827441372,0.31599106539814437
207.0,3608.0,0.12560386473429952,0.04830917874396135,0.8260869565217391,0.0821256038647343,0.30434782608695654,0.5362318840579711,0.0821256038647343,1.5833333333333333,0.4948847759588356,2.12057393120585,2.4458488177192668,0.8279509942710357,0.4768825900434729,0.7901133069002414,0.7740852540466039,1.4808771929824562,0.3067972503509528
207.0,3608.0,0.12560386473429952,0.05314009661835749,0.821256038647343,0.0821256038647343,0.2995169082125604,0.5362318840579711,0.0821256038647343,1.5625,0.4978098887272985,2.1583624920952498,2.4387528637664353,0.8201183063776913,0.47939589128364296,0.7904857961931364,0.7760623293613448,1.4780191138140748,0.3097356012886601
207.0,3608.0,0.12560386473429952,0.04830917874396135,0.8260869565217391,0.0821256038647343,0.30434782608695654,0.5362318840579711,0.0821256038647343,1.5909090909090908,0.4935391034500526,2.12057393120585,2.444521318166881,0.815044936583504,0.4789498589805081,0.7852086475615278,0.7726095663071882,1.475091767173571,0.3084702920824805
207.0,3608.0,0.12560386473429952,0.04830917874396135,0.8260869565217391,0.0821256038647343,0.30434782608695654,0.5362318840579711,0.0821256038647343,1.5909090909090908,0.4935391034500526,2.12057393120585,2.445174998364147,0.8170826137847987,0.4798583166413139,0.7902970221916341,0.7767479252513195,1.4792714657415438,0.31336236582065463
207.0,3608.0,0.12560386473429952,0.05314009661835749,0.821256038647343,0.0821256038647343,0.2995169082125604,0.5362318840579711,0.0821256038647343,1.5486111111111112,0.4993682878083941,2.1583624920952498,2.4395573699100153,0.825494024075623,0.4765780724523968,0.7892605127727074,0.7729591886171102,1.4726123595505618,0.30320333869461485
207.0,3608.0,0.12560386473429952,0.057971014492753624,0.8164251207729468,0.0821256038647343,0.2946859903381642,0.5362318840579711,0.0821256038647343,1.551948051948052,0.4989165751082528,2.187520720836463,2.4314784198561283,0.8251520931051892,0.4729341477149913,0.7900418505274166,0.7716329167102138,1.479707368054346,0.30373419816352515
207.0,3608.0,0.12560386473429952,0.04830917874396135,0.8260869565217391,0.0821256038647343,0.30434782608695654,0.5362318840579711,0.0821256038647343,1.5909090909090908,0.4935391034500526,2.12057393120585,2.4466170293070975,0.8235214093346223,0.4754513578274496,0.7928645665577252,0.7755269358258212,1.482962447844228,0.305928678379682
207.0,3608.0,0.12560386473429952,0.04830917874396135,0.8260869565217391,0.0821256038647343,0.30434782608695654,0.5362318840579711,0.0821256038647343,1.5909090909090908,0.4935391034500526,2.12057393120585,2.444527346617476,0.824618303507222,0.47971543276381523,0.7891123288582766,0.7767323502469938,1.4782305816788575,0.3135899694512446
207.0,3608.0,0.13043478260869565,0.05314009661835749,0.8164251207729468,0.0821256038647343,0.2995169082125604,0.5362318840579711,0.0821256038647343,1.5486111111111112,0.49936828780839415,2.1583624920952498,2.4386996028920507,0.827113102110283,0.47767680408714397,0.7895772264765867,0.7743508916418822,1.4769903762029746,0.3077984691377302
207.0,3608.0,0.13043478260869565,0.05314009661835749,0.8164251207729468,0.0821256038647343,0.2995169082125604,0.5362318840579711,0.0821256038647343,1.5862068965517242,0.494219458907901,2.161368002234975,2.4362204342414175,0.8304926999743283,0.47655268720303234,0.7901388254673055,0.7741165102595453,1.4729037952338924,0.30750237223636
207.0,3608.0,0.12560386473429952,0.04830917874396135,0.8260869565217391,0.0821256038647343,0.30434782608695654,0.5362318840579711,0.0821256038647343,1.5909090909090908,0.4935391034500526,2.12057393120585,2.4444857089555154,0.8148437570217112,0.47878143691811703,0.7916124007479218,0.7773810443859988,1.4746592100664104,0.3106918692086068
207.0,3608.0,0.13043478260869565,0.05314009661835749,0.8164251207729468,0.0821256038647343,0.2995169082125604,0.5362318840579711,0.0821256038647343,1.5862068965517242,0.494219458907901,2.161368002234975,2.4396089499299065,0.8292694543314714,0.4798667202503618,0.7868657223113487,0.7741425561396522,1.473186119873817,0.30791897903347804
207.0,3608.0,0.12560386473429952,0.04830917874396135,0.8260869565217391,0.0821256038647343,0.30434782608695654,0.5362318840579711,0.0821256038647343,1.586466165413534,0.4943287390549321,2.123851640967086,2.445259541335844,0.822897734445688,0.48000955909429543,0.7879514436799516,0.7755165361766184,1.4804517810599478,0.3062743624005813
207.0,3608.0,0.12560386473429952,0.05314009661835749,0.821256038647343,0.0821256038647343,0.2995169082125604,0.5362318840579711,0.0821256038647343,1.5694444444444444,0.4968822766933802,2.1583624920952498,2.438445990754036,0.8238022259356585,0.4786972036656796,0.7916429649418416,0.7770801176445441,1.4798890429958391,0.3075463990420879
207.0,3608.0,0.12560386473429952,0.04830917874396135,0.8260869565217391,0.0821256038647343,0.30434782608695654,0.5362318840579711,0.0821256038647343,1.586466165413534,0.4943287390549321,2.123851640967086,2.444874861399789,0.8193816913725024,0.47707704118795463,0.7881612455021287,0.7727765698295311,1.4775261324041813,0.30972314117709115
207.0,3608.0,0.12560386473429952,0.05314009661835749,0.821256038647343,0.0821256038647343,0.2995169082125604,0.5362318840579711,0.0821256038647343,1.5486111111111112,0.4993682878083941,2.1583624920952498,2.4400326353484547,0.8248125285595439,0.47919396582548124,0.7913474616182844,0.7766804313101899,1.4766076747853514,0.30589734371174726
207.0,3608.0,0.12560386473429952,0.04830917874396135,0.8260869565217391,0.0821256038647343,0.30434782608695654,0.5362318840579711,0.0821256038647343,1.586466165413534,0.4943287390549321,2.123851640967086,2.4443992235749152,0.826250689921086,0.47799749477904563,0.7875163106291928,0.7739497958707026,1.4743746720307853,0.3124315621909888
207.0,3608.0,0.13043478260869565,0.04830917874396135,0.821256038647343,0.0821256038647343,0.30434782608695654,0.5362318840579711,0.0821256038647343,1.5820895522388059,0.495065993363269,2.1271047983648077,2.444845357110059,0.82203569055416,0.47857925220520264,0.7949623447096402,0.7801875426079347,1.4714889123548047,0.31132455296091044
207.0,3608.0,0.12560386473429952,0.057971014492753624,0.8164251207729468,0.0821256038647343,0.2946859903381642,0.5362318840579711,0.0821256038647343,1.551948051948052,0.4989165751082528,2.187520720836463,2.431859905855594,0.8260877547357061,0.47777809808628796,0.7892247467890322,0.7742154799424286,1.4810632383599722,0.3076339171403042
207.0,3608.0,0.12560386473429952,0.05314009661835749,0.821256038647343,0.0821256038647343,0.2995169082125604,0.5362318840579711,0.0821256038647343,1.5555555555555556,0.4986383946711771,2.1583624920952498,2.440359063869798,0.8264312812322822,0.47686567750107983,0.7908326146886838,0.7752356929135725,1.480966452285764,0.30594116208231353
207.0,3608.0,0.12560386473429952,0.05314009661835749,0.821256038647343,0.0821256038647343,0.2995169082125604,0.5362318840579711,0.0821256038647343,1.5833333333333333,0.4947274449181538,2.1583624920952498,2.43552253401641,0.8207697957136022,0.47522230008898875,0.7913168860107059,0.7745747898096943,1.4766240588338295,0.31017566375999245
207.0,3608.0,0.12560386473429952,0.04830917874396135,0.8260869565217391,0.0821256038647343,0.30434782608695654,0.5362318840579711,0.0821256038647343,1.586466165413534,0.4943287390549321,2.123851640967086,2.4446406623732355,0.8258261420040679,0.47915188731083436,0.7873729200289498,0.7730843879963607,1.4803767660910518,0.3104286994214989
207.0,3608.0,0.12560386473429952,0.057971014492753624,0.8164251207729468,0.0821256038647343,0.2946859903381642,0.5362318840579711,0.0821256038647343,1.5548387096774194,0.4985945895470556,2.1903316981702914,2.432128368450616,0.8261455273288281,0.47953887037204745,0.7890510032362231,0.7760779178122305,1.4788879235447436,0.3091414841812959
207.0,3608.0,0.12560386473429952,0.057971014492753624,0.8164251207729468,0.0821256038647343,0.2946859903381642,0.5362318840579711,0.0821256038647343,1.5584415584415585,0.49819298288539554,2.187520720836463,2.4316900619529864,0.821484841569396,0.47644266882636016,0.7926763590549658,0.7761714419429717,1.4824181534730643,0.3085108884326288
207.0,3608.0,0.12560386473429952,0.05314009661835749,0.821256038647343,0.0821256038647343,0.2995169082125604,0.5362318840579711,0.0821256038647343,1.5625,0.4978098887272985,2.1583624920952498,2.4418663166483388,0.8182863101564897,0.479917138814463,0.7936271126941838,0.779199690211645,1.4848379226211224,0.3032791284920805
207.0,3608.0,0.12560386473429952,0.04830917874396135,0.8260869565217391,0.0821256038647343,0.30434782608695654,0.5362318840579711,0.0821256038647343,1.5909090909090908,0.4935391034500526,2.12057393120585,2.444279308243851,0.8240400513051465,0.4786550814807289,0.7881714783087966,0.7734755054389093,1.4770945828252917,0.31079863833389204
207.0,3608.0,0.13043478260869565,0.04830917874396135,0.821256038647343,0.0821256038647343,0.30434782608695654,0.5362318840579711,0.0821256038647343,1.586466165413534,0.4943287390549321,2.123851640967086,2.446917924107607,0.8265661626557851,0.4778371763362241,0.7881407794902205,0.7729278856035666,1.479024047744427,0.3044701365364386
207.0,3608.0,0.13043478260869565,0.05314009661835749,0.8164251207729468,0.0821256038647343,0.2995169082125604,0.5362318840579711,0.0821256038647343,1.5684931506849316,0.4969914208178613,2.164352855784437,2.437725000189254,0.8289051240905906,0.4756548721037676,0.7916276829923895,0.7756101279995284,1.4775495997215453,0.3096740908597201
207.0,3608.0,0.12560386473429952,0.04830917874396135,0.8260869565217391,0.0821256038647343,0.30434782608695654,0.5362318840579711,0.0821256038647343,1.586466165413534,0.4943287390549321,2.123851640967086,2.447951135799061,0.8291500994064702,0.47971543276381523,0.7905674142330645,0.7764883010593593,1.47521815008726,0.305565964326597
207.0,3608.0,0.12560386473429952,0.05314009661835749,0.821256038647343,0.0821256038647343,0.2995169082125604,0.5362318840579711,0.0821256038647343,1.5694444444444444,0.4968822766933802,2.1583624920952498,2.43947456829594,0.8272334368745676,0.47955568863866743,0.7932815159393688,0.7785473317798168,1.474466596712137,0.3069999902276652
207.0,3608.0,0.12560386473429952,0.05314009661835749,0.821256038647343,0.0821256038647343,0.2995169082125604,0.5362318840579711,0.0821256038647343,1.5763888888888888,0.49585500236680435,2.1583624920952498,2.4350676280483756,0.8216992808842163,0.4800935620917403,0.7897253231577186,0.7761714419429717,1.4823426573426572,0.3074106201062677
207.0,3608.0,0.12560386473429952,0.05314009661835749,0.821256038647343,0.0821256038647343,0.2995169082125604,0.5362318840579711,0.0821256038647343,1.5804195804195804,0.495224908537972,2.155336037465062,2.436398839755465,0.8206213076198557,0.478562399623376,0.7873626768439739,0.7731626273131424,1.4783368273934312,0.3087742890292624
207.0,3608.0,0.12560386473429952,0.04830917874396135,0.8260869565217391,0.0821256038647343,0.30434782608695654,0.5362318840579711,0.0821256038647343,1.5877862595419847,0.4941228281998405,2.1172712956557644,2.4475505092594894,0.8207255193912887,0.47951364186609813,0.7923456159999903,0.7779462641834953,1.4743409490333919,0.3049233952762342
207.0,3608.0,0.12560386473429952,0.04830917874396135,0.8260869565217391,0.0821256038647343,0.30434782608695654,0.5362318840579711,0.0821256038647343,1.5909090909090908,0.4935391034500526,2.12057393120585,2.4434076503575035,0.8239535513322472,0.4770178687959481,0.7897100040993225,0.7742519392681623,1.4715189873417722,0.31196959027850696
207.0,3608.0,0.12560386473429952,0.04830917874396135,0.8260869565217391,0.0821256038647343,0.30434782608695654,0.5362318840579711,0.0821256038647343,1.5909090909090908,0.4935391034500526,2.12057393120585,2.4451259733241297,0.8226649950182111,0.48082376892188616,0.7889538945857494,0.7756985099080091,1.484095254649748,0.3089164643431321
207.0,3608.0,0.13043478260869565,0.05314009661835749,0.8164251207729468,0.0821256038647343,0.2995169082125604,0.5362318840579711,0.0821256038647343,1.5684931506849316,0.4969914208178613,2.164352855784437,2.435440493126707,0.8270777902403298,0.4778878090232029,0.7854705233550054,0.7714395293557227,1.48,0.30795641192613116
207.0,3608.0,0.12560386473429952,0.04830917874396135,0.8260869565217391,0.0821256038647343,0.30434782608695654,0.5362318840579711,0.0821256038647343,1.586466165413534,0.4943287390549321,2.123851640967086,2.446063631727159,0.8246273814088386,0.4777443358062305,0.7875163106291929,0.7734337956683479,1.4778127183787562,0.31215885072402283
207.0,3608.0,0.12560386473429952,0.05314009661835749,0.821256038647343,0.0821256038647343,0.2995169082125604,0.5362318840579711,0.0821256038647343,1.5804195804195804,0.49522490853797196,2.155336037465062,2.438245456148699,0.8241684406568849,0.4782167908168188,0.7949217623604352,0.7789201749279128,1.4797697942099757,0.30808973344255125
207.0,3608.0,0.12560386473429952,0.057971014492753624,0.8164251207729468,0.0821256038647343,0.2946859903381642,0.5362318840579711,0.0821256038647343,1.5548387096774194,0.4985945895470556,2.1903316981702914,2.4321650184152124,0.8188986146975629,0.4766711401338258,0.7892911680401969,0.7734442233218595,1.4809820193637622,0.30461461154150066
207.0,3608.0,0.12560386473429952,0.05314009661835749,0.821256038647343,0.0821256038647343,0.2995169082125604,0.5362318840579711,0.0821256038647343,1.5625,0.4978098887272985,2.1583624920952498,2.440309978435225,0.8264275625799278,0.477093946237699,0.7889283376910758,0.7736006212575466,1.4789915966386555,0.3081440512243891
207.0,3608.0,0.12560386473429952,0.04830917874396135,0.8260869565217391,0.0821256038647343,0.30434782608695654,0.5362318840579711,0.0821256038647343,1.586466165413534,0.4943287390549321,2.123851640967086,2.4467391649831627,0.8266772793483562,0.47950523206914547,0.7915614578021422,0.7772772897046425,1.4766158696794536,0.3094436492163214
207.0,3608.0,0.12560386473429952,0.04830917874396135,0.8260869565217391,0.0821256038647343,0.30434782608695654,0.5362318840579711,0.0821256038647343,1.586466165413534,0.4943287390549321,2.123851640967086,2.4457016844045603,0.8226533241797511,0.4810166268460267,0.7867017096844559,0.7742727723977669,1.478094575799722,0.30470465457588575
207.0,3608.0,0.12560386473429952,0.04830917874396135,0.8260869565217391,0.0821256038647343,0.30434782608695654,0.5362318840579711,0.0821256038647343,1.586466165413534,0.4943287390549321,2.123851640967086,2.4453733183088886,0.8218244459503474,0.4773390021805932,0.7911996685689384,0.7756413227642441,1.4786100925440895,0.3064504246519509
207.0,3608.0,0.12560386473429952,0.04830917874396135,0.8260869565217391,0.0821256038647343,0.30434782608695654,0.5362318840579711,0.0821256038647343,1.586466165413534,0.4943287390549321,2.123851640967086,2.446058586462405,0.8222924162288835,0.4768487643588443,0.7876238364480157,0.7724581881780255,1.4861907243355914,0.30976957315052134
207.0,3608.0,0.12560386473429952,0.04830917874396135,0.8260869565217391,0.0821256038647343,0.30434782608695654,0.5362318840579711,0.0821256038647343,1.5909090909090908,0.4935391034500526,2.12057393120585,2.4466786289017617,0.8257951782931953,0.47861295558865236,0.7923608841029539,0.7781328520896581,1.478268458718799,0.3108878080467869
207.0,3608.0,0.12560386473429952,0.05314009661835749,0.821256038647343,0.0821256038647343,0.2995169082125604,0.5362318840579711,0.0821256038647343,1.5555555555555556,0.4986383946711771,2.1583624920952498,2.4385453052599235,0.8226312539341442,0.4817454345405272,0.789449534625469,0.7775470230788495,1.4753754802654557,0.30972056626233774
207.0,3608.0,0.12560386473429952,0.04830917874396135,0.8260869565217391,0.0821256038647343,0.30434782608695654,0.5362318840579711,0.0821256038647343,1.586466165413534,0.4943287390549321,2.123851640967086,2.4456750841564756,0.8284709439919296,0.480412639523641,0.7874702236408582,0.7742675641679178,1.48,0.3111763220413206
207.0,3608.0,0.12560386473429952,0.05314009661835749,0.821256038647343,0.0821256038647343,0.2995169082125604,0.5362318840579711,0.0821256038647343,1.5804195804195804,0.495224908537972,2.155336037465062,2.437767801988024,0.8228180977398666,0.47865508148072894,0.789045892552573,0.774985969018159,1.4798190675017397,0.31173819099165617
207.0,3608.0,0.12560386473429952,0.04830917874396135,0.8260869565217391,0.0821256038647343,0.30434782608695654,0.5314009661835749,0.0821256038647343,1.5909090909090908,0.4935391034500526,2.12057393120585,2.45091538981342,0.8262357964035915,0.4791687191601114,0.791413704715649,0.7761974188683248,1.4787550271026404,0.30303314428584927
207.0,3608.0,0.12560386473429952,0.04830917874396135,0.8260869565217391,0.0821256038647343,0.30434782608695654,0.5362318840579711,0.0821256038647343,1.5909090909090908,0.4935391034500526,2.12057393120585,2.444462367002118,0.822385841599017,0.478081851313224,0.7856039950660124,0.7714447566783916,1.4747191011235956,0.3087670584538693
207.0,3608.0,0.12560386473429952,0.04830917874396135,0.8260869565217391,0.0821256038647343,0.30434782608695654,0.5362318840579711,0.0821256038647343,1.586466165413534,0.4943287390549321,2.123851640967086,2.4453807270442836,0.825276750856152,0.47645959638398705,0.7874855862699925,0.7723850984626953,1.471724622409554,0.30817446881719823
207.0,3608.0,0.13043478260869565,0.05314009661835749,0.8164251207729468,0.0821256038647343,0.2995169082125604,0.5362318840579711,0.0821256038647343,1.5517241379310345,0.4990412263469522,2.161368002234975,2.439584641142264,0.8234016660457206,0.47665422008881275,0.7877108704081413,0.7724581881780254,1.4764397905759161,0.3102878775779957
207.0,3608.0,0.12560386473429952,0.04830917874396135,0.8260869565217391,0.0821256038647343,0.30434782608695654,0.5362318840579711,0.0821256038647343,1.586466165413534,0.4943287390549321,2.123851640967086,2.441906379028337,0.8214958010848786,0.4800935620917403,0.7855834624326462,0.7741060916621246,1.474410480349345,0.3188640769383727
207.0,3608.0,0.13043478260869565,0.04830917874396135,0.821256038647343,0.0821256038647343,0.30434782608695654,0.5362318840579711,0.0821256038647343,1.5820895522388059,0.495065993363269,2.1271047983648077,2.4440935083862714,0.8284085778697452,0.48374191001762246,0.786086357558771,0.7751732694818262,1.4749912556838056,0.3064475456972791
207.0,3608.0,0.12560386473429952,0.05314009661835749,0.821256038647343,0.0821256038647343,0.2995169082125604,0.5362318840579711,0.0821256038647343,1.5833333333333333,0.4947274449181538,2.1583624920952498,2.437163076297315,0.8234243278047805,0.478562399623376,0.7868862214860385,0.7727556963630109,1.4751835022719328,0.30920681927258375
207.0,3608.0,0.12560386473429952,0.04830917874396135,0.8260869565217391,0.0821256038647343,0.30434782608695654,0.5362318840579711,0.0821256038647343,1.5909090909090908,0.4935391034500526,2.12057393120585,2.4462071680126023,0.8177040052653901,0.47810715537114723,0.7929866232155846,0.7775262776799038,1.4705985915492958,0.30809141228533615
207.0,3608.0,0.12560386473429952,0.05314009661835749,0.821256038647343,0.0821256038647343,0.2995169082125604,0.5362318840579711,0.0821256038647343,1.5673758865248226,0.49720597253922116,2.1492191126553797,2.439914526788667,0.8183738358728261,0.47629876029685797,0.7931340832828704,0.7769140392027576,1.4706400987480162,0.3105741071971749
207.0,3608.0,0.12560386473429952,0.04830917874396135,0.8260869565217391,0.0821256038647343,0.30434782608695654,0.5362318840579711,0.0821256038647343,1.5909090909090908,0.4935391034500526,2.12057393120585,2.4462946792749376,0.8210773328053811,0.4778287370334398,0.7904347806385171,0.7758752435215519,1.4812630117973629,0.3124827717998592
207.0,3608.0,0.12560386473429952,0.04830917874396135,0.8260869565217391,0.0821256038647343,0.30434782608695654,0.5362318840579711,0.0821256038647343,1.5877862595419847,0.4941228281998405,2.1172712956557644,2.4438648801847584,0.8252263373929396,0.478747745395592,0.7876903926944502,0.774085254046604,1.4815331010452961,0.30936703788529185
207.0,3608.0,0.12560386473429952,0.05314009661835749,0.821256038647343,0.0821256038647343,0.2995169082125604,0.5362318840579711,0.0821256038647343,1.5694444444444444,0.4968822766933802,2.1583624920952498,2.4378901407907803,0.8245803179386876,0.48110045400349144,0.7904296789019611,0.7773239810250465,1.4770114942528736,0.30895854640880144
207.0,3608.0,0.12560386473429952,0.04830917874396135,0.8260869565217391,0.0821256038647343,0.30434782608695654,0.5362318840579711,0.0821256038647343,1.5909090909090908,0.4935391034500526,2.12057393120585,2.4445843982903352,0.8224429909437867,0.47925286953922097,0.7864146052790761,0.7737152929845326,1.4775808133472368,0.3121638987348513
207.0,3608.0,0.12560386473429952,0.05314009661835749,0.821256038647343,0.0821256038647343,0.2995169082125604,0.5362318840579711,0.0821256038647343,1.5492957746478873,0.49932528644576735,2.1522883443830563,2.439698254947812,0.8262084931423809,0.47983310493110487,0.7893013861981149,0.7754697360292973,1.4792360259330646,0.30822735384236855
207.0,3608.0,0.13043478260869565,0.05314009661835749,0.8164251207729468,0.0821256038647343,0.2995169082125604,0.5362318840579711,0.0821256038647343,1.5655172413793104,0.49740706981651195,2.161368002234975,2.437916658498527,0.8233360736198138,0.47916030330938114,0.7901082030879262,0.7764103968726827,1.4731955150665732,0.3102828806809474
207.0,3608.0,0.12560386473429952,0.05314009661835749,0.821256038647343,0.0821256038647343,0.2995169082125604,0.5362318840579711,0.0821256038647343,1.5625,0.4978098887272985,2.1583624920952498,2.4375867629311343,0.8306467245710857,0.47963136354052033,0.7907918204074391,0.777904794126523,1.4772488624431221,0.3166948539823141
207.0,3608.0,0.12560386473429952,0.04830917874396135,0.8260869565217391,0.0821256038647343,0.30434782608695654,0.5362318840579711,0.0821256038647343,1.586466165413534,0.4943287390549321,2.123851640967086,2.443570031301396,0.8298822606262205,0.4794127145661091,0.7873063369444379,0.772844404702229,1.4807995791688584,0.3064197746512333
207.0,3608.0,0.12560386473429952,0.04830917874396135,0.8260869565217391,0.0821256038647343,0.30434782608695654,0.5362318840579711,0.0821256038647343,1.5909090909090908,0.4935391034500526,2.12057393120585,2.444913169012505,0.8232868589889506,0.47799749477904563,0.791423895469271,0.7759999724263613,1.4795383001049318,0.3084249866436994
207.0,3608.0,0.13043478260869565,0.04830917874396135,0.821256038647343,0.0821256038647343,0.30434782608695654,0.5362318840579711,0.0821256038647343,1.5820895522388059,0.495065993363269,2.1271047983648077,2.4457821046003527,0.8279427764835793,0.47731365740019804,0.7882686833469549,0.7744081740791593,1.4809027777777777,0.3116974161296057
207.0,3608.0,0.12560386473429952,0.05314009661835749,0.821256038647343,0.0821256038647343,0.2995169082125604,0.5362318840579711,0.0821256038647343,1.5833333333333333,0.4947274449181538,2.1583624920952498,2.4391767274753287,0.8231976082913464,0.47771057114001786,0.79190780520847,0.7758024757330807,1.4817189395252122,0.30197572141452267
207.0,3608.0,0.13043478260869565,0.05314009661835749,0.8164251207729468,0.0821256038647343,0.2995169082125604,0.5362318840579711,0.0821256038647343,1.5486111111111112,0.4993682878083941,2.1583624920952498,2.441029164365443,0.8214911871338196,0.47880670400422304,0.7893167131869668,0.7747569847370577,1.4790616854908776,0.3016677184265734
207.0,3608.0,0.12560386473429952,0.05314009661835749,0.821256038647343,0.0821256038647343,0.2995169082125604,0.5362318840579711,0.0821256038647343,1.5694444444444444,0.4968822766933802,2.1583624920952498,2.4360815250627295,0.8216278992155959,0.477761217244497,0.7852137832204724,0.7713349754630004,1.4807993049522155,0.3110916477950049
207.0,3055.0,0.12560386473429952,0.04830917874396135,0.8260869565217391,0.05314009661835749,0.30434782608695654,0.5265700483091788,0.07246376811594203,1.6434108527131783,0.48085941312799363,2.110589710299249,2.4295918935777414,0.7092626552730924,0.5083169356161477,0.7599123434957749,0.7519279109222233,1.5887096774193548,0.22535412050628195
207.0,3055.0,0.13043478260869565,0.04830917874396135,0.821256038647343,0.057971014492753624,0.30434782608695654,0.5362318840579711,0.07246376811594203,1.643939393939394,0.4806575610092439,2.12057393120585,2.4299201957332,0.7051535435398751,0.5114374757581288,0.7640395555422584,0.7608439911655505,1.588505325009181,0.2398638824788712
207.0,3055.0,0.12560386473429952,0.04830917874396135,0.8260869565217391,0.05314009661835749,0.30434782608695654,0.5265700483091788,0.07246376811594203,1.6488549618320612,0.479160549970746,2.1172712956557644,2.429946347634427,0.7114595413554851,0.510245368940926,0.7627356202128173,0.7604921259941119,1.5630066322770817,0.23923012000497232
206.0,3055.0,0.13106796116504854,0.043689320388349516,0.825242718446602,0.06796116504854369,0.3058252427184466,0.5339805825242718,0.07281553398058252,1.6615384615384616,0.4750168687962835,2.113943352306837,2.4384744690202482,0.7124647430240303,0.5085208669652184,0.7601367543338434,0.7537938162396095,1.588514129443938,0.2364933014428675
207.0,3055.0,0.13526570048309178,0.04830917874396135,0.8164251207729469,0.057971014492753624,0.30917874396135264,0.5314009661835749,0.07246376811594203,1.6343283582089552,0.48342519736294726,2.1271047983648077,2.4326415666887393,0.7139380170433344,0.5097877593601181,0.7655521805005315,0.7594107313029839,1.6016733357584576,0.22588464647586975
207.0,3055.0,0.13043478260869565,0.04830917874396135,0.821256038647343,0.07246376811594203,0.30917874396135264,0.5217391304347826,0.0821256038647343,1.625,0.485912657903775,2.1335389083702174,2.4241949497566,0.714117035097392,0.5087401000519011,0.7603113972276595,0.7561175578000696,1.6082999635966508,0.23606380259192572
207.0,3055.0,0.13526570048309178,0.04830917874396135,0.8164251207729469,0.06280193236714976,0.30917874396135264,0.5217391304347826,0.0821256038647343,1.6594202898550725,0.47563061192628814,2.1398790864012365,2.4263877491281036,0.7069023475581572,0.5119920700937267,0.7694217192104452,0.7695220563113678,1.606782768102658,0.2416905564976201
206.0,3055.0,0.13592233009708737,0.043689320388349516,0.8203883495145632,0.07281553398058252,0.3058252427184466,0.5339805825242718,0.0825242718446602,1.6569343065693432,0.49166518085421235,2.1367205671564067,2.4366921641886123,0.7077730647010968,0.5100651810914899,0.7611247963060918,0.756999394113806,1.6418587765474677,0.23800535211015172
207.0,3055.0,0.13526570048309178,0.04830917874396135,0.8164251207729469,0.057971014492753624,0.30917874396135264,0.5265700483091788,0.07246376811594203,1.6444444444444444,0.480464120558735,2.130333768495006,2.4271244793458133,0.7063812353120641,0.5118655311056998,0.7618313319891342,0.7606963572656303,1.609640314040533,0.2411098151762946
207.0,3055.0,0.13526570048309178,0.04830917874396135,0.8164251207729469,0.05314009661835749,0.30434782608695654,0.5265700483091788,0.0821256038647343,1.6390977443609023,0.48207798100265986,2.123851640967086,2.433248955694168,0.7068981236546207,0.5062703189576622,0.7633019633917355,0.7616056217925196,1.607116654438738,0.24871850266391823
207.0,3055.0,0.13043478260869565,0.04830917874396135,0.821256038647343,0.06763285024154589,0.30434782608695654,0.5265700483091788,0.0821256038647343,1.6641221374045803,0.4741094813988847,2.1172712956557644,2.42850969481814,0.7170849254304694,0.5086481148865182,0.764405169717496,0.7606465824951595,1.5946345975948195,0.23742263736467223
207.0,3055.0,0.13043478260869565,0.04830917874396135,0.821256038647343,0.06763285024154589,0.30434782608695654,0.5362318840579711,0.07246376811594203,1.631578947368421,0.49960111680926556,2.123851640967086,2.4326359389658383,0.7093713388247345,0.5088360171064397,0.7606590105474295,0.7556624199846887,1.632125295938809,0.23850364952107622
207.0,3055.0,0.1497584541062802,0.04830917874396135,0.8019323671497585,0.06763285024154589,0.30434782608695654,0.5314009661835749,0.07246376811594203,1.64,0.4816080447052689,2.1760912590556813,2.4306778793590693,0.7146791672454363,0.506865116606357,0.7634114287845504,0.7571492309989161,1.608330288637194,0.2317668104671065
206.0,3055.0,0.13592233009708737,0.043689320388349516,0.8203883495145632,0.06796116504854369,0.3058252427184466,0.5388349514563107,0.07281553398058252,1.618705035971223,0.5021069153026526,2.143014800254095,2.438243956747478,0.7053056937578323,0.5122706556573801,0.7543428626243622,0.7500875765669984,1.5939505041246562,0.23472923372277943
206.0,3055.0,0.13106796116504854,0.043689320388349516,0.825242718446602,0.04854368932038835,0.3106796116504854,0.529126213592233,0.07281553398058252,1.676923076923077,0.5013993536757184,2.113943352306837,2.4357800846107285,0.7086908600868436,0.5070930023298601,0.7597181870116544,0.750528837425359,1.5995277878677805,0.22729396904263371
206.0,3055.0,0.1262135922330097,0.043689320388349516,0.8300970873786409,0.05825242718446602,0.3058252427184466,0.529126213592233,0.0825242718446602,1.625,0.5019646441105269,2.1072099696478683,2.4342577009968447,0.7234397638073011,0.510298896300109,0.7579686772223392,0.7539129121499598,1.570574379416561,0.23804895258001504
206.0,3055.0,0.1262135922330097,0.043689320388349516,0.8300970873786409,0.06310679611650485,0.3058252427184466,0.529126213592233,0.0825242718446602,1.62015503875969,0.48724029059099133,2.110589710299249,2.4370264278744758,0.70926829287509,0.5092960112450049,0.7573932961563231,0.7556059531886957,1.6146855688840422,0.2462098845519212
207.0,3055.0,0.12560386473429952,0.04830917874396135,0.8260869565217391,0.06280193236714976,0.30434782608695654,0.5362318840579711,0.07246376811594203,1.6153846153846154,0.5040089728593323,2.113943352306837,2.430737155014304,0.7129641880344785,0.5220996905617955,0.7561388675650471,0.7570579124170635,1.5618060695780902,0.22754930597735187
207.0,3055.0,0.13526570048309178,0.04830917874396135,0.8164251207729469,0.06280193236714976,0.30434782608695654,0.5314009661835749,0.0821256038647343,1.669172932330827,0.4722897882765153,2.123851640967086,2.431335500160217,0.7081366642832594,0.5139310954371858,0.7621200983748654,0.7617936724796325,1.566648381788261,0.23870189802672653
207.0,3055.0,0.12560386473429952,0.04830917874396135,0.8260869565217391,0.07246376811594203,0.30434782608695654,0.5314009661835749,0.07246376811594203,1.623076923076923,0.5021717889974283,2.113943352306837,2.429230423504854,0.7031975228188541,0.5114977230750823,0.7574344693509029,0.7598071220106919,1.609518559353179,0.24217695592924676
206.0,3055.0,0.1262135922330097,0.043689320388349516,0.8300970873786409,0.05825242718446602,0.3058252427184466,0.5388349514563107,0.0825242718446602,1.627906976744186,0.5010889305094154,2.110589710299249,2.436479875175184,0.714600118682688,0.5128334578708014,0.7624018488966822,0.755090663294139,1.623446484882211,0.23365931794544215
207.0,3055.0,0.13043478260869565,0.04830917874396135,0.821256038647343,0.06280193236714976,0.30917874396135264,0.5265700483091788,0.0821256038647343,1.6666666666666667,0.4894725051862804,2.110589710299249,2.4326874551157474,0.7155872292432541,0.5113550838361066,0.7604444797045602,0.7601247270866393,1.6018820123054651,0.24111506596028037
207.0,3055.0,0.13526570048309178,0.04830917874396135,0.8164251207729469,0.05314009661835749,0.30434782608695654,0.5314009661835749,0.0821256038647343,1.6567164179104477,0.4765868249157888,2.1271047983648077,2.431909578558436,0.7114388377667926,0.5079082720323141,0.7626031676488254,0.7583490389177425,1.5972401103955842,0.23635667528067514
207.0,3055.0,0.12560386473429952,0.04830917874396135,0.8260869565217391,0.06280193236714976,0.30434782608695654,0.5314009661835749,0.0821256038647343,1.6136363636363635,0.48877049786543225,2.12057393120585,2.4273701095160067,0.7050958494954199,0.5079369574560842,0.7632989411207743,0.7581186253306522,1.5983621474067333,0.23593312215929546
207.0,3055.0,0.13043478260869565,0.04830917874396135,0.821256038647343,0.06763285024154589,0.30434782608695654,0.5314009661835749,0.0821256038647343,1.6642335766423357,0.47399075851585654,2.1367205671564067,2.4339228943368294,0.7117139961043568,0.5075857145010528,0.7613018853338849,0.7593665842100407,1.5894137107149422,0.24302546906820713
207.0,3055.0,0.12560386473429952,0.04830917874396135,0.8260869565217391,0.07246376811594203,0.30917874396135264,0.5217391304347826,0.0821256038647343,1.672,0.48818293768336607,2.0969100130080562,2.428895550777432,0.7162376919639372,0.5141420703404873,0.7666129113412294,0.7626750999289033,1.6110101744186047,0.22666298993070533
207.0,3055.0,0.13043478260869565,0.04830917874396135,0.821256038647343,0.04830917874396135,0.30434782608695654,0.5362318840579711,0.0821256038647343,1.6423357664233578,0.48107151048118707,2.1367205671564067,2.435744347663736,0.7104387793842327,0.5102733924456491,0.7667159442292271,0.7655953198253179,1.570985401459854,0.23786745228399703
206.0,3055.0,0.1262135922330097,0.043689320388349516,0.8300970873786409,0.05339805825242718,0.3106796116504854,0.529126213592233,0.0825242718446602,1.646153846153846,0.4800119259102842,2.113943352306837,2.4363308528415377,0.7105706389793409,0.5086261057692751,0.7631380303023407,0.7588489286834521,1.5734806629834255,0.24197646183604243
207.0,3055.0,0.13043478260869565,0.04830917874396135,0.821256038647343,0.06763285024154589,0.30434782608695654,0.5362318840579711,0.0821256038647343,1.6277372262773722,0.48518188327060874,2.1367205671564067,2.438338410874784,0.7142304622364026,0.5043516401817038,0.7619146970615267,0.7557963527494548,1.6139839766933721,0.2373516985565464
207.0,3055.0,0.13043478260869565,0.04830917874396135,0.821256038647343,0.07246376811594203,0.30434782608695654,0.5362318840579711,0.07246376811594203,1.6194029850746268,0.487355548205786,2.1271047983648077,2.430762871547838,0.7066207991319116,0.5134521241594375,0.7598376026091833,0.7566308665757366,1.5765602322206096,0.22919676377514078
207.0,3055.0,0.13526570048309178,0.04830917874396135,0.8164251207729469,0.07246376811594203,0.30434782608695654,0.5265700483091788,0.07246376811594203,1.6312056737588652,0.4841981223444225,2.1492191126553797,2.4249100304047384,0.7182780669668637,0.5075330859654194,0.7655625860278541,0.7544040060923461,1.5888929618768328,0.22534330387047619
207.0,3055.0,0.14009661835748793,0.04830917874396135,0.8115942028985508,0.06280193236714976,0.30917874396135264,0.5314009661835749,0.07246376811594203,1.6762589928057554,0.49950449850913475,2.143014800254095,2.425068123301611,0.7072355962864376,0.5113331046396437,0.7579426413609707,0.7599768562807621,1.618978630930822,0.24434252329346798
207.0,3055.0,0.13043478260869565,0.04830917874396135,0.821256038647343,0.05314009661835749,0.30917874396135264,0.5265700483091788,0.0821256038647343,1.6666666666666667,0.4894725051862803,2.110589710299249,2.4320706228544124,0.7189947575465175,0.514211518279079,0.7607021465916659,0.7598867625378032,1.5784737221022318,0.23607599631549334
207.0,3055.0,0.13043478260869565,0.04830917874396135,0.821256038647343,0.06280193236714976,0.30434782608695654,0.5314009661835749,0.0821256038647343,1.6488549618320612,0.479160549970746,2.1172712956557644,2.426975820268189,0.7127960770766842,0.5121237614352102,0.7673666933183791,0.7650471929952212,1.597652668256006,0.24120147671283407
207.0,3055.0,0.12560386473429952,0.04830917874396135,0.8260869565217391,0.06763285024154589,0.30917874396135264,0.5314009661835749,0.0821256038647343,1.6515151515151516,0.49400757921138977,2.12057393120585,2.4290109472279484,0.7110002211102667,0.5097634584935458,0.7639710271393931,0.7597293459818323,1.5940648470415828,0.23043943053046662
206.0,3055.0,0.13106796116504854,0.043689320388349516,0.825242718446602,0.043689320388349516,0.3058252427184466,0.5339805825242718,0.0825242718446602,1.633587786259542,0.49932426446192885,2.1172712956557644,2.441395945797725,0.7132932867846744,0.5128959546081892,0.7551211003551761,0.7504300988488611,1.6302657747242812,0.23557132465519184
207.0,3055.0,0.14009661835748793,0.04830917874396135,0.8115942028985508,0.07246376811594203,0.30917874396135264,0.5314009661835749,0.0821256038647343,1.6376811594202898,0.4973217171000837,2.1398790864012365,2.4295458592109314,0.7082967530900913,0.5089059788206746,0.760148563636728,0.7535009646006138,1.610213556174559,0.24098882865491464
207.0,3055.0,0.13526570048309178,0.04830917874396135,0.8164251207729469,0.06280193236714976,0.30434782608695654,0.5265700483091788,0.0821256038647343,1.6642335766423357,0.4892577250400635,2.1367205671564067,2.425535969505063,0.7115584304878615,0.5143792055301889,0.7641451110433435,0.7616313694427529,1.6015696294944333,0.23207758657799868
207.0,3055.0,0.13526570048309178,0.04830917874396135,0.8164251207729469,0.05314009661835749,0.30917874396135264,0.5314009661835749,0.07246376811594203,1.6258992805755397,0.4856398930525748,2.143014800254095,2.4297847619070874,0.7072851402704913,0.5142442591186057,0.7607611643461764,0.7620549832038724,1.616518100782245,0.24882168542870112
207.0,3055.0,0.14009661835748793,0.04830917874396135,0.8115942028985508,0.07246376811594203,0.30434782608695654,0.5314009661835749,0.0821256038647343,1.6343283582089552,0.5135904101668268,2.1271047983648077,2.4379381900160024,0.7022344817835543,0.5091381183033574,0.7616349765946687,0.7600588722700066,1.5987754367008824,0.23950840143628868
206.0,3055.0,0.13106796116504854,0.043689320388349516,0.825242718446602,0.05339805825242718,0.3058252427184466,0.5388349514563107,0.07281553398058252,1.643939393939394,0.5114352765506044,2.12057393120585,2.43819016101109,0.7042633061300807,0.505453751950858,0.7621127371158233,0.7520844072265412,1.606188209447089,0.23186463902876642
207.0,3055.0,0.12560386473429952,0.04830917874396135,0.8260869565217391,0.05314009661835749,0.30434782608695654,0.5314009661835749,0.0821256038647343,1.6259541984732824,0.48573303624673086,2.1172712956557644,2.4294749369886075,0.7104258260601117,0.5132064516613056,0.7572712470671522,0.7544910186315439,1.5818809005083514,0.2335921328219414
207.0,3055.0,0.13043478260869565,0.04830917874396135,0.821256038647343,0.06280193236714976,0.30434782608695654,0.5314009661835749,0.0821256038647343,1.6194029850746268,0.487355548205786,2.1271047983648077,2.4347542431182356,0.7075811585001799,0.5043954136822516,0.7617955968141257,0.7598585389172593,1.5836390315480557,0.24247036602216593
207.0,3055.0,0.13526570048309178,0.04830917874396135,0.8164251207729469,0.06280193236714976,0.30434782608695654,0.5265700483091788,0.07246376811594203,1.6592592592592592,0.49116010951476063,2.130333768495006,2.427096422058039,0.7116384671861447,0.5144665961365494,0.7568965306684293,0.7601025482996461,1.597242380261248,0.23716790755257802
206.0,3055.0,0.13592233009708737,0.043689320388349516,0.8203883495145632,0.06796116504854369,0.3058252427184466,0.5339805825242718,0.0825242718446602,1.6330935251798562,0.4984597274457677,2.143014800254095,2.4346430133393353,0.708414545636691,0.5139502237594462,0.7572822994991623,0.7558992782768291,1.5889033699497301,0.24407487869262368
207.0,3055.0,0.13043478260869565,0.04830917874396135,0.821256038647343,0.06763285024154589,0.30434782608695654,0.5362318840579711,0.0821256038647343,1.626865671641791,0.48545214628375105,2.1271047983648077,2.4380197293143704,0.7157866766803382,0.5110634500530534,0.7562625599138655,0.7567406491793196,1.5877289377289376,0.2458867987251756
207.0,3055.0,0.12560386473429952,0.05314009661835749,0.821256038647343,0.05314009661835749,0.30434782608695654,0.5265700483091788,0.07246376811594203,1.6165413533834587,0.5033494555607526,2.123851640967086,2.422443903904146,0.7112867452429186,0.5029672532146142,0.763243142104465,0.7536500289607907,1.6354053071610324,0.23262924488350112
207.0,3055.0,0.13043478260869565,0.04830917874396135,0.821256038647343,0.06280193236714976,0.30434782608695654,0.5314009661835749,0.0821256038647343,1.6567164179104477,0.4765868249157888,2.1271047983648077,2.4274760142235787,0.7093580952540213,0.5102880023390867,0.7615299926873033,0.75632270126901,1.5919561243144424,0.22713827297199246
207.0,3055.0,0.13526570048309178,0.04830917874396135,0.8164251207729469,0.057971014492753624,0.30434782608695654,0.5362318840579711,0.07246376811594203,1.6888888888888889,0.48046412055873505,2.130333768495006,2.4302835908554785,0.711988318641285,0.5087512105110342,0.7608207781678895,0.7574040596945399,1.6222222222222222,0.23427719573209746
206.0,3055.0,0.13106796116504854,0.043689320388349516,0.825242718446602,0.05339805825242718,0.3058252427184466,0.5339805825242718,0.0825242718446602,1.6589147286821706,0.4759221974067778,2.110589710299249,2.4393444275923293,0.707602938571324,0.5042478979744798,0.7574006339384122,0.7479440617786096,1.5904902322152599,0.233203124344848
207.0,3055.0,0.14009661835748793,0.04830917874396135,0.8115942028985508,0.057971014492753624,0.30434782608695654,0.5314009661835749,0.0821256038647343,1.6549295774647887,0.49171540301142225,2.1522883443830563,2.4322340634012036,0.7091330986095897,0.5081437386446371,0.7612045040095056,0.7555109960906113,1.604889448139493,0.22971672425226836
207.0,3055.0,0.13526570048309178,0.04830917874396135,0.8164251207729469,0.05314009661835749,0.30434782608695654,0.5314009661835749,0.0821256038647343,1.6170212765957446,0.4878462062706283,2.1492191126553797,2.429704505722308,0.7081665076592752,0.5109927396599726,0.7609381901454902,0.7638938666834072,1.5767665556788752,0.2467749813986575
207.0,3055.0,0.12560386473429952,0.04830917874396135,0.8260869565217391,0.05314009661835749,0.30434782608695654,0.5362318840579711,0.07246376811594203,1.6434108527131783,0.4968407946151347,2.110589710299249,2.4309349667975786,0.71141498351165,0.5058821898023282,0.7623087462223654,0.7554870851164202,1.6029921547162926,0.23502423648030354
207.0,3055.0,0.12560386473429952,0.04830917874396135,0.8260869565217391,0.06280193236714976,0.30917874396135264,0.5314009661835749,0.07246376811594203,1.6456692913385826,0.49645663592209255,2.103803720955957,2.432713751575781,0.7086374296791522,0.5128693736454244,0.7602375395943907,0.7583854241982131,1.5894124067673276,0.23899264074073318
206.0,3055.0,0.13592233009708737,0.043689320388349516,0.8203883495145632,0.05825242718446602,0.3106796116504854,0.5242718446601942,0.0825242718446602,1.6470588235294117,0.5096027758036192,2.1335389083702174,2.4340527767834668,0.7093159583941435,0.5096084554057024,0.7571424105694066,0.7506962097343509,1.5765716374269005,0.237686222482269
206.0,3055.0,0.13106796116504854,0.043689320388349516,0.825242718446602,0.07281553398058252,0.3058252427184466,0.5388349514563107,0.0825242718446602,1.628787878787879,0.4849695517364947,2.12057393120585,2.4436095396035755,0.7121771768338396,0.5050673812379574,0.7617278547260583,0.7564665953024357,1.5869956772334295,0.24317859948059803
207.0,3055.0,0.13043478260869565,0.04830917874396135,0.821256038647343,0.06763285024154589,0.30917874396135264,0.5265700483091788,0.07246376811594203,1.6511627906976745,0.478460467128321,2.110589710299249,2.428064414291365,0.7093996065815869,0.5161980012205282,0.7616046611878633,0.7556921848726629,1.6320685881065304,0.22319045063235746
207.0,3055.0,0.13043478260869565,0.04830917874396135,0.821256038647343,0.06280193236714976,0.30434782608695654,0.5362318840579711,0.07246376811594203,1.65625,0.49306210178888465,2.1072099696478683,2.432781910535778,0.7132525935494158,0.5105522301455483,0.7600379368401511,0.7578962211965544,1.6032293178519594,0.23163390637911835
207.0,3055.0,0.12560386473429952,0.04830917874396135,0.8260869565217391,0.0821256038647343,0.30434782608695654,0.5314009661835749,0.07246376811594203,1.6240601503759398,0.4861958664951265,2.123851640967086,2.4280573449712746,0.71322662355717,0.5116512758964269,0.7565593169720222,0.7507953272548009,1.5767050649113183,0.23125271512406192
207.0,3055.0,0.13043478260869565,0.04830917874396135,0.821256038647343,0.04830917874396135,0.30434782608695654,0.5314009661835749,0.07246376811594203,1.6296296296296295,0.4998617829966681,2.130333768495006,2.432245742340951,0.7108124241259595,0.5114480739766913,0.7572876741966794,0.751876198259704,1.6095290251916758,0.23007375887313225
207.0,3055.0,0.13043478260869565,0.04830917874396135,0.821256038647343,0.06763285024154589,0.30917874396135264,0.5265700483091788,0.07246376811594203,1.6692307692307693,0.47231019793873075,2.113943352306837,2.4304424210897646,0.7058785557045935,0.5077518610920391,0.7626966081356851,0.7562946718130428,1.591443261109071,0.22819500179873403
206.0,3055.0,0.1407766990291262,0.043689320388349516,0.8155339805825244,0.05339805825242718,0.3106796116504854,0.529126213592233,0.07281553398058252,1.673913043478261,0.48575388737373876,2.1398790864012365,2.436430566850965,0.7201612660089642,0.5054868999166378,0.764074237236649,0.7529898545505519,1.5580048570894824,0.22736200010359153
207.0,3055.0,0.13526570048309178,0.04830917874396135,0.8164251207729469,0.05314009661835749,0.30434782608695654,0.5265700483091788,0.0821256038647343,1.6390977443609023,0.4975446662553182,2.123851640967086,2.431621811584992,0.7076393904587306,0.5070678218849297,0.756544627315148,0.7519129835870728,1.5772461650840028,0.23837329353233594
207.0,3055.0,0.13043478260869565,0.04830917874396135,0.821256038647343,0.06280193236714976,0.30434782608695654,0.5314009661835749,0.07246376811594203,1.637037037037037,0.49786720352857583,2.130333768495006,2.4325227145154606,0.7097793365968152,0.507294879410305,0.7618029733846523,0.7564118558315572,1.5916308611993275,0.24116649765016043
207.0,3055.0,0.13043478260869565,0.04830917874396135,0.821256038647343,0.057971014492753624,0.30434782608695654,0.5362318840579711,0.0821256038647343,1.621212121212121,0.5173376210977697,2.12057393120585,2.429950889839485,0.7046806742802129,0.5140004606568829,0.76211139420549,0.7613162272580323,1.5937327188940091,0.24195452637718837
207.0,3055.0,0.12560386473429952,0.04830917874396135,0.8260869565217391,0.06280193236714976,0.30434782608695654,0.5265700483091788,0.07246376811594203,1.6666666666666667,0.5051814855409226,2.110589710299249,2.43519884245121,0.708844501191987,0.5035926232755585,0.7716533517576499,0.7654510753710999,1.5757742349276158,0.23985524167395827
207.0,3055.0,0.12560386473429952,0.04830917874396135,0.8260869565217391,0.06763285024154589,0.30434782608695654,0.5314009661835749,0.07246376811594203,1.6259541984732824,0.48573303624673086,2.1172712956557644,2.436825824289097,0.7127714244769259,0.5081946531078974,0.7568125841889604,0.7522091759902505,1.6072147958249405,0.23715275144303888
206.0,3055.0,0.1262135922330097,0.043689320388349516,0.8300970873786409,0.06796116504854369,0.3058252427184466,0.5339805825242718,0.0825242718446602,1.6307692307692307,0.4844634455288317,2.113943352306837,2.437049157873965,0.7062476668125184,0.5079482992211035,0.7653532395527436,0.7611301008280559,1.582253058243564,0.23891139350502402
207.0,3055.0,0.12560386473429952,0.04830917874396135,0.8260869565217391,0.06280193236714976,0.30917874396135264,0.5217391304347826,0.0821256038647343,1.6511627906976745,0.49451938142468305,2.110589710299249,2.432248292652106,0.7087285675112297,0.507195173759717,0.7591057633594306,0.7583039122811659,1.596791636625811,0.2424873850973323
207.0,3055.0,0.13526570048309178,0.04830917874396135,0.8164251207729469,0.057971014492753624,0.30434782608695654,0.5362318840579711,0.07246376811594203,1.6397058823529411,0.48186050106193606,2.1335389083702174,2.429045760189668,0.7110911513461345,0.5119861999591969,0.7669373529890356,0.7618471429717996,1.5809646066385477,0.22986815437418084
207.0,3055.0,0.14009661835748793,0.04830917874396135,0.8115942028985508,0.06763285024154589,0.30917874396135264,0.5265700483091788,0.07246376811594203,1.6492537313432836,0.49444223434722195,2.1271047983648077,2.4253525034745986,0.7090131135990052,0.5078958108402383,0.7665648590157133,0.7637451669335433,1.6133599564349246,0.2363187900344123
206.0,3055.0,0.14563106796116504,0.043689320388349516,0.8106796116504855,0.05825242718446602,0.3155339805825243,0.5242718446601942,0.0825242718446602,1.6597222222222223,0.5040145747205049,2.1583624920952498,2.434292897515427,0.718941517470051,0.509718111642039,0.7562856827347355,0.7511204429015893,1.5774311926605504,0.24164402633640022
206.0,3055.0,0.13106796116504854,0.043689320388349516,0.825242718446602,0.07281553398058252,0.3106796116504854,0.529126213592233,0.07281553398058252,1.6615384615384616,0.4910650686110934,2.113943352306837,2.43872945371134,0.7109129257243461,0.5060863809049836,0.7598803979628382,0.7551255378972398,1.6074885844748859,0.2413696487596366
207.0,3055.0,0.12560386473429952,0.04830917874396135,0.8260869565217391,0.04830917874396135,0.30434782608695654,0.5314009661835749,0.07246376811594203,1.6307692307692307,0.4844634455288317,2.113943352306837,2.427705909816625,0.7171589090893014,0.5070649336669597,0.7713323356221597,0.7644443449493866,1.6022580048121413,0.23751689778735552
206.0,3055.0,0.13106796116504854,0.043689320388349516,0.825242718446602,0.05825242718446602,0.3058252427184466,0.5388349514563107,0.0825242718446602,1.671875,0.5190751163155028,2.1072099696478683,2.4387175198085886,0.7159745230737484,0.5068483130049717,0.7601039439336239,0.7518269662206938,1.5947024673439767,0.2370573350492994
207.0,3055.0,0.12560386473429952,0.04830917874396135,0.8260869565217391,0.05314009661835749,0.30434782608695654,0.5265700483091788,0.07246376811594203,1.621212121212121,0.5173376210977698,2.12057393120585,2.4288894530236655,0.7144955382587325,0.5095189313491345,0.760200310687667,0.7533670073402062,1.578450934155632,0.22854995629800504
207.0,3055.0,0.13526570048309178,0.04830917874396135,0.8164251207729469,0.057971014492753624,0.30434782608695654,0.5314009661835749,0.0821256038647343,1.6231884057971016,0.48635240821248366,2.1398790864012365,2.427534951966157,0.7115763656735581,0.5173111865941682,0.7586105878551231,0.7574782010787722,1.594376033817313,0.2381223523629256
206.0,3055.0,0.13592233009708737,0.043689320388349516,0.8203883495145632,0.07281553398058252,0.3058252427184466,0.529126213592233,0.07281553398058252,1.6488549618320612,0.479160549970746,2.1172712956557644,2.4350959634818534,0.711032243198746,0.509537934840728,0.757015696900462,0.7491395603105216,1.6214089661482158,0.23366503624906795
206.0,3055.0,0.14563106796116504,0.043689320388349516,0.8106796116504855,0.038834951456310676,0.3106796116504854,0.5339805825242718,0.07281553398058252,1.625,0.48581270672347177,2.1583624920952498,2.4356351496878443,0.7132433641222321,0.510458194541854,0.7544870675133896,0.7510069745195512,1.6176363636363635,0.24019920765394034
207.0,3055.0,0.12560386473429952,0.04830917874396135,0.8260869565217391,0.057971014492753624,0.30917874396135264,0.5265700483091788,0.0821256038647343,1.6384615384615384,0.5134447601885296,2.113943352306837,2.4275642176799517,0.7127698788942366,0.5098868928638939,0.7580181397986436,0.7571964251976071,1.6075367647058822,0.23877922349538452
207.0,3055.0,0.13043478260869565,0.04830917874396135,0.821256038647343,0.07246376811594203,0.30917874396135264,0.5314009661835749,0.07246376811594203,1.6692307692307693,0.5040681253708744,2.113943352306837,2.4314073028277945,0.7094624801046828,0.5098559753990621,0.7609475942040794,0.7590958470674589,1.5908424908424907,0.23646273040859336
207.0,3055.0,0.12560386473429952,0.04830917874396135,0.8260869565217391,0.057971014492753624,0.30434782608695654,0.5314009661835749,0.0821256038647343,1.6666666666666667,0.4894725051862803,2.110589710299249,2.4335662805134257,0.7098149272858256,0.5141097052412552,0.7654568119502413,0.7677141884376721,1.5880422894640904,0.23902198079081546
207.0,3055.0,0.13043478260869565,0.04830917874396135,0.821256038647343,0.06763285024154589,0.30434782608695654,0.5362318840579711,0.07246376811594203,1.6564885496183206,0.4767033001840262,2.1172712956557644,2.4361651873696744,0.704466102131566,0.5100060811089077,0.7664548181079529,0.7628537701775747,1.6045620437956205,0.23840692684453058
207.0,3055.0,0.13043478260869565,0.04830917874396135,0.821256038647343,0.06763285024154589,0.30434782608695654,0.5314009661835749,0.0821256038647343,1.6343283582089552,0.48342519736294726,2.1271047983648077,2.427867664926758,0.7143829962403941,0.5139490572889308,0.7597491904151903,0.7541204835277336,1.5867467686146004,0.22504419632172762
207.0,3055.0,0.12560386473429952,0.04830917874396135,0.8260869565217391,0.04830917874396135,0.30434782608695654,0.5314009661835749,0.0821256038647343,1.62015503875969,0.4872402905909914,2.110589710299249,2.4332480900981697,0.7142519730806133,0.5137129640807783,0.7661232136770203,0.7625932884216418,1.5888418339164059,0.23524687611841325
207.0,3055.0,0.13526570048309178,0.04830917874396135,0.8164251207729469,0.05314009661835749,0.30434782608695654,0.5314009661835749,0.0821256038647343,1.633587786259542,0.4836735528182525,2.1172712956557644,2.43025862981847,0.7108613454146089,0.5185695489599004,0.7552007670923072,0.7567933598002158,1.638838802740714,0.23459632149744372
207.0,3055.0,0.12560386473429952,0.04830917874396135,0.8260869565217391,0.07246376811594203,0.30917874396135264,0.5314009661835749,0.07246376811594203,1.6124031007751938,0.4891011768952413,2.110589710299249,2.432792134787973,0.7107778472095503,0.5099221881832299,0.7616645275141309,0.7621658618765039,1.6147973095800763,0.24297585400776656
207.0,3055.0,0.13043478260869565,0.04830917874396135,0.821256038647343,0.07246376811594203,0.30917874396135264,0.5217391304347826,0.0821256038647343,1.6538461538461537,0.5090123962721692,2.113943352306837,2.4311893584183375,0.7161369005533854,0.5053220181494987,0.7650111396134064,0.7601625099080618,1.593590677348871,0.23439126635133078
207.0,3055.0,0.13526570048309178,0.04830917874396135,0.8164251207729469,0.06280193236714976,0.30434782608695654,0.5362318840579711,0.0821256038647343,1.6390977443609023,0.48207798100265986,2.123851640967086,2.433248379015679,0.7128606390238313,0.5084677192315145,0.7589428855024213,0.7569539865150188,1.6068840579710144,0.23992889614644014
207.0,3055.0,0.13526570048309178,0.04830917874396135,0.8164251207729469,0.06763285024154589,0.30434782608695654,0.5362318840579711,0.07246376811594203,1.6474820143884892,0.47948204772907144,2.143014800254095,2.427606342349035,0.704028012205313,0.5131497361920854,0.7635292730477852,0.7644148713890789,1.5908839269237867,0.24568135485857281
207.0,3055.0,0.13526570048309178,0.04830917874396135,0.8164251207729469,0.07246376811594203,0.30434782608695654,0.5362318840579711,0.0821256038647343,1.651851851851852,0.4935179610595101,2.130333768495006,2.4285786714837596,0.7103536485325043,0.5168164385717375,0.7594450176945755,0.7589179241718345,1.5966310451005252,0.22935960232321465
206.0,3055.0,0.14563106796116504,0.043689320388349516,0.8106796116504855,0.06796116504854369,0.3106796116504854,0.5339805825242718,0.0825242718446602,1.6643835616438356,0.4738310081449303,2.164352855784437,2.439794398094783,0.7136178695505127,0.5056183423051799,0.7518014378037147,0.7466927661537244,1.5880520432472054,0.24077408031615302
206.0,3055.0,0.13106796116504854,0.043689320388349516,0.825242718446602,0.06796116504854369,0.3058252427184466,0.5388349514563107,0.0825242718446602,1.6865671641791045,0.49687611272318705,2.1271047983648077,2.4418393110844487,0.7117784906437981,0.5083998006414735,0.7533258358354133,0.7535859169031475,1.576930063578565,0.2435630509867539
207.0,3055.0,0.12560386473429952,0.04830917874396135,0.8260869565217391,0.05314009661835749,0.30434782608695654,0.5362318840579711,0.07246376811594203,1.625,0.48602517675625084,2.1072099696478683,2.4340130842510477,0.7165622601580984,0.5085818391161204,0.7689205580387235,0.761826652330864,1.606815683400513,0.2342009396336291
207.0,3055.0,0.12560386473429952,0.04830917874396135,0.8260869565217391,0.04830917874396135,0.30434782608695654,0.5314009661835749,0.07246376811594203,1.6259541984732824,0.48573303624673086,2.1172712956557644,2.428479110724233,0.7160626839904487,0.5091180327749055,0.7609152837740615,0.7578940714338408,1.564548617469328,0.23888879444174277
206.0,3055.0,0.13592233009708737,0.043689320388349516,0.8203883495145632,0.06310679611650485,0.3058252427184466,0.5339805825242718,0.07281553398058252,1.6428571428571428,0.48087792272812596,2.146128035678238,2.4335310552271214,0.7176322370337861,0.5106777111462032,0.7628744042727761,0.7519631439426662,1.6014939309056957,0.22493309349203386
206.0,3055.0,0.13106796116504854,0.043689320388349516,0.825242718446602,0.05825242718446602,0.3058252427184466,0.5388349514563107,0.07281553398058252,1.6412213740458015,0.49720298114825584,2.1172712956557644,2.4414021479725383,0.7162702940455268,0.513073154281718,0.7601186490847581,0.7552460780271271,1.5828142176621474,0.23275863134956462
207.0,3055.0,0.13043478260869565,0.04830917874396135,0.821256038647343,0.06280193236714976,0.30434782608695654,0.5314009661835749,0.07246376811594203,1.6515151515151516,0.49400757921138977,2.12057393120585,2.43419775763926,0.6997338268649397,0.5096599122843538,0.7602449312825704,0.7632381215336743,1.5655842964593651,0.24107326813045307
206.0,3055.0,0.13106796116504854,0.043689320388349516,0.825242718446602,0.06796116504854369,0.3058252427184466,0.5339805825242718,0.07281553398058252,1.6893939393939394,0.4962850657917022,2.12057393120585,2.433679316374204,0.7140976276113209,0.5104869111580883,0.7576812410966624,0.7522257312767894,1.5923813029076186,0.22790627792263496
207.0,3055.0,0.13043478260869565,0.04830917874396135,0.821256038647343,0.06280193236714976,0.30434782608695654,0.5314009661835749,0.07246376811594203,1.6488549618320612,0.4949539857733072,2.1172712956557644,2.4232882063043992,0.7123526739033278,0.512661149990527,0.7602005800754139,0.7565009998871312,1.556934306569343,0.23115222339085056
207.0,3840.0,0.12560386473429952,0.05314009661835749,0.821256038647343,0.0821256038647343,0.30434782608695654,0.5314009661835749,0.0821256038647343,1.637037037037037,0.49786720352857583,2.130333768495006,2.4426394889904497,0.9047179842915372,0.43697672933799164,0.7927640591754782,0.7440687690964891,1.444883920894239,0.3091182696350625
206.0,3840.0,0.1262135922330097,0.04854368932038835,0.825242718446602,0.0825242718446602,0.30097087378640774,0.5388349514563107,0.0825242718446602,1.6323529411764706,0.48394709734466057,2.1335389083702174,2.448553802692558,0.9112359707075647,0.43688760111205327,0.7903887270251051,0.7409101696871403,1.442304385210662,0.3104699507205499
206.0,3840.0,0.1262135922330097,0.04854368932038835,0.825242718446602,0.0825242718446602,0.3058252427184466,0.5388349514563107,0.0825242718446602,1.6791044776119404,0.48435285510717996,2.1271047983648077,2.4445488802014537,0.9062853253632265,0.4331188234308911,0.7905992557097672,0.7388666744213583,1.4417484081913612,0.30726287312764394
207.0,3840.0,0.12560386473429952,0.06280193236714976,0.8115942028985508,0.0821256038647343,0.2946859903381642,0.5362318840579711,0.0821256038647343,1.5379746835443038,0.5127181958928129,2.1986570869544226,2.425128064697143,0.9041798466404283,0.4373267076633796,0.7942706237054868,0.7454732939788962,1.4435817805383022,0.3098413865184692
205.0,3840.0,0.12682926829268293,0.04878048780487805,0.824390243902439,0.08292682926829269,0.2975609756097561,0.5414634146341464,0.08292682926829269,1.6041666666666667,0.49073585391906965,2.1583624920952498,2.448403354795555,0.9103162954435091,0.4312302230711259,0.7883743607226175,0.7344833173967215,1.4442148760330578,0.3074848728524355
206.0,3840.0,0.1262135922330097,0.05339805825242718,0.8203883495145632,0.0825242718446602,0.30097087378640774,0.5388349514563107,0.0825242718446602,1.6458333333333333,0.4942855266120806,2.1583624920952498,2.4373847468158725,0.9072153686880287,0.43507647681344247,0.7895415661975647,0.7392355910494496,1.4438318401102688,0.3060695822419107
207.0,3840.0,0.12560386473429952,0.05314009661835749,0.821256038647343,0.0821256038647343,0.30434782608695654,0.5314009661835749,0.0821256038647343,1.6571428571428573,0.4912387596814412,2.146128035678238,2.441277557867827,0.9060486124949045,0.43801770256302885,0.7921399699143261,0.7441596178338283,1.4433946057378457,0.3061315948155642
206.0,3840.0,0.1262135922330097,0.04854368932038835,0.825242718446602,0.0825242718446602,0.3058252427184466,0.5339805825242718,0.0825242718446602,1.6791044776119404,0.48435285510717996,2.1271047983648077,2.4489486931413924,0.9072189858109585,0.43321691620188535,0.7913871209069634,0.7394175859686574,1.4416322314049588,0.30967880522057833
206.0,3840.0,0.1262135922330097,0.04854368932038835,0.825242718446602,0.0825242718446602,0.3058252427184466,0.5388349514563107,0.0825242718446602,1.6492537313432836,0.494442234347222,2.1271047983648077,2.4466019520286184,0.904247370033546,0.435320564480565,0.7899988769465782,0.7397670821632741,1.446797520661157,0.31109796825399433
205.0,3840.0,0.12682926829268293,0.04390243902439024,0.8292682926829268,0.08292682926829269,0.3073170731707317,0.5414634146341464,0.08292682926829269,1.6865671641791045,0.48150625895199195,2.1271047983648077,2.451610537831536,0.9131218542167446,0.43437295563129213,0.7859301262077294,0.7340850058476042,1.4432758620689654,0.3079400267929054
206.0,3840.0,0.1262135922330097,0.043689320388349516,0.8300970873786409,0.0825242718446602,0.3106796116504854,0.5388349514563107,0.0825242718446602,1.7154471544715446,0.4707915414099409,2.089905111439398,2.452796438794391,0.9066035153251588,0.43370704726811965,0.7901154040195841,0.7389529311670978,1.4422845346636848,0.309640384427284
206.0,3840.0,0.1262135922330097,0.04854368932038835,0.825242718446602,0.0825242718446602,0.3058252427184466,0.5388349514563107,0.0825242718446602,1.6417910447761195,0.4966502085911543,2.1271047983648077,2.4492821460274636,0.9079496897761321,0.43447380760061294,0.790912705185065,0.739872377409399,1.4410141428078649,0.3087763491010649
207.0,3840.0,0.12560386473429952,0.04830917874396135,0.8260869565217391,0.0821256038647343,0.30434782608695654,0.5362318840579711,0.0821256038647343,1.685483870967742,0.466206546986619,2.093421685162235,2.4474528725240545,0.9039324781685488,0.43717210062613293,0.7925575804443179,0.7445706892700752,1.4446354883081156,0.30837207726062066
206.0,3840.0,0.1262135922330097,0.043689320388349516,0.8300970873786409,0.0825242718446602,0.3058252427184466,0.5388349514563107,0.0825242718446602,1.7165354330708662,0.4862822649396652,2.103803720955957,2.455718410232254,0.9095491687566617,0.4387073909567094,0.7887877705234384,0.7405229611234019,1.4486430779800756,0.3084033153879322
207.0,3840.0,0.12560386473429952,0.057971014492753624,0.8164251207729468,0.0821256038647343,0.2995169082125604,0.5362318840579711,0.0821256038647343,1.6275862068965516,0.4992331283830189,2.161368002234975,2.431530658778741,0.904806554016082,0.4353207065033593,0.7946154757764456,0.7452393903218273,1.4411511287265208,0.3108232503887702
207.0,3840.0,0.12560386473429952,0.05314009661835749,0.821256038647343,0.0821256038647343,0.30434782608695654,0.5362318840579711,0.0821256038647343,1.6323529411764706,0.49901864478507935,2.1335389083702174,2.441575737106924,0.9058380426365173,0.4386670563974287,0.7928044508981913,0.7454351106399314,1.4426483233018057,0.3124243490240779
206.0,3840.0,0.1262135922330097,0.04854368932038835,0.825242718446602,0.0825242718446602,0.3058252427184466,0.5388349514563107,0.0825242718446602,1.6131386861313868,0.5036364115475532,2.1367205671564067,2.451210054062833,0.9101604970304008,0.4315216906701687,0.7929694336480534,0.7398101593026067,1.4450369860657148,0.3087287286946061
207.0,3840.0,0.12560386473429952,0.06280193236714976,0.8115942028985508,0.0821256038647343,0.2946859903381642,0.5314009661835749,0.0821256038647343,1.5949367088607596,0.5052334351507181,2.1986570869544226,2.426330022501169,0.9026773548962213,0.4394854953388632,0.792571048088194,0.7458120854490997,1.4415718717683557,0.3044001581482146
207.0,3840.0,0.12560386473429952,0.05314009661835749,0.821256038647343,0.0821256038647343,0.30434782608695654,0.5314009661835749,0.0821256038647343,1.651851851851852,0.47815751040217663,2.130333768495006,2.4459236592073053,0.9064627904623979,0.44009226226999837,0.7932575947375755,0.7468275377224006,1.4402830514325164,0.3074841598596206
207.0,3840.0,0.12560386473429952,0.057971014492753624,0.8164251207729468,0.0821256038647343,0.2995169082125604,0.5362318840579711,0.0821256038647343,1.6267605633802817,0.4853770184762858,2.1522883443830563,2.4323895966026634,0.9101636174796187,0.43813952971391407,0.7933607497281162,0.7455926043096897,1.4411308395104292,0.3088201078068023
207.0,3840.0,0.12560386473429952,0.057971014492753624,0.8164251207729468,0.0821256038647343,0.2995169082125604,0.5362318840579711,0.0821256038647343,1.5973154362416107,0.5056366482939605,2.173186268412274,2.433293633881993,0.9070521935220716,0.43929115291604576,0.7922432704265681,0.7449958615814635,1.4430838220075888,0.3047251046147237
207.0,3840.0,0.12560386473429952,0.057971014492753624,0.8164251207729468,0.0821256038647343,0.2995169082125604,0.5314009661835749,0.0821256038647343,1.6137931034482758,0.5025795528038837,2.161368002234975,2.431576367621921,0.9033841055945439,0.4356311798416576,0.793073676477366,0.7437052631691284,1.443524745645801,0.3041429238060644
206.0,3840.0,0.1262135922330097,0.05339805825242718,0.8203883495145632,0.0825242718446602,0.30097087378640774,0.5339805825242718,0.0825242718446602,1.5890410958904109,0.4937014716679165,2.164352855784437,2.44358419484278,0.9091843023867904,0.43655517786601594,0.7911365216332495,0.7409579591809421,1.4402624309392265,0.30885838527550497
207.0,3840.0,0.12560386473429952,0.04830917874396135,0.8260869565217391,0.0821256038647343,0.30917874396135264,0.5362318840579711,0.0821256038647343,1.7063492063492063,0.4572519711049533,2.100370545117563,2.4480234144357866,0.9059193751346304,0.43717210062613293,0.79380012944453,0.7454542025538899,1.4425722145804676,0.30935571584042265
207.0,3840.0,0.12560386473429952,0.05314009661835749,0.821256038647343,0.0821256038647343,0.30434782608695654,0.5314009661835749,0.0821256038647343,1.6616541353383458,0.5058329171549302,2.123851640967086,2.441440668112687,0.9024142253510784,0.43709884662655457,0.7938449504357741,0.7450674959443895,1.4460158675405312,0.3102188738729215
206.0,3840.0,0.1262135922330097,0.04854368932038835,0.825242718446602,0.0825242718446602,0.3058252427184466,0.5388349514563107,0.0825242718446602,1.661764705882353,0.49020915015251004,2.1335389083702174,2.4485347769920502,0.9112428481476867,0.4318661875806353,0.7903215252140904,0.7377348196983406,1.4457810620381508,0.3063919321533434
206.0,3840.0,0.1262135922330097,0.05339805825242718,0.8203883495145632,0.0825242718446602,0.30097087378640774,0.5339805825242718,0.0825242718446602,1.6232876712328768,0.4862298443145234,2.164352855784437,2.44210897529793,0.907893985242204,0.435678312361106,0.789510172413422,0.7396234735790128,1.4418044077134986,0.3097842074246745
206.0,3840.0,0.1262135922330097,0.04854368932038835,0.825242718446602,0.0825242718446602,0.3058252427184466,0.5388349514563107,0.0825242718446602,1.6642335766423357,0.48925772504006343,2.1367205671564067,2.4419635799524277,0.9107089288693032,0.43577582899368505,0.7900616244292078,0.7398675915869409,1.4424106371956484,0.3079415531783073
207.0,3840.0,0.12560386473429952,0.057971014492753624,0.8164251207729468,0.0821256038647343,0.2995169082125604,0.5362318840579711,0.0821256038647343,1.6283783783783783,0.5252845734140117,2.1702617153949575,2.4295982304867394,0.906798348743052,0.43883735256180617,0.7913175766504701,0.7442647972544999,1.444463578439814,0.3082456297459508
206.0,3840.0,0.1262135922330097,0.04854368932038835,0.825242718446602,0.0825242718446602,0.3058252427184466,0.5388349514563107,0.0825242718446602,1.6865671641791045,0.4656293412414861,2.1271047983648077,2.444533967002466,0.9070224587197817,0.43666060775814974,0.7888730573483165,0.7394175859686574,1.4448074277854195,0.30820871466504235
207.0,3840.0,0.12560386473429952,0.05314009661835749,0.821256038647343,0.0821256038647343,0.30434782608695654,0.5314009661835749,0.0821256038647343,1.6814814814814816,0.4676369916909791,2.130333768495006,2.443723697332611,0.9061442765433598,0.4387238291302874,0.7915019029689636,0.744465553066374,1.4433913493020851,0.302161620683439
206.0,3840.0,0.1262135922330097,0.04854368932038835,0.825242718446602,0.0825242718446602,0.3058252427184466,0.5388349514563107,0.0825242718446602,1.6594202898550725,0.5053924804479644,2.1398790864012365,2.4470186821207105,0.9093024549429096,0.43351106133916256,0.7897971548454292,0.7384304444210451,1.4447314049586777,0.30698119021420295
206.0,3840.0,0.1262135922330097,0.05339805825242718,0.8203883495145632,0.0825242718446602,0.30097087378640774,0.5388349514563107,0.0825242718446602,1.6164383561643836,0.48792698680201424,2.164352855784437,2.439741756222324,0.9083798477882525,0.4360357667255809,0.7898868154726061,0.7398388760020687,1.4432758620689654,0.30505935862367123
207.0,3840.0,0.12560386473429952,0.057971014492753624,0.8164251207729468,0.0821256038647343,0.2995169082125604,0.5314009661835749,0.0821256038647343,1.6232876712328768,0.5270661930412092,2.164352855784437,2.435035918745008,0.9042405786632739,0.43734297890892887,0.7929704841423866,0.7445467959819602,1.4436206896551724,0.304209839734881
206.0,3840.0,0.1262135922330097,0.043689320388349516,0.8300970873786409,0.0825242718446602,0.3106796116504854,0.5339805825242718,0.0825242718446602,1.6991869918699187,0.4779560194732493,2.089905111439398,2.4587024747805564,0.9065365220462068,0.4357920796442787,0.7911902281596185,0.7409722954280511,1.4453044375644994,0.31032741872562136
206.0,3840.0,0.1262135922330097,0.043689320388349516,0.8300970873786409,0.0825242718446602,0.3106796116504854,0.5388349514563107,0.0825242718446602,1.728,0.49799598391954925,2.0969100130080562,2.4555960484111434,0.9090813443843628,0.434441207069346,0.7903976868348731,0.7395995361039679,1.4449604403164775,0.3071401410051083
207.0,3840.0,0.12560386473429952,0.05314009661835749,0.821256038647343,0.0821256038647343,0.2995169082125604,0.5362318840579711,0.0821256038647343,1.6567164179104477,0.4765868249157888,2.1271047983648077,2.438128353045159,0.9031360788572321,0.435908784333828,0.7924588107290239,0.7432506307540787,1.4446164430684554,0.3058571688347842
206.0,3840.0,0.1262135922330097,0.043689320388349516,0.8300970873786409,0.0825242718446602,0.3106796116504854,0.5388349514563107,0.0825242718446602,1.7222222222222223,0.4671426144361294,2.100370545117563,2.4533114296816674,0.9084120298328037,0.4352961618729825,0.7900750696699945,0.7395564466964104,1.4453232462173315,0.3088875576413727
206.0,3840.0,0.1262135922330097,0.04854368932038835,0.825242718446602,0.0825242718446602,0.30097087378640774,0.5339805825242718,0.0825242718446602,1.6642335766423357,0.5040624999584076,2.1367205671564067,2.4500625030885224,0.9071745346385628,0.4353530991629458,0.7889358943722514,0.7389912642668067,1.445055889939811,0.3080112465780188
206.0,3840.0,0.1262135922330097,0.05339805825242718,0.8203883495145632,0.0825242718446602,0.30097087378640774,0.5388349514563107,0.0825242718446602,1.614864864864865,0.5284253163386484,2.1702617153949575,2.435308615792895,0.9069260709787876,0.43606012794371973,0.7901826233603664,0.740255142957829,1.4467241379310345,0.3077050688199909
206.0,3840.0,0.1262135922330097,0.04854368932038835,0.825242718446602,0.0825242718446602,0.3058252427184466,0.5388349514563107,0.0825242718446602,1.651851851851852,0.4935179610595101,2.130333768495006,2.447781552314404,0.9083240291948128,0.436903810410251,0.7890525784262542,0.7399728725309679,1.4442529726003792,0.3107033342045665
206.0,3840.0,0.1262135922330097,0.05339805825242718,0.8203883495145632,0.0825242718446602,0.30097087378640774,0.5388349514563107,0.0825242718446602,1.6283783783783783,0.49871133806341195,2.1702617153949575,2.441684560549801,0.9088228972664307,0.4335927329086214,0.791727093049359,0.740159470127888,1.4447314049586777,0.3106179254143449
207.0,3840.0,0.12560386473429952,0.06280193236714976,0.8115942028985508,0.0821256038647343,0.2946859903381642,0.5362318840579711,0.0821256038647343,1.56875,0.5093080149458189,2.2041199826559246,2.4224184733615086,0.9086478334479478,0.43802582542724167,0.7934997634974144,0.7454351106399314,1.4436971891705466,0.3054270235284075
207.0,3840.0,0.12560386473429952,0.05314009661835749,0.821256038647343,0.0821256038647343,0.30434782608695654,0.5362318840579711,0.0821256038647343,1.6791044776119404,0.48435285510718,2.1271047983648077,2.439764019104013,0.9048107328125219,0.4359740773490722,0.793844950435774,0.7445659106737913,1.4422845346636848,0.3077084389781561
207.0,3840.0,0.12560386473429952,0.05314009661835749,0.821256038647343,0.0821256038647343,0.2995169082125604,0.5362318840579711,0.0821256038647343,1.661764705882353,0.5050938781138224,2.1335389083702174,2.438588620388084,0.905771754862761,0.43496911414239664,0.7941093427904605,0.744322161583108,1.4448459817587334,0.30722383019597255
206.0,3840.0,0.1262135922330097,0.04854368932038835,0.825242718446602,0.0825242718446602,0.3058252427184466,0.5339805825242718,0.0825242718446602,1.6444444444444444,0.480464120558735,2.130333768495006,2.4514254205545063,0.9094025630736654,0.4370577687603097,0.78993164196987,0.7406520531369121,1.4438511884257665,0.30996562274042727
207.0,3840.0,0.12560386473429952,0.057971014492753624,0.8164251207729468,0.0821256038647343,0.2946859903381642,0.5362318840579711,0.0821256038647343,1.6216216216216217,0.4866294656185924,2.1702617153949575,2.433257401425512,0.9056347315969137,0.4378714652399618,0.792575537251965,0.7448764556676143,1.4425919559986249,0.30746968232065736
207.0,3840.0,0.12560386473429952,0.05314009661835749,0.821256038647343,0.0821256038647343,0.30434782608695654,0.5314009661835749,0.0821256038647343,1.6214285714285714,0.4867726212404631,2.146128035678238,2.4443457647566986,0.9083225691834574,0.43343677913559087,0.7945393524796908,0.743499516619009,1.4445783132530121,0.3045713178472811
207.0,3840.0,0.12560386473429952,0.04830917874396135,0.8260869565217391,0.0821256038647343,0.30917874396135264,0.5314009661835749,0.0821256038647343,1.7086614173228347,0.4897397465721753,2.103803720955957,2.4508015049215937,0.9036642113822057,0.4383019132406081,0.7929256137209765,0.7450674959443896,1.4486430779800756,0.306796653632838
207.0,3840.0,0.12560386473429952,0.05314009661835749,0.821256038647343,0.0821256038647343,0.30434782608695654,0.5362318840579711,0.0821256038647343,1.651851851851852,0.47815751040217663,2.130333768495006,2.4403581332083357,0.905568677858801,0.43585164492180023,0.7935939202800906,0.74459936020376,1.4406691962745775,0.3043027484882263
205.0,3840.0,0.12682926829268293,0.04390243902439024,0.8292682926829268,0.08292682926829269,0.3073170731707317,0.5414634146341464,0.08292682926829269,1.6615384615384616,0.4750168687962835,2.113943352306837,2.4559328085266916,0.9123651130969959,0.4349485504659487,0.7863783565019142,0.7351067451166352,1.4413234533861796,0.30912001011304385
206.0,3840.0,0.1262135922330097,0.04854368932038835,0.825242718446602,0.0825242718446602,0.3058252427184466,0.5388349514563107,0.0825242718446602,1.708955223880597,0.50299295000473,2.1271047983648077,2.4416030278444354,0.9061124974751004,0.43540189662820455,0.7891557845539547,0.7391254144598068,1.4448459817587334,0.30774416118463915
206.0,3840.0,0.1262135922330097,0.043689320388349516,0.8300970873786409,0.0825242718446602,0.3106796116504854,0.5339805825242718,0.0825242718446602,1.6929133858267718,0.4799439620665724,2.103803720955957,2.4608293415543976,0.9107109755458818,0.43272622998486204,0.7929381755790817,0.740374716609715,1.4452278589853826,0.30756633621405977
207.0,3840.0,0.12560386473429952,0.06280193236714976,0.8115942028985508,0.0821256038647343,0.2946859903381642,0.5362318840579711,0.0821256038647343,1.5534591194968554,0.5112382429354501,2.2013971243204513,2.4216233807626297,0.903484808378622,0.43685457791305404,0.7936746172032502,0.7449624298547883,1.4436401240951395,0.3076277168416221
207.0,3840.0,0.12560386473429952,0.05314009661835749,0.821256038647343,0.0821256038647343,0.30434782608695654,0.5314009661835749,0.0821256038647343,1.661764705882353,0.49020915015251,2.1335389083702174,2.4458712504421922,0.905242802206893,0.4372778902939832,0.7932889911546741,0.7452393903218274,1.443011861784425,0.3064186616632058
207.0,3840.0,0.12560386473429952,0.04830917874396135,0.8260869565217391,0.0821256038647343,0.30917874396135264,0.5362318840579711,0.0821256038647343,1.7235772357723578,0.4841895883952164,2.089905111439398,2.4478452937796376,0.9025619481141253,0.43578633356274493,0.7930602173690589,0.7436861263563905,1.4473684210526316,0.3052476935843604
207.0,3840.0,0.12560386473429952,0.05314009661835749,0.821256038647343,0.0821256038647343,0.30434782608695654,0.5362318840579711,0.0821256038647343,1.6691176470588236,0.4722702782160597,2.1335389083702174,2.441249627509605,0.9045958725319779,0.43857782725479705,0.7919557921048065,0.7446519207151051,1.4452466907340553,0.3040077617868803
206.0,3840.0,0.1262135922330097,0.043689320388349516,0.8300970873786409,0.0825242718446602,0.3106796116504854,0.5388349514563107,0.0825242718446602,1.7083333333333333,0.45643546458763834,2.0791812460476247,2.4553712858215424,0.9085020827017349,0.43704966704136083,0.7899450894230198,0.7405373057917469,1.4462439696760854,0.310492120122977
206.0,3840.0,0.1262135922330097,0.04854368932038835,0.825242718446602,0.0825242718446602,0.3058252427184466,0.5388349514563107,0.0825242718446602,1.6544117647058822,0.49259218307188885,2.1335389083702174,2.448774786970352,0.9079166257194278,0.4344167550653893,0.7907470402286977,0.7393792749715866,1.441090219078834,0.30452646554379104
207.0,3840.0,0.12560386473429952,0.04830917874396135,0.8260869565217391,0.0821256038647343,0.30917874396135264,0.5362318840579711,0.0821256038647343,1.712,0.4546533596261606,2.0969100130080562,2.446721127412272,0.9038148049590838,0.4385940520855059,0.7908498245073109,0.7439157356185226,1.4431662087912087,0.30451759859250854
206.0,3840.0,0.1262135922330097,0.043689320388349516,0.8300970873786409,0.0825242718446602,0.3106796116504854,0.5388349514563107,0.0825242718446602,1.704,0.4583279569577141,2.0969100130080562,2.4561528230323484,0.9092592867525219,0.43637670002024276,0.7886890058358011,0.739039177845406,1.4433523021210553,0.3043334113502032
206.0,3840.0,0.1262135922330097,0.04854368932038835,0.825242718446602,0.0825242718446602,0.3058252427184466,0.5388349514563107,0.0825242718446602,1.6567164179104477,0.49211034907658174,2.1271047983648077,2.4453758853842036,0.9077109835625259,0.4342047800167181,0.7908455478989039,0.7396330483521114,1.4413234533861796,0.3096957167727165
206.0,3840.0,0.1262135922330097,0.04854368932038835,0.825242718446602,0.0825242718446602,0.3058252427184466,0.5339805825242718,0.0825242718446602,1.6296296296296295,0.4998617829966681,2.130333768495006,2.4484195347968063,0.9073537639324978,0.43464492027317,0.7902946428896442,0.7394127972025781,1.4456858026813337,0.3091369949056042
206.0,3840.0,0.1262135922330097,0.043689320388349516,0.8300970873786409,0.0825242718446602,0.3106796116504854,0.5339805825242718,0.0825242718446602,1.6774193548387097,0.4693601785231894,2.093421685162235,2.456608334252724,0.9063245221548943,0.4320956996004013,0.7907739071739164,0.7385263412386737,1.4422646704525899,0.31152284129747554
207.0,3840.0,0.12560386473429952,0.04830917874396135,0.8260869565217391,0.0821256038647343,0.30917874396135264,0.5362318840579711,0.0821256038647343,1.6904761904761905,0.5132529312420646,2.100370545117563,2.4479026566791044,0.9065955966248189,0.4376438878334349,0.7937777179998445,0.7453253226440464,1.4448846021357216,0.30601538057755656
207.0,3840.0,0.12560386473429952,0.05314009661835749,0.821256038647343,0.0821256038647343,0.30434782608695654,0.5314009661835749,0.0821256038647343,1.651851851851852,0.4781575104021767,2.130333768495006,2.443838071824809,0.9045454056284431,0.44060130074153814,0.7927640591754782,0.7464272426433959,1.4461299775900707,0.30617797976017874
206.0,3840.0,0.1262135922330097,0.04854368932038835,0.825242718446602,0.0825242718446602,0.3058252427184466,0.5388349514563107,0.0825242718446602,1.6818181818181819,0.49913179305917843,2.12057393120585,2.4438598910646503,0.9052913365428404,0.4349625223597247,0.7903394462557403,0.7395660223372708,1.4447504302925989,0.3113021710870925
207.0,3840.0,0.12560386473429952,0.04830917874396135,0.8260869565217391,0.0821256038647343,0.30917874396135264,0.5314009661835749,0.0821256038647343,1.6967213114754098,0.4615701599972844,2.0863598306747484,2.4520327537012423,0.9024349647335347,0.43797708598222584,0.7932082549999071,0.7452966796375236,1.4402830514325164,0.3052629847625298
206.0,3840.0,0.1262135922330097,0.04854368932038835,0.825242718446602,0.0825242718446602,0.3058252427184466,0.5388349514563107,0.0825242718446602,1.6058394160583942,0.5052323902332796,2.1367205671564067,2.4463245181548436,0.9109449526141618,0.43384581706779535,0.79166895027044,0.740092491788109,1.443448275862069,0.31184091767844446
207.0,3840.0,0.12560386473429952,0.057971014492753624,0.8164251207729468,0.0821256038647343,0.2995169082125604,0.5362318840579711,0.0821256038647343,1.6,0.505008472252674,2.1760912590556813,2.4345505974603414,0.905838879507726,0.4368382884756644,0.7946692054779118,0.7454398836642625,1.4406077348066297,0.3072718886768038
207.0,3840.0,0.12560386473429952,0.05314009661835749,0.821256038647343,0.0821256038647343,0.30434782608695654,0.5362318840579711,0.0821256038647343,1.6567164179104477,0.49211034907658174,2.1271047983648077,2.43926894115362,0.90507835210475,0.4349854735770679,0.7955194421465444,0.7453014535483878,1.4442721791559001,0.3058451884252738
206.0,3840.0,0.1262135922330097,0.04854368932038835,0.825242718446602,0.0825242718446602,0.30097087378640774,0.5388349514563107,0.0825242718446602,1.6666666666666667,0.53252426193765,2.130333768495006,2.447953508229481,0.9055332407754996,0.43554012642307666,0.7898106045883805,0.7397718686359602,1.4477124183006536,0.3094070036368595
206.0,3840.0,0.1262135922330097,0.04854368932038835,0.825242718446602,0.0825242718446602,0.3058252427184466,0.5388349514563107,0.0825242718446602,1.651851851851852,0.47815751040217674,2.130333768495006,2.4446294743384187,0.9069435648791693,0.43751931875286604,0.7888281706951903,0.7397527225593943,1.4456896551724139,0.30803785920773097
206.0,3840.0,0.1262135922330097,0.043689320388349516,0.8300970873786409,0.0825242718446602,0.3106796116504854,0.5388349514563107,0.0825242718446602,1.72,0.4683533267840395,2.0969100130080562,2.45490903368063,0.9081609029230594,0.4399646933937973,0.7881365934118383,0.7409866313977889,1.4424367578729995,0.3083440090415875
207.0,3840.0,0.12560386473429952,0.05314009661835749,0.821256038647343,0.0821256038647343,0.30434782608695654,0.5314009661835749,0.0821256038647343,1.6474820143884892,0.508810909219565,2.143014800254095,2.44308725048556,0.9066084520922736,0.4381557707747034,0.7934728595073169,0.7454446566580321,1.4443487250172296,0.3062470699931662
206.0,3840.0,0.1262135922330097,0.05339805825242718,0.8203883495145632,0.0825242718446602,0.30097087378640774,0.5388349514563107,0.0825242718446602,1.6164383561643836,0.48792698680201424,2.164352855784437,2.4387624625373947,0.9069583479944707,0.43485668077131584,0.7898419864312702,0.7391589482038443,1.4405727100224255,0.3068992794433221
207.0,3840.0,0.12560386473429952,0.05314009661835749,0.821256038647343,0.0821256038647343,0.2995169082125604,0.5362318840579711,0.0821256038647343,1.6546762589928057,0.47719333753605775,2.143014800254095,2.4398796270789105,0.9061987516982118,0.43857782725479705,0.7931185385221743,0.7452632614052304,1.4449604403164775,0.30552947742641934
206.0,3840.0,0.1262135922330097,0.04854368932038835,0.825242718446602,0.0825242718446602,0.3058252427184466,0.5388349514563107,0.0825242718446602,1.6592592592592592,0.47572353320413246,2.130333768495006,2.4441267219720095,0.907426557473703,0.43521480996582573,0.7907783849093736,0.7404368872773718,1.4436789528074405,0.3070392624109853
207.0,3840.0,0.12560386473429952,0.04830917874396135,0.8260869565217391,0.0821256038647343,0.30917874396135264,0.5314009661835749,0.0821256038647343,1.712,0.4888432692954706,2.0969100130080562,2.450249109669857,0.9028852456841745,0.4365042210458337,0.7930916215998095,0.7446280300335082,1.4449225473321858,0.3097388718520639
206.0,3840.0,0.1262135922330097,0.05825242718446602,0.8155339805825244,0.0825242718446602,0.2961165048543689,0.5388349514563107,0.0825242718446602,1.5741935483870968,0.508989157345978,2.1903316981702914,2.428769760519111,0.9094482314098515,0.43743028562439085,0.7900436970855566,0.7406663953051004,1.442314335060449,0.308250552310415
207.0,3840.0,0.12560386473429952,0.057971014492753624,0.8164251207729468,0.0821256038647343,0.2995169082125604,0.5362318840579711,0.0821256038647343,1.6275862068965516,0.4992331283830189,2.161368002234975,2.4328977035967316,0.9037114735474108,0.4376357578801596,0.7927326419682896,0.7444703323068319,1.4456671251719395,0.3056801340394365
206.0,3840.0,0.1262135922330097,0.05339805825242718,0.8203883495145632,0.0825242718446602,0.30097087378640774,0.5388349514563107,0.0825242718446602,1.5918367346938775,0.49317398137127383,2.167317334748176,2.438264507673675,0.9074735921359707,0.4346775055260788,0.7901871044464384,0.7393313834335379,1.443755383290267,0.308406303911703
206.0,3840.0,0.1262135922330097,0.04854368932038835,0.825242718446602,0.0825242718446602,0.3058252427184466,0.5388349514563107,0.0825242718446602,1.6444444444444444,0.48046412055873494,2.130333768495006,2.447150804694485,0.9078768469170403,0.4366200608124147,0.7884734763027967,0.7393505404210191,1.4456278989864284,0.3079727397090977
206.0,3840.0,0.1262135922330097,0.04854368932038835,0.825242718446602,0.0825242718446602,0.3058252427184466,0.5388349514563107,0.0825242718446602,1.6666666666666667,0.48867777742522095,2.130333768495006,2.442360381416818,0.910256440044209,0.43378868193832687,0.7900929963017965,0.7385551078558986,1.4403796376186369,0.3053853067594498
207.0,3840.0,0.12560386473429952,0.057971014492753624,0.8164251207729468,0.0821256038647343,0.2995169082125604,0.5362318840579711,0.0821256038647343,1.6122448979591837,0.5027183583612,2.167317334748176,2.434590771244234,0.9052797467132487,0.4392749538330907,0.7927550829576158,0.7454160182369822,1.44360124180752,0.3053954083378098
207.0,3840.0,0.12560386473429952,0.057971014492753624,0.8164251207729468,0.0821256038647343,0.2995169082125604,0.5362318840579711,0.0821256038647343,1.6344827586206896,0.497407069816512,2.161368002234975,2.427846094530215,0.9035307301239845,0.4375463184241133,0.7927461066381162,0.7444416564038517,1.4408620689655172,0.3086632622411313
207.0,3840.0,0.12560386473429952,0.057971014492753624,0.8164251207729468,0.0821256038647343,0.2995169082125604,0.5362318840579711,0.0821256038647343,1.604026845637584,0.5042895986181375,2.173186268412274,2.4319437667417345,0.9035504361687562,0.4382450858503958,0.7926518491461566,0.7452202929045607,1.4452090142783416,0.3064063665232443
206.0,3840.0,0.1262135922330097,0.04854368932038835,0.825242718446602,0.0825242718446602,0.30097087378640774,0.5388349514563107,0.0825242718446602,1.6444444444444444,0.48046412055873494,2.130333768495006,2.4468210750324313,0.905423987697988,0.43471823365745105,0.7902498369834128,0.7397910142170182,1.4446929296404611,0.30728987361484766
207.0,3840.0,0.12560386473429952,0.05314009661835749,0.821256038647343,0.0821256038647343,0.30434782608695654,0.5362318840579711,0.0821256038647343,1.7226277372262773,0.49601243768945585,2.1367205671564067,2.435640467309471,0.9043476969137736,0.43886167519085345,0.7905573388773196,0.7438200737062692,1.4455139223100721,0.3016393449737898
206.0,3840.0,0.1262135922330097,0.04854368932038835,0.825242718446602,0.0825242718446602,0.3058252427184466,0.5339805825242718,0.0825242718446602,1.6592592592592592,0.49116010951476063,2.130333768495006,2.448491355903681,0.9085388945889183,0.43657951010091706,0.7894698071422919,0.7404034114127054,1.4412068965517242,0.31135584283061235
207.0,3840.0,0.12560386473429952,0.057971014492753624,0.8164251207729468,0.0821256038647343,0.2995169082125604,0.5362318840579711,0.0821256038647343,1.614864864864865,0.5020183568295676,2.1702617153949575,2.4309236737344793,0.9071905944028448,0.43946930341947793,0.7913670342671715,0.744465553066374,1.4410548086866597,0.30450989767462766
206.0,3840.0,0.1262135922330097,0.04854368932038835,0.825242718446602,0.0825242718446602,0.3058252427184466,0.5339805825242718,0.0825242718446602,1.671641791044776,0.4870676321008993,2.1271047983648077,2.445355174425911,0.9055181228813145,0.4343433907941486,0.7899406069640721,0.739412797202578,1.4424002751031637,0.3103400542554927
206.0,3840.0,0.1262135922330097,0.04854368932038835,0.825242718446602,0.0825242718446602,0.3058252427184466,0.5388349514563107,0.0825242718446602,1.6402877697841727,0.48165166083547334,2.143014800254095,2.449759480058844,0.9111312188044547,0.43451455482509943,0.7905007173480402,0.739206850913581,1.4454373603711979,0.3070031110028765
206.0,3840.0,0.1262135922330097,0.05339805825242718,0.8203883495145632,0.0825242718446602,0.2961165048543689,0.5388349514563107,0.0825242718446602,1.5931034482758621,0.49295807411508064,2.161368002234975,2.4401877118467556,0.9075307605632463,0.4361088462975144,0.7906440418143919,0.7407094201434427,1.4415763207709515,0.3126964694954727
206.0,3840.0,0.1262135922330097,0.043689320388349516,0.8300970873786409,0.0825242718446602,0.3106796116504854,0.5388349514563107,0.0825242718446602,1.7154471544715446,0.45304661221578213,2.089905111439398,2.4549155638524556,0.9068096022980281,0.4350439214439089,0.7896491925534573,0.7393553295903323,1.44553264604811,0.3076118170800172
207.0,3840.0,0.12560386473429952,0.04830917874396135,0.8260869565217391,0.0821256038647343,0.30917874396135264,0.5362318840579711,0.0821256038647343,1.752,0.45180641015601414,2.0969100130080562,2.4474571514312693,0.90512787767814,0.43783083509305176,0.7909173058307551,0.7434612319090491,1.442935716741148,0.30091739412066026
206.0,3840.0,0.1262135922330097,0.05339805825242718,0.8203883495145632,0.0825242718446602,0.30097087378640774,0.5339805825242718,0.0825242718446602,1.5918367346938775,0.5068719819033006,2.167317334748176,2.4422577752543284,0.9105165296450559,0.43319239509153834,0.7920982117192259,0.7397527225593945,1.4432562952742325,0.31105377257940964
207.0,3840.0,0.12560386473429952,0.057971014492753624,0.8164251207729468,0.0821256038647343,0.2946859903381642,0.5362318840579711,0.0821256038647343,1.6241610738255035,0.48597227797581344,2.173186268412274,2.436585024512987,0.9039667642151988,0.437692664381868,0.7938225402564887,0.7457357515098608,1.4449793672627236,0.30278061436271414
207.0,3840.0,0.12560386473429952,0.05314009661835749,0.821256038647343,0.0821256038647343,0.2995169082125604,0.5362318840579711,0.0821256038647343,1.6691176470588236,0.5026617603477553,2.1335389083702174,2.440534743660392,0.9046148457684009,0.43880492029256635,0.792687758083724,0.7453444173702124,1.447617409255118,0.30358582800513123
206.0,3840.0,0.1262135922330097,0.04854368932038835,0.825242718446602,0.0825242718446602,0.3058252427184466,0.5388349514563107,0.0825242718446602,1.6541353383458646,0.49305960027521917,2.123851640967086,2.448502817766782,0.9082004061946436,0.43704966704136083,0.7891154011549792,0.7397670821632741,1.4443105525908073,0.30746586957632654
207.0,3287.0,0.13043478260869565,0.05314009661835749,0.8164251207729468,0.0821256038647343,0.2995169082125604,0.5362318840579711,0.0821256038647343,1.5724137931034483,0.4964432885006282,2.161368002234975,2.463276677227105,0.7563319671833385,0.5219961214948768,0.7955305153693638,0.8191862563200777,1.5320952037504507,0.29729245819937206
207.0,3287.0,0.13043478260869565,0.05314009661835749,0.8164251207729468,0.0821256038647343,0.2995169082125604,0.5362318840579711,0.0821256038647343,1.5944055944055944,0.4927325680635023,2.155336037465062,2.463414023442439,0.757963390621421,0.5209703034677902,0.7926337475241905,0.8172783968910458,1.526108020814642,0.297683396113927
207.0,3287.0,0.13043478260869565,0.057971014492753624,0.8115942028985507,0.0821256038647343,0.2946859903381642,0.5362318840579711,0.0821256038647343,1.5705128205128205,0.4965971884500651,2.1931245983544616,2.4570860080910575,0.7597089977219343,0.521007641328773,0.7970634252798696,0.8219302906233488,1.529064568055804,0.3066709544289734
207.0,3287.0,0.12560386473429952,0.05314009661835749,0.821256038647343,0.0821256038647343,0.2995169082125604,0.5362318840579711,0.0821256038647343,1.5763888888888888,0.4958550023668043,2.1583624920952498,2.46256368194232,0.7589553492054372,0.5241809162685411,0.795830000642447,0.8209889888695817,1.5230573710965867,0.2967746717520423
207.0,3287.0,0.12560386473429952,0.05314009661835749,0.821256038647343,0.0821256038647343,0.2995169082125604,0.5362318840579711,0.0821256038647343,1.5845070422535212,0.4945512723095177,2.1522883443830563,2.465099807934722,0.7643657505753889,0.5215300907043334,0.7966728439431582,0.822019037034952,1.5278676734987415,0.31120145243453234
207.0,3287.0,0.12560386473429952,0.05314009661835749,0.821256038647343,0.0821256038647343,0.2995169082125604,0.5362318840579711,0.0821256038647343,1.5944055944055944,0.4927325680635023,2.155336037465062,2.4637962634089776,0.7635391361482861,0.5249040721115629,0.7902249966968583,0.8170105839055796,1.530674846625767,0.2937227382369528
207.0,3287.0,0.12560386473429952,0.05314009661835749,0.821256038647343,0.0821256038647343,0.2995169082125604,0.5362318840579711,0.0821256038647343,1.5694444444444444,0.4968822766933802,2.1583624920952498,2.4608734862925723,0.7678785924907883,0.5208395998755727,0.7904895803246154,0.8147873230085142,1.5297822566132806,0.2996859746441265
207.0,3287.0,0.12560386473429952,0.04830917874396135,0.8260869565217391,0.0821256038647343,0.30434782608695654,0.5362318840579711,0.0821256038647343,1.5909090909090908,0.4935391034500526,2.12057393120585,2.4692756420396336,0.7639730895654018,0.5199892257244481,0.8003756710940606,0.822923703757207,1.5170030914711765,0.30614890394711275
207.0,3287.0,0.14009661835748793,0.057971014492753624,0.8019323671497585,0.0821256038647343,0.2946859903381642,0.5362318840579711,0.0821256038647343,1.544871794871795,0.49958626389273963,2.1931245983544616,2.4554320616193803,0.7675404868880026,0.5224524283553537,0.7958544434444071,0.8210778370220361,1.5200218420094649,0.29938724946159484
207.0,3287.0,0.13043478260869565,0.05314009661835749,0.8164251207729468,0.0821256038647343,0.2995169082125604,0.5362318840579711,0.0821256038647343,1.5486111111111112,0.49936828780839415,2.1583624920952498,2.4604855276132325,0.7644646214248288,0.5247465461551782,0.7936822136071063,0.8204971885213029,1.5257432922407541,0.29821166222567214
207.0,3287.0,0.12560386473429952,0.057971014492753624,0.8164251207729468,0.0821256038647343,0.2946859903381642,0.5362318840579711,0.0821256038647343,1.5870967741935484,0.4939516877132027,2.1903316981702914,2.4555557200770703,0.7647217528830381,0.5220520172331193,0.7916760409636604,0.8159682533677716,1.5295703756965666,0.297220390725514
207.0,3287.0,0.12560386473429952,0.04830917874396135,0.8260869565217391,0.0821256038647343,0.30434782608695654,0.5362318840579711,0.0821256038647343,1.5877862595419847,0.4941228281998405,2.1172712956557644,2.471447884301993,0.7591623122746323,0.5234010156653108,0.7946681015425155,0.8193346570336908,1.5351583467525496,0.29789631096748237
207.0,3287.0,0.12560386473429952,0.05314009661835749,0.821256038647343,0.0821256038647343,0.2995169082125604,0.5362318840579711,0.0821256038647343,1.5874125874125875,0.4940301543039331,2.155336037465062,2.4648722561495995,0.7568409434164932,0.5167055132763174,0.7955794186246559,0.8159563333231914,1.5290077715525032,0.2973212684954983
207.0,3287.0,0.12560386473429952,0.057971014492753624,0.8164251207729468,0.0821256038647343,0.2946859903381642,0.5362318840579711,0.0821256038647343,1.5855263157894737,0.4942594828518577,2.1818435879447726,2.4572370142040385,0.7596109766834824,0.5218656748234354,0.7921857340987851,0.816778408287186,1.535173642030276,0.29797481453385005
207.0,3287.0,0.12560386473429952,0.057971014492753624,0.8164251207729468,0.0821256038647343,0.2946859903381642,0.5362318840579711,0.0821256038647343,1.5935483870967742,0.505768981110818,2.1903316981702914,2.4551981472264712,0.7603256024900442,0.518659482982755,0.7911229905733824,0.8154137869580028,1.525335720680394,0.30193047297923925
207.0,3287.0,0.12560386473429952,0.04830917874396135,0.8260869565217391,0.0821256038647343,0.30434782608695654,0.5362318840579711,0.0821256038647343,1.586466165413534,0.4943287390549321,2.123851640967086,2.4700925196746844,0.7646902764899485,0.5204472921518782,0.7938353820969991,0.8183903698220255,1.5305072720822988,0.3036596181460767
207.0,3287.0,0.13043478260869565,0.057971014492753624,0.8115942028985507,0.0821256038647343,0.2946859903381642,0.5362318840579711,0.0821256038647343,1.5870967741935484,0.49395168771320275,2.1903316981702914,2.4550386678328695,0.7610614814454535,0.5195681967349901,0.7896093431015756,0.8133775097112256,1.5342587649047874,0.2959260255734176
207.0,3287.0,0.13043478260869565,0.05314009661835749,0.8164251207729468,0.0821256038647343,0.2995169082125604,0.5362318840579711,0.0821256038647343,1.5890410958904109,0.4937014716679165,2.164352855784437,2.460379991052762,0.7664187422255087,0.5202229834814327,0.7932654456902984,0.8178613306069805,1.5332616101846872,0.3110096020723409
207.0,3287.0,0.12560386473429952,0.05314009661835749,0.821256038647343,0.0821256038647343,0.2995169082125604,0.5362318840579711,0.0821256038647343,1.5694444444444444,0.4968822766933802,2.1583624920952498,2.4630287381850007,0.7624510654196726,0.5201481924288722,0.7906925728308685,0.8148708793619731,1.5305180979418027,0.3046205326397139
207.0,3287.0,0.13043478260869565,0.04830917874396135,0.821256038647343,0.0821256038647343,0.30434782608695654,0.5362318840579711,0.0821256038647343,1.5820895522388059,0.495065993363269,2.1271047983648077,2.4714734251664567,0.76805544001097,0.5241066900210563,0.7959766461953873,0.8211666755613458,1.5351583467525496,0.2991754105244985
207.0,3287.0,0.13043478260869565,0.04830917874396135,0.821256038647343,0.0821256038647343,0.30434782608695654,0.5362318840579711,0.0821256038647343,1.5833333333333333,0.4948847759588356,2.12057393120585,2.4696571726872167,0.7646320706317619,0.5196898623682317,0.7969902058594751,0.8193405925031596,1.5253107548189515,0.30047544163139955
207.0,3287.0,0.12560386473429952,0.05314009661835749,0.821256038647343,0.0821256038647343,0.2995169082125604,0.5362318840579711,0.0821256038647343,1.5833333333333333,0.4947274449181538,2.1583624920952498,2.4616868576761246,0.7574262831546583,0.5184156395289539,0.7965080099972897,0.8185686205962246,1.5168968023255813,0.31196718617690444
207.0,3287.0,0.12560386473429952,0.04830917874396135,0.8260869565217391,0.0821256038647343,0.30434782608695654,0.5362318840579711,0.0821256038647343,1.5909090909090908,0.4935391034500526,2.12057393120585,2.4720601090969803,0.755930075127583,0.5175988665045822,0.7975574805484488,0.8185626795291204,1.5211191335740073,0.3013855149556572
207.0,3287.0,0.12560386473429952,0.057971014492753624,0.8164251207729468,0.0821256038647343,0.2946859903381642,0.5362318840579711,0.0821256038647343,1.576158940397351,0.522010039401737,2.1789769472931693,2.4589054161585753,0.7602234018997392,0.5180496591434333,0.7995184835915979,0.8207638638380857,1.5314173509460907,0.3059902955696001
207.0,3287.0,0.13043478260869565,0.05314009661835749,0.8164251207729468,0.0821256038647343,0.2995169082125604,0.5362318840579711,0.0821256038647343,1.5931034482758621,0.5068496342349852,2.161368002234975,2.463521642827081,0.7641580302985778,0.5202790697152806,0.7928791269738038,0.8167605458905394,1.5307664627563873,0.2979906922283696
207.0,3287.0,0.12560386473429952,0.057971014492753624,0.8164251207729468,0.0821256038647343,0.2946859903381642,0.5362318840579711,0.0821256038647343,1.5935483870967742,0.518448912855344,2.1903316981702914,2.458891326734934,0.7573898398493939,0.5200266340267207,0.7990195544777265,0.821385769543297,1.5403225806451613,0.29633400436449686
207.0,3287.0,0.13043478260869565,0.04830917874396135,0.821256038647343,0.0821256038647343,0.30434782608695654,0.5362318840579711,0.0821256038647343,1.5820895522388059,0.495065993363269,2.1271047983648077,2.4726514938450768,0.7665172236308965,0.5218190788236448,0.7947598921767963,0.8179921361812077,1.5313799963827093,0.29758517859529954
207.0,3287.0,0.12560386473429952,0.057971014492753624,0.8164251207729468,0.0821256038647343,0.2946859903381642,0.5362318840579711,0.0821256038647343,1.5844155844155845,0.49443040049334464,2.187520720836463,2.456685653551217,0.7553822973585098,0.5192217615842846,0.7927257737187113,0.8162661979095274,1.5318771088616587,0.30046550686115553
207.0,3287.0,0.13526570048309178,0.04830917874396135,0.8164251207729469,0.0821256038647343,0.30434782608695654,0.5362318840579711,0.0821256038647343,1.5820895522388059,0.49506599336326906,2.1271047983648077,2.469492824549668,0.7588015054067079,0.5203444960141168,0.7949862637609753,0.8179207902794411,1.542185831256675,0.2955115925068738
207.0,3287.0,0.12560386473429952,0.04830917874396135,0.8260869565217391,0.0821256038647343,0.30434782608695654,0.5362318840579711,0.0821256038647343,1.586466165413534,0.4943287390549321,2.123851640967086,2.4723227299093016,0.7666250791005425,0.5247465461551782,0.7930017882255946,0.8173081484723862,1.5151349380014587,0.29684704009016744
207.0,3287.0,0.12560386473429952,0.04830917874396135,0.8260869565217391,0.0821256038647343,0.30434782608695654,0.5362318840579711,0.0821256038647343,1.5877862595419847,0.4941228281998405,2.1172712956557644,2.4737199274836175,0.7610130948502041,0.5194277779006068,0.8014807563113039,0.8223384448152378,1.5291447248955874,0.2997110480980206
207.0,3287.0,0.13043478260869565,0.05314009661835749,0.8164251207729468,0.0821256038647343,0.2995169082125604,0.5362318840579711,0.0821256038647343,1.5633802816901408,0.4977223118871351,2.1522883443830563,2.463680941215769,0.7633224675868044,0.5241994711881655,0.7898926033526809,0.816891527729041,1.5241180705543556,0.2966653307908177
207.0,3287.0,0.13043478260869565,0.05314009661835749,0.8164251207729468,0.0821256038647343,0.2995169082125604,0.5362318840579711,0.0821256038647343,1.5673758865248226,0.49720597253922116,2.1492191126553797,2.465165435806399,0.767372638816193,0.5214368345647874,0.7913934190514357,0.8146977888344201,1.5296787075694318,0.2996195957988523
207.0,3287.0,0.12560386473429952,0.05314009661835749,0.821256038647343,0.0821256038647343,0.2995169082125604,0.5362318840579711,0.0821256038647343,1.5704225352112675,0.49676809841417724,2.1522883443830563,2.4650628831792627,0.7635449300716987,0.5190812490342918,0.7973928294712415,0.8197796979890097,1.536994116598324,0.29761990932406773
207.0,3287.0,0.13043478260869565,0.05314009661835749,0.8164251207729468,0.0821256038647343,0.2995169082125604,0.5362318840579711,0.0821256038647343,1.5602836879432624,0.49812210674895413,2.1492191126553797,2.462810280002242,0.7664250376071018,0.5202510273541614,0.7915285986431543,0.8157298193811188,1.519262369910535,0.30232887489813415
207.0,3287.0,0.12560386473429952,0.057971014492753624,0.8164251207729468,0.0821256038647343,0.2946859903381642,0.5362318840579711,0.0821256038647343,1.5816993464052287,0.494900030906925,2.184691430817599,2.4523984196772655,0.7583252558385055,0.5200172822034365,0.7988186779924922,0.8213265607169353,1.527692028327583,0.3059900965823778
207.0,3287.0,0.12560386473429952,0.05314009661835749,0.821256038647343,0.0821256038647343,0.2995169082125604,0.5362318840579711,0.0821256038647343,1.5774647887323943,0.495711304423183,2.1522883443830563,2.4658554658521155,0.7593733068896987,0.519792787968772,0.7949006172295126,0.8186399100384465,1.5242124212421242,0.2985367810568627
207.0,3287.0,0.13043478260869565,0.05314009661835749,0.8164251207729468,0.0821256038647343,0.2995169082125604,0.5362318840579711,0.0821256038647343,1.582191780821918,0.49489600879193407,2.164352855784437,2.461672471160346,0.7665652849094264,0.5176270525461028,0.7983558611197917,0.8203193568141544,1.524793388429752,0.3084105692586694
207.0,3287.0,0.12560386473429952,0.057971014492753624,0.8164251207729468,0.0821256038647343,0.2946859903381642,0.5362318840579711,0.0821256038647343,1.577922077922078,0.5085217269986023,2.187520720836463,2.456130406943151,0.7582154490227789,0.5212409423633023,0.7925294382524412,0.8172724464448101,1.533487297921478,0.2988536931413062
207.0,3287.0,0.12560386473429952,0.05314009661835749,0.821256038647343,0.0821256038647343,0.2995169082125604,0.5362318840579711,0.0821256038647343,1.5804195804195804,0.49522490853797196,2.155336037465062,2.460125104074042,0.7560580685812051,0.5193622361188526,0.7964835872522376,0.8181110321909522,1.5257246376811595,0.30406730478919
207.0,3287.0,0.12560386473429952,0.05314009661835749,0.821256038647343,0.0821256038647343,0.2995169082125604,0.5362318840579711,0.0821256038647343,1.5694444444444444,0.4968822766933802,2.1583624920952498,2.4653592047965476,0.7668984504879829,0.5192217615842845,0.7962026718394121,0.8192218749430333,1.521856449001619,0.3019778876577434
207.0,3287.0,0.12560386473429952,0.05314009661835749,0.821256038647343,0.0821256038647343,0.2995169082125604,0.5362318840579711,0.0821256038647343,1.5625,0.4978098887272985,2.1583624920952498,2.464668820753819,0.7594802892975872,0.5217165529751954,0.796043849712121,0.8192931075434047,1.527687882056814,0.29501079084737164
207.0,3287.0,0.12560386473429952,0.05314009661835749,0.821256038647343,0.0821256038647343,0.2995169082125604,0.5362318840579711,0.0821256038647343,1.5602836879432624,0.49812210674895413,2.1492191126553797,2.4688379536239897,0.767084050727428,0.5208395998755727,0.7974660119247103,0.8192931075434047,1.5385027693407183,0.2924584869879447
207.0,3287.0,0.13526570048309178,0.057971014492753624,0.8067632850241546,0.0821256038647343,0.2946859903381642,0.5362318840579711,0.0821256038647343,1.564102564102564,0.49747085736640584,2.1931245983544616,2.4547101306488224,0.7641744148078986,0.5231779733834171,0.7933083583793978,0.8197025748679151,1.5284509064799856,0.3027717509990978
207.0,3287.0,0.12560386473429952,0.05314009661835749,0.821256038647343,0.0821256038647343,0.2995169082125604,0.5362318840579711,0.0821256038647343,1.6180555555555556,0.5154470905783669,2.1583624920952498,2.4673592425200845,0.7552159380312571,0.5203164571791361,0.8017355596627007,0.8231718697184711,1.5342614355451094,0.3067177461787415
207.0,3287.0,0.13043478260869565,0.057971014492753624,0.8115942028985507,0.0821256038647343,0.2946859903381642,0.5362318840579711,0.0821256038647343,1.564102564102564,0.49747085736640584,2.1931245983544616,2.4584276131595524,0.7680630208180974,0.5214554871269172,0.7929220605703494,0.817879168962603,1.5347172512526843,0.3021688518467057
207.0,3287.0,0.13043478260869565,0.05314009661835749,0.8164251207729468,0.0821256038647343,0.2995169082125604,0.5314009661835749,0.0821256038647343,1.5753424657534247,0.4959924420775139,2.164352855784437,2.4704265505230962,0.7631860299028307,0.5201201430114831,0.7953165282715485,0.817546122145937,1.5280014313830739,0.29749915649380415
207.0,3287.0,0.13043478260869565,0.05314009661835749,0.8164251207729468,0.0821256038647343,0.2995169082125604,0.5362318840579711,0.0821256038647343,1.5833333333333333,0.4947274449181538,2.1583624920952498,2.4661475238679933,0.7687962622880697,0.5212316123268723,0.7871048431478709,0.8124981268827027,1.5345167652859961,0.29739322332826224
207.0,3287.0,0.12560386473429952,0.057971014492753624,0.8164251207729468,0.0821256038647343,0.2946859903381642,0.5362318840579711,0.0821256038647343,1.6064516129032258,0.4901202369515664,2.1903316981702914,2.453562673644235,0.7593771703363761,0.5198582754681667,0.7958422221372664,0.8194355541676406,1.5263631455821487,0.3052863723044245
207.0,3287.0,0.12560386473429952,0.05314009661835749,0.821256038647343,0.0821256038647343,0.2995169082125604,0.5362318840579711,0.0821256038647343,1.5694444444444444,0.4968822766933802,2.1583624920952498,2.4654235323788294,0.7557003273875552,0.5226757802503436,0.7944967306513202,0.8191625097110182,1.5254482883535592,0.29642892853013564
207.0,3287.0,0.12560386473429952,0.05314009661835749,0.821256038647343,0.0821256038647343,0.2995169082125604,0.5362318840579711,0.0821256038647343,1.55,0.4992800572219647,2.146128035678238,2.466161069642437,0.7657294871955157,0.5242736842997673,0.7911352847823163,0.8174033462556658,1.530937052932761,0.30363904584365203
207.0,3287.0,0.12560386473429952,0.05314009661835749,0.821256038647343,0.0821256038647343,0.2995169082125604,0.5362318840579711,0.0821256038647343,1.5734265734265733,0.4963175733893347,2.155336037465062,2.4607783431495895,0.7554873840105285,0.5202323316069806,0.7972708437876695,0.8210600681606968,1.52,0.3049794046218511
207.0,3287.0,0.13043478260869565,0.057971014492753624,0.8115942028985507,0.0821256038647343,0.2946859903381642,0.5362318840579711,0.0821256038647343,1.6103896103896105,0.4892529761407613,2.187520720836463,2.4550785043745633,0.758724186999464,0.5206901841670794,0.7897756168684485,0.8144410696511176,1.5378330373001776,0.2973091812396495
207.0,3287.0,0.12560386473429952,0.05314009661835749,0.821256038647343,0.0821256038647343,0.2995169082125604,0.5362318840579711,0.0821256038647343,1.5763888888888888,0.49585500236680435,2.1583624920952498,2.46272355841991,0.76416095108835,0.5198582754681667,0.7917436095175839,0.815878848788449,1.5272532953330957,0.30330606757350803
207.0,3287.0,0.13043478260869565,0.057971014492753624,0.8115942028985507,0.0821256038647343,0.2946859903381642,0.5362318840579711,0.0821256038647343,1.5732484076433122,0.4961883127848165,2.1958996524092336,2.4551372437081196,0.7606731066973205,0.5190906177209456,0.7926030697516128,0.8158550059126405,1.5309417040358744,0.29974223179559534
207.0,3287.0,0.12560386473429952,0.057971014492753624,0.8164251207729468,0.0821256038647343,0.2946859903381642,0.5362318840579711,0.0821256038647343,1.5844155844155845,0.49443040049334464,2.187520720836463,2.454676442708975,0.7547395175056948,0.5208115876954057,0.799062158149272,0.8242699922850067,1.5268836540190613,0.3060779189725466
207.0,3287.0,0.13043478260869565,0.04830917874396135,0.821256038647343,0.0821256038647343,0.30434782608695654,0.5362318840579711,0.0821256038647343,1.586466165413534,0.4943287390549321,2.123851640967086,2.4723139926305713,0.7604877906508062,0.5250708127897851,0.7975452853380579,0.8240339604075949,1.515822205963051,0.2984742867815144
207.0,3287.0,0.13043478260869565,0.04830917874396135,0.821256038647343,0.0821256038647343,0.30434782608695654,0.5362318840579711,0.0821256038647343,1.5820895522388059,0.495065993363269,2.1271047983648077,2.469220164296404,0.76425917121504,0.5196617882118851,0.7998711967595358,0.8221846713734204,1.5321942446043166,0.30014524720659885
207.0,3287.0,0.12560386473429952,0.05314009661835749,0.821256038647343,0.0821256038647343,0.2995169082125604,0.5362318840579711,0.0821256038647343,1.5874125874125875,0.49403015430393304,2.155336037465062,2.460889441977521,0.7585336035699394,0.5174109203221157,0.79611715616952,0.8185745616202097,1.519151231792843,0.3063079787557099
207.0,3287.0,0.12560386473429952,0.05314009661835749,0.821256038647343,0.0821256038647343,0.2995169082125604,0.5362318840579711,0.0821256038647343,1.5804195804195804,0.49522490853797196,2.155336037465062,2.469451004562991,0.7590429121288704,0.5228339301133943,0.7940865144633171,0.8191625097110182,1.5396570203644158,0.298197852021109
207.0,3287.0,0.12560386473429952,0.057971014492753624,0.8164251207729468,0.0821256038647343,0.2946859903381642,0.5362318840579711,0.0821256038647343,1.5695364238410596,0.4967888052259154,2.1789769472931693,2.4581328316667,0.7672756742835722,0.5202136351879009,0.7958727750532396,0.8186220882599116,1.5482673267326732,0.2955415296923875
207.0,3287.0,0.12560386473429952,0.05314009661835749,0.821256038647343,0.0821256038647343,0.2995169082125604,0.5362318840579711,0.0821256038647343,1.5693430656934306,0.49698532996984746,2.1367205671564067,2.4664612334026854,0.7539490450454978,0.5244313522919508,0.7968925695006377,0.8221136893146043,1.52828155862812,0.29381579752492615
207.0,3287.0,0.12560386473429952,0.04830917874396135,0.8260869565217391,0.0821256038647343,0.30434782608695654,0.5362318840579711,0.0821256038647343,1.5877862595419847,0.4941228281998405,2.1172712956557644,2.4752774278435408,0.7636017693416466,0.5214088544704703,0.7961599151526226,0.8197144404357622,1.5291288081239978,0.299143016595515
207.0,3287.0,0.13043478260869565,0.05314009661835749,0.8164251207729468,0.0821256038647343,0.2995169082125604,0.5362318840579711,0.0821256038647343,1.595890410958904,0.49240811673311957,2.164352855784437,2.465819400277802,0.7665988610181288,0.523410307031101,0.7940742659466274,0.8189962641688329,1.5293800539083557,0.2969327332397953
207.0,3287.0,0.13043478260869565,0.057971014492753624,0.8115942028985507,0.0821256038647343,0.2946859903381642,0.5362318840579711,0.0821256038647343,1.5605095541401275,0.49791333322992387,2.1958996524092336,2.455403487459393,0.7634013611185793,0.5196898623682316,0.7925969340546097,0.8169034341275053,1.5278026104058644,0.3000925765813282
207.0,3287.0,0.13526570048309178,0.057971014492753624,0.8067632850241546,0.0821256038647343,0.2946859903381642,0.5362318840579711,0.0821256038647343,1.5696202531645569,0.49670363855658395,2.1986570869544226,2.456025419543857,0.7614310423435092,0.5230199275515869,0.7906495181694041,0.816051688804592,1.5426883837479863,0.29828048996876017
207.0,3287.0,0.12560386473429952,0.05314009661835749,0.821256038647343,0.0821256038647343,0.2995169082125604,0.5362318840579711,0.0821256038647343,1.5874125874125875,0.4940301543039331,2.155336037465062,2.4610376383661547,0.7602524330213628,0.5210916417341422,0.7964042081583513,0.820941599256487,1.5273703041144902,0.30900633216368056
207.0,3287.0,0.12560386473429952,0.057971014492753624,0.8164251207729468,0.0821256038647343,0.2946859903381642,0.5362318840579711,0.0821256038647343,1.5947712418300655,0.4925485348344127,2.184691430817599,2.456699589960512,0.764766399149702,0.5201294929853509,0.7928239232191023,0.8162185340914381,1.5360843158270812,0.2994828755290935
207.0,3287.0,0.13043478260869565,0.05314009661835749,0.8164251207729468,0.0821256038647343,0.2995169082125604,0.5314009661835749,0.0821256038647343,1.556338028169014,0.4985745338238251,2.1522883443830563,2.4659784754952945,0.7690108791467427,0.5227036925266961,0.7911045489017456,0.8167665000661598,1.5242718446601942,0.3048292795996303
207.0,3287.0,0.13526570048309178,0.05314009661835749,0.8115942028985508,0.0821256038647343,0.2995169082125604,0.5362318840579711,0.0821256038647343,1.5517241379310345,0.4990412263469522,2.161368002234975,2.461038777086209,0.7632380966166169,0.5194652266344804,0.7959949749899141,0.8185151494398827,1.5290077715525032,0.30107804178777264
207.0,3287.0,0.13526570048309178,0.05314009661835749,0.8115942028985508,0.0821256038647343,0.2995169082125604,0.5362318840579711,0.0821256038647343,1.5454545454545454,0.49967979503600257,2.155336037465062,2.4677301752557677,0.7735613245320103,0.5199331082245446,0.7929588589457865,0.8158252013379781,1.5212823763810903,0.2839077859758755
207.0,3287.0,0.12560386473429952,0.05314009661835749,0.821256038647343,0.0821256038647343,0.2995169082125604,0.5362318840579711,0.0821256038647343,1.5694444444444444,0.4968822766933802,2.1583624920952498,2.4656551604299053,0.7624125685128629,0.5207088634753321,0.7931550881144261,0.8173497988668912,1.5299695831096798,0.29593772434672183
207.0,3287.0,0.12560386473429952,0.057971014492753624,0.8164251207729468,0.0821256038647343,0.2946859903381642,0.5362318840579711,0.0821256038647343,1.5816993464052287,0.4949000309069251,2.184691430817599,2.4588739980117755,0.7627616342084231,0.5230478214626313,0.7964347395153558,0.8214804947890328,1.5360787824529991,0.2990016353995434
207.0,3287.0,0.13043478260869565,0.05314009661835749,0.8164251207729468,0.0821256038647343,0.2995169082125604,0.5314009661835749,0.0821256038647343,1.5633802816901408,0.4977223118871351,2.1522883443830563,2.4682719538522773,0.7634290252693083,0.524533347503094,0.7965751686852157,0.8218533693149407,1.5295182904744657,0.29674872971480737
207.0,3287.0,0.13526570048309178,0.04830917874396135,0.8164251207729469,0.0821256038647343,0.30434782608695654,0.5362318840579711,0.0821256038647343,1.5735294117647058,0.4963922126284517,2.1335389083702174,2.468972026523512,0.7671897235964198,0.5231407904244606,0.7939946459824606,0.8192396836737807,1.5280172413793103,0.29990305914067733
207.0,3287.0,0.12560386473429952,0.057971014492753624,0.8164251207729468,0.0821256038647343,0.2946859903381642,0.5362318840579711,0.0821256038647343,1.5714285714285714,0.4964862530219502,2.187520720836463,2.458534019903691,0.7643085097891993,0.5183124404566968,0.798270576112855,0.8190734537954254,1.5314471075869527,0.2964255287457517
207.0,3287.0,0.12560386473429952,0.05314009661835749,0.821256038647343,0.0821256038647343,0.2995169082125604,0.5362318840579711,0.0821256038647343,1.5633802816901408,0.4977223118871351,2.1522883443830563,2.4652304456347105,0.7651262349244404,0.5208862834948806,0.7957138870795332,0.8181288651021198,1.5322696306920043,0.2922121318558107
207.0,3287.0,0.12560386473429952,0.05314009661835749,0.821256038647343,0.0821256038647343,0.2995169082125604,0.5362318840579711,0.0821256038647343,1.5944055944055944,0.49273256806350235,2.155336037465062,2.467079963167045,0.7586378789257242,0.5150558064331073,0.796257641348848,0.8169927265851261,1.5305466237942122,0.30471943659258444
207.0,3287.0,0.13043478260869565,0.05314009661835749,0.8164251207729468,0.0821256038647343,0.2995169082125604,0.5362318840579711,0.0821256038647343,1.5793103448275863,0.4953809633510097,2.161368002234975,2.46069582250553,0.7644549061573862,0.5238560987887709,0.7888575950512101,0.8158192402923823,1.530321892228348,0.3061265596329925
207.0,3287.0,0.12560386473429952,0.04830917874396135,0.8260869565217391,0.0821256038647343,0.30434782608695654,0.5362318840579711,0.0821256038647343,1.5833333333333333,0.4948847759588356,2.12057393120585,2.4683983765377446,0.7652856137893356,0.5193996895782906,0.7946497421433221,0.8180278067986261,1.524905592519331,0.30109981268316216
207.0,3287.0,0.12560386473429952,0.05314009661835749,0.821256038647343,0.0821256038647343,0.2995169082125604,0.5362318840579711,0.0821256038647343,1.5902777777777777,0.49349891696049447,2.1583624920952498,2.465448265155265,0.7617135291072356,0.5218283983564613,0.7945824207169518,0.8182299109240596,1.5299695831096798,0.2974355577140236
207.0,3287.0,0.12560386473429952,0.04830917874396135,0.8260869565217391,0.0821256038647343,0.30434782608695654,0.5362318840579711,0.0821256038647343,1.5909090909090908,0.4935391034500526,2.12057393120585,2.4654833588057556,0.7539815503836322,0.5215767125214015,0.7925048928991417,0.816718865445769,1.531994981179423,0.3025587554509664
207.0,3287.0,0.12560386473429952,0.05314009661835749,0.821256038647343,0.0821256038647343,0.2995169082125604,0.5362318840579711,0.0821256038647343,1.5972222222222223,0.4921686623810911,2.1583624920952498,2.4630438389384617,0.7551001833346843,0.5229734343936648,0.7960071939518003,0.8211311412989996,1.5277777777777777,0.2982235103765375
207.0,3287.0,0.12560386473429952,0.05314009661835749,0.821256038647343,0.0821256038647343,0.2995169082125604,0.5362318840579711,0.0821256038647343,1.5763888888888888,0.49585500236680435,2.1583624920952498,2.462331293001176,0.7599086483400048,0.5220520172331193,0.7921120638057985,0.8180813098084949,1.5292247925128024,0.30361753442949335
207.0,3287.0,0.13526570048309178,0.05314009661835749,0.8115942028985508,0.0821256038647343,0.2995169082125604,0.5362318840579711,0.0821256038647343,1.564625850340136,0.49750097695070805,2.167317334748176,2.460418777786158,0.7715034421569853,0.5254411581901675,0.7941906192281625,0.8205564571926097,1.5283560660445084,0.30145587792859757
207.0,3287.0,0.13043478260869565,0.057971014492753624,0.8115942028985507,0.0821256038647343,0.2946859903381642,0.5362318840579711,0.0821256038647343,1.5576923076923077,0.49825999969422125,2.1931245983544616,2.459471610390088,0.7662846279954446,0.5158106128158445,0.798940427346071,0.81809319889106,1.5253747516705798,0.298812090514633
207.0,3287.0,0.12560386473429952,0.05314009661835749,0.821256038647343,0.0821256038647343,0.2995169082125604,0.5362318840579711,0.0821256038647343,1.5874125874125875,0.4940301543039331,2.155336037465062,2.4588891575508063,0.763612685340361,0.5201014425594883,0.7881174712189047,0.8138198326506665,1.5294538943598925,0.3060648527092143
207.0,3287.0,0.12560386473429952,0.04830917874396135,0.8260869565217391,0.0821256038647343,0.30434782608695654,0.5362318840579711,0.0821256038647343,1.5909090909090908,0.4935391034500526,2.12057393120585,2.4669038994260135,0.7614481536281144,0.5197460061316358,0.7903234567663733,0.8139034883279059,1.5255303847536856,0.3005458474387707
207.0,3287.0,0.12560386473429952,0.05314009661835749,0.821256038647343,0.0821256038647343,0.2995169082125604,0.5362318840579711,0.0821256038647343,1.5985915492957747,0.5334201058169641,2.1522883443830563,2.463715724985681,0.7567164026339558,0.5181529105531153,0.8002541400961437,0.8209771417227603,1.5242298684921636,0.2993402729790244
207.0,3287.0,0.12560386473429952,0.04830917874396135,0.8260869565217391,0.0821256038647343,0.30434782608695654,0.5362318840579711,0.0821256038647343,1.5877862595419847,0.4941228281998405,2.1172712956557644,2.469730888659452,0.7628896436364252,0.5185563324383392,0.7961232647362821,0.8200347458688496,1.5354037267080745,0.31013794347199963
207.0,3287.0,0.12560386473429952,0.05314009661835749,0.821256038647343,0.0821256038647343,0.2995169082125604,0.5362318840579711,0.0821256038647343,1.5804195804195804,0.49522490853797196,2.155336037465062,2.46558035655918,0.7564792181934403,0.5185563324383392,0.7964225271130067,0.8179980813921314,1.5322234156820622,0.3010216592538164
207.0,3287.0,0.12560386473429952,0.04830917874396135,0.8260869565217391,0.0821256038647343,0.30434782608695654,0.5362318840579711,0.0821256038647343,1.586466165413534,0.4943287390549321,2.123851640967086,2.468506292411176,0.7630168505120273,0.5216512987618573,0.7943069554658007,0.8187943492034372,1.525909987448449,0.3045236329332192
207.0,3287.0,0.13043478260869565,0.04830917874396135,0.821256038647343,0.0821256038647343,0.30434782608695654,0.5362318840579711,0.0821256038647343,1.5789473684210527,0.4955946277833521,2.123851640967086,2.4736199089892588,0.7603084422781478,0.5254781783745873,0.7981548175988241,0.8239513332765782,1.5242999096657632,0.29564543634932194
207.0,3287.0,0.13043478260869565,0.057971014492753624,0.8115942028985507,0.0821256038647343,0.2946859903381642,0.5362318840579711,0.0821256038647343,1.5705128205128205,0.4965971884500651,2.1931245983544616,2.4533058257460025,0.7579608860451243,0.5189032118494384,0.7912889462771542,0.8159682533677715,1.537010927035601,0.30836346984777674
207.0,3287.0,0.12560386473429952,0.057971014492753624,0.8164251207729468,0.0821256038647343,0.2946859903381642,0.5362318840579711,0.0821256038647343,1.5629139072847682,0.49767672158269366,2.1789769472931693,2.4579157922278556,0.7636560474059315,0.5186125989150054,0.7977160013178336,0.8189546975102575,1.5240079724587787,0.29900196381418603
207.0,3287.0,0.12560386473429952,0.04830917874396135,0.8260869565217391,0.0821256038647343,0.30434782608695654,0.5362318840579711,0.0821256038647343,1.5909090909090908,0.4935391034500526,2.12057393120585,2.4646455491592842,0.7608486727481999,0.5194933114132938,0.7908463203446737,0.816379388324456,1.5340323440554469,0.31240485592908174
207.0,3287.0,0.13043478260869565,0.057971014492753624,0.8115942028985507,0.0821256038647343,0.2946859903381642,0.5362318840579711,0.0821256038647343,1.5974025974025974,0.5051302882403554,2.187520720836463,2.458564258350045,0.7599604676463725,0.520381878777341,0.7994759042374078,0.8226813743011736,1.5163458045768252,0.29971404988801154
207.0,3287.0,0.12560386473429952,0.05314009661835749,0.821256038647343,0.0821256038647343,0.2995169082125604,0.5362318840579711,0.0821256038647343,1.6013986013986015,0.5192066013906292,2.155336037465062,2.462885154642592,0.7586939468149302,0.5223872660641897,0.7926766944111764,0.8181050878008475,1.531781557743957,0.30589956284288616
207.0,3287.0,0.13043478260869565,0.04830917874396135,0.821256038647343,0.0821256038647343,0.30434782608695654,0.5362318840579711,0.0821256038647343,1.5746268656716418,0.49625462891182975,2.1271047983648077,2.472535711172246,0.7598273894059414,0.5204566362485303,0.7926950995076019,0.8174271439691795,1.5285252960172229,0.30086073346000114
207.0,3287.0,0.12560386473429952,0.05314009661835749,0.821256038647343,0.0821256038647343,0.2995169082125604,0.5362318840579711,0.0821256038647343,1.5944055944055944,0.4927325680635023,2.155336037465062,2.4619507553999798,0.7548776664731548,0.5190999862385138,0.7962759636753883,0.8181942491177263,1.5197380389303257,0.2986415451755194
206.0,2180.0,0.15048543689320387,0.043689320388349516,0.8058252427184467,0.038834951456310676,0.3106796116504854,0.5194174757281553,0.07281553398058252,1.7013888888888888,0.4742290189277354,2.1583624920952498,2.4403006089665116,0.5674028746998871,0.6308538622722873,0.7218133457209945,0.8132780668587924,1.7683429513602638,0.15298479241589003
206.0,2180.0,0.14563106796116504,0.043689320388349516,0.8106796116504855,0.024271844660194174,0.3106796116504854,0.5339805825242718,0.07281553398058252,1.7379310344827585,0.4862082552085579,2.161368002234975,2.4385943750986536,0.5601678171410414,0.6282421646725285,0.7159882358881208,0.7995091714716881,1.7589549093973873,0.14760475418053182
207.0,2180.0,0.1497584541062802,0.04830917874396135,0.8019323671497585,0.043478260869565216,0.30917874396135264,0.5265700483091788,0.07246376811594203,1.6901408450704225,0.4791111538593861,2.1522883443830563,2.4294212382776923,0.558526971693768,0.6378133623591874,0.7227791614334756,0.8170647426429165,1.7425906735751295,0.1561508252659218
207.0,2180.0,0.15458937198067632,0.04830917874396135,0.7971014492753623,0.033816425120772944,0.30917874396135264,0.5120772946859904,0.07246376811594203,1.7189542483660132,0.5188235216113737,2.184691430817599,2.437790202005626,0.5765591746711237,0.630974297181302,0.7239875452964112,0.8074423364242104,1.7810374149659864,0.16178544221259542
206.0,2180.0,0.1407766990291262,0.043689320388349516,0.8155339805825244,0.03398058252427184,0.3106796116504854,0.5194174757281553,0.0825242718446602,1.6956521739130435,0.47735120205644044,2.1398790864012365,2.432440776661193,0.5610177005406467,0.6295016168854747,0.7188171909377916,0.8061183943209432,1.8176906143686211,0.16530369817482682
206.0,2180.0,0.13106796116504854,0.043689320388349516,0.825242718446602,0.038834951456310676,0.3058252427184466,0.5242718446601942,0.07281553398058252,1.736842105263158,0.5207037318817047,2.123851640967086,2.4362514846075785,0.5596326730379356,0.6326944010516524,0.7122514902999354,0.8008821360071957,1.776400082661707,0.15240710185115625
206.0,2180.0,0.14563106796116504,0.043689320388349516,0.8106796116504855,0.06310679611650485,0.3106796116504854,0.5242718446601942,0.0825242718446602,1.744360902255639,0.48701526543098844,2.123851640967086,2.4436981053515563,0.5645172889651086,0.62625275440793,0.7273248665282441,0.811504650847694,1.7290721649484535,0.1465045750614587
206.0,2180.0,0.13592233009708737,0.043689320388349516,0.8203883495145632,0.05825242718446602,0.3058252427184466,0.5339805825242718,0.0825242718446602,1.697674418604651,0.5093600636274939,2.110589710299249,2.4418798268722783,0.5590982617092367,0.6400352311731388,0.7209971638748643,0.8112648844453115,1.7569474134245404,0.1522787487477104
207.0,2180.0,0.13526570048309178,0.04830917874396135,0.8164251207729469,0.04830917874396135,0.30434782608695654,0.5314009661835749,0.07246376811594203,1.7194244604316546,0.4819762604415655,2.143014800254095,2.431668544884914,0.558630354837805,0.6366690038878128,0.7130698438548222,0.8000167270197804,1.727076124567474,0.15003176104329538
206.0,2180.0,0.15048543689320387,0.04854368932038835,0.8009708737864079,0.038834951456310676,0.3058252427184466,0.5194174757281553,0.07281553398058252,1.7027027027027026,0.4732211152708889,2.1702617153949575,2.427420622468009,0.5648714854797825,0.6303319793202564,0.7138668330296091,0.8007040523854103,1.6426155580608794,0.14933138970170706
206.0,2180.0,0.15048543689320387,0.043689320388349516,0.8058252427184467,0.04854368932038835,0.3106796116504854,0.5339805825242718,0.0825242718446602,1.7552447552447552,0.5336135545397026,2.155336037465062,2.4414283991717927,0.5712393044909829,0.6348734618571954,0.7040516768864357,0.8020631281879006,1.7948770915100185,0.1535727500369262
207.0,2180.0,0.13043478260869565,0.04830917874396135,0.821256038647343,0.033816425120772944,0.30917874396135264,0.5217391304347826,0.07246376811594203,1.7301587301587302,0.4965915571203105,2.100370545117563,2.425630111772018,0.5707942486221401,0.6332913574125145,0.7234549580709879,0.8189130905117039,1.8282643957826439,0.16429320172884782
207.0,2180.0,0.14009661835748793,0.04830917874396135,0.8115942028985508,0.033816425120772944,0.30917874396135264,0.5169082125603864,0.07246376811594203,1.7342657342657342,0.5560303081091,2.155336037465062,2.4333666328492165,0.5772965040702832,0.6287888256973948,0.7135072421388551,0.7966637803830319,1.8210526315789475,0.15111336184642266
206.0,2180.0,0.13106796116504854,0.043689320388349516,0.825242718446602,0.04854368932038835,0.3058252427184466,0.529126213592233,0.07281553398058252,1.7338709677419355,0.5274400666101527,2.093421685162235,2.4444435283252335,0.5560221767673266,0.6371026251341837,0.7199960298215093,0.8177092402874417,1.7866963202587949,0.16185037782533737
207.0,2180.0,0.14009661835748793,0.04830917874396135,0.8115942028985508,0.05314009661835749,0.30434782608695654,0.5265700483091788,0.0821256038647343,1.7573529411764706,0.53743317971442,2.1335389083702174,2.4537231404706303,0.5667585557071837,0.6252451088098201,0.7243154749189696,0.8097891420025338,1.6614260407440213,0.1561177206842965
206.0,2180.0,0.1262135922330097,0.043689320388349516,0.8300970873786409,0.05339805825242718,0.3106796116504854,0.529126213592233,0.07281553398058252,1.712,0.5050710585586433,2.0969100130080562,2.4410665311342448,0.5570335550631521,0.6285336758867671,0.7221129707437463,0.8094229949449492,1.794270292713307,0.16319388134271526
206.0,2180.0,0.1407766990291262,0.043689320388349516,0.8155339805825244,0.04854368932038835,0.3058252427184466,0.5339805825242718,0.0825242718446602,1.6785714285714286,0.4984559921961194,2.146128035678238,2.43929117077179,0.5647449932514619,0.6308446023523145,0.7261365388515649,0.8104597759781276,1.7744593202883625,0.1539283105227561
207.0,2180.0,0.13043478260869565,0.05314009661835749,0.8164251207729468,0.033816425120772944,0.30917874396135264,0.5265700483091788,0.07246376811594203,1.6940298507462686,0.537714628458836,2.1271047983648077,2.4185223450707314,0.5616341572785181,0.6329260697279645,0.7163569540593976,0.8027230903849515,1.7754166666666666,0.14719556016198226
207.0,2180.0,0.14009661835748793,0.05314009661835749,0.8067632850241546,0.043478260869565216,0.3140096618357488,0.5120772946859904,0.0821256038647343,1.7019867549668874,0.48709618470763344,2.1789769472931693,2.4071389722536547,0.5640825115530391,0.640368374308196,0.7315791156892614,0.8229042729211633,1.8405972558514931,0.1618878204828129
206.0,2180.0,0.15048543689320387,0.043689320388349516,0.8058252427184467,0.06310679611650485,0.3106796116504854,0.5242718446601942,0.07281553398058252,1.7094594594594594,0.5249344420147255,2.1702617153949575,2.43356681598889,0.5675076189870145,0.6339136400247987,0.7026946879766801,0.7926256127977149,1.821435673096043,0.14851324977100755
206.0,2180.0,0.14563106796116504,0.043689320388349516,0.8106796116504855,0.06310679611650485,0.3106796116504854,0.5242718446601942,0.07281553398058252,1.728476821192053,0.4751669858682957,2.1789769472931693,2.434987873261122,0.5599245637068463,0.6313005162702322,0.7207188322516129,0.8041926276994006,1.781550419308652,0.14323683491304143
206.0,2180.0,0.14563106796116504,0.04854368932038835,0.8058252427184467,0.04854368932038835,0.3058252427184466,0.5242718446601942,0.07281553398058252,1.7058823529411764,0.5487108449185868,2.184691430817599,2.4304690441069634,0.5707242698636271,0.6373958094484756,0.7285088608217737,0.8203392686314146,1.8153751789000205,0.15246612566652645
206.0,2180.0,0.15048543689320387,0.043689320388349516,0.8058252427184467,0.038834951456310676,0.3058252427184466,0.5388349514563107,0.07281553398058252,1.7218543046357615,0.5435554604926223,2.1789769472931693,2.4451238208852124,0.5623134401387043,0.636376746897312,0.721159551279629,0.8103863988561725,1.7952739865553067,0.16285219346852048
206.0,2180.0,0.1407766990291262,0.043689320388349516,0.8155339805825244,0.03398058252427184,0.3058252427184466,0.529126213592233,0.07281553398058252,1.7535211267605635,0.5216805864724767,2.1522883443830563,2.442931569840019,0.5542416174935253,0.6329567687157827,0.7042458971738202,0.8012500205111247,1.7678976686610275,0.15850819079754155
206.0,2180.0,0.1407766990291262,0.043689320388349516,0.8155339805825244,0.03398058252427184,0.3106796116504854,0.529126213592233,0.07281553398058252,1.7481481481481482,0.4843601490706467,2.130333768495006,2.436339550840149,0.5620946056875372,0.6303715268736441,0.7137372568459562,0.8064582157671697,1.8525576730190572,0.16006096232072084
206.0,2180.0,0.14563106796116504,0.04854368932038835,0.8058252427184467,0.043689320388349516,0.3058252427184466,0.5339805825242718,0.07281553398058252,1.7114093959731544,0.49722611656287746,2.173186268412274,2.4372861807196653,0.55870282672895,0.6291936933633455,0.7187936524416889,0.8069474195011543,1.8252347897100858,0.1579501616678248
206.0,2180.0,0.13592233009708737,0.04854368932038835,0.8155339805825244,0.05825242718446602,0.3058252427184466,0.5194174757281553,0.0825242718446602,1.6865671641791045,0.49687611272318705,2.1271047983648077,2.4306199252402707,0.5615381342985916,0.6298912292696158,0.7213788387293746,0.8054488526132239,1.7653806047966631,0.14444851537968648
207.0,2180.0,0.14009661835748793,0.05314009661835749,0.8067632850241546,0.033816425120772944,0.30434782608695654,0.5265700483091788,0.0821256038647343,1.76,0.5268623089740332,2.1760912590556813,2.41350296619525,0.5695003433384183,0.6240244393665629,0.7308005204690459,0.8139762584782878,1.8090817356205853,0.14927364510202956
207.0,2180.0,0.13526570048309178,0.04830917874396135,0.8164251207729469,0.04830917874396135,0.30917874396135264,0.5314009661835749,0.07246376811594203,1.711111111111111,0.5017382719429905,2.130333768495006,2.4254981555647537,0.5662430868233189,0.6323876799063897,0.7154662723812283,0.8068343042727425,1.7748005727142564,0.15919344354125986
206.0,2180.0,0.1407766990291262,0.043689320388349516,0.8155339805825244,0.02912621359223301,0.3058252427184466,0.529126213592233,0.07281553398058252,1.762962962962963,0.5212987141402612,2.130333768495006,2.436928049883515,0.5631913565779215,0.6342204771090331,0.7190037428097817,0.8129018914040557,1.8153783728951105,0.15103214465967046
207.0,2180.0,0.15458937198067632,0.04830917874396135,0.7971014492753623,0.03864734299516908,0.30917874396135264,0.5217391304347826,0.0821256038647343,1.7046979865771812,0.5133798407361718,2.173186268412274,2.4250422932983433,0.5621570345060537,0.6388498352884185,0.7290987689945716,0.822606324845199,1.806995627732667,0.15536937838165268
206.0,2180.0,0.1407766990291262,0.043689320388349516,0.8155339805825244,0.06310679611650485,0.3106796116504854,0.529126213592233,0.07281553398058252,1.7573529411764706,0.5091215896309274,2.1335389083702174,2.4364035731273597,0.5699950360581545,0.6407782842476047,0.7189582126947296,0.8110427866742793,1.776460802661676,0.14660818631475242
206.0,2180.0,0.13592233009708737,0.04854368932038835,0.8155339805825244,0.043689320388349516,0.3058252427184466,0.529126213592233,0.07281553398058252,1.7304964539007093,0.5961715072517,2.1492191126553797,2.4288215805044415,0.5676215011830062,0.6267107736515353,0.728760583679787,0.8059398880022571,1.814506044185077,0.1536673369475081
207.0,2180.0,0.14492753623188406,0.05314009661835749,0.8019323671497585,0.057971014492753624,0.30434782608695654,0.5265700483091788,0.0821256038647343,1.7092198581560283,0.4860776994355442,2.1492191126553797,2.4249358088185082,0.5632847174635166,0.6338261859304882,0.7196394196708206,0.8078912657048876,1.8585757271815446,0.14244614377454087
206.0,2180.0,0.1407766990291262,0.04854368932038835,0.8106796116504855,0.04854368932038835,0.32038834951456313,0.5145631067961165,0.07281553398058252,1.777027027027027,0.4639514686375777,2.1702617153949575,2.404666096877526,0.5554953517437327,0.6253504120379496,0.7179018033048503,0.8074165527242293,1.8058727569331159,0.15833394503143364
205.0,2180.0,0.13658536585365855,0.03902439024390244,0.824390243902439,0.05365853658536585,0.3073170731707317,0.5365853658536586,0.08292682926829269,1.7482014388489209,0.48294875024192124,2.143014800254095,2.453421663034778,0.5625379038267713,0.6339122282940561,0.7078932637746073,0.800401052697707,1.74746848522422,0.1560189658598981
207.0,2180.0,0.13043478260869565,0.04830917874396135,0.821256038647343,0.043478260869565216,0.30434782608695654,0.5314009661835749,0.07246376811594203,1.682170542635659,0.49975769322541164,2.110589710299249,2.431357433213274,0.5525286825428681,0.6398512909166724,0.7123854945518101,0.8139666314897023,1.7792932424054557,0.15942886564008768
206.0,2180.0,0.1407766990291262,0.043689320388349516,0.8155339805825244,0.02912621359223301,0.3106796116504854,0.5194174757281553,0.07281553398058252,1.7591240875912408,0.5076698128713346,2.1367205671564067,2.4337814117477325,0.5595063206449696,0.6260184611677903,0.721694235547538,0.8061795712395191,1.816819317235637,0.1540241815110598
206.0,2180.0,0.13592233009708737,0.04854368932038835,0.8155339805825244,0.04854368932038835,0.3058252427184466,0.5339805825242718,0.07281553398058252,1.6893939393939394,0.5114352765506044,2.12057393120585,2.437815356514472,0.5628876328422979,0.634457869685912,0.7099276507588851,0.8018849788735148,1.7753669432035737,0.15388235930477978
206.0,2180.0,0.15048543689320387,0.043689320388349516,0.8058252427184467,0.05339805825242718,0.3058252427184466,0.529126213592233,0.07281553398058252,1.7266187050359711,0.4632236664450909,2.143014800254095,2.4444082336466075,0.5699732683413937,0.631797962229733,0.7180954151684797,0.8187734077262755,1.8354531001589824,0.16755948059698053
207.0,2180.0,0.14492753623188406,0.04830917874396135,0.8067632850241546,0.04830917874396135,0.30917874396135264,0.5265700483091788,0.0821256038647343,1.72992700729927,0.4774880601377025,2.1367205671564067,2.422624612156619,0.5628979218515985,0.6337831537123864,0.7209708047170345,0.8089393629304528,1.8199548347361938,0.1494066550380908
207.0,2180.0,0.14492753623188406,0.04830917874396135,0.8067632850241546,0.05314009661835749,0.30917874396135264,0.5265700483091788,0.07246376811594203,1.7246376811594204,0.5506216253800695,2.1398790864012365,2.4354135190336486,0.5663879595395594,0.6319796840292615,0.7239033262005714,0.8135884894965196,1.8197485806974858,0.15077377067365574
206.0,2180.0,0.1407766990291262,0.043689320388349516,0.8155339805825244,0.038834951456310676,0.3106796116504854,0.5242718446601942,0.07281553398058252,1.7352941176470589,0.5338233043446472,2.1335389083702174,2.4376836230657917,0.5655969547674768,0.6353070925036657,0.713497934256062,0.7936170533136352,1.7148213498014997,0.13754050275162027
207.0,2180.0,0.14009661835748793,0.04830917874396135,0.8115942028985508,0.03864734299516908,0.30917874396135264,0.5314009661835749,0.07246376811594203,1.6788321167883211,0.51355603636832,2.1367205671564067,2.4402379116418254,0.5583736804426667,0.6361351567296152,0.7153165387480953,0.8144455005251376,1.7853628536285362,0.1606978603285159
207.0,2180.0,0.13043478260869565,0.05314009661835749,0.8164251207729468,0.06763285024154589,0.30434782608695654,0.5265700483091788,0.07246376811594203,1.710144927536232,0.5154956306954047,2.1398790864012365,2.4244310916688296,0.558413424909417,0.6345326267239898,0.7055957730827096,0.8005057757801721,1.7492136716292723,0.14772108003177611
207.0,2180.0,0.14009661835748793,0.04830917874396135,0.8115942028985508,0.033816425120772944,0.30434782608695654,0.5362318840579711,0.07246376811594203,1.7786259541984732,0.5447663766857787,2.1172712956557644,2.4296115337419084,0.5658731907134084,0.636396489581562,0.714864197422973,0.8108856612657565,1.8245971853966958,0.14362530811260857
207.0,2180.0,0.14492753623188406,0.04830917874396135,0.8067632850241546,0.028985507246376812,0.30434782608695654,0.5217391304347826,0.0821256038647343,1.732394366197183,0.4751333214578035,2.1522883443830563,2.422447075451744,0.5594560711999073,0.645223006729987,0.7195223930530584,0.8170295405129016,1.768497409326425,0.14851789832730045
207.0,2180.0,0.14009661835748793,0.04830917874396135,0.8115942028985508,0.043478260869565216,0.30917874396135264,0.5314009661835749,0.07246376811594203,1.6788321167883211,0.48407441347839997,2.1367205671564067,2.42522739458056,0.5643316269451873,0.6400064597999376,0.7199036783883673,0.8089358770342789,1.8326,0.14600732461478924
206.0,2180.0,0.13592233009708737,0.043689320388349516,0.8203883495145632,0.05339805825242718,0.3106796116504854,0.529126213592233,0.07281553398058252,1.7142857142857142,0.534522483824849,2.100370545117563,2.443766838823057,0.5820265249543132,0.6302988392371977,0.7179422127362082,0.8016528744525113,1.8161444283046275,0.14966513740731469
206.0,2180.0,0.13106796116504854,0.043689320388349516,0.825242718446602,0.02912621359223301,0.3058252427184466,0.529126213592233,0.0825242718446602,1.746031746031746,0.5357089946828659,2.100370545117563,2.439333817511695,0.5554777481079387,0.6283927332825464,0.7240572286941375,0.8055137691202918,1.711159737417943,0.15742887528247476
206.0,2180.0,0.1553398058252427,0.043689320388349516,0.8009708737864079,0.043689320388349516,0.3058252427184466,0.529126213592233,0.0825242718446602,1.7185185185185186,0.4676369916909791,2.130333768495006,2.4432578348766274,0.5655747158993993,0.6317189988541898,0.7251810016035366,0.8104232719600457,1.6944868162998474,0.14245511885567294
206.0,2180.0,0.1553398058252427,0.043689320388349516,0.8009708737864079,0.02912621359223301,0.3106796116504854,0.5242718446601942,0.07281553398058252,1.7,0.50465459374983,2.146128035678238,2.4289978399352328,0.5733402585419664,0.6301154372728345,0.7155078111331195,0.8052554528373119,1.8035928143712574,0.15490240084249932
206.0,2180.0,0.15048543689320387,0.043689320388349516,0.8058252427184467,0.05339805825242718,0.3106796116504854,0.5339805825242718,0.0825242718446602,1.708955223880597,0.5177253149493689,2.1271047983648077,2.459278414840529,0.572650207714263,0.6297925164823858,0.7188915415169517,0.8094909431083002,1.790452049007182,0.15659061511769895
206.0,2180.0,0.1407766990291262,0.043689320388349516,0.8155339805825244,0.043689320388349516,0.3058252427184466,0.529126213592233,0.07281553398058252,1.7517241379310344,0.5339974313655274,2.161368002234975,2.4430887022596544,0.5673619751351721,0.6293681776678698,0.7045532627615895,0.7933623433561527,1.786103817410624,0.15625277048835315
207.0,2180.0,0.13526570048309178,0.05314009661835749,0.8115942028985508,0.04830917874396135,0.30434782608695654,0.5217391304347826,0.0821256038647343,1.6865671641791045,0.5262708992190525,2.1271047983648077,2.4348670028931387,0.5658420626455477,0.6254695473431491,0.7320216388978789,0.8145578902983044,1.8279548604236784,0.1550012616706411
207.0,2180.0,0.13526570048309178,0.04830917874396135,0.8164251207729469,0.057971014492753624,0.30917874396135264,0.5265700483091788,0.0821256038647343,1.7307692307692308,0.5101825412560729,2.113943352306837,2.4320531199342454,0.5623685961202318,0.6322882628086415,0.719854620075568,0.8065481010468937,1.8380281690140845,0.14430072234789929
207.0,2180.0,0.15458937198067632,0.04830917874396135,0.7971014492753623,0.028985507246376812,0.30434782608695654,0.5265700483091788,0.07246376811594203,1.695364238410596,0.4898078192304095,2.1789769472931693,2.432970989366569,0.5644145899997124,0.6394505389816294,0.7182980313583059,0.8140615065084904,1.843296921549156,0.14990192688323317
206.0,2180.0,0.13592233009708737,0.04854368932038835,0.8155339805825244,0.038834951456310676,0.3058252427184466,0.529126213592233,0.0825242718446602,1.7164179104477613,0.5700803306870028,2.1271047983648077,2.43301515329782,0.5598730780176232,0.6367041844833832,0.7105861639732561,0.8065736519980184,1.822992700729927,0.15562452686366315
207.0,2180.0,0.14009661835748793,0.04830917874396135,0.8115942028985508,0.033816425120772944,0.30917874396135264,0.5217391304347826,0.0821256038647343,1.7445255474452555,0.5290001262133173,2.1367205671564067,2.434924798663893,0.5517283320468702,0.6298213132103346,0.7221598967112858,0.8098528412041495,1.7640518838789376,0.14393095233949846
207.0,2180.0,0.14009661835748793,0.05314009661835749,0.8067632850241546,0.04830917874396135,0.30917874396135264,0.5217391304347826,0.0821256038647343,1.6482758620689655,0.4791635432182057,2.161368002234975,2.4230752303891174,0.5624411960384251,0.6295172879447481,0.7164688408115027,0.8061907565612769,1.8223198243162309,0.15289638422266974
206.0,2180.0,0.14563106796116504,0.043689320388349516,0.8106796116504855,0.04854368932038835,0.3058252427184466,0.5339805825242718,0.07281553398058252,1.6917808219178083,0.49221621956420575,2.164352855784437,2.436858352345071,0.5634181308014782,0.6350465449914707,0.7112422822499204,0.7949060141772872,1.7432546374367621,0.14237613170943045
206.0,2180.0,0.13106796116504854,0.043689320388349516,0.825242718446602,0.043689320388349516,0.3106796116504854,0.5339805825242718,0.0825242718446602,1.779527559055118,0.5479164840017318,2.103803720955957,2.4406893145986515,0.552276567812858,0.6336800182439204,0.7138579813683827,0.80452176504325,1.7655331654072208,0.15216141899599853
207.0,2180.0,0.14492753623188406,0.04830917874396135,0.8067632850241546,0.04830917874396135,0.30434782608695654,0.5362318840579711,0.07246376811594203,1.7050359712230216,0.4883162050229331,2.143014800254095,2.4356374762151534,0.5644912875748764,0.6300082806619227,0.7153736567680365,0.8036801188181859,1.7627471383975026,0.15478870054951752
207.0,2180.0,0.13526570048309178,0.05314009661835749,0.8115942028985508,0.043478260869565216,0.30434782608695654,0.5265700483091788,0.07246376811594203,1.7099236641221374,0.5187047421343136,2.1172712956557644,2.4302386494963493,0.5562383996141174,0.6331082026443379,0.715214074832707,0.8056969706873287,1.7882402176187486,0.15779165781317697
206.0,2180.0,0.13592233009708737,0.043689320388349516,0.8203883495145632,0.043689320388349516,0.3058252427184466,0.5339805825242718,0.07281553398058252,1.6953125,0.49499214580581863,2.1072099696478683,2.4563699696852686,0.5603437837037002,0.6267282933937023,0.7177847584465669,0.8051356825068439,1.7553836504286013,0.16073808522238378
206.0,2180.0,0.13592233009708737,0.043689320388349516,0.8203883495145632,0.043689320388349516,0.3106796116504854,0.5242718446601942,0.07281553398058252,1.744360902255639,0.5023299552229901,2.123851640967086,2.4480539650755,0.5619148131704147,0.635980374001766,0.7237260060797444,0.814194509931531,1.795553708705589,0.14757876051698904
206.0,2180.0,0.1407766990291262,0.04854368932038835,0.8106796116504855,0.04854368932038835,0.3058252427184466,0.5194174757281553,0.07281553398058252,1.7518248175182483,0.5113566428083905,2.1367205671564067,2.426316762476545,0.5599797190019358,0.6284358745116033,0.7264694328548665,0.8128699277022492,1.8187425387982492,0.15200326887895182
207.0,2180.0,0.13526570048309178,0.04830917874396135,0.8164251207729469,0.05314009661835749,0.30434782608695654,0.5314009661835749,0.07246376811594203,1.710144927536232,0.5011359148175948,2.1398790864012365,2.4352448688606034,0.572945677435073,0.6298598316565939,0.7215940066969462,0.8044618942073447,1.8407224958949098,0.1510329201364997
207.0,2180.0,0.13526570048309178,0.04830917874396135,0.8164251207729469,0.06763285024154589,0.30434782608695654,0.5217391304347826,0.07246376811594203,1.7956204379562044,0.557550922646465,2.1367205671564067,2.4314470462675395,0.5656052719091373,0.6338160350266094,0.7090120024599936,0.7993002444650851,1.8280189261468833,0.1523711136628502
206.0,2180.0,0.15048543689320387,0.043689320388349516,0.8058252427184467,0.038834951456310676,0.3058252427184466,0.529126213592233,0.07281553398058252,1.7532467532467533,0.5152788230776281,2.187520720836463,2.445082729593578,0.5632216495001625,0.6369109004363781,0.7047109657173951,0.8001421444176793,1.800767056923698,0.15206168716797766
206.0,2180.0,0.1407766990291262,0.043689320388349516,0.8155339805825244,0.05825242718446602,0.3058252427184466,0.529126213592233,0.0825242718446602,1.7142857142857142,0.5445519227188502,2.123851640967086,2.4456285802368605,0.5709455078841107,0.6340204078117101,0.713120093391182,0.8024632898393148,1.752892381576075,0.1622921734161334
206.0,2180.0,0.1407766990291262,0.043689320388349516,0.8155339805825244,0.05825242718446602,0.3106796116504854,0.529126213592233,0.0825242718446602,1.6595744680851063,0.475541604519709,2.1492191126553797,2.438056982112916,0.5702018776827252,0.6328210221264181,0.7235885827885967,0.80620034433634,1.8597158294976985,0.15367696078070986
206.0,2180.0,0.14563106796116504,0.043689320388349516,0.8106796116504855,0.03398058252427184,0.3058252427184466,0.529126213592233,0.0825242718446602,1.7412587412587412,0.4704401102906038,2.155336037465062,2.440968080737086,0.5627833071453369,0.6359624740100874,0.7166794405724688,0.8079924257452806,1.802161263507897,0.16056991155262224
205.0,2180.0,0.15121951219512195,0.03902439024390244,0.8097560975609756,0.024390243902439025,0.3121951219512195,0.5317073170731708,0.07317073170731707,1.7605633802816902,0.4753435109489334,2.1522883443830563,2.4387462724000533,0.5736578333931204,0.6311022771047823,0.7095465317013382,0.7984073904059048,1.7583368509919797,0.15627993720229985
206.0,2180.0,0.1407766990291262,0.043689320388349516,0.8155339805825244,0.04854368932038835,0.3106796116504854,0.5242718446601942,0.07281553398058252,1.7481481481481482,0.5424999968157166,2.130333768495006,2.4392913483126493,0.5668256159406431,0.6318368319486575,0.7230272038357296,0.8122748252459737,1.764404346934591,0.14430925870114064
206.0,2180.0,0.1407766990291262,0.043689320388349516,0.8155339805825244,0.03398058252427184,0.3106796116504854,0.5339805825242718,0.0825242718446602,1.7720588235294117,0.4863608135516323,2.1335389083702174,2.43945749673967,0.5569699007483017,0.6233079286691481,0.7145046172290092,0.7995521085675111,1.8423576423576424,0.14886454913840144
207.0,2180.0,0.13526570048309178,0.04830917874396135,0.8164251207729469,0.03864734299516908,0.30917874396135264,0.5265700483091788,0.07246376811594203,1.7037037037037037,0.5048137542487501,2.130333768495006,2.440445833342009,0.5598334731194151,0.6304085209861595,0.7231023196308144,0.8202311121359418,1.83150766779526,0.16521836905205114
205.0,2180.0,0.15121951219512195,0.04390243902439024,0.8048780487804877,0.04390243902439024,0.3073170731707317,0.5317073170731708,0.07317073170731707,1.6714285714285715,0.4864029939865664,2.146128035678238,2.4339629316268683,0.5651510280376025,0.6261417121814616,0.7115513751665189,0.7988614262989963,1.8007764609726196,0.15876629088993927
207.0,2180.0,0.14492753623188406,0.04830917874396135,0.8067632850241546,0.033816425120772944,0.30434782608695654,0.5217391304347826,0.07246376811594203,1.7272727272727273,0.5197753873213359,2.155336037465062,2.4221888976407,0.557687793253003,0.636984580604202,0.7171252025845066,0.807646895503209,1.8166324435318275,0.15196292062889522
207.0,2180.0,0.15458937198067632,0.04830917874396135,0.7971014492753623,0.03864734299516908,0.30434782608695654,0.5217391304347826,0.07246376811594203,1.7241379310344827,0.46372223817307395,2.161368002234975,2.4341236593516373,0.5725961754394608,0.6362217900324898,0.7214082701871278,0.8181319872686091,1.8282220885949088,0.15048279051402394
207.0,2180.0,0.15458937198067632,0.04830917874396135,0.7971014492753623,0.043478260869565216,0.30434782608695654,0.5314009661835749,0.07246376811594203,1.7074829931972788,0.526176234263111,2.167317334748176,2.4293194754551353,0.5690195343223828,0.6316426611159607,0.725719268245134,0.8159837699364872,1.830100061261997,0.16307433010493613
206.0,2180.0,0.1407766990291262,0.043689320388349516,0.8155339805825244,0.043689320388349516,0.3106796116504854,0.5194174757281553,0.07281553398058252,1.7401574803149606,0.5802653802451609,2.103803720955957,2.443442365866752,0.5712504668201551,0.6336453626935667,0.7102805881981646,0.8023488279254224,1.7905586477015047,0.1591400190152196
206.0,2180.0,0.13592233009708737,0.043689320388349516,0.8203883495145632,0.05339805825242718,0.3106796116504854,0.5242718446601942,0.07281553398058252,1.7109375,0.5043487068588917,2.1072099696478683,2.4375824320361095,0.5556589679784579,0.6425876933671537,0.7211221211022957,0.8174826300346599,1.755416076128771,0.16222075790744228
207.0,2180.0,0.13526570048309178,0.04830917874396135,0.8164251207729469,0.043478260869565216,0.30917874396135264,0.5217391304347826,0.07246376811594203,1.7575757575757576,0.5811440693420891,2.12057393120585,2.439370587643056,0.5605775770586274,0.6298059385233581,0.7201182057894503,0.8094676198449972,1.7295517314637774,0.1636010780897902
206.0,2180.0,0.1407766990291262,0.043689320388349516,0.8155339805825244,0.043689320388349516,0.3058252427184466,0.529126213592233,0.07281553398058252,1.681159420289855,0.4677248434113662,2.1398790864012365,2.4479514892765084,0.5564003439722014,0.6263953345004446,0.7121332076826242,0.8004169486244493,1.74059003051882,0.155421188808195
206.0,2180.0,0.1407766990291262,0.043689320388349516,0.8155339805825244,0.038834951456310676,0.3106796116504854,0.529126213592233,0.07281553398058252,1.72992700729927,0.5355542708128008,2.1367205671564067,2.450632828554597,0.5650394264876969,0.6296354624969108,0.7145580049127074,0.800635548137482,1.7574361122748219,0.14940488569373228
207.0,2180.0,0.12560386473429952,0.04830917874396135,0.8260869565217391,0.06280193236714976,0.30434782608695654,0.5217391304347826,0.07246376811594203,1.7086614173228347,0.45617867949581636,2.103803720955957,2.4390589083705083,0.5588433339886443,0.6295437581119,0.7260058312187606,0.8086734097476581,1.7977059436913452,0.1533634135825233
206.0,2180.0,0.13592233009708737,0.043689320388349516,0.8203883495145632,0.04854368932038835,0.3106796116504854,0.5194174757281553,0.0825242718446602,1.712,0.5207934393323448,2.0969100130080562,2.4325317910219435,0.5612457749613075,0.6356000942871307,0.7164920259331329,0.8049900736834803,1.71356993736952,0.15146041147806302
206.0,2180.0,0.1553398058252427,0.04854368932038835,0.796116504854369,0.05825242718446602,0.3058252427184466,0.5194174757281553,0.07281553398058252,1.7423312883435582,0.572938678286538,2.2121876044039577,2.428428845486014,0.5582984987183786,0.6328210221264181,0.7243337999140025,0.8058725068539861,1.794655704008222,0.14683604087911745
206.0,2180.0,0.13106796116504854,0.043689320388349516,0.825242718446602,0.05339805825242718,0.3106796116504854,0.5242718446601942,0.07281553398058252,1.751937984496124,0.5732447087623497,2.110589710299249,2.4311470356387357,0.5617078811111609,0.6323896585436068,0.711446999238231,0.7987523001946438,1.7661340527080307,0.14960119967266589
206.0,2180.0,0.13592233009708737,0.043689320388349516,0.8203883495145632,0.02912621359223301,0.3058252427184466,0.5388349514563107,0.07281553398058252,1.748091603053435,0.5594435621549695,2.1172712956557644,2.447823140964883,0.5627083645346103,0.6298894923366013,0.7171281338704594,0.8061252406589695,1.798862251117432,0.1470426895178629
206.0,2180.0,0.1407766990291262,0.043689320388349516,0.8155339805825244,0.02912621359223301,0.3106796116504854,0.529126213592233,0.07281553398058252,1.7348484848484849,0.492072242025226,2.12057393120585,2.4411814113865384,0.5670377279398364,0.6252483840058275,0.7214817936198791,0.8072111574777401,1.8120645032848894,0.14979486807565148
207.0,2180.0,0.13526570048309178,0.04830917874396135,0.8164251207729469,0.03864734299516908,0.30434782608695654,0.5314009661835749,0.07246376811594203,1.7313432835820894,0.47752776724331447,2.1271047983648077,2.439054626831085,0.5556164171286223,0.6353896227187734,0.7112677259699948,0.8078956909139611,1.8157570783750514,0.1583011918581058
206.0,2180.0,0.15048543689320387,0.043689320388349516,0.8058252427184467,0.04854368932038835,0.3058252427184466,0.529126213592233,0.07281553398058252,1.75,0.46559984620188266,2.1583624920952498,2.437462599199868,0.5537753207479666,0.6316280710393095,0.7130632822785318,0.8027068766077458,1.7884304207119741,0.15219522232898916
207.0,2180.0,0.14009661835748793,0.04830917874396135,0.8115942028985508,0.04830917874396135,0.30434782608695654,0.5217391304347826,0.0821256038647343,1.7153846153846153,0.5169171493540938,2.113943352306837,2.448339578130949,0.5702603650713113,0.628797642610317,0.7240429947094379,0.8146934516591215,1.8126654449195683,0.15479858506731173
207.0,2180.0,0.1497584541062802,0.04830917874396135,0.8019323671497585,0.028985507246376812,0.30917874396135264,0.5217391304347826,0.07246376811594203,1.75,0.4981447060324421,2.1335389083702174,2.4287615830901688,0.5656257186613628,0.6336602129693778,0.7304342401721675,0.819892900134255,1.7929324240545568,0.1475256531874182
207.0,2180.0,0.1497584541062802,0.04830917874396135,0.8019323671497585,0.04830917874396135,0.3140096618357488,0.5120772946859904,0.07246376811594203,1.7430555555555556,0.4981999455070082,2.1583624920952498,2.418680265201029,0.5732610621350598,0.6290785777617438,0.7157286182027649,0.8071900889671254,1.785612968591692,0.15547138074799136
206.0,2180.0,0.14563106796116504,0.04854368932038835,0.8058252427184467,0.04854368932038835,0.3058252427184466,0.5339805825242718,0.07281553398058252,1.7254901960784315,0.5030864490643713,2.184691430817599,2.4127808020186463,0.5608034991926127,0.6312973917483082,0.70952504170104,0.8002111834854558,1.8448067632850242,0.1528302912349892
206.0,2180.0,0.14563106796116504,0.043689320388349516,0.8106796116504855,0.03398058252427184,0.3058252427184466,0.529126213592233,0.0825242718446602,1.7426470588235294,0.5442810212246606,2.1335389083702174,2.442565542618402,0.5627862410395379,0.629658289378542,0.7178254557248861,0.8017969670398757,1.7976973684210527,0.1458436847143607
207.0,2180.0,0.13526570048309178,0.04830917874396135,0.8164251207729469,0.03864734299516908,0.30917874396135264,0.5265700483091788,0.0821256038647343,1.7028985507246377,0.5184116715176922,2.1398790864012365,2.4420141126787063,0.5646003984385783,0.6349036880852076,0.7213165866058425,0.8107150588618097,1.7190557209698,0.14503180838830393
140.0,766.0,0.12142857142857143,0.15714285714285714,0.7214285714285714,0.03571428571428571,0.34285714285714286,0.30714285714285716,0.02857142857142857,2.4715447154471546,0.7166086255163746,2.089905111439398,2.463462580695991,0.9307635411533344,0.7314108866542907,0.8718861040518072,1.1254824925108224,1.881964117091596,0.22953871427813938
141.0,766.0,0.12056737588652482,0.1773049645390071,0.7021276595744681,0.03546099290780142,0.3333333333333333,0.3049645390070922,0.028368794326241134,2.3969465648854964,0.7613691039879015,2.1172712956557644,2.4167021304890857,0.9328815902692573,0.7325507747012672,0.878026337006788,1.1305876986738024,1.881964117091596,0.22927754134384715
141.0,766.0,0.12056737588652482,0.1702127659574468,0.7092198581560284,0.03546099290780142,0.3333333333333333,0.2978723404255319,0.028368794326241134,2.4580152671755724,0.7259957828308627,2.1172712956557644,2.429836078622094,0.936420918835459,0.7345564483418993,0.8781659638139748,1.133457828846061,1.892143189214319,0.2280101717205017
142.0,766.0,0.11971830985915492,0.176056338028169,0.7042253521126761,0.035211267605633804,0.33098591549295775,0.3028169014084507,0.028169014084507043,2.481203007518797,0.7240616054423372,2.123851640967086,2.436534699692255,0.9318123025590244,0.7344080475187397,0.8825447442925888,1.1404686172081298,1.8974828375286041,0.2297956665596486
142.0,766.0,0.11971830985915492,0.19014084507042253,0.6901408450704226,0.035211267605633804,0.31690140845070425,0.3028169014084507,0.028169014084507043,2.4475524475524475,0.7475624396016181,2.155336037465062,2.4007660164277764,0.9355553404261929,0.7339876257692667,0.8840823184416435,1.1409015819084636,1.9048263419034732,0.23197035018981688
141.0,766.0,0.12056737588652482,0.1773049645390071,0.7021276595744681,0.03546099290780142,0.3262411347517731,0.3049645390070922,0.028368794326241134,2.4525547445255476,0.737352207720978,2.1367205671564067,2.418492524899792,0.9336829166024986,0.7325507747012672,0.8785847110965663,1.1333496540117955,1.8974358974358974,0.23069580368036258
141.0,766.0,0.12056737588652482,0.1702127659574468,0.7092198581560284,0.03546099290780142,0.3333333333333333,0.3049645390070922,0.028368794326241134,2.4651162790697674,0.7293673588707179,2.110589710299249,2.445279592858795,0.9301896246547886,0.7338049631500869,0.8772579923242783,1.1335659933573328,1.8898186889818689,0.2307588334797083
142.0,766.0,0.11971830985915492,0.19014084507042253,0.6901408450704226,0.035211267605633804,0.31690140845070425,0.3028169014084507,0.028169014084507043,2.4214285714285713,0.7592864611680182,2.146128035678238,2.4008174901518657,0.9318647153508642,0.735080222169593,0.8836632453642581,1.1401979307816437,1.8974358974358974,0.23193838856390128
141.0,766.0,0.12056737588652482,0.1702127659574468,0.7092198581560284,0.03546099290780142,0.3333333333333333,0.3049645390070922,0.028368794326241134,2.4651162790697674,0.7293673588707179,2.110589710299249,2.445279592858795,0.9304424494405661,0.732550774701267,0.8772579923242783,1.132754507767646,1.8898186889818689,0.23081445856662247
142.0,766.0,0.11971830985915492,0.176056338028169,0.7042253521126761,0.035211267605633804,0.33098591549295775,0.29577464788732394,0.028169014084507043,2.5,0.7071067811865476,2.1398790864012365,2.4206786422156537,0.9386059201554493,0.7359195771146884,0.8831041719090007,1.1414425568363036,1.9048692515779981,0.22611674143016022
142.0,766.0,0.11971830985915492,0.16901408450704225,0.7112676056338029,0.035211267605633804,0.3380281690140845,0.3028169014084507,0.028169014084507043,2.5,0.7014271166700072,2.100370545117563,2.4427872183267314,0.9347625175855256,0.7388498103984569,0.880443724954173,1.1410097974129703,1.8898186889818689,0.2262708420628623
141.0,766.0,0.12056737588652482,0.1702127659574468,0.7092198581560284,0.03546099290780142,0.3333333333333333,0.3049645390070922,0.028368794326241134,2.4580152671755724,0.7259957828308629,2.1172712956557644,2.426289979331314,0.932201206701891,0.7334707225896349,0.8772579923242783,1.1320507497296302,1.892143189214319,0.2280565259595969
141.0,766.0,0.12056737588652482,0.1702127659574468,0.7092198581560284,0.03546099290780142,0.3333333333333333,0.3049645390070922,0.028368794326241134,2.4365079365079363,0.7429242948891279,2.100370545117563,2.445343254525766,0.9338181913709357,0.733804963150087,0.8769784273568441,1.1322673372534235,1.881964117091596,0.23079401380604203
142.0,766.0,0.11971830985915492,0.18309859154929578,0.6971830985915494,0.035211267605633804,0.323943661971831,0.3028169014084507,0.028169014084507043,2.4318181818181817,0.7535481649628021,2.12057393120585,2.427415916787214,0.9354421769369834,0.7362550511629565,0.8823348674917827,1.1403603503478499,1.8898186889818689,0.23200590604150542
141.0,766.0,0.12056737588652482,0.1702127659574468,0.7092198581560284,0.03546099290780142,0.3333333333333333,0.3049645390070922,0.028368794326241134,2.4651162790697674,0.7293673588707178,2.110589710299249,2.445279592858795,0.9304424494405661,0.732550774701267,0.8772579923242783,1.132754507767646,1.8898186889818689,0.23081445856662247
141.0,766.0,0.12056737588652482,0.16312056737588654,0.7163120567375887,0.03546099290780142,0.3404255319148936,0.3049645390070922,0.028368794326241134,2.441666666666667,0.7310155631047812,2.0791812460476247,2.4531545647318636,0.9346774385067783,0.7351404057279533,0.8757892806475994,1.1313465539165766,1.8738609112709832,0.22794889215451766
142.0,766.0,0.11971830985915492,0.18309859154929578,0.6971830985915494,0.035211267605633804,0.323943661971831,0.3028169014084507,0.028169014084507043,2.4785714285714286,0.7243737771081815,2.146128035678238,2.4065537758419637,0.9329089476225777,0.7362550511629564,0.8831740754452989,1.1417129481769401,1.9048263419034732,0.2275657172640572
140.0,766.0,0.12142857142857143,0.16428571428571428,0.7142857142857143,0.03571428571428571,0.3357142857142857,0.3,0.02857142857142857,2.4651162790697674,0.7293673588707179,2.110589710299249,2.4591744470935004,0.9382020542783804,0.7269866136242167,0.8740477067827283,1.125157938413731,1.8898186889818689,0.2324071108617062
142.0,766.0,0.11971830985915492,0.18309859154929578,0.6971830985915494,0.035211267605633804,0.323943661971831,0.3028169014084507,0.028169014084507043,2.4785714285714286,0.7243737771081815,2.146128035678238,2.4065537758419637,0.9331604566769036,0.735080222169593,0.8831740754452989,1.140955690943698,1.9048263419034732,0.2276160190749224
141.0,766.0,0.12056737588652482,0.18439716312056736,0.6950354609929079,0.03546099290780142,0.3262411347517731,0.3049645390070922,0.028368794326241134,2.3884892086330933,0.7662329400129985,2.143014800254095,2.389908696363385,0.9305020191161191,0.7322159616314622,0.8792821800716121,1.1309129847003412,1.892143189214319,0.22937693293002617
140.0,766.0,0.12142857142857143,0.16428571428571428,0.7142857142857143,0.03571428571428571,0.3357142857142857,0.30714285714285716,0.02857142857142857,2.4365079365079363,0.7429242948891279,2.100370545117563,2.455667134915236,0.9299938796301888,0.7300780823002774,0.8728629746083622,1.125157938413731,1.881964117091596,0.23244254247608517
141.0,766.0,0.12056737588652482,0.16312056737588654,0.7163120567375887,0.03546099290780142,0.3404255319148936,0.3049645390070922,0.028368794326241134,2.5,0.7014271166700072,2.100370545117563,2.4530197517900416,0.9312089550332261,0.733804963150087,0.8763490801001157,1.1330791717436306,1.8898186889818689,0.22792195404708418
142.0,766.0,0.11971830985915492,0.19014084507042253,0.6901408450704226,0.035211267605633804,0.323943661971831,0.3028169014084507,0.028169014084507043,2.4,0.7745966692414834,2.130333768495006,2.4178323746618835,0.9337196323672392,0.7350802221695932,0.8833837528647375,1.140035488075706,1.8898186889818689,0.23341435674573077
142.0,766.0,0.11971830985915492,0.16901408450704225,0.7112676056338029,0.035211267605633804,0.3380281690140845,0.29577464788732394,0.028169014084507043,2.50381679389313,0.7057352500055606,2.1172712956557644,2.4558942202092386,0.9340920096954295,0.735416079105702,0.8824747909050403,1.140035488075706,1.8974828375286041,0.2270939947498755
142.0,766.0,0.11971830985915492,0.176056338028169,0.7042253521126761,0.035211267605633804,0.33098591549295775,0.29577464788732394,0.028169014084507043,2.5073529411764706,0.7096824906060222,2.1335389083702174,2.4278111877145205,0.9370963605011028,0.7382646941692395,0.8831041719090007,1.1420913885079051,1.9021937842778793,0.2265034627559303
142.0,766.0,0.11971830985915492,0.18309859154929578,0.6971830985915494,0.035211267605633804,0.33098591549295775,0.3028169014084507,0.028169014084507043,2.3969465648854964,0.7613691039879015,2.1172712956557644,2.406725354922261,0.9331436894066153,0.7362550511629564,0.8821249407567007,1.1376503302274614,1.881964117091596,0.22766291077100315
141.0,766.0,0.12056737588652482,0.18439716312056736,0.6950354609929079,0.03546099290780142,0.3262411347517731,0.3049645390070922,0.028368794326241134,2.4,0.7745966692414834,2.130333768495006,2.427887923418351,0.929919445661205,0.7313782583923569,0.8792821800716121,1.1329709607555978,1.8898186889818689,0.23506977771555868
142.0,766.0,0.11971830985915492,0.16901408450704225,0.7112676056338029,0.035211267605633804,0.34507042253521125,0.29577464788732394,0.028169014084507043,2.448,0.7345834896223891,2.0969100130080562,2.455638338991841,0.9359000185223245,0.7371768176050493,0.8811446213686737,1.137758854967873,1.8820198206701275,0.22632351687172117
142.0,766.0,0.11971830985915492,0.18309859154929578,0.6971830985915494,0.035211267605633804,0.323943661971831,0.3028169014084507,0.028169014084507043,2.4357142857142855,0.7414812540814247,2.146128035678238,2.391137281212987,0.931638357201971,0.7350802221695929,0.8835235101662776,1.138843533576642,1.8974358974358974,0.22714127895863237
141.0,766.0,0.12056737588652482,0.16312056737588654,0.7163120567375887,0.03546099290780142,0.3404255319148936,0.3049645390070922,0.028368794326241134,2.4715447154471546,0.7166086255163746,2.089905111439398,2.4530834134570125,0.9345865128839379,0.7351404057279533,0.8759992473643424,1.132592140879614,1.881964117091596,0.22791078013432278
141.0,766.0,0.12056737588652482,0.1702127659574468,0.7092198581560284,0.03546099290780142,0.3333333333333333,0.3049645390070922,0.028368794326241134,2.4651162790697674,0.729367358870718,2.110589710299249,2.4433682412808437,0.9292271119901481,0.733804963150087,0.8772579923242783,1.1334037427194872,1.8898186889818689,0.22927284901500042
140.0,766.0,0.12142857142857143,0.16428571428571428,0.7142857142857143,0.03571428571428571,0.3357142857142857,0.30714285714285716,0.02857142857142857,2.4651162790697674,0.7293673588707178,2.110589710299249,2.4556030185220723,0.9334822517232121,0.7300780823002773,0.873141879740887,1.1264555937395777,1.8898186889818689,0.2324071108617062
141.0,766.0,0.12056737588652482,0.1773049645390071,0.7021276595744681,0.03546099290780142,0.3262411347517731,0.3049645390070922,0.028368794326241134,2.4525547445255476,0.7373522077209781,2.1367205671564067,2.418492524899792,0.9336829166024986,0.7325507747012671,0.8785847110965663,1.1333496540117955,1.8974358974358974,0.23069580368036258
142.0,766.0,0.11971830985915492,0.176056338028169,0.7042253521126761,0.035211267605633804,0.33098591549295775,0.3028169014084507,0.028169014084507043,2.4296875,0.7390523166675371,2.1072099696478683,2.416308897047591,0.9349005306655856,0.73751171976899,0.8810745568176207,1.1380301215414674,1.881964117091596,0.2262801041272189
142.0,766.0,0.11971830985915492,0.176056338028169,0.7042253521126761,0.035211267605633804,0.3380281690140845,0.3028169014084507,0.028169014084507043,2.4,0.7513428837969107,2.0969100130080562,2.4163795472571246,0.935911964593484,0.7385155150323722,0.8809344109978984,1.1374875237029736,1.8762589928057554,0.22647724248909348
142.0,766.0,0.11971830985915492,0.19014084507042253,0.6901408450704226,0.035211267605633804,0.323943661971831,0.3028169014084507,0.028169014084507043,2.394160583941606,0.7703863071592589,2.1367205671564067,2.4008743821627023,0.9354640066589666,0.735080222169593,0.8833837528647375,1.1388977403897633,1.8898186889818689,0.23197070119814125
141.0,766.0,0.12056737588652482,0.1773049645390071,0.7021276595744681,0.03546099290780142,0.3262411347517731,0.3049645390070922,0.028368794326241134,2.425373134328358,0.7497053623928724,2.1271047983648077,2.416638468822116,0.9296181358668474,0.7297839730860246,0.8782357688930761,1.1300453472200462,1.8898186889818689,0.2292423610175134
141.0,766.0,0.12056737588652482,0.16312056737588654,0.7163120567375887,0.03546099290780142,0.3404255319148936,0.3049645390070922,0.028368794326241134,2.4715447154471546,0.7166086255163746,2.089905111439398,2.4530834134570125,0.9345865128839379,0.7351404057279533,0.8759992473643424,1.132592140879614,1.881964117091596,0.22791078013432278
141.0,766.0,0.12056737588652482,0.1702127659574468,0.7092198581560284,0.03546099290780142,0.3333333333333333,0.3049645390070922,0.028368794326241134,2.453846153846154,0.7378109089652939,2.113943352306837,2.446780184552047,0.9303930264539351,0.732550774701267,0.8780961531856535,1.13324146885158,1.8898186889818689,0.23176008504416384
141.0,766.0,0.12056737588652482,0.1702127659574468,0.7092198581560284,0.03546099290780142,0.3333333333333333,0.2978723404255319,0.028368794326241134,2.446969696969697,0.734269060024887,2.12057393120585,2.4380466424810012,0.9323808380663775,0.7334707225896347,0.8781659638139748,1.1315090995412138,1.8898186889818689,0.2280121483033806
141.0,766.0,0.12056737588652482,0.1702127659574468,0.7092198581560284,0.03546099290780142,0.3333333333333333,0.3049645390070922,0.028368794326241134,2.4651162790697674,0.729367358870718,2.110589710299249,2.4433682412808437,0.9292271119901481,0.733804963150087,0.8772579923242783,1.1334037427194872,1.8898186889818689,0.22927284901500042
139.0,766.0,0.1223021582733813,0.16546762589928057,0.7122302158273381,0.03597122302158273,0.3381294964028777,0.30935251798561153,0.02877697841726619,2.3969465648854964,0.7613691039879015,2.1172712956557644,2.4370863338054756,0.9323783449082805,0.7250815081174576,0.8697708827320823,1.1163251042353828,1.881964117091596,0.23257649877325506
141.0,766.0,0.12056737588652482,0.16312056737588654,0.7163120567375887,0.03546099290780142,0.3475177304964539,0.3049645390070922,0.028368794326241134,2.4297520661157024,0.7396671129748362,2.0827853703164503,2.454655156425115,0.934883142967802,0.733804963150087,0.8766987732406973,1.1310213925861898,1.8738609112709832,0.22894087287115422
142.0,766.0,0.11971830985915492,0.18309859154929578,0.6971830985915494,0.035211267605633804,0.323943661971831,0.3028169014084507,0.028169014084507043,2.4420289855072466,0.7449892562006771,2.1398790864012365,2.409523486577975,0.9301209192408711,0.735080222169593,0.8827545711947348,1.139331302049373,1.8974828375286041,0.22898874203919276
140.0,766.0,0.12142857142857143,0.16428571428571428,0.7142857142857143,0.03571428571428571,0.3357142857142857,0.30714285714285716,0.02857142857142857,2.446969696969697,0.734269060024887,2.12057393120585,2.4379890751033124,0.9345364640960558,0.7288263646595858,0.8739780611109889,1.1248332906713332,1.8898186889818689,0.23047164318804672
141.0,766.0,0.12056737588652482,0.1702127659574468,0.7092198581560284,0.03546099290780142,0.3333333333333333,0.3049645390070922,0.028368794326241134,2.4651162790697674,0.7293673588707178,2.110589710299249,2.445279592858795,0.9305506183863065,0.7310429083176291,0.8772579923242783,1.1317799570384666,1.8898186889818689,0.2307588334797083
142.0,766.0,0.11971830985915492,0.16901408450704225,0.7112676056338029,0.035211267605633804,0.3380281690140845,0.3028169014084507,0.028169014084507043,2.4596774193548385,0.7258210215048382,2.093421685162235,2.443933353848104,0.9345470776591457,0.7375117197689903,0.8801632101087128,1.138464013616723,1.8820198206701275,0.22616225947225188
142.0,766.0,0.11971830985915492,0.176056338028169,0.7042253521126761,0.035211267605633804,0.33098591549295775,0.3028169014084507,0.028169014084507043,2.470149253731343,0.73259553517431,2.1271047983648077,2.435719384786056,0.930206971955627,0.7359195771146887,0.8826146921358421,1.140955690943698,1.8975297346752058,0.22815822048578582
142.0,766.0,0.11971830985915492,0.19014084507042253,0.6901408450704226,0.035211267605633804,0.31690140845070425,0.3028169014084507,0.028169014084507043,2.425675675675676,0.7477059356505225,2.1702617153949575,2.3645442728643844,0.9360782575209952,0.734744211710846,0.8849198692130651,1.1392771158651185,1.9070816418583671,0.2272449548864711
141.0,766.0,0.12056737588652482,0.1702127659574468,0.7092198581560284,0.03546099290780142,0.3333333333333333,0.3049645390070922,0.028368794326241134,2.4651162790697674,0.7293673588707179,2.110589710299249,2.445279592858795,0.9301896246547886,0.733804963150087,0.8772579923242783,1.1335659933573328,1.8898186889818689,0.2307588334797083
141.0,766.0,0.12056737588652482,0.16312056737588654,0.7163120567375887,0.03546099290780142,0.3404255319148936,0.3049645390070922,0.028368794326241134,2.4715447154471546,0.7166086255163746,2.089905111439398,2.4530834134570125,0.9345865128839379,0.7351404057279533,0.8759992473643424,1.132592140879614,1.881964117091596,0.22791078013432278
142.0,766.0,0.11971830985915492,0.176056338028169,0.7042253521126761,0.035211267605633804,0.33098591549295775,0.3028169014084507,0.028169014084507043,2.4296875,0.7390523166675371,2.1072099696478683,2.416308897047591,0.9358216792919308,0.7385155150323721,0.8810745568176209,1.1386808976542124,1.8843248347497639,0.22643939886340703
142.0,766.0,0.11971830985915492,0.18309859154929578,0.6971830985915494,0.035211267605633804,0.323943661971831,0.3028169014084507,0.028169014084507043,2.448529411764706,0.7485279671776192,2.1335389083702174,2.42654370987018,0.9283765449491437,0.7350802221695933,0.8827545711947348,1.14046861720813,1.8974828375286041,0.23031444851302943
141.0,766.0,0.12056737588652482,0.1773049645390071,0.7021276595744681,0.03546099290780142,0.3262411347517731,0.3049645390070922,0.028368794326241134,2.4318181818181817,0.7535481649628021,2.12057393120585,2.4356280823495977,0.9284587904771459,0.732550774701267,0.8782357688930761,1.133133273362457,1.8898186889818689,0.2321653535345387
142.0,766.0,0.11971830985915492,0.176056338028169,0.7042253521126761,0.035211267605633804,0.3380281690140845,0.29577464788732394,0.028169014084507043,2.43609022556391,0.7421649683746361,2.123851640967086,2.4294095775955604,0.9373988799343245,0.7368417632246439,0.8831740754452989,1.1388977403897633,1.8898698884758365,0.22710063687091533
142.0,766.0,0.11971830985915492,0.18309859154929578,0.6971830985915494,0.035211267605633804,0.323943661971831,0.3028169014084507,0.028169014084507043,2.425373134328358,0.7497053623928724,2.1271047983648077,2.40666214157689,0.933061802737765,0.7362550511629564,0.8823348674917829,1.1388977403897633,1.8898186889818689,0.2276279781934464
141.0,766.0,0.12056737588652482,0.16312056737588654,0.7163120567375887,0.03546099290780142,0.3404255319148936,0.3049645390070922,0.028368794326241134,2.5,0.7014271166700072,2.100370545117563,2.4530197517900416,0.9309579461677908,0.7351404057279533,0.8763490801001157,1.1339444878958542,1.8898186889818689,0.227875599807989
141.0,766.0,0.12056737588652482,0.1702127659574468,0.7092198581560284,0.03546099290780142,0.3333333333333333,0.3049645390070922,0.028368794326241134,2.4296875,0.7390523166675371,2.1072099696478683,2.4263536409982835,0.9355746459703833,0.734806772618707,0.8769784273568441,1.1316174503198237,1.8843248347497639,0.22804535204683543
141.0,766.0,0.12056737588652482,0.1702127659574468,0.7092198581560284,0.03546099290780142,0.3333333333333333,0.3049645390070922,0.028368794326241134,2.481203007518797,0.7240616054423372,2.123851640967086,2.4463125516550535,0.9333614967653049,0.732550774701267,0.8776771728079368,1.1337822914227125,1.8974828375286041,0.2305632169759722
141.0,766.0,0.12056737588652482,0.16312056737588654,0.7163120567375887,0.03546099290780142,0.3404255319148936,0.3049645390070922,0.028368794326241134,2.441666666666667,0.7310155631047812,2.0791812460476247,2.4531545647318636,0.9346774385067783,0.7351404057279533,0.8757892806475994,1.1313465539165766,1.8738609112709832,0.22794889215451766
141.0,766.0,0.12056737588652482,0.1702127659574468,0.7092198581560284,0.03546099290780142,0.3333333333333333,0.3049645390070922,0.028368794326241134,2.463235294117647,0.7293638855605019,2.1335389083702174,2.4287608576746575,0.9353213531638993,0.7322159616314622,0.878514933743731,1.132754507767646,1.8997711670480548,0.2288065359334022
142.0,766.0,0.11971830985915492,0.18309859154929578,0.6971830985915494,0.035211267605633804,0.323943661971831,0.3028169014084507,0.028169014084507043,2.4525547445255476,0.7373522077209781,2.1367205671564067,2.4085031409216247,0.9304182458361013,0.7362550511629563,0.8826846344361183,1.1404144850627982,1.8974358974358974,0.2290711853445854
140.0,766.0,0.12142857142857143,0.15714285714285714,0.7214285714285714,0.03571428571428571,0.34285714285714286,0.30714285714285716,0.02857142857142857,2.4596774193548385,0.7258210215048382,2.093421685162235,2.4649738909013372,0.9309748629326005,0.7300780823002773,0.8727234886173928,1.1251038369619997,1.881964117091596,0.23053778057132332
142.0,766.0,0.11971830985915492,0.18309859154929578,0.6971830985915494,0.035211267605633804,0.323943661971831,0.3028169014084507,0.028169014084507043,2.448529411764706,0.748527967177619,2.1335389083702174,2.4284416012257517,0.9315455590336507,0.7350802221695931,0.8827545711947348,1.1406309982300817,1.8974828375286041,0.23178996829840834
141.0,766.0,0.12056737588652482,0.16312056737588654,0.7163120567375887,0.03546099290780142,0.3404255319148936,0.3049645390070922,0.028368794326241134,2.5153846153846153,0.6958861996492343,2.113943352306837,2.4544630479830207,0.9348875230015887,0.732550774701267,0.8775374682282023,1.1341066611721518,1.8974358974358974,0.22889066380968107
141.0,766.0,0.12056737588652482,0.1702127659574468,0.7092198581560284,0.03546099290780142,0.3333333333333333,0.3049645390070922,0.028368794326241134,2.4296875,0.7390523166675371,2.1072099696478683,2.4263536409982835,0.9355746459703833,0.734806772618707,0.8769784273568441,1.1316174503198235,1.8843248347497639,0.22804535204683543
141.0,766.0,0.12056737588652482,0.16312056737588654,0.7163120567375887,0.03546099290780142,0.3404255319148936,0.3049645390070922,0.028368794326241134,2.5,0.7014271166700072,2.100370545117563,2.4530197517900416,0.9313148213170892,0.7323833872990679,0.8763490801001157,1.1321590486708073,1.8898186889818689,0.227875599807989
142.0,766.0,0.11971830985915492,0.19014084507042253,0.6901408450704226,0.035211267605633804,0.31690140845070425,0.3028169014084507,0.028169014084507043,2.415492957746479,0.75552769353263,2.1522883443830563,2.3800637149415405,0.9306988118840867,0.7359195771146885,0.8836632453642583,1.1392771158651185,1.8997252747252746,0.22772928978219442
141.0,766.0,0.12056737588652482,0.1702127659574468,0.7092198581560284,0.03546099290780142,0.3333333333333333,0.3049645390070922,0.028368794326241134,2.4296875,0.7390523166675371,2.1072099696478683,2.4263536409982835,0.934646964375057,0.7338049631500873,0.8769784273568442,1.1309671899421834,1.881964117091596,0.2278849275607453
139.0,766.0,0.1223021582733813,0.1510791366906475,0.7266187050359711,0.03597122302158273,0.34532374100719426,0.30935251798561153,0.02877697841726619,2.441666666666667,0.7310155631047812,2.0791812460476247,2.4740632635049837,0.9305857812328094,0.7276609412373332,0.8675443835122371,1.1170828284848844,1.8738609112709832,0.2312287323294028
141.0,766.0,0.12056737588652482,0.1702127659574468,0.7092198581560284,0.03546099290780142,0.3333333333333333,0.3049645390070922,0.028368794326241134,2.4580152671755724,0.7259957828308627,2.1172712956557644,2.426289979331314,0.9310183976589099,0.7338049631500873,0.8772579923242783,1.1322673372534235,1.8898186889818689,0.22784974723441156
142.0,766.0,0.11971830985915492,0.176056338028169,0.7042253521126761,0.035211267605633804,0.33098591549295775,0.3028169014084507,0.028169014084507043,2.5185185185185186,0.7002329234208893,2.130333768495006,2.43499320182205,0.9341912225435781,0.7347442117108463,0.8823348674917827,1.141767018761033,1.9048263419034732,0.22907151034271542
142.0,766.0,0.11971830985915492,0.20422535211267606,0.676056338028169,0.035211267605633804,0.30985915492957744,0.3028169014084507,0.028169014084507043,2.384105960264901,0.7819712454416541,2.1789769472931693,2.3665388310335063,0.9356044015299546,0.7329776296964925,0.8861050443106994,1.1400896382160435,1.9048263419034732,0.23471593263428228
141.0,766.0,0.12056737588652482,0.1702127659574468,0.7092198581560284,0.03546099290780142,0.3333333333333333,0.2978723404255319,0.028368794326241134,2.474074074074074,0.7210029253426653,2.130333768495006,2.4312793748150705,0.9400357048701805,0.7331363296472364,0.8793518965427729,1.134376898444459,1.8974828375286041,0.22851633681477493
141.0,766.0,0.12056737588652482,0.1702127659574468,0.7092198581560284,0.03546099290780142,0.3404255319148936,0.2978723404255319,0.028368794326241134,2.4365079365079363,0.7429242948891279,2.100370545117563,2.448889353816546,0.9381241690811685,0.7334707225896346,0.8779565152760546,1.1328086248920457,1.881964117091596,0.23079401380604203
142.0,766.0,0.11971830985915492,0.176056338028169,0.7042253521126761,0.035211267605633804,0.33098591549295775,0.3028169014084507,0.028169014084507043,2.446969696969697,0.734269060024887,2.12057393120585,2.4177357078483364,0.9358822608399134,0.7371768176050489,0.8821949218855145,1.1396021943237045,1.8898698884758365,0.22693937947144605
142.0,766.0,0.11971830985915492,0.16901408450704225,0.7112676056338029,0.035211267605633804,0.3380281690140845,0.3028169014084507,0.028169014084507043,2.4596774193548385,0.7258210215048382,2.093421685162235,2.4439333538481036,0.9345470776591457,0.7375117197689903,0.8801632101087128,1.138464013616723,1.8820198206701275,0.22616225947225188
140.0,766.0,0.12142857142857143,0.15714285714285714,0.7214285714285714,0.03571428571428571,0.34285714285714286,0.30714285714285716,0.02857142857142857,2.4596774193548385,0.7258210215048382,2.093421685162235,2.464560973188791,0.930470070106379,0.7300780823002773,0.8719559168142973,1.124292002779648,1.8820198206701275,0.22939314889328405
142.0,766.0,0.11971830985915492,0.16901408450704225,0.7112676056338029,0.035211267605633804,0.3380281690140845,0.3028169014084507,0.028169014084507043,2.4881889763779528,0.7112044526915653,2.103803720955957,2.4438699585413484,0.9344651909902955,0.7375117197689903,0.880443724954173,1.1397646987839776,1.8898698884758365,0.22612732689469514
140.0,766.0,0.12142857142857143,0.15714285714285714,0.7214285714285714,0.03571428571428571,0.35,0.30714285714285716,0.02857142857142857,2.41025641025641,0.744564743877209,2.0681858617461617,2.4636148571297554,0.9345229396495751,0.7314108866542907,0.8716067970841825,1.1231002511263941,1.8654970760233918,0.22961877285443855
141.0,766.0,0.12056737588652482,0.1773049645390071,0.7021276595744681,0.03546099290780142,0.3262411347517731,0.3049645390070922,0.028368794326241134,2.4420289855072466,0.7449892562006771,2.1398790864012365,2.4195201070501597,0.9333874083282669,0.7313782583923572,0.8786544829081122,1.1322673372534235,1.8974828375286041,0.2306127756706764
141.0,766.0,0.12056737588652482,0.1702127659574468,0.7092198581560284,0.03546099290780142,0.3333333333333333,0.3049645390070922,0.028368794326241134,2.4296875,0.7390523166675371,2.1072099696478683,2.4263536409982835,0.934646964375057,0.7338049631500871,0.8769784273568442,1.1309671899421836,1.881964117091596,0.2278849275607453
142.0,766.0,0.11971830985915492,0.18309859154929578,0.6971830985915494,0.035211267605633804,0.323943661971831,0.3028169014084507,0.028169014084507043,2.448529411764706,0.7485279671776192,2.1335389083702174,2.4284416012257517,0.9315455590336507,0.7350802221695931,0.8827545711947348,1.1406309982300817,1.8974828375286041,0.23178996829840834
142.0,766.0,0.11971830985915492,0.18309859154929578,0.6971830985915494,0.035211267605633804,0.323943661971831,0.3028169014084507,0.028169014084507043,2.4592592592592593,0.740743504693572,2.130333768495006,2.4254611334208085,0.9286738715443741,0.7362550511629565,0.8826846344361181,1.141550721058049,1.8974358974358974,0.2304980736218865
141.0,766.0,0.12056737588652482,0.1702127659574468,0.7092198581560284,0.03546099290780142,0.3333333333333333,0.3049645390070922,0.028368794326241134,2.481203007518797,0.7240616054423372,2.123851640967086,2.4463125516550535,0.9333614967653049,0.732550774701267,0.8776771728079368,1.1337822914227125,1.8974828375286041,0.2305632169759722
141.0,766.0,0.12056737588652482,0.16312056737588654,0.7163120567375887,0.03546099290780142,0.3404255319148936,0.3049645390070922,0.028368794326241134,2.4881889763779528,0.7112044526915653,2.103803720955957,2.4545203434832934,0.9320330334130907,0.7348067726187067,0.8771182209788219,1.1341607137777832,1.8898698884758365,0.22857473119021104
141.0,766.0,0.12056737588652482,0.1702127659574468,0.7092198581560284,0.03546099290780142,0.3333333333333333,0.3049645390070922,0.028368794326241134,2.4365079365079363,0.7429242948891279,2.100370545117563,2.445343254525766,0.9338181913709357,0.733804963150087,0.8769784273568441,1.1322673372534235,1.881964117091596,0.23079401380604203
141.0,766.0,0.12056737588652482,0.16312056737588654,0.7163120567375887,0.03546099290780142,0.3404255319148936,0.3049645390070922,0.028368794326241134,2.4765625,0.7205077360013529,2.1072099696478683,2.4556107627065247,0.9308658396927055,0.732550774701267,0.8771881094354498,1.1323756154804498,1.8898698884758365,0.22870450582274812
141.0,766.0,0.12056737588652482,0.1702127659574468,0.7092198581560284,0.03546099290780142,0.3333333333333333,0.3049645390070922,0.028368794326241134,2.4580152671755724,0.7259957828308627,2.1172712956557644,2.426289979331314,0.9313793913904278,0.7310429083176293,0.8772579923242783,1.1304792491986548,1.8898186889818689,0.22784974723441156
141.0,766.0,0.12056737588652482,0.1702127659574468,0.7092198581560284,0.03546099290780142,0.3404255319148936,0.3049645390070922,0.028368794326241134,2.4,0.7513428837969106,2.0969100130080562,2.4264247922731323,0.9347378899978976,0.7338049631500871,0.8768386114476904,1.129774073859128,1.8738609112709832,0.22792303958094018
142.0,766.0,0.11971830985915492,0.176056338028169,0.7042253521126761,0.035211267605633804,0.33098591549295775,0.3028169014084507,0.028169014084507043,2.5073529411764706,0.7096824906060223,2.1335389083702174,2.4364832259681664,0.93404092233396,0.7362550511629564,0.8830342628389375,1.143117952146613,1.9048263419034732,0.23006571083981567
140.0,766.0,0.12142857142857143,0.15714285714285714,0.7214285714285714,0.03571428571428571,0.34285714285714286,0.30714285714285716,0.02857142857142857,2.4881889763779528,0.7112044526915653,2.103803720955957,2.464909774508174,0.9353388276869307,0.731077913358846,0.8730024383126337,1.1270498531051036,1.8898698884758365,0.23020740784156968
141.0,766.0,0.12056737588652482,0.1702127659574468,0.7092198581560284,0.03546099290780142,0.3404255319148936,0.3049645390070922,0.028368794326241134,2.4065040650406506,0.7557148214616294,2.089905111439398,2.4435030542226652,0.9329466043291357,0.733804963150087,0.8768386114476904,1.1309129847003412,1.8738609112709832,0.22934614136152903
141.0,766.0,0.12056737588652482,0.1702127659574468,0.7092198581560284,0.03546099290780142,0.3333333333333333,0.3049645390070922,0.028368794326241134,2.492424242424242,0.715117159260556,2.12057393120585,2.445222297358522,0.9339098298253141,0.732550774701267,0.8776771728079368,1.1341607137777834,1.8974358974358974,0.23078191676476378
141.0,766.0,0.12056737588652482,0.16312056737588654,0.7163120567375887,0.03546099290780142,0.3404255319148936,0.3049645390070922,0.028368794326241134,2.5153846153846153,0.6958861996492344,2.113943352306837,2.4540527105862995,0.9343826430640848,0.732550774701267,0.8767686951320904,1.1332955627226162,1.8974828375286041,0.22772633754334806
142.0,766.0,0.11971830985915492,0.18309859154929578,0.6971830985915494,0.035211267605633804,0.323943661971831,0.29577464788732394,0.028169014084507043,2.448529411764706,0.748527967177619,2.1335389083702174,2.4371350031680326,0.9300190958145902,0.7359195771146887,0.8835933805275574,1.140793356138649,1.8974358974358974,0.23065933102135577
142.0,766.0,0.11971830985915492,0.176056338028169,0.7042253521126761,0.035211267605633804,0.33098591549295775,0.3028169014084507,0.028169014084507043,2.4365079365079363,0.7429242948891279,2.100370545117563,2.4351647809023453,0.9340775940910706,0.7375117197689903,0.8810745568176209,1.1393313020493732,1.881964117091596,0.22916870384966145
142.0,766.0,0.11971830985915492,0.16901408450704225,0.7112676056338029,0.035211267605633804,0.3380281690140845,0.29577464788732394,0.028169014084507043,2.553030303030303,0.6689902832438724,2.12057393120585,2.4461999793523725,0.9388814170286963,0.7385155150323722,0.8822648974634351,1.144359402337449,1.9048263419034732,0.22620858113347309
141.0,766.0,0.12056737588652482,0.16312056737588654,0.7163120567375887,0.03546099290780142,0.3404255319148936,0.3049645390070922,0.028368794326241134,2.5,0.7014271166700072,2.100370545117563,2.4530197517900416,0.9309579461677908,0.7351404057279533,0.8763490801001157,1.1339444878958542,1.8898186889818689,0.227875599807989
142.0,766.0,0.11971830985915492,0.18309859154929578,0.6971830985915494,0.035211267605633804,0.323943661971831,0.3028169014084507,0.028169014084507043,2.4785714285714286,0.7243737771081816,2.146128035678238,2.4065537758419637,0.9329089476225777,0.7362550511629564,0.8831740754452989,1.1417129481769401,1.9048263419034732,0.2275657172640572
142.0,753.0,0.11971830985915492,0.176056338028169,0.7042253521126761,0.035211267605633804,0.33098591549295775,0.3028169014084507,0.028169014084507043,2.5073529411764706,0.7096824906060223,2.1335389083702174,2.4375018116430778,0.9258283581351798,0.7413830403746451,0.8804614997886059,1.1470684376471028,1.9104072398190046,0.22947940392037264
142.0,753.0,0.11971830985915492,0.19718309859154928,0.6830985915492959,0.035211267605633804,0.31690140845070425,0.3028169014084507,0.028169014084507043,2.4081632653061225,0.774199560490212,2.167317334748176,2.396575286346624,0.9275965854946913,0.7334979112359165,0.8858157323844388,1.1442238844441235,1.9109403254972874,0.23516816951114805
142.0,753.0,0.11971830985915492,0.176056338028169,0.7042253521126761,0.035211267605633804,0.33098591549295775,0.3028169014084507,0.028169014084507043,2.4963503649635035,0.7187007025676192,2.1367205671564067,2.4388961941797747,0.9219618033585669,0.730180017616351,0.8868971096948083,1.143832903468842,1.910609480812641,0.22703884699945437
142.0,753.0,0.11971830985915492,0.18309859154929578,0.6971830985915494,0.035211267605633804,0.323943661971831,0.3028169014084507,0.028169014084507043,2.4855072463768115,0.7273138987028758,2.1398790864012365,2.4297606160841245,0.9266570079705218,0.74026173567369,0.8821291338721408,1.1473469358166724,1.9104072398190046,0.2322446570804293
142.0,753.0,0.1267605633802817,0.176056338028169,0.6971830985915493,0.035211267605633804,0.33098591549295775,0.3028169014084507,0.028169014084507043,2.4680851063829787,0.732443966548799,2.1492191126553797,2.421089899002645,0.9223414005112123,0.7350643179489281,0.881694402980944,1.1416521297226991,1.9068181818181817,0.22649174460689878
142.0,753.0,0.1267605633802817,0.176056338028169,0.6971830985915493,0.035211267605633804,0.33098591549295775,0.3028169014084507,0.028169014084507043,2.4855072463768115,0.7273138987028758,2.1398790864012365,2.43814745132829,0.922296084576899,0.7396572521297858,0.8803163388335494,1.1448938269064863,1.9067333939945406,0.22883073426755263
142.0,753.0,0.11971830985915492,0.16901408450704225,0.7112676056338029,0.035211267605633804,0.34507042253521125,0.3028169014084507,0.028169014084507043,2.4963503649635035,0.7187007025676192,2.1367205671564067,2.4489011677608907,0.9205896027227733,0.730180017616351,0.8827084420106109,1.1395232589285476,1.910649819494585,0.2248210398536659
142.0,753.0,0.11971830985915492,0.16901408450704225,0.7112676056338029,0.035211267605633804,0.3380281690140845,0.3028169014084507,0.028169014084507043,2.529850746268657,0.6903229984706318,2.1271047983648077,2.445971412743618,0.9275186072369791,0.7431908049609254,0.8782815663097744,1.145061251277688,1.9104072398190046,0.2248114982663223
142.0,753.0,0.11971830985915492,0.18309859154929578,0.6971830985915494,0.035211267605633804,0.323943661971831,0.3028169014084507,0.028169014084507043,2.4577464788732395,0.740167121598437,2.1522883443830563,2.4109745250451993,0.9223940617781559,0.7346295399995708,0.8831426737367472,1.1428269096077894,1.9109403254972874,0.22802619179477976
142.0,753.0,0.1267605633802817,0.176056338028169,0.6971830985915493,0.035211267605633804,0.3380281690140845,0.3028169014084507,0.028169014084507043,2.4642857142857144,0.743419227620519,2.146128035678238,2.4378572724535363,0.921460289951309,0.7349773829345868,0.8817668730136509,1.1422116994077143,1.9072727272727272,0.2276501388507544
142.0,753.0,0.11971830985915492,0.19718309859154928,0.6830985915492959,0.035211267605633804,0.30985915492957744,0.3028169014084507,0.028169014084507043,2.4315068493150687,0.7511603368635096,2.164352855784437,2.375962876353158,0.9231792652756267,0.7387928462462953,0.8868250588975576,1.1465112383586484,1.9126696832579186,0.22912614119492233
142.0,753.0,0.11971830985915492,0.16901408450704225,0.7112676056338029,0.035211267605633804,0.3380281690140845,0.3028169014084507,0.028169014084507043,2.529850746268657,0.6903229984706319,2.1271047983648077,2.448038814644327,0.9265470040305892,0.7359331032676858,0.8832150249351733,1.1442238844441237,1.9105286940804338,0.2253132654389153
142.0,753.0,0.11971830985915492,0.18309859154929578,0.6971830985915494,0.035211267605633804,0.323943661971831,0.3028169014084507,0.028169014084507043,2.4855072463768115,0.7273138987028759,2.1398790864012365,2.4289101950443244,0.92337378548351,0.737234361604525,0.8847330333465313,1.1472912415910612,1.9109000452284035,0.23106915645389167
142.0,753.0,0.11971830985915492,0.176056338028169,0.7042253521126761,0.035211267605633804,0.33098591549295775,0.3028169014084507,0.028169014084507043,2.5073529411764706,0.7096824906060223,2.1335389083702174,2.4359682864956573,0.9255935010772078,0.7382737169144056,0.881694402980944,1.1456749313123058,1.9104477611940298,0.2282711435253298
142.0,753.0,0.11971830985915492,0.176056338028169,0.7042253521126761,0.035211267605633804,0.33098591549295775,0.3028169014084507,0.028169014084507043,2.4892086330935252,0.7159356548977814,2.143014800254095,2.4206576435371896,0.9274825859478606,0.7326262381487362,0.8828532096501077,1.140195963330566,1.9105286940804338,0.2250281593631412
142.0,753.0,0.11971830985915492,0.16901408450704225,0.7112676056338029,0.035211267605633804,0.3380281690140845,0.3028169014084507,0.028169014084507043,2.5185185185185186,0.7002329234208892,2.130333768495006,2.4451506246045365,0.9266334668951414,0.7449084067893417,0.8760962086603843,1.1450612512776883,1.9103666817564509,0.2261266756736103
142.0,753.0,0.11971830985915492,0.16901408450704225,0.7112676056338029,0.035211267605633804,0.34507042253521125,0.3028169014084507,0.028169014084507043,2.4963503649635035,0.7187007025676192,2.1367205671564067,2.4472470193243994,0.9266655666606418,0.7346295399995707,0.8802437493790889,1.1408682710775588,1.910569105691057,0.2269694354400245
142.0,753.0,0.13380281690140844,0.18309859154929578,0.6830985915492958,0.035211267605633804,0.33098591549295775,0.3028169014084507,0.028169014084507043,2.4275862068965517,0.7614389483278693,2.161368002234975,2.408796613237124,0.9254231790010967,0.74198611794938,0.879517525327081,1.1439446259547086,1.902885936784242,0.22818737230026018
142.0,753.0,0.11971830985915492,0.16901408450704225,0.7112676056338029,0.035211267605633804,0.3380281690140845,0.3028169014084507,0.028169014084507043,2.5185185185185186,0.7002329234208892,2.130333768495006,2.4464822685706977,0.9271116287728435,0.7335850215781404,0.880679196358723,1.1418200294220715,1.9105286940804338,0.22672957939110322
142.0,753.0,0.1267605633802817,0.18309859154929578,0.6901408450704225,0.035211267605633804,0.33098591549295775,0.3028169014084507,0.028169014084507043,2.443661971830986,0.7581673301649297,2.1522883443830563,2.4305998948491325,0.9239287353210961,0.7359331032676858,0.8815494450427761,1.1433300171826268,1.9072305593451568,0.23273265499085627
142.0,753.0,0.11971830985915492,0.176056338028169,0.7042253521126761,0.035211267605633804,0.3380281690140845,0.3028169014084507,0.028169014084507043,2.4680851063829787,0.732443966548799,2.1492191126553797,2.419529120483194,0.9266577329204204,0.7400027317608895,0.8797354554901818,1.1426591578570775,1.9127091813658978,0.22598538697316672
142.0,753.0,0.11971830985915492,0.176056338028169,0.7042253521126761,0.035211267605633804,0.33098591549295775,0.3028169014084507,0.028169014084507043,2.4855072463768115,0.7273138987028758,2.1398790864012365,2.441973979273033,0.9227595666433165,0.7355857122727527,0.8824188354808654,1.1400278244438917,1.9105286940804338,0.2240081364619886
142.0,753.0,0.11971830985915492,0.176056338028169,0.7042253521126761,0.035211267605633804,0.33098591549295775,0.3028169014084507,0.028169014084507043,2.4963503649635035,0.7187007025676192,2.1367205671564067,2.438650704504513,0.9205338691864751,0.7286031103364466,0.8867530022460077,1.1421557547758145,1.911101083032491,0.22688212143753936
142.0,753.0,0.11971830985915492,0.16901408450704225,0.7112676056338029,0.035211267605633804,0.3380281690140845,0.3028169014084507,0.028169014084507043,2.5185185185185186,0.7002329234208894,2.130333768495006,2.4468351481511372,0.9261772733334787,0.7366273937724507,0.880679196358723,1.1429387304297582,1.9105286940804338,0.22631766808465584
142.0,753.0,0.11971830985915492,0.16901408450704225,0.7112676056338029,0.035211267605633804,0.3380281690140845,0.3028169014084507,0.028169014084507043,2.5413533834586466,0.6799206526287029,2.123851640967086,2.446272069474438,0.9272345847542246,0.7429328221914976,0.8795901747142364,1.1462882828055463,1.9108597285067874,0.22458473052691288
142.0,753.0,0.1267605633802817,0.18309859154929578,0.6901408450704225,0.035211267605633804,0.323943661971831,0.3028169014084507,0.028169014084507043,2.4577464788732395,0.7401671215984371,2.1522883443830563,2.410423407814707,0.9191209615555042,0.7361067372860426,0.8836490077227095,1.144000483106107,1.9067758071850842,0.2277892959625065
142.0,753.0,0.11971830985915492,0.176056338028169,0.7042253521126761,0.035211267605633804,0.33098591549295775,0.3028169014084507,0.028169014084507043,2.4855072463768115,0.7273138987028758,2.1398790864012365,2.439493330103122,0.9256219369738105,0.735064317948928,0.8817668730136509,1.1418200294220713,1.9105286940804338,0.22740481547206864
142.0,753.0,0.11971830985915492,0.16901408450704225,0.7112676056338029,0.035211267605633804,0.3380281690140845,0.3028169014084507,0.028169014084507043,2.5073529411764706,0.7096824906060223,2.1335389083702174,2.446299832842766,0.9256841946430162,0.7400890764698039,0.87871798564593,1.1434976705179032,1.9104477611940298,0.22616032710601916
142.0,753.0,0.1267605633802817,0.18309859154929578,0.6901408450704225,0.035211267605633804,0.323943661971831,0.3028169014084507,0.028169014084507043,2.4539007092198584,0.7509534635093152,2.1492191126553797,2.431298205485862,0.9230901589063785,0.7311420089052787,0.8837213174670381,1.1420438572904343,1.9068181818181817,0.23149358695430056
142.0,753.0,0.1267605633802817,0.18309859154929578,0.6901408450704225,0.035211267605633804,0.323943661971831,0.3028169014084507,0.028169014084507043,2.4748201438848922,0.7355460876977835,2.143014800254095,2.428184320502924,0.918612720190227,0.7401754111062294,0.8824188354808654,1.147514002274897,1.9071461083295402,0.2305549861600685
142.0,753.0,0.11971830985915492,0.18309859154929578,0.6971830985915494,0.035211267605633804,0.323943661971831,0.3028169014084507,0.028169014084507043,2.4642857142857144,0.743419227620519,2.146128035678238,2.4312864613525424,0.9251761527730016,0.7308797732164993,0.8837936212951674,1.1417640655989623,1.9105286940804338,0.23227800980247762
142.0,753.0,0.1267605633802817,0.176056338028169,0.6971830985915493,0.035211267605633804,0.3380281690140845,0.3028169014084507,0.028169014084507043,2.4577464788732395,0.7401671215984371,2.1522883443830563,2.420168174013055,0.9193422503319224,0.7314041505727813,0.8829979535549297,1.1396354039041758,1.9069028156221617,0.22628961040761084
142.0,753.0,0.11971830985915492,0.176056338028169,0.7042253521126761,0.035211267605633804,0.3380281690140845,0.3028169014084507,0.028169014084507043,2.4680851063829787,0.732443966548799,2.1492191126553797,2.4216330498054823,0.923823803387351,0.7343685496744369,0.8817668730136509,1.139747537845347,1.9105286940804338,0.22569787339148611
142.0,753.0,0.11971830985915492,0.176056338028169,0.7042253521126761,0.035211267605633804,0.33098591549295775,0.3028169014084507,0.028169014084507043,2.5,0.7071067811865476,2.1398790864012365,2.4197162659737543,0.9277051048688952,0.7437924167756127,0.8791541883399812,1.1448380133417266,1.9103260869565217,0.22458465264739497
142.0,753.0,0.11971830985915492,0.16901408450704225,0.7112676056338029,0.035211267605633804,0.3380281690140845,0.3028169014084507,0.028169014084507043,2.5185185185185186,0.7002329234208893,2.130333768495006,2.4470418243015364,0.9243959119114367,0.7324517790484723,0.8835766920607292,1.1436094257536387,1.910609480812641,0.22784474493210383
142.0,753.0,0.13380281690140844,0.176056338028169,0.6901408450704225,0.035211267605633804,0.33098591549295775,0.3028169014084507,0.028169014084507043,2.4577464788732395,0.740167121598437,2.1522883443830563,2.4202891979876107,0.9276843518943091,0.7387928462462953,0.8804614997886059,1.1433300171826268,1.902974828375286,0.22712905959853708
142.0,753.0,0.11971830985915492,0.176056338028169,0.7042253521126761,0.035211267605633804,0.33098591549295775,0.3028169014084507,0.028169014084507043,2.5073529411764706,0.7096824906060223,2.1335389083702174,2.437731459006386,0.922223324486136,0.7354988388865509,0.8842273201050259,1.1448380133417266,1.911432444645278,0.22679005780346273
142.0,753.0,0.11971830985915492,0.176056338028169,0.7042253521126761,0.035211267605633804,0.33098591549295775,0.3028169014084507,0.028169014084507043,2.4855072463768115,0.7273138987028758,2.1398790864012365,2.4368218890385225,0.9239925458492333,0.7350643179489279,0.881839337090731,1.1434976705179032,1.9105286940804338,0.22872014573856564
142.0,753.0,0.11971830985915492,0.18309859154929578,0.6971830985915494,0.035211267605633804,0.323943661971831,0.3028169014084507,0.028169014084507043,2.4577464788732395,0.7401671215984371,2.1522883443830563,2.420300238116716,0.9221357324548592,0.7296547605190584,0.8869691546391867,1.138962368419455,1.910609480812641,0.22369395171724443
142.0,753.0,0.11971830985915492,0.176056338028169,0.7042253521126761,0.035211267605633804,0.33098591549295775,0.3028169014084507,0.028169014084507043,2.4855072463768115,0.7273138987028758,2.1398790864012365,2.4411656232985166,0.9267614974375109,0.7258792953412745,0.8858157323844388,1.1394111029152036,1.910649819494585,0.2274163826779492
142.0,753.0,0.11971830985915492,0.176056338028169,0.7042253521126761,0.035211267605633804,0.3380281690140845,0.3028169014084507,0.028169014084507043,2.4748201438848922,0.7355460876977835,2.143014800254095,2.4400093261734574,0.9240134782441407,0.7258792953412745,0.8873292916178835,1.1398036006790289,1.9115922417681552,0.22745082824270454
142.0,753.0,0.1267605633802817,0.18309859154929578,0.6901408450704225,0.035211267605633804,0.323943661971831,0.3028169014084507,0.028169014084507043,2.4577464788732395,0.7401671215984371,2.1522883443830563,2.4097595855531604,0.9215826557530039,0.7382737169144057,0.8822739965672286,1.144447242173178,1.9076433121019107,0.22795715786002096
142.0,753.0,0.11971830985915492,0.176056338028169,0.7042253521126761,0.035211267605633804,0.33098591549295775,0.3028169014084507,0.028169014084507043,2.4963503649635035,0.7187007025676192,2.1367205671564067,2.4379241233297275,0.9207792517381956,0.7349773829345868,0.8831426737367472,1.1428269096077894,1.9105286940804338,0.22569743450545887
142.0,753.0,0.11971830985915492,0.19718309859154928,0.6830985915492959,0.035211267605633804,0.30985915492957744,0.3028169014084507,0.028169014084507043,2.421768707482993,0.7578373164420934,2.167317334748176,2.3792734536469458,0.9268082273019254,0.7359331032676858,0.8880491274285329,1.1457307041071234,1.9127091813658978,0.23108747544454303
142.0,753.0,0.11971830985915492,0.18309859154929578,0.6971830985915494,0.035211267605633804,0.323943661971831,0.3028169014084507,0.028169014084507043,2.4615384615384617,0.7293565635200174,2.155336037465062,2.3960252816380896,0.9279535887716807,0.7292167572583496,0.8879771701064337,1.1413162562244896,1.9128668171557561,0.22534628564310757
142.0,753.0,0.1267605633802817,0.16901408450704225,0.704225352112676,0.035211267605633804,0.3380281690140845,0.3028169014084507,0.028169014084507043,2.5073529411764706,0.7096824906060223,2.1335389083702174,2.4472308217458756,0.9245299322668317,0.738014015312424,0.8807517499246849,1.143497670517903,1.9067758071850842,0.22530906403978945
142.0,753.0,0.11971830985915492,0.16901408450704225,0.7112676056338029,0.035211267605633804,0.3380281690140845,0.3028169014084507,0.028169014084507043,2.5073529411764706,0.7096824906060222,2.1335389083702174,2.447927138844416,0.9260192923811937,0.732190012457304,0.8824188354808654,1.141484205327139,1.9110609480812641,0.22550564145230828
142.0,753.0,0.11971830985915492,0.16901408450704225,0.7112676056338029,0.035211267605633804,0.34507042253521125,0.3028169014084507,0.028169014084507043,2.4963503649635035,0.7187007025676192,2.1367205671564067,2.447779038032,0.9252684139073553,0.7300925010091984,0.8822739965672286,1.1400278244438917,1.911101083032491,0.22680154556230997
142.0,753.0,0.11971830985915492,0.176056338028169,0.7042253521126761,0.035211267605633804,0.33098591549295775,0.3028169014084507,0.028169014084507043,2.4785714285714286,0.7243737771081816,2.146128035678238,2.4202916875711904,0.9252870889156534,0.7373210305062374,0.880679196358723,1.1410922856355183,1.910488245931284,0.22532707443549682
142.0,753.0,0.11971830985915492,0.16901408450704225,0.7112676056338029,0.035211267605633804,0.3380281690140845,0.3028169014084507,0.028169014084507043,2.553030303030303,0.6689902832438723,2.12057393120585,2.446710599982785,0.9276921820802053,0.740089076469804,0.8833597095543444,1.1481263713009924,1.9104477611940298,0.2257168270756919
142.0,753.0,0.11971830985915492,0.19014084507042253,0.6901408450704226,0.035211267605633804,0.31690140845070425,0.3028169014084507,0.028169014084507043,2.425675675675676,0.7477059356505225,2.1702617153949575,2.3696765808069165,0.9275590993476784,0.7361935389381323,0.8846608062970835,1.1410922856355183,1.9104477611940298,0.22526072237167316
142.0,753.0,0.13380281690140844,0.16901408450704225,0.6971830985915493,0.035211267605633804,0.3380281690140845,0.3028169014084507,0.028169014084507043,2.4855072463768115,0.7273138987028758,2.1398790864012365,2.4473407249315575,0.9265343736953991,0.7366273937724508,0.8796628181014413,1.1412602676979235,1.9030635573845451,0.22542366651168502
142.0,753.0,0.11971830985915492,0.18309859154929578,0.6971830985915494,0.035211267605633804,0.323943661971831,0.3028169014084507,0.028169014084507043,2.4642857142857144,0.7434192276205192,2.146128035678238,2.4279396639641497,0.9266039014916969,0.7333236595083752,0.88256365062476,1.1408682710775588,1.9109403254972874,0.22707356782257368
142.0,753.0,0.11971830985915492,0.176056338028169,0.7042253521126761,0.035211267605633804,0.33098591549295775,0.3028169014084507,0.028169014084507043,2.5,0.7071067811865476,2.1398790864012365,2.420828229911419,0.9242527521439027,0.7359331032676859,0.8842273201050259,1.145284445700289,1.9105286940804338,0.2270107377761951
142.0,753.0,0.11971830985915492,0.176056338028169,0.7042253521126761,0.035211267605633804,0.33098591549295775,0.3028169014084507,0.028169014084507043,2.529850746268657,0.6903229984706318,2.1271047983648077,2.439466026610297,0.9232057464190421,0.7373210305062375,0.8853828116479839,1.1472355446616926,1.910488245931284,0.22743473361583671
142.0,753.0,0.11971830985915492,0.16901408450704225,0.7112676056338029,0.035211267605633804,0.34507042253521125,0.3028169014084507,0.028169014084507043,2.4963503649635035,0.7187007025676192,2.1367205671564067,2.4488225042022878,0.9197023969833049,0.727286409158537,0.8848774697590911,1.1401399197900972,1.9111411817771764,0.22719744115346094
142.0,753.0,0.1267605633802817,0.176056338028169,0.6971830985915493,0.035211267605633804,0.3380281690140845,0.3028169014084507,0.028169014084507043,2.4577464788732395,0.740167121598437,2.1522883443830563,2.419482951906235,0.9243270354406077,0.7396572521297858,0.8784998030782908,1.1417640655989623,1.9067333939945406,0.22585082010300048
142.0,753.0,0.11971830985915492,0.176056338028169,0.7042253521126761,0.035211267605633804,0.33098591549295775,0.3028169014084507,0.028169014084507043,2.4892086330935252,0.7159356548977814,2.143014800254095,2.4221725195596866,0.9267451151460381,0.7324517790484723,0.8828532096501077,1.1400278244438917,1.9105286940804338,0.2243113407726339
142.0,753.0,0.11971830985915492,0.18309859154929578,0.6971830985915494,0.035211267605633804,0.323943661971831,0.3028169014084507,0.028169014084507043,2.4748201438848922,0.7355460876977834,2.143014800254095,2.430834075600673,0.9259448311160638,0.7362803303569909,0.8836490077227095,1.1455633775766225,1.9113924050632911,0.23197045647114187
142.0,753.0,0.11971830985915492,0.176056338028169,0.7042253521126761,0.035211267605633804,0.33098591549295775,0.3028169014084507,0.028169014084507043,2.4855072463768115,0.7273138987028758,2.1398790864012365,2.4371879075802427,0.9243377314633602,0.7371476825128621,0.8808968391293566,1.142770995093655,1.910488245931284,0.22701079694982476
142.0,753.0,0.11971830985915492,0.16901408450704225,0.7112676056338029,0.035211267605633804,0.3380281690140845,0.3028169014084507,0.028169014084507043,2.5073529411764706,0.7096824906060222,2.1335389083702174,2.4487696405143513,0.9232669116609534,0.7324517790484723,0.8826360492867102,1.1398596607553175,1.9110609480812641,0.22435412187690584
142.0,753.0,0.11971830985915492,0.176056338028169,0.7042253521126761,0.035211267605633804,0.33098591549295775,0.3028169014084507,0.028169014084507043,2.5,0.7071067811865476,2.1398790864012365,2.423551337704181,0.926066595381974,0.7354119552380938,0.8843718391111358,1.1444472421731782,1.9105286940804338,0.22554990782190457
142.0,753.0,0.11971830985915492,0.16901408450704225,0.7112676056338029,0.035211267605633804,0.3380281690140845,0.3028169014084507,0.028169014084507043,2.5073529411764706,0.7096824906060223,2.1335389083702174,2.4472452111174188,0.9245191044980312,0.7379274278011478,0.8795901747142364,1.1418200294220715,1.910488245931284,0.22495973967272295
142.0,753.0,0.1267605633802817,0.16901408450704225,0.704225352112676,0.035211267605633804,0.34507042253521125,0.3028169014084507,0.028169014084507043,2.4855072463768115,0.7273138987028758,2.1398790864012365,2.448368897063256,0.920434691981461,0.7343685496744369,0.8801711539380326,1.138681819558876,1.906860517946388,0.22403904977192451
142.0,753.0,0.11971830985915492,0.176056338028169,0.7042253521126761,0.035211267605633804,0.33098591549295775,0.3028169014084507,0.028169014084507043,2.4855072463768115,0.7273138987028758,2.1398790864012365,2.4381112133126925,0.9244568524202771,0.7283399605286663,0.8840827774747221,1.1400838734946745,1.9110609480812641,0.22788227538241226
142.0,753.0,0.11971830985915492,0.16901408450704225,0.7112676056338029,0.035211267605633804,0.3380281690140845,0.3028169014084507,0.028169014084507043,2.5073529411764706,0.7096824906060222,2.1335389083702174,2.4483863001843957,0.9256699533139235,0.7338462905628437,0.8824912460232993,1.1418759905023699,1.910569105691057,0.2254290160589222
142.0,753.0,0.11971830985915492,0.176056338028169,0.7042253521126761,0.035211267605633804,0.3380281690140845,0.3028169014084507,0.028169014084507043,2.4680851063829787,0.732443966548799,2.1492191126553797,2.4216600386848826,0.9248471938276415,0.7333236595083753,0.883070316610485,1.1412042764245094,1.9128274616079495,0.22683478889699715
142.0,753.0,0.1267605633802817,0.16901408450704225,0.704225352112676,0.035211267605633804,0.3380281690140845,0.3028169014084507,0.028169014084507043,2.4963503649635035,0.7187007025676192,2.1367205671564067,2.445929830301366,0.9234216809804396,0.7391387299080568,0.8784998030782908,1.1427709950936549,1.9067758071850842,0.22687197047140018
142.0,753.0,0.11971830985915492,0.16901408450704225,0.7112676056338029,0.035211267605633804,0.3380281690140845,0.3028169014084507,0.028169014084507043,2.5185185185185186,0.7002329234208893,2.130333768495006,2.4473096086708357,0.9254271224306623,0.732190012457304,0.8831426737367472,1.1427709950936549,1.9110609480812641,0.22732661242357816
142.0,753.0,0.11971830985915492,0.176056338028169,0.7042253521126761,0.035211267605633804,0.33098591549295775,0.3028169014084507,0.028169014084507043,2.4855072463768115,0.7273138987028758,2.1398790864012365,2.4409934623100566,0.9262571425758337,0.7346295399995708,0.8832150249351733,1.1417640655989623,1.9109805693628559,0.22714427205708937
142.0,753.0,0.13380281690140844,0.16901408450704225,0.6971830985915493,0.035211267605633804,0.3380281690140845,0.3028169014084507,0.028169014084507043,2.5413533834586466,0.6799206526287028,2.123851640967086,2.444369589591569,0.9275623807183976,0.743276779318994,0.8795901747142364,1.1481263713009924,1.9028414298808434,0.22664208300413274
142.0,753.0,0.11971830985915492,0.16901408450704225,0.7112676056338029,0.035211267605633804,0.3380281690140845,0.3028169014084507,0.028169014084507043,2.5185185185185186,0.7002329234208892,2.130333768495006,2.4475879584260958,0.9245389203813883,0.7366273937724508,0.880679196358723,1.141931948840261,1.9109805693628559,0.22453294083011283
142.0,753.0,0.11971830985915492,0.176056338028169,0.7042253521126761,0.035211267605633804,0.33098591549295775,0.3028169014084507,0.028169014084507043,2.4963503649635035,0.7187007025676192,2.1367205671564067,2.4397732123052194,0.9249590570860368,0.7314041505727814,0.8855992984701008,1.1437770381335746,1.910609480812641,0.22952312541745082
142.0,753.0,0.11971830985915492,0.16901408450704225,0.7112676056338029,0.035211267605633804,0.3380281690140845,0.3028169014084507,0.028169014084507043,2.529850746268657,0.6903229984706318,2.1271047983648077,2.4464672316897507,0.9279183319041384,0.74026173567369,0.8804614997886059,1.145563377576623,1.9108597285067874,0.2260558364917828
142.0,753.0,0.11971830985915492,0.16901408450704225,0.7112676056338029,0.035211267605633804,0.3380281690140845,0.3028169014084507,0.028169014084507043,2.529850746268657,0.6903229984706318,2.1271047983648077,2.4464313407766856,0.9257963815392302,0.74026173567369,0.8806066368150413,1.145898006204239,1.9104477611940298,0.22638615655273112
142.0,753.0,0.11971830985915492,0.18309859154929578,0.6971830985915494,0.035211267605633804,0.323943661971831,0.3028169014084507,0.028169014084507043,2.4577464788732395,0.740167121598437,2.1522883443830563,2.4134729537351856,0.9248181695259342,0.7358462708941712,0.88256365062476,1.1427709950936549,1.9109403254972874,0.22857551057321387
142.0,753.0,0.11971830985915492,0.176056338028169,0.7042253521126761,0.035211267605633804,0.33098591549295775,0.3028169014084507,0.028169014084507043,2.5073529411764706,0.7096824906060223,2.1335389083702174,2.4397212827363584,0.9246396501217501,0.7336721215775812,0.8841550517436224,1.1434417888041013,1.9105286940804338,0.2280419882198376
142.0,753.0,0.11971830985915492,0.18309859154929578,0.6971830985915494,0.035211267605633804,0.323943661971831,0.3028169014084507,0.028169014084507043,2.4577464788732395,0.7401671215984371,2.1522883443830563,2.4153328771024674,0.9259704905976192,0.7348034820499136,0.8836490077227095,1.1428828213863567,1.912788070492544,0.2288406344634992
142.0,753.0,0.1267605633802817,0.16901408450704225,0.704225352112676,0.035211267605633804,0.3380281690140845,0.3028169014084507,0.028169014084507043,2.5073529411764706,0.7096824906060222,2.1335389083702174,2.4465736553645203,0.9231424252471833,0.7387928462462953,0.8794448699384881,1.1434976705179032,1.9081400636653023,0.2257773682983013
142.0,753.0,0.1267605633802817,0.16901408450704225,0.704225352112676,0.035211267605633804,0.3380281690140845,0.3028169014084507,0.028169014084507043,2.5073529411764706,0.7096824906060222,2.1335389083702174,2.4476866669209403,0.9190343400557562,0.7316661983200652,0.8819842473838843,1.1398596607553177,1.906860517946388,0.22515831103138534
142.0,753.0,0.11971830985915492,0.16901408450704225,0.7112676056338029,0.035211267605633804,0.3380281690140845,0.3028169014084507,0.028169014084507043,2.5185185185185186,0.7002329234208893,2.130333768495006,2.4458147818640326,0.9268019241734464,0.7422444297659877,0.8783543179240931,1.1454518129768985,1.9104072398190046,0.22712275814979177
142.0,753.0,0.11971830985915492,0.16901408450704225,0.7112676056338029,0.035211267605633804,0.3380281690140845,0.3028169014084507,0.028169014084507043,2.529850746268657,0.6903229984706318,2.1271047983648077,2.4488120403689986,0.9278027107047819,0.7294795907737432,0.8872572759164878,1.143218234633322,1.911101083032491,0.22575780702709575
142.0,753.0,0.11971830985915492,0.19014084507042253,0.6901408450704226,0.035211267605633804,0.31690140845070425,0.3028169014084507,0.028169014084507043,2.4475524475524475,0.7475624396016181,2.155336037465062,2.408745996105072,0.9244627586150004,0.7306174434052041,0.8886964811417416,1.1440563375303483,1.910569105691057,0.23122837981931144
142.0,753.0,0.11971830985915492,0.176056338028169,0.7042253521126761,0.035211267605633804,0.33098591549295775,0.3028169014084507,0.028169014084507043,2.5,0.7071067811865476,2.1398790864012365,2.4208157962796344,0.9253614332667001,0.7349773829345868,0.8829979535549297,1.1419319488402613,1.9104477611940298,0.2248811175205555
142.0,753.0,0.11971830985915492,0.16901408450704225,0.7112676056338029,0.035211267605633804,0.3380281690140845,0.3028169014084507,0.028169014084507043,2.5185185185185186,0.7002329234208893,2.130333768495006,2.448022471371961,0.9264597442456098,0.7378408301286058,0.8808242975144039,1.1426032351338313,1.9113924050632911,0.22459237090853276
142.0,753.0,0.1267605633802817,0.16901408450704225,0.704225352112676,0.035211267605633804,0.3380281690140845,0.3028169014084507,0.028169014084507043,2.5073529411764706,0.7096824906060222,2.1335389083702174,2.4472326356367677,0.9213028408638082,0.7348904376361323,0.8820566936028913,1.1433859043591426,1.906860517946388,0.22726370691986236
142.0,753.0,0.1267605633802817,0.176056338028169,0.6971830985915493,0.035211267605633804,0.3380281690140845,0.3028169014084507,0.028169014084507043,2.4577464788732395,0.7401671215984371,2.1522883443830563,2.420509699863148,0.9211342380254134,0.735064317948928,0.8804614997886059,1.1398596607553175,1.9068181818181817,0.22573595738308339
142.0,753.0,0.1267605633802817,0.18309859154929578,0.6901408450704225,0.035211267605633804,0.33098591549295775,0.3028169014084507,0.028169014084507043,2.443661971830986,0.7581673301649297,2.1522883443830563,2.4303393746374713,0.9238842837868695,0.7381871598654799,0.8803163388335494,1.143665299276373,1.9067333939945406,0.23198489252846113
142.0,753.0,0.1267605633802817,0.16901408450704225,0.704225352112676,0.035211267605633804,0.34507042253521125,0.3028169014084507,0.028169014084507043,2.4855072463768115,0.7273138987028758,2.1398790864012365,2.447503832579589,0.9226150236790215,0.7387928462462953,0.8779904995694185,1.1403640774263117,1.9072305593451568,0.22447318159804322
142.0,753.0,0.11971830985915492,0.18309859154929578,0.6971830985915494,0.035211267605633804,0.323943661971831,0.3028169014084507,0.028169014084507043,2.4680851063829787,0.732443966548799,2.1492191126553797,2.413927249907843,0.9235810922973355,0.7338462905628438,0.8851662718792693,1.1445030747945335,1.9105286940804338,0.2297716891332965
142.0,753.0,0.11971830985915492,0.16901408450704225,0.7112676056338029,0.035211267605633804,0.3380281690140845,0.3028169014084507,0.028169014084507043,2.5185185185185186,0.7002329234208893,2.130333768495006,2.4462986511735743,0.9257769870409902,0.7364538825094864,0.880679196358723,1.143553549500949,1.9105286940804338,0.2274157130530182
142.0,753.0,0.11971830985915492,0.18309859154929578,0.6971830985915494,0.035211267605633804,0.33098591549295775,0.3028169014084507,0.028169014084507043,2.4413793103448276,0.7441985068679735,2.161368002234975,2.39281578189008,0.9263485253337933,0.7374076892215923,0.881694402980944,1.1413722420046113,1.9109000452284035,0.22643068773028818
142.0,753.0,0.11971830985915492,0.16901408450704225,0.7112676056338029,0.035211267605633804,0.3380281690140845,0.3028169014084507,0.028169014084507043,2.5185185185185186,0.7002329234208893,2.130333768495006,2.4487504372472766,0.9246389298374816,0.7315788595003196,0.8845885733502651,1.1423235804519467,1.910609480812641,0.22518039477688945
142.0,753.0,0.1267605633802817,0.18309859154929578,0.6901408450704225,0.035211267605633804,0.323943661971831,0.3028169014084507,0.028169014084507043,2.4577464788732395,0.740167121598437,2.1522883443830563,2.411646289249509,0.9165485746360028,0.7320154493926547,0.8862484416448188,1.1438887660757535,1.9068181818181817,0.22897060867480099
142.0,753.0,0.11971830985915492,0.176056338028169,0.7042253521126761,0.035211267605633804,0.33098591549295775,0.3028169014084507,0.028169014084507043,2.4855072463768115,0.7273138987028758,2.1398790864012365,2.4376594344610867,0.9265958640366513,0.7436205773512524,0.8774080764179061,1.14427972796373,1.9103666817564509,0.22817876992138353
142.0,753.0,0.11971830985915492,0.16901408450704225,0.7112676056338029,0.035211267605633804,0.3380281690140845,0.3028169014084507,0.028169014084507043,2.5073529411764706,0.7096824906060223,2.1335389083702174,2.446244843788047,0.9242357987978684,0.7387063500257417,0.8784270635130997,1.1423795168650845,1.910488245931284,0.2264404732482894
142.0,753.0,0.1267605633802817,0.18309859154929578,0.6901408450704225,0.035211267605633804,0.33098591549295775,0.3028169014084507,0.028169014084507043,2.4375,0.7546476045102157,2.1583624920952498,2.413314566069598,0.9236023249861796,0.7384468005749018,0.881839337090731,1.1441680381989576,1.9090081892629662,0.2302771165335354
142.0,753.0,0.11971830985915492,0.176056338028169,0.7042253521126761,0.035211267605633804,0.33098591549295775,0.3028169014084507,0.028169014084507043,2.5,0.7071067811865476,2.1398790864012365,2.420305116541305,0.9286626801174839,0.7388793323412494,0.8814769571343759,1.1446705563187978,1.9126696832579186,0.22627439008408967
142.0,753.0,0.11971830985915492,0.16901408450704225,0.7112676056338029,0.035211267605633804,0.3380281690140845,0.3028169014084507,0.028169014084507043,2.5185185185185186,0.7002329234208893,2.130333768495006,2.4462316888090605,0.9265253706960176,0.7406069333242954,0.8785725366211625,1.1434976705179032,1.9109000452284035,0.2255186139565912
142.0,753.0,0.11971830985915492,0.19014084507042253,0.6901408450704226,0.035211267605633804,0.31690140845070425,0.3028169014084507,0.028169014084507043,2.4375,0.7546476045102157,2.1583624920952498,2.406409506756519,0.9276580171213316,0.7346295399995708,0.8848052545000525,1.1432182346333215,1.9109403254972874,0.23111226073484958
142.0,744.0,0.11971830985915492,0.18309859154929578,0.6971830985915494,0.028169014084507043,0.34507042253521125,0.3028169014084507,0.028169014084507043,2.446043165467626,0.7339851701548868,2.143014800254095,2.3833733410495546,0.9114311182897626,0.7143317547363917,0.8986611943015053,1.1383102722304166,1.9160935350756534,0.23403518285503272
141.0,744.0,0.12056737588652482,0.1702127659574468,0.7092198581560284,0.03546099290780142,0.3475177304964539,0.2978723404255319,0.028368794326241134,2.474074074074074,0.7210029253426653,2.130333768495006,2.4507015394733056,0.9142063243018176,0.7182506978340059,0.8940443871923905,1.1334682407934693,1.9077981651376146,0.23669936268075759
142.0,744.0,0.11971830985915492,0.176056338028169,0.7042253521126761,0.035211267605633804,0.34507042253521125,0.29577464788732394,0.028169014084507043,2.5,0.7071067811865476,2.1398790864012365,2.4340829097101784,0.9187800978389505,0.7156376309312187,0.8994921574943175,1.1409889935338848,1.933152664859982,0.2330305108625473
142.0,744.0,0.11971830985915492,0.176056338028169,0.7042253521126761,0.035211267605633804,0.352112676056338,0.29577464788732394,0.028169014084507043,2.474074074074074,0.7210029253426653,2.130333768495006,2.4155770705021853,0.9116331828272478,0.7162776890460733,0.8992009908544307,1.1378289594938362,1.9077558513079393,0.2319464188948267
142.0,744.0,0.11971830985915492,0.176056338028169,0.7042253521126761,0.028169014084507043,0.34507042253521125,0.29577464788732394,0.028169014084507043,2.5,0.7071067811865476,2.1398790864012365,2.434043961451719,0.918567281769277,0.7140575096732722,0.8978616839815355,1.139915089134159,1.923319801533604,0.23402531079202424
141.0,744.0,0.12056737588652482,0.1702127659574468,0.7092198581560284,0.028368794326241134,0.3475177304964539,0.3049645390070922,0.028368794326241134,2.474074074074074,0.7210029253426653,2.130333768495006,2.439910202607918,0.9159326146703971,0.7160366934621593,0.8932903217168562,1.1320522895418363,1.9072969251950436,0.23570407590293518
142.0,744.0,0.11971830985915492,0.16901408450704225,0.7112676056338029,0.035211267605633804,0.352112676056338,0.29577464788732394,0.028169014084507043,2.481203007518797,0.7240616054423372,2.123851640967086,2.43232468836241,0.9121586057566586,0.714722267880585,0.8972331445796535,1.1389215988836714,1.907466788822721,0.22527065456694492
140.0,744.0,0.12142857142857143,0.16428571428571428,0.7142857142857143,0.03571428571428571,0.35,0.30714285714285716,0.02857142857142857,2.440944881889764,0.7308783941919565,2.103803720955957,2.4449828709137167,0.9098454125826411,0.7112996433113529,0.8885816633060507,1.1249275717640799,1.9007561436672968,0.23640731403697599
141.0,744.0,0.12056737588652482,0.1773049645390071,0.7021276595744681,0.028368794326241134,0.3546099290780142,0.2978723404255319,0.028368794326241134,2.4511278195488724,0.7226441914786178,2.123851640967086,2.4089159126899045,0.9130442174362983,0.720189595763054,0.8935080237412725,1.1287832314192754,1.9163551401869159,0.24351073831385744
140.0,744.0,0.12142857142857143,0.16428571428571428,0.7142857142857143,0.03571428571428571,0.35,0.30714285714285716,0.02857142857142857,2.4,0.7513428837969107,2.0969100130080562,2.4206134614988954,0.9162008580511003,0.719420655627971,0.8874913461562282,1.1276212520232862,1.8845598845598845,0.23069722568498469
142.0,744.0,0.11971830985915492,0.16901408450704225,0.7112676056338029,0.035211267605633804,0.34507042253521125,0.2887323943661972,0.028169014084507043,2.4963503649635035,0.7187007025676192,2.1367205671564067,2.4602987756759083,0.9189696594031829,0.7169171757222166,0.8993465859576529,1.1420212873875566,1.916553901668922,0.22297356401039642
141.0,744.0,0.12056737588652482,0.16312056737588654,0.7163120567375887,0.03546099290780142,0.3475177304964539,0.3049645390070922,0.028368794326241134,2.448,0.7345834896223891,2.0969100130080562,2.4570651138717094,0.9169410210188556,0.71861263722027,0.8910582346712569,1.1308844356339185,1.8937175247992442,0.2265888775550742
142.0,744.0,0.11971830985915492,0.18309859154929578,0.6971830985915494,0.028169014084507043,0.34507042253521125,0.3028169014084507,0.028169014084507043,2.4511278195488724,0.7226441914786178,2.123851640967086,2.4151560123172975,0.9214427349646552,0.7189779160672345,0.8977889659198868,1.1376218005336294,1.9329608938547487,0.24227043124256334
141.0,744.0,0.12056737588652482,0.16312056737588654,0.7163120567375887,0.03546099290780142,0.3546099290780142,0.2978723404255319,0.028368794326241134,2.4297520661157024,0.7396671129748362,2.0827853703164503,2.442506791822067,0.9169698471219155,0.7167104163091861,0.8916416838858123,1.1290434656336152,1.8852065321805955,0.22430119369894747
142.0,744.0,0.11971830985915492,0.176056338028169,0.7042253521126761,0.035211267605633804,0.352112676056338,0.29577464788732394,0.028169014084507043,2.4580152671755724,0.7259957828308627,2.1172712956557644,2.4168893744552484,0.9136789300214158,0.7177385356701643,0.8976708165539199,1.136216838891891,1.9333954354913834,0.2344783926965424
142.0,744.0,0.11971830985915492,0.16901408450704225,0.7112676056338029,0.028169014084507043,0.34507042253521125,0.3028169014084507,0.014084507042253521,2.481203007518797,0.7240616054423372,2.123851640967086,2.4379567919367013,0.9110147633506546,0.7177054942712623,0.8961876757493381,1.136186144600831,1.9161319890009165,0.22146503624052172
140.0,744.0,0.11428571428571428,0.17142857142857143,0.7142857142857142,0.03571428571428571,0.35714285714285715,0.3,0.02857142857142857,2.4651162790697674,0.7293673588707178,2.110589710299249,2.432645175182007,0.911798726738198,0.7093003649450956,0.8901058635746215,1.1259599553931272,1.9169776119402986,0.23426661647228011
142.0,744.0,0.11971830985915492,0.16901408450704225,0.7112676056338029,0.028169014084507043,0.352112676056338,0.29577464788732394,0.028169014084507043,2.4963503649635035,0.7187007025676192,2.1367205671564067,2.427349249802191,0.9169053311505386,0.7187962794304554,0.897352533801262,1.1340004666074246,1.9245368278355175,0.2226447823435087
141.0,744.0,0.12056737588652482,0.1773049645390071,0.7021276595744681,0.028368794326241134,0.3546099290780142,0.2978723404255319,0.014184397163120567,2.408759124087591,0.7529817641486435,2.1367205671564067,2.344802703023982,0.9164926173645458,0.7141327741148777,0.893580579296412,1.1285534682551084,1.9074766355140187,0.22860779485680593
142.0,744.0,0.11971830985915492,0.16901408450704225,0.7112676056338029,0.035211267605633804,0.3591549295774648,0.2887323943661972,0.028169014084507043,2.5037037037037035,0.7214627975646161,2.130333768495006,2.436030622485109,0.9130270757233183,0.7169171757222166,0.8988368999175266,1.1397834690433348,1.9417607223476299,0.2237668914102139
142.0,744.0,0.11971830985915492,0.176056338028169,0.7042253521126761,0.035211267605633804,0.34507042253521125,0.3028169014084507,0.028169014084507043,2.4580152671755724,0.7259957828308627,2.1172712956557644,2.4292048718244996,0.9129679297060355,0.7183767219267951,0.8969412446153322,1.1369080276355064,1.9087947882736156,0.2344175773665534
141.0,744.0,0.12056737588652482,0.1702127659574468,0.7092198581560284,0.03546099290780142,0.3546099290780142,0.2978723404255319,0.028368794326241134,2.4525547445255476,0.7373522077209781,2.1367205671564067,2.395497166082408,0.9178808320063893,0.7128907474451588,0.8941170955913025,1.1265649248393927,1.9251950435979808,0.21990400229782892
142.0,744.0,0.11971830985915492,0.16901408450704225,0.7112676056338029,0.035211267605633804,0.34507042253521125,0.29577464788732394,0.028169014084507043,2.5073529411764706,0.7096824906060223,2.1335389083702174,2.442293895252114,0.92281145779641,0.7225564947936579,0.8984726614389054,1.1355252294250904,1.9603246167718666,0.22172473901143142
142.0,744.0,0.11971830985915492,0.16901408450704225,0.7112676056338029,0.035211267605633804,0.34507042253521125,0.3028169014084507,0.028169014084507043,2.481203007518797,0.7240616054423372,2.123851640967086,2.4388890182920773,0.9114313905009827,0.7197423584221012,0.8973790589557956,1.1403576872652454,1.917162471395881,0.22517938397828732
141.0,744.0,0.12056737588652482,0.16312056737588654,0.7163120567375887,0.03546099290780142,0.3475177304964539,0.2978723404255319,0.028368794326241134,2.4765625,0.7205077360013529,2.1072099696478683,2.4566835208837525,0.9171615687462191,0.7166197084142174,0.8928074384643465,1.1337549667716946,1.901441190144119,0.2258283390974956
142.0,744.0,0.11971830985915492,0.176056338028169,0.7042253521126761,0.035211267605633804,0.34507042253521125,0.3028169014084507,0.028169014084507043,2.474074074074074,0.7210029253426653,2.130333768495006,2.4259726191029274,0.9099990308184193,0.7173736029055987,0.8976708165539199,1.1361592208495395,1.9169724770642202,0.23241843075448523
139.0,744.0,0.11510791366906475,0.16546762589928057,0.7194244604316548,0.03597122302158273,0.3597122302158273,0.302158273381295,0.02877697841726619,2.4427480916030535,0.7458635196201623,2.1172712956557644,2.407667166808818,0.9184175737279442,0.7057798075780183,0.8858572816008603,1.1163983272952032,1.9165111940298507,0.2266427393580195
141.0,744.0,0.12056737588652482,0.16312056737588654,0.7163120567375887,0.03546099290780142,0.3546099290780142,0.2978723404255319,0.028368794326241134,2.481203007518797,0.7240616054423372,2.123851640967086,2.439996866699097,0.9168343128808164,0.7110646458830177,0.8938989526525913,1.1276607657838211,1.9253663003663004,0.22303545764616428
142.0,744.0,0.11971830985915492,0.176056338028169,0.7042253521126761,0.035211267605633804,0.34507042253521125,0.3028169014084507,0.028169014084507043,2.43609022556391,0.7421649683746361,2.123851640967086,2.3954677732176637,0.9199124262597036,0.7208330048128934,0.8976708165539199,1.1351215959713603,1.9343575418994414,0.22287342371928603
142.0,744.0,0.11971830985915492,0.16901408450704225,0.7112676056338029,0.035211267605633804,0.352112676056338,0.29577464788732394,0.028169014084507043,2.4651162790697674,0.7293673588707179,2.110589710299249,2.4312598041612032,0.916191228332569,0.7197423584221012,0.8973790589557956,1.1364472818488647,1.9092601209865054,0.22507995300532338
142.0,744.0,0.11971830985915492,0.176056338028169,0.7042253521126761,0.035211267605633804,0.34507042253521125,0.3028169014084507,0.028169014084507043,2.474074074074074,0.7210029253426653,2.130333768495006,2.4286889115920482,0.911459464737694,0.71801211352323,0.8981082752390547,1.1393238860938861,1.9161319890009165,0.23706825191304964
140.0,744.0,0.12142857142857143,0.16428571428571428,0.7142857142857143,0.02857142857142857,0.35,0.30714285714285716,0.02857142857142857,2.4580152671755724,0.7259957828308627,2.1172712956557644,2.448121876260311,0.9140271122869089,0.7158648557217444,0.8876142861797693,1.122998833535937,1.9161620866325104,0.23517159386925732
142.0,744.0,0.11971830985915492,0.176056338028169,0.7042253521126761,0.035211267605633804,0.352112676056338,0.29577464788732394,0.028169014084507043,2.4963503649635035,0.7187007025676192,2.1367205671564067,2.421134356253267,0.9123762716020575,0.7155461473202124,0.898909729902507,1.1363320662119751,1.9336043360433603,0.232009687743293
142.0,744.0,0.11971830985915492,0.16901408450704225,0.7112676056338029,0.035211267605633804,0.34507042253521125,0.3028169014084507,0.028169014084507043,2.4651162790697674,0.7293673588707179,2.110589710299249,2.4414278864586487,0.9170444586095492,0.717464853498628,0.896284122112887,1.1362744540125547,1.9089642359498373,0.22275812304798703
142.0,744.0,0.11971830985915492,0.16901408450704225,0.7112676056338029,0.035211267605633804,0.34507042253521125,0.29577464788732394,0.014084507042253521,2.492424242424242,0.715117159260556,2.12057393120585,2.444278993206272,0.9163963453665837,0.7232809461397982,0.8975978860450449,1.1373685867749477,1.923578751164958,0.2244306690626905
142.0,744.0,0.11971830985915492,0.176056338028169,0.7042253521126761,0.035211267605633804,0.34507042253521125,0.29577464788732394,0.028169014084507043,2.463235294117647,0.7293638855605018,2.1335389083702174,2.3967294616755432,0.9168935392908181,0.7160034484868346,0.8978895725381408,1.1393813441004388,1.9175446633073752,0.2251230575608634
140.0,744.0,0.11428571428571428,0.17142857142857143,0.7142857142857142,0.02857142857142857,0.35,0.30714285714285716,0.02857142857142857,2.4427480916030535,0.7458635196201622,2.1172712956557644,2.3935876124626456,0.9141372782168009,0.7128911107628122,0.888701509895657,1.1223107314798142,1.9081585081585082,0.22731351329795552
142.0,744.0,0.11971830985915492,0.176056338028169,0.7042253521126761,0.028169014084507043,0.352112676056338,0.29577464788732394,0.028169014084507043,2.4963503649635035,0.7187007025676192,2.1367205671564067,2.425129628942957,0.9142574215829243,0.7132341417857558,0.8992422098748926,1.137219999563305,1.915989159891599,0.22901101609434513
142.0,744.0,0.11971830985915492,0.176056338028169,0.7042253521126761,0.035211267605633804,0.352112676056338,0.29577464788732394,0.014084507042253521,2.4892086330935252,0.7159356548977814,2.143014800254095,2.422146566156417,0.9142304788188635,0.7140808155832438,0.898909729902507,1.1344293187854375,1.923947487550928,0.22990963419071364
142.0,744.0,0.11971830985915492,0.16901408450704225,0.7112676056338029,0.035211267605633804,0.34507042253521125,0.29577464788732394,0.028169014084507043,2.4651162790697674,0.7293673588707179,2.110589710299249,2.454173862460763,0.9183014194656733,0.7203787694868198,0.8966492496243493,1.139381344100439,1.901441190144119,0.223226459723733
140.0,744.0,0.11428571428571428,0.16428571428571428,0.7214285714285714,0.03571428571428571,0.35,0.30714285714285716,0.02857142857142857,2.4885496183206106,0.7271272475004258,2.1172712956557644,2.4471183372004512,0.913832497583874,0.7089362540324047,0.889162619110387,1.124468430350774,1.907466788822721,0.2264912543213374
141.0,744.0,0.12056737588652482,0.16312056737588654,0.7163120567375887,0.03546099290780142,0.3475177304964539,0.3049645390070922,0.028368794326241134,2.4651162790697674,0.7293673588707179,2.110589710299249,2.450103680699496,0.912214831027465,0.7158936314987078,0.8925161425675351,1.1322631988017882,1.900092936802974,0.2250340575256851
141.0,744.0,0.12056737588652482,0.1702127659574468,0.7092198581560284,0.03546099290780142,0.3475177304964539,0.3049645390070922,0.028368794326241134,2.4580152671755724,0.7259957828308629,2.1172712956557644,2.4407421975826704,0.910841909820176,0.7158028200992217,0.8928074384643465,1.1341562613627578,1.9004187994416006,0.23732746448846936
140.0,744.0,0.11428571428571428,0.17857142857142858,0.7071428571428571,0.03571428571428571,0.35714285714285715,0.3,0.02857142857142857,2.474074074074074,0.7210029253426653,2.130333768495006,2.417667873304922,0.9182858656788048,0.7115718369547579,0.8923511152850467,1.1284795837214412,1.9144460028050492,0.24673369529572992
142.0,744.0,0.11971830985915492,0.176056338028169,0.7042253521126761,0.035211267605633804,0.352112676056338,0.2887323943661972,0.028169014084507043,2.5,0.7071067811865476,2.1398790864012365,2.417171490813393,0.9176719434528607,0.7160034484868346,0.9002923802045147,1.1393238860938861,1.9135011441647598,0.23183697058948702
140.0,744.0,0.12142857142857143,0.17142857142857143,0.7071428571428571,0.03571428571428571,0.35714285714285715,0.29285714285714287,0.02857142857142857,2.462121212121212,0.7141460819866199,2.12057393120585,2.4294172254130277,0.9252772924680546,0.7097552409094493,0.8915550602843667,1.127907435165558,1.9174440298507462,0.24863315320206203
141.0,744.0,0.12056737588652482,0.16312056737588654,0.7163120567375887,0.03546099290780142,0.3475177304964539,0.2978723404255319,0.028368794326241134,2.4765625,0.7205077360013529,2.1072099696478683,2.4571091140672108,0.9177688869701891,0.7227619129834363,0.8935352627408476,1.1322057838584156,1.9153664302600473,0.22518634541091548
141.0,744.0,0.12056737588652482,0.16312056737588654,0.7163120567375887,0.03546099290780142,0.3546099290780142,0.2978723404255319,0.028368794326241134,2.4552845528455283,0.7383192312397434,2.089905111439398,2.444482209955886,0.9166122667721301,0.7206000543003485,0.8933897453208975,1.1310568729441826,1.9001892147587511,0.2226540817948247
141.0,744.0,0.12056737588652482,0.16312056737588654,0.7163120567375887,0.03546099290780142,0.3475177304964539,0.3049645390070922,0.028368794326241134,2.4297520661157024,0.7396671129748361,2.0827853703164503,2.457145353321343,0.9178320380424092,0.7188839721734642,0.891204132784557,1.1356455426351024,1.892514395393474,0.2288681466086426
141.0,744.0,0.12056737588652482,0.16312056737588654,0.7163120567375887,0.03546099290780142,0.3475177304964539,0.3049645390070922,0.028368794326241134,2.4651162790697674,0.7293673588707179,2.110589710299249,2.4533653628060543,0.9130290080059884,0.7169824711395063,0.8918603789371706,1.1321483660033431,1.909344490934449,0.22417056440244124
141.0,744.0,0.12056737588652482,0.16312056737588654,0.7163120567375887,0.03546099290780142,0.3546099290780142,0.2907801418439716,0.028368794326241134,2.4297520661157024,0.7396671129748362,2.0827853703164503,2.4666269309154223,0.9209297016891481,0.7201488502147463,0.8930258480315642,1.1333535300913942,1.9092219020172911,0.2255927780474986
141.0,744.0,0.12056737588652482,0.16312056737588654,0.7163120567375887,0.03546099290780142,0.3475177304964539,0.3049645390070922,0.028368794326241134,2.4651162790697674,0.7293673588707179,2.110589710299249,2.449286995888929,0.9151511089424703,0.7212312657993458,0.8917145881957611,1.129158614193233,1.95947834187238,0.22546269967579138
142.0,744.0,0.11971830985915492,0.176056338028169,0.7042253521126761,0.035211267605633804,0.34507042253521125,0.3028169014084507,0.028169014084507043,2.4680851063829787,0.732443966548799,2.1492191126553797,2.3889499715195606,0.9137880768006358,0.7191053841313332,0.8989825539872538,1.134198465825007,1.9426636568848759,0.22275307718123272
141.0,744.0,0.12056737588652482,0.1702127659574468,0.7092198581560284,0.03546099290780142,0.3475177304964539,0.3049645390070922,0.028368794326241134,2.440944881889764,0.7308783941919565,2.103803720955957,2.4442988039413773,0.9179970464088386,0.7166197084142174,0.8928074384643465,1.1294464342317552,1.908274231678487,0.23142042184867984
141.0,744.0,0.12056737588652482,0.16312056737588654,0.7163120567375887,0.03546099290780142,0.3546099290780142,0.2907801418439716,0.028368794326241134,2.4765625,0.7205077360013529,2.1072099696478683,2.4520501479170784,0.9196769749922685,0.718793538569657,0.8940443871923905,1.1335255917913152,1.9171707771056306,0.2238460151496832
140.0,744.0,0.11428571428571428,0.16428571428571428,0.7214285714285714,0.03571428571428571,0.35,0.30714285714285716,0.02857142857142857,2.4552845528455283,0.7383192312397434,2.089905111439398,2.4507760885342678,0.9166068247373914,0.7115718369547579,0.8882910429211812,1.1210188755811914,1.8931442080378251,0.22461968530419427
142.0,744.0,0.11971830985915492,0.16901408450704225,0.7112676056338029,0.035211267605633804,0.34507042253521125,0.3028169014084507,0.028169014084507043,2.3893805309734515,0.7492094442832972,2.0530784434834195,2.441863444017096,0.9185592364302048,0.724456634471316,0.894968429650345,1.1367352698504227,1.8894945490584738,0.22002715798474493
142.0,744.0,0.11971830985915492,0.18309859154929578,0.6971830985915494,0.035211267605633804,0.34507042253521125,0.29577464788732394,0.028169014084507043,2.4671532846715327,0.7179535345700525,2.1367205671564067,2.424708153080504,0.9153391161118252,0.7191964149985178,0.8990553721732015,1.1385766681446843,1.9339146397430014,0.24312302653743345
142.0,744.0,0.11971830985915492,0.19014084507042253,0.6901408450704226,0.035211267605633804,0.34507042253521125,0.3028169014084507,0.028169014084507043,2.4551724137931035,0.7262853581450883,2.161368002234975,2.361342730007356,0.9184612655620678,0.712428714822168,0.901019238670735,1.1391514946853778,1.9153846153846155,0.24294675439427835
142.0,744.0,0.11971830985915492,0.176056338028169,0.7042253521126761,0.035211267605633804,0.34507042253521125,0.3028169014084507,0.028169014084507043,2.440944881889764,0.7308783941919564,2.103803720955957,2.4295158309981972,0.915628991324998,0.7224658872974207,0.8966492496243496,1.1397260313094595,1.9092198581560285,0.23597617982722327
141.0,744.0,0.12056737588652482,0.18439716312056736,0.6950354609929079,0.03546099290780142,0.3475177304964539,0.3049645390070922,0.028368794326241134,2.406015037593985,0.7389344702254114,2.123851640967086,2.3698147634527014,0.9187326020624704,0.7188839721734641,0.8936807564662973,1.1327224135807183,1.8998576174655908,0.24614351057808975
140.0,744.0,0.12142857142857143,0.16428571428571428,0.7142857142857143,0.03571428571428571,0.35,0.3,0.02857142857142857,2.4692307692307693,0.7173212608685019,2.113943352306837,2.451326206770327,0.9204695155781928,0.7136552058720075,0.889162619110387,1.1260172822858134,1.9003260363297625,0.23839395654734566
141.0,744.0,0.12056737588652482,0.16312056737588654,0.7163120567375887,0.028368794326241134,0.3475177304964539,0.3049645390070922,0.028368794326241134,2.448,0.7345834896223891,2.0969100130080562,2.446764466970759,0.918432012032274,0.7222570924372538,0.8903825417459259,1.1278638979249729,1.9163120567375886,0.22530996097038938
138.0,744.0,0.12318840579710146,0.15217391304347827,0.7246376811594203,0.036231884057971016,0.35507246376811596,0.3115942028985507,0.028985507246376812,2.403361344537815,0.7401251352178412,2.0755469613925306,2.4667302705304883,0.9088873010384005,0.7099877621631474,0.8787695934014195,1.1094292554574352,1.883186705767351,0.23957519356696047
141.0,744.0,0.11347517730496454,0.1773049645390071,0.7092198581560284,0.03546099290780142,0.3475177304964539,0.3049645390070922,0.028368794326241134,2.481203007518797,0.7240616054423372,2.123851640967086,2.42311113485034,0.9113455496248298,0.7132554067278792,0.8942624946543625,1.1289858869496803,1.9422283356258596,0.2361354016822296
140.0,744.0,0.12142857142857143,0.15714285714285714,0.7214285714285714,0.03571428571428571,0.35714285714285715,0.3,0.02857142857142857,2.41025641025641,0.744564743877209,2.0681858617461617,2.4604851759899273,0.918759525112642,0.7220179683427899,0.8871276093184166,1.128021888092878,1.8762836185819072,0.22593296031056118
141.0,744.0,0.12056737588652482,0.1702127659574468,0.7092198581560284,0.03546099290780142,0.3546099290780142,0.2978723404255319,0.028368794326241134,2.474074074074074,0.7210029253426653,2.130333768495006,2.4339678961650453,0.9146051242558108,0.711704314398615,0.8939716728799679,1.1297341809429644,1.916590284142988,0.231136981558673
141.0,744.0,0.12056737588652482,0.16312056737588654,0.7163120567375887,0.03546099290780142,0.3546099290780142,0.2978723404255319,0.028368794326241134,2.481203007518797,0.7240616054423372,2.123851640967086,2.453159772316698,0.9154814952493083,0.7145302486559092,0.8933169777218662,1.1282370966566566,1.9354099862574439,0.22308863255500352
142.0,744.0,0.11971830985915492,0.16901408450704225,0.7112676056338029,0.035211267605633804,0.34507042253521125,0.3028169014084507,0.028169014084507043,2.4963503649635035,0.7187007025676192,2.1367205671564067,2.4422201610476093,0.9165161454303551,0.7157291028489027,0.8976708165539199,1.1334478689817082,1.9340262087663804,0.2184544367140612
140.0,744.0,0.11428571428571428,0.16428571428571428,0.7214285714285714,0.03571428571428571,0.35,0.29285714285714287,0.02857142857142857,2.484126984126984,0.7237029996801393,2.100370545117563,2.4625859953218527,0.9215512213297253,0.716994010151677,0.89054087021009,1.1289942695129365,1.9090485074626866,0.22834895727387064
142.0,744.0,0.11971830985915492,0.16901408450704225,0.7112676056338029,0.035211267605633804,0.352112676056338,0.29577464788732394,0.028169014084507043,2.4651162790697674,0.7293673588707178,2.110589710299249,2.437043415035422,0.9171829666105157,0.7184678451164923,0.8982540474570463,1.1375412483785305,1.9087947882736156,0.22390877865110614
142.0,744.0,0.11971830985915492,0.176056338028169,0.7042253521126761,0.028169014084507043,0.34507042253521125,0.3028169014084507,0.028169014084507043,2.4525547445255476,0.7373522077209781,2.1367205671564067,2.393247187594913,0.9124439971698263,0.7183419869044062,0.8970614610944498,1.136818056579042,1.9155963302752295,0.2210250509664059
142.0,744.0,0.11971830985915492,0.18309859154929578,0.6971830985915494,0.035211267605633804,0.34507042253521125,0.3028169014084507,0.028169014084507043,2.416,0.7315912837449698,2.0969100130080562,2.4116565225161772,0.918464719034495,0.7197423584221012,0.8970142285115376,1.136965607730553,1.8927368927368928,0.24126928157313537
142.0,744.0,0.11971830985915492,0.19014084507042253,0.6901408450704226,0.035211267605633804,0.352112676056338,0.2887323943661972,0.028169014084507043,2.4296296296296296,0.7385013135806255,2.130333768495006,2.3779368333577566,0.9174436535132839,0.7201969951390027,0.9007285656703681,1.140529896357427,1.9167446211412535,0.2441264252725361
142.0,744.0,0.11971830985915492,0.176056338028169,0.7042253521126761,0.035211267605633804,0.34507042253521125,0.3028169014084507,0.028169014084507043,2.4580152671755724,0.7259957828308627,2.1172712956557644,2.4289235858920244,0.9142124847168004,0.7191964149985178,0.8979624793568902,1.1390940250847963,1.9092601209865054,0.23334870337968303
141.0,744.0,0.12056737588652482,0.16312056737588654,0.7163120567375887,0.03546099290780142,0.3475177304964539,0.3049645390070922,0.028368794326241134,2.481203007518797,0.7240616054423372,2.123851640967086,2.45102309952902,0.9167726359752766,0.716075219748055,0.8926618023980023,1.1291010413813167,1.9171245421245422,0.22552575964728278
142.0,744.0,0.11971830985915492,0.19014084507042253,0.6901408450704226,0.035211267605633804,0.34507042253521125,0.3028169014084507,0.028169014084507043,2.4444444444444446,0.7193142118180226,2.130333768495006,2.399318629416443,0.9185435473938992,0.7165518246472667,0.8995649344287662,1.1425370845564549,1.900888265544647,0.2522403825467359
142.0,744.0,0.11971830985915492,0.176056338028169,0.7042253521126761,0.035211267605633804,0.352112676056338,0.29577464788732394,0.028169014084507043,2.474074074074074,0.7210029253426653,2.130333768495006,2.4259065772617427,0.9104311174617814,0.7187411453690961,0.8983997960223843,1.1357558127084784,1.9426605504587156,0.23003169423622888
142.0,744.0,0.11971830985915492,0.16901408450704225,0.7112676056338029,0.035211267605633804,0.34507042253521125,0.29577464788732394,0.014084507042253521,2.481203007518797,0.7240616054423372,2.123851640967086,2.4513247016635953,0.913587033382184,0.7222846382059869,0.8982540474570463,1.1379440235718636,1.9235431235431235,0.22533500634347292
142.0,744.0,0.11971830985915492,0.18309859154929578,0.6971830985915494,0.035211267605633804,0.34507042253521125,0.3028169014084507,0.028169014084507043,2.4511278195488724,0.7226441914786178,2.123851640967086,2.412900281958685,0.9174428643958192,0.7162776890460733,0.8985455209465782,1.1416199506954998,1.9000933706816059,0.2449115870167912
142.0,744.0,0.11971830985915492,0.176056338028169,0.7042253521126761,0.035211267605633804,0.34507042253521125,0.3028169014084507,0.028169014084507043,2.43609022556391,0.7421649683746361,2.123851640967086,2.3936017075757836,0.9160530334588629,0.7189232878176754,0.8973061047336862,1.1350639223323595,1.9260120986505351,0.22475472990717435
140.0,744.0,0.12142857142857143,0.16428571428571428,0.7142857142857143,0.03571428571428571,0.35,0.3,0.02857142857142857,2.3916666666666666,0.7480600494178351,2.0791812460476247,2.4184670952743694,0.9218186678963,0.724784113505804,0.887854933978169,1.127735733995087,1.8830151737640723,0.22711368918411967
142.0,744.0,0.11971830985915492,0.16901408450704225,0.7112676056338029,0.035211267605633804,0.352112676056338,0.29577464788732394,0.028169014084507043,2.448,0.7345834896223891,2.0969100130080562,2.4372007567487888,0.9162254795613974,0.717464853498628,0.8962841221128872,1.1350639223323593,1.8936672967863895,0.22155814713690297
141.0,744.0,0.12056737588652482,0.1702127659574468,0.7092198581560284,0.03546099290780142,0.3475177304964539,0.3049645390070922,0.028368794326241134,2.43609022556391,0.7421649683746361,2.123851640967086,2.407985929712617,0.9128640086155824,0.7133465424216768,0.8927346234009628,1.1289283053290617,1.908879590887959,0.2225086068335073
140.0,744.0,0.12142857142857143,0.16428571428571428,0.7142857142857143,0.03571428571428571,0.35,0.30714285714285716,0.02857142857142857,2.403361344537815,0.7401251352178412,2.0755469613925306,2.449857163770729,0.9129487755699457,0.7172640428501166,0.8871276093184166,1.1245832332781809,1.8832437713727406,0.2370641806388878
140.0,744.0,0.12142857142857143,0.15714285714285714,0.7214285714285714,0.03571428571428571,0.35,0.3,0.02857142857142857,2.4651162790697674,0.7293673588707178,2.110589710299249,2.4773572077087143,0.9184483128704293,0.7123877938764117,0.8885816633060507,1.124066527770254,1.910274291027429,0.22741866448599893
142.0,744.0,0.11971830985915492,0.176056338028169,0.7042253521126761,0.035211267605633804,0.34507042253521125,0.3028169014084507,0.028169014084507043,2.4580152671755724,0.7259957828308627,2.1172712956557644,2.4270982985207263,0.9114778045738403,0.7188322223624426,0.8969412446153321,1.1394387992095805,1.8999068901303537,0.23281352448720202
142.0,744.0,0.11971830985915492,0.176056338028169,0.7042253521126761,0.035211267605633804,0.34507042253521125,0.29577464788732394,0.028169014084507043,2.43609022556391,0.7421649683746361,2.123851640967086,2.4068031647687222,0.9182966343815971,0.7215591865591964,0.8982540474570463,1.139151494685378,1.9264432029795158,0.22531003210725778
141.0,744.0,0.12056737588652482,0.16312056737588654,0.7163120567375887,0.03546099290780142,0.3475177304964539,0.3049645390070922,0.014184397163120567,2.4651162790697674,0.7293673588707178,2.110589710299249,2.4511531288959034,0.9116464760728659,0.7173450504150344,0.8920061458503361,1.1327224135807183,1.9082440614811365,0.22559053735043402
142.0,744.0,0.11971830985915492,0.176056338028169,0.7042253521126761,0.028169014084507043,0.34507042253521125,0.2887323943661972,0.028169014084507043,2.485074626865672,0.7122459935241569,2.1271047983648077,2.438832159768435,0.9224390943131038,0.7213350302692351,0.8983705456017422,1.1376791890880467,1.908003679852806,0.227826831554391
141.0,744.0,0.12056737588652482,0.16312056737588654,0.7163120567375887,0.028368794326241134,0.3475177304964539,0.3049645390070922,0.028368794326241134,2.4297520661157024,0.7396671129748362,2.0827853703164503,2.4584637846664124,0.9161895988587759,0.7237814463444197,0.8906009545598779,1.1293574348230537,1.9000960614793467,0.22713159937810223
141.0,744.0,0.12056737588652482,0.16312056737588654,0.7163120567375887,0.03546099290780142,0.3475177304964539,0.3049645390070922,0.014184397163120567,2.448,0.7345834896223891,2.0969100130080562,2.4540502793952874,0.9174308965156562,0.7174356666024886,0.8922976082386449,1.130654478311306,1.9081874112636061,0.22310449208558644
140.0,744.0,0.12142857142857143,0.15714285714285714,0.7214285714285714,0.03571428571428571,0.35,0.30714285714285716,0.02857142857142857,2.4651162790697674,0.7293673588707179,2.110589710299249,2.460224148623815,0.9137455673410689,0.7135647510988617,0.8877822283262612,1.1257879572000145,1.908457249070632,0.22710371482203837
141.0,744.0,0.12056737588652482,0.1702127659574468,0.7092198581560284,0.03546099290780142,0.3475177304964539,0.3049645390070922,0.028368794326241134,2.43609022556391,0.7421649683746361,2.123851640967086,2.4016574014987664,0.9106120265864354,0.7173450504150344,0.8935352627408478,1.1325502298586592,1.9007918025151374,0.22656007580940346
142.0,744.0,0.11971830985915492,0.16901408450704225,0.7112676056338029,0.035211267605633804,0.34507042253521125,0.3028169014084507,0.028169014084507043,2.481203007518797,0.7240616054423372,2.123851640967086,2.4442048390065265,0.9110750024315072,0.7164604577681027,0.8970142285115376,1.1356981712766154,1.9253321117727897,0.2208191944630882
142.0,744.0,0.11971830985915492,0.18309859154929578,0.6971830985915494,0.035211267605633804,0.352112676056338,0.29577464788732394,0.028169014084507043,2.4671532846715327,0.7179535345700524,2.1367205671564067,2.397713084295993,0.9145532096382881,0.7176473198764862,0.8991281844617829,1.1384041635830862,1.9069981583793738,0.24136908229372367
142.0,744.0,0.11971830985915492,0.16901408450704225,0.7112676056338029,0.028169014084507043,0.352112676056338,0.29577464788732394,0.028169014084507043,2.4651162790697674,0.7293673588707179,2.110589710299249,2.4290176196076922,0.9178179324355169,0.7194318070294631,0.8965518564691594,1.1364734208753833,1.916279069767442,0.22520289165164858
142.0,744.0,0.11971830985915492,0.16901408450704225,0.7112676056338029,0.035211267605633804,0.34507042253521125,0.3028169014084507,0.028169014084507043,2.4651162790697674,0.7293673588707179,2.110589710299249,2.441160268287502,0.9171667743973856,0.7256304179195705,0.8961380294528141,1.138979077184382,1.9255467659376455,0.22521592644720748
141.0,744.0,0.12056737588652482,0.1773049645390071,0.7021276595744681,0.03546099290780142,0.3475177304964539,0.3049645390070922,0.014184397163120567,2.4296296296296296,0.7385013135806255,2.130333768495006,2.391206291005856,0.9101868568404645,0.7130731003969614,0.8938262265088169,1.1289858869496803,1.9005602240896358,0.2355112836795152
141.0,744.0,0.12056737588652482,0.16312056737588654,0.7163120567375887,0.03546099290780142,0.3475177304964539,0.2978723404255319,0.028368794326241134,2.4596774193548385,0.7258210215048382,2.093421685162235,2.45331424525545,0.9216796561686226,0.7223120593396127,0.8926618023980023,1.1318612330369815,1.8917501192179305,0.22131227659540484
138.0,758.0,0.12318840579710146,0.15942028985507245,0.7173913043478262,0.036231884057971016,0.3333333333333333,0.3115942028985507,0.028985507246376812,2.36697247706422,0.7535170677945499,2.037426497940624,2.4692084415770394,0.9338754123268445,0.7288854363441901,0.8694608131318823,1.1185826031009458,1.8513650151668353,0.23894407897003136
139.0,758.0,0.1223021582733813,0.17266187050359713,0.7050359712230215,0.03597122302158273,0.3237410071942446,0.30935251798561153,0.02877697841726619,2.4227642276422765,0.7356064753512584,2.089905111439398,2.431245833754678,0.9308772721779844,0.735103616705081,0.8753215978326457,1.1304412208856072,1.8796340876263842,0.2372240828663209
139.0,758.0,0.1223021582733813,0.17985611510791366,0.697841726618705,0.03597122302158273,0.31654676258992803,0.30935251798561153,0.02877697841726619,2.3577235772357725,0.769607961735991,2.089905111439398,2.4215366495041466,0.9318482426742783,0.7331696387745649,0.8756741435802012,1.1279812050534075,1.8688845401174168,0.23852716256185905
139.0,758.0,0.1223021582733813,0.16546762589928057,0.7122302158273381,0.03597122302158273,0.33093525179856115,0.30935251798561153,0.02877697841726619,2.3893805309734515,0.7492094442832973,2.0530784434834195,2.4581167572391918,0.9315246143658874,0.7351036167050811,0.8744749081511725,1.1288018060145038,1.860337972166998,0.23637705184393829
139.0,758.0,0.1223021582733813,0.17266187050359713,0.7050359712230215,0.03597122302158273,0.3237410071942446,0.30935251798561153,0.02877697841726619,2.3577235772357725,0.769607961735991,2.089905111439398,2.432996684926974,0.9327072598940002,0.7324957538830034,0.8754626331679412,1.126667000342669,1.8715192965315095,0.23602418920275747
138.0,758.0,0.12318840579710146,0.15217391304347827,0.7246376811594203,0.036231884057971016,0.34057971014492755,0.3115942028985507,0.028985507246376812,2.392523364485981,0.7366037482908437,2.0293837776852097,2.478650078084679,0.9325908273466073,0.7288854363441902,0.8693198184086545,1.1185278094500555,1.8513650151668353,0.23701171182027292
139.0,758.0,0.1223021582733813,0.16546762589928057,0.7122302158273381,0.03597122302158273,0.33093525179856115,0.302158273381295,0.02877697841726619,2.4715447154471546,0.7166086255163746,2.089905111439398,2.4713519375412223,0.9344747386811634,0.7339270196726286,0.8755331423160804,1.130823409034768,1.8853623874940786,0.2370260638070055
141.0,758.0,0.12056737588652482,0.18439716312056736,0.6950354609929079,0.03546099290780142,0.3191489361702128,0.2978723404255319,0.028368794326241134,2.440944881889764,0.7308783941919564,2.103803720955957,2.403640372757995,0.9352775286086848,0.7423563136962171,0.8847365259686767,1.1439575203888854,1.8822681403171553,0.23106049879003687
141.0,758.0,0.12056737588652482,0.1773049645390071,0.7021276595744681,0.03546099290780142,0.3262411347517731,0.2907801418439716,0.028368794326241134,2.464,0.7132840903513739,2.0969100130080562,2.435416836200757,0.940429406849188,0.7380422977250143,0.8852317740404753,1.1429171176557227,1.8853623874940786,0.23167571682104307
140.0,758.0,0.12142857142857143,0.17142857142857143,0.7071428571428571,0.03571428571428571,0.32857142857142857,0.30714285714285716,0.02857142857142857,2.4715447154471546,0.7166086255163747,2.089905111439398,2.450481391832627,0.9302266055118693,0.7359156996473505,0.879613715346424,1.1378785601273458,1.8853623874940786,0.23621603189263765
137.0,758.0,0.12408759124087591,0.15328467153284672,0.7226277372262774,0.0364963503649635,0.3357664233576642,0.30656934306569344,0.029197080291970802,2.3983050847457625,0.7526571790693912,2.0718820073061255,2.4945319913443926,0.9347950521748659,0.7224793597126524,0.8670303534677581,1.1113820669378085,1.8689486552567238,0.24158412561350212
140.0,758.0,0.12142857142857143,0.16428571428571428,0.7142857142857143,0.03571428571428571,0.3357142857142857,0.30714285714285716,0.02857142857142857,2.355769230769231,0.7493462423264181,2.0170333392987803,2.457235418994923,0.9329754799114406,0.7352395344574983,0.8767819389304767,1.1301483333327191,1.84224049331963,0.23254131349987414
141.0,758.0,0.12056737588652482,0.19858156028368795,0.6808510638297873,0.03546099290780142,0.3049645390070922,0.3049645390070922,0.028368794326241134,2.3703703703703702,0.7701593239000358,2.130333768495006,2.375457298350658,0.9331765162611753,0.7393137390691056,0.8853732226073909,1.1427527569520193,1.887730933207011,0.2350729867352561
139.0,758.0,0.1223021582733813,0.17266187050359713,0.7050359712230215,0.03597122302158273,0.3237410071942446,0.30935251798561153,0.02877697841726619,2.365217391304348,0.7646858635219616,2.060697840353612,2.4487430461740534,0.9322772419609433,0.731483762506274,0.8746160800185705,1.126502616951942,1.8602685231228244,0.23861407547437352
139.0,758.0,0.1223021582733813,0.17985611510791366,0.697841726618705,0.03597122302158273,0.31654676258992803,0.302158273381295,0.02877697841726619,2.3577235772357725,0.769607961735991,2.089905111439398,2.425133771806305,0.937372099450926,0.7336746462458501,0.8764492450568311,1.1289111744077365,1.8713307240704502,0.23870490592987775
140.0,758.0,0.12142857142857143,0.16428571428571428,0.7142857142857143,0.03571428571428571,0.3357142857142857,0.30714285714285716,0.02857142857142857,2.3106796116504853,0.7544524857190748,2.012837224705172,2.4386622972315264,0.9342001211073572,0.7364224161146083,0.8776324312443919,1.129377905489533,1.8326359832635983,0.23079542099484657
140.0,758.0,0.12142857142857143,0.17857142857142858,0.7,0.03571428571428571,0.32142857142857145,0.29285714285714287,0.02857142857142857,2.3361344537815127,0.7732532082971658,2.0755469613925306,2.4361930060262336,0.93815501407349,0.7370974962067419,0.8812378663591802,1.134047445199489,1.860337972166998,0.23481649763767395
140.0,758.0,0.12142857142857143,0.18571428571428572,0.6928571428571428,0.03571428571428571,0.3142857142857143,0.30714285714285716,0.02857142857142857,2.3951612903225805,0.7631614645200601,2.093421685162235,2.43042745298199,0.9322828957824452,0.7359156996473505,0.8801789773584179,1.1371680432836013,1.877226769378912,0.23986818932234236
142.0,758.0,0.11971830985915492,0.19718309859154928,0.6830985915492959,0.035211267605633804,0.30985915492957744,0.3028169014084507,0.028169014084507043,2.325,0.7795980433811371,2.0791812460476247,2.3915942640951577,0.9327986588208377,0.7443862086244448,0.8878573545710616,1.1480680651449784,1.8602685231228244,0.23353256903132116
140.0,758.0,0.12142857142857143,0.17142857142857143,0.7071428571428571,0.03571428571428571,0.32857142857142857,0.29285714285714287,0.02857142857142857,2.358974358974359,0.75955452531275,2.0681858617461617,2.4468759579408226,0.9349072469197385,0.7345627468576852,0.8802496095872361,1.1318524144837236,1.860337972166998,0.2348845248485583
141.0,758.0,0.12056737588652482,0.1773049645390071,0.7021276595744681,0.03546099290780142,0.3262411347517731,0.2978723404255319,0.028368794326241134,2.403361344537815,0.7401251352178413,2.0755469613925306,2.424839735062318,0.9380224967385029,0.7411745743812239,0.8836743454678313,1.1424239646048187,1.8713936430317848,0.2318244006533946
140.0,758.0,0.12142857142857143,0.17142857142857143,0.7071428571428571,0.03571428571428571,0.32857142857142857,0.30714285714285716,0.02857142857142857,2.4152542372881354,0.7317730626039961,2.0718820073061255,2.4299344229645596,0.9334138500928105,0.7360846438942955,0.8781281713595924,1.1334990860233523,1.8713936430317848,0.23249389467166712
140.0,758.0,0.12142857142857143,0.17142857142857143,0.7071428571428571,0.03571428571428571,0.32857142857142857,0.29285714285714287,0.02857142857142857,2.411290322580645,0.7436680872342356,2.093421685162235,2.4286240575966147,0.9413050550981584,0.7333768657002409,0.8806026857512634,1.131632677238312,1.8741463414634147,0.23062629072644028
142.0,758.0,0.11971830985915492,0.2112676056338028,0.6690140845070423,0.035211267605633804,0.29577464788732394,0.3028169014084507,0.028169014084507043,2.3636363636363638,0.7741006098443095,2.155336037465062,2.3396977949344615,0.9344083850995224,0.7384330500626284,0.891542608301714,1.1482328169153666,1.8931902985074627,0.2339236866778771
141.0,758.0,0.12056737588652482,0.18439716312056736,0.6950354609929079,0.03546099290780142,0.3191489361702128,0.2907801418439716,0.028368794326241134,2.4580152671755724,0.7259957828308627,2.1172712956557644,2.4257016640245888,0.9331698835362741,0.7400755554018895,0.8865039986514411,1.1459262193363857,1.8931404573028465,0.23330027555646404
140.0,758.0,0.12142857142857143,0.17857142857142858,0.7,0.03571428571428571,0.32142857142857145,0.30714285714285716,0.02857142857142857,2.4047619047619047,0.7394978991566797,2.100370545117563,2.402869754761721,0.93326199363001,0.7376876845099472,0.8792602420510567,1.1349790477689892,1.879692011549567,0.2325021330296591
139.0,758.0,0.1223021582733813,0.17266187050359713,0.7050359712230215,0.03597122302158273,0.3237410071942446,0.30935251798561153,0.02877697841726619,2.3130434782608695,0.7764654214610189,2.060697840353612,2.430629099935788,0.931504961834451,0.7328327737886233,0.8744749081511725,1.1244732459423683,1.853966649823143,0.23570877531228718
141.0,758.0,0.12056737588652482,0.18439716312056736,0.6950354609929079,0.03546099290780142,0.3191489361702128,0.2907801418439716,0.028368794326241134,2.4365079365079363,0.7429242948891279,2.100370545117563,2.446666290796993,0.940358904305006,0.7372783804670695,0.8860094617086606,1.1441217080203103,1.885308056872038,0.2377821020511363
140.0,758.0,0.12142857142857143,0.19285714285714287,0.6857142857142857,0.03571428571428571,0.30714285714285716,0.3,0.02857142857142857,2.340909090909091,0.7797978349727415,2.12057393120585,2.3913892428190153,0.938764073351722,0.733800614689144,0.882506856070345,1.134759915971443,1.877226769378912,0.23931154472628893
140.0,758.0,0.12142857142857143,0.18571428571428572,0.6928571428571428,0.03571428571428571,0.3142857142857143,0.3,0.02857142857142857,2.43609022556391,0.7421649683746361,2.123851640967086,2.4162491622432527,0.9376984198149356,0.735239534457498,0.8824364045167182,1.1391891192738781,1.8931902985074627,0.23749052503775556
139.0,758.0,0.1223021582733813,0.17266187050359713,0.7050359712230215,0.03597122302158273,0.3237410071942446,0.30935251798561153,0.02877697841726619,2.330578512396694,0.7679890380301242,2.0827853703164503,2.4127193915275384,0.9324257116698621,0.7328327737886233,0.8753215978326457,1.1247476992387175,1.8628230616302186,0.23374595226288505
139.0,758.0,0.1223021582733813,0.17266187050359713,0.7050359712230215,0.03597122302158273,0.3237410071942446,0.30935251798561153,0.02877697841726619,2.4227642276422765,0.7356064753512584,2.089905111439398,2.431245833754678,0.9311267229670034,0.7339270196726285,0.8753215978326457,1.1296764566857178,1.8796340876263842,0.2372925994816001
137.0,758.0,0.12408759124087591,0.145985401459854,0.7299270072992701,0.0364963503649635,0.34306569343065696,0.31386861313868614,0.029197080291970802,2.3947368421052633,0.7361514495562341,2.0569048513364727,2.471909704059561,0.9291288468167301,0.7255888912814141,0.8651333981732698,1.110615294003341,1.8604073522106308,0.23545978922260086
140.0,758.0,0.12142857142857143,0.17142857142857143,0.7071428571428571,0.03571428571428571,0.32857142857142857,0.3,0.02857142857142857,2.4274193548387095,0.7232872912187831,2.093421685162235,2.422537399759695,0.9347183819000465,0.7349012185662731,0.8791895303385452,1.132072109077739,1.8772858517805582,0.22968891718860007
142.0,758.0,0.11971830985915492,0.18309859154929578,0.6971830985915494,0.035211267605633804,0.323943661971831,0.2887323943661972,0.028169014084507043,2.4596774193548385,0.7258210215048382,2.093421685162235,2.4433802970034315,0.9383593750902948,0.7417557041832711,0.8892056603649832,1.1506464660490323,1.8854166666666667,0.23123715904607933
141.0,758.0,0.12056737588652482,0.18439716312056736,0.6950354609929079,0.03546099290780142,0.3191489361702128,0.3049645390070922,0.028368794326241134,2.3361344537815127,0.7732532082971659,2.0755469613925306,2.411733104271716,0.9321482588992983,0.7393137390691056,0.8836034880354,1.1396803395775716,1.8628230616302186,0.23331384895135351
139.0,758.0,0.1223021582733813,0.16546762589928057,0.7122302158273381,0.03597122302158273,0.33093525179856115,0.30935251798561153,0.02877697841726619,2.4224137931034484,0.7360394846328088,2.0644579892269186,2.4576092872124575,0.9303934736250737,0.731483762506274,0.8739806270406281,1.1269409193758875,1.8689486552567238,0.2354345950331453
138.0,758.0,0.12318840579710146,0.15942028985507245,0.7173913043478262,0.036231884057971016,0.3333333333333333,0.30434782608695654,0.028985507246376812,2.4347826086956523,0.727051661846072,2.060697840353612,2.4726330085474943,0.9340824667135884,0.731319891207793,0.8706583464080987,1.1232848580826202,1.8688845401174168,0.2388478788738313
139.0,758.0,0.1223021582733813,0.17266187050359713,0.7050359712230215,0.03597122302158273,0.3237410071942446,0.302158273381295,0.02877697841726619,2.4227642276422765,0.7356064753512584,2.089905111439398,2.434842956056836,0.9345294312320288,0.7328327737886233,0.8759560780181943,1.1294578575174465,1.877226769378912,0.23711485611358138
140.0,758.0,0.12142857142857143,0.17857142857142858,0.7,0.03571428571428571,0.32142857142857145,0.3,0.02857142857142857,2.375,0.7676494735787385,2.0791812460476247,2.4344552156837698,0.9378962970527011,0.7382774010093,0.8804614722762125,1.1354719396918374,1.8655753968253967,0.236438985713364
141.0,758.0,0.12056737588652482,0.19858156028368795,0.6808510638297873,0.03546099290780142,0.3049645390070922,0.3049645390070922,0.028368794326241134,2.3095238095238093,0.8046294621927359,2.100370545117563,2.414804539078602,0.9329058928942473,0.7378726066821215,0.8848780537014537,1.1414918719898617,1.869012707722385,0.2403532633661396
141.0,758.0,0.12056737588652482,0.20567375886524822,0.673758865248227,0.03546099290780142,0.2978723404255319,0.3049645390070922,0.028368794326241134,2.386206896551724,0.7744730008972385,2.161368002234975,2.36856074407778,0.9322307045119885,0.7371085135614668,0.8870688461345001,1.144231153352618,1.9008264462809918,0.2376383148453706
139.0,758.0,0.1223021582733813,0.16546762589928057,0.7122302158273381,0.03597122302158273,0.33093525179856115,0.30935251798561153,0.02877697841726619,2.4201680672268906,0.7189422352426683,2.0755469613925306,2.4199157134158553,0.933396454654145,0.7342633826411643,0.8741924960235609,1.1268313597529673,1.8688845401174168,0.2312337071910035
141.0,758.0,0.12056737588652482,0.18439716312056736,0.6950354609929079,0.03546099290780142,0.3191489361702128,0.3049645390070922,0.028368794326241134,2.3801652892561984,0.7556034933207081,2.0827853703164503,2.410613759710146,0.9331551812328895,0.742271966138397,0.8838160432903162,1.1432457681743302,1.8713936430317848,0.2331137279405852
139.0,758.0,0.1223021582733813,0.15827338129496402,0.7194244604316546,0.03597122302158273,0.3381294964028777,0.302158273381295,0.02877697841726619,2.4272727272727272,0.7226237985945705,2.041392685158225,2.4710890787384923,0.9362579705380923,0.7351036167050811,0.8736273978875129,1.1283095170549986,1.860337972166998,0.2340756821634411
140.0,758.0,0.12142857142857143,0.18571428571428572,0.6928571428571428,0.03571428571428571,0.3142857142857143,0.3,0.02857142857142857,2.4140625,0.7584416654183231,2.1072099696478683,2.423071179174683,0.9308861174336364,0.7374348045036477,0.8813084137236249,1.1375506844219534,1.8822681403171553,0.23708337338782687
141.0,758.0,0.12056737588652482,0.18439716312056736,0.6950354609929079,0.03546099290780142,0.3191489361702128,0.3049645390070922,0.028368794326241134,2.440944881889764,0.7308783941919565,2.103803720955957,2.4123739148290424,0.9352565769462678,0.74032931997351,0.8846657536117516,1.1449969777593783,1.8853623874940786,0.2344125441832173
140.0,758.0,0.12142857142857143,0.17857142857142858,0.7,0.03571428571428571,0.32142857142857145,0.3,0.02857142857142857,2.448,0.7345834896223891,2.0969100130080562,2.451916882668768,0.9318552119680019,0.7349012185662732,0.8806026857512634,1.1370586935932165,1.885308056872038,0.2384444388868234
142.0,758.0,0.11971830985915492,0.176056338028169,0.7042253521126761,0.035211267605633804,0.33098591549295775,0.29577464788732394,0.028169014084507043,2.4272727272727272,0.7226237985945704,2.041392685158225,2.4400097320045804,0.9373523061624083,0.7435386756168532,0.8860089795764909,1.147848359333605,1.860337972166998,0.22913042127266417
139.0,758.0,0.1223021582733813,0.17266187050359713,0.7050359712230215,0.03597122302158273,0.3237410071942446,0.30935251798561153,0.02877697841726619,2.324561403508772,0.7699628083776116,2.0569048513364727,2.429585370132803,0.9319059426749826,0.732327185768479,0.8744749081511725,1.1245281419603026,1.8538928210313448,0.235854199482049
140.0,758.0,0.12142857142857143,0.19285714285714287,0.6857142857142857,0.03571428571428571,0.30714285714285716,0.30714285714285716,0.02857142857142857,2.2540983606557377,0.7983606696476635,2.0863598306747484,2.384657900874806,0.9339540449971484,0.733800614689144,0.8805320818445896,1.1299282646945505,1.8538928210313448,0.23705375606455936
140.0,758.0,0.12142857142857143,0.17142857142857143,0.7071428571428571,0.03571428571428571,0.32857142857142857,0.29285714285714287,0.02857142857142857,2.3706896551724137,0.752158313744874,2.0644579892269186,2.44546967961265,0.9380885077961821,0.7374348045036478,0.8794723430762318,1.1330602076048757,1.860337972166998,0.23261718676711599
140.0,758.0,0.12142857142857143,0.17857142857142858,0.7,0.03571428571428571,0.32142857142857145,0.3,0.02857142857142857,2.3801652892561984,0.7556034933207081,2.0827853703164503,2.4218603975767876,0.9368240072591253,0.7365912441412944,0.8796843929616525,1.1344859417029631,1.8689486552567238,0.23230361696907414
139.0,758.0,0.1223021582733813,0.17985611510791366,0.697841726618705,0.03597122302158273,0.31654676258992803,0.302158273381295,0.02877697841726619,2.384,0.7702534145206016,2.0969100130080562,2.445837603210267,0.933817481586812,0.7324957538830035,0.877434747572737,1.131150896098377,1.8772858517805582,0.2421976403983398
139.0,758.0,0.1223021582733813,0.17985611510791366,0.697841726618705,0.03597122302158273,0.31654676258992803,0.302158273381295,0.02877697841726619,2.3307086614173227,0.77720621061162,2.103803720955957,2.3978234368839493,0.9348603274919749,0.7315681485896302,0.8764492450568311,1.1234297119313694,1.8655753968253967,0.2344449702050081
140.0,758.0,0.12142857142857143,0.17857142857142858,0.7,0.03571428571428571,0.32142857142857145,0.29285714285714287,0.02857142857142857,2.3865546218487395,0.7603438528281413,2.0755469613925306,2.4556405876739613,0.9397724210655245,0.7374348045036481,0.8805320818445896,1.1364570822223896,1.8688845401174168,0.23852449746312254
139.0,758.0,0.1223021582733813,0.15827338129496402,0.7194244604316546,0.03597122302158273,0.3381294964028777,0.30935251798561153,0.02877697841726619,2.4272727272727272,0.7226237985945704,2.041392685158225,2.467907138403199,0.9323875603727182,0.7354394415415786,0.8736980551427543,1.1288018060145038,1.8602685231228244,0.23525676132569245
140.0,758.0,0.12142857142857143,0.18571428571428572,0.6928571428571428,0.03571428571428571,0.3142857142857143,0.30714285714285716,0.02857142857142857,2.3089430894308944,0.7801857838940525,2.089905111439398,2.3952467868340337,0.9349352302640479,0.7365912441412943,0.879613715346424,1.1321270260648721,1.8628230616302186,0.23547769886236786
141.0,758.0,0.12056737588652482,0.19148936170212766,0.6879432624113475,0.03546099290780142,0.3120567375886525,0.3049645390070922,0.028368794326241134,2.2857142857142856,0.7826817993485455,2.0755469613925306,2.384489142583473,0.934756643467611,0.7396524209755829,0.8836743454678313,1.1380309896173315,1.8513650151668353,0.23381523209937527
139.0,758.0,0.1223021582733813,0.17266187050359713,0.7050359712230215,0.03597122302158273,0.3237410071942446,0.302158273381295,0.02877697841726619,2.411290322580645,0.7436680872342356,2.093421685162235,2.43394703146859,0.9321527952160973,0.7325800233948192,0.8758151221439192,1.1286377335531679,1.879692011549567,0.2355712931604165
140.0,758.0,0.12142857142857143,0.2,0.6785714285714286,0.03571428571428571,0.3,0.30714285714285716,0.02857142857142857,2.3503649635036497,0.7820715409948159,2.1367205671564067,2.3745893905848,0.9313463352465817,0.732783205444086,0.8821545420374527,1.1345407418495077,1.8876777251184833,0.23831790883247156
141.0,758.0,0.12056737588652482,0.1773049645390071,0.7021276595744681,0.03546099290780142,0.3262411347517731,0.2978723404255319,0.028368794326241134,2.464,0.7132840903513739,2.0969100130080562,2.424688103380026,0.9377476265182724,0.7410900923231355,0.8843826075487626,1.1451063394364123,1.8854166666666667,0.23137962918109098
140.0,758.0,0.12142857142857143,0.17142857142857143,0.7071428571428571,0.03571428571428571,0.32857142857142857,0.3,0.02857142857142857,2.4344262295081966,0.727132997009065,2.0863598306747484,2.422537399759695,0.9355819831642851,0.7386141704707079,0.8791895303385452,1.1344859417029634,1.8740849194729137,0.22978304104503922
139.0,758.0,0.1223021582733813,0.17985611510791366,0.697841726618705,0.03597122302158273,0.31654676258992803,0.30935251798561153,0.02877697841726619,2.352,0.764705298496347,2.0969100130080562,2.4022738041273475,0.9316335375910544,0.7339270196726284,0.8756741435802012,1.1271600066742384,1.8713307240704502,0.2357227268127445
142.0,758.0,0.11971830985915492,0.176056338028169,0.7042253521126761,0.035211267605633804,0.33098591549295775,0.2887323943661972,0.028169014084507043,2.4836065573770494,0.7069151533290485,2.0863598306747484,2.446811848599374,0.9380941857775273,0.7409051621066011,0.8882833564450316,1.1504820599189993,1.885470894462849,0.230892276537753
138.0,758.0,0.12318840579710146,0.15942028985507245,0.7173913043478262,0.036231884057971016,0.3333333333333333,0.3115942028985507,0.028985507246376812,2.3603603603603602,0.7482439173618183,2.0453229787866576,2.447853107664966,0.9314260417740257,0.7288854363441901,0.8694608131318823,1.1171022311733465,1.8513650151668353,0.23443925466260834
140.0,758.0,0.12142857142857143,0.17142857142857143,0.7071428571428571,0.03571428571428571,0.32857142857142857,0.29285714285714287,0.02857142857142857,2.453781512605042,0.7219077733441036,2.0755469613925306,2.4614304124299706,0.9364153164976186,0.738614170470708,0.8800376958938564,1.1379878310364415,1.877226769378912,0.23406105442825098
141.0,758.0,0.12056737588652482,0.19858156028368795,0.6808510638297873,0.03546099290780142,0.3049645390070922,0.3049645390070922,0.028368794326241134,2.394160583941606,0.7703863071592589,2.1367205671564067,2.3959463307986963,0.9285330579395278,0.7378726066821216,0.8865039986514411,1.144942293003641,1.8931902985074627,0.2387998107334114
139.0,758.0,0.1223021582733813,0.16546762589928057,0.7122302158273381,0.03597122302158273,0.33093525179856115,0.30935251798561153,0.02877697841726619,2.3421052631578947,0.7505625898024709,2.0569048513364727,2.4216350888606453,0.9346224037109576,0.7351036167050808,0.8743337134898507,1.1251318213820372,1.8538928210313448,0.23247804982706033
140.0,758.0,0.12142857142857143,0.15714285714285714,0.7214285714285714,0.03571428571428571,0.34285714285714286,0.30714285714285716,0.02857142857142857,2.4537037037037037,0.7022561672724106,2.03342375548695,2.4663166270193186,0.9342593952589445,0.7388666468344922,0.876923744931239,1.134869487159232,1.8604073522106308,0.23025069532579728
139.0,758.0,0.1223021582733813,0.17266187050359713,0.7050359712230215,0.03597122302158273,0.3237410071942446,0.30935251798561153,0.02877697841726619,2.358974358974359,0.75955452531275,2.0681858617461617,2.4314190538367577,0.9336977527025087,0.7342633826411644,0.8746160800185705,1.1271600066742384,1.8602685231228244,0.23713926189338277
139.0,758.0,0.1223021582733813,0.16546762589928057,0.7122302158273381,0.03597122302158273,0.33093525179856115,0.30935251798561153,0.02877697841726619,2.453781512605042,0.7219077733441037,2.0755469613925306,2.457943537157113,0.9280895793200433,0.7323271857684791,0.8751805397695078,1.1297310998686911,1.8772858517805582,0.23628939995772524
141.0,758.0,0.12056737588652482,0.18439716312056736,0.6950354609929079,0.03546099290780142,0.3191489361702128,0.2978723404255319,0.028368794326241134,2.4806201550387597,0.708219325070349,2.110589710299249,2.4124444091816493,0.9314397847824246,0.7414279627976093,0.885373222607391,1.147345956620813,1.8931404573028465,0.23212989901143444
139.0,758.0,0.1223021582733813,0.16546762589928057,0.7122302158273381,0.03597122302158273,0.33093525179856115,0.30935251798561153,0.02877697841726619,2.441666666666667,0.7310155631047812,2.0791812460476247,2.4605732119658206,0.9299691316952966,0.733169638774565,0.8741924960235609,1.1290752071337977,1.8773448773448773,0.23664388157061217
141.0,758.0,0.12056737588652482,0.19148936170212766,0.6879432624113475,0.03546099290780142,0.3120567375886525,0.3049645390070922,0.028368794326241134,2.356060606060606,0.763005064939476,2.12057393120585,2.3651193185416055,0.9320437756016554,0.7387206721005022,0.8840993708040116,1.1388009835370057,1.8773448773448773,0.2293680826083983
141.0,758.0,0.12056737588652482,0.18439716312056736,0.6950354609929079,0.03546099290780142,0.3191489361702128,0.2978723404255319,0.028368794326241134,2.3361344537815127,0.7732532082971658,2.0755469613925306,2.4171905551404476,0.9408801794674063,0.7408365883448852,0.884524191910034,1.1415467220348863,1.8628912071535022,0.23445981482296324
139.0,758.0,0.1223021582733813,0.15827338129496402,0.7194244604316546,0.03597122302158273,0.3381294964028777,0.302158273381295,0.02877697841726619,2.4878048780487805,0.693835309727885,2.089905111439398,2.454008167425432,0.9329169173725681,0.7339270196726284,0.8753921183405873,1.1305504306833867,1.8854166666666667,0.2332699835577973
138.0,758.0,0.12318840579710146,0.15942028985507245,0.7173913043478262,0.036231884057971016,0.3333333333333333,0.30434782608695654,0.028985507246376812,2.4201680672268906,0.7189422352426683,2.0755469613925306,2.4338281461217672,0.9336553408523776,0.7313198912077928,0.8706583464080987,1.120662776638961,1.8688845401174168,0.23287480720860565
139.0,758.0,0.1223021582733813,0.17266187050359713,0.7050359712230215,0.03597122302158273,0.3237410071942446,0.2949640287769784,0.02877697841726619,2.4047619047619047,0.7394978991566797,2.100370545117563,2.42556708141108,0.9338684495278816,0.7325800233948192,0.8766605174309281,1.1271052388421166,1.877226769378912,0.23276896719983245
140.0,758.0,0.12142857142857143,0.16428571428571428,0.7142857142857143,0.03571428571428571,0.3357142857142857,0.3,0.02857142857142857,2.4732142857142856,0.6969666765796972,2.0492180226701815,2.4593908399204287,0.9369355676719593,0.7388666468344923,0.8782697599968271,1.1373320481063431,1.8688845401174168,0.23257862346134794
142.0,758.0,0.11971830985915492,0.19718309859154928,0.6830985915492959,0.035211267605633804,0.30985915492957744,0.3028169014084507,0.028169014084507043,2.3863636363636362,0.7681416781763384,2.12057393120585,2.396783351650389,0.9365364979194584,0.742690175433776,0.8892765671996238,1.150591666615879,1.8878371982962612,0.23525125287341697
140.0,758.0,0.12142857142857143,0.16428571428571428,0.7142857142857143,0.03571428571428571,0.3357142857142857,0.3,0.02857142857142857,2.5083333333333333,0.6859432974254599,2.0791812460476247,2.4614353484722646,0.9330343641166664,0.7376876845099473,0.8787651405741376,1.138370196619019,1.8854166666666667,0.23205804102476862
141.0,758.0,0.12056737588652482,0.18439716312056736,0.6950354609929079,0.03546099290780142,0.3191489361702128,0.3049645390070922,0.028368794326241134,2.347457627118644,0.7665787981315089,2.0718820073061255,2.412615829163531,0.9355440985103851,0.74032931997351,0.8836034880354,1.1408883474523246,1.860337972166998,0.23453706480045908
141.0,758.0,0.12056737588652482,0.1773049645390071,0.7021276595744681,0.03546099290780142,0.3262411347517731,0.3049645390070922,0.028368794326241134,2.4836065573770494,0.7069151533290485,2.0863598306747484,2.4371923357098204,0.9311645659660559,0.7406675374897561,0.884028547438585,1.146090124934164,1.885308056872038,0.23329683708483528
140.0,758.0,0.12142857142857143,0.17857142857142858,0.7,0.03571428571428571,0.32142857142857145,0.30714285714285716,0.02857142857142857,2.440944881889764,0.7308783941919565,2.103803720955957,2.4200612583288454,0.9268347642752005,0.7359156996473505,0.8797550648987947,1.1364570822223896,1.8853623874940786,0.23375940350004865
139.0,758.0,0.1223021582733813,0.17985611510791366,0.697841726618705,0.03597122302158273,0.31654676258992803,0.30935251798561153,0.02877697841726619,2.28099173553719,0.7769935702851491,2.0827853703164503,2.385147004294206,0.9335646750285127,0.7339270196726284,0.8753921183405873,1.123594544892317,1.8538928210313448,0.2343434212409309
140.0,758.0,0.12142857142857143,0.16428571428571428,0.7142857142857143,0.03571428571428571,0.3357142857142857,0.30714285714285716,0.02857142857142857,2.4601769911504423,0.7075536101607991,2.0530784434834195,2.4569182421737747,0.9324101555115297,0.7364224161146085,0.8774198854525855,1.1347051264098282,1.8689486552567238,0.2323583615312079
140.0,758.0,0.12142857142857143,0.15714285714285714,0.7214285714285714,0.03571428571428571,0.34285714285714286,0.30714285714285716,0.02857142857142857,2.4326923076923075,0.7073047856094847,2.0170333392987803,2.464910035510478,0.9333843171059919,0.7376876845099474,0.8760725646240571,1.1325113704108627,1.8514401212733704,0.22956803327869477
140.0,758.0,0.12142857142857143,0.17857142857142858,0.7,0.03571428571428571,0.32142857142857145,0.30714285714285716,0.02857142857142857,2.3688524590163933,0.7627789523301426,2.0863598306747484,2.4217252832999283,0.9315307332096936,0.7365912441412944,0.879613715346424,1.1344311389092279,1.8713936430317848,0.23488269634618308
139.0,758.0,0.1223021582733813,0.17266187050359713,0.7050359712230215,0.03597122302158273,0.3237410071942446,0.302158273381295,0.02877697841726619,2.353448275862069,0.7718336196563247,2.0644579892269186,2.4414060245678,0.9332557034148027,0.7336746462458501,0.8753921183405873,1.1259544989893369,1.856710393541877,0.23603762360666802
139.0,758.0,0.1223021582733813,0.17266187050359713,0.7050359712230215,0.03597122302158273,0.3237410071942446,0.2949640287769784,0.02877697841726619,2.3688524590163933,0.7627789523301426,2.0863598306747484,2.4464333066419903,0.936510351989928,0.7325800233948192,0.8771532884085508,1.1275433070128797,1.8688845401174168,0.23677343510903867
139.0,758.0,0.1223021582733813,0.16546762589928057,0.7122302158273381,0.03597122302158273,0.33093525179856115,0.30935251798561153,0.02877697841726619,2.3879310344827585,0.7315445449795627,2.0644579892269186,2.4200077365844606,0.9334987909927557,0.7342633826411644,0.8738393525135386,1.1254609645872256,1.8602685231228244,0.23127938493452296
139.0,758.0,0.1223021582733813,0.16546762589928057,0.7122302158273381,0.03597122302158273,0.33093525179856115,0.302158273381295,0.02877697841726619,2.475806451612903,0.7038074117282134,2.093421685162235,2.4436650298405413,0.937148518916857,0.734851647362457,0.8755331423160804,1.1313691681437406,1.887730933207011,0.23408587808166556
139.0,758.0,0.1223021582733813,0.17266187050359713,0.7050359712230215,0.03597122302158273,0.3237410071942446,0.2949640287769784,0.02877697841726619,2.4,0.7513428837969106,2.0969100130080562,2.4290281173912214,0.9379955457289049,0.7343474493100453,0.8773643912465949,1.1288018060145035,1.8740849194729137,0.23513296150457544
139.0,758.0,0.1223021582733813,0.1510791366906475,0.7266187050359711,0.03597122302158273,0.34532374100719426,0.30935251798561153,0.02877697841726619,2.4326923076923075,0.7073047856094848,2.0170333392987803,2.475863835863248,0.9343955206540597,0.7363621701314912,0.8727083329915486,1.1277622772870348,1.8514401212733704,0.23212242651440818
138.0,758.0,0.12318840579710146,0.15942028985507245,0.7173913043478262,0.036231884057971016,0.3333333333333333,0.30434782608695654,0.028985507246376812,2.311926605504587,0.7661501606326563,2.037426497940624,2.4599875790239394,0.9325776677346319,0.7313198912077928,0.8702358757764423,1.1169376242886717,1.842159383033419,0.23466008298362567
138.0,758.0,0.12318840579710146,0.14492753623188406,0.7318840579710145,0.036231884057971016,0.34782608695652173,0.3115942028985507,0.028985507246376812,2.467289719626168,0.6911537661607744,2.0293837776852097,2.486452569908336,0.9341395208289393,0.7311522580025862,0.8688261566904014,1.1209361963015068,1.860337972166998,0.23370691978886898
139.0,758.0,0.1223021582733813,0.17266187050359713,0.7050359712230215,0.03597122302158273,0.3237410071942446,0.30935251798561153,0.02877697841726619,2.4,0.7513428837969106,2.0969100130080562,2.431392837617689,0.9267665705914703,0.7321585788437716,0.8749689100360499,1.1273242942061714,1.8773448773448773,0.23527302423349333
140.0,758.0,0.12142857142857143,0.18571428571428572,0.6928571428571428,0.03571428571428571,0.3142857142857143,0.30714285714285716,0.02857142857142857,2.423357664233577,0.734873215728063,2.1367205671564067,2.3763522305128295,0.9346072544231269,0.7373504918955178,0.8818020872414916,1.1376053369352772,1.8955223880597014,0.23316334883865822
141.0,758.0,0.12056737588652482,0.1702127659574468,0.7092198581560284,0.03546099290780142,0.3333333333333333,0.2907801418439716,0.028368794326241134,2.5,0.7014271166700072,2.100370545117563,2.4633707817961668,0.9302733201664899,0.7399909478728375,0.8846657536117514,1.1452703623714728,1.8932898415657036,0.2311710466918347
142.0,726.0,0.14788732394366197,0.19014084507042253,0.6619718309859155,0.035211267605633804,0.31690140845070425,0.3028169014084507,0.028169014084507043,2.423611111111111,0.771701064546715,2.1583624920952498,2.42964782160923,0.9157039706550362,0.7491392338033663,0.8877867084628259,1.16127941504892,1.9076061595893608,0.2329891031855093
142.0,726.0,0.1267605633802817,0.19014084507042253,0.6830985915492958,0.035211267605633804,0.31690140845070425,0.3028169014084507,0.028169014084507043,2.4785714285714286,0.7243737771081815,2.146128035678238,2.4098475105354575,0.9085166564226367,0.7449965718913508,0.8926538069231209,1.1635868192980592,1.9194139194139195,0.23082844131980185
142.0,726.0,0.1267605633802817,0.18309859154929578,0.6901408450704225,0.035211267605633804,0.323943661971831,0.3028169014084507,0.028169014084507043,2.4680851063829787,0.732443966548799,2.1492191126553797,2.4212793915454753,0.913594328192682,0.7458269450942294,0.8889479584811486,1.1599164864897509,1.9207149404216315,0.22888010732254
142.0,726.0,0.13380281690140844,0.176056338028169,0.6901408450704225,0.035211267605633804,0.33098591549295775,0.3028169014084507,0.028169014084507043,2.4963503649635035,0.7187007025676192,2.1367205671564067,2.446149095440978,0.9124224056666967,0.7459191517223747,0.887864172382744,1.1601536325596165,1.9152854511970534,0.22824089980926082
142.0,726.0,0.14084507042253522,0.19014084507042253,0.6690140845070423,0.035211267605633804,0.31690140845070425,0.3028169014084507,0.028169014084507043,2.4375,0.7546476045102157,2.1583624920952498,2.410298012884992,0.9108249844382015,0.7452734657578878,0.8904939362177186,1.1606277793342548,1.9133858267716535,0.23026823720220016
142.0,726.0,0.13380281690140844,0.19718309859154928,0.6690140845070423,0.035211267605633804,0.30985915492957744,0.3028169014084507,0.028169014084507043,2.421768707482993,0.7578373164420934,2.167317334748176,2.389610356661536,0.9133126893318426,0.7402735301025003,0.893808733554827,1.1565913359882565,1.917165209387943,0.22756100478756175
142.0,726.0,0.14788732394366197,0.176056338028169,0.676056338028169,0.035211267605633804,0.33098591549295775,0.3028169014084507,0.028169014084507043,2.4855072463768115,0.7273138987028758,2.1398790864012365,2.448950006796917,0.9157319895489182,0.7434255586203967,0.8912659194745913,1.1590267565790642,1.9073125291103865,0.226884439043393
142.0,726.0,0.13380281690140844,0.19014084507042253,0.676056338028169,0.035211267605633804,0.31690140845070425,0.3028169014084507,0.028169014084507043,2.4375,0.7546476045102157,2.1583624920952498,2.4144747666537243,0.9105282997429788,0.7397158955332784,0.8915745256160214,1.1561750197697778,1.9149034038638455,0.2277302424386156
142.0,726.0,0.11971830985915492,0.18309859154929578,0.6971830985915494,0.035211267605633804,0.323943661971831,0.3028169014084507,0.028169014084507043,2.4892086330935252,0.7159356548977813,2.143014800254095,2.422916801925747,0.9127356729986186,0.7373878790458211,0.8947316014931621,1.1598571923961554,1.9223080417991822,0.2307956561193842
142.0,726.0,0.14084507042253522,0.19014084507042253,0.6690140845070423,0.035211267605633804,0.31690140845070425,0.3028169014084507,0.028169014084507043,2.4121621621621623,0.7642439156710319,2.1702617153949575,2.396446515415913,0.9151210844022925,0.7433330426749593,0.8911115763256676,1.1581957253328465,1.9133858267716535,0.22905604700207616
142.0,726.0,0.13380281690140844,0.18309859154929578,0.6830985915492958,0.035211267605633804,0.323943661971831,0.3028169014084507,0.028169014084507043,2.4475524475524475,0.7475624396016181,2.155336037465062,2.419227395601985,0.9134756193218072,0.7444424751880077,0.8882513906485461,1.1562345026928071,1.917165209387943,0.22493277830116343
142.0,726.0,0.13380281690140844,0.18309859154929578,0.6830985915492958,0.035211267605633804,0.323943661971831,0.3028169014084507,0.028169014084507043,2.4539007092198584,0.7509534635093152,2.1492191126553797,2.4384730035391837,0.9097753676076572,0.739157840274175,0.8905711646567963,1.1577205825060675,1.9158620689655173,0.2299214753250133
142.0,726.0,0.14788732394366197,0.18309859154929578,0.6690140845070423,0.035211267605633804,0.323943661971831,0.3028169014084507,0.028169014084507043,2.4642857142857144,0.7434192276205192,2.146128035678238,2.4347881263273075,0.9145628483953719,0.7494145970398518,0.8891800264967217,1.163823217483961,1.9070961718020543,0.23012380563690937
142.0,726.0,0.13380281690140844,0.18309859154929578,0.6830985915492958,0.035211267605633804,0.323943661971831,0.3028169014084507,0.028169014084507043,2.4413793103448276,0.7441985068679735,2.161368002234975,2.404468904311952,0.9149694646172841,0.7416657822327795,0.8904939362177186,1.157423519188204,1.9172033118675254,0.22755435455800677
142.0,726.0,0.14084507042253522,0.18309859154929578,0.676056338028169,0.035211267605633804,0.323943661971831,0.3028169014084507,0.028169014084507043,2.4615384615384617,0.7293565635200174,2.155336037465062,2.404321201829979,0.9200782009955136,0.747852864764579,0.889566671986362,1.1615754922537505,1.9133055169216504,0.22730345667263588
142.0,726.0,0.1267605633802817,0.19014084507042253,0.6830985915492958,0.035211267605633804,0.31690140845070425,0.3028169014084507,0.028169014084507043,2.451388888888889,0.7369362120122614,2.1583624920952498,2.394392986264699,0.9121385965309659,0.7484963256289513,0.8903394592430766,1.1620490588721426,1.9207512597343106,0.22883812334531528
142.0,726.0,0.1267605633802817,0.19718309859154928,0.676056338028169,0.035211267605633804,0.30985915492957744,0.3028169014084507,0.028169014084507043,2.443661971830986,0.7581673301649297,2.1522883443830563,2.4182640838666125,0.9104469666517456,0.7415730467440983,0.893346942074056,1.1626407458892858,1.9189931350114418,0.23525586612888696
142.0,726.0,0.13380281690140844,0.18309859154929578,0.6830985915492958,0.035211267605633804,0.323943661971831,0.3028169014084507,0.028169014084507043,2.4785714285714286,0.7243737771081816,2.146128035678238,2.4205992212120475,0.9163669804594282,0.7397158955332784,0.8908028098019625,1.1559965526361824,1.9162448228255868,0.22655717209220314
142.0,726.0,0.14084507042253522,0.19718309859154928,0.6619718309859155,0.035211267605633804,0.30985915492957744,0.3028169014084507,0.028169014084507043,2.402684563758389,0.7703935733998487,2.173186268412274,2.3905176145347524,0.9171249991352487,0.7446272199022272,0.8909572064394248,1.1568886129923144,1.911873840445269,0.228485807634275
142.0,726.0,0.11971830985915492,0.16901408450704225,0.7112676056338029,0.035211267605633804,0.3380281690140845,0.3028169014084507,0.028169014084507043,2.529850746268657,0.6903229984706318,2.1271047983648077,2.4611345918711813,0.9138765271861976,0.729699853499728,0.8946547321916329,1.1519438814575451,1.9233560090702948,0.22348991100744492
142.0,726.0,0.15492957746478872,0.176056338028169,0.6690140845070423,0.035211267605633804,0.33098591549295775,0.3028169014084507,0.028169014084507043,2.443661971830986,0.7581673301649297,2.1522883443830563,2.440808538742528,0.9163539319614042,0.754536265135104,0.8832043115512522,1.1631138787853426,1.9032409581963363,0.23019727683360378
142.0,726.0,0.1267605633802817,0.20422535211267606,0.6690140845070423,0.035211267605633804,0.3028169014084507,0.3028169014084507,0.028169014084507043,2.421768707482993,0.7578373164420934,2.167317334748176,2.3739029545458625,0.9156222164288828,0.7568115335702391,0.890262210704025,1.1671866892575427,1.9205328433624254,0.23456559259054208
142.0,726.0,0.11971830985915492,0.18309859154929578,0.6971830985915494,0.035211267605633804,0.323943661971831,0.3028169014084507,0.028169014084507043,2.4892086330935252,0.7159356548977814,2.143014800254095,2.4287213484001806,0.9120996051575341,0.7343972495042008,0.8959606133936348,1.155163341445629,1.923286427598729,0.22404497438589926
142.0,726.0,0.14084507042253522,0.19014084507042253,0.6690140845070423,0.035211267605633804,0.31690140845070425,0.3028169014084507,0.028169014084507043,2.4577464788732395,0.740167121598437,2.1522883443830563,2.4087332400622268,0.912860028135325,0.7535329705792794,0.8886384401865909,1.1654766621981467,1.9108635097493036,0.2302683703770025
142.0,726.0,0.11971830985915492,0.19718309859154928,0.6830985915492959,0.035211267605633804,0.30985915492957744,0.3028169014084507,0.028169014084507043,2.4413793103448276,0.7441985068679734,2.161368002234975,2.393511620524064,0.9139736363075726,0.7352395935870575,0.8945009737711916,1.1554609858441833,1.9222727272727274,0.22992865261946163
142.0,726.0,0.13380281690140844,0.20422535211267606,0.6619718309859155,0.035211267605633804,0.3028169014084507,0.3028169014084507,0.028169014084507043,2.4315068493150687,0.7511603368635096,2.164352855784437,2.3762774659179158,0.9162579117980744,0.7541715851803797,0.8921143294841122,1.1675401752598498,1.915011547344111,0.2329577685166572
142.0,726.0,0.11971830985915492,0.19718309859154928,0.6830985915492959,0.035211267605633804,0.30985915492957744,0.3028169014084507,0.028169014084507043,2.4375,0.7546476045102157,2.1583624920952498,2.407703146018886,0.9121025021998539,0.7345845205519975,0.8964977762918052,1.156175019769778,1.922343324250681,0.22985300761160563
142.0,726.0,0.14084507042253522,0.19014084507042253,0.6690140845070423,0.035211267605633804,0.31690140845070425,0.3028169014084507,0.028169014084507043,2.4178082191780823,0.7679515907432465,2.164352855784437,2.4110334306689123,0.9121429998477071,0.745550256787349,0.8891800264967217,1.160568521581008,1.9110287303058386,0.23294612981167623
142.0,726.0,0.1267605633802817,0.176056338028169,0.6971830985915493,0.035211267605633804,0.33098591549295775,0.3028169014084507,0.028169014084507043,2.5220588235294117,0.6881743078578587,2.1335389083702174,2.4314082355054922,0.9112681207626375,0.7372013201347527,0.8951158489819625,1.1573046725105427,1.9200913242009132,0.2226738522877633
142.0,726.0,0.14084507042253522,0.20422535211267606,0.6549295774647887,0.035211267605633804,0.3028169014084507,0.3028169014084507,0.028169014084507043,2.404109589041096,0.7841425549784337,2.164352855784437,2.4081973399576477,0.9173380396349101,0.7516138711597016,0.8918830249746759,1.1681290808905336,1.9108635097493036,0.23777836687046325
142.0,726.0,0.13380281690140844,0.176056338028169,0.6901408450704225,0.035211267605633804,0.33098591549295775,0.3028169014084507,0.028169014084507043,2.4855072463768115,0.7273138987028758,2.1398790864012365,2.4512664452637107,0.9128405880058073,0.7397158955332784,0.8908800114654652,1.1532565982189182,1.9172413793103449,0.22025307611910677
142.0,726.0,0.1267605633802817,0.176056338028169,0.6971830985915493,0.035211267605633804,0.33098591549295775,0.3028169014084507,0.028169014084507043,2.5413533834586466,0.6799206526287029,2.123851640967086,2.4447267687874685,0.9078658515498432,0.7461957032435497,0.8905711646567963,1.1631730068655826,1.9189931350114418,0.22697706069452184
142.0,726.0,0.1267605633802817,0.18309859154929578,0.6901408450704225,0.035211267605633804,0.323943661971831,0.3028169014084507,0.028169014084507043,2.4785714285714286,0.7243737771081815,2.146128035678238,2.428527101803398,0.908782915683232,0.73280351333732,0.8959606133936348,1.1528390777519724,1.9192149703331811,0.2226777835980841
142.0,726.0,0.13380281690140844,0.19718309859154928,0.6690140845070423,0.035211267605633804,0.30985915492957744,0.3028169014084507,0.028169014084507043,2.421768707482993,0.7578373164420934,2.167317334748176,2.3834786370684986,0.9160498923967512,0.7482206244465147,0.8913430810268989,1.1603907301645502,1.9170506912442395,0.22603877953965043
142.0,726.0,0.14788732394366197,0.19014084507042253,0.6619718309859155,0.035211267605633804,0.31690140845070425,0.3028169014084507,0.028169014084507043,2.4178082191780823,0.7679515907432465,2.164352855784437,2.4120903865270384,0.9134540838639243,0.7468405918819552,0.889566671986362,1.158611315464652,1.9076492537313432,0.22809869063794083
142.0,726.0,0.13380281690140844,0.176056338028169,0.6901408450704225,0.035211267605633804,0.33098591549295775,0.3028169014084507,0.028169014084507043,2.5073529411764706,0.7096824906060223,2.1335389083702174,2.4445711954995293,0.9159185955562448,0.7487719252969824,0.8884836406045892,1.162818193285134,1.9147858129894058,0.22910473519377547
142.0,726.0,0.13380281690140844,0.19014084507042253,0.676056338028169,0.035211267605633804,0.31690140845070425,0.3028169014084507,0.028169014084507043,2.4375,0.7546476045102157,2.1583624920952498,2.4149774515014917,0.9168190735663612,0.745734727065164,0.8900304248590095,1.1592640846574738,1.9170888991248272,0.2305392379149925
142.0,726.0,0.14084507042253522,0.19014084507042253,0.6690140845070423,0.035211267605633804,0.31690140845070425,0.3028169014084507,0.028169014084507043,2.4275862068965517,0.7614389483278693,2.161368002234975,2.4059156344155137,0.9125972893291775,0.7526197240131772,0.8861584019197121,1.1629956136064366,1.9113277623026927,0.23195230578376966
142.0,726.0,0.1267605633802817,0.19014084507042253,0.6830985915492958,0.035211267605633804,0.31690140845070425,0.3028169014084507,0.028169014084507043,2.451388888888889,0.7369362120122614,2.1583624920952498,2.3992041616860784,0.9102655086922732,0.7415730467440983,0.8934239238965469,1.1565913359882565,1.9190301921317474,0.2238772233868432
142.0,726.0,0.1267605633802817,0.19014084507042253,0.6830985915492958,0.035211267605633804,0.31690140845070425,0.3028169014084507,0.028169014084507043,2.4785714285714286,0.7243737771081815,2.146128035678238,2.413242027704915,0.9121726205310057,0.7421292858546561,0.8928849117592084,1.161634698639025,1.9194139194139195,0.2314415750130364
142.0,726.0,0.11971830985915492,0.19014084507042253,0.6901408450704226,0.035211267605633804,0.31690140845070425,0.3028169014084507,0.028169014084507043,2.482269503546099,0.7131703551189339,2.1492191126553797,2.401110131123254,0.9153035827075355,0.7371080229727431,0.894808464191167,1.158433223664542,1.9245454545454546,0.22830750908144848
142.0,726.0,0.13380281690140844,0.19718309859154928,0.6690140845070423,0.035211267605633804,0.30985915492957744,0.3028169014084507,0.028169014084507043,2.4178082191780823,0.7679515907432465,2.164352855784437,2.399806471845257,0.9140515930363954,0.7489556020674538,0.8888705890117896,1.1622265966060752,1.9147072383586907,0.2329076950863145
142.0,726.0,0.13380281690140844,0.19014084507042253,0.676056338028169,0.035211267605633804,0.31690140845070425,0.3028169014084507,0.028169014084507043,2.4475524475524475,0.7475624396016181,2.155336037465062,2.412119526517942,0.9103875296360424,0.7415730467440983,0.8917287886362679,1.1589674169658735,1.9157846295444088,0.22955586849662604
142.0,726.0,0.13380281690140844,0.176056338028169,0.6901408450704225,0.035211267605633804,0.33098591549295775,0.3028169014084507,0.028169014084507043,2.4855072463768115,0.7273138987028758,2.1398790864012365,2.4439329691454263,0.914803660725546,0.7479448216374145,0.8869341588129641,1.1612201905490298,1.9151682803135086,0.22778396850152705
142.0,726.0,0.1267605633802817,0.19718309859154928,0.676056338028169,0.035211267605633804,0.30985915492957744,0.3028169014084507,0.028169014084507043,2.4178082191780823,0.7679515907432465,2.164352855784437,2.4045871221543393,0.9088681517378452,0.7337414244377115,0.8956535185227339,1.155163341445629,1.9191411603471904,0.22986542821486125
142.0,726.0,0.11971830985915492,0.18309859154929578,0.6971830985915494,0.035211267605633804,0.323943661971831,0.3028169014084507,0.028169014084507043,2.4855072463768115,0.7273138987028758,2.1398790864012365,2.4406886212581633,0.9118762314367143,0.7346781381749726,0.8931159567940536,1.1566507975014484,1.923286427598729,0.2315154575728668
142.0,726.0,0.1267605633802817,0.18309859154929578,0.6901408450704225,0.035211267605633804,0.323943661971831,0.3028169014084507,0.028169014084507043,2.5,0.7071067811865476,2.1398790864012365,2.4200836643538257,0.9111400642922205,0.7465642792483984,0.8906483863993685,1.1621674203749237,1.9198350893266147,0.22917364714147065
142.0,726.0,0.13380281690140844,0.18309859154929578,0.6830985915492958,0.035211267605633804,0.323943661971831,0.3028169014084507,0.028169014084507043,2.5073529411764706,0.7096824906060223,2.1335389083702174,2.436428442316754,0.913600057823517,0.749689859134637,0.8891800264967217,1.164709283348966,1.9146678966789668,0.23081725918503201
142.0,726.0,0.11971830985915492,0.19718309859154928,0.6830985915492959,0.035211267605633804,0.30985915492957744,0.3028169014084507,0.028169014084507043,2.451388888888889,0.7369362120122614,2.1583624920952498,2.3950565717974204,0.914134257839949,0.7320523192630634,0.9005544699855036,1.1596792919252217,1.923286427598729,0.23253205630893692
142.0,726.0,0.14788732394366197,0.19014084507042253,0.6619718309859155,0.035211267605633804,0.31690140845070425,0.3028169014084507,0.028169014084507043,2.4178082191780823,0.7679515907432465,2.164352855784437,2.4104129302331603,0.9152569936454361,0.748312536126964,0.8897985786355249,1.1603907301645504,1.9095149253731343,0.2287560234952444
142.0,726.0,0.13380281690140844,0.16901408450704225,0.6971830985915493,0.035211267605633804,0.3380281690140845,0.3028169014084507,0.028169014084507043,2.5185185185185186,0.7002329234208893,2.130333768495006,2.458380971188002,0.9135703679823647,0.7390647900970162,0.8911115763256676,1.1555205055236573,1.9159007352941178,0.2230354805819425
142.0,726.0,0.1267605633802817,0.176056338028169,0.6971830985915493,0.035211267605633804,0.33098591549295775,0.3028169014084507,0.028169014084507043,2.5073529411764706,0.7096824906060222,2.1335389083702174,2.44482560910629,0.909228244578507,0.7407379049019961,0.889566671986362,1.1590860931543532,1.9195244627343393,0.2281991252482721
142.0,726.0,0.14788732394366197,0.19014084507042253,0.6619718309859155,0.035211267605633804,0.31690140845070425,0.3028169014084507,0.028169014084507043,2.4315068493150687,0.7511603368635096,2.164352855784437,2.391861938842385,0.917607309815653,0.7549007689190524,0.8861584019197121,1.1618714940098684,1.9073900841908324,0.22794937511623153
142.0,726.0,0.14084507042253522,0.18309859154929578,0.676056338028169,0.035211267605633804,0.323943661971831,0.3028169014084507,0.028169014084507043,2.4680851063829787,0.732443966548799,2.1492191126553797,2.4216583434105696,0.917958189838477,0.7576289575007432,0.8869341588129641,1.1648864156441052,1.9131444496052021,0.2274009803112123
142.0,726.0,0.1267605633802817,0.16901408450704225,0.704225352112676,0.035211267605633804,0.3380281690140845,0.3028169014084507,0.028169014084507043,2.5185185185185186,0.7002329234208893,2.130333768495006,2.4558122204659116,0.9100297641243844,0.7411091952399076,0.8883288140473167,1.1562345026928071,1.9195612431444242,0.22569698321936915
142.0,726.0,0.15492957746478872,0.18309859154929578,0.6619718309859155,0.035211267605633804,0.323943661971831,0.3028169014084507,0.028169014084507043,2.4315068493150687,0.7511603368635096,2.164352855784437,2.4035610138901764,0.91906151162822,0.7517968535947361,0.8871667536050756,1.1616939020068129,1.9056338028169013,0.2257534470545027
142.0,726.0,0.13380281690140844,0.16901408450704225,0.6971830985915493,0.035211267605633804,0.3380281690140845,0.3028169014084507,0.028169014084507043,2.529850746268657,0.6903229984706319,2.1271047983648077,2.4543789153816533,0.9183939283798256,0.7507898983210595,0.8872442716522914,1.1615162828505274,1.9147465437788018,0.22418785624324594
142.0,726.0,0.1267605633802817,0.19014084507042253,0.6830985915492958,0.035211267605633804,0.31690140845070425,0.3028169014084507,0.028169014084507043,2.4785714285714286,0.7243737771081815,2.146128035678238,2.4078057866577223,0.9132055264515178,0.7531678048346785,0.8914973840958802,1.1670688367978603,1.918348623853211,0.2296380665871373
142.0,726.0,0.14788732394366197,0.18309859154929578,0.6690140845070423,0.035211267605633804,0.323943661971831,0.3028169014084507,0.028169014084507043,2.4275862068965517,0.7614389483278693,2.161368002234975,2.426173465173913,0.9159627495911425,0.7393439054959845,0.8911887512414262,1.155520505523657,1.909725453699395,0.22817510533282018
142.0,726.0,0.14788732394366197,0.19014084507042253,0.6619718309859155,0.035211267605633804,0.31690140845070425,0.3028169014084507,0.028169014084507043,2.402684563758389,0.7703935733998487,2.173186268412274,2.3897793277057673,0.9139321155614718,0.7552650967872947,0.8855373071033248,1.1604499969966193,1.9070093457943926,0.22593271736322568
142.0,726.0,0.14084507042253522,0.19014084507042253,0.6690140845070423,0.035211267605633804,0.31690140845070425,0.3028169014084507,0.028169014084507043,2.4375,0.7546476045102157,2.1583624920952498,2.4080974007576743,0.9154426437351562,0.7557202596287216,0.8862360081662977,1.1637641224393727,1.910822108685555,0.22957416108227321
142.0,726.0,0.13380281690140844,0.19014084507042253,0.676056338028169,0.035211267605633804,0.31690140845070425,0.3028169014084507,0.028169014084507043,2.4413793103448276,0.7441985068679737,2.161368002234975,2.3974210437758297,0.9137117912551231,0.737667628947213,0.8936548295754976,1.157066942533659,1.9157846295444088,0.22832977587714984
142.0,726.0,0.1267605633802817,0.19014084507042253,0.6830985915492958,0.035211267605633804,0.31690140845070425,0.3028169014084507,0.028169014084507043,2.443661971830986,0.7581673301649297,2.1522883443830563,2.4336113700658504,0.9088103575231998,0.7345845205519975,0.8952695018004199,1.1552824084071838,1.9186843307446322,0.22953870138896723
142.0,726.0,0.11971830985915492,0.19718309859154928,0.6830985915492959,0.035211267605633804,0.30985915492957744,0.3028169014084507,0.028169014084507043,2.4577464788732395,0.740167121598437,2.1522883443830563,2.4026654500740836,0.9129125174754784,0.7449965718913509,0.8914202359000839,1.1611609630284205,1.9225159525979945,0.23198444222849926
142.0,726.0,0.1267605633802817,0.18309859154929578,0.6901408450704225,0.035211267605633804,0.323943661971831,0.3028169014084507,0.028169014084507043,2.4680851063829787,0.732443966548799,2.1492191126553797,2.4203907348925875,0.9126493997428947,0.7417585061275651,0.8908800114654652,1.157066942533659,1.9190301921317474,0.22583151554173567
142.0,726.0,0.1267605633802817,0.19718309859154928,0.676056338028169,0.035211267605633804,0.30985915492957744,0.3028169014084507,0.028169014084507043,2.4275862068965517,0.7614389483278693,2.161368002234975,2.40487100177907,0.9124661485940607,0.7451811792343773,0.8921914176613241,1.1629364765068537,1.919377004122767,0.23543441568975373
142.0,726.0,0.1267605633802817,0.18309859154929578,0.6901408450704225,0.035211267605633804,0.323943661971831,0.3028169014084507,0.028169014084507043,2.4855072463768115,0.7273138987028758,2.1398790864012365,2.4412714013790113,0.9138416858663357,0.7386924721767522,0.893808733554827,1.160687034062154,1.920018281535649,0.23181007154354555
142.0,726.0,0.1267605633802817,0.18309859154929578,0.6901408450704225,0.035211267605633804,0.33098591549295775,0.3028169014084507,0.028169014084507043,2.4315068493150687,0.7511603368635096,2.164352855784437,2.4085085864044333,0.9099174320622294,0.7433330426749593,0.8875542761377188,1.1520632811537515,1.9208600182982616,0.22352408187846556
142.0,726.0,0.1267605633802817,0.18309859154929578,0.6901408450704225,0.035211267605633804,0.323943661971831,0.3028169014084507,0.028169014084507043,2.4785714285714286,0.7243737771081815,2.146128035678238,2.422135194336964,0.9115593287152588,0.7448119187919809,0.8887932128074166,1.157542353663692,1.918460833715071,0.22645441395304813
142.0,726.0,0.1267605633802817,0.19718309859154928,0.676056338028169,0.035211267605633804,0.30985915492957744,0.3028169014084507,0.028169014084507043,2.4315068493150687,0.7511603368635096,2.164352855784437,2.386912555904956,0.909551311574034,0.7340225640733332,0.8968045820616085,1.1576611759407638,1.9195244627343393,0.23184797731722265
142.0,726.0,0.13380281690140844,0.19718309859154928,0.6690140845070423,0.035211267605633804,0.30985915492957744,0.3028169014084507,0.028169014084507043,2.4178082191780823,0.7679515907432465,2.164352855784437,2.4036701677819536,0.9166459103262977,0.752802461957281,0.8910343947255797,1.1641186477086,1.9169358560221503,0.22949005871822317
142.0,726.0,0.14788732394366197,0.19014084507042253,0.6619718309859155,0.035211267605633804,0.31690140845070425,0.3028169014084507,0.028169014084507043,2.4081632653061225,0.774199560490212,2.167317334748176,2.4101635004576907,0.9129975350159083,0.7473929106891546,0.8877867084628259,1.1596199857033112,1.908115671641791,0.2301788460422776
142.0,726.0,0.14788732394366197,0.18309859154929578,0.6690140845070423,0.035211267605633804,0.323943661971831,0.3028169014084507,0.028169014084507043,2.443661971830986,0.7581673301649297,2.1522883443830563,2.4361665049949695,0.9121323838597651,0.743795507327514,0.8887932128074166,1.1587300281247588,1.9082440614811365,0.22985255720187792
142.0,726.0,0.1267605633802817,0.176056338028169,0.6971830985915493,0.035211267605633804,0.33098591549295775,0.3028169014084507,0.028169014084507043,2.5,0.7071067811865476,2.1398790864012365,2.429654984199859,0.9117934480980613,0.7424998804267154,0.890262210704025,1.158314480585713,1.920896204846822,0.2264362295217066
142.0,726.0,0.13380281690140844,0.16901408450704225,0.6971830985915493,0.035211267605633804,0.3380281690140845,0.3028169014084507,0.028169014084507043,2.4963503649635035,0.7187007025676192,2.1367205671564067,2.4555386216623853,0.912692219659383,0.7431479762316119,0.8863912002754802,1.155282408407184,1.9149034038638455,0.22426924866791376
142.0,726.0,0.13380281690140844,0.19014084507042253,0.676056338028169,0.035211267605633804,0.31690140845070425,0.3028169014084507,0.028169014084507043,2.4642857142857144,0.743419227620519,2.146128035678238,2.430544546514085,0.9167979026746037,0.7410163900964049,0.894577856284877,1.1641186477086003,1.9157846295444088,0.2374787081223684
142.0,726.0,0.1267605633802817,0.18309859154929578,0.6901408450704225,0.035211267605633804,0.323943661971831,0.3028169014084507,0.028169014084507043,2.4963503649635035,0.7187007025676192,2.1367205671564067,2.4376217516165517,0.9101726495364443,0.7432405152134647,0.8906483863993685,1.161930685312321,1.9190301921317474,0.23266204060423856
142.0,726.0,0.13380281690140844,0.19014084507042253,0.676056338028169,0.035211267605633804,0.31690140845070425,0.3028169014084507,0.028169014084507043,2.4615384615384617,0.7293565635200173,2.155336037465062,2.3915473083580387,0.9172500086117579,0.750973081525709,0.8893347048642503,1.1642367988077738,1.915129151291513,0.22951087459025357
142.0,726.0,0.14084507042253522,0.18309859154929578,0.676056338028169,0.035211267605633804,0.323943661971831,0.3028169014084507,0.028169014084507043,2.4855072463768115,0.7273138987028759,2.1398790864012365,2.437774495065694,0.9164322008191121,0.737760855341512,0.8929619334131134,1.1613386365285527,1.912037037037037,0.2341680431601198
142.0,726.0,0.13380281690140844,0.19014084507042253,0.676056338028169,0.035211267605633804,0.323943661971831,0.3028169014084507,0.028169014084507043,2.4892086330935252,0.7159356548977814,2.143014800254095,2.4148015640887746,0.915363355184718,0.7505150396814431,0.8928849117592084,1.1648864156441054,1.915129151291513,0.22854974822446184
142.0,726.0,0.11971830985915492,0.19718309859154928,0.6830985915492959,0.035211267605633804,0.30985915492957744,0.3028169014084507,0.028169014084507043,2.421768707482993,0.7578373164420934,2.167317334748176,2.397326780462412,0.9139479732076911,0.737760855341512,0.8959606133936345,1.1556990461701337,1.9245454545454546,0.2287794935134024
142.0,726.0,0.1267605633802817,0.2112676056338028,0.6619718309859155,0.035211267605633804,0.29577464788732394,0.3028169014084507,0.028169014084507043,2.375,0.7874218136315386,2.1818435879447726,2.370977912462237,0.9098659198432573,0.738971728203123,0.8955767283513553,1.159382730478595,1.9204025617566332,0.2361428515992494
142.0,726.0,0.13380281690140844,0.19718309859154928,0.6690140845070423,0.035211267605633804,0.30985915492957744,0.3028169014084507,0.028169014084507043,2.421768707482993,0.7578373164420934,2.167317334748176,2.389451093770439,0.9169014014928523,0.7406450532346532,0.894577856284877,1.159916486489751,1.9171270718232045,0.23208272012446374
142.0,726.0,0.14084507042253522,0.19014084507042253,0.6690140845070423,0.035211267605633804,0.31690140845070425,0.3028169014084507,0.028169014084507043,2.4335664335664338,0.7650779262477501,2.155336037465062,2.4298394704783584,0.9140348286076129,0.7376676289472132,0.8942702865715159,1.1604499969966193,1.9111933395004626,0.23393752541335988
142.0,726.0,0.13380281690140844,0.19014084507042253,0.676056338028169,0.035211267605633804,0.31690140845070425,0.3028169014084507,0.028169014084507043,2.4315068493150687,0.7511603368635097,2.164352855784437,2.405397594974372,0.9126825889265692,0.7334601770396081,0.8961908654888235,1.1554014630985958,1.917317409278824,0.22819295782650284
142.0,726.0,0.13380281690140844,0.176056338028169,0.6901408450704225,0.035211267605633804,0.33098591549295775,0.3028169014084507,0.028169014084507043,2.5,0.7071067811865476,2.1398790864012365,2.4248771611201945,0.9163210292238715,0.7515223632348118,0.8870892287839666,1.1629364765068537,1.9170506912442395,0.22739877997479457
142.0,726.0,0.14788732394366197,0.19014084507042253,0.6619718309859155,0.035211267605633804,0.31690140845070425,0.3028169014084507,0.028169014084507043,2.3933333333333335,0.7762987962306026,2.1760912590556813,2.3936965227311733,0.9157018660128847,0.7466563948211498,0.8880190799505197,1.1571263796067508,1.9085820895522387,0.22978803106572082
142.0,726.0,0.1267605633802817,0.19014084507042253,0.6830985915492958,0.035211267605633804,0.31690140845070425,0.3028169014084507,0.028169014084507043,2.4375,0.7546476045102157,2.1583624920952498,2.4142304254386553,0.9072587207927221,0.737667628947213,0.89165166046224,1.1553419372864207,1.9191042047531992,0.23010607171928749
142.0,726.0,0.1267605633802817,0.176056338028169,0.6971830985915493,0.035211267605633804,0.3380281690140845,0.3028169014084507,0.028169014084507043,2.553030303030303,0.6689902832438724,2.12057393120585,2.4504085639168074,0.9124923436344997,0.7427777050144918,0.8941164620391624,1.160568521581008,1.9190672153635118,0.222225181067225
142.0,726.0,0.1267605633802817,0.176056338028169,0.6971830985915493,0.035211267605633804,0.33098591549295775,0.3028169014084507,0.028169014084507043,2.4892086330935252,0.7159356548977814,2.143014800254095,2.4323409424644606,0.9104315308039895,0.7366413599185189,0.8900304248590097,1.1533758620201586,1.9195612431444242,0.2252855309293544
142.0,726.0,0.1267605633802817,0.176056338028169,0.6971830985915493,0.035211267605633804,0.33098591549295775,0.3028169014084507,0.028169014084507043,2.5073529411764706,0.7096824906060223,2.1335389083702174,2.4460222028663146,0.9071340995223214,0.7410163900964047,0.8887932128074165,1.156175019769778,1.9190301921317474,0.22540031589265666
142.0,726.0,0.1267605633802817,0.16901408450704225,0.704225352112676,0.035211267605633804,0.3380281690140845,0.3028169014084507,0.028169014084507043,2.564885496183206,0.6574921659810729,2.1172712956557644,2.4534645747111123,0.91368955625736,0.7502400803443717,0.8882513906485461,1.1641777247570648,1.918460833715071,0.22558861126142704
142.0,726.0,0.1267605633802817,0.18309859154929578,0.6901408450704225,0.035211267605633804,0.323943661971831,0.3028169014084507,0.028169014084507043,2.5073529411764706,0.7096824906060222,2.1335389083702174,2.438749860423045,0.9128993204237806,0.7473929106891546,0.8919601331425158,1.1648864156441052,1.919377004122767,0.23273883171755072
142.0,726.0,0.14084507042253522,0.20422535211267606,0.6549295774647887,0.035211267605633804,0.3028169014084507,0.3028169014084507,0.028169014084507043,2.38,0.7914814925316537,2.1760912590556813,2.3935748328053306,0.9149172452718901,0.7405521899254138,0.8931159567940536,1.1589674169658737,1.9111111111111112,0.2354630241965784
142.0,726.0,0.13380281690140844,0.20422535211267606,0.6619718309859155,0.035211267605633804,0.3028169014084507,0.3028169014084507,0.028169014084507043,2.4066666666666667,0.7605779034415734,2.1760912590556813,2.3620758775713986,0.918937891728435,0.7542627716990432,0.8908028098019625,1.1646502332638868,1.9168591224018476,0.2322325982862239
142.0,726.0,0.11971830985915492,0.20422535211267606,0.676056338028169,0.035211267605633804,0.3028169014084507,0.3028169014084507,0.028169014084507043,2.421768707482993,0.7578373164420934,2.167317334748176,2.3750778420207226,0.9155386949411629,0.7455502567873491,0.8935008990864749,1.164295869861183,1.924863387978142,0.2360912442843495
142.0,726.0,0.1267605633802817,0.19718309859154928,0.676056338028169,0.035211267605633804,0.30985915492957744,0.3028169014084507,0.028169014084507043,2.451388888888889,0.7369362120122614,2.1583624920952498,2.3834594335800507,0.9120107331370736,0.7460113469538269,0.8938856756076361,1.162699898030283,1.9189189189189189,0.22802916222400793
142.0,726.0,0.11971830985915492,0.2112676056338028,0.6690140845070423,0.035211267605633804,0.29577464788732394,0.3028169014084507,0.028169014084507043,2.388157894736842,0.77245066372182,2.1818435879447726,2.354190340050784,0.9152494945063115,0.7405521899254138,0.8968045820616085,1.1587893798942241,1.9253867151956323,0.23164176760165184
142.0,726.0,0.1267605633802817,0.19014084507042253,0.6830985915492958,0.035211267605633804,0.31690140845070425,0.3028169014084507,0.028169014084507043,2.4315068493150687,0.7511603368635096,2.164352855784437,2.395797256622841,0.9096719712609966,0.7465642792483984,0.8891800264967217,1.1588487286239202,1.9198350893266147,0.230185392597547
142.0,726.0,0.13380281690140844,0.19718309859154928,0.6690140845070423,0.035211267605633804,0.30985915492957744,0.3028169014084507,0.028169014084507043,2.4475524475524475,0.7475624396016181,2.155336037465062,2.403950016750225,0.9147540956802498,0.7425925001717449,0.8960373706661648,1.1639413985721063,1.91524643021649,0.23117087754721716
139.0,704.0,0.11510791366906475,0.17985611510791366,0.7050359712230216,0.03597122302158273,0.3597122302158273,0.302158273381295,0.02877697841726619,2.3047619047619046,0.7483804246994038,2.0211892990699383,2.4059318677301085,0.8980458364229877,0.6921695350737367,0.9182357417616649,1.1327512342045116,1.8613490364025695,0.25950808866842967
140.0,704.0,0.11428571428571428,0.19285714285714287,0.6928571428571428,0.02857142857142857,0.35,0.29285714285714287,0.02857142857142857,2.3360655737704916,0.7563576894183267,2.0863598306747484,2.334344833056847,0.9000498850463297,0.6960319185602599,0.9237085092560002,1.135940012601993,1.9494241362043065,0.24611799166618223
142.0,704.0,0.11971830985915492,0.18309859154929578,0.6971830985915494,0.028169014084507043,0.352112676056338,0.2887323943661972,0.028169014084507043,2.4186046511627906,0.7468441355401388,2.110589710299249,2.4003199526200527,0.8927411137645948,0.6907426031124206,0.9314624312441274,1.142409296750796,1.9358365019011408,0.22368916878889364
139.0,704.0,0.1223021582733813,0.16546762589928057,0.7122302158273381,0.03597122302158273,0.3597122302158273,0.2949640287769784,0.02877697841726619,2.3529411764705883,0.7545144953074875,2.0755469613925306,2.4165747898489087,0.8903435830762194,0.6938234954582946,0.9185477515295752,1.1281251641320669,1.9045226130653266,0.23401075351704723
142.0,704.0,0.11971830985915492,0.176056338028169,0.7042253521126761,0.028169014084507043,0.34507042253521125,0.29577464788732394,0.028169014084507043,2.4,0.7513428837969106,2.0969100130080562,2.407945920271481,0.8965691551872738,0.7043405939682007,0.9297375422800601,1.1477616268470239,1.9276990718124083,0.22381294273706462
142.0,704.0,0.11971830985915492,0.18309859154929578,0.6971830985915494,0.035211267605633804,0.352112676056338,0.29577464788732394,0.014084507042253521,2.3801652892561984,0.7556034933207081,2.0827853703164503,2.3667025911008306,0.8904530558448682,0.7028984562986206,0.9322791696757902,1.1483657648088426,1.8921668362156663,0.2295226349112801
138.0,704.0,0.11594202898550725,0.17391304347826086,0.7101449275362319,0.036231884057971016,0.36231884057971014,0.2971014492753623,0.028985507246376812,2.3063063063063063,0.7602965066674829,2.0453229787866576,2.388236700946335,0.8978708857583081,0.6970037502064997,0.9142714424740293,1.1195914876769826,1.8776483050847457,0.24533541490410543
141.0,704.0,0.12056737588652482,0.1702127659574468,0.7092198581560284,0.03546099290780142,0.3546099290780142,0.2978723404255319,0.028368794326241134,2.4227642276422765,0.7356064753512584,2.089905111439398,2.4388592201587125,0.8929624976419158,0.6929063642553553,0.9268057320940455,1.1397753945141436,1.928919182083739,0.22880935828092513
140.0,704.0,0.12142857142857143,0.16428571428571428,0.7142857142857143,0.03571428571428571,0.35,0.30714285714285716,0.02857142857142857,2.2857142857142856,0.7685436491568587,2.0211892990699383,2.4197555157365374,0.8962316492595569,0.7030564898116402,0.9198283576958631,1.1402248799433539,1.8930256948086,0.23028537319002307
140.0,704.0,0.11428571428571428,0.18571428571428572,0.7,0.02857142857142857,0.35714285714285715,0.2857142857142857,0.014285714285714285,2.3801652892561984,0.7556034933207081,2.0827853703164503,2.387718570909719,0.8961411603371473,0.6934430829942123,0.9251093654965862,1.1373957379681892,1.9187716691431402,0.24671634719781466
138.0,704.0,0.11594202898550725,0.15942028985507245,0.7246376811594204,0.036231884057971016,0.36231884057971014,0.30434782608695654,0.028985507246376812,2.323809523809524,0.778252950959812,2.0211892990699383,2.4164679723479785,0.8925342322229127,0.684441150504602,0.9128700700129767,1.1268103815636914,1.8768675940236992,0.23346443400252395
139.0,704.0,0.11510791366906475,0.15827338129496402,0.7266187050359713,0.02877697841726619,0.35251798561151076,0.2949640287769784,0.02877697841726619,2.409090909090909,0.7455735375646033,2.041392685158225,2.477576393362471,0.8964541716939349,0.6956585167745439,0.9161810630620545,1.1303667678558222,1.9298507462686567,0.22810822547621099
137.0,704.0,0.11678832116788321,0.15328467153284672,0.7299270072992701,0.0364963503649635,0.36496350364963503,0.29927007299270075,0.014598540145985401,2.323232323232323,0.7670282280451071,1.99563519459755,2.4678320953256128,0.8909159476165903,0.6882700919716276,0.9095092185074765,1.11259815504571,1.8596679164434922,0.23741970313090932
139.0,704.0,0.11510791366906475,0.18705035971223022,0.6978417266187051,0.03597122302158273,0.35251798561151076,0.30935251798561153,0.014388489208633094,2.347107438016529,0.7495636931092302,2.0827853703164503,2.369465138519225,0.8938821279852264,0.6866623366674249,0.9195610521396768,1.1220763762557442,1.9014227642276422,0.2491794875532005
139.0,704.0,0.1223021582733813,0.17266187050359713,0.7050359712230215,0.03597122302158273,0.3597122302158273,0.2949640287769784,0.014388489208633094,2.352,0.7647052984963472,2.0969100130080562,2.37737173278568,0.890688186798607,0.6868709571624715,0.920184067127396,1.1275535125071692,1.9041501976284585,0.23737659648226778
140.0,704.0,0.11428571428571428,0.17857142857142858,0.7071428571428571,0.03571428571428571,0.35,0.3,0.02857142857142857,2.411290322580645,0.7436680872342356,2.093421685162235,2.4089878690820012,0.8997827183640411,0.6897959321022012,0.9245225903593061,1.1348972814282965,1.9308510638297873,0.23239346421307172
137.0,704.0,0.11678832116788321,0.15328467153284672,0.7299270072992701,0.0364963503649635,0.36496350364963503,0.30656934306569344,0.029197080291970802,2.417391304347826,0.7490650159828159,2.060697840353612,2.46678476628302,0.882475901270499,0.6823970822141437,0.9094315760423751,1.1073178449282934,1.9944834503510531,0.23866407397327244
140.0,704.0,0.12142857142857143,0.16428571428571428,0.7142857142857143,0.03571428571428571,0.35,0.3,0.02857142857142857,2.3603603603603602,0.7482439173618183,2.0453229787866576,2.4588426248959485,0.8901671293573431,0.7047988895641378,0.9204556385924113,1.1413000585763642,1.8811475409836065,0.23644923558391123
141.0,704.0,0.12056737588652482,0.1773049645390071,0.7021276595744681,0.028368794326241134,0.3475177304964539,0.2978723404255319,0.028368794326241134,2.3828125,0.754212252649905,2.1072099696478683,2.3586781916123907,0.8965119338879795,0.6953154054956165,0.9259934976693667,1.13987454235245,1.9114914425427874,0.21858613299842178
139.0,704.0,0.11510791366906475,0.16546762589928057,0.7194244604316548,0.03597122302158273,0.35251798561151076,0.30935251798561153,0.02877697841726619,2.3423423423423424,0.7686528415527979,2.0453229787866576,2.4112374046098446,0.8925682022955725,0.6910301409545921,0.9168303838154033,1.1257095492307463,1.892362890825218,0.22549721057623365
140.0,704.0,0.12142857142857143,0.15714285714285714,0.7214285714285714,0.03571428571428571,0.35,0.30714285714285716,0.014285714285714285,2.3893805309734515,0.7492094442832972,2.0530784434834195,2.454644118215632,0.8982585981883053,0.7135481805233007,0.9200636381493562,1.1350879833812437,1.913978494623656,0.2211244960760986
139.0,704.0,0.11510791366906475,0.15827338129496402,0.7266187050359713,0.03597122302158273,0.35251798561151076,0.2949640287769784,0.02877697841726619,2.4491525423728815,0.7349336574177611,2.0718820073061255,2.470659819961935,0.8952994792315603,0.6922730233672648,0.9191714533333403,1.1360350283686713,1.9137349397590362,0.22893007031329762
140.0,704.0,0.11428571428571428,0.17857142857142858,0.7071428571428571,0.03571428571428571,0.36428571428571427,0.29285714285714287,0.02857142857142857,2.365217391304348,0.7646858635219616,2.060697840353612,2.3734445433890428,0.8898109636683029,0.68633565482931,0.9234294038221141,1.131969161758191,1.9022556390977443,0.23477712979935345
142.0,704.0,0.11971830985915492,0.176056338028169,0.7042253521126761,0.035211267605633804,0.34507042253521125,0.3028169014084507,0.028169014084507043,2.403361344537815,0.7401251352178412,2.0755469613925306,2.419942058123829,0.8919208211756708,0.7017524222545896,0.9301576090153943,1.1495121189094797,1.9029556650246306,0.2316867304146813
141.0,704.0,0.12056737588652482,0.18439716312056736,0.6950354609929079,0.028368794326241134,0.3546099290780142,0.2978723404255319,0.028368794326241134,2.3008849557522124,0.7545688900696448,2.0530784434834195,2.364993775497531,0.8955623679263863,0.7051450288145041,0.926228197297722,1.143111604324657,1.9004665629860031,0.2401601554420132
141.0,704.0,0.12056737588652482,0.1702127659574468,0.7092198581560284,0.03546099290780142,0.3475177304964539,0.3049645390070922,0.028368794326241134,2.474074074074074,0.7210029253426653,2.130333768495006,2.4401908767868075,0.8877443616995352,0.6911213981979575,0.9282158303824225,1.1388825522486596,1.9650186567164178,0.23399655726520713
140.0,704.0,0.12142857142857143,0.17142857142857143,0.7071428571428571,0.03571428571428571,0.35,0.3,0.02857142857142857,2.3739837398373984,0.7509379270121087,2.089905111439398,2.411183580790468,0.8873682518442885,0.6960432748098047,0.9226477632874837,1.1366124471436092,1.9213759213759214,0.23764987301966306
140.0,704.0,0.11428571428571428,0.18571428571428572,0.7,0.03571428571428571,0.35,0.3,0.02857142857142857,2.3909774436090228,0.75713361442576,2.123851640967086,2.3657245743783952,0.8941852638187904,0.6889586728894918,0.9257703657359482,1.134452185538302,1.9333011116481391,0.23423821166462439
140.0,704.0,0.12142857142857143,0.17142857142857143,0.7071428571428571,0.02857142857142857,0.35,0.30714285714285716,0.02857142857142857,2.396694214876033,0.735746093465393,2.0827853703164503,2.432225566482997,0.8952682132416655,0.6967550688005654,0.9223835248455357,1.1323878126655114,1.910614525139665,0.2419172591933713
140.0,704.0,0.12142857142857143,0.18571428571428572,0.6928571428571428,0.03571428571428571,0.35714285714285715,0.29285714285714287,0.02857142857142857,2.381679389312977,0.7385850845957537,2.1172712956557644,2.386273766495452,0.8972667380324583,0.6859150410892229,0.9260041364367828,1.1335614694542213,1.944770283479961,0.25210790689235135
141.0,704.0,0.12056737588652482,0.18439716312056736,0.6950354609929079,0.03546099290780142,0.3617021276595745,0.2907801418439716,0.028368794326241134,2.376068376068376,0.7396002616336389,2.0681858617461617,2.4006757943600148,0.8892003872997356,0.6948959004825117,0.9264920854684509,1.141749917732337,1.9050984351337708,0.2479811014939638
140.0,704.0,0.11428571428571428,0.18571428571428572,0.7,0.03571428571428571,0.35714285714285715,0.3,0.02857142857142857,2.3739837398373984,0.7509379270121087,2.089905111439398,2.3731120485663726,0.8952726719686955,0.6940710336807081,0.9245225903593061,1.1337523960964202,1.9290989660265878,0.2456206345813873
139.0,704.0,0.1223021582733813,0.15827338129496402,0.7194244604316546,0.03597122302158273,0.3597122302158273,0.2949640287769784,0.02877697841726619,2.3423423423423424,0.7686528415527979,2.0453229787866576,2.4421311733900404,0.8916948476623573,0.6962970696467323,0.9179236259390818,1.1316123160474831,1.9183569979716024,0.22852130838003465
137.0,704.0,0.11678832116788321,0.15328467153284672,0.7299270072992701,0.0364963503649635,0.36496350364963503,0.29927007299270075,0.029197080291970802,2.441666666666667,0.7310155631047812,2.0791812460476247,2.4738231765371315,0.8950640487515289,0.6764730860323424,0.9108281277781453,1.1177903526504576,1.937801350048216,0.24051495816366264
141.0,704.0,0.12056737588652482,0.1702127659574468,0.7092198581560284,0.03546099290780142,0.3546099290780142,0.2978723404255319,0.028368794326241134,2.358974358974359,0.75955452531275,2.0681858617461617,2.3937312920838782,0.8968750765362739,0.6981298140097776,0.9264136572201451,1.1421316892337101,1.9307078763708874,0.22133959247101878
138.0,704.0,0.12318840579710146,0.15942028985507245,0.7173913043478262,0.036231884057971016,0.35507246376811596,0.30434782608695654,0.028985507246376812,2.330275229357798,0.7460394919489187,2.037426497940624,2.4706281285119034,0.8930740688882709,0.6889983328550675,0.9132595558416375,1.124282714941027,1.8978855079938113,0.25193497193153747
140.0,704.0,0.12142857142857143,0.17142857142857143,0.7071428571428571,0.03571428571428571,0.35714285714285715,0.3,0.014285714285714285,2.3801652892561984,0.7556034933207081,2.0827853703164503,2.395956801771295,0.8902727496309146,0.6912586955591669,0.9233512695441959,1.1362950191872925,1.909454727363682,0.23534057738748818
138.0,704.0,0.11594202898550725,0.15217391304347827,0.7318840579710145,0.028985507246376812,0.3695652173913043,0.2971014492753623,0.014492753623188406,2.3738317757009346,0.7588890152527874,2.0293837776852097,2.456554161080483,0.8974792391695685,0.6943176398123311,0.9136200652980313,1.1191159047048103,1.9056410256410257,0.22656779817581896
140.0,704.0,0.11428571428571428,0.17857142857142858,0.7071428571428571,0.03571428571428571,0.35714285714285715,0.29285714285714287,0.014285714285714285,2.3636363636363638,0.7745966692414834,2.0827853703164503,2.3633622459206856,0.8915348782717119,0.6907366356392476,0.9247566764873029,1.1345157813565296,1.92123629112662,0.22727890918281662
140.0,704.0,0.11428571428571428,0.17142857142857143,0.7142857142857142,0.03571428571428571,0.35714285714285715,0.3,0.02857142857142857,2.4065040650406506,0.7557148214616294,2.089905111439398,2.3814718187333073,0.8946140871314473,0.6918846474900873,0.9229604989364083,1.1389586644624543,1.9288824383164005,0.22780389428961115
140.0,704.0,0.12142857142857143,0.16428571428571428,0.7142857142857143,0.03571428571428571,0.35,0.3,0.02857142857142857,2.403361344537815,0.7401251352178412,2.0755469613925306,2.4464311594897734,0.890659536542877,0.6996617975933072,0.9229604989364083,1.1388319654827592,1.9178356713426854,0.23648336026096684
141.0,704.0,0.12056737588652482,0.18439716312056736,0.6950354609929079,0.03546099290780142,0.3475177304964539,0.2978723404255319,0.028368794326241134,2.4384615384615387,0.7153233795067323,2.113943352306837,2.4171071867094507,0.8940279083206398,0.6934304798492423,0.928372375760869,1.1361358639240267,1.9876543209876543,0.2494310904364507
141.0,704.0,0.12056737588652482,0.1773049645390071,0.7021276595744681,0.03546099290780142,0.3546099290780142,0.2907801418439716,0.028368794326241134,2.43609022556391,0.7421649683746361,2.123851640967086,2.3936195021512914,0.88816643825896,0.6936400152004645,0.9293892779926264,1.1374780984614914,1.9610389610389611,0.23389924767042983
141.0,704.0,0.12056737588652482,0.1702127659574468,0.7092198581560284,0.03546099290780142,0.3475177304964539,0.2978723404255319,0.028368794326241134,2.4344262295081966,0.727132997009065,2.0863598306747484,2.44346880822941,0.8964002281101214,0.6971924812017493,0.9273543584326892,1.143339791327877,1.9183874139626351,0.23280346469285873
141.0,704.0,0.12056737588652482,0.18439716312056736,0.6950354609929079,0.03546099290780142,0.3475177304964539,0.3049645390070922,0.028368794326241134,2.3902439024390243,0.7314273754774024,2.089905111439398,2.406807797746976,0.8951536375523483,0.6953140248219511,0.9273543584326892,1.1399666268776893,1.951279527559055,0.24956259952353804
140.0,704.0,0.12142857142857143,0.17142857142857143,0.7071428571428571,0.03571428571428571,0.35,0.3,0.02857142857142857,2.3852459016393444,0.7435310140032609,2.0863598306747484,2.398745385359229,0.8941251066640237,0.690423210205933,0.9227259571366696,1.1336251152411896,1.9220970112689857,0.23145799398744402
141.0,704.0,0.12056737588652482,0.1773049645390071,0.7021276595744681,0.03546099290780142,0.3546099290780142,0.2978723404255319,0.014184397163120567,2.4186046511627906,0.746844135540139,2.110589710299249,2.3936231818122953,0.8888892965352537,0.6939541995998911,0.9280592585978441,1.1400940972999758,1.9566872917658258,0.2346532448620848
140.0,704.0,0.11428571428571428,0.17857142857142858,0.7071428571428571,0.03571428571428571,0.35,0.30714285714285716,0.02857142857142857,2.4227642276422765,0.7356064753512586,2.089905111439398,2.414285778191167,0.8939861188172106,0.6900050881649484,0.9242103832932921,1.1369932437126022,1.9021467798302547,0.24202503807544865
141.0,704.0,0.12056737588652482,0.1773049645390071,0.7021276595744681,0.028368794326241134,0.3475177304964539,0.3049645390070922,0.028368794326241134,2.330578512396694,0.7679890380301242,2.0827853703164503,2.3549669746588306,0.8919991016141453,0.7030870548556127,0.9246624078619825,1.1415894244404023,1.9116766467065869,0.22364799720570383
141.0,704.0,0.12056737588652482,0.1773049645390071,0.7021276595744681,0.028368794326241134,0.3546099290780142,0.2907801418439716,0.028368794326241134,2.396694214876033,0.735746093465393,2.0827853703164503,2.43265790587733,0.8930875089633353,0.7023653393860247,0.9265410376559914,1.1417163502769836,1.9410589410589412,0.24230491071320506
140.0,704.0,0.11428571428571428,0.17142857142857143,0.7142857142857142,0.03571428571428571,0.35714285714285715,0.3,0.014285714285714285,2.448,0.734583489622389,2.0969100130080562,2.4151215327077327,0.8906631174444692,0.6831747396225737,0.9242884449464468,1.1294168000326834,1.9521302058401149,0.22748909491184927
140.0,704.0,0.12142857142857143,0.18571428571428572,0.6928571428571428,0.03571428571428571,0.35714285714285715,0.29285714285714287,0.02857142857142857,2.373015873015873,0.7346740990031101,2.100370545117563,2.380346703971025,0.9002141046036218,0.6874910157291027,0.9249127009921616,1.1371835941796142,1.911278195488722,0.25252004367470127
140.0,704.0,0.12142857142857143,0.16428571428571428,0.7142857142857143,0.02857142857142857,0.35714285714285715,0.3,0.02857142857142857,2.3893805309734515,0.7492094442832972,2.0530784434834195,2.445071684780117,0.8898229578898417,0.6936505454021431,0.9212128383414877,1.1341018694807414,1.9099549774887443,0.23241680021801023
140.0,704.0,0.12142857142857143,0.17142857142857143,0.7071428571428571,0.03571428571428571,0.35,0.3,0.02857142857142857,2.3852459016393444,0.7435310140032609,2.0863598306747484,2.404961339855639,0.8982450194444,0.6932389377404529,0.9241323150462529,1.1335614694542215,1.9116766467065869,0.23043130686494184
141.0,704.0,0.11347517730496454,0.19148936170212766,0.6950354609929079,0.03546099290780142,0.3475177304964539,0.2978723404255319,0.028368794326241134,2.3852459016393444,0.7435310140032609,2.0863598306747484,2.368574200199141,0.9010257494546493,0.6938494872741857,0.9288418535929194,1.1486656481214956,1.9115044247787611,0.2456072739461484
141.0,704.0,0.12056737588652482,0.1702127659574468,0.7092198581560284,0.028368794326241134,0.3546099290780142,0.2907801418439716,0.028368794326241134,2.4580152671755724,0.7259957828308627,2.1172712956557644,2.4560827763479276,0.8897933837213844,0.6936461844157432,0.9277913442286772,1.142477609173833,1.9607659971975713,0.2326385969883955
141.0,704.0,0.12056737588652482,0.1773049645390071,0.7021276595744681,0.028368794326241134,0.3475177304964539,0.3049645390070922,0.014184397163120567,2.393700787401575,0.7470309518986569,2.103803720955957,2.388039043380391,0.8913590374382092,0.7013330289475261,0.9263064172924643,1.1401287617170532,1.9344504682109414,0.22961574409470364
141.0,704.0,0.12056737588652482,0.18439716312056736,0.6950354609929079,0.03546099290780142,0.3475177304964539,0.28368794326241137,0.028368794326241134,2.379032258064516,0.7390693107587601,2.093421685162235,2.3971111007465518,0.905103299946947,0.7043468224602341,0.9291547070281839,1.1509406138609748,1.9134284308903098,0.2470949457381836
141.0,704.0,0.12056737588652482,0.16312056737588654,0.7163120567375887,0.028368794326241134,0.3475177304964539,0.3049645390070922,0.028368794326241134,2.36697247706422,0.7535170677945499,2.037426497940624,2.445207970759709,0.8941707316670087,0.7051450288145041,0.923172448031604,1.137902416563473,1.9068825910931173,0.21740084288342024
140.0,704.0,0.12142857142857143,0.16428571428571428,0.7142857142857143,0.03571428571428571,0.36428571428571427,0.29285714285714287,0.02857142857142857,2.403361344537815,0.7401251352178413,2.0755469613925306,2.43128186393922,0.8905193140866058,0.6983199636588292,0.9218654600078732,1.1337523960964204,1.8942258559018907,0.23184850564644868
138.0,704.0,0.11594202898550725,0.15942028985507245,0.7246376811594204,0.028985507246376812,0.35507246376811596,0.3115942028985507,0.028985507246376812,2.3893805309734515,0.7492094442832973,2.0530784434834195,2.445868689827547,0.8896508593877667,0.6899113603127827,0.9126880592623283,1.1187989932282842,1.9251497005988023,0.23520613191943177
140.0,704.0,0.12142857142857143,0.17142857142857143,0.7071428571428571,0.03571428571428571,0.35714285714285715,0.3,0.02857142857142857,2.3739837398373984,0.7509379270121087,2.089905111439398,2.3980082858176606,0.8943815652945444,0.6879106658613318,0.9225695628108536,1.1285221096436924,1.9356897398134512,0.22730121115323
140.0,704.0,0.12142857142857143,0.16428571428571428,0.7142857142857143,0.02857142857142857,0.35,0.30714285714285716,0.014285714285714285,2.4,0.7513428837969107,2.0969100130080562,2.41423498485454,0.8920315359128475,0.6891763408424424,0.9206660085397829,1.1306711574047736,1.9180804653417354,0.2232659130515049
141.0,704.0,0.12056737588652482,0.1702127659574468,0.7092198581560284,0.03546099290780142,0.3475177304964539,0.3049645390070922,0.028368794326241134,2.403361344537815,0.7401251352178412,2.0755469613925306,2.4399858792305356,0.8889694781746642,0.7010379458033834,0.924843695578071,1.142068069512572,1.9287469287469288,0.23514036382251793
139.0,704.0,0.11510791366906475,0.17266187050359713,0.7122302158273381,0.03597122302158273,0.35251798561151076,0.28776978417266186,0.02877697841726619,2.3688524590163933,0.7627789523301427,2.0863598306747484,2.3953418630024568,0.9002644775979796,0.6994791567533034,0.9215065754289278,1.1317389191090277,1.9463582677165354,0.22761849573997067
139.0,704.0,0.11510791366906475,0.17985611510791366,0.7050359712230216,0.03597122302158273,0.35251798561151076,0.30935251798561153,0.02877697841726619,2.396694214876033,0.735746093465393,2.0827853703164503,2.4192326216638587,0.8905724917250147,0.682161564359611,0.9196389520948371,1.1331306192046038,1.904433497536946,0.2591764077608798
140.0,704.0,0.12142857142857143,0.18571428571428572,0.6928571428571428,0.02857142857142857,0.35,0.30714285714285716,0.02857142857142857,2.3622047244094486,0.7418262678845597,2.103803720955957,2.374498251971129,0.8930766446746959,0.6903236650948076,0.9222275191742557,1.1347994466744606,1.903448275862069,0.2531103180250221
141.0,704.0,0.12056737588652482,0.1702127659574468,0.7092198581560284,0.028368794326241134,0.3546099290780142,0.2978723404255319,0.028368794326241134,2.4227642276422765,0.7356064753512586,2.089905111439398,2.422346218352548,0.891677996378581,0.6950027319198777,0.9257587385396409,1.140700548139073,1.905109489051095,0.23376232698193147
139.0,704.0,0.11510791366906475,0.16546762589928057,0.7194244604316548,0.02877697841726619,0.35251798561151076,0.302158273381295,0.02877697841726619,2.3893805309734515,0.7492094442832973,2.0530784434834195,2.4634045245097873,0.8947445419380131,0.6965820502963245,0.917271957400413,1.1266321592173667,1.902389425521098,0.23432025668748868
141.0,704.0,0.12056737588652482,0.1773049645390071,0.7021276595744681,0.03546099290780142,0.3475177304964539,0.3049645390070922,0.028368794326241134,2.4122137404580153,0.7428658540009204,2.1172712956557644,2.3950740822009213,0.8893043767864408,0.6860564260807549,0.9281375477917349,1.1444196437549248,1.9211401425178147,0.23835411252208463
142.0,704.0,0.11971830985915492,0.19014084507042253,0.6901408450704226,0.035211267605633804,0.352112676056338,0.29577464788732394,0.028169014084507043,2.4397163120567376,0.730643496478482,2.1492191126553797,2.3627936933179114,0.886766929699722,0.6895510309570493,0.9343176009172776,1.1430649260296386,1.962569316081331,0.23662714456436817
139.0,704.0,0.1223021582733813,0.19424460431654678,0.6834532374100719,0.03597122302158273,0.3597122302158273,0.302158273381295,0.014388489208633094,2.2857142857142856,0.7381017469576844,2.0755469613925306,2.327080255611944,0.8961709131602954,0.6853047554375915,0.9201062133239049,1.124372377673079,1.8871983210912906,0.2703203095421703
138.0,704.0,0.11594202898550725,0.15942028985507245,0.7246376811594204,0.036231884057971016,0.36231884057971014,0.2971014492753623,0.028985507246376812,2.417391304347826,0.7490650159828159,2.060697840353612,2.471246257860784,0.8894321072570777,0.6794348188329838,0.9139602120634617,1.1243459758620922,1.9195684158901423,0.2415431734040993
142.0,704.0,0.11971830985915492,0.18309859154929578,0.6971830985915494,0.028169014084507043,0.34507042253521125,0.3028169014084507,0.014084507042253521,2.3739837398373984,0.7509379270121087,2.089905111439398,2.3730049728698246,0.8913121415838141,0.6995592144446396,0.929659062194675,1.1414508825343228,1.9015492253873063,0.22337364176976587
139.0,704.0,0.1079136690647482,0.17266187050359713,0.7194244604316546,0.03597122302158273,0.3597122302158273,0.2949640287769784,0.02877697841726619,2.443548387096774,0.7468352672034447,2.093421685162235,2.3955477566938663,0.8979159724157473,0.6815311865955854,0.9213510847462157,1.1244360885670974,1.9639942390782525,0.22531286264842887
140.0,704.0,0.12142857142857143,0.16428571428571428,0.7142857142857143,0.03571428571428571,0.36428571428571427,0.29285714285714287,0.014285714285714285,2.36697247706422,0.7535170677945499,2.037426497940624,2.439287370649937,0.8913855632179076,0.6981132987529278,0.9228823249594484,1.135215100219017,1.9033942558746737,0.23763761394168215
141.0,704.0,0.12056737588652482,0.19858156028368795,0.6808510638297873,0.028368794326241134,0.3617021276595745,0.2907801418439716,0.014184397163120567,2.3609022556390977,0.7521519215563663,2.123851640967086,2.285302337525865,0.894334811937409,0.6888246422385761,0.9305983920827171,1.140192307701764,1.9165432098765431,0.2470358070774653
139.0,704.0,0.1223021582733813,0.16546762589928057,0.7122302158273381,0.03597122302158273,0.3597122302158273,0.2949640287769784,0.014388489208633094,2.408333333333333,0.7275587513697281,2.0791812460476247,2.4358916099676238,0.8974799638039002,0.6884335957528528,0.9189376147646491,1.1276805712447904,1.9057539682539681,0.2393532468031472
139.0,704.0,0.1223021582733813,0.16546762589928057,0.7122302158273381,0.03597122302158273,0.3597122302158273,0.2949640287769784,0.014388489208633094,2.3879310344827585,0.7315445449795627,2.0644579892269186,2.428419476635779,0.8985058840073037,0.6914446833255475,0.9189376147646491,1.1258368160728323,1.900759493670886,0.24247232474994548
141.0,704.0,0.12056737588652482,0.18439716312056736,0.6950354609929079,0.028368794326241134,0.3475177304964539,0.2978723404255319,0.028368794326241134,2.3596491228070176,0.7302223322774687,2.0569048513364727,2.4135849513928447,0.9002130079129144,0.6993674411811411,0.9256021993744831,1.1457705530994653,1.8860050890585243,0.2519361999699371
139.0,704.0,0.1223021582733813,0.16546762589928057,0.7122302158273381,0.02877697841726619,0.3597122302158273,0.302158273381295,0.02877697841726619,2.3304347826086955,0.7576711679743117,2.060697840353612,2.39224534654276,0.889751876119572,0.68978075744773,0.9162590271591519,1.1244743785079023,1.9011156186612577,0.23543766501189162
140.0,704.0,0.12142857142857143,0.15714285714285714,0.7214285714285714,0.03571428571428571,0.35,0.29285714285714287,0.02857142857142857,2.4224137931034484,0.7360394846328088,2.0644579892269186,2.4836861946112245,0.8970869998392776,0.6927183702108507,0.9235075314894037,1.1401616025666925,1.9208597948216903,0.22868345497574402
141.0,704.0,0.12056737588652482,0.16312056737588654,0.7163120567375887,0.03546099290780142,0.3546099290780142,0.2978723404255319,0.028368794326241134,2.36697247706422,0.7535170677945499,2.037426497940624,2.44040622476262,0.8938718122455854,0.6994815216866719,0.924057714503674,1.14264051948338,1.888663967611336,0.225033216046293
141.0,704.0,0.11347517730496454,0.18439716312056736,0.7021276595744681,0.03546099290780142,0.3546099290780142,0.2978723404255319,0.028368794326241134,2.3865546218487395,0.7603438528281413,2.0755469613925306,2.3699162212742744,0.8866242334898237,0.6967754840962411,0.9267273303894219,1.1372225568783232,1.9429695181907571,0.23073539102013815
141.0,704.0,0.12056737588652482,0.1773049645390071,0.7021276595744681,0.028368794326241134,0.3475177304964539,0.2978723404255319,0.014184397163120567,2.462121212121212,0.7141460819866199,2.12057393120585,2.4247547974102552,0.8927467616033936,0.6878773440990636,0.928415866090279,1.1366282614226708,1.9273959341723137,0.2361007378556351
141.0,704.0,0.12056737588652482,0.1702127659574468,0.7092198581560284,0.03546099290780142,0.3475177304964539,0.2978723404255319,0.028368794326241134,2.403361344537815,0.7401251352178413,2.0755469613925306,2.4397830557670632,0.8894744242339154,0.6990658900092336,0.9264920854684509,1.1427676916454184,1.9033366045142297,0.23114903387899213
141.0,704.0,0.12056737588652482,0.16312056737588654,0.7163120567375887,0.03546099290780142,0.3546099290780142,0.2978723404255319,0.014184397163120567,2.36697247706422,0.7535170677945499,2.037426497940624,2.4350930057368663,0.8961835091150282,0.7007269375450057,0.924843695578071,1.1396478884447259,1.8937916880451513,0.21988501466636454
139.0,704.0,0.11510791366906475,0.18705035971223022,0.6978417266187051,0.03597122302158273,0.35251798561151076,0.30935251798561153,0.02877697841726619,2.387596899224806,0.7427785411818991,2.110589710299249,2.35373695323317,0.8930402833250964,0.68467727159459,0.9207288594261298,1.127807615667982,1.9098156452416541,0.25447297017760756
140.0,704.0,0.12142857142857143,0.17142857142857143,0.7071428571428571,0.03571428571428571,0.35,0.30714285714285716,0.02857142857142857,2.3529411764705883,0.7545144953074875,2.0755469613925306,2.3936805879502074,0.8897786138180148,0.6952135394343685,0.9220219737643465,1.1300554309147564,1.9175412293853074,0.23329033026706186
142.0,704.0,0.11971830985915492,0.18309859154929578,0.6971830985915494,0.035211267605633804,0.34507042253521125,0.3028169014084507,0.028169014084507043,2.434108527131783,0.7272052800824846,2.110589710299249,2.413155104180364,0.8929365288901787,0.6945205292072054,0.9308653331586783,1.1514837201805084,1.9184756391702846,0.2406457587104424
140.0,704.0,0.12142857142857143,0.17142857142857143,0.7071428571428571,0.03571428571428571,0.35,0.30714285714285716,0.02857142857142857,2.376068376068376,0.7396002616336389,2.0681858617461617,2.4298675620132153,0.8923192513385302,0.6940710336807081,0.9217871931639867,1.1355328300569767,1.903030303030303,0.2440403931847932
142.0,704.0,0.11971830985915492,0.18309859154929578,0.6971830985915494,0.035211267605633804,0.352112676056338,0.29577464788732394,0.028169014084507043,2.434108527131783,0.7272052800824846,2.110589710299249,2.398060690448453,0.89777182464081,0.6957836493097302,0.9335341156523024,1.1451754268667937,1.9404704752760442,0.23651490030098837
140.0,704.0,0.12142857142857143,0.16428571428571428,0.7142857142857143,0.02857142857142857,0.35714285714285715,0.29285714285714287,0.02857142857142857,2.29126213592233,0.7749897907128316,2.012837224705172,2.4288705313744976,0.8963744458533345,0.6990229563649393,0.920275216889026,1.1361299956019448,1.8894736842105264,0.2261468533319622
140.0,704.0,0.12142857142857143,0.17142857142857143,0.7071428571428571,0.02857142857142857,0.35,0.30714285714285716,0.02857142857142857,2.416,0.7315912837449697,2.0969100130080562,2.4289345767035146,0.8901322523353958,0.6975806082711669,0.9212128383414877,1.1382809201763027,1.9130854659584742,0.24643713460763506
140.0,704.0,0.12142857142857143,0.15714285714285714,0.7214285714285714,0.03571428571428571,0.35,0.30714285714285716,0.014285714285714285,2.36697247706422,0.7535170677945499,2.037426497940624,2.456776678080053,0.8953091190499087,0.6942789018423218,0.9200636381493562,1.135215100219017,1.9000512557662737,0.2239416141735314
140.0,704.0,0.12142857142857143,0.17142857142857143,0.7071428571428571,0.03571428571428571,0.35,0.3,0.02857142857142857,2.3879310344827585,0.7315445449795627,2.0644579892269186,2.4417560550848605,0.8993022715414452,0.6955248061974661,0.9227259571366696,1.1353422028243496,1.9129544290834612,0.2465631318644757
141.0,704.0,0.12056737588652482,0.16312056737588654,0.7163120567375887,0.028368794326241134,0.3475177304964539,0.2978723404255319,0.028368794326241134,2.3893805309734515,0.7492094442832973,2.0530784434834195,2.474045993259019,0.8954465414010676,0.6993674411811411,0.9235647757703472,1.1440619382965644,1.9041231992051664,0.22389085841215473
140.0,704.0,0.12142857142857143,0.17857142857142858,0.7,0.03571428571428571,0.35,0.3,0.02857142857142857,2.409448818897638,0.727622031533133,2.103803720955957,2.434937718575689,0.8968789423708616,0.6917803615007405,0.9240542402036582,1.1384517839412451,1.9268891069676153,0.2578582636927079
141.0,704.0,0.11347517730496454,0.20567375886524822,0.6808510638297873,0.03546099290780142,0.3546099290780142,0.2907801418439716,0.028368794326241134,2.427536231884058,0.7238147236359047,2.1398790864012365,2.338491743446478,0.8947626547514896,0.6807403412336799,0.9327449793859421,1.1455619074246053,1.9373822975517891,0.260253411328879
140.0,704.0,0.12142857142857143,0.17857142857142858,0.7,0.03571428571428571,0.35714285714285715,0.2857142857142857,0.02857142857142857,2.3739837398373984,0.7509379270121087,2.089905111439398,2.3929183643501872,0.8897457789010658,0.6964577718035062,0.9242884449464468,1.135977502531593,1.9055857637172515,0.23034289392877452
134.0,745.0,0.12686567164179105,0.1417910447761194,0.7313432835820896,0.03731343283582089,0.34328358208955223,0.3208955223880597,0.029850746268656716,2.211764705882353,0.7415254169464396,1.9294189257142926,2.4868205990061156,0.9287378404748452,0.7279501810069897,0.8640025515978235,1.1059332918838192,1.7970604861503674,0.2455415327018297
136.0,745.0,0.125,0.16911764705882354,0.7058823529411764,0.03676470588235294,0.3161764705882353,0.3014705882352941,0.029411764705882353,2.2626262626262625,0.7770412037752316,1.99563519459755,2.4655586232548394,0.9394750450142817,0.7324726560545065,0.8741107384631595,1.1213800287344697,1.8243610657966287,0.24837872930692426
137.0,745.0,0.12408759124087591,0.16058394160583941,0.7153284671532847,0.0364963503649635,0.3357664233576642,0.29927007299270075,0.029197080291970802,2.2613636363636362,0.734914463422475,1.9444826721501687,2.4706055554804047,0.935970282514141,0.7389614523493528,0.8781342986673161,1.1290854832271278,1.8078845086063298,0.24194034056958189
135.0,745.0,0.1259259259259259,0.14814814814814814,0.725925925925926,0.037037037037037035,0.34074074074074073,0.31851851851851853,0.02962962962962963,2.211764705882353,0.7415254169464396,1.9294189257142926,2.4758071130875523,0.9291130142489169,0.7308224724708723,0.8682793434057892,1.1126775455088225,1.7970604861503674,0.24376340657436799
138.0,745.0,0.12318840579710146,0.1956521739130435,0.6811594202898551,0.036231884057971016,0.2971014492753623,0.2971014492753623,0.028985507246376812,2.1523809523809523,0.7939791750436093,2.0211892990699383,2.3873103619941176,0.9396933716881012,0.7426156176411591,0.8849375569159789,1.1356260739786146,1.8138504155124653,0.24460456210930367
136.0,745.0,0.125,0.16176470588235295,0.7132352941176471,0.03676470588235294,0.33088235294117646,0.3088235294117647,0.029411764705882353,2.277227722772277,0.7499174872102679,2.0043213737826426,2.449663301291384,0.931155066992825,0.7325580454398049,0.8734664850223011,1.1194819491305,1.828785446762975,0.24182011427040812
134.0,745.0,0.12686567164179105,0.14925373134328357,0.7238805970149254,0.03731343283582089,0.3358208955223881,0.3208955223880597,0.029850746268656716,2.1839080459770117,0.7552719459746733,1.9395192526186185,2.477589895644525,0.9296612537116912,0.7272725004081336,0.8649294453636907,1.1063790590368163,1.7968307866440294,0.24904145979386882
134.0,745.0,0.12686567164179105,0.16417910447761194,0.708955223880597,0.03731343283582089,0.31343283582089554,0.31343283582089554,0.029850746268656716,2.1595744680851063,0.793836356600995,1.9731278535996986,2.471774551281034,0.931779802755366,0.7285426344312617,0.8661400405453142,1.107715284181735,1.802936194240542,0.2545332335581481
135.0,745.0,0.1259259259259259,0.14814814814814814,0.725925925925926,0.037037037037037035,0.34074074074074073,0.3111111111111111,0.02962962962962963,2.4242424242424243,0.7011784408671734,1.99563519459755,2.5069216636099667,0.9282771838322721,0.7332822462125872,0.8702080294014563,1.1214046426449285,1.8479834539813857,0.2465253553278765
136.0,745.0,0.125,0.16911764705882354,0.7058823529411764,0.03676470588235294,0.3235294117647059,0.3088235294117647,0.029411764705882353,2.298076923076923,0.7617023307220046,2.0170333392987803,2.452706902112332,0.9341389486029827,0.7342637478178176,0.8742538414206127,1.1247217669749088,1.838506049447659,0.24758292921970845
137.0,745.0,0.12408759124087591,0.1897810218978102,0.6861313868613139,0.0364963503649635,0.30656934306569344,0.31386861313868614,0.029197080291970802,2.238532110091743,0.7923135669110096,2.037426497940624,2.4194943770356625,0.9318266701299068,0.738790908082365,0.8794964794303514,1.1330405183793129,1.838506049447659,0.25024776496730194
137.0,745.0,0.12408759124087591,0.1678832116788321,0.708029197080292,0.0364963503649635,0.32116788321167883,0.29927007299270075,0.029197080291970802,2.2395833333333335,0.7642649260518126,1.9822712330395684,2.455078181194598,0.9367697346952748,0.7398135839681247,0.8781342986673161,1.1307025914156987,1.8213507625272332,0.2442025374476441
135.0,745.0,0.1259259259259259,0.16296296296296298,0.7111111111111111,0.037037037037037035,0.31851851851851853,0.3111111111111111,0.02962962962962963,2.2222222222222223,0.7633914067562569,1.99563519459755,2.4428732957503128,0.9346337882800287,0.7323502011343278,0.8699939421030032,1.1154642856647496,1.8185286103542235,0.2465783608835752
135.0,745.0,0.1259259259259259,0.16296296296296298,0.7111111111111111,0.037037037037037035,0.31851851851851853,0.3111111111111111,0.02962962962962963,2.157303370786517,0.7672097675179016,1.9493900066449128,2.458700737820896,0.9356336789052424,0.7326892637991995,0.8698511879645634,1.1150745613050301,1.7968307866440294,0.24772358876672068
135.0,745.0,0.1259259259259259,0.17777777777777778,0.6962962962962963,0.037037037037037035,0.3037037037037037,0.3111111111111111,0.02962962962962963,2.205607476635514,0.7859415427516336,2.0293837776852097,2.4254871691936466,0.9368328997213213,0.7312471617037853,0.871633934263908,1.1170774095539258,1.8312801285484734,0.2529947011482677
138.0,745.0,0.12318840579710146,0.18115942028985507,0.6956521739130435,0.036231884057971016,0.3188405797101449,0.2971014492753623,0.028985507246376812,2.3063063063063063,0.7602965066674832,2.0453229787866576,2.4055014858871293,0.9324617279827176,0.7399616934398295,0.8835021206453303,1.1356260739786146,1.8441762854144805,0.23977580797165135
135.0,745.0,0.1259259259259259,0.17777777777777778,0.6962962962962963,0.037037037037037035,0.3037037037037037,0.31851851851851853,0.02962962962962963,2.18348623853211,0.7954167043790099,2.037426497940624,2.4218081103592937,0.9331887517776565,0.730057409284991,0.8704933972293462,1.1144618619587296,1.8314606741573034,0.25077861615205227
136.0,745.0,0.125,0.16911764705882354,0.7058823529411764,0.03676470588235294,0.3235294117647059,0.3014705882352941,0.029411764705882353,2.2857142857142856,0.7685436491568587,2.0211892990699383,2.4648515678062095,0.9314249338268534,0.7346044130303355,0.8751119677454001,1.1245549159085246,1.838506049447659,0.2493850452997707
137.0,745.0,0.12408759124087591,0.19708029197080293,0.6788321167883212,0.0364963503649635,0.291970802919708,0.30656934306569344,0.029197080291970802,2.1913043478260867,0.8045446807990114,2.060697840353612,2.3864104463322136,0.9323918912013551,0.7350289229798926,0.8806419447625561,1.1274660556461542,1.834313201496526,0.24942142466041764
139.0,745.0,0.1223021582733813,0.19424460431654678,0.6834532374100719,0.03597122302158273,0.302158273381295,0.302158273381295,0.02877697841726619,2.3189655172413794,0.764416662287792,2.0644579892269186,2.382849839611862,0.9346564276477872,0.745819702875457,0.8882064184036261,1.1456380501995294,1.853532748839608,0.23943514922670597
137.0,745.0,0.12408759124087591,0.2116788321167883,0.6642335766423358,0.0364963503649635,0.2773722627737226,0.30656934306569344,0.029197080291970802,2.139344262295082,0.8163168013543629,2.0863598306747484,2.34997111195731,0.9347173903801568,0.7369123161822397,0.8822859457657811,1.1285831509309758,1.834313201496526,0.25211263158149194
134.0,745.0,0.12686567164179105,0.16417910447761194,0.708955223880597,0.03731343283582089,0.31343283582089554,0.31343283582089554,0.029850746268656716,2.1862745098039214,0.7800785966603488,2.0086001717619175,2.452589977452601,0.9299163574278857,0.7279501810069897,0.865855346895042,1.1064904727650136,1.8184296619411122,0.2508840324714521
136.0,745.0,0.125,0.16176470588235295,0.7132352941176471,0.03676470588235294,0.33088235294117646,0.3088235294117647,0.029411764705882353,2.4166666666666665,0.6987973647698923,2.03342375548695,2.4396418649303886,0.9289483951083848,0.7337524534427149,0.8753978229213287,1.1267775653321244,1.8570701932858595,0.24182150595481128
136.0,745.0,0.125,0.16911764705882354,0.7058823529411764,0.03676470588235294,0.3161764705882353,0.29411764705882354,0.029411764705882353,2.2450980392156863,0.7763365926868526,2.0086001717619175,2.448946798906888,0.9387204063469574,0.7329848431542139,0.8754692721314931,1.1213242487226769,1.8243610657966287,0.24649462106005315
137.0,745.0,0.12408759124087591,0.1678832116788321,0.708029197080292,0.0364963503649635,0.32116788321167883,0.30656934306569344,0.029197080291970802,2.1538461538461537,0.7589916837939505,1.9590413923210936,2.431335333182979,0.9363258194640453,0.7398135839681247,0.8777036971077661,1.1269630015068597,1.8,0.2401335373051479
135.0,745.0,0.1259259259259259,0.16296296296296298,0.7111111111111111,0.037037037037037035,0.31851851851851853,0.31851851851851853,0.02962962962962963,2.242424242424242,0.7435561147168643,1.99563519459755,2.4167576432662603,0.9284011270194145,0.730227492596981,0.869637012818866,1.1130123227337698,1.8183306055646482,0.24279318026032237
135.0,745.0,0.1259259259259259,0.16296296296296298,0.7111111111111111,0.037037037037037035,0.31851851851851853,0.3037037037037037,0.02962962962962963,2.2524271844660193,0.7633574780230817,2.012837224705172,2.4544538010190666,0.935123426810251,0.731586735585716,0.8698511879645636,1.1144618619587296,1.828693790149893,0.24584413345097922
135.0,745.0,0.1259259259259259,0.16296296296296298,0.7111111111111111,0.037037037037037035,0.32592592592592595,0.3037037037037037,0.02962962962962963,2.27,0.7634980634744877,2.0,2.473768279046184,0.9366777108839148,0.7330281696304282,0.870992565952117,1.1182440810966103,1.82860203535083,0.2498225239548788
138.0,745.0,0.12318840579710146,0.1956521739130435,0.6811594202898551,0.036231884057971016,0.30434782608695654,0.2971014492753623,0.028985507246376812,2.319672131147541,0.7742380252304686,2.0863598306747484,2.4005325772571497,0.93521930103416,0.7404760985305521,0.8854394098411762,1.1418678039298538,1.8660669665167415,0.2480629430811362
138.0,745.0,0.12318840579710146,0.18115942028985507,0.6956521739130435,0.036231884057971016,0.3188405797101449,0.2898550724637681,0.028985507246376812,2.3181818181818183,0.7533633233135887,2.041392685158225,2.4276355470652975,0.9371524434122707,0.7391894145977121,0.8843636619955452,1.1375245052633574,1.8479834539813857,0.2427361211873632
138.0,745.0,0.12318840579710146,0.17391304347826086,0.7028985507246377,0.036231884057971016,0.3188405797101449,0.2898550724637681,0.028985507246376812,2.412280701754386,0.7140982742508196,2.0569048513364727,2.436334124392167,0.9358257571313511,0.7391894145977123,0.8844354192257071,1.139642539018413,1.8660669665167415,0.23953322243421327
136.0,745.0,0.125,0.19117647058823528,0.6838235294117647,0.03676470588235294,0.29411764705882354,0.3088235294117647,0.029411764705882353,2.2288135593220337,0.7996902920714849,2.0718820073061255,2.4142306427085085,0.932948161681681,0.7311050695562432,0.8766116674920261,1.1225507687122416,1.8479834539813857,0.25219979430473105
137.0,745.0,0.12408759124087591,0.17518248175182483,0.7007299270072993,0.0364963503649635,0.31386861313868614,0.30656934306569344,0.029197080291970802,2.0543478260869565,0.7755059381494847,1.9637878273455553,2.4227880515744045,0.9315155187375602,0.7387909080823651,0.878851499094947,1.1255084709832528,1.7875647668393781,0.2430847358767844
139.0,745.0,0.1223021582733813,0.20863309352517986,0.6690647482014388,0.03597122302158273,0.28776978417266186,0.302158273381295,0.02877697841726619,2.1621621621621623,0.8038604643790153,2.0453229787866576,2.3770550333305147,0.9367665309387391,0.744876379374645,0.8882064184036264,1.144018909250633,1.8313704496788008,0.24723783787883127
136.0,745.0,0.125,0.18382352941176472,0.6911764705882353,0.03676470588235294,0.3014705882352941,0.3014705882352941,0.029411764705882353,2.105769230769231,0.7872561324455903,2.0170333392987803,2.3902566539813757,0.9417298101169171,0.7329848431542139,0.8766116674920261,1.1175806458656694,1.8030474040632054,0.24660455665881015
135.0,745.0,0.1259259259259259,0.16296296296296298,0.7111111111111111,0.037037037037037035,0.31851851851851853,0.3111111111111111,0.02962962962962963,2.173469387755102,0.7601615428434788,1.9912260756924949,2.42522393575055,0.9367880455793223,0.7323502011343278,0.8699939421030032,1.1131796735909543,1.8079911209766926,0.24522493733347223
136.0,745.0,0.125,0.16911764705882354,0.7058823529411764,0.03676470588235294,0.3235294117647059,0.3014705882352941,0.029411764705882353,2.3181818181818183,0.7533633233135887,2.041392685158225,2.4271614363137455,0.9386718476850755,0.7352852699544551,0.8750404893604535,1.1233305841697094,1.8440944881889765,0.24362750822096851
136.0,745.0,0.125,0.16176470588235295,0.7132352941176471,0.03676470588235294,0.3235294117647059,0.3088235294117647,0.029411764705882353,2.21505376344086,0.7496297979900451,1.968482948553935,2.4385585652252337,0.9370267084693245,0.7334966726032719,0.8736096935126704,1.1194819491305,1.8106607440310938,0.2407856841025594
137.0,745.0,0.12408759124087591,0.17518248175182483,0.7007299270072993,0.0364963503649635,0.31386861313868614,0.30656934306569344,0.029197080291970802,2.2403846153846154,0.7695061120355347,2.0170333392987803,2.42358445675805,0.9307469997487985,0.7381083369619723,0.878277785606034,1.1292528776690745,1.828785446762975,0.2442674232850428
136.0,745.0,0.125,0.18382352941176472,0.6911764705882353,0.03676470588235294,0.3014705882352941,0.3014705882352941,0.029411764705882353,2.234234234234234,0.7857243902048716,2.0453229787866576,2.408731696327659,0.9391278318256006,0.7317037031668948,0.8758264307507888,1.1205988559024607,1.834313201496526,0.24879275399673956
136.0,745.0,0.125,0.16176470588235295,0.7132352941176471,0.03676470588235294,0.3235294117647059,0.3014705882352941,0.029411764705882353,2.35,0.7299508769967215,2.0,2.463263853663609,0.9314940994907422,0.7371543839488199,0.8751119677454001,1.1281090529912638,1.838421052631579,0.24627942939880712
136.0,745.0,0.125,0.16911764705882354,0.7058823529411764,0.03676470588235294,0.3161764705882353,0.3088235294117647,0.029411764705882353,2.3551401869158877,0.7301116023323708,2.0293837776852097,2.430185763894167,0.9351131742384278,0.7334966726032719,0.8748975150713905,1.1250553948732591,1.850491464045525,0.24400252726615718
135.0,745.0,0.1259259259259259,0.15555555555555556,0.7185185185185186,0.037037037037037035,0.32592592592592595,0.3037037037037037,0.02962962962962963,2.0759493670886076,0.7641343669386779,1.8976270912904414,2.5038377805626024,0.9380055284265172,0.7333669188454428,0.8702080294014563,1.114183250874431,1.7736625514403292,0.251267389129667
134.0,745.0,0.12686567164179105,0.14925373134328357,0.7238805970149254,0.03731343283582089,0.3283582089552239,0.31343283582089554,0.029850746268656716,2.303030303030303,0.7347711771332799,1.99563519459755,2.4686700995943913,0.9287483926874787,0.7287963956077663,0.8650719562566423,1.1079934615877494,1.82860203535083,0.24479339153114404
137.0,745.0,0.12408759124087591,0.1678832116788321,0.708029197080292,0.0364963503649635,0.3284671532846715,0.30656934306569344,0.029197080291970802,2.411214953271028,0.7131285182545114,2.0293837776852097,2.4591917837475816,0.930701147728583,0.7381936928674737,0.8796397441700107,1.134707517021788,1.8571428571428572,0.24439270211026326
137.0,745.0,0.12408759124087591,0.17518248175182483,0.7007299270072993,0.0364963503649635,0.31386861313868614,0.29927007299270075,0.029197080291970802,2.330275229357798,0.7460394919489187,2.037426497940624,2.41578163139615,0.9390057755124087,0.7391319572656592,0.8797113677906131,1.1313710635298981,1.844012605042017,0.2419909355722879
134.0,745.0,0.12686567164179105,0.13432835820895522,0.7388059701492538,0.03731343283582089,0.34328358208955223,0.31343283582089554,0.029850746268656716,2.3222222222222224,0.7162288532914192,1.954242509439325,2.50222340458778,0.929904356380167,0.7269334231969208,0.8637171534006052,1.1071030478527204,1.8186274509803921,0.245263219700381
136.0,745.0,0.125,0.16911764705882354,0.7058823529411764,0.03676470588235294,0.3161764705882353,0.29411764705882354,0.029411764705882353,2.2752293577981653,0.7561055143032411,2.037426497940624,2.4112514481925227,0.9386180649107045,0.7349449203360887,0.8756121530612365,1.1213242487226769,1.8344017094017093,0.242057934727224
138.0,745.0,0.12318840579710146,0.1956521739130435,0.6811594202898551,0.036231884057971016,0.2971014492753623,0.30434782608695654,0.028985507246376812,2.2916666666666665,0.7712897997394188,2.0791812460476247,2.366493263083688,0.9346577905048669,0.7388459204476826,0.8849375569159789,1.136073049096022,1.853381517811048,0.24310395824606537
135.0,745.0,0.1259259259259259,0.16296296296296298,0.7111111111111111,0.037037037037037035,0.31851851851851853,0.3037037037037037,0.02962962962962963,2.1847826086956523,0.7834741989073789,1.9637878273455553,2.474227671923799,0.9373058750884421,0.7303975363026874,0.8708499755131714,1.114183250874431,1.802936194240542,0.250534360085016
136.0,745.0,0.125,0.16911764705882354,0.7058823529411764,0.03676470588235294,0.3161764705882353,0.3088235294117647,0.029411764705882353,2.292452830188679,0.7555128328565713,2.0253058652647704,2.4404315489368744,0.9310653048804238,0.7321309989225748,0.8746830098183925,1.1214358059717746,1.838421052631579,0.24515183402721916
135.0,745.0,0.1259259259259259,0.17777777777777778,0.6962962962962963,0.037037037037037035,0.3037037037037037,0.3111111111111111,0.02962962962962963,2.1634615384615383,0.7896241815071973,2.0170333392987803,2.425693895988574,0.9359446197060951,0.7280133101401219,0.87156269442542,1.1137930782713417,1.8210583742498636,0.25350643087140184
137.0,745.0,0.12408759124087591,0.20437956204379562,0.6715328467153285,0.0364963503649635,0.291970802919708,0.30656934306569344,0.029197080291970802,2.2635658914728682,0.7956854341242644,2.110589710299249,2.3578141992657637,0.9284219491730751,0.7372542343908728,0.881428588677054,1.1310925814936743,1.8625063419583967,0.2481383682507789
135.0,745.0,0.1259259259259259,0.17037037037037037,0.7037037037037037,0.037037037037037035,0.3111111111111111,0.31851851851851853,0.02962962962962963,2.2358490566037736,0.7628503790446889,2.0253058652647704,2.4100340351338736,0.9297993190464922,0.7293766794199465,0.8706360460677296,1.1139603118352075,1.8285101822079315,0.2467139851451614
135.0,745.0,0.1259259259259259,0.17037037037037037,0.7037037037037037,0.037037037037037035,0.3111111111111111,0.31851851851851853,0.02962962962962963,2.3008849557522124,0.7545688900696447,2.0530784434834195,2.4106600935486298,0.9274071949811057,0.7295469214342756,0.8709212736508232,1.1161320679690814,1.8505687693898656,0.2465149585085509
135.0,745.0,0.1259259259259259,0.17777777777777778,0.6962962962962963,0.037037037037037035,0.3037037037037037,0.31851851851851853,0.02962962962962963,2.2782608695652176,0.7671755681737694,2.060697840353612,2.4036281284530228,0.929927640229855,0.7323502011343278,0.871847618852756,1.1190211863747406,1.850491464045525,0.25112888635162434
134.0,745.0,0.12686567164179105,0.14925373134328357,0.7238805970149254,0.03731343283582089,0.3283582089552239,0.3208955223880597,0.029850746268656716,2.343137254901961,0.724331006320413,2.0086001717619175,2.4596824309462773,0.9282855095975937,0.7297260982696939,0.8654281308191198,1.111270696201202,1.8410526315789473,0.24722773686169533
136.0,745.0,0.125,0.17647058823529413,0.6985294117647058,0.03676470588235294,0.3161764705882353,0.3161764705882353,0.029411764705882353,2.233009708737864,0.7822025650980651,2.012837224705172,2.43812805715344,0.9313593216001937,0.7324726560545065,0.8744684519477133,1.1226064877807753,1.82860203535083,0.24946940730813694
138.0,745.0,0.12318840579710146,0.16666666666666666,0.7101449275362319,0.036231884057971016,0.32608695652173914,0.2971014492753623,0.028985507246376812,2.4380952380952383,0.6923178672430962,2.0211892990699383,2.4417023518771788,0.9382311754125847,0.7409901465145915,0.8831428970279322,1.1392526707806596,1.8534571723426212,0.2370057298609541
134.0,745.0,0.12686567164179105,0.14925373134328357,0.7238805970149254,0.03731343283582089,0.3283582089552239,0.3208955223880597,0.029850746268656716,2.3092783505154637,0.7410693953991425,1.9867717342662448,2.47588164620507,0.9292518342269167,0.7291346064616445,0.8650007037450419,1.1104384178788846,1.82860203535083,0.24706438263204852
135.0,745.0,0.1259259259259259,0.14814814814814814,0.725925925925926,0.037037037037037035,0.3333333333333333,0.3037037037037037,0.02962962962962963,2.336842105263158,0.7236215996533565,1.9777236052888478,2.493041570638354,0.9383914087087238,0.7340439482940402,0.8695656093810517,1.1180219518070653,1.828693790149893,0.2451950379373276
136.0,745.0,0.125,0.17647058823529413,0.6985294117647058,0.03676470588235294,0.3161764705882353,0.3088235294117647,0.029411764705882353,2.256880733944954,0.7746405346133928,2.037426497940624,2.4248527253084124,0.9311998556176443,0.7353703327460525,0.8751834402925309,1.124832987269332,1.841136244082062,0.24926706645284752
136.0,745.0,0.125,0.16176470588235295,0.7132352941176471,0.03676470588235294,0.3235294117647059,0.3088235294117647,0.029411764705882353,2.058139534883721,0.741296974113863,1.9344984512435677,2.4240267225974734,0.9363475062807485,0.7363053748714075,0.8742538414206127,1.1174687037548026,1.7767332549941246,0.2412076610813315
136.0,745.0,0.125,0.16911764705882354,0.7058823529411764,0.03676470588235294,0.3161764705882353,0.3088235294117647,0.029411764705882353,2.3106796116504853,0.7544524857190748,2.012837224705172,2.4515626594775375,0.9305367265193808,0.7337524534427149,0.8751834402925309,1.1257223540402639,1.838421052631579,0.2493234442075278
138.0,745.0,0.12318840579710146,0.18840579710144928,0.6884057971014492,0.036231884057971016,0.30434782608695654,0.30434782608695654,0.028985507246376812,2.3008849557522124,0.7545688900696447,2.0530784434834195,2.3836167581816303,0.9358787496306238,0.7422737090005513,0.8840047884736059,1.1391412553477744,1.8479834539813857,0.24104502631611927
136.0,745.0,0.125,0.16911764705882354,0.7058823529411764,0.03676470588235294,0.3161764705882353,0.3014705882352941,0.029411764705882353,2.2222222222222223,0.7633914067562569,1.99563519459755,2.425158438826919,0.9387602429940591,0.7361354555531449,0.8743253841160863,1.1205430370043177,1.8138504155124653,0.24294778084045648
137.0,745.0,0.12408759124087591,0.1897810218978102,0.6861313868613139,0.0364963503649635,0.30656934306569344,0.29927007299270075,0.029197080291970802,2.28099173553719,0.7769935702851491,2.0827853703164503,2.3967751220934037,0.9336145796121057,0.7371687697065864,0.8811426176000253,1.1313710635298981,1.8571428571428572,0.24586499765504813
137.0,745.0,0.12408759124087591,0.1897810218978102,0.6861313868613139,0.0364963503649635,0.30656934306569344,0.31386861313868614,0.029197080291970802,2.230088495575221,0.7792951205774049,2.0530784434834195,2.382244420922689,0.9318435755491421,0.7363991412011393,0.8794964794303514,1.1289738731437222,1.841136244082062,0.24594079489139153
136.0,745.0,0.125,0.17647058823529413,0.6985294117647058,0.03676470588235294,0.3161764705882353,0.3088235294117647,0.029411764705882353,2.2831858407079646,0.7730854987445781,2.0530784434834195,2.4276913675844676,0.9320889568886526,0.730848362191301,0.8751119677454001,1.1227179176220428,1.848062015503876,0.250417000876638
138.0,745.0,0.12318840579710146,0.1956521739130435,0.6811594202898551,0.036231884057971016,0.30434782608695654,0.30434782608695654,0.028985507246376812,2.260869565217391,0.7845767271161346,2.060697840353612,2.3961512520723858,0.9319904160196514,0.7394469304971468,0.8845071706344352,1.138639750988113,1.8505687693898656,0.24858067648045512
137.0,745.0,0.12408759124087591,0.17518248175182483,0.7007299270072993,0.0364963503649635,0.32116788321167883,0.29927007299270075,0.029197080291970802,2.287037037037037,0.7494661766999943,2.03342375548695,2.4159256857512528,0.9391061116079994,0.7369978106057188,0.8793531913499167,1.1285831509309758,1.838506049447659,0.24159032248326912
134.0,745.0,0.12686567164179105,0.1417910447761194,0.7313432835820896,0.03731343283582089,0.3358208955223881,0.31343283582089554,0.029850746268656716,2.351063829787234,0.7140291070918763,1.9731278535996986,2.4877574850804858,0.9348666174536403,0.730401502376687,0.8649294453636907,1.1114370770773907,1.828693790149893,0.24372674590870871
135.0,745.0,0.1259259259259259,0.18518518518518517,0.6888888888888889,0.037037037037037035,0.2962962962962963,0.3111111111111111,0.02962962962962963,2.2123893805309733,0.7956503116681655,2.0530784434834195,2.414677122487759,0.9364076824475676,0.7301424558935015,0.871633934263908,1.1168550482272024,1.8410526315789473,0.2534889450515409
135.0,745.0,0.1259259259259259,0.16296296296296298,0.7111111111111111,0.037037037037037035,0.31851851851851853,0.3037037037037037,0.02962962962962963,2.257425742574257,0.7701099317179938,2.0043213737826426,2.4724220119827844,0.9367453181737443,0.7308224724708721,0.8698511879645634,1.1151302445525753,1.828693790149893,0.24711451530884507
136.0,745.0,0.125,0.16176470588235295,0.7132352941176471,0.03676470588235294,0.3235294117647059,0.3088235294117647,0.029411764705882353,2.265957446808511,0.7502763922958137,1.9731278535996986,2.4497790681100877,0.936076271598584,0.735115114842504,0.8741107384631595,1.1214915804350063,1.8138504155124653,0.24377673126506186
138.0,745.0,0.12318840579710146,0.18840579710144928,0.6884057971014492,0.036231884057971016,0.30434782608695654,0.2971014492753623,0.028985507246376812,2.2522522522522523,0.7683331245858077,2.0453229787866576,2.3903123111192093,0.9369197193415472,0.7394469304971469,0.8841483553622815,1.1362964707212013,1.838506049447659,0.24407279954024594
134.0,745.0,0.12686567164179105,0.15671641791044777,0.7164179104477612,0.03731343283582089,0.3208955223880597,0.29850746268656714,0.029850746268656716,2.1649484536082473,0.7729867987652131,1.9867717342662448,2.4719959034408547,0.9379828140679712,0.7282041486389225,0.8672068093424906,1.1070473732151243,1.8078845086063298,0.25182853264530464
139.0,745.0,0.1223021582733813,0.2014388489208633,0.6762589928057554,0.03597122302158273,0.2949640287769784,0.302158273381295,0.02877697841726619,2.3130434782608695,0.7764654214610189,2.060697840353612,2.4043422926805755,0.9350395925335571,0.7451337678561142,0.8891414536730353,1.150037250219796,1.8570701932858595,0.2485814025609997
135.0,745.0,0.1259259259259259,0.17777777777777778,0.6962962962962963,0.037037037037037035,0.3037037037037037,0.31851851851851853,0.02962962962962963,2.118811881188119,0.7910389208233852,2.0043213737826426,2.424239158904529,0.9344417584054489,0.731501856893531,0.870992565952117,1.1146847006869884,1.8106607440310938,0.2547041451120683
135.0,745.0,0.1259259259259259,0.18518518518518517,0.6888888888888889,0.037037037037037035,0.2962962962962963,0.31851851851851853,0.02962962962962963,2.0388349514563107,0.7911561420600615,2.012837224705172,2.392644628088162,0.9317393608374825,0.7307375050058386,0.8719188354115888,1.1118960066623176,1.7968307866440294,0.2514793609260688
135.0,745.0,0.1259259259259259,0.17037037037037037,0.7037037037037037,0.037037037037037035,0.31851851851851853,0.3111111111111111,0.02962962962962963,2.2058823529411766,0.7622041421685947,2.0086001717619175,2.412377180975107,0.9344586575293601,0.7290360761282977,0.8704933972293462,1.1126775455088225,1.8183306055646482,0.2458010366015121
137.0,745.0,0.12408759124087591,0.18248175182481752,0.6934306569343066,0.0364963503649635,0.31386861313868614,0.29927007299270075,0.029197080291970802,2.3,0.772818029307041,2.041392685158225,2.44461260608256,0.9362508829831738,0.7350289229798928,0.879424838308444,1.1305354116278392,1.8479834539813857,0.24782872040778092
136.0,745.0,0.125,0.18382352941176472,0.6911764705882353,0.03676470588235294,0.3014705882352941,0.3014705882352941,0.029411764705882353,2.219298245614035,0.7843465453374138,2.0569048513364727,2.40830583497661,0.9356188336089886,0.7334113925001626,0.8763262082689154,1.121770411154541,1.838421052631579,0.2481152128653445
136.0,745.0,0.125,0.16911764705882354,0.7058823529411764,0.03676470588235294,0.3235294117647059,0.3014705882352941,0.029411764705882353,2.298076923076923,0.7617023307220046,2.0170333392987803,2.454325034990756,0.9362074621085167,0.7353703327460525,0.8751119677454001,1.1261667740411743,1.838506049447659,0.24758693079705263
137.0,745.0,0.12408759124087591,0.1678832116788321,0.708029197080292,0.0364963503649635,0.3284671532846715,0.291970802919708,0.029197080291970802,2.323529411764706,0.7467654966903434,2.0086001717619175,2.463807847142037,0.9370350885515748,0.7369978106057188,0.8792815385533429,1.1309254593563518,1.838506049447659,0.2429608045987802
139.0,745.0,0.1223021582733813,0.18705035971223022,0.6906474820143884,0.03597122302158273,0.31654676258992803,0.2949640287769784,0.02877697841726619,2.303921568627451,0.7680400114148669,2.0086001717619175,2.4318207304693793,0.9347547405597518,0.7447905634475754,0.8869821926894044,1.144856681846621,1.8344017094017093,0.24144491792281766
135.0,745.0,0.1259259259259259,0.17777777777777778,0.6962962962962963,0.037037037037037035,0.3037037037037037,0.31851851851851853,0.02962962962962963,2.118811881188119,0.7910389208233852,2.0043213737826426,2.4202465578305863,0.9332386640993735,0.7295469214342755,0.870992565952117,1.1130681091485382,1.8106607440310938,0.2514654085399984
138.0,745.0,0.12318840579710146,0.1956521739130435,0.6811594202898551,0.036231884057971016,0.2971014492753623,0.30434782608695654,0.028985507246376812,2.2782608695652176,0.7671755681737694,2.060697840353612,2.374175121673991,0.9319490906496901,0.7431281856458198,0.8841483553622815,1.1397539054488464,1.850491464045525,0.24338407594073663
135.0,745.0,0.1259259259259259,0.16296296296296298,0.7111111111111111,0.037037037037037035,0.32592592592592595,0.3037037037037037,0.02962962962962963,2.298076923076923,0.7617023307220046,2.0170333392987803,2.4742450484092124,0.9356546145029355,0.7280133101401219,0.8700653103889411,1.1147404034087585,1.838506049447659,0.2485988414168271
135.0,745.0,0.1259259259259259,0.14814814814814814,0.725925925925926,0.037037037037037035,0.3333333333333333,0.3111111111111111,0.02962962962962963,2.2934782608695654,0.7343688847322415,1.9637878273455553,2.4875488882614696,0.9293707319756287,0.7326892637991995,0.8689227144008344,1.115352949743268,1.8184296619411122,0.2440676660213602
135.0,745.0,0.1259259259259259,0.16296296296296298,0.7111111111111111,0.037037037037037035,0.31851851851851853,0.3037037037037037,0.02962962962962963,2.1649484536082473,0.7729867987652131,1.9867717342662448,2.4549158386471803,0.9354093745226691,0.731586735585716,0.8698511879645636,1.112231019127453,1.8079911209766926,0.24600154919608494
138.0,745.0,0.12318840579710146,0.1956521739130435,0.6811594202898551,0.036231884057971016,0.30434782608695654,0.30434782608695654,0.028985507246376812,2.234234234234234,0.7857243902048716,2.0453229787866576,2.402205669623586,0.931461335321905,0.739790145590476,0.8837893944124475,1.1362406194335233,1.838421052631579,0.24642982677078606
134.0,745.0,0.12686567164179105,0.16417910447761194,0.708955223880597,0.03731343283582089,0.3208955223880597,0.31343283582089554,0.029850746268656716,2.2358490566037736,0.7628503790446889,2.0253058652647704,2.425672305441293,0.936248057832159,0.7276961247397707,0.8659977054191806,1.1076596403171624,1.8312801285484734,0.24935802216192074
137.0,745.0,0.12408759124087591,0.18248175182481752,0.6934306569343066,0.0364963503649635,0.30656934306569344,0.30656934306569344,0.029197080291970802,2.1530612244897958,0.7779439040588998,1.9912260756924949,2.4125485926698027,0.9358643075153715,0.7373396891689892,0.8786364004363733,1.12729839587602,1.8106607440310938,0.24542367528568285
135.0,745.0,0.1259259259259259,0.17777777777777778,0.6962962962962963,0.037037037037037035,0.3111111111111111,0.3111111111111111,0.02962962962962963,2.234234234234234,0.7857243902048716,2.0453229787866576,2.4243167465960553,0.9315603750606967,0.7310773156153053,0.8718476188527562,1.1179108706108543,1.838421052631579,0.25259977127737687
137.0,745.0,0.12408759124087591,0.17518248175182483,0.7007299270072993,0.0364963503649635,0.31386861313868614,0.30656934306569344,0.029197080291970802,2.2268041237113403,0.7706214299616584,1.9867717342662448,2.440934413863942,0.934779266514731,0.7359712220454188,0.8777036971077661,1.1279688854322374,1.8185286103542235,0.2449428474849192
135.0,745.0,0.1259259259259259,0.17037037037037037,0.7037037037037037,0.037037037037037035,0.3111111111111111,0.31851851851851853,0.02962962962962963,2.2685185185185186,0.7686191220585438,2.03342375548695,2.428709035431166,0.9323392549008792,0.731501856893531,0.8704933972293462,1.117132992969946,1.841136244082062,0.24807997946713672
136.0,745.0,0.125,0.17647058823529413,0.6985294117647058,0.03676470588235294,0.3088235294117647,0.3161764705882353,0.029411764705882353,2.1862745098039214,0.7800785966603488,2.0086001717619175,2.4205627390954882,0.9299178275968275,0.7317891822780596,0.8743253841160863,1.119761280266577,1.8184296619411122,0.24814769891893526
137.0,745.0,0.12408759124087591,0.1897810218978102,0.6861313868613139,0.0364963503649635,0.29927007299270075,0.291970802919708,0.029197080291970802,2.2564102564102564,0.778524756032824,2.0681858617461617,2.4035199790621147,0.9391018430290095,0.7346859691261175,0.8816430061123789,1.1297549121791115,1.8479048111743404,0.24894742908938125
135.0,745.0,0.1259259259259259,0.14074074074074075,0.7333333333333334,0.037037037037037035,0.34074074074074073,0.2962962962962963,0.02962962962962963,2.438775510204082,0.6896334979218472,1.9912260756924949,2.506616377466807,0.9345547527539865,0.7310773156153053,0.8697798021091785,1.118133021967888,1.8441762854144805,0.24341211874283786
142.0,681.0,0.20422535211267606,0.22535211267605634,0.5704225352112676,0.035211267605633804,0.28169014084507044,0.3028169014084507,0.028169014084507043,2.2822085889570554,0.8352511447107326,2.2121876044039577,2.3718677915462094,0.9003641586484357,0.7649777553344594,0.9167308009051306,1.2018073154982065,1.8972194637537239,0.2404768568469137
142.0,681.0,0.16901408450704225,0.20422535211267606,0.6267605633802817,0.035211267605633804,0.3028169014084507,0.3028169014084507,0.028169014084507043,2.402684563758389,0.7703935733998487,2.173186268412274,2.4057372957289864,0.9001242089173047,0.7555101741233456,0.9197979786964012,1.1977644235006588,1.922855773838045,0.23237562128733494
142.0,681.0,0.19718309859154928,0.19718309859154928,0.6056338028169015,0.035211267605633804,0.31690140845070425,0.3028169014084507,0.028169014084507043,2.38,0.7914814925316537,2.1760912590556813,2.419392838480508,0.9018494012246698,0.7651822713541195,0.9136533265097537,1.1993962615333313,1.9009364218827007,0.23339519863295916
142.0,681.0,0.16901408450704225,0.22535211267605634,0.6056338028169014,0.035211267605633804,0.28169014084507044,0.3028169014084507,0.028169014084507043,2.3270440251572326,0.8073778102160507,2.2013971243204513,2.3596333677232,0.8979858343474568,0.7597439957544678,0.919968077626657,1.1993962615333313,1.9217474795967355,0.23846086527526958
142.0,681.0,0.1619718309859155,0.19014084507042253,0.647887323943662,0.035211267605633804,0.323943661971831,0.3028169014084507,0.028169014084507043,2.4475524475524475,0.7475624396016181,2.155336037465062,2.431685606286516,0.9028377461263357,0.7584041234970352,0.9177543324641785,1.2003091217877337,1.9233333333333333,0.23148399671019104
142.0,681.0,0.16901408450704225,0.21830985915492956,0.6126760563380282,0.035211267605633804,0.29577464788732394,0.3028169014084507,0.028169014084507043,2.3525641025641026,0.7935586420958418,2.1931245983544616,2.3617857994267455,0.9022612740347709,0.7593319791822034,0.91894701176046,1.2006349751036298,1.9193470955352856,0.23667545881362378
142.0,681.0,0.18309859154929578,0.19718309859154928,0.619718309859155,0.035211267605633804,0.31690140845070425,0.3028169014084507,0.028169014084507043,2.388157894736842,0.77245066372182,2.1818435879447726,2.3968698838077196,0.9007991760628725,0.7596410125617983,0.9153643118580447,1.1942320435221665,1.9154929577464788,0.2267363321472
142.0,681.0,0.176056338028169,0.2112676056338028,0.6126760563380282,0.035211267605633804,0.29577464788732394,0.3028169014084507,0.028169014084507043,2.3986486486486487,0.7801959013093636,2.1702617153949575,2.400962434805684,0.9042736812602337,0.7693628690518708,0.9178395752394971,1.2073927860573632,1.9132751937984496,0.23781118588778558
142.0,681.0,0.19718309859154928,0.19718309859154928,0.6056338028169015,0.035211267605633804,0.30985915492957744,0.3028169014084507,0.028169014084507043,2.384105960264901,0.7819712454416541,2.1789769472931693,2.405215092513477,0.907907615317685,0.7693628690518707,0.9145092193263255,1.2043434714515544,1.9023186975826345,0.23263790913417598
142.0,681.0,0.18309859154929578,0.2112676056338028,0.6056338028169015,0.035211267605633804,0.29577464788732394,0.3028169014084507,0.028169014084507043,2.3701298701298703,0.7834171728291659,2.187520720836463,2.373799492282569,0.9001285541684398,0.7674283504104887,0.918180467202403,1.2047331754136619,1.9103750608865075,0.23146929019440152
142.0,681.0,0.16901408450704225,0.2112676056338028,0.619718309859155,0.035211267605633804,0.29577464788732394,0.3028169014084507,0.028169014084507043,2.4081632653061225,0.774199560490212,2.167317334748176,2.4052949409586284,0.9023419729784072,0.7587135348037877,0.9198830320932307,1.202002594399096,1.9183869419107058,0.2365920600727009
142.0,681.0,0.20422535211267606,0.20422535211267606,0.591549295774648,0.035211267605633804,0.30985915492957744,0.3028169014084507,0.028169014084507043,2.3483870967741933,0.8025410001833442,2.1903316981702914,2.4022048266800566,0.9057652914981676,0.7671224541470624,0.9167308009051306,1.2018073154982065,1.9007936507936507,0.2303885530658483
142.0,681.0,0.176056338028169,0.2112676056338028,0.6126760563380282,0.035211267605633804,0.29577464788732394,0.3028169014084507,0.028169014084507043,2.384105960264901,0.7819712454416541,2.1789769472931693,2.384108094320493,0.9041346225829114,0.7693628690518708,0.9161332127451812,1.2061610127016207,1.914769975786925,0.23911115842098515
142.0,681.0,0.1619718309859155,0.20422535211267606,0.6338028169014085,0.035211267605633804,0.30985915492957744,0.3028169014084507,0.028169014084507043,2.4413793103448276,0.7441985068679735,2.161368002234975,2.397086076982216,0.8982727898917335,0.7673263985389224,0.9171574112023603,1.2045383391927103,1.9230401529636711,0.23047032646899032
142.0,681.0,0.176056338028169,0.2112676056338028,0.6126760563380282,0.035211267605633804,0.29577464788732394,0.3028169014084507,0.028169014084507043,2.384105960264901,0.7819712454416541,2.1789769472931693,2.3907834236251233,0.9021115517963288,0.776246906835171,0.9157915587177056,1.2093351369223013,1.9142026175472613,0.23570564176543193
142.0,681.0,0.19718309859154928,0.2112676056338028,0.591549295774648,0.035211267605633804,0.3028169014084507,0.3028169014084507,0.028169014084507043,2.3354430379746836,0.8029464807039064,2.1986570869544226,2.36950962220027,0.9057086197102378,0.7757428083945845,0.9144236660945486,1.2072631848877278,1.90320987654321,0.2323180862777816
142.0,681.0,0.15492957746478872,0.19718309859154928,0.647887323943662,0.035211267605633804,0.31690140845070425,0.3028169014084507,0.028169014084507043,2.4375,0.7546476045102157,2.1583624920952498,2.4242725063715422,0.8985079740337004,0.7570618798946674,0.9167308009051306,1.1990700715908467,1.9262062440870389,0.23524166017206674
142.0,681.0,0.19718309859154928,0.19014084507042253,0.6126760563380282,0.035211267605633804,0.31690140845070425,0.3028169014084507,0.028169014084507043,2.4275862068965517,0.7614389483278693,2.161368002234975,2.430688351102936,0.9070289940822077,0.7726100569403346,0.9162186063455915,1.207133569803756,1.9028599605522682,0.22994009436292748
142.0,681.0,0.1619718309859155,0.20422535211267606,0.6338028169014085,0.035211267605633804,0.3028169014084507,0.3028169014084507,0.028169014084507043,2.375,0.7874218136315386,2.1818435879447726,2.403274740034635,0.8997584866808647,0.7510441831774679,0.9176690817706126,1.1929211002384512,1.923882017126546,0.23484541451889024
142.0,681.0,0.16901408450704225,0.2112676056338028,0.619718309859155,0.035211267605633804,0.29577464788732394,0.3028169014084507,0.028169014084507043,2.357142857142857,0.7976974333321655,2.187520720836463,2.3871108380542414,0.9025773793435762,0.7577849218762553,0.9169867909001274,1.1975684535118287,1.9193470955352856,0.23828098678086632
142.0,681.0,0.1619718309859155,0.20422535211267606,0.6338028169014085,0.035211267605633804,0.3028169014084507,0.3028169014084507,0.028169014084507043,2.3933333333333335,0.7762987962306027,2.1760912590556813,2.397857322204126,0.8997814382963364,0.7594350042813492,0.9156206838972695,1.1991353166777838,1.9236641221374047,0.23653818050918968
142.0,681.0,0.1619718309859155,0.20422535211267606,0.6338028169014085,0.035211267605633804,0.3028169014084507,0.3028169014084507,0.028169014084507043,2.4178082191780823,0.7679515907432465,2.164352855784437,2.413432649316633,0.9006015804207972,0.7598469649896717,0.9214126507032275,1.2031085761335167,1.9223069590085795,0.23573361283343056
142.0,681.0,0.18309859154929578,0.2112676056338028,0.6056338028169015,0.035211267605633804,0.29577464788732394,0.3028169014084507,0.028169014084507043,2.366013071895425,0.7926606925489694,2.184691430817599,2.389447270206654,0.9042117978641315,0.7585072746232279,0.9197979786964013,1.2047981138187989,1.912050534499514,0.24171161696654614
142.0,681.0,0.16901408450704225,0.2112676056338028,0.619718309859155,0.035211267605633804,0.3028169014084507,0.3028169014084507,0.028169014084507043,2.3701298701298703,0.7834171728291659,2.187520720836463,2.3821951858078316,0.9041751691848614,0.7549922301644135,0.92056317636838,1.1984827059717724,1.9218600191754553,0.2351211997034622
142.0,681.0,0.20422535211267606,0.2112676056338028,0.5845070422535212,0.035211267605633804,0.29577464788732394,0.3028169014084507,0.028169014084507043,2.294478527607362,0.8235163639519157,2.2121876044039577,2.3735158403094987,0.9002835973543796,0.7633396545783127,0.9154497771819063,1.196457350607556,1.8999008919722498,0.2302848110911134
142.0,681.0,0.20422535211267606,0.18309859154929578,0.6126760563380282,0.035211267605633804,0.323943661971831,0.3028169014084507,0.028169014084507043,2.443661971830986,0.7581673301649297,2.1522883443830563,2.4499617711865063,0.9035978710356329,0.7723062130581334,0.9121964656906305,1.204668233507979,1.8971684053651268,0.22954393923850713
142.0,681.0,0.1619718309859155,0.2112676056338028,0.6267605633802817,0.035211267605633804,0.29577464788732394,0.3028169014084507,0.028169014084507043,2.357142857142857,0.7976974333321655,2.187520720836463,2.3911266235837965,0.8985948285721527,0.7564415795521449,0.9169014688428977,1.1974377890348256,1.9233333333333333,0.2388087059307796
142.0,681.0,0.15492957746478872,0.22535211267605634,0.6197183098591549,0.035211267605633804,0.28169014084507044,0.3028169014084507,0.028169014084507043,2.3741935483870966,0.7741638731919158,2.1903316981702914,2.345314823176698,0.8987519272663713,0.7641591438987974,0.919627848303804,1.202848436624422,1.927790973871734,0.235098503155881
142.0,681.0,0.16901408450704225,0.20422535211267606,0.6267605633802817,0.035211267605633804,0.3028169014084507,0.3028169014084507,0.028169014084507043,2.4081632653061225,0.774199560490212,2.167317334748176,2.418609269052654,0.901484439803571,0.7540590345173108,0.9191172681772334,1.1977644235006586,1.918504314477469,0.23431709709609239
142.0,681.0,0.1619718309859155,0.20422535211267606,0.6338028169014085,0.035211267605633804,0.3028169014084507,0.3028169014084507,0.028169014084507043,2.423611111111111,0.771701064546715,2.1583624920952498,2.4301997510307523,0.8940398822224742,0.7538515008269716,0.9179248100987745,1.1973724514492394,1.9218675559790377,0.237686011841985
142.0,681.0,0.19014084507042253,0.2112676056338028,0.5985915492957747,0.035211267605633804,0.29577464788732394,0.3028169014084507,0.028169014084507043,2.3525641025641026,0.7935586420958418,2.1931245983544616,2.3677200858317877,0.900940017342709,0.7689560064135811,0.9151933572667855,1.2038236699266116,1.9112309955860716,0.2350695344777395
142.0,681.0,0.18309859154929578,0.20422535211267606,0.6126760563380282,0.035211267605633804,0.3028169014084507,0.3028169014084507,0.028169014084507043,2.3933333333333335,0.7762987962306027,2.1760912590556813,2.392940191024831,0.9034932139442086,0.7669184555208659,0.9170721050192097,1.2068742978748683,1.9118363370677058,0.23749342723728323
142.0,681.0,0.18309859154929578,0.20422535211267606,0.6126760563380282,0.035211267605633804,0.3028169014084507,0.3028169014084507,0.028169014084507043,2.392156862745098,0.7629176519476076,2.184691430817599,2.3638210533481048,0.9012372946819444,0.7656933224143349,0.9165601011881658,1.2021978415798746,1.9133398247322297,0.22848049589142494
142.0,681.0,0.176056338028169,0.18309859154929578,0.6408450704225352,0.035211267605633804,0.323943661971831,0.3028169014084507,0.028169014084507043,2.451388888888889,0.7369362120122614,2.1583624920952498,2.430233686910602,0.9009142571993879,0.756027763246259,0.9161332127451812,1.1957378515014465,1.916144578313253,0.2263454887818262
142.0,681.0,0.15492957746478872,0.2112676056338028,0.6338028169014085,0.035211267605633804,0.29577464788732394,0.3028169014084507,0.028169014084507043,2.3973509933774833,0.7666330734554004,2.1789769472931693,2.392212419975475,0.9050541255103514,0.7564415795521449,0.9191172681772334,1.1967188793944277,1.9294507575757576,0.23282959612431722
142.0,681.0,0.18309859154929578,0.22535211267605634,0.5915492957746479,0.035211267605633804,0.28169014084507044,0.3028169014084507,0.028169014084507043,2.298780487804878,0.8153427375893145,2.214843848047698,2.352679346044735,0.9020626936572105,0.7562346997045577,0.9193725936848087,1.1953452149061337,1.9135502671199611,0.23596038191675242
142.0,681.0,0.18309859154929578,0.20422535211267606,0.6126760563380282,0.035211267605633804,0.30985915492957744,0.3028169014084507,0.028169014084507043,2.375,0.7874218136315386,2.1818435879447726,2.399861751919043,0.8953081939447944,0.7629295798273488,0.9197129174339865,1.2018073154982065,1.910948905109489,0.23208275969868702
142.0,681.0,0.1619718309859155,0.20422535211267606,0.6338028169014085,0.035211267605633804,0.3028169014084507,0.3028169014084507,0.028169014084507043,2.4275862068965517,0.7614389483278693,2.161368002234975,2.4090002356468045,0.8980799263838054,0.7636470661299561,0.9176690817706126,1.2039536413474055,1.9208015267175573,0.23647089545383068
142.0,681.0,0.18309859154929578,0.20422535211267606,0.6126760563380282,0.035211267605633804,0.30985915492957744,0.3028169014084507,0.028169014084507043,2.423611111111111,0.771701064546715,2.1583624920952498,2.4234280218087436,0.9044990623090512,0.7682434783102092,0.9176690817706126,1.2072631848877278,1.9083820662768032,0.23464591816330746
142.0,681.0,0.18309859154929578,0.19718309859154928,0.619718309859155,0.035211267605633804,0.30985915492957744,0.3028169014084507,0.028169014084507043,2.3945578231292517,0.7899871953986716,2.167317334748176,2.4317783693130997,0.90377366361068,0.7610815091911137,0.9140813730940982,1.2014166624742233,1.9086491739552964,0.23753214595214103
142.0,681.0,0.19014084507042253,0.21830985915492956,0.591549295774648,0.035211267605633804,0.2887323943661972,0.3028169014084507,0.028169014084507043,2.3227848101265822,0.8159944684289545,2.1986570869544226,2.3797295616553757,0.8994162868287605,0.7649777553344594,0.9157061252932374,1.2015468942612282,1.9059284664380205,0.23842809084524383
142.0,681.0,0.176056338028169,0.2112676056338028,0.6126760563380282,0.035211267605633804,0.29577464788732394,0.3028169014084507,0.028169014084507043,2.344155844155844,0.8115173404521382,2.187520720836463,2.4062946944227654,0.8998891307068874,0.756544998261435,0.9167308009051306,1.1967188793944274,1.9161041465766635,0.23721318808434463
142.0,681.0,0.16901408450704225,0.22535211267605634,0.6056338028169014,0.035211267605633804,0.28169014084507044,0.3028169014084507,0.028169014084507043,2.3270440251572326,0.8073778102160507,2.2013971243204513,2.35528277167095,0.9057389539278106,0.7568551696008601,0.9203931874190183,1.2011561565402307,1.9204218600191754,0.24029807997819636
142.0,681.0,0.16901408450704225,0.19014084507042253,0.6408450704225352,0.035211267605633804,0.31690140845070425,0.3028169014084507,0.028169014084507043,2.4452054794520546,0.7337275818609804,2.164352855784437,2.404579431084539,0.9028231309317781,0.7615953119786626,0.9158769841729048,1.1999179810022587,1.9189059500959693,0.2287324914436624
142.0,681.0,0.18309859154929578,0.19014084507042253,0.6267605633802817,0.035211267605633804,0.323943661971831,0.3028169014084507,0.028169014084507043,2.4577464788732395,0.740167121598437,2.1522883443830563,2.4239195399530242,0.9019391769085048,0.7731161980456754,0.9140813730940982,1.2105636805459035,1.9098440545808968,0.2336161796103041
142.0,681.0,0.16901408450704225,0.2112676056338028,0.619718309859155,0.035211267605633804,0.29577464788732394,0.3028169014084507,0.028169014084507043,2.361290322580645,0.7885863644056488,2.1903316981702914,2.3873248423857327,0.8989112358604817,0.7571652138791762,0.9182656704195543,1.194952449298585,1.9213806327900287,0.2311911452281494
142.0,681.0,0.14788732394366197,0.22535211267605634,0.6267605633802816,0.035211267605633804,0.28169014084507044,0.3028169014084507,0.028169014084507043,2.3933333333333335,0.7762987962306027,2.1760912590556813,2.3784836525512594,0.9032071598887741,0.7587135348037877,0.9226006007708085,1.2038886573909675,1.9321394910461829,0.24024417381032392
142.0,681.0,0.18309859154929578,0.22535211267605634,0.5915492957746479,0.035211267605633804,0.28169014084507044,0.3028169014084507,0.028169014084507043,2.33125,0.798755911583325,2.2041199826559246,2.351325291329526,0.9054099073358076,0.7661019178060483,0.9201381451120196,1.202002594399096,1.914313534566699,0.23284841802901182
142.0,681.0,0.19718309859154928,0.19718309859154928,0.6056338028169015,0.035211267605633804,0.30985915492957744,0.3028169014084507,0.028169014084507043,2.3529411764705883,0.8068015819082529,2.184691430817599,2.425805512191722,0.9018926678137357,0.7597439957544678,0.9139101785183764,1.1947560180754626,1.903638151425762,0.23125958592414514
142.0,681.0,0.176056338028169,0.19014084507042253,0.6338028169014085,0.035211267605633804,0.31690140845070425,0.3028169014084507,0.028169014084507043,2.4178082191780823,0.7679515907432465,2.164352855784437,2.4301205610899768,0.8958430440093919,0.7635446093646651,0.9131394057470276,1.1986785264909745,1.915901401643306,0.2300976799373286
142.0,681.0,0.1619718309859155,0.19718309859154928,0.6408450704225352,0.035211267605633804,0.30985915492957744,0.3028169014084507,0.028169014084507043,2.4121621621621623,0.7642439156710319,2.1702617153949575,2.4043099817338467,0.9021457273156425,0.7549922301644136,0.9151078679949153,1.1958687017191296,1.9238095238095239,0.23337130726763317
142.0,681.0,0.18309859154929578,0.22535211267605634,0.5915492957746479,0.035211267605633804,0.28169014084507044,0.3028169014084507,0.028169014084507043,2.3270440251572326,0.8073778102160507,2.2013971243204513,2.3631563962488573,0.9004970731164293,0.7599499202730836,0.919287493061709,1.201221288320162,1.9105058365758756,0.23924912790982714
142.0,681.0,0.19014084507042253,0.18309859154929578,0.6267605633802817,0.035211267605633804,0.33098591549295775,0.3028169014084507,0.028169014084507043,2.3529411764705883,0.8068015819082529,2.184691430817599,2.440854121528655,0.898687595959192,0.7539552748128553,0.9131394057470276,1.189900449582984,1.9078947368421053,0.22973715742930373
142.0,681.0,0.19718309859154928,0.19718309859154928,0.6056338028169015,0.035211267605633804,0.31690140845070425,0.3028169014084507,0.028169014084507043,2.38,0.7914814925316537,2.1760912590556813,2.421663182058075,0.9033155307198009,0.7724075076326263,0.9144236660945486,1.2046032881011839,1.9042920572274298,0.23198972759323516
142.0,681.0,0.19014084507042253,0.21830985915492956,0.591549295774648,0.035211267605633804,0.2887323943661972,0.3028169014084507,0.028169014084507043,2.33974358974359,0.8071998183429162,2.1931245983544616,2.382997977119199,0.8989356617066271,0.7688542571127982,0.9174985566199099,1.205187670769843,1.9058823529411764,0.23631202988638297
142.0,681.0,0.176056338028169,0.19718309859154928,0.6267605633802817,0.035211267605633804,0.30985915492957744,0.3028169014084507,0.028169014084507043,2.4315068493150687,0.7511603368635096,2.164352855784437,2.4060248996658102,0.8945632235590605,0.7682434783102093,0.9146803017836049,1.200830444650387,1.914811229428848,0.22662369660813922
142.0,681.0,0.20422535211267606,0.2112676056338028,0.5845070422535212,0.035211267605633804,0.3028169014084507,0.3028169014084507,0.028169014084507043,2.3270440251572326,0.8073778102160506,2.2013971243204513,2.3700874974888095,0.9020891814210609,0.7700743614152342,0.9151078679949155,1.2036936844718735,1.9000994035785288,0.2323287431299963
142.0,681.0,0.18309859154929578,0.19718309859154928,0.619718309859155,0.035211267605633804,0.30985915492957744,0.3028169014084507,0.028169014084507043,2.423611111111111,0.771701064546715,2.1583624920952498,2.431084514768495,0.8971039538307848,0.7679379067405235,0.9139101785183764,1.205187670769843,1.9084266926449098,0.23638744674975992
142.0,681.0,0.1619718309859155,0.21830985915492956,0.619718309859155,0.035211267605633804,0.29577464788732394,0.3028169014084507,0.028169014084507043,2.366013071895425,0.7926606925489694,2.184691430817599,2.38130420407695,0.9003914000745797,0.7646708787441798,0.9186915679738914,1.2045383391927103,1.922673031026253,0.2402050274561479
142.0,681.0,0.15492957746478872,0.2112676056338028,0.6338028169014085,0.035211267605633804,0.29577464788732394,0.3028169014084507,0.028169014084507043,2.3741935483870966,0.7741638731919158,2.1903316981702914,2.3729064305172343,0.9011200610205844,0.7527090427180482,0.9209880114750107,1.1943630587108893,1.9290444654683065,0.23068471365931828
142.0,681.0,0.19718309859154928,0.19718309859154928,0.6056338028169015,0.035211267605633804,0.30985915492957744,0.3028169014084507,0.028169014084507043,2.402684563758389,0.7703935733998488,2.173186268412274,2.4048666464613473,0.899365237079364,0.7712925356424036,0.9147658310135971,1.2053174951081316,1.9022222222222223,0.2289011870085551
142.0,681.0,0.16901408450704225,0.20422535211267606,0.6267605633802817,0.035211267605633804,0.30985915492957744,0.3028169014084507,0.028169014084507043,2.3986486486486487,0.7801959013093634,2.1702617153949575,2.416092455750083,0.8996702034301494,0.7568551696008601,0.9163039919878712,1.1973724514492394,1.917505995203837,0.23504718376127692
142.0,681.0,0.18309859154929578,0.21830985915492956,0.5985915492957747,0.035211267605633804,0.2887323943661972,0.3028169014084507,0.028169014084507043,2.31875,0.8116438401604735,2.2041199826559246,2.373085986853927,0.9025318475021006,0.7626218790582807,0.9174132821583558,1.1967842526613164,1.914438502673797,0.2349267365096964
142.0,681.0,0.19014084507042253,0.22535211267605634,0.5845070422535211,0.035211267605633804,0.28169014084507044,0.3028169014084507,0.028169014084507043,2.294478527607362,0.8235163639519156,2.2121876044039577,2.3566910935020915,0.904991172786467,0.7642615182797009,0.919883032093231,1.2021327627097844,1.908957415565345,0.23743476097053257
142.0,681.0,0.18309859154929578,0.2112676056338028,0.6056338028169015,0.035211267605633804,0.29577464788732394,0.3028169014084507,0.028169014084507043,2.3529411764705883,0.8068015819082529,2.184691430817599,2.406565271679394,0.8993309842114117,0.7635446093646651,0.9154497771819063,1.1976991037338278,1.9119221411192213,0.23351436891942146
142.0,681.0,0.19718309859154928,0.2112676056338028,0.591549295774648,0.035211267605633804,0.3028169014084507,0.3028169014084507,0.028169014084507043,2.33974358974359,0.8071998183429162,2.1931245983544616,2.3873822117692045,0.9016603989124161,0.7758436542854288,0.9149368654875034,1.204992908036594,1.902619871478003,0.23336261049390103
142.0,681.0,0.14788732394366197,0.19718309859154928,0.6549295774647887,0.035211267605633804,0.31690140845070425,0.3028169014084507,0.028169014084507043,2.4475524475524475,0.7475624396016181,2.155336037465062,2.425148386898824,0.9062314269149443,0.7574751312524065,0.9158769841729048,1.1975684535118287,1.92984934086629,0.2358484242249532
142.0,681.0,0.1619718309859155,0.21830985915492956,0.619718309859155,0.035211267605633804,0.29577464788732394,0.3028169014084507,0.028169014084507043,2.361290322580645,0.7885863644056488,2.1903316981702914,2.3741684279188067,0.8981664618209015,0.7606702170825546,0.9187767237938593,1.198025666953788,1.9241412213740459,0.23368647149631103
142.0,681.0,0.1619718309859155,0.19718309859154928,0.6408450704225352,0.035211267605633804,0.31690140845070425,0.3028169014084507,0.028169014084507043,2.4275862068965517,0.7614389483278693,2.161368002234975,2.423121943793337,0.8995488868787059,0.7621087683678294,0.9153643118580447,1.1990048229535308,1.9242135367016207,0.23305952022351956
142.0,681.0,0.16901408450704225,0.19718309859154928,0.6338028169014085,0.035211267605633804,0.30985915492957744,0.3028169014084507,0.028169014084507043,2.3973509933774833,0.7666330734554003,2.1789769472931693,2.402090914056333,0.8959398144878092,0.7644662259127573,0.9140813730940982,1.1963265647743306,1.9212674027844454,0.22618577933942705
142.0,681.0,0.19718309859154928,0.21830985915492956,0.5845070422535212,0.035211267605633804,0.2887323943661972,0.3028169014084507,0.028169014084507043,2.302469135802469,0.8197068569553516,2.2095150145426308,2.3621630815571155,0.9016329201644673,0.778360555187141,0.915962401661065,1.2093351369223013,1.9036085022244191,0.23558626748727587
142.0,681.0,0.19014084507042253,0.20422535211267606,0.6056338028169015,0.035211267605633804,0.30985915492957744,0.3028169014084507,0.028169014084507043,2.370860927152318,0.7967926877152351,2.1789769472931693,2.4104829809823536,0.8991792525772171,0.7712925356424036,0.9140813730940982,1.20375867895377,1.9058361942128494,0.2348275795483989
142.0,681.0,0.16901408450704225,0.19718309859154928,0.6338028169014085,0.035211267605633804,0.30985915492957744,0.3028169014084507,0.028169014084507043,2.4375,0.7546476045102157,2.1583624920952498,2.421942081695643,0.9040855346895823,0.7685489283860338,0.9168161388453044,1.2057717702148678,1.9173076923076924,0.2327490817508727
142.0,681.0,0.176056338028169,0.176056338028169,0.647887323943662,0.035211267605633804,0.33098591549295775,0.3028169014084507,0.028169014084507043,2.4963503649635035,0.7187007025676192,2.1367205671564067,2.463227446785423,0.9040507364644492,0.7601557890072057,0.9158769841729048,1.2029134767758098,1.914175506268081,0.2308751202573435
142.0,681.0,0.18309859154929578,0.19014084507042253,0.6267605633802817,0.035211267605633804,0.31690140845070425,0.3028169014084507,0.028169014084507043,2.3933333333333335,0.7762987962306026,2.1760912590556813,2.4184653426393465,0.8990556800373909,0.7586104117235722,0.913225079291565,1.1941665305375457,1.9112081513828238,0.22949939413604564
142.0,681.0,0.16901408450704225,0.176056338028169,0.6549295774647887,0.035211267605633804,0.33098591549295775,0.3028169014084507,0.028169014084507043,2.5185185185185186,0.7002329234208892,2.130333768495006,2.4592470979389156,0.8938045009806617,0.7658976473576635,0.912882336870904,1.201025882384055,1.9189059500959693,0.2256831271216975
142.0,681.0,0.19014084507042253,0.19718309859154928,0.6126760563380282,0.035211267605633804,0.31690140845070425,0.3028169014084507,0.028169014084507043,2.389261744966443,0.785952764862006,2.173186268412274,2.4187742992131085,0.8975515644465868,0.7634421388492963,0.9149368654875036,1.200830444650387,1.9065557729941291,0.23367890420708803
142.0,681.0,0.1619718309859155,0.19718309859154928,0.6408450704225352,0.035211267605633804,0.30985915492957744,0.3028169014084507,0.028169014084507043,2.4375,0.7546476045102157,2.1583624920952498,2.4217471466774265,0.9010438874235027,0.7570618798946676,0.9170721050192097,1.1994614888770636,1.9213161659513591,0.23411740294108604
142.0,681.0,0.19014084507042253,0.19718309859154928,0.6126760563380282,0.035211267605633804,0.31690140845070425,0.3028169014084507,0.028169014084507043,2.389261744966443,0.7859527648620062,2.173186268412274,2.4200248826700914,0.9003933970096051,0.7676322135318874,0.9142525356134884,1.2052525846869981,1.905484818805093,0.23544639171627604
142.0,681.0,0.15492957746478872,0.21830985915492956,0.6267605633802817,0.035211267605633804,0.2887323943661972,0.3028169014084507,0.028169014084507043,2.339622641509434,0.7942051888622758,2.2013971243204513,2.371756843669835,0.9058033341081952,0.7442423948865166,0.9227701830795998,1.1899661974345477,1.9333963155408598,0.23271660208957545
142.0,681.0,0.1619718309859155,0.21830985915492956,0.619718309859155,0.035211267605633804,0.2887323943661972,0.3028169014084507,0.028169014084507043,2.33974358974359,0.8071998183429162,2.1931245983544616,2.3947872623230486,0.9066657304184165,0.7485399509895877,0.9211578906565343,1.191149038189491,1.9252736792003808,0.23451491783174816
142.0,681.0,0.1619718309859155,0.20422535211267606,0.6338028169014085,0.035211267605633804,0.30985915492957744,0.3028169014084507,0.028169014084507043,2.4081632653061225,0.774199560490212,2.167317334748176,2.4111638735176837,0.9012657371371006,0.7583009583392701,0.9173279997697207,1.1978297397054873,1.9223069590085795,0.2340675542011969
142.0,681.0,0.176056338028169,0.19014084507042253,0.6338028169014085,0.035211267605633804,0.31690140845070425,0.3028169014084507,0.028169014084507043,2.443661971830986,0.7581673301649297,2.1522883443830563,2.446780138452101,0.8984462914895339,0.75582077013075,0.9151078679949155,1.1946250459828114,1.9155812831644958,0.23007431322114574
142.0,681.0,0.19014084507042253,0.20422535211267606,0.6056338028169015,0.035211267605633804,0.3028169014084507,0.3028169014084507,0.028169014084507043,2.357142857142857,0.7976974333321655,2.187520720836463,2.3923534275052067,0.9027632129280673,0.7644662259127574,0.9146803017836049,1.2005698115157832,1.9079333986287954,0.23292217084650865
142.0,681.0,0.176056338028169,0.2112676056338028,0.6126760563380282,0.035211267605633804,0.29577464788732394,0.3028169014084507,0.028169014084507043,2.3525641025641026,0.7935586420958418,2.1931245983544616,2.37957648967687,0.8970607027067579,0.7603616020021452,0.9167308009051306,1.1959341214592245,1.9174311926605505,0.23158054065255235
142.0,681.0,0.1619718309859155,0.2112676056338028,0.6267605633802817,0.035211267605633804,0.29577464788732394,0.3028169014084507,0.028169014084507043,2.3933333333333335,0.7762987962306027,2.1760912590556813,2.3894024242913514,0.8981326760499676,0.7604644876115645,0.918095256078024,1.200960740006661,1.9232236528373867,0.23602035761497867
142.0,681.0,0.176056338028169,0.2112676056338028,0.6126760563380282,0.035211267605633804,0.29577464788732394,0.3028169014084507,0.028169014084507043,2.3790849673202614,0.7780418736846637,2.184691430817599,2.373326524123105,0.9006712134665892,0.7661019178060483,0.9174132821583558,1.203043546529787,1.9162633107454017,0.23319076226758775
142.0,681.0,0.19014084507042253,0.2112676056338028,0.5985915492957747,0.035211267605633804,0.3028169014084507,0.3028169014084507,0.028169014084507043,2.3529411764705883,0.8068015819082529,2.184691430817599,2.400696237389061,0.9042858718064076,0.7681416346267909,0.9186915679738914,1.2063555868476554,1.9063266307013242,0.23596581170044154
142.0,681.0,0.14788732394366197,0.19718309859154928,0.6549295774647887,0.035211267605633804,0.31690140845070425,0.3028169014084507,0.028169014084507043,2.4413793103448276,0.7441985068679735,2.161368002234975,2.4136831659835316,0.8956454353795436,0.7508358161719569,0.9176690817706126,1.1939044426501968,1.9304184297132112,0.23061845051590923
142.0,681.0,0.19014084507042253,0.19718309859154928,0.6126760563380282,0.035211267605633804,0.30985915492957744,0.3028169014084507,0.028169014084507043,2.3973509933774833,0.7666330734554004,2.1789769472931693,2.384787115858348,0.901554687947991,0.7702775242386226,0.9139957798144043,1.2034986799661738,1.9082883766552232,0.2301947334850023
142.0,681.0,0.16901408450704225,0.21830985915492956,0.6126760563380282,0.035211267605633804,0.2887323943661972,0.3028169014084507,0.028169014084507043,2.3483870967741933,0.8025410001833442,2.1903316981702914,2.3855269863849062,0.8996674200310826,0.7639543539806823,0.9177543324641785,1.2039536413474055,1.9202306583373379,0.24028416009315895
142.0,681.0,0.176056338028169,0.21830985915492956,0.6056338028169015,0.035211267605633804,0.2887323943661972,0.3028169014084507,0.028169014084507043,2.33974358974359,0.8071998183429162,2.1931245983544616,2.3874157299677625,0.9102062123494296,0.7566484028354552,0.920903060132631,1.1984174253549436,1.916988416988417,0.23546683223088635
142.0,681.0,0.176056338028169,0.22535211267605634,0.5985915492957746,0.035211267605633804,0.28169014084507044,0.3028169014084507,0.028169014084507043,2.343949044585987,0.7983426405659892,2.1958996524092336,2.3652512548891447,0.9051347779433564,0.760875890927372,0.920903060132631,1.2029134767758096,1.9163442940038684,0.23998109815871366
142.0,681.0,0.1619718309859155,0.21830985915492956,0.619718309859155,0.035211267605633804,0.29577464788732394,0.3028169014084507,0.028169014084507043,2.366013071895425,0.7926606925489694,2.184691430817599,2.3836033419921776,0.89906420726178,0.7530207940997861,0.9203931874190181,1.1980909689164332,1.9218303145853193,0.23878769046054352
142.0,681.0,0.19014084507042253,0.19718309859154928,0.6126760563380282,0.035211267605633804,0.31690140845070425,0.3028169014084507,0.028169014084507043,2.389261744966443,0.7859527648620062,2.173186268412274,2.4210957517283833,0.9046803228955717,0.7648754768179572,0.9142525356134884,1.2001135673300625,1.9050880626223092,0.2310589428887957
142.0,681.0,0.19718309859154928,0.22535211267605634,0.5774647887323944,0.035211267605633804,0.28169014084507044,0.3028169014084507,0.028169014084507043,2.31875,0.8116438401604735,2.2041199826559246,2.3558462782724434,0.9027085041560733,0.7693628690518708,0.9185212326496464,1.2062258742376777,1.9041975308641976,0.2380766003577692
142.0,681.0,0.176056338028169,0.2112676056338028,0.6126760563380282,0.035211267605633804,0.3028169014084507,0.3028169014084507,0.028169014084507043,2.370860927152318,0.7967926877152351,2.1789769472931693,2.4025046174126086,0.8965491870347871,0.7655911394934322,0.9160478111844144,1.2033686594066761,1.9129593810444874,0.2385465648533611
142.0,681.0,0.176056338028169,0.19718309859154928,0.6267605633802817,0.035211267605633804,0.30985915492957744,0.3028169014084507,0.028169014084507043,2.3986486486486487,0.7801959013093634,2.1702617153949575,2.4254957226824305,0.9010505328294813,0.7629295798273488,0.9146803017836049,1.1986132565392071,1.9144927536231884,0.23245751174367754
142.0,681.0,0.16901408450704225,0.20422535211267606,0.6267605633802817,0.035211267605633804,0.3028169014084507,0.3028169014084507,0.028169014084507043,2.4121621621621623,0.7642439156710318,2.1702617153949575,2.3944709341441954,0.90348063701943,0.7584041234970353,0.9202231670683143,1.2029134767758096,1.9199424736337487,0.2349370427218512
142.0,681.0,0.20422535211267606,0.2112676056338028,0.5845070422535212,0.035211267605633804,0.29577464788732394,0.3028169014084507,0.028169014084507043,2.294478527607362,0.8235163639519156,2.2121876044039577,2.377948137564706,0.9035918325490709,0.7658976473576635,0.9146803017836049,1.1953452149061339,1.900396432111001,0.23027863424914194
136.0,637.0,0.11764705882352941,0.19852941176470587,0.6838235294117647,0.03676470588235294,0.3602941176470588,0.29411764705882354,0.029411764705882353,2.07,0.7282884321503675,2.0,2.283945953634527,0.868622097616579,0.647893924873998,0.9853870079380629,1.1432712462614476,1.891064871481028,0.2649937595000727
142.0,637.0,0.11971830985915492,0.2112676056338028,0.6690140845070423,0.028169014084507043,0.352112676056338,0.2887323943661972,0.014084507042253521,2.243478260869565,0.7561595527797733,2.060697840353612,2.2848329287926186,0.8628431470430419,0.6673437397716154,1.0094011749501492,1.1802126039386542,1.9152833428734974,0.25643029549827456
141.0,637.0,0.11347517730496454,0.19858156028368795,0.6879432624113475,0.03546099290780142,0.3546099290780142,0.2907801418439716,0.014184397163120567,2.3529411764705883,0.7545144953074875,2.0755469613925306,2.344270131748017,0.8677375206463268,0.6629796534337924,1.0073674948908886,1.1691482012416428,1.9,0.24561938731230148
137.0,637.0,0.11678832116788321,0.1897810218978102,0.6934306569343066,0.029197080291970802,0.35766423357664234,0.291970802919708,0.014598540145985401,2.13265306122449,0.7411019254863696,1.9912260756924949,2.3396483418277807,0.8678810824320643,0.6541947919139387,0.9870304201934095,1.1523981594318664,1.866910866910867,0.27070455865264564
140.0,637.0,0.12142857142857143,0.18571428571428572,0.6928571428571428,0.02857142857142857,0.35,0.29285714285714287,0.014285714285714285,2.308333333333333,0.753655888903916,2.0791812460476247,2.363238071743541,0.8738552339597033,0.6598463764267279,0.9991397262565942,1.1655612161438826,1.9419966536530953,0.24335186039700618
139.0,637.0,0.11510791366906475,0.2014388489208633,0.683453237410072,0.02877697841726619,0.3669064748201439,0.28776978417266186,0.014388489208633094,2.2975206611570247,0.759875297874302,2.0827853703164503,2.2544152962244577,0.8650451278699017,0.6475566856888716,0.9990684027819192,1.157791597454563,1.9088351153629712,0.24777662764963543
139.0,637.0,0.1223021582733813,0.16546762589928057,0.7122302158273381,0.03597122302158273,0.3597122302158273,0.2949640287769784,0.014388489208633094,2.29,0.7425726505966548,2.0,2.4287732663307886,0.8732490046159246,0.6656575646218055,0.9955613988205302,1.1627328980206595,1.9391252955082743,0.24375660669751217
137.0,637.0,0.10948905109489052,0.17518248175182483,0.7153284671532847,0.029197080291970802,0.3722627737226277,0.291970802919708,0.029197080291970802,2.298076923076923,0.7617023307220044,2.0170333392987803,2.3748713389214506,0.8703561832406721,0.6498367575404292,0.9859830118853843,1.1497800130612763,1.9684560044272275,0.24830910693928354
137.0,637.0,0.10948905109489052,0.1678832116788321,0.7226277372262774,0.0364963503649635,0.35766423357664234,0.29927007299270075,0.014598540145985401,2.2386363636363638,0.7580118911786504,1.9444826721501687,2.4470150153851686,0.8719505792502954,0.6577452490867303,0.9864155918488188,1.1496825262532644,1.8768028846153846,0.25122235948174004
136.0,637.0,0.11029411764705882,0.17647058823529413,0.713235294117647,0.03676470588235294,0.3602941176470588,0.29411764705882354,0.014705882352941176,2.3425925925925926,0.7382985875854016,2.03342375548695,2.4378016403624745,0.8659686902071467,0.6385617447926866,0.9846034731601737,1.1401166084846897,1.9540229885057472,0.2576260777883976
138.0,637.0,0.12318840579710146,0.16666666666666666,0.7101449275362319,0.028985507246376812,0.35507246376811596,0.30434782608695654,0.028985507246376812,2.217821782178218,0.7563591791740164,2.0043213737826426,2.426786610545116,0.8675922654152731,0.6690695016999746,0.9893379377464474,1.1543427731979399,1.9211469534050178,0.2529534779182583
138.0,637.0,0.11594202898550725,0.17391304347826086,0.7101449275362319,0.028985507246376812,0.3695652173913043,0.2826086956521739,0.028985507246376812,2.2685185185185186,0.7686191220585437,2.03342375548695,2.3409004740786648,0.8701157105655638,0.6562430075185068,0.991264688423222,1.1546432693212771,1.9088286208886325,0.24228177555565336
137.0,637.0,0.11678832116788321,0.1678832116788321,0.7153284671532847,0.0364963503649635,0.3795620437956204,0.291970802919708,0.029197080291970802,2.257425742574257,0.7701099317179938,2.0043213737826426,2.38531801382759,0.8666485733911147,0.6446128872389536,0.9871158916477826,1.138356805564796,1.981534910559723,0.2499535885572712
139.0,637.0,0.1223021582733813,0.17266187050359713,0.7050359712230215,0.02877697841726619,0.3669064748201439,0.2949640287769784,0.014388489208633094,2.2718446601941746,0.7435233392605295,2.012837224705172,2.417374999876826,0.862001891677214,0.6521270868244423,0.9929290532617134,1.1595256228176456,1.8910439247005133,0.2484330443219551
137.0,637.0,0.11678832116788321,0.1678832116788321,0.7153284671532847,0.0364963503649635,0.36496350364963503,0.29927007299270075,0.014598540145985401,2.2604166666666665,0.7433181888159077,1.9822712330395684,2.434920958726436,0.8717587205318387,0.6474207994882741,0.9874658553054718,1.151409286184921,1.907514450867052,0.25771940535210797
140.0,637.0,0.11428571428571428,0.17142857142857143,0.7142857142857142,0.02857142857142857,0.35,0.29285714285714287,0.014285714285714285,2.4017857142857144,0.7408276529163927,2.0492180226701815,2.4495681198512185,0.8696156325228992,0.6614444129241083,0.999403852459235,1.1716592410713083,1.8806752037252619,0.23488391197329572
138.0,637.0,0.12318840579710146,0.15942028985507245,0.7173913043478262,0.028985507246376812,0.3695652173913043,0.2971014492753623,0.014492753623188406,2.2526315789473683,0.7574933614291168,1.9777236052888478,2.4362175059098488,0.8669167956889587,0.653328981039829,0.9881098675366187,1.1492223174850984,1.865561694290976,0.24038123324535415
139.0,637.0,0.11510791366906475,0.18705035971223022,0.6978417266187051,0.03597122302158273,0.3597122302158273,0.28776978417266186,0.014388489208633094,2.2596153846153846,0.7503422171701469,2.0170333392987803,2.3501334475893327,0.8678264843137378,0.6561106385807182,0.9959134222206452,1.1597898931256876,1.9405997693194925,0.2563272215806189
137.0,637.0,0.12408759124087591,0.15328467153284672,0.7226277372262774,0.029197080291970802,0.35766423357664234,0.30656934306569344,0.029197080291970802,2.21505376344086,0.7496297979900451,1.968482948553935,2.480836884926986,0.8565670824043261,0.6574771019918348,0.9824835863893898,1.1523234378016018,1.9179104477611941,0.2375304842972708
138.0,637.0,0.12318840579710146,0.18115942028985507,0.6956521739130435,0.036231884057971016,0.35507246376811596,0.30434782608695654,0.028985507246376812,2.095744680851064,0.7342489240702258,1.9731278535996986,2.3668490259493464,0.8707528874944811,0.6616461409733663,0.9909984618424319,1.1628724072411396,1.9136094674556212,0.25800960658732963
139.0,637.0,0.1223021582733813,0.19424460431654678,0.6834532374100719,0.02877697841726619,0.3597122302158273,0.2805755395683453,0.014388489208633094,2.25,0.7445453821540743,2.0644579892269186,2.3102396812775794,0.8739560023485815,0.6585254188602849,0.9978435547279005,1.1532557807107073,1.8879363135333742,0.26172116609526436
141.0,637.0,0.11347517730496454,0.19148936170212766,0.6950354609929079,0.028368794326241134,0.3475177304964539,0.28368794326241137,0.028368794326241134,2.3421052631578947,0.7505625898024709,2.0569048513364727,2.367237747342988,0.8783746246504907,0.6705781931952159,1.005689229828659,1.1755498124836337,1.9296338672768878,0.2405915978327564
139.0,637.0,0.11510791366906475,0.2014388489208633,0.683453237410072,0.02877697841726619,0.35251798561151076,0.2949640287769784,0.014388489208633094,2.346774193548387,0.7330119935875857,2.093421685162235,2.341607903317834,0.8683188560452473,0.6426820121522936,0.9999423756744698,1.1644871858907453,1.9312197743148845,0.27213894447067
139.0,637.0,0.11510791366906475,0.18705035971223022,0.6978417266187051,0.03597122302158273,0.3597122302158273,0.2949640287769784,0.02877697841726619,2.256880733944954,0.7746405346133928,2.037426497940624,2.357388114270997,0.861493439213545,0.6510155417117219,0.9967050202889349,1.1640134176739303,1.9521998913633896,0.24798047925439187
138.0,637.0,0.11594202898550725,0.18115942028985507,0.7028985507246377,0.036231884057971016,0.35507246376811596,0.2971014492753623,0.028985507246376812,2.284313725490196,0.7362932446966924,2.0086001717619175,2.42517612914163,0.8700026979410034,0.6558347270087372,0.9927528117991515,1.154989704381498,1.956221198156682,0.2618055636307073
139.0,637.0,0.1223021582733813,0.17266187050359713,0.7050359712230215,0.03597122302158273,0.35251798561151076,0.302158273381295,0.02877697841726619,2.217821782178218,0.7563591791740164,2.0043213737826426,2.417988931147132,0.8617903048679497,0.6579778340802296,0.9948569783370864,1.1597898931256876,1.9542595769010864,0.24427655666640738
139.0,637.0,0.1223021582733813,0.17266187050359713,0.7050359712230215,0.02877697841726619,0.35251798561151076,0.2949640287769784,0.014388489208633094,2.2596153846153846,0.7503422171701469,2.0170333392987803,2.407686801674092,0.8692127904038621,0.6566656786827763,0.9945113629463064,1.162384866837719,1.9584487534626038,0.2454525868732342
137.0,637.0,0.10948905109489052,0.1897810218978102,0.7007299270072993,0.029197080291970802,0.35766423357664234,0.291970802919708,0.014598540145985401,2.2358490566037736,0.7628503790446889,2.0253058652647704,2.348496218218046,0.8747626860390816,0.6415688840939325,0.986855929341805,1.1466303463292224,1.903448275862069,0.24647242915807183
139.0,637.0,0.1223021582733813,0.17985611510791366,0.697841726618705,0.03597122302158273,0.35251798561151076,0.2949640287769784,0.014388489208633094,2.247787610619469,0.7621746782741315,2.0530784434834195,2.3535944100564166,0.8602432031838112,0.6523602148311719,0.9961773581358627,1.1649916888856415,1.9347705914870095,0.23261270330208628
140.0,637.0,0.12142857142857143,0.17142857142857143,0.7071428571428571,0.03571428571428571,0.35,0.3,0.02857142857142857,2.292452830188679,0.7555128328565713,2.0253058652647704,2.4062480319313186,0.8715361459192844,0.6635582757914186,0.9997516259294045,1.171938096957173,1.9535655058043118,0.23225137614045055
140.0,637.0,0.11428571428571428,0.2,0.6857142857142857,0.03571428571428571,0.35714285714285715,0.29285714285714287,0.02857142857142857,2.220183486238532,0.7620367222260795,2.037426497940624,2.3346354618287366,0.8690378880492122,0.6590205896108212,1.0011630857641816,1.1712601267667409,1.9854014598540146,0.2549844766533392
136.0,637.0,0.11764705882352941,0.19852941176470587,0.6838235294117647,0.03676470588235294,0.36764705882352944,0.3014705882352941,0.029411764705882353,2.0970873786407767,0.7477359697950969,2.012837224705172,2.2902205882178603,0.860231581909394,0.6494802634625386,0.9846034731601737,1.1374810604817356,1.9795799299883314,0.28049652358214233
138.0,637.0,0.10869565217391304,0.1956521739130435,0.6956521739130435,0.036231884057971016,0.36231884057971014,0.2898550724637681,0.014492753623188406,2.23,0.7501514998500455,2.0,2.3534699373156003,0.8750849031698873,0.6472886284149032,0.992226832506965,1.1548390354638842,1.8746214415505753,0.2518815556395182
140.0,637.0,0.12142857142857143,0.18571428571428572,0.6928571428571428,0.02857142857142857,0.35,0.2857142857142857,0.014285714285714285,2.353448275862069,0.7253701944803631,2.0644579892269186,2.4197120211336127,0.869563953815287,0.6546258168160791,0.999403852459235,1.1705323739890752,1.94393032117583,0.2633439513870521
137.0,637.0,0.12408759124087591,0.15328467153284672,0.7226277372262774,0.0364963503649635,0.36496350364963503,0.29927007299270075,0.029197080291970802,2.102272727272727,0.7587008364616773,1.9444826721501687,2.4080612229420115,0.8661738171539645,0.656825324540449,0.9855395173284672,1.1533581626457494,1.8801703163017032,0.2293312686181204
139.0,637.0,0.1223021582733813,0.18705035971223022,0.6906474820143884,0.03597122302158273,0.35251798561151076,0.302158273381295,0.014388489208633094,2.25,0.7378296032042126,2.03342375548695,2.361329523692853,0.8706796727614072,0.6541041572580385,0.9974081355917743,1.1652173271437087,1.9061784897025171,0.26530381315066986
139.0,637.0,0.11510791366906475,0.17985611510791366,0.7050359712230216,0.02877697841726619,0.3669064748201439,0.2805755395683453,0.014388489208633094,2.257425742574257,0.7701099317179938,2.0043213737826426,2.3885490108715435,0.8696587518521748,0.6487696311399099,0.9944235229046481,1.1594502843362542,1.936231884057971,0.2469932859026164
136.0,637.0,0.11764705882352941,0.17647058823529413,0.7058823529411764,0.029411764705882353,0.3602941176470588,0.3088235294117647,0.014705882352941176,2.2314814814814814,0.7563621923450429,2.03342375548695,2.3650211601858753,0.8597793255391446,0.6391397200086665,0.9805098957989261,1.1435897607787164,1.9148700939745715,0.25925427877685114
138.0,637.0,0.10869565217391304,0.18840579710144928,0.7028985507246377,0.028985507246376812,0.36231884057971014,0.2898550724637681,0.028985507246376812,2.1530612244897958,0.7779439040588998,1.9912260756924949,2.3101527109049473,0.8700972885086885,0.6517340204429183,0.9905644854352256,1.151785390825941,1.910086455331412,0.2312890069893948
139.0,637.0,0.11510791366906475,0.17266187050359713,0.7122302158273381,0.02877697841726619,0.35251798561151076,0.302158273381295,0.02877697841726619,2.2450980392156863,0.7763365926868526,2.0086001717619175,2.3673102488456177,0.8730248154437644,0.6605121869682231,0.9942478195397934,1.1610313658274802,1.9465301478953356,0.22329254263847856
139.0,637.0,0.1079136690647482,0.20863309352517986,0.6834532374100719,0.03597122302158273,0.35251798561151076,0.28776978417266186,0.02877697841726619,2.201923076923077,0.7553023916043534,2.0170333392987803,2.316636094671021,0.8722760474568614,0.6555761773593144,0.9977595074377422,1.166870674510905,1.907656341320865,0.25302894751113214
139.0,637.0,0.1223021582733813,0.18705035971223022,0.6906474820143884,0.03597122302158273,0.3597122302158273,0.28776978417266186,0.02877697841726619,2.2796610169491527,0.7497645581483344,2.0718820073061255,2.3449580602832265,0.8720150398845263,0.649668085414268,0.9963532765698221,1.1603186744328258,2.0163309744148066,0.25237018351871615
141.0,637.0,0.12056737588652482,0.20567375886524822,0.673758865248227,0.028368794326241134,0.3475177304964539,0.2978723404255319,0.014184397163120567,2.310077519379845,0.7478975699878952,2.110589710299249,2.2855856590528743,0.870566604582279,0.653447044681156,1.0056011253465038,1.1685193271726864,1.9410480349344978,0.24694344953269895
139.0,637.0,0.11510791366906475,0.16546762589928057,0.7194244604316548,0.03597122302158273,0.3669064748201439,0.2949640287769784,0.014388489208633094,2.36697247706422,0.7535170677945499,2.037426497940624,2.4328345526921042,0.864347039319698,0.6435696206753342,0.9962653212357557,1.156460588641603,1.9427590154550658,0.23207713760882648
137.0,637.0,0.11678832116788321,0.1678832116788321,0.7153284671532847,0.029197080291970802,0.35766423357664234,0.29927007299270075,0.029197080291970802,2.2346938775510203,0.7571109004843558,1.9912260756924949,2.409867289788263,0.869140485774287,0.6523494845530393,0.9859830118853843,1.1538915759129889,1.9121315192743764,0.2514936132994337
139.0,637.0,0.1079136690647482,0.19424460431654678,0.697841726618705,0.02877697841726619,0.35251798561151076,0.2949640287769784,0.02877697841726619,2.341666666666667,0.7614209773587175,2.0791812460476247,2.3333673907568144,0.87712614993473,0.64118513659364,0.9988935164424472,1.1603540232731413,1.929326655537006,0.23922569319678566
139.0,637.0,0.1223021582733813,0.17266187050359713,0.7050359712230215,0.02877697841726619,0.3669064748201439,0.2949640287769784,0.02877697841726619,2.2524271844660193,0.7633574780230817,2.012837224705172,2.407311360693517,0.8628475553282888,0.6494425108549321,0.9935446953578905,1.1617083134523412,1.9546485260770976,0.24626217584362
139.0,637.0,0.1223021582733813,0.17266187050359713,0.7050359712230215,0.03597122302158273,0.3669064748201439,0.28776978417266186,0.014388489208633094,2.2222222222222223,0.7633914067562569,1.99563519459755,2.4242427075739017,0.8660005972366986,0.6558434624130399,0.9960893872680857,1.1623560061217642,1.8697478991596639,0.24439271440388946
137.0,637.0,0.10948905109489052,0.16058394160583941,0.7299270072992701,0.0364963503649635,0.35766423357664234,0.29927007299270075,0.029197080291970802,2.2777777777777777,0.764783552808696,1.954242509439325,2.465824897486301,0.8688576365600764,0.6490198665385737,0.9851011879004183,1.154555836130874,1.934254143646409,0.22355104594442907
138.0,637.0,0.12318840579710146,0.18840579710144928,0.6884057971014492,0.028985507246376812,0.37681159420289856,0.2826086956521739,0.028985507246376812,2.2232142857142856,0.7438616241144019,2.0492180226701815,2.3077099330097903,0.8684994112408322,0.6451803444066095,0.992139247233638,1.1573442234618363,1.9237193763919822,0.27020515230331404
140.0,637.0,0.11428571428571428,0.18571428571428572,0.7,0.03571428571428571,0.35714285714285715,0.29285714285714287,0.02857142857142857,2.3421052631578947,0.7505625898024709,2.0569048513364727,2.368597778503645,0.8678405989362801,0.646309445532341,1.0019561581440657,1.1636247050507986,1.9935414424111948,0.23785691246153118
139.0,637.0,0.1079136690647482,0.2158273381294964,0.6762589928057554,0.02877697841726619,0.3669064748201439,0.28776978417266186,0.014388489208633094,2.254385964912281,0.7503557092611092,2.0569048513364727,2.2623251846624712,0.8710318664844384,0.6499803130853067,0.9970553578427599,1.1589227778350115,1.9129943502824858,0.2702501735274674
136.0,637.0,0.11764705882352941,0.17647058823529413,0.7058823529411764,0.029411764705882353,0.38235294117647056,0.29411764705882354,0.029411764705882353,2.045977011494253,0.7456547922683965,1.9395192526186185,2.3245810716204494,0.8559028910571965,0.6440693116994395,0.9812942161816555,1.1387957655004883,1.8829268292682926,0.25198027457825944
136.0,637.0,0.11029411764705882,0.19117647058823528,0.6985294117647058,0.03676470588235294,0.36764705882352944,0.3014705882352941,0.029411764705882353,2.2589285714285716,0.7563012855282176,2.0492180226701815,2.299626782868249,0.8645042145720283,0.6356004758428568,0.9839064739766955,1.1392889503686605,1.912800447177194,0.26820135683240554
138.0,637.0,0.11594202898550725,0.18115942028985507,0.7028985507246377,0.036231884057971016,0.3695652173913043,0.2971014492753623,0.014492753623188406,2.2803738317757007,0.7622507947032559,2.0293837776852097,2.3743679759173877,0.8610915955939141,0.6424314900013434,0.9924021899123916,1.15197258183741,1.9285714285714286,0.2512931735849119
136.0,637.0,0.11029411764705882,0.18382352941176472,0.7058823529411764,0.03676470588235294,0.36764705882352944,0.3014705882352941,0.029411764705882353,2.1979166666666665,0.7486098227158571,1.9822712330395684,2.378561596567156,0.8677129382478495,0.6448425347628611,0.9838193143586,1.1416199041306128,1.8874773139745917,0.26226764601609176
140.0,637.0,0.11428571428571428,0.2,0.6857142857142857,0.02857142857142857,0.36428571428571427,0.2857142857142857,0.02857142857142857,2.1941747572815533,0.7677092539316199,2.012837224705172,2.31553717031686,0.8672793096337384,0.6516624356594098,0.9998439077446665,1.1684259810152364,1.9164759725400458,0.25316298948584304
136.0,637.0,0.11029411764705882,0.16176470588235295,0.7279411764705882,0.029411764705882353,0.3602941176470588,0.3014705882352941,0.029411764705882353,2.1744186046511627,0.7699023691369808,1.9344984512435677,2.431052044585829,0.8670274893916057,0.6552536027602458,0.9788520445313914,1.14388871838465,1.9138141809290954,0.2401955796160747
136.0,637.0,0.11764705882352941,0.15441176470588236,0.7279411764705882,0.03676470588235294,0.36764705882352944,0.3088235294117647,0.014705882352941176,2.21978021978022,0.7572200297021819,1.9590413923210936,2.4654680392339934,0.8602093714626884,0.6452413605187407,0.981637808766211,1.1431212228244858,1.8912280701754387,0.24980698201783494
139.0,637.0,0.1223021582733813,0.17985611510791366,0.697841726618705,0.02877697841726619,0.3597122302158273,0.2949640287769784,0.02877697841726619,2.193877551020408,0.7413857638443391,1.9912260756924949,2.371448023017318,0.8742524482571368,0.6594533221902177,0.9935446953578905,1.1626854308652264,1.8979942693409741,0.250860255269087
139.0,637.0,0.11510791366906475,0.17266187050359713,0.7122302158273381,0.03597122302158273,0.35251798561151076,0.302158273381295,0.02877697841726619,2.295918367346939,0.7490087425125248,1.9912260756924949,2.441976199676221,0.8680315737217348,0.6535680552203437,0.994416462139387,1.1606207270143405,1.9206974128233971,0.24245313924824755
138.0,637.0,0.11594202898550725,0.18840579710144928,0.6956521739130435,0.028985507246376812,0.36231884057971014,0.30434782608695654,0.028985507246376812,2.2476190476190476,0.7567764681268985,2.0211892990699383,2.3447674064760156,0.865047950588567,0.655714147752142,0.9925762376737622,1.1603379098894644,1.886737089201878,0.2722181564149419
138.0,637.0,0.11594202898550725,0.17391304347826086,0.7101449275362319,0.036231884057971016,0.35507246376811596,0.2898550724637681,0.014492753623188406,2.3189655172413794,0.764416662287792,2.0644579892269186,2.3651106178653776,0.8668657941538034,0.6459430868851518,0.991876024689877,1.1503854248233676,1.9212730318257956,0.23123481422576111
138.0,637.0,0.12318840579710146,0.15942028985507245,0.7173913043478262,0.036231884057971016,0.36231884057971014,0.2971014492753623,0.014492753623188406,2.247422680412371,0.7504294303243358,1.9867717342662448,2.4546873844501658,0.863748975999334,0.6535755689158886,0.989065082801382,1.1515193316296657,1.9314910765687967,0.24387296763443259
139.0,637.0,0.1223021582733813,0.18705035971223022,0.6906474820143884,0.03597122302158273,0.35251798561151076,0.2949640287769784,0.014388489208633094,2.1443298969072164,0.7358341457382666,1.9867717342662448,2.382641003301276,0.8672001877267568,0.6701185582485218,0.9958254280368624,1.1665702401895002,1.8544891640866874,0.26560104600317236
136.0,637.0,0.11764705882352941,0.16911764705882354,0.713235294117647,0.03676470588235294,0.36764705882352944,0.3014705882352941,0.029411764705882353,2.1630434782608696,0.7453470894845926,1.9637878273455553,2.389179169637135,0.8625249439155326,0.6519840726303816,0.981637808766211,1.1423708101091643,1.880980861244019,0.266038301361784
140.0,637.0,0.12142857142857143,0.18571428571428572,0.6928571428571428,0.02857142857142857,0.35714285714285715,0.3,0.014285714285714285,2.247787610619469,0.7621746782741315,2.0530784434834195,2.322710861085288,0.863351888461624,0.6601129844965853,0.9981706655616662,1.1615538237270373,1.8928359976317348,0.24037297123249793
137.0,637.0,0.10948905109489052,0.1678832116788321,0.7226277372262774,0.029197080291970802,0.36496350364963503,0.291970802919708,0.014598540145985401,2.1744186046511627,0.769902369136981,1.9344984512435677,2.3865560498761313,0.8708288692456789,0.6587854470114571,0.9866814076321581,1.1510524279419447,1.8661369193154034,0.23603469423578277
139.0,637.0,0.11510791366906475,0.19424460431654678,0.6906474820143885,0.03597122302158273,0.3597122302158273,0.2949640287769784,0.014388489208633094,2.2429906542056073,0.7503599324415711,2.0293837776852097,2.3777476540192652,0.8667586604838136,0.651957104103685,0.9967050202889349,1.1563090288553532,1.9136018680677174,0.25919251571041607
137.0,637.0,0.11678832116788321,0.19708029197080293,0.6861313868613139,0.029197080291970802,0.36496350364963503,0.291970802919708,0.014598540145985401,2.172727272727273,0.7524771435352389,2.041392685158225,2.2837839781806504,0.8660012676192754,0.6483775700508956,0.986855929341805,1.14121069358793,1.895017793594306,0.26138152431521283
140.0,637.0,0.12142857142857143,0.18571428571428572,0.6928571428571428,0.03571428571428571,0.35,0.30714285714285716,0.014285714285714285,2.1237113402061856,0.7535711086603307,1.9867717342662448,2.346822816373225,0.8710516577772399,0.6730665150926347,0.9993101358885651,1.1696766681208985,1.8299101412066752,0.24677167669249403
140.0,637.0,0.11428571428571428,0.19285714285714287,0.6928571428571428,0.02857142857142857,0.35714285714285715,0.3,0.014285714285714285,2.3464566929133857,0.7598867162428288,2.103803720955957,2.3313488770049235,0.8670608700879843,0.6546258168160791,1.0016021954993828,1.1648061596211094,1.9019607843137254,0.24385786985993754
139.0,637.0,0.11510791366906475,0.19424460431654678,0.6906474820143885,0.03597122302158273,0.3597122302158273,0.2949640287769784,0.02877697841726619,2.217821782178218,0.7563591791740165,2.0043213737826426,2.358443761683434,0.8607049617550249,0.6541041572580385,0.9975838369849086,1.165217327143709,1.9754004576659039,0.2612128378714445
139.0,637.0,0.11510791366906475,0.2014388489208633,0.683453237410072,0.02877697841726619,0.35251798561151076,0.2949640287769784,0.02877697841726619,2.324561403508772,0.7225276922774291,2.0569048513364727,2.3772073762724126,0.8771806529644606,0.6579946008837753,0.9955648389271614,1.1590735184755439,1.9773371104815864,0.2717833742844603
139.0,637.0,0.1223021582733813,0.17985611510791366,0.697841726618705,0.03597122302158273,0.3669064748201439,0.28776978417266186,0.014388489208633094,2.347826086956522,0.7379853830729242,2.060697840353612,2.3910997163546712,0.8617811647215655,0.65222587227136,0.9983741106035662,1.16694577100565,1.93224043715847,0.2539948202845396
138.0,637.0,0.12318840579710146,0.18115942028985507,0.6956521739130435,0.036231884057971016,0.36231884057971014,0.2971014492753623,0.014492753623188406,2.265486725663717,0.744236175012488,2.0530784434834195,2.382140489235653,0.8670428424501148,0.6445947366479119,0.9912618122717247,1.1509147203561216,1.9699124726477024,0.26301147559095905
136.0,637.0,0.11764705882352941,0.18382352941176472,0.6985294117647058,0.03676470588235294,0.3602941176470588,0.3088235294117647,0.014705882352941176,2.1333333333333333,0.7603980064447355,2.0211892990699383,2.32108805086619,0.8604051531012731,0.6472318029481354,0.9817251620629657,1.1407933366726342,1.9134396355353076,0.2634250311149246
139.0,637.0,0.1223021582733813,0.17985611510791366,0.697841726618705,0.02877697841726619,0.35251798561151076,0.28776978417266186,0.014388489208633094,2.201923076923077,0.7553023916043534,2.0170333392987803,2.360970331914813,0.8730966237484924,0.6657812509095574,0.9937205230447144,1.1628356837458655,1.8940281030444965,0.2502643822403721
138.0,637.0,0.12318840579710146,0.15942028985507245,0.7173913043478262,0.036231884057971016,0.36231884057971014,0.2971014492753623,0.028985507246376812,2.21978021978022,0.7572200297021819,1.9590413923210936,2.453192874320343,0.8606502860177434,0.6580861296346567,0.9903837051808235,1.1590503616849919,1.9287383177570094,0.23108295419425642
138.0,637.0,0.12318840579710146,0.16666666666666666,0.7101449275362319,0.036231884057971016,0.3695652173913043,0.2971014492753623,0.014492753623188406,2.2803738317757007,0.7622507947032559,2.0293837776852097,2.398915487297528,0.866280163884678,0.6475574012173377,0.990032244270602,1.148720336848303,1.934881087202718,0.24488728180269184
138.0,637.0,0.11594202898550725,0.18115942028985507,0.7028985507246377,0.036231884057971016,0.36231884057971014,0.2898550724637681,0.014492753623188406,2.336206896551724,0.745350405102732,2.0644579892269186,2.400920272188019,0.8721476392190375,0.6501052008208787,0.9930156969702342,1.1515193316296657,1.8976744186046512,0.2530331502054804
137.0,637.0,0.11678832116788321,0.1678832116788321,0.7153284671532847,0.029197080291970802,0.36496350364963503,0.291970802919708,0.029197080291970802,2.2346938775510203,0.7571109004843558,1.9912260756924949,2.4205969971636114,0.8707638578778671,0.6522174771052718,0.986855929341805,1.1543392240989057,1.9099415204678363,0.25254324657268395
139.0,637.0,0.1223021582733813,0.15827338129496402,0.7194244604316546,0.03597122302158273,0.3597122302158273,0.28776978417266186,0.014388489208633094,2.2333333333333334,0.7502808462933109,1.954242509439325,2.4577704356515953,0.8693035899774171,0.6689406021457721,0.994416462139387,1.169046514315062,1.8376014990630856,0.23393338467222746
136.0,637.0,0.11029411764705882,0.18382352941176472,0.7058823529411764,0.03676470588235294,0.36764705882352944,0.29411764705882354,0.029411764705882353,2.2058823529411766,0.7622041421685948,2.0086001717619175,2.354849709751914,0.8660011284019135,0.6396351708110675,0.9836449719530773,1.1443957951476498,1.9133720930232558,0.2578377873298734
139.0,637.0,0.11510791366906475,0.17985611510791366,0.7050359712230216,0.02877697841726619,0.3597122302158273,0.2949640287769784,0.02877697841726619,2.2685185185185186,0.7686191220585438,2.03342375548695,2.3571423088516386,0.8639949463609411,0.6519931205518237,0.9952138041723245,1.1654619735133878,1.9445676274944568,0.23979845761829435
139.0,637.0,0.11510791366906475,0.18705035971223022,0.6978417266187051,0.02877697841726619,0.35251798561151076,0.28776978417266186,0.02877697841726619,2.1382978723404253,0.7563503743719763,1.9731278535996986,2.3458429008566544,0.8704522017501392,0.6664369547667948,0.9945113629463064,1.1644121684268498,1.8946439081812831,0.2424222522890049
137.0,637.0,0.12408759124087591,0.1678832116788321,0.708029197080292,0.029197080291970802,0.35766423357664234,0.29927007299270075,0.014598540145985401,2.0568181818181817,0.7327785970600532,1.9444826721501687,2.3881983307987866,0.8662500789196614,0.6568219521821188,0.985808335639577,1.1458791496368927,1.8317338451695457,0.2440318787384177
138.0,637.0,0.12318840579710146,0.17391304347826086,0.7028985507246377,0.036231884057971016,0.36231884057971014,0.2971014492753623,0.028985507246376812,2.201923076923077,0.7553023916043533,2.0170333392987803,2.3524833568818924,0.866538460853712,0.6564977057392424,0.9903837051808235,1.1572473841702318,1.9085043988269794,0.2504313152785994
138.0,637.0,0.11594202898550725,0.17391304347826086,0.7101449275362319,0.028985507246376812,0.3695652173913043,0.2898550724637681,0.014492753623188406,2.292452830188679,0.7555128328565713,2.0253058652647704,2.3687297904650446,0.8713628697128768,0.6526648878048137,0.9915271370621935,1.152086553985716,1.8800232964472918,0.24392968225043568
140.0,637.0,0.12142857142857143,0.17142857142857143,0.7071428571428571,0.03571428571428571,0.35,0.29285714285714287,0.014285714285714285,2.2346938775510203,0.7571109004843558,1.9912260756924949,2.4343821485045263,0.8684166979513642,0.678811544758161,0.9991334852491315,1.1698275660497803,1.9147424511545292,0.23244473089854328
138.0,637.0,0.12318840579710146,0.18115942028985507,0.6956521739130435,0.028985507246376812,0.35507246376811596,0.2971014492753623,0.014492753623188406,2.1553398058252426,0.7509116231307804,2.012837224705172,2.363007860409251,0.8679908099132483,0.6604586404566687,0.9907395825759973,1.1547183811335047,1.9065533980582525,0.2655197598985605
139.0,637.0,0.1223021582733813,0.17985611510791366,0.697841726618705,0.03597122302158273,0.3597122302158273,0.2949640287769784,0.014388489208633094,2.2135922330097086,0.7495159933268989,2.012837224705172,2.389262818592501,0.8674352516841378,0.6627550390458211,0.9952092509034188,1.1677715137160922,1.9243553008595988,0.2594160546085837
140.0,637.0,0.12142857142857143,0.17857142857142858,0.7,0.02857142857142857,0.36428571428571427,0.2857142857142857,0.014285714285714285,2.336206896551724,0.745350405102732,2.0644579892269186,2.3660167548566675,0.8695825143891486,0.6585117169769678,1.0010750334398846,1.1649572100763115,1.971396522714526,0.23710526396131248
138.0,637.0,0.10869565217391304,0.18115942028985507,0.7101449275362318,0.036231884057971016,0.36231884057971014,0.2971014492753623,0.014492753623188406,2.323529411764706,0.7467654966903434,2.0086001717619175,2.397145937735177,0.8723387353639929,0.6560999988924938,0.993541258638813,1.1558933054585503,1.9151225343693963,0.25625915803746074
138.0,637.0,0.12318840579710146,0.18840579710144928,0.6884057971014492,0.028985507246376812,0.36231884057971014,0.2971014492753623,0.014492753623188406,2.2123893805309733,0.7494203406827687,2.0530784434834195,2.331454585593873,0.8623191879154616,0.645449143996597,0.9910021702795734,1.1455183885087843,1.9204875217643644,0.2635281147515453
137.0,637.0,0.11678832116788321,0.1678832116788321,0.7153284671532847,0.0364963503649635,0.36496350364963503,0.291970802919708,0.029197080291970802,2.127906976744186,0.7482766337769974,1.9344984512435677,2.41904378475213,0.8741151278556337,0.6625864904402623,0.9862404392019067,1.1473510423275717,1.871763255240444,0.2424294014244385
137.0,637.0,0.11678832116788321,0.17518248175182483,0.708029197080292,0.0364963503649635,0.36496350364963503,0.29927007299270075,0.014598540145985401,2.0898876404494384,0.7633724433275473,1.9493900066449128,2.359252735006658,0.8669188340643222,0.6476875848241354,0.9856271598219434,1.150283432408391,1.863941427699817,0.24480891817715303
139.0,637.0,0.1223021582733813,0.16546762589928057,0.7122302158273381,0.02877697841726619,0.3597122302158273,0.2949640287769784,0.02877697841726619,2.3063063063063063,0.7602965066674832,2.0453229787866576,2.4203007143389543,0.8678557271581049,0.654800656562521,0.9921369520898531,1.157867043861089,1.937672366243795,0.23449521433790854
140.0,637.0,0.12142857142857143,0.17857142857142858,0.7,0.03571428571428571,0.35,0.3,0.02857142857142857,2.242424242424242,0.7435561147168641,1.99563519459755,2.4280997986682507,0.8666730182788182,0.6615601921176057,0.9981613479075275,1.1689973863959018,1.9191685912240184,0.25576906518186604
139.0,637.0,0.1223021582733813,0.17985611510791366,0.697841726618705,0.03597122302158273,0.3669064748201439,0.28776978417266186,0.02877697841726619,2.2522522522522523,0.7683331245858077,2.0453229787866576,2.3583827541145057,0.8642340638413645,0.6531656899295862,0.9961773581358627,1.16454028121229,1.9426855895196506,0.24691705950813145
84.0,557.0,0.30952380952380953,0.047619047619047616,0.6428571428571428,0.23809523809523808,0.40476190476190477,0.40476190476190477,0.27380952380952384,1.830188679245283,0.7528369180997909,1.724275869600789,3.5129699843738402,0.9079059579574239,0.6310954713864467,0.5949064140856913,1.054797172615969,1.52329360780065,0.44470913023871506
85.0,557.0,0.3176470588235294,0.047058823529411764,0.6352941176470588,0.23529411764705882,0.4117647058823529,0.38823529411764707,0.27058823529411763,1.8148148148148149,0.7542101722512919,1.7323937598229686,3.502884112743668,0.9046833811356255,0.6373976107591689,0.6007816827953962,1.066573987404196,1.52329360780065,0.4394772581182596
84.0,557.0,0.30952380952380953,0.047619047619047616,0.6428571428571428,0.23809523809523808,0.40476190476190477,0.40476190476190477,0.27380952380952384,1.830188679245283,0.7528369180997909,1.724275869600789,3.5129699843738402,0.9079059579574239,0.6310954713864467,0.5949064140856913,1.054797172615969,1.52329360780065,0.4447091302387151
85.0,557.0,0.3176470588235294,0.058823529411764705,0.6235294117647059,0.23529411764705882,0.4,0.4,0.27058823529411763,1.8,0.7552286874651746,1.7403626894942439,3.4820984420740175,0.9015691942844146,0.6371635927398973,0.600905787562917,1.0665739874041957,1.52329360780065,0.4394772581182596
84.0,557.0,0.30952380952380953,0.047619047619047616,0.6428571428571428,0.23809523809523808,0.40476190476190477,0.39285714285714285,0.27380952380952384,1.8148148148148149,0.7542101722512919,1.7323937598229686,3.520775590276331,0.8976983193464237,0.6302774654718295,0.5949064140856913,1.0541681373619747,1.52329360780065,0.44470913023871506
84.0,557.0,0.30952380952380953,0.05952380952380952,0.6309523809523809,0.23809523809523808,0.39285714285714285,0.40476190476190477,0.27380952380952384,1.7857142857142858,0.7559289460184545,1.7481880270062005,3.4296119352718466,0.9014802209959725,0.6301605208026949,0.5950302874842303,1.0526989266929794,1.52329360780065,0.4459795989004881
84.0,557.0,0.30952380952380953,0.047619047619047616,0.6428571428571428,0.23809523809523808,0.40476190476190477,0.39285714285714285,0.27380952380952384,1.8148148148148149,0.7542101722512919,1.7323937598229686,3.520775590276331,0.8976983193464237,0.6302774654718295,0.5949064140856913,1.0541681373619747,1.52329360780065,0.44470913023871506
85.0,557.0,0.3176470588235294,0.058823529411764705,0.6235294117647059,0.23529411764705882,0.4,0.38823529411764707,0.27058823529411763,1.8,0.7552286874651746,1.7403626894942439,3.487980795015194,0.9003535080099048,0.6371635927398973,0.600905787562917,1.0665739874041957,1.52329360780065,0.4394772581182596
85.0,557.0,0.3176470588235294,0.07058823529411765,0.611764705882353,0.23529411764705882,0.38823529411764707,0.4,0.27058823529411763,1.7586206896551724,0.7565003641558523,1.7634279935629373,3.399721075902635,0.9009190597207852,0.6371635927398973,0.6010298667044353,1.0650347869605818,1.52329360780065,0.44073278008989414
85.0,557.0,0.3176470588235294,0.047058823529411764,0.6352941176470588,0.23529411764705882,0.4117647058823529,0.38823529411764707,0.27058823529411763,1.8148148148148149,0.7542101722512919,1.7323937598229686,3.501706285211272,0.9046833811356255,0.6373976107591689,0.6007816827953962,1.0666438982863153,1.52329360780065,0.4394772581182596
85.0,557.0,0.3176470588235294,0.047058823529411764,0.6352941176470588,0.23529411764705882,0.4117647058823529,0.38823529411764707,0.27058823529411763,1.8148148148148149,0.7542101722512919,1.7323937598229686,3.502884112743668,0.9046833811356255,0.6373976107591689,0.6007816827953962,1.066573987404196,1.52329360780065,0.4394772581182596
85.0,557.0,0.3176470588235294,0.058823529411764705,0.6235294117647059,0.23529411764705882,0.4,0.4,0.27058823529411763,1.8,0.7552286874651746,1.7403626894942439,3.4820984420740175,0.9015691942844147,0.6371635927398973,0.600905787562917,1.0665739874041957,1.52329360780065,0.4394772581182596
84.0,557.0,0.30952380952380953,0.047619047619047616,0.6428571428571428,0.23809523809523808,0.40476190476190477,0.39285714285714285,0.27380952380952384,1.8148148148148149,0.7542101722512919,1.7323937598229686,3.520775590276331,0.8976983193464237,0.6302774654718295,0.5949064140856913,1.0541681373619747,1.52329360780065,0.44470913023871506
85.0,557.0,0.3176470588235294,0.047058823529411764,0.6352941176470588,0.23529411764705882,0.4117647058823529,0.4,0.27058823529411763,1.830188679245283,0.7528369180997909,1.724275869600789,3.4951703374988536,0.9089033299847303,0.6373976107591689,0.6007816827953962,1.0667138045865765,1.52329360780065,0.4394772581182596
84.0,557.0,0.30952380952380953,0.047619047619047616,0.6428571428571428,0.23809523809523808,0.40476190476190477,0.40476190476190477,0.27380952380952384,1.830188679245283,0.7528369180997909,1.724275869600789,3.5129699843738402,0.9078570495051539,0.6302774654718295,0.5949064140856913,1.0543079554076005,1.52329360780065,0.44470913023871506
84.0,557.0,0.30952380952380953,0.047619047619047616,0.6428571428571428,0.23809523809523808,0.40476190476190477,0.40476190476190477,0.27380952380952384,1.830188679245283,0.7528369180997909,1.724275869600789,3.5129699843738402,0.9078570495051539,0.6302774654718295,0.5949064140856913,1.0543079554076003,1.52329360780065,0.44470913023871506
84.0,557.0,0.30952380952380953,0.05952380952380952,0.6309523809523809,0.23809523809523808,0.39285714285714285,0.40476190476190477,0.27380952380952384,1.8,0.7552286874651746,1.7403626894942439,3.4997424711463263,0.9002752390031755,0.6310954713864467,0.5950302874842303,1.054797172615969,1.52329360780065,0.4447091302387151
85.0,557.0,0.3176470588235294,0.047058823529411764,0.6352941176470588,0.23529411764705882,0.4117647058823529,0.38823529411764707,0.27058823529411763,1.8148148148148149,0.7542101722512919,1.7323937598229686,3.502884112743668,0.9046833811356255,0.6373976107591689,0.6007816827953962,1.066573987404196,1.52329360780065,0.4394772581182596
85.0,557.0,0.3176470588235294,0.047058823529411764,0.6352941176470588,0.23529411764705882,0.4117647058823529,0.38823529411764707,0.27058823529411763,1.830188679245283,0.7528369180997909,1.724275869600789,3.50105269044003,0.9076245576062137,0.6373976107591689,0.6007816827953962,1.0667138045865767,1.52329360780065,0.4394772581182596
85.0,557.0,0.3176470588235294,0.047058823529411764,0.6352941176470588,0.23529411764705882,0.4117647058823529,0.38823529411764707,0.27058823529411763,1.830188679245283,0.7528369180997909,1.724275869600789,3.50105269044003,0.9076245576062137,0.6373976107591689,0.6007816827953962,1.0667138045865767,1.52329360780065,0.4394772581182596
85.0,557.0,0.3176470588235294,0.047058823529411764,0.6352941176470588,0.23529411764705882,0.4117647058823529,0.3764705882352941,0.27058823529411763,1.8,0.7552286874651746,1.7403626894942439,3.5094200604560872,0.9028885093407536,0.6373976107591689,0.6007816827953962,1.0665040719393173,1.52329360780065,0.4394772581182596
85.0,557.0,0.3176470588235294,0.058823529411764705,0.6235294117647059,0.23529411764705882,0.4,0.4,0.27058823529411763,1.8,0.7552286874651746,1.7403626894942439,3.4820984420740175,0.9015691942844146,0.6371635927398973,0.6009057875629171,1.0665739874041957,1.52329360780065,0.4394772581182596
85.0,557.0,0.3176470588235294,0.047058823529411764,0.6352941176470588,0.23529411764705882,0.4117647058823529,0.38823529411764707,0.27058823529411763,1.8148148148148149,0.7542101722512919,1.7323937598229686,3.501706285211272,0.9046833811356255,0.6373976107591689,0.6007816827953962,1.0666438982863153,1.52329360780065,0.4394772581182596
85.0,557.0,0.3176470588235294,0.07058823529411765,0.611764705882353,0.23529411764705882,0.38823529411764707,0.4,0.27058823529411763,1.7719298245614035,0.7563432672038614,1.7558748556724915,3.4690265466491805,0.9063696556454296,0.6371635927398973,0.6010298667044353,1.0665739874041957,1.52329360780065,0.4394772581182596
85.0,557.0,0.3176470588235294,0.058823529411764705,0.6235294117647059,0.23529411764705882,0.4,0.4,0.27058823529411763,1.7857142857142858,0.7559289460184545,1.7481880270062005,3.412792971327472,0.9084600055108659,0.6371635927398973,0.600905787562917,1.0650347869605818,1.52329360780065,0.44073278008989414
84.0,557.0,0.30952380952380953,0.05952380952380952,0.6309523809523809,0.23809523809523808,0.39285714285714285,0.40476190476190477,0.27380952380952384,1.8,0.7552286874651746,1.7403626894942439,3.499742471146327,0.8943517584998633,0.6301605208026949,0.5950302874842303,1.0542380487027039,1.52329360780065,0.44470913023871506
85.0,557.0,0.3176470588235294,0.047058823529411764,0.6352941176470588,0.23529411764705882,0.4117647058823529,0.4,0.27058823529411763,1.830188679245283,0.7528369180997909,1.724275869600789,3.4951703374988536,0.9089033299847303,0.6373976107591689,0.6007816827953962,1.0667138045865767,1.52329360780065,0.4394772581182596
85.0,557.0,0.3176470588235294,0.07058823529411765,0.611764705882353,0.23529411764705882,0.38823529411764707,0.4,0.27058823529411763,1.7586206896551724,0.7565003641558523,1.7634279935629373,3.399721075902635,0.9009190597207852,0.6371635927398973,0.6010298667044353,1.0650347869605818,1.52329360780065,0.44073278008989414
85.0,557.0,0.3176470588235294,0.047058823529411764,0.6352941176470588,0.23529411764705882,0.4117647058823529,0.3764705882352941,0.27058823529411763,1.8148148148148149,0.7542101722512919,1.7323937598229686,3.5087664656848445,0.9038689014976162,0.6373976107591689,0.6007816827953962,1.066573987404196,1.52329360780065,0.4394772581182596
85.0,557.0,0.3176470588235294,0.047058823529411764,0.6352941176470588,0.23529411764705882,0.4117647058823529,0.4,0.27058823529411763,1.830188679245283,0.7528369180997909,1.724275869600789,3.4951703374988536,0.9089033299847303,0.6373976107591689,0.6007816827953962,1.0667138045865767,1.52329360780065,0.4394772581182596
85.0,557.0,0.3176470588235294,0.047058823529411764,0.6352941176470588,0.23529411764705882,0.4117647058823529,0.38823529411764707,0.27058823529411763,1.830188679245283,0.7528369180997909,1.724275869600789,3.50105269044003,0.9076245576062137,0.6373976107591689,0.6007816827953962,1.0667138045865767,1.52329360780065,0.4394772581182596
85.0,557.0,0.3176470588235294,0.07058823529411765,0.611764705882353,0.23529411764705882,0.38823529411764707,0.4,0.27058823529411763,1.7719298245614035,0.7563432672038614,1.7558748556724915,3.4690265466491805,0.9063696556454296,0.6371635927398973,0.6010298667044353,1.0665739874041957,1.52329360780065,0.4394772581182596
85.0,557.0,0.3176470588235294,0.047058823529411764,0.6352941176470588,0.23529411764705882,0.4117647058823529,0.3764705882352941,0.27058823529411763,1.8148148148148149,0.7542101722512919,1.7323937598229686,3.5087664656848445,0.9038689014976162,0.6373976107591689,0.6007816827953962,1.066573987404196,1.52329360780065,0.4394772581182596
84.0,557.0,0.30952380952380953,0.05952380952380952,0.6309523809523809,0.23809523809523808,0.39285714285714285,0.40476190476190477,0.27380952380952384,1.7857142857142858,0.7559289460184545,1.7481880270062005,3.4296119352718466,0.9014802209959725,0.6301605208026949,0.5950302874842303,1.0526989266929794,1.52329360780065,0.4459795989004881
85.0,557.0,0.3176470588235294,0.058823529411764705,0.6235294117647059,0.23529411764705882,0.4,0.4,0.27058823529411763,1.8,0.7552286874651746,1.7403626894942439,3.4820984420740175,0.9015691942844147,0.6371635927398973,0.600905787562917,1.0665739874041957,1.52329360780065,0.4394772581182596
85.0,557.0,0.3176470588235294,0.047058823529411764,0.6352941176470588,0.23529411764705882,0.4117647058823529,0.4,0.27058823529411763,1.830188679245283,0.7528369180997909,1.724275869600789,3.4951703374988536,0.9089033299847303,0.6373976107591689,0.6007816827953962,1.0667138045865767,1.52329360780065,0.4394772581182596
85.0,557.0,0.3176470588235294,0.047058823529411764,0.6352941176470588,0.23529411764705882,0.4117647058823529,0.38823529411764707,0.27058823529411763,1.830188679245283,0.7528369180997909,1.724275869600789,3.50105269044003,0.9076245576062137,0.6373976107591689,0.6007816827953962,1.0667138045865767,1.52329360780065,0.4394772581182596
84.0,557.0,0.30952380952380953,0.047619047619047616,0.6428571428571428,0.23809523809523808,0.40476190476190477,0.40476190476190477,0.27380952380952384,1.830188679245283,0.7528369180997909,1.724275869600789,3.5129699843738402,0.9078570495051539,0.6302774654718295,0.5949064140856913,1.0543079554076003,1.52329360780065,0.44470913023871506
85.0,557.0,0.3176470588235294,0.047058823529411764,0.6352941176470588,0.23529411764705882,0.4117647058823529,0.38823529411764707,0.27058823529411763,1.830188679245283,0.7528369180997909,1.724275869600789,3.50105269044003,0.9076245576062137,0.6373976107591689,0.6007816827953962,1.0667138045865767,1.52329360780065,0.4394772581182596
85.0,557.0,0.3176470588235294,0.047058823529411764,0.6352941176470588,0.23529411764705882,0.4117647058823529,0.38823529411764707,0.27058823529411763,1.830188679245283,0.7528369180997909,1.724275869600789,3.50105269044003,0.9076245576062137,0.6373976107591689,0.6007816827953962,1.0667138045865767,1.52329360780065,0.4394772581182596
84.0,557.0,0.30952380952380953,0.047619047619047616,0.6428571428571428,0.23809523809523808,0.40476190476190477,0.40476190476190477,0.27380952380952384,1.830188679245283,0.7528369180997909,1.724275869600789,3.5129699843738402,0.9078570495051539,0.6302774654718295,0.5949064140856913,1.0543079554076003,1.52329360780065,0.44470913023871506
84.0,557.0,0.30952380952380953,0.047619047619047616,0.6428571428571428,0.23809523809523808,0.40476190476190477,0.39285714285714285,0.27380952380952384,1.830188679245283,0.7528369180997909,1.724275869600789,3.518922365326221,0.9066757992272649,0.6310954713864467,0.5949064140856913,1.054797172615969,1.52329360780065,0.44470913023871506
85.0,557.0,0.3176470588235294,0.058823529411764705,0.6235294117647059,0.23529411764705882,0.4,0.4,0.27058823529411763,1.8,0.7552286874651746,1.7403626894942439,3.4820984420740175,0.9015691942844147,0.6371635927398973,0.600905787562917,1.0665739874041957,1.52329360780065,0.4394772581182596
85.0,557.0,0.3176470588235294,0.058823529411764705,0.6235294117647059,0.23529411764705882,0.4,0.4,0.27058823529411763,1.8,0.7552286874651746,1.7403626894942439,3.4820984420740175,0.9015691942844146,0.6371635927398973,0.6009057875629171,1.0665739874041957,1.52329360780065,0.4394772581182596
85.0,557.0,0.3176470588235294,0.058823529411764705,0.6235294117647059,0.23529411764705882,0.4,0.4,0.27058823529411763,1.8,0.7552286874651746,1.7403626894942439,3.4820984420740175,0.9015691942844147,0.6371635927398973,0.600905787562917,1.0665739874041957,1.52329360780065,0.4394772581182596
85.0,557.0,0.3176470588235294,0.047058823529411764,0.6352941176470588,0.23529411764705882,0.4117647058823529,0.38823529411764707,0.27058823529411763,1.8148148148148149,0.7542101722512919,1.7323937598229686,3.502884112743668,0.9046833811356255,0.6373976107591689,0.6007816827953962,1.066573987404196,1.52329360780065,0.4394772581182596
84.0,557.0,0.30952380952380953,0.047619047619047616,0.6428571428571428,0.23809523809523808,0.40476190476190477,0.39285714285714285,0.27380952380952384,1.8148148148148149,0.7542101722512919,1.7323937598229686,3.520775590276331,0.9036996087510745,0.6310954713864467,0.5949064140856913,1.0546574194268503,1.52329360780065,0.44470913023871506
84.0,557.0,0.30952380952380953,0.05952380952380952,0.6309523809523809,0.23809523809523808,0.39285714285714285,0.40476190476190477,0.27380952380952384,1.8,0.7552286874651746,1.7403626894942439,3.499742471146327,0.8943517584998633,0.6301605208026949,0.5950302874842303,1.0542380487027039,1.52329360780065,0.44470913023871506
85.0,557.0,0.3176470588235294,0.07058823529411765,0.611764705882353,0.23529411764705882,0.38823529411764707,0.4,0.27058823529411763,1.7586206896551724,0.7565003641558523,1.7634279935629373,3.399721075902635,0.9009190597207852,0.6371635927398973,0.6010298667044353,1.0650347869605818,1.52329360780065,0.44073278008989414
84.0,557.0,0.30952380952380953,0.047619047619047616,0.6428571428571428,0.23809523809523808,0.40476190476190477,0.40476190476190477,0.27380952380952384,1.830188679245283,0.7528369180997909,1.724275869600789,3.5129699843738402,0.9078570495051539,0.6302774654718295,0.5949064140856913,1.0543079554076003,1.52329360780065,0.44470913023871506
84.0,557.0,0.30952380952380953,0.05952380952380952,0.6309523809523809,0.23809523809523808,0.39285714285714285,0.40476190476190477,0.27380952380952384,1.8,0.7552286874651746,1.7403626894942439,3.499742471146327,0.8943517584998633,0.6301605208026949,0.5950302874842303,1.0542380487027039,1.52329360780065,0.44470913023871506
85.0,557.0,0.3176470588235294,0.047058823529411764,0.6352941176470588,0.23529411764705882,0.4117647058823529,0.3764705882352941,0.27058823529411763,1.8148148148148149,0.7542101722512919,1.7323937598229686,3.5087664656848445,0.9038689014976162,0.6373976107591689,0.6007816827953962,1.066573987404196,1.52329360780065,0.4394772581182596
84.0,557.0,0.30952380952380953,0.047619047619047616,0.6428571428571428,0.23809523809523808,0.40476190476190477,0.39285714285714285,0.27380952380952384,1.8148148148148149,0.7542101722512919,1.7323937598229686,3.520775590276331,0.8976983193464237,0.6302774654718295,0.5949064140856913,1.0541681373619747,1.52329360780065,0.44470913023871506
84.0,557.0,0.30952380952380953,0.047619047619047616,0.6428571428571428,0.23809523809523808,0.40476190476190477,0.39285714285714285,0.27380952380952384,1.830188679245283,0.7528369180997909,1.724275869600789,3.518922365326221,0.9066757992272649,0.6310954713864467,0.5949064140856913,1.054797172615969,1.52329360780065,0.44470913023871506
85.0,557.0,0.3176470588235294,0.047058823529411764,0.6352941176470588,0.23529411764705882,0.4117647058823529,0.3764705882352941,0.27058823529411763,1.8148148148148149,0.7542101722512919,1.7323937598229686,3.5087664656848445,0.9038689014976162,0.6373976107591689,0.6007816827953962,1.066573987404196,1.52329360780065,0.4394772581182596
85.0,557.0,0.3176470588235294,0.047058823529411764,0.6352941176470588,0.23529411764705882,0.4117647058823529,0.3764705882352941,0.27058823529411763,1.830188679245283,0.7528369180997909,1.724275869600789,3.5069350433812065,0.903114753684645,0.6373976107591689,0.6007816827953962,1.0667138045865767,1.52329360780065,0.4394772581182596
85.0,557.0,0.3176470588235294,0.047058823529411764,0.6352941176470588,0.23529411764705882,0.4117647058823529,0.38823529411764707,0.27058823529411763,1.8148148148148149,0.7542101722512919,1.7323937598229686,3.502884112743668,0.9046833811356255,0.6373976107591689,0.6007816827953962,1.0665739874041957,1.52329360780065,0.4394772581182596
85.0,557.0,0.3176470588235294,0.058823529411764705,0.6235294117647059,0.23529411764705882,0.4,0.38823529411764707,0.27058823529411763,1.8,0.7552286874651746,1.7403626894942439,3.487980795015194,0.9003535080099048,0.6371635927398973,0.600905787562917,1.0665739874041957,1.52329360780065,0.4394772581182596
85.0,557.0,0.3176470588235294,0.047058823529411764,0.6352941176470588,0.23529411764705882,0.4117647058823529,0.38823529411764707,0.27058823529411763,1.830188679245283,0.7528369180997909,1.724275869600789,3.50105269044003,0.9076245576062137,0.6373976107591689,0.6007816827953962,1.0667138045865767,1.52329360780065,0.4394772581182596
85.0,557.0,0.3176470588235294,0.047058823529411764,0.6352941176470588,0.23529411764705882,0.4117647058823529,0.4,0.27058823529411763,1.830188679245283,0.7528369180997909,1.724275869600789,3.4951703374988536,0.9089033299847303,0.6373976107591689,0.6007816827953962,1.0667138045865765,1.52329360780065,0.4394772581182596
85.0,557.0,0.3176470588235294,0.047058823529411764,0.6352941176470588,0.23529411764705882,0.4117647058823529,0.3764705882352941,0.27058823529411763,1.830188679245283,0.7528369180997909,1.724275869600789,3.5069350433812065,0.903114753684645,0.6373976107591689,0.6007816827953962,1.0667138045865767,1.52329360780065,0.4394772581182596
85.0,557.0,0.3176470588235294,0.047058823529411764,0.6352941176470588,0.23529411764705882,0.4117647058823529,0.38823529411764707,0.27058823529411763,1.8148148148148149,0.7542101722512919,1.7323937598229686,3.502884112743668,0.9046833811356255,0.6373976107591689,0.6007816827953962,1.066573987404196,1.52329360780065,0.4394772581182596
85.0,557.0,0.3176470588235294,0.058823529411764705,0.6235294117647059,0.23529411764705882,0.4,0.4,0.27058823529411763,1.8,0.7552286874651746,1.7403626894942439,3.4820984420740175,0.9015691942844147,0.6371635927398973,0.600905787562917,1.0665739874041957,1.52329360780065,0.4394772581182596
85.0,557.0,0.3176470588235294,0.07058823529411765,0.611764705882353,0.23529411764705882,0.38823529411764707,0.4,0.27058823529411763,1.7586206896551724,0.7565003641558523,1.7634279935629373,3.399721075902635,0.9009190597207852,0.6371635927398973,0.6010298667044353,1.065034786960582,1.52329360780065,0.44073278008989414
84.0,557.0,0.30952380952380953,0.047619047619047616,0.6428571428571428,0.23809523809523808,0.40476190476190477,0.39285714285714285,0.27380952380952384,1.830188679245283,0.7528369180997909,1.724275869600789,3.518922365326221,0.9066757992272649,0.6310954713864467,0.5949064140856913,1.054797172615969,1.52329360780065,0.4447091302387151
83.0,557.0,0.30120481927710846,0.04819277108433735,0.6506024096385542,0.24096385542168675,0.39759036144578314,0.40963855421686746,0.27710843373493976,1.830188679245283,0.7528369180997909,1.724275869600789,3.5311985384024407,0.9069582149514773,0.6249677562231083,0.5889688750515353,1.0428840788656053,1.52329360780065,0.4500670715668924
85.0,557.0,0.3176470588235294,0.058823529411764705,0.6235294117647059,0.23529411764705882,0.4,0.38823529411764707,0.27058823529411763,1.8,0.7552286874651746,1.7403626894942439,3.487980795015194,0.9003535080099048,0.6371635927398973,0.600905787562917,1.0665739874041957,1.52329360780065,0.4394772581182596
85.0,557.0,0.3176470588235294,0.058823529411764705,0.6235294117647059,0.23529411764705882,0.4,0.38823529411764707,0.27058823529411763,1.8,0.7552286874651746,1.7403626894942439,3.487980795015194,0.9003535080099048,0.6371635927398973,0.600905787562917,1.0665739874041957,1.52329360780065,0.4394772581182596
85.0,557.0,0.3176470588235294,0.07058823529411765,0.611764705882353,0.23529411764705882,0.38823529411764707,0.4,0.27058823529411763,1.7586206896551724,0.7565003641558523,1.7634279935629373,3.399721075902635,0.9009190597207852,0.6371635927398973,0.6010298667044353,1.0650347869605818,1.52329360780065,0.44073278008989414
85.0,557.0,0.3176470588235294,0.058823529411764705,0.6235294117647059,0.23529411764705882,0.4,0.38823529411764707,0.27058823529411763,1.7857142857142858,0.7559289460184545,1.7481880270062005,3.489812217318832,0.8972585445343185,0.6371635927398973,0.6009057875629171,1.0664341518907778,1.52329360780065,0.4394772581182596
85.0,557.0,0.3176470588235294,0.058823529411764705,0.6235294117647059,0.23529411764705882,0.4,0.38823529411764707,0.27058823529411763,1.8,0.7552286874651746,1.7403626894942439,3.487980795015194,0.9003535080099048,0.6371635927398973,0.600905787562917,1.0665739874041957,1.52329360780065,0.4394772581182596
85.0,557.0,0.3176470588235294,0.047058823529411764,0.6352941176470588,0.23529411764705882,0.4117647058823529,0.3764705882352941,0.27058823529411763,1.8148148148148149,0.7542101722512919,1.7323937598229686,3.5087664656848445,0.9038689014976162,0.6373976107591689,0.6007816827953962,1.066573987404196,1.52329360780065,0.4394772581182596
84.0,557.0,0.30952380952380953,0.047619047619047616,0.6428571428571428,0.23809523809523808,0.40476190476190477,0.40476190476190477,0.27380952380952384,1.830188679245283,0.7528369180997909,1.724275869600789,3.5129699843738402,0.9078570495051539,0.6302774654718295,0.5949064140856913,1.0543079554076005,1.52329360780065,0.44470913023871506
84.0,557.0,0.30952380952380953,0.047619047619047616,0.6428571428571428,0.23809523809523808,0.40476190476190477,0.39285714285714285,0.27380952380952384,1.8148148148148149,0.7542101722512919,1.7323937598229686,3.520775590276331,0.9036996087510745,0.6310954713864467,0.5949064140856913,1.05465741942685,1.52329360780065,0.4447091302387151
84.0,557.0,0.30952380952380953,0.047619047619047616,0.6428571428571428,0.23809523809523808,0.40476190476190477,0.40476190476190477,0.27380952380952384,1.830188679245283,0.7528369180997909,1.724275869600789,3.5129699843738402,0.9079059579574239,0.6310954713864467,0.5949064140856913,1.054797172615969,1.52329360780065,0.44470913023871506
84.0,557.0,0.30952380952380953,0.047619047619047616,0.6428571428571428,0.23809523809523808,0.40476190476190477,0.39285714285714285,0.27380952380952384,1.8148148148148149,0.7542101722512919,1.7323937598229686,3.520775590276331,0.9036996087510745,0.6310954713864467,0.5949064140856913,1.05465741942685,1.52329360780065,0.4447091302387151
85.0,557.0,0.3176470588235294,0.047058823529411764,0.6352941176470588,0.23529411764705882,0.4117647058823529,0.3764705882352941,0.27058823529411763,1.8148148148148149,0.7542101722512919,1.7323937598229686,3.5075886381524484,0.9038689014976162,0.6373976107591689,0.6007816827953962,1.0666438982863153,1.52329360780065,0.4394772581182596
85.0,557.0,0.3176470588235294,0.047058823529411764,0.6352941176470588,0.23529411764705882,0.4117647058823529,0.38823529411764707,0.27058823529411763,1.830188679245283,0.7528369180997909,1.724275869600789,3.50105269044003,0.9076245576062137,0.6373976107591689,0.6007816827953962,1.0667138045865767,1.52329360780065,0.4394772581182596
84.0,557.0,0.30952380952380953,0.047619047619047616,0.6428571428571428,0.23809523809523808,0.40476190476190477,0.40476190476190477,0.27380952380952384,1.830188679245283,0.7528369180997909,1.724275869600789,3.5129699843738402,0.9078570495051539,0.6302774654718295,0.5949064140856913,1.0543079554076005,1.52329360780065,0.44470913023871506
85.0,557.0,0.3176470588235294,0.058823529411764705,0.6235294117647059,0.23529411764705882,0.4,0.4,0.27058823529411763,1.8,0.7552286874651746,1.7403626894942439,3.4820984420740175,0.9015691942844147,0.6371635927398973,0.600905787562917,1.0665739874041957,1.52329360780065,0.4394772581182596
84.0,557.0,0.30952380952380953,0.047619047619047616,0.6428571428571428,0.23809523809523808,0.40476190476190477,0.39285714285714285,0.27380952380952384,1.830188679245283,0.7528369180997909,1.724275869600789,3.518922365326221,0.9006745098226142,0.6302774654718295,0.5949064140856913,1.0543079554076005,1.52329360780065,0.44470913023871506
85.0,557.0,0.3176470588235294,0.058823529411764705,0.6235294117647059,0.23529411764705882,0.4,0.4,0.27058823529411763,1.8,0.7552286874651746,1.7403626894942439,3.4820984420740175,0.9015691942844146,0.6371635927398973,0.6009057875629171,1.0665739874041957,1.52329360780065,0.4394772581182596
85.0,557.0,0.3176470588235294,0.058823529411764705,0.6235294117647059,0.23529411764705882,0.4,0.38823529411764707,0.27058823529411763,1.7857142857142858,0.7559289460184545,1.7481880270062005,3.489812217318832,0.8972585445343185,0.6371635927398973,0.6009057875629171,1.0664341518907778,1.52329360780065,0.4394772581182596
84.0,557.0,0.30952380952380953,0.047619047619047616,0.6428571428571428,0.23809523809523808,0.40476190476190477,0.40476190476190477,0.27380952380952384,1.830188679245283,0.7528369180997909,1.724275869600789,3.5129699843738402,0.9078570495051539,0.6302774654718295,0.5949064140856913,1.0543079554076005,1.52329360780065,0.44470913023871506
84.0,557.0,0.30952380952380953,0.047619047619047616,0.6428571428571428,0.23809523809523808,0.40476190476190477,0.40476190476190477,0.27380952380952384,1.830188679245283,0.7528369180997909,1.724275869600789,3.5129699843738402,0.9079059579574239,0.6310954713864467,0.5949064140856913,1.054797172615969,1.52329360780065,0.4447091302387151
85.0,557.0,0.3176470588235294,0.047058823529411764,0.6352941176470588,0.23529411764705882,0.4117647058823529,0.3764705882352941,0.27058823529411763,1.8148148148148149,0.7542101722512919,1.7323937598229686,3.5087664656848445,0.9038689014976162,0.6373976107591689,0.6007816827953962,1.066573987404196,1.52329360780065,0.4394772581182596
84.0,557.0,0.30952380952380953,0.047619047619047616,0.6428571428571428,0.23809523809523808,0.40476190476190477,0.40476190476190477,0.27380952380952384,1.830188679245283,0.7528369180997909,1.724275869600789,3.5129699843738402,0.9078570495051539,0.6302774654718295,0.5949064140856913,1.0543079554076003,1.52329360780065,0.44470913023871506
84.0,557.0,0.30952380952380953,0.047619047619047616,0.6428571428571428,0.23809523809523808,0.40476190476190477,0.39285714285714285,0.27380952380952384,1.8148148148148149,0.7542101722512919,1.7323937598229686,3.520775590276331,0.9036996087510745,0.6310954713864467,0.5949064140856913,1.0546574194268503,1.52329360780065,0.4447091302387151
85.0,557.0,0.3176470588235294,0.058823529411764705,0.6235294117647059,0.23529411764705882,0.4,0.4,0.27058823529411763,1.7857142857142858,0.7559289460184545,1.7481880270062005,3.412792971327472,0.9084600055108659,0.6371635927398973,0.6009057875629171,1.065034786960582,1.52329360780065,0.44073278008989414
85.0,557.0,0.3176470588235294,0.058823529411764705,0.6235294117647059,0.23529411764705882,0.4,0.38823529411764707,0.27058823529411763,1.7857142857142858,0.7559289460184545,1.7481880270062005,3.489812217318832,0.8972585445343185,0.6371635927398973,0.600905787562917,1.0664341518907778,1.52329360780065,0.4394772581182596
84.0,557.0,0.30952380952380953,0.047619047619047616,0.6428571428571428,0.23809523809523808,0.40476190476190477,0.39285714285714285,0.27380952380952384,1.8148148148148149,0.7542101722512919,1.7323937598229686,3.520775590276331,0.8976983193464237,0.6302774654718295,0.5949064140856913,1.0541681373619747,1.52329360780065,0.44470913023871506
85.0,557.0,0.3176470588235294,0.047058823529411764,0.6352941176470588,0.23529411764705882,0.4117647058823529,0.4,0.27058823529411763,1.830188679245283,0.7528369180997909,1.724275869600789,3.4951703374988536,0.9089033299847303,0.6373976107591689,0.6007816827953962,1.0667138045865765,1.52329360780065,0.4394772581182596
85.0,557.0,0.3176470588235294,0.058823529411764705,0.6235294117647059,0.23529411764705882,0.4,0.38823529411764707,0.27058823529411763,1.7719298245614035,0.7563432672038614,1.7558748556724915,3.41932891903989,0.9043031427657678,0.6371635927398973,0.6009057875629171,1.0649647704464362,1.52329360780065,0.44073278008989414
85.0,557.0,0.3176470588235294,0.058823529411764705,0.6235294117647059,0.23529411764705882,0.4,0.38823529411764707,0.27058823529411763,1.7719298245614035,0.7563432672038614,1.7558748556724915,3.420506746572287,0.9043031427657678,0.6371635927398973,0.6009057875629171,1.0648947493287255,1.52329360780065,0.44073278008989414
84.0,557.0,0.30952380952380953,0.05952380952380952,0.6309523809523809,0.23809523809523808,0.39285714285714285,0.40476190476190477,0.27380952380952384,1.8,0.7552286874651746,1.7403626894942439,3.499742471146327,0.894351758499863,0.6301605208026949,0.5950302874842303,1.0542380487027039,1.52329360780065,0.44470913023871506
85.0,557.0,0.3176470588235294,0.047058823529411764,0.6352941176470588,0.23529411764705882,0.4117647058823529,0.38823529411764707,0.27058823529411763,1.8148148148148149,0.7542101722512919,1.7323937598229686,3.502884112743668,0.9046833811356255,0.6373976107591689,0.6007816827953962,1.066573987404196,1.52329360780065,0.4394772581182596
84.0,557.0,0.30952380952380953,0.047619047619047616,0.6428571428571428,0.23809523809523808,0.40476190476190477,0.40476190476190477,0.27380952380952384,1.830188679245283,0.7528369180997909,1.724275869600789,3.5129699843738402,0.9078570495051539,0.6302774654718295,0.5949064140856913,1.0543079554076005,1.52329360780065,0.44470913023871506
85.0,557.0,0.3176470588235294,0.047058823529411764,0.6352941176470588,0.23529411764705882,0.4117647058823529,0.3764705882352941,0.27058823529411763,1.830188679245283,0.7528369180997909,1.724275869600789,3.5069350433812065,0.903114753684645,0.6373976107591689,0.6007816827953962,1.0667138045865767,1.52329360780065,0.4394772581182596
85.0,557.0,0.3176470588235294,0.047058823529411764,0.6352941176470588,0.23529411764705882,0.4117647058823529,0.38823529411764707,0.27058823529411763,1.830188679245283,0.7528369180997909,1.724275869600789,3.50105269044003,0.9076245576062137,0.6373976107591689,0.6007816827953962,1.0667138045865767,1.52329360780065,0.4394772581182596
85.0,557.0,0.3176470588235294,0.047058823529411764,0.6352941176470588,0.23529411764705882,0.4117647058823529,0.4,0.27058823529411763,1.830188679245283,0.7528369180997909,1.724275869600789,3.4951703374988536,0.9089033299847303,0.6373976107591689,0.6007816827953962,1.0667138045865767,1.52329360780065,0.4394772581182596
84.0,545.0,0.30952380952380953,0.047619047619047616,0.6428571428571428,0.23809523809523808,0.44047619047619047,0.38095238095238093,0.27380952380952384,1.8,0.7824607964359517,1.6989700043360187,3.5735916471536497,0.8725738910603068,0.6372077643435923,0.5999357395307143,1.0723423298038535,1.5301866081229418,0.4403044641804585
84.0,545.0,0.3333333333333333,0.07142857142857142,0.5952380952380953,0.23809523809523808,0.4166666666666667,0.39285714285714285,0.27380952380952384,1.7636363636363637,0.7689250881885643,1.7403626894942439,3.4997242169424716,0.8649373270318602,0.6409480929305628,0.6046725689682397,1.0791518311613038,1.529152915291529,0.4466313772816443
85.0,545.0,0.32941176470588235,0.047058823529411764,0.6235294117647059,0.23529411764705882,0.43529411764705883,0.3764705882352941,0.27058823529411763,1.8,0.7824607964359517,1.6989700043360187,3.572834482308964,0.8738491982681948,0.6438951894595721,0.6074866751366912,1.0854942192533288,1.5312157721796276,0.4390167826437929
85.0,545.0,0.32941176470588235,0.07058823529411765,0.6000000000000001,0.23529411764705882,0.4117647058823529,0.38823529411764707,0.27058823529411763,1.7719298245614035,0.7563432672038614,1.7558748556724915,3.5337027302964517,0.8715872965288596,0.6434103607684907,0.6043966615385943,1.0817504820374184,1.5317286652078774,0.44190189142224484
84.0,545.0,0.30952380952380953,0.047619047619047616,0.6428571428571428,0.23809523809523808,0.4166666666666667,0.39285714285714285,0.27380952380952384,1.830188679245283,0.7528369180997909,1.724275869600789,3.590496431400714,0.8835786661629282,0.6369656986092888,0.5980047144916308,1.0705431568145256,1.53224043715847,0.4402593567005876
85.0,545.0,0.3176470588235294,0.047058823529411764,0.6352941176470588,0.23529411764705882,0.4117647058823529,0.4,0.27058823529411763,1.8,0.7552286874651746,1.7403626894942439,3.652386394511052,0.8846166635394961,0.644379653367576,0.6001219146917159,1.0771249429611975,1.5347826086956522,0.4307455118828116
85.0,545.0,0.3411764705882353,0.07058823529411765,0.5882352941176471,0.23529411764705882,0.4117647058823529,0.38823529411764707,0.27058823529411763,1.7636363636363637,0.7689250881885643,1.7403626894942439,3.51375059066087,0.8680460637783594,0.6421966876914671,0.6062010836399787,1.0842717273388638,1.5312157721796276,0.44290045895951213
83.0,545.0,0.3132530120481928,0.04819277108433735,0.6385542168674698,0.24096385542168675,0.39759036144578314,0.40963855421686746,0.27710843373493976,1.8148148148148149,0.7542101722512919,1.7323937598229686,3.608886246266037,0.8808601422233548,0.6337180985220852,0.5919385062464326,1.0617870072156643,1.5327510917030567,0.4450617718377085
84.0,545.0,0.30952380952380953,0.05952380952380952,0.6309523809523809,0.23809523809523808,0.4166666666666667,0.39285714285714285,0.27380952380952384,1.8076923076923077,0.7679476477883045,1.7160033436347992,3.5513476112176363,0.8782504999891843,0.632348843788746,0.6005780348161381,1.0722704208462,1.5328227571115973,0.4462073151249977
85.0,545.0,0.32941176470588235,0.058823529411764705,0.611764705882353,0.23529411764705882,0.43529411764705883,0.3764705882352941,0.27058823529411763,1.7777777777777777,0.7688920395955852,1.7323937598229686,3.5170331871961587,0.873724325982485,0.6390303501084971,0.6021983088260937,1.0795124615931535,1.531798245614035,0.44052624325366274
85.0,545.0,0.3411764705882353,0.047058823529411764,0.611764705882353,0.23529411764705882,0.4235294117647059,0.38823529411764707,0.27058823529411763,1.7857142857142858,0.7559289460184545,1.7481880270062005,3.5535058301040676,0.8791156336893615,0.6490842269361292,0.6050417157603034,1.0892250890778272,1.53224043715847,0.43957465197564016
85.0,545.0,0.3176470588235294,0.047058823529411764,0.6352941176470588,0.23529411764705882,0.4117647058823529,0.4,0.27058823529411763,1.8,0.7552286874651746,1.7403626894942439,3.6251839295644372,0.8898042079379498,0.6466759005348641,0.5989507796949083,1.0786448844453365,1.5342763873775844,0.4335213873536663
85.0,545.0,0.32941176470588235,0.047058823529411764,0.6235294117647059,0.23529411764705882,0.43529411764705883,0.3764705882352941,0.27058823529411763,1.7777777777777777,0.7688920395955852,1.7323937598229686,3.5982172532416343,0.8769053788861324,0.6420751942067666,0.6012907686713342,1.0775594307260141,1.5317286652078774,0.43150823318733655
84.0,545.0,0.32142857142857145,0.047619047619047616,0.6309523809523809,0.23809523809523808,0.40476190476190477,0.40476190476190477,0.27380952380952384,1.8,0.7552286874651746,1.7403626894942439,3.68196530724119,0.8697122991877743,0.6364812909543687,0.5939940367231397,1.0630984494641182,1.5352877307274702,0.43680265579306654
83.0,545.0,0.30120481927710846,0.04819277108433735,0.6506024096385542,0.24096385542168675,0.40963855421686746,0.40963855421686746,0.27710843373493976,1.8571428571428572,0.7637626158259733,1.6901960800285136,3.5803920502158952,0.8900920086118788,0.6293743859521179,0.5943793852441638,1.061571683621433,1.5317286652078774,0.4471775348445334
85.0,545.0,0.3176470588235294,0.047058823529411764,0.6352941176470588,0.23529411764705882,0.4470588235294118,0.36470588235294116,0.27058823529411763,1.7924528301886793,0.7685773712625399,1.724275869600789,3.5492416158845845,0.8684722570040861,0.6424396057329913,0.6042675680629924,1.0836239673938053,1.530701754385965,0.4443690326115955
85.0,545.0,0.3176470588235294,0.07058823529411765,0.611764705882353,0.23529411764705882,0.4,0.4,0.27058823529411763,1.8,0.7552286874651746,1.7403626894942439,3.5263130482407257,0.8764019582808615,0.6412240952678041,0.6045257274469241,1.0821110195905783,1.53224043715847,0.441143021179001
85.0,545.0,0.3176470588235294,0.058823529411764705,0.6235294117647059,0.23529411764705882,0.4,0.4,0.27058823529411763,1.8,0.7552286874651746,1.7403626894942439,3.4659417619726387,0.8844543921983472,0.6478811827757656,0.605557264406192,1.0875047396158635,1.5344262295081967,0.4373017562596241
85.0,545.0,0.32941176470588235,0.047058823529411764,0.6235294117647059,0.23529411764705882,0.4117647058823529,0.4,0.27058823529411763,1.8,0.7552286874651746,1.7403626894942439,3.5266101766248092,0.8868906585129798,0.648482983836969,0.6028457153237311,1.0901558114956102,1.53224043715847,0.43936881273804146
84.0,545.0,0.30952380952380953,0.047619047619047616,0.6428571428571428,0.23809523809523808,0.40476190476190477,0.40476190476190477,0.27380952380952384,1.830188679245283,0.7528369180997909,1.724275869600789,3.6082267066502913,0.8816124122024743,0.634175301673766,0.5942536069706186,1.065778746902657,1.5337690631808278,0.43815825921865476
84.0,545.0,0.30952380952380953,0.047619047619047616,0.6428571428571428,0.23809523809523808,0.42857142857142855,0.38095238095238093,0.27380952380952384,1.8235294117647058,0.7669649888473704,1.7075701760979363,3.5972445215413904,0.8761612150448874,0.6345399623785895,0.5994214077728501,1.069317990055073,1.5312157721796276,0.4388563630076459
85.0,545.0,0.3176470588235294,0.07058823529411765,0.611764705882353,0.23529411764705882,0.4117647058823529,0.38823529411764707,0.27058823529411763,1.7719298245614035,0.7563432672038614,1.7558748556724915,3.4464164904631014,0.8738663085002892,0.6447427624043727,0.604138447002447,1.0826155704510276,1.5328947368421053,0.4393624230534589
85.0,545.0,0.3176470588235294,0.047058823529411764,0.6352941176470588,0.23529411764705882,0.4117647058823529,0.4,0.27058823529411763,1.8148148148148149,0.7542101722512919,1.7323937598229686,3.6107989548849417,0.885512369283028,0.6457100549028948,0.6025868361918567,1.0813176782938392,1.5337690631808278,0.43516528677546307
85.0,545.0,0.32941176470588235,0.047058823529411764,0.6235294117647059,0.23529411764705882,0.4235294117647059,0.38823529411764707,0.27058823529411763,1.8,0.7552286874651746,1.7403626894942439,3.5601968226573177,0.8821103740063525,0.6447427624043728,0.6025868361918567,1.0844875613418106,1.53224043715847,0.43718225141767225
83.0,545.0,0.30120481927710846,0.060240963855421686,0.6385542168674699,0.24096385542168675,0.40963855421686746,0.39759036144578314,0.27710843373493976,1.7843137254901962,0.7826551089770277,1.7075701760979363,3.598445070516454,0.8694774276792995,0.629616489493968,0.5934812819945309,1.058408571471619,1.5312157721796276,0.44471090721415485
85.0,545.0,0.3176470588235294,0.047058823529411764,0.6352941176470588,0.23529411764705882,0.4235294117647059,0.38823529411764707,0.27058823529411763,1.8076923076923077,0.7679476477883045,1.7160033436347992,3.5745491776990006,0.877362633256054,0.6467965298289813,0.6045257274469241,1.085278585448773,1.5317286652078774,0.4350942235832452
85.0,545.0,0.3176470588235294,0.058823529411764705,0.6235294117647059,0.23529411764705882,0.4117647058823529,0.38823529411764707,0.27058823529411763,1.7818181818181817,0.762328525732037,1.7403626894942439,3.4728909350963515,0.8828110603951688,0.6428038106709274,0.603363140363347,1.0837679475066422,1.5333333333333334,0.4419437889460139
85.0,545.0,0.3176470588235294,0.047058823529411764,0.6352941176470588,0.23529411764705882,0.4235294117647059,0.38823529411764707,0.27058823529411763,1.7924528301886793,0.7685773712625399,1.724275869600789,3.5943940856163863,0.8714209373655091,0.6429251664690846,0.5993414122984018,1.0790787602105332,1.5337690631808278,0.4370706392745619
85.0,545.0,0.3176470588235294,0.047058823529411764,0.6352941176470588,0.23529411764705882,0.4235294117647059,0.38823529411764707,0.27058823529411763,1.8,0.7552286874651746,1.7403626894942439,3.6503277244214662,0.8818234048894601,0.6391524223735862,0.598299158587044,1.0717517779074555,1.5353645266594125,0.4296599151019586
85.0,545.0,0.32941176470588235,0.047058823529411764,0.6235294117647059,0.23529411764705882,0.4117647058823529,0.4,0.27058823529411763,1.7857142857142858,0.7559289460184545,1.7481880270062005,3.595001981648846,0.8754871007598658,0.6432890965017241,0.5984295395718694,1.0792956326865246,1.5347826086956522,0.4431173380943203
84.0,545.0,0.30952380952380953,0.07142857142857142,0.6190476190476191,0.23809523809523808,0.40476190476190477,0.39285714285714285,0.27380952380952384,1.8,0.7552286874651746,1.7403626894942439,3.486153091320423,0.8674263582428041,0.639984939581836,0.6009630824817978,1.0779364489392718,1.5296703296703296,0.44679789288617144
84.0,545.0,0.32142857142857145,0.047619047619047616,0.6309523809523809,0.23809523809523808,0.4166666666666667,0.39285714285714285,0.27380952380952384,1.8,0.7552286874651746,1.7403626894942439,3.6146279398755428,0.8773401406034432,0.638175109103699,0.5960674337205218,1.069101638410966,1.5332606324972737,0.44430639453072457
85.0,545.0,0.3176470588235294,0.058823529411764705,0.6235294117647059,0.23529411764705882,0.4,0.4,0.27058823529411763,1.8,0.7552286874651746,1.7403626894942439,3.5593891824527524,0.8801726577433769,0.6447427624043729,0.6032338257117925,1.0842717273388638,1.5332606324972737,0.43914789846139957
84.0,545.0,0.30952380952380953,0.05952380952380952,0.6309523809523809,0.23809523809523808,0.39285714285714285,0.40476190476190477,0.27380952380952384,1.8035714285714286,0.7727081739427388,1.7481880270062005,3.503247500326277,0.8729825372614877,0.6379334104313539,0.5967138928159106,1.0701829592481187,1.5365321701199564,0.44265187875136663
83.0,545.0,0.3132530120481928,0.060240963855421686,0.6265060240963856,0.24096385542168675,0.40963855421686746,0.40963855421686746,0.27710843373493976,1.7924528301886793,0.7685773712625398,1.724275869600789,3.6060597877645026,0.8772093677178832,0.6265834716671267,0.5924532112137317,1.0539353459825802,1.53224043715847,0.44893480536733044
84.0,545.0,0.30952380952380953,0.05952380952380952,0.6309523809523809,0.23809523809523808,0.40476190476190477,0.39285714285714285,0.27380952380952384,1.830188679245283,0.7528369180997909,1.724275869600789,3.561426243573758,0.8754613930989479,0.6370867429732698,0.6018605690509333,1.0744255960492486,1.5317286652078774,0.441505872797545
84.0,545.0,0.30952380952380953,0.047619047619047616,0.6428571428571428,0.23809523809523808,0.40476190476190477,0.40476190476190477,0.27380952380952384,1.830188679245283,0.7528369180997909,1.724275869600789,3.661893102904478,0.8921985261552715,0.6382959241190468,0.5980047144916308,1.0696784788864226,1.5348583877995643,0.43766967467250784
84.0,545.0,0.32142857142857145,0.05952380952380952,0.6190476190476191,0.23809523809523808,0.39285714285714285,0.40476190476190477,0.27380952380952384,1.7857142857142858,0.7559289460184545,1.7481880270062005,3.5766774320520716,0.8634977244349684,0.6376916201500836,0.59684310061103,1.071982736778819,1.5337690631808278,0.44744384944014454
84.0,545.0,0.30952380952380953,0.047619047619047616,0.6428571428571428,0.23809523809523808,0.40476190476190477,0.40476190476190477,0.27380952380952384,1.830188679245283,0.7528369180997909,1.724275869600789,3.6031750761497583,0.8850560365372155,0.6375706906235329,0.5986490815925188,1.071982736778819,1.5332606324972737,0.4429342762621612
84.0,545.0,0.30952380952380953,0.047619047619047616,0.6428571428571428,0.23809523809523808,0.4166666666666667,0.39285714285714285,0.27380952380952384,1.8148148148148149,0.7542101722512919,1.7323937598229686,3.5828603091330833,0.8625862975690294,0.6391409897818142,0.5982625446149513,1.0737076849734681,1.53224043715847,0.44502871266396127
85.0,545.0,0.32941176470588235,0.047058823529411764,0.6235294117647059,0.23529411764705882,0.43529411764705883,0.3764705882352941,0.27058823529411763,1.7924528301886793,0.7685773712625398,1.724275869600789,3.576845932145869,0.8821066454246188,0.641224095267804,0.6049127599447187,1.0812455274934292,1.5323110624315444,0.4354940493235094
84.0,545.0,0.30952380952380953,0.047619047619047616,0.6428571428571428,0.23809523809523808,0.4166666666666667,0.40476190476190477,0.27380952380952384,1.7924528301886793,0.7685773712625398,1.724275869600789,3.5684940130438116,0.8788455977658697,0.6393822319663074,0.5947724076211588,1.0719108036979277,1.53224043715847,0.44448740385633445
85.0,545.0,0.3176470588235294,0.058823529411764705,0.6235294117647059,0.23529411764705882,0.4117647058823529,0.4,0.27058823529411763,1.8148148148148149,0.7542101722512919,1.7323937598229686,3.5728804361356987,0.8790287250027087,0.6403718651599011,0.6028457153237311,1.0784278811035017,1.5332606324972737,0.43942309546176744
85.0,545.0,0.3176470588235294,0.07058823529411765,0.611764705882353,0.23529411764705882,0.4,0.4,0.27058823529411763,1.7857142857142858,0.7559289460184545,1.7481880270062005,3.508831636833346,0.8699433529058278,0.6423181581958636,0.6028457153237311,1.0833359497613617,1.53224043715847,0.44264977959759144
84.0,545.0,0.32142857142857145,0.05952380952380952,0.6190476190476191,0.23809523809523808,0.40476190476190477,0.40476190476190477,0.27380952380952384,1.830188679245283,0.7528369180997909,1.724275869600789,3.5458841887409305,0.8833134569253903,0.6364812909543687,0.59955003207727,1.0729174279640141,1.53224043715847,0.44935062159036415
85.0,545.0,0.32941176470588235,0.047058823529411764,0.6235294117647059,0.23529411764705882,0.43529411764705883,0.3764705882352941,0.27058823529411763,1.7777777777777777,0.7688920395955852,1.7323937598229686,3.5645799451844575,0.8706071098652688,0.6438951894595721,0.6021983088260937,1.0820389216904935,1.5317286652078774,0.4380544488507954
85.0,545.0,0.3176470588235294,0.058823529411764705,0.6235294117647059,0.23529411764705882,0.4117647058823529,0.4,0.27058823529411763,1.8148148148148149,0.7542101722512919,1.7323937598229686,3.575444447151097,0.8766482623754428,0.6363388356077475,0.5999919014678586,1.0744417192656275,1.5342763873775844,0.442466423237226
84.0,545.0,0.30952380952380953,0.05952380952380952,0.6309523809523809,0.23809523809523808,0.40476190476190477,0.40476190476190477,0.27380952380952384,1.8148148148148149,0.7542101722512919,1.7323937598229686,3.560509633831976,0.871317283198307,0.6396233831632148,0.5982625446149513,1.0723423298038535,1.5317286652078774,0.44354005618665837
84.0,545.0,0.30952380952380953,0.047619047619047616,0.6428571428571428,0.23809523809523808,0.4166666666666667,0.40476190476190477,0.27380952380952384,1.8076923076923077,0.7679476477883045,1.7160033436347992,3.5788975362803845,0.8793647503102149,0.6386582320376036,0.5991640763275496,1.073564045148749,1.5317286652078774,0.4429305081843958
84.0,545.0,0.30952380952380953,0.047619047619047616,0.6428571428571428,0.23809523809523808,0.44047619047619047,0.36904761904761907,0.27380952380952384,1.8076923076923077,0.7679476477883045,1.7160033436347992,3.560725141158068,0.8662311402566194,0.6362389488234746,0.5998071979384669,1.072773682327254,1.5301866081229418,0.44487727200214944
83.0,545.0,0.3132530120481928,0.07228915662650602,0.6144578313253012,0.24096385542168675,0.40963855421686746,0.40963855421686746,0.27710843373493976,1.8076923076923077,0.7679476477883045,1.7160033436347992,3.5258668611550545,0.8891028372519406,0.628162468587621,0.5959158417963428,1.0594160406635862,1.5301866081229418,0.45460493234720584
85.0,545.0,0.3411764705882353,0.058823529411764705,0.6,0.23529411764705882,0.4235294117647059,0.38823529411764707,0.27058823529411763,1.7857142857142858,0.7559289460184545,1.7481880270062005,3.525988948024043,0.8716965795030441,0.6452265899184259,0.605557264406192,1.085709810230661,1.5323110624315444,0.4420622414843314
85.0,545.0,0.3411764705882353,0.058823529411764705,0.6,0.23529411764705882,0.4117647058823529,0.38823529411764707,0.27058823529411763,1.7636363636363637,0.7689250881885643,1.7403626894942439,3.546544050679549,0.8747502317331668,0.6477607554712544,0.6067156471290512,1.0885086072302108,1.5317286652078774,0.43895158057642114
85.0,545.0,0.32941176470588235,0.058823529411764705,0.611764705882353,0.23529411764705882,0.4235294117647059,0.38823529411764707,0.27058823529411763,1.7777777777777777,0.7688920395955852,1.7323937598229686,3.528500172866401,0.8653605037040422,0.6441374669600021,0.6023278457943332,1.0826155704510276,1.5312157721796276,0.4413609031483182
84.0,545.0,0.30952380952380953,0.05952380952380952,0.6309523809523809,0.23809523809523808,0.40476190476190477,0.39285714285714285,0.27380952380952384,1.7924528301886793,0.7685773712625399,1.724275869600789,3.6375559222510727,0.8740001689042585,0.6307616356151152,0.5945130638871867,1.0604113773232662,1.5353645266594125,0.4351291458615395
85.0,545.0,0.3176470588235294,0.047058823529411764,0.6352941176470588,0.23529411764705882,0.4117647058823529,0.4,0.27058823529411763,1.830188679245283,0.7528369180997909,1.724275869600789,3.6145909766894806,0.8908364549728427,0.6429251664690847,0.6020687439875719,1.0792956326865246,1.5342763873775844,0.43698906614790306
84.0,545.0,0.32142857142857145,0.05952380952380952,0.6190476190476191,0.23809523809523808,0.4166666666666667,0.39285714285714285,0.27380952380952384,1.7547169811320755,0.7821484311560958,1.724275869600789,3.595921500915997,0.8706045520736284,0.6367235408478938,0.5985202636704094,1.069173760490072,1.5317286652078774,0.4371744248095532
85.0,545.0,0.3176470588235294,0.07058823529411765,0.611764705882353,0.23529411764705882,0.4235294117647059,0.3764705882352941,0.27058823529411763,1.7777777777777777,0.7688920395955852,1.7323937598229686,3.5225665662981207,0.8625419515223292,0.6430464993649643,0.6059436380339469,1.0828317345653056,1.530701754385965,0.440603207065988
85.0,545.0,0.32941176470588235,0.047058823529411764,0.6235294117647059,0.23529411764705882,0.4117647058823529,0.4,0.27058823529411763,1.7857142857142858,0.7559289460184545,1.7481880270062005,3.580943143492015,0.8784821155131044,0.6428038106709274,0.5975162752331992,1.0802349102844517,1.5352877307274702,0.444179945468948
85.0,545.0,0.3176470588235294,0.047058823529411764,0.6352941176470588,0.23529411764705882,0.4235294117647059,0.38823529411764707,0.27058823529411763,1.8076923076923077,0.7679476477883045,1.7160033436347992,3.5258624461340466,0.8784511036092303,0.6508846239164001,0.6062010836399787,1.0923720263678167,1.5301866081229418,0.4369345760785983
85.0,545.0,0.32941176470588235,0.058823529411764705,0.611764705882353,0.23529411764705882,0.4117647058823529,0.38823529411764707,0.27058823529411763,1.7857142857142858,0.7559289460184545,1.7481880270062005,3.5459072696448932,0.8776594073827516,0.6417105757403043,0.604009298339267,1.0832639333879424,1.53224043715847,0.43846281861424424
85.0,545.0,0.32941176470588235,0.08235294117647059,0.5882352941176471,0.23529411764705882,0.4,0.38823529411764707,0.27058823529411763,1.7719298245614035,0.7563432672038614,1.7558748556724915,3.45058720891535,0.8659431479388707,0.6517231070895346,0.6108165500301506,1.0960794855461609,1.529152915291529,0.44403711916145694
85.0,545.0,0.3411764705882353,0.047058823529411764,0.611764705882353,0.23529411764705882,0.4117647058823529,0.4,0.27058823529411763,1.7857142857142858,0.7559289460184545,1.7481880270062005,3.5669333896967736,0.8811370507964565,0.6486032770440907,0.6023278457943333,1.0862126894373594,1.5327510917030567,0.43485919554986724
84.0,545.0,0.30952380952380953,0.07142857142857142,0.6190476190476191,0.23809523809523808,0.39285714285714285,0.40476190476190477,0.27380952380952384,1.8148148148148149,0.7542101722512919,1.7323937598229686,3.505762817647521,0.8721408948716173,0.6410683853527602,0.6014760959305895,1.078794507939972,1.5312157721796276,0.4491600329059867
85.0,545.0,0.32941176470588235,0.047058823529411764,0.6235294117647059,0.23529411764705882,0.43529411764705883,0.3764705882352941,0.27058823529411763,1.7857142857142858,0.7559289460184545,1.7481880270062005,3.555505354610778,0.8787433445480685,0.6463138775655937,0.6031044833332367,1.0841278141316797,1.530701754385965,0.43412920391680104
84.0,545.0,0.30952380952380953,0.05952380952380952,0.6309523809523809,0.23809523809523808,0.40476190476190477,0.39285714285714285,0.27380952380952384,1.7924528301886793,0.7685773712625398,1.724275869600789,3.4739592846165706,0.8803945061536356,0.6401054130055738,0.6014760959305895,1.0762182785720238,1.5323110624315444,0.44615101424011483
84.0,545.0,0.32142857142857145,0.05952380952380952,0.6190476190476191,0.23809523809523808,0.40476190476190477,0.39285714285714285,0.27380952380952384,1.7857142857142858,0.7559289460184545,1.7481880270062005,3.536332867623871,0.876354073496332,0.6374497381556438,0.5978757577346208,1.074497360775378,1.5317286652078774,0.4433616150660039
84.0,545.0,0.32142857142857145,0.047619047619047616,0.6309523809523809,0.23809523809523808,0.40476190476190477,0.40476190476190477,0.27380952380952384,1.8,0.7552286874651746,1.7403626894942439,3.62727920268541,0.8760834619663584,0.6349044136386448,0.5939940367231397,1.0658510938291839,1.5358695652173913,0.44336386837285824
83.0,545.0,0.3253012048192771,0.04819277108433735,0.6265060240963854,0.24096385542168675,0.42168674698795183,0.39759036144578314,0.27710843373493976,1.8076923076923077,0.7679476477883045,1.7160033436347992,3.5701839397578183,0.8913343007131053,0.6346793308394851,0.5980857319646687,1.0667274538843214,1.5296703296703296,0.4458503899660828
84.0,545.0,0.30952380952380953,0.05952380952380952,0.6309523809523809,0.23809523809523808,0.4166666666666667,0.38095238095238093,0.27380952380952384,1.7777777777777777,0.7688920395955852,1.7323937598229686,3.4729627450453626,0.8730971883129025,0.6327145571609472,0.5981336434457493,1.0693900975429367,1.5334063526834611,0.444909521303912
84.0,545.0,0.30952380952380953,0.047619047619047616,0.6428571428571428,0.23809523809523808,0.42857142857142855,0.39285714285714285,0.27380952380952384,1.8076923076923077,0.7679476477883045,1.7160033436347992,3.6092649579486458,0.8822839355935306,0.6344184320997868,0.5969722804406062,1.066646586156369,1.5333333333333334,0.4421748332180743
85.0,545.0,0.3176470588235294,0.047058823529411764,0.6352941176470588,0.23529411764705882,0.43529411764705883,0.3764705882352941,0.27058823529411763,1.7924528301886793,0.7685773712625399,1.724275869600789,3.562726906564002,0.8703352977044221,0.6440163396028186,0.6020687439875719,1.0829037796812526,1.5317286652078774,0.43864713604773625
85.0,545.0,0.3411764705882353,0.047058823529411764,0.611764705882353,0.23529411764705882,0.4117647058823529,0.4,0.27058823529411763,1.7857142857142858,0.7559289460184545,1.7481880270062005,3.578721633913146,0.8783672898668489,0.6448637533146488,0.6001219146917159,1.08218311268731,1.5337690631808278,0.43892173219162045
85.0,545.0,0.3176470588235294,0.08235294117647059,0.6,0.23529411764705882,0.4,0.4,0.27058823529411763,1.7857142857142858,0.7559289460184545,1.7481880270062005,3.4955477058012425,0.8758370973635106,0.6467965298289813,0.605814874204637,1.0849910070451048,1.531798245614035,0.4397377835224588
85.0,545.0,0.32941176470588235,0.047058823529411764,0.6235294117647059,0.23529411764705882,0.4117647058823529,0.4,0.27058823529411763,1.8148148148148149,0.7542101722512919,1.7323937598229686,3.549539042205314,0.8823053559212832,0.6473993391485552,0.6040092983392671,1.0882935706947592,1.5327510917030567,0.44126737650657427
84.0,545.0,0.30952380952380953,0.05952380952380952,0.6309523809523809,0.23809523809523808,0.39285714285714285,0.40476190476190477,0.27380952380952384,1.8,0.7552286874651746,1.7403626894942439,3.605738724070725,0.8715524944902457,0.6367235408478938,0.5960674337205218,1.068235793653898,1.5342763873775844,0.44031865531947256
85.0,545.0,0.3176470588235294,0.058823529411764705,0.6235294117647059,0.23529411764705882,0.4,0.4,0.27058823529411763,1.7857142857142858,0.7559289460184545,1.7481880270062005,3.5448229532235307,0.8742002316357639,0.6458308645991877,0.6007715587679106,1.0846314268163064,1.5332606324972737,0.4394558790297113
85.0,545.0,0.32941176470588235,0.047058823529411764,0.6235294117647059,0.23529411764705882,0.4235294117647059,0.38823529411764707,0.27058823529411763,1.7857142857142858,0.7559289460184545,1.7481880270062005,3.5845050148301336,0.8793198690146289,0.6459516517009373,0.6038801220557429,1.0840558503636697,1.53224043715847,0.4365429402644292
85.0,545.0,0.3176470588235294,0.058823529411764705,0.6235294117647059,0.23529411764705882,0.4235294117647059,0.3764705882352941,0.27058823529411763,1.7857142857142858,0.7559289460184545,1.7481880270062005,3.5397379982282318,0.8687778290293064,0.6425610303158729,0.604654765805635,1.0836239673938053,1.5312157721796276,0.43753195597845745
85.0,545.0,0.3176470588235294,0.047058823529411764,0.6352941176470588,0.23529411764705882,0.43529411764705883,0.3764705882352941,0.27058823529411763,1.8,0.7552286874651746,1.7403626894942439,3.567666546762102,0.8798290426636401,0.643531602184752,0.6021983088260937,1.0816062333657832,1.5317286652078774,0.4380862080658903
85.0,545.0,0.3176470588235294,0.047058823529411764,0.6352941176470588,0.23529411764705882,0.4235294117647059,0.38823529411764707,0.27058823529411763,1.8148148148148149,0.7542101722512919,1.7323937598229686,3.582483187047829,0.8814848980330503,0.6461931581714855,0.603363140363347,1.083407961347703,1.5333333333333334,0.4363311445420668
85.0,545.0,0.3176470588235294,0.047058823529411764,0.6352941176470588,0.23529411764705882,0.4117647058823529,0.4,0.27058823529411763,1.830188679245283,0.7528369180997909,1.724275869600789,3.5884484067293982,0.8772779821867481,0.6465552487346636,0.6023278457943332,1.0839119084940572,1.5337690631808278,0.4399632947131937
84.0,545.0,0.30952380952380953,0.047619047619047616,0.6428571428571428,0.23809523809523808,0.40476190476190477,0.40476190476190477,0.27380952380952384,1.830188679245283,0.7528369180997909,1.724275869600789,3.5799424133124518,0.8815392799730988,0.6401054130055738,0.5978757577346208,1.0738513055847276,1.53224043715847,0.4395136963920335
85.0,545.0,0.3176470588235294,0.058823529411764705,0.6235294117647059,0.23529411764705882,0.4,0.4,0.27058823529411763,1.7719298245614035,0.7563432672038614,1.7558748556724915,3.5292169288590456,0.8861599553097221,0.6415889902037893,0.5999919014678586,1.075820426817105,1.5364526659412405,0.43801931514490405
84.0,545.0,0.30952380952380953,0.047619047619047616,0.6428571428571428,0.23809523809523808,0.40476190476190477,0.40476190476190477,0.27380952380952384,1.830188679245283,0.7528369180997909,1.724275869600789,3.5899117094027155,0.8914473010174004,0.6391409897818142,0.5985202636704094,1.0739231086877188,1.5332606324972737,0.4468113622521381
85.0,545.0,0.32941176470588235,0.047058823529411764,0.6235294117647059,0.23529411764705882,0.4470588235294118,0.36470588235294116,0.27058823529411763,1.7777777777777777,0.7688920395955852,1.7323937598229686,3.5865750073430087,0.8689780282416915,0.6447427624043727,0.6056860830012073,1.0826876299511503,1.5301866081229418,0.4330671207516005
84.0,545.0,0.30952380952380953,0.05952380952380952,0.6309523809523809,0.23809523809523808,0.42857142857142855,0.38095238095238093,0.27380952380952384,1.830188679245283,0.7528369180997909,1.724275869600789,3.5867454042078912,0.8785629889113755,0.6294154871161709,0.6001927401270403,1.0638959999902156,1.530701754385965,0.44071316072487476
83.0,545.0,0.3132530120481928,0.060240963855421686,0.6265060240963856,0.24096385542168675,0.39759036144578314,0.40963855421686746,0.27710843373493976,1.8148148148148149,0.7542101722512919,1.7323937598229686,3.579892363208141,0.8755584867496683,0.6313086146200004,0.5911656085454828,1.058120546943678,1.53224043715847,0.4474045329743124
85.0,545.0,0.3411764705882353,0.047058823529411764,0.611764705882353,0.23529411764705882,0.43529411764705883,0.3764705882352941,0.27058823529411763,1.7547169811320755,0.7821484311560958,1.724275869600789,3.573906298917997,0.8749537626438588,0.6465552487346636,0.6049127599447187,1.0850629087914605,1.530701754385965,0.4343609677956238
84.0,545.0,0.30952380952380953,0.047619047619047616,0.6428571428571428,0.23809523809523808,0.4166666666666667,0.39285714285714285,0.27380952380952384,1.830188679245283,0.7528369180997909,1.724275869600789,3.598965726917674,0.8871704866577704,0.6351472649651977,0.5978757577346208,1.069101638410966,1.53224043715847,0.4397690712745933
85.0,545.0,0.32941176470588235,0.047058823529411764,0.6235294117647059,0.23529411764705882,0.4235294117647059,0.38823529411764707,0.27058823529411763,1.7924528301886793,0.7685773712625398,1.724275869600789,3.548458748047671,0.882346937660237,0.6429251664690847,0.6015502055704358,1.0829037796812526,1.53224043715847,0.4368417047505674
84.0,545.0,0.30952380952380953,0.07142857142857142,0.6190476190476191,0.23809523809523808,0.39285714285714285,0.40476190476190477,0.27380952380952384,1.8148148148148149,0.7542101722512919,1.7323937598229686,3.5239403359174553,0.8768489564942467,0.6359965143497724,0.6001927401270403,1.072773682327254,1.5317286652078774,0.44561007118995766
85.0,545.0,0.3176470588235294,0.058823529411764705,0.6235294117647059,0.23529411764705882,0.4117647058823529,0.38823529411764707,0.27058823529411763,1.7857142857142858,0.7559289460184545,1.7481880270062005,3.551934551646134,0.8651234826652414,0.6461931581714856,0.604138447002447,1.0854942192533288,1.5317286652078774,0.4353400249593467
85.0,545.0,0.32941176470588235,0.047058823529411764,0.6235294117647059,0.23529411764705882,0.4117647058823529,0.4,0.27058823529411763,1.8,0.7552286874651746,1.7403626894942439,3.5354464966411876,0.8823388979688919,0.65076475241408,0.604138447002447,1.0910857399850409,1.5317286652078774,0.4381309265509023
84.0,545.0,0.30952380952380953,0.05952380952380952,0.6309523809523809,0.23809523809523808,0.39285714285714285,0.40476190476190477,0.27380952380952384,1.8,0.7552286874651746,1.7403626894942439,3.59611646779661,0.8673688496730103,0.6416695091993577,0.5987778718014186,1.0740667004932392,1.5332606324972737,0.44489465915190546
85.0,545.0,0.3176470588235294,0.047058823529411764,0.6352941176470588,0.23529411764705882,0.4117647058823529,0.4,0.27058823529411763,1.8,0.7552286874651746,1.7403626894942439,3.5683593698683986,0.8784484459940409,0.6470377209493136,0.601161008235838,1.0847752732110216,1.5332606324972737,0.4402222867494102
83.0,545.0,0.30120481927710846,0.04819277108433735,0.6506024096385542,0.24096385542168675,0.40963855421686746,0.40963855421686746,0.27710843373493976,1.8235294117647058,0.7669649888473704,1.7075701760979363,3.6284956378437996,0.8872426993493718,0.6279198044272785,0.5930959642863188,1.056535008512857,1.5327510917030567,0.4456791057680116
84.0,545.0,0.30952380952380953,0.047619047619047616,0.6428571428571428,0.23809523809523808,0.4166666666666667,0.39285714285714285,0.27380952380952384,1.8076923076923077,0.7679476477883045,1.7160033436347992,3.55047980859405,0.8670401626933365,0.6422700704325977,0.5974887204662004,1.0777218274440754,1.5317286652078774,0.44942840535299144
85.0,545.0,0.3176470588235294,0.058823529411764705,0.6235294117647059,0.23529411764705882,0.4,0.4,0.27058823529411763,1.8148148148148149,0.7542101722512919,1.7323937598229686,3.5500733278812477,0.8750328573201401,0.6478811827757656,0.6052995449714473,1.0879350820174774,1.5327510917030567,0.4406946164567648
85.0,545.0,0.32941176470588235,0.058823529411764705,0.611764705882353,0.23529411764705882,0.4117647058823529,0.4,0.27058823529411763,1.8,0.7552286874651746,1.7403626894942439,3.5023279102388654,0.8651834910001857,0.6511243007162789,0.6059436380339469,1.09165760993481,1.530701754385965,0.4431481428527187
85.0,527.0,0.32941176470588235,0.047058823529411764,0.6235294117647059,0.23529411764705882,0.4117647058823529,0.4,0.27058823529411763,1.7857142857142858,0.7559289460184545,1.7481880270062005,3.5072319155524068,0.8860942639859549,0.628957242908425,0.5926643295691747,1.046415406043957,1.5580890336590663,0.4117679525981727
85.0,527.0,0.3176470588235294,0.047058823529411764,0.6352941176470588,0.21176470588235294,0.4117647058823529,0.38823529411764707,0.24705882352941178,1.8070175438596492,0.7425486153211035,1.7558748556724915,3.561216548524755,0.8762631372703686,0.6304539785844336,0.5941260507254434,1.0567115560335034,1.5610021786492374,0.4064231171816707
85.0,527.0,0.3411764705882353,0.047058823529411764,0.611764705882353,0.2235294117647059,0.4117647058823529,0.38823529411764707,0.27058823529411763,1.7857142857142858,0.7559289460184545,1.7481880270062005,3.5368376433687865,0.8731527013698643,0.6309668006558456,0.5973192618978335,1.0572110130031998,1.5700325732899023,0.41423030576980513
85.0,527.0,0.32941176470588235,0.047058823529411764,0.6235294117647059,0.21176470588235294,0.4235294117647059,0.38823529411764707,0.24705882352941178,1.8214285714285714,0.7411819272962944,1.7481880270062005,3.501421956480909,0.8757175126663617,0.6370023005136204,0.6016223506794371,1.0644588963004726,1.5616139585605235,0.4128636931934819
85.0,527.0,0.3176470588235294,0.047058823529411764,0.6352941176470588,0.23529411764705882,0.4117647058823529,0.3764705882352941,0.27058823529411763,1.8545454545454545,0.8480518375617845,1.7403626894942439,3.5481884185089205,0.8774644688928576,0.6245527207359752,0.59096812967963,1.0543000233761333,1.5737527114967462,0.41998975938538696
85.0,527.0,0.32941176470588235,0.047058823529411764,0.6235294117647059,0.2235294117647059,0.4117647058823529,0.4,0.24705882352941178,1.793103448275862,0.7435953599143464,1.7634279935629373,3.5813655648127076,0.8826180147394334,0.6268596359376724,0.5974587425362069,1.0546859140305784,1.5630434782608695,0.40944527160516964
85.0,527.0,0.3176470588235294,0.047058823529411764,0.6352941176470588,0.2235294117647059,0.4117647058823529,0.3764705882352941,0.27058823529411763,1.7777777777777777,0.7439483312010688,1.7323937598229686,3.4958260020322225,0.8862382909361941,0.6265937331081162,0.5946629138070457,1.0477105125761093,1.561479869423286,0.41704760329931956
85.0,527.0,0.32941176470588235,0.047058823529411764,0.6235294117647059,0.2235294117647059,0.4235294117647059,0.3764705882352941,0.24705882352941178,1.7857142857142858,0.7559289460184545,1.7481880270062005,3.549953181888537,0.8692033895819063,0.6285852625952663,0.5945227772413036,1.0559492183030792,1.559432933478735,0.4034280522172092
85.0,527.0,0.3176470588235294,0.047058823529411764,0.6352941176470588,0.23529411764705882,0.4235294117647059,0.3764705882352941,0.27058823529411763,1.8148148148148149,0.7542101722512919,1.7323937598229686,3.5103537405812055,0.8758245281720638,0.6292231927395934,0.5980038897515949,1.055093172977209,1.5599128540305012,0.41095992845016155
85.0,527.0,0.32941176470588235,0.047058823529411764,0.6235294117647059,0.2235294117647059,0.4235294117647059,0.36470588235294116,0.27058823529411763,1.8727272727272728,0.8177327611676499,1.7403626894942439,3.4356281842851404,0.8800083942035171,0.6276566685382614,0.6013510656834237,1.0495381038029405,1.5555555555555556,0.4018511841168046
85.0,527.0,0.32941176470588235,0.047058823529411764,0.6235294117647059,0.2235294117647059,0.4470588235294118,0.3411764705882353,0.27058823529411763,1.7692307692307692,0.7570682517832987,1.7160033436347992,3.5480404698182464,0.8665275985917734,0.630173954664294,0.603149677428943,1.0713038027536306,1.5533553355335534,0.41965558208013454
85.0,527.0,0.32941176470588235,0.047058823529411764,0.6235294117647059,0.2235294117647059,0.4117647058823529,0.3764705882352941,0.27058823529411763,1.8,0.7552286874651746,1.7403626894942439,3.5790642244518427,0.8589987068067377,0.6313628502899048,0.5971797486815837,1.0634975307527004,1.5602605863192183,0.41198438756202843
85.0,527.0,0.32941176470588235,0.047058823529411764,0.6235294117647059,0.21176470588235294,0.4117647058823529,0.38823529411764707,0.24705882352941178,1.8135593220338984,0.7981568481062118,1.7708520116421442,3.494668849745418,0.8872024669490258,0.6319004317906549,0.5955213736718042,1.0586733058541238,1.5561613958560523,0.41863845161085705
85.0,527.0,0.32941176470588235,0.047058823529411764,0.6235294117647059,0.2235294117647059,0.4117647058823529,0.4,0.27058823529411763,1.7857142857142858,0.7559289460184545,1.7481880270062005,3.564199770359342,0.8741819482859049,0.6341282718034462,0.5939619003468328,1.0642807345361565,1.566304347826087,0.4211122439925778
85.0,527.0,0.3176470588235294,0.047058823529411764,0.6352941176470588,0.2235294117647059,0.4117647058823529,0.4,0.27058823529411763,1.8,0.7552286874651746,1.7403626894942439,3.628289265684225,0.8750644078853796,0.6265937331081161,0.5912904696398666,1.046118707502659,1.566017316017316,0.4205266851066381
85.0,527.0,0.32941176470588235,0.047058823529411764,0.6235294117647059,0.2,0.4117647058823529,0.38823529411764707,0.27058823529411763,1.8148148148148149,0.7542101722512919,1.7323937598229686,3.600940139687797,0.8713700496318192,0.634778009774379,0.5956744432389578,1.059724432584185,1.5580890336590663,0.41254353877129485
85.0,527.0,0.32941176470588235,0.047058823529411764,0.6235294117647059,0.2235294117647059,0.4117647058823529,0.4,0.24705882352941178,1.8,0.731842346642351,1.7781512503836436,3.5638647185929773,0.8831949150593653,0.6345223481460242,0.5939619003468328,1.0600445596158115,1.5588235294117647,0.41048864495647774
85.0,527.0,0.32941176470588235,0.047058823529411764,0.6235294117647059,0.21176470588235294,0.4117647058823529,0.38823529411764707,0.24705882352941178,1.793103448275862,0.7435953599143464,1.7634279935629373,3.4952565238786453,0.8878999297093926,0.6313748322173446,0.59663528254657,1.052855923259673,1.5544662309368191,0.40353262459710165
85.0,527.0,0.3176470588235294,0.047058823529411764,0.6352941176470588,0.23529411764705882,0.4235294117647059,0.3764705882352941,0.27058823529411763,1.7924528301886793,0.7685773712625399,1.724275869600789,3.5063409313298672,0.8709266874506936,0.6273591763577928,0.5980038897515948,1.0503252912454872,1.556644880174292,0.4150643307068762
85.0,527.0,0.3176470588235294,0.047058823529411764,0.6352941176470588,0.21176470588235294,0.4235294117647059,0.38823529411764707,0.27058823529411763,1.7924528301886793,0.7685773712625399,1.724275869600789,3.5699582129450866,0.86883554088768,0.6317690728915765,0.5971914578417559,1.0633667394761526,1.5642701525054465,0.4256586865207296
85.0,527.0,0.3176470588235294,0.047058823529411764,0.6352941176470588,0.23529411764705882,0.4235294117647059,0.38823529411764707,0.24705882352941178,1.8214285714285714,0.7411819272962944,1.7481880270062005,3.529599612155121,0.8776792823856451,0.6317441322153984,0.591816837307253,1.0584969440029446,1.5631808278867103,0.4115404738069177
85.0,527.0,0.32941176470588235,0.047058823529411764,0.6235294117647059,0.23529411764705882,0.43529411764705883,0.36470588235294116,0.27058823529411763,1.7777777777777777,0.7688920395955852,1.7323937598229686,3.528150347459035,0.8677262914790476,0.6234802719260245,0.5984234048478532,1.051996507889421,1.5627044711014177,0.4147089975865442
85.0,527.0,0.3176470588235294,0.047058823529411764,0.6352941176470588,0.23529411764705882,0.4235294117647059,0.3764705882352941,0.27058823529411763,1.8076923076923077,0.7679476477883045,1.7160033436347992,3.5717309640862562,0.8639944854403984,0.6345187812588416,0.5946371142678186,1.0644862938019866,1.5627044711014177,0.4182864056194802
85.0,527.0,0.32941176470588235,0.047058823529411764,0.6235294117647059,0.2,0.43529411764705883,0.3764705882352941,0.27058823529411763,1.7924528301886793,0.7685773712625399,1.724275869600789,3.4654936697501646,0.8814773100821695,0.621750813488872,0.5920549810018496,1.0415476122441205,1.5549510337323178,0.4107094143261468
85.0,527.0,0.32941176470588235,0.047058823529411764,0.6235294117647059,0.21176470588235294,0.4235294117647059,0.38823529411764707,0.27058823529411763,1.7857142857142858,0.7559289460184545,1.7481880270062005,3.5217402230408505,0.873368316294975,0.6329503215708866,0.5974693513386522,1.063678898711392,1.563794983642312,0.41323893010392665
85.0,527.0,0.32941176470588235,0.047058823529411764,0.6235294117647059,0.2,0.43529411764705883,0.3764705882352941,0.27058823529411763,1.7777777777777777,0.7688920395955852,1.7323937598229686,3.4853776210454894,0.8794426348952553,0.6232117273791125,0.5970607016723521,1.0470101044069053,1.556644880174292,0.4145741995895211
85.0,527.0,0.35294117647058826,0.047058823529411764,0.5999999999999999,0.21176470588235294,0.4117647058823529,0.4,0.27058823529411763,1.7719298245614035,0.7563432672038614,1.7558748556724915,3.560332805296205,0.8833016176873661,0.6275510703874164,0.5921670751245255,1.0521462099102825,1.56941431670282,0.41799321420616353
85.0,527.0,0.32941176470588235,0.047058823529411764,0.6235294117647059,0.23529411764705882,0.4117647058823529,0.38823529411764707,0.27058823529411763,1.7857142857142858,0.7559289460184545,1.7481880270062005,3.6718991973836355,0.8658410635233988,0.6293561255113257,0.5963228780714339,1.064957702594619,1.5824295010845988,0.4170267395994634
85.0,527.0,0.32941176470588235,0.047058823529411764,0.6235294117647059,0.23529411764705882,0.4235294117647059,0.3764705882352941,0.24705882352941178,1.8135593220338984,0.730483455197155,1.7708520116421442,3.5152237448348473,0.8776804064651318,0.6393781525414706,0.5999591171730929,1.0663706786036309,1.561269146608315,0.40126485667406386
85.0,527.0,0.32941176470588235,0.047058823529411764,0.6235294117647059,0.2,0.4117647058823529,0.4,0.2235294117647059,1.8070175438596492,0.7425486153211035,1.7558748556724915,3.539544510969008,0.877722232735858,0.6295469522437267,0.6022993859074989,1.0570686732157848,1.5627044711014177,0.4132632197673253
85.0,527.0,0.3411764705882353,0.047058823529411764,0.611764705882353,0.2235294117647059,0.4117647058823529,0.38823529411764707,0.27058823529411763,1.75,0.7446780878644507,1.7481880270062005,3.5828485412071713,0.8787154898484767,0.6318905303304398,0.5971797486815839,1.0569745412349973,1.5577342047930283,0.41023884979181785
85.0,527.0,0.3176470588235294,0.047058823529411764,0.6352941176470588,0.23529411764705882,0.4117647058823529,0.4,0.27058823529411763,1.8363636363636364,0.8336363085599708,1.7403626894942439,3.5666826067852377,0.8778928619665018,0.6257570286570409,0.592946557809487,1.0511214400829796,1.5748373101952278,0.4163847685635908
85.0,527.0,0.3176470588235294,0.047058823529411764,0.6352941176470588,0.21176470588235294,0.4117647058823529,0.38823529411764707,0.27058823529411763,1.8363636363636364,0.8336363085599708,1.7403626894942439,3.5073222592694377,0.8818987825875116,0.6256967529525107,0.5886526896126303,1.0485112837836346,1.5698808234019501,0.4175484954373808
85.0,527.0,0.3411764705882353,0.047058823529411764,0.611764705882353,0.21176470588235294,0.4117647058823529,0.3764705882352941,0.24705882352941178,1.8070175438596492,0.7425486153211035,1.7558748556724915,3.5321126912893153,0.8841681975525788,0.6373930604928539,0.5995494469291426,1.065160405773528,1.560655737704918,0.408068493328959
85.0,527.0,0.3411764705882353,0.047058823529411764,0.611764705882353,0.2235294117647059,0.4117647058823529,0.38823529411764707,0.27058823529411763,1.7636363636363637,0.7444519824735202,1.7403626894942439,3.5372966971546744,0.8770134913084932,0.6375355076139078,0.5982949435066149,1.0630273315039707,1.5588235294117647,0.4137416170553557
85.0,527.0,0.3411764705882353,0.047058823529411764,0.611764705882353,0.21176470588235294,0.4235294117647059,0.3764705882352941,0.27058823529411763,1.7777777777777777,0.7688920395955852,1.7323937598229686,3.593493556022421,0.8637238550026276,0.6338675486418492,0.596217810598294,1.063522830546675,1.559432933478735,0.41228690300547016
85.0,527.0,0.3176470588235294,0.047058823529411764,0.6352941176470588,0.2235294117647059,0.4235294117647059,0.3764705882352941,0.27058823529411763,1.8,0.7552286874651746,1.7403626894942439,3.654830428763939,0.8656051552978089,0.6342596577894565,0.5970402028646199,1.0640458339322145,1.5630434782608695,0.4096427176506991
85.0,527.0,0.32941176470588235,0.047058823529411764,0.6235294117647059,0.23529411764705882,0.4235294117647059,0.38823529411764707,0.27058823529411763,1.7777777777777777,0.7688920395955852,1.7323937598229686,3.5352747786560608,0.8773881062521051,0.6225403636876967,0.5896927779463306,1.0419290002307364,1.5580890336590663,0.40956082581038045
85.0,527.0,0.3411764705882353,0.047058823529411764,0.611764705882353,0.21176470588235294,0.43529411764705883,0.36470588235294116,0.27058823529411763,1.7636363636363637,0.7689250881885643,1.7403626894942439,3.4829114438172235,0.8758009935517939,0.6301906303993049,0.598995461062356,1.0584380878555426,1.5530054644808744,0.41653658858740694
85.0,527.0,0.3411764705882353,0.047058823529411764,0.611764705882353,0.2235294117647059,0.4235294117647059,0.38823529411764707,0.27058823529411763,1.7777777777777777,0.7688920395955852,1.7323937598229686,3.4886752222245443,0.8833913266372374,0.6249959404548874,0.5962022420655501,1.0477900393500916,1.5560391730141458,0.41428279305437976
85.0,527.0,0.3411764705882353,0.047058823529411764,0.611764705882353,0.21176470588235294,0.4235294117647059,0.38823529411764707,0.27058823529411763,1.7857142857142858,0.7559289460184545,1.7481880270062005,3.5656559548950164,0.8784763531954096,0.6311118682829628,0.5973304207506058,1.0585164996627268,1.565359477124183,0.4152312790562574
85.0,527.0,0.32941176470588235,0.058823529411764705,0.611764705882353,0.23529411764705882,0.4117647058823529,0.38823529411764707,0.27058823529411763,1.7719298245614035,0.7563432672038614,1.7558748556724915,3.5337555128988254,0.8840985903103376,0.6232118713619867,0.5932286517798675,1.0416881117734627,1.5641304347826086,0.4109744149333517
85.0,527.0,0.3411764705882353,0.047058823529411764,0.611764705882353,0.2235294117647059,0.4117647058823529,0.38823529411764707,0.27058823529411763,1.793103448275862,0.7435953599143464,1.7634279935629373,3.6105887990546957,0.8770290259028034,0.6297771573667282,0.5921353813779177,1.0549228988181245,1.5602605863192183,0.4141322634606507
85.0,527.0,0.3176470588235294,0.047058823529411764,0.6352941176470588,0.23529411764705882,0.4235294117647059,0.3764705882352941,0.27058823529411763,1.8,0.7552286874651746,1.7403626894942439,3.4788410172863666,0.8695855103934039,0.6269590232612242,0.6016299689391781,1.0517579252374933,1.5636561479869424,0.41790889376970164
85.0,527.0,0.32941176470588235,0.047058823529411764,0.6235294117647059,0.2235294117647059,0.4117647058823529,0.38823529411764707,0.27058823529411763,1.7857142857142858,0.7559289460184545,1.7481880270062005,3.5359861851584253,0.8706395655576592,0.6341282718034462,0.6013510656834237,1.0657672360705728,1.5641304347826086,0.416827381121095
85.0,527.0,0.32941176470588235,0.047058823529411764,0.6235294117647059,0.21176470588235294,0.4117647058823529,0.3764705882352941,0.27058823529411763,1.8,0.7552286874651746,1.7403626894942439,3.5512785780791982,0.8661166279964232,0.6270218249827161,0.5955213736718044,1.0567900959460597,1.559652928416486,0.4119881434054825
85.0,527.0,0.3176470588235294,0.047058823529411764,0.6352941176470588,0.21176470588235294,0.4235294117647059,0.3764705882352941,0.27058823529411763,1.8148148148148149,0.7542101722512919,1.7323937598229686,3.469599763082869,0.8757003587114269,0.6284761774235603,0.5978859494032552,1.057496692668156,1.5544662309368191,0.418297743066796
85.0,527.0,0.3176470588235294,0.047058823529411764,0.6352941176470588,0.21176470588235294,0.4235294117647059,0.3764705882352941,0.24705882352941178,1.8076923076923077,0.7679476477883045,1.7160033436347992,3.538681680987967,0.8680742978405808,0.6262271182207391,0.5938465927162874,1.046926944692381,1.5572519083969465,0.414700947528048
85.0,527.0,0.32941176470588235,0.047058823529411764,0.6235294117647059,0.21176470588235294,0.4235294117647059,0.3764705882352941,0.27058823529411763,1.7924528301886793,0.7685773712625399,1.724275869600789,3.4950108228884953,0.8656666207453755,0.6309803452189916,0.5969134349713479,1.05529683806308,1.559782608695652,0.4122821718444041
85.0,527.0,0.32941176470588235,0.047058823529411764,0.6235294117647059,0.18823529411764706,0.4235294117647059,0.38823529411764707,0.27058823529411763,1.8,0.7552286874651746,1.7403626894942439,3.5460266184954587,0.8738329899061791,0.6240401084825586,0.595130919435174,1.0508531098182907,1.554229934924078,0.4168807424981084
85.0,527.0,0.32941176470588235,0.058823529411764705,0.611764705882353,0.2,0.4235294117647059,0.3764705882352941,0.27058823529411763,1.7857142857142858,0.7559289460184545,1.7481880270062005,3.52295303912003,0.8646039062838345,0.6288900106557946,0.6010627712863733,1.059100147149986,1.559432933478735,0.41753692392300235
85.0,527.0,0.3176470588235294,0.047058823529411764,0.6352941176470588,0.21176470588235294,0.43529411764705883,0.3764705882352941,0.27058823529411763,1.7924528301886793,0.7685773712625399,1.724275869600789,3.4884831356257475,0.8740978294658254,0.6309803452189916,0.596217810598294,1.0518306280427643,1.5534934497816595,0.4160516580358535
85.0,527.0,0.32941176470588235,0.047058823529411764,0.6235294117647059,0.21176470588235294,0.43529411764705883,0.3764705882352941,0.24705882352941178,1.7857142857142858,0.7559289460184545,1.7481880270062005,3.48134930279591,0.8683131221800651,0.6334746139478874,0.6017602903748184,1.0618827299473308,1.5515350877192982,0.4050707605734408
85.0,527.0,0.3176470588235294,0.047058823529411764,0.6352941176470588,0.23529411764705882,0.43529411764705883,0.38823529411764707,0.24705882352941178,1.8363636363636364,0.8336363085599708,1.7403626894942439,3.5485870917258566,0.8643132452540429,0.6301531332477426,0.5971639754160644,1.0655074159179507,1.5709606986899562,0.4141721418042195
85.0,527.0,0.3176470588235294,0.047058823529411764,0.6352941176470588,0.2235294117647059,0.4117647058823529,0.38823529411764707,0.24705882352941178,1.8070175438596492,0.7425486153211035,1.7558748556724915,3.558744477075613,0.8692739768144564,0.6351785987347254,0.5956429466122274,1.059336883518233,1.5647442872687705,0.40849369218715104
85.0,527.0,0.32941176470588235,0.047058823529411764,0.6235294117647059,0.21176470588235294,0.4235294117647059,0.3764705882352941,0.24705882352941178,1.7857142857142858,0.7559289460184545,1.7481880270062005,3.514530786384667,0.8745171582189138,0.6308487947343195,0.5995494469291426,1.056240193916679,1.5502183406113537,0.4146557423902883
85.0,527.0,0.3176470588235294,0.047058823529411764,0.6352941176470588,0.23529411764705882,0.4235294117647059,0.3764705882352941,0.24705882352941178,1.8727272727272728,0.9037892546578637,1.7403626894942439,3.540080641019488,0.8686141114794526,0.629621906856065,0.5963228780714339,1.0609440513134476,1.5703380588876772,0.42632733857557875
85.0,527.0,0.32941176470588235,0.047058823529411764,0.6235294117647059,0.21176470588235294,0.43529411764705883,0.3764705882352941,0.27058823529411763,1.7777777777777777,0.7688920395955852,1.7323937598229686,3.55312691856621,0.8769114841875462,0.6233045246318224,0.5945449914475897,1.0440690758112212,1.5610021786492374,0.4147425718085374
85.0,527.0,0.3176470588235294,0.047058823529411764,0.6352941176470588,0.2235294117647059,0.4117647058823529,0.3764705882352941,0.27058823529411763,1.8148148148148149,0.7542101722512919,1.7323937598229686,3.551774156342515,0.8703046010392776,0.6293801099054512,0.5948030173563841,1.0560281246414118,1.562296858071506,0.4109517550003958
85.0,527.0,0.32941176470588235,0.047058823529411764,0.6235294117647059,0.23529411764705882,0.4235294117647059,0.3764705882352941,0.27058823529411763,1.793103448275862,0.7435953599143464,1.7634279935629373,3.547055632916196,0.8728920145362254,0.6297547554646074,0.6016299689391782,1.0548552907159612,1.5636561479869424,0.41462982572458157
85.0,527.0,0.36470588235294116,0.047058823529411764,0.588235294117647,0.21176470588235294,0.4235294117647059,0.38823529411764707,0.24705882352941178,1.7666666666666666,0.7448504949901059,1.7781512503836436,3.556928763942222,0.8741717928963276,0.636871993908282,0.5998262479942912,1.0702132102054902,1.5689277899343546,0.4186758727398193
84.0,527.0,0.32142857142857145,0.047619047619047616,0.6309523809523809,0.23809523809523808,0.44047619047619047,0.36904761904761907,0.27380952380952384,1.7924528301886793,0.7685773712625398,1.724275869600789,3.544880450261598,0.8652970464576191,0.6242320575727115,0.5956293916219315,1.056873651514949,1.5570175438596492,0.42898420480636884
85.0,527.0,0.3176470588235294,0.058823529411764705,0.6235294117647059,0.23529411764705882,0.4235294117647059,0.36470588235294116,0.2235294117647059,1.793103448275862,0.7435953599143464,1.7634279935629373,3.4407880145532825,0.8736560699037107,0.6273591763577928,0.5994011315723696,1.053188610444414,1.553238199780461,0.4089809767913147
85.0,527.0,0.3176470588235294,0.047058823529411764,0.6352941176470588,0.21176470588235294,0.4235294117647059,0.38823529411764707,0.24705882352941178,1.8,0.7552286874651746,1.7403626894942439,3.515010619230957,0.8824724494033954,0.6243688687834896,0.5917464509033689,1.0414424733572534,1.5544662309368191,0.40003318468873955
85.0,527.0,0.32941176470588235,0.047058823529411764,0.6235294117647059,0.23529411764705882,0.4117647058823529,0.38823529411764707,0.27058823529411763,1.7857142857142858,0.7559289460184545,1.7481880270062005,3.464346276851462,0.8858425296616935,0.628025531603953,0.5916754705775285,1.0416881117734629,1.5585683297180044,0.4060809749241887
85.0,527.0,0.3176470588235294,0.047058823529411764,0.6352941176470588,0.21176470588235294,0.4117647058823529,0.4,0.27058823529411763,1.8,0.7552286874651746,1.7403626894942439,3.520727436917289,0.8850161379516702,0.6255640913770395,0.5893572432428857,1.0439895788897338,1.5568797399783316,0.41246201872490745
85.0,527.0,0.32941176470588235,0.047058823529411764,0.6235294117647059,0.23529411764705882,0.4235294117647059,0.38823529411764707,0.27058823529411763,1.7857142857142858,0.7559289460184545,1.7481880270062005,3.532432347069632,0.8734705374138201,0.6305512593386893,0.5939333005301681,1.0579435880060113,1.5577342047930283,0.4132399644953864
85.0,527.0,0.3411764705882353,0.047058823529411764,0.611764705882353,0.2235294117647059,0.4117647058823529,0.38823529411764707,0.27058823529411763,1.8363636363636364,0.8336363085599708,1.7403626894942439,3.4917855681995347,0.8699186003069063,0.6296448360323015,0.5982949435066148,1.0557913879348222,1.5574837310195229,0.41509757257746455
85.0,527.0,0.3176470588235294,0.047058823529411764,0.6352941176470588,0.2235294117647059,0.4235294117647059,0.38823529411764707,0.27058823529411763,1.7924528301886793,0.7685773712625399,1.724275869600789,3.5017653784350453,0.877956897474359,0.6252625227715436,0.593821598348231,1.050569683799376,1.5565217391304347,0.41544296312635803
85.0,527.0,0.3176470588235294,0.047058823529411764,0.6352941176470588,0.2235294117647059,0.4117647058823529,0.38823529411764707,0.27058823529411763,1.8518518518518519,0.8334381485445312,1.7323937598229686,3.5184202481826903,0.8805307726964837,0.6225915630709875,0.5922760828180934,1.0455610031918858,1.57204767063922,0.40922385656020144
85.0,527.0,0.3176470588235294,0.047058823529411764,0.6352941176470588,0.23529411764705882,0.4117647058823529,0.4,0.24705882352941178,1.8135593220338984,0.730483455197155,1.7708520116421442,3.470747487283712,0.897412470661302,0.6298875760542569,0.5950590029370353,1.0432929842352823,1.5684782608695653,0.38949575676214526
85.0,527.0,0.32941176470588235,0.047058823529411764,0.6235294117647059,0.23529411764705882,0.4235294117647059,0.3764705882352941,0.27058823529411763,1.8,0.8255189164891872,1.7403626894942439,3.4554090890696973,0.8840478507417727,0.6321412562871106,0.592805460485056,1.0502456431676819,1.5627044711014177,0.4144987043929899
85.0,527.0,0.32941176470588235,0.047058823529411764,0.6235294117647059,0.23529411764705882,0.4235294117647059,0.38823529411764707,0.27058823529411763,1.8448275862068966,0.8335450426779701,1.7634279935629373,3.5263559551210304,0.8714671976904537,0.6312142448010081,0.595340095954286,1.064407705371898,1.5675381263616557,0.41895885789421455
85.0,527.0,0.3411764705882353,0.047058823529411764,0.611764705882353,0.2,0.4235294117647059,0.38823529411764707,0.27058823529411763,1.7719298245614035,0.7563432672038614,1.7558748556724915,3.5513871128529195,0.8826904880762363,0.6255949549181544,0.6007876223723049,1.0522085616183026,1.5641304347826086,0.4201731581493247
85.0,527.0,0.32941176470588235,0.047058823529411764,0.6235294117647059,0.21176470588235294,0.4117647058823529,0.4,0.27058823529411763,1.7857142857142858,0.7559289460184545,1.7481880270062005,3.4867570691055065,0.8797375921100131,0.6284761774235603,0.5914658685730436,1.0450225671651816,1.5579631635969664,0.4199118376352982
85.0,527.0,0.32941176470588235,0.047058823529411764,0.6235294117647059,0.21176470588235294,0.4235294117647059,0.38823529411764707,0.27058823529411763,1.8,0.7552286874651746,1.7403626894942439,3.583970139530482,0.8664797315125385,0.6274188008893725,0.5959393334935654,1.0496979688203727,1.5619565217391305,0.3990605999085329
85.0,527.0,0.3176470588235294,0.047058823529411764,0.6352941176470588,0.21176470588235294,0.4117647058823529,0.4,0.27058823529411763,1.8,0.7552286874651746,1.7403626894942439,3.5107386420527327,0.8768115714184591,0.6263596393686183,0.5916061763722544,1.0434329308517272,1.5601300108342362,0.4086919054872306
85.0,527.0,0.3176470588235294,0.047058823529411764,0.6352941176470588,0.2235294117647059,0.43529411764705883,0.36470588235294116,0.27058823529411763,1.8076923076923077,0.7679476477883046,1.7160033436347992,3.540903710507029,0.8621140402037047,0.6243289866658637,0.5970402028646201,1.0548439098046982,1.559432933478735,0.4158793221564159
85.0,527.0,0.3176470588235294,0.047058823529411764,0.6352941176470588,0.2,0.4470588235294118,0.35294117647058826,0.27058823529411763,1.8076923076923077,0.7679476477883045,1.7160033436347992,3.5137526232803062,0.8744127539509514,0.6298095370110339,0.5992720451739628,1.0579286190301134,1.5471491228070176,0.41635361482716443
85.0,527.0,0.32941176470588235,0.047058823529411764,0.6235294117647059,0.2235294117647059,0.4117647058823529,0.3764705882352941,0.27058823529411763,1.8070175438596492,0.7425486153211035,1.7558748556724915,3.581919880327285,0.8829532071676621,0.6271254260237397,0.5925573854707162,1.051758711159511,1.5700325732899023,0.41418319673253834
85.0,527.0,0.3176470588235294,0.047058823529411764,0.6352941176470588,0.21176470588235294,0.4117647058823529,0.38823529411764707,0.27058823529411763,1.8518518518518519,0.8334381485445312,1.7323937598229686,3.509048896317262,0.889427520828526,0.6227716704272648,0.590482780479098,1.038489594853946,1.5633802816901408,0.41108985205757
85.0,527.0,0.3176470588235294,0.047058823529411764,0.6352941176470588,0.23529411764705882,0.43529411764705883,0.3764705882352941,0.24705882352941178,1.8421052631578947,0.8191780219091254,1.7558748556724915,3.4870726680482274,0.866919816472246,0.6309491342138975,0.6005165843072087,1.0563609736537194,1.555191256830601,0.4105636186936893
85.0,527.0,0.32941176470588235,0.047058823529411764,0.6235294117647059,0.2235294117647059,0.4117647058823529,0.38823529411764707,0.27058823529411763,1.7636363636363637,0.7444519824735202,1.7403626894942439,3.5633293169071334,0.878749199524029,0.633996858589735,0.5914313720844601,1.0621647589418275,1.55119825708061,0.42056817421173326
85.0,527.0,0.35294117647058826,0.047058823529411764,0.5999999999999999,0.23529411764705882,0.4235294117647059,0.38823529411764707,0.27058823529411763,1.7586206896551724,0.7565003641558523,1.7634279935629373,3.482385016035379,0.8718730713828605,0.6351776255161272,0.5998196694356539,1.0573899424254485,1.5528898582333697,0.41176559534076573
85.0,527.0,0.32941176470588235,0.047058823529411764,0.6235294117647059,0.21176470588235294,0.4235294117647059,0.3764705882352941,0.27058823529411763,1.7857142857142858,0.7559289460184545,1.7481880270062005,3.5802359017234133,0.8752922848530487,0.6275510703874164,0.5914658685730436,1.0523828342069128,1.5647442872687705,0.4140577451576161
85.0,527.0,0.3176470588235294,0.047058823529411764,0.6352941176470588,0.21176470588235294,0.4117647058823529,0.38823529411764707,0.24705882352941178,1.8214285714285714,0.7411819272962944,1.7481880270062005,3.4544826804854165,0.8839176714604441,0.629927172118496,0.5948241213377973,1.0439100759143143,1.5630434782608695,0.41000694693455975
85.0,527.0,0.3176470588235294,0.047058823529411764,0.6352941176470588,0.2235294117647059,0.4117647058823529,0.4,0.27058823529411763,1.8,0.7552286874651746,1.7403626894942439,3.5293846536768676,0.8851515775692951,0.6271254260237397,0.591149533610711,1.038925403625046,1.5579631635969664,0.41114463318154737
85.0,527.0,0.32941176470588235,0.047058823529411764,0.6235294117647059,0.2,0.4117647058823529,0.4,0.27058823529411763,1.793103448275862,0.7435953599143464,1.7634279935629373,3.5352662353768425,0.882402679264193,0.6279691378525206,0.5920549810018496,1.0492186561245413,1.561213434452871,0.4146998231722959
85.0,527.0,0.3411764705882353,0.047058823529411764,0.611764705882353,0.23529411764705882,0.4117647058823529,0.3764705882352941,0.27058823529411763,1.7857142857142858,0.7559289460184545,1.7481880270062005,3.6390912424982154,0.867704443027355,0.628824225813341,0.5951995660395247,1.0636215017020245,1.5656894679695983,0.4168285483875501
85.0,527.0,0.32941176470588235,0.047058823529411764,0.6235294117647059,0.2235294117647059,0.4117647058823529,0.4,0.27058823529411763,1.7857142857142858,0.7559289460184545,1.7481880270062005,3.578127658433364,0.8769107411756573,0.6265937331081161,0.593400493316722,1.0527089660894846,1.5709642470205851,0.42042070295745476
85.0,527.0,0.32941176470588235,0.047058823529411764,0.6235294117647059,0.23529411764705882,0.4235294117647059,0.36470588235294116,0.27058823529411763,1.8928571428571428,0.8878691842336282,1.7481880270062005,3.5464835901753045,0.8911624116921227,0.6298875760542569,0.5943556887843497,1.0592079769330254,1.5757906215921482,0.42098185677684147
85.0,527.0,0.32941176470588235,0.047058823529411764,0.6235294117647059,0.2235294117647059,0.4117647058823529,0.4,0.27058823529411763,1.8363636363636364,0.8336363085599708,1.7403626894942439,3.657233237510891,0.8756678046405093,0.6253957713171782,0.5932600585491626,1.0513625181192503,1.5714285714285714,0.41800011485325006
85.0,527.0,0.3411764705882353,0.047058823529411764,0.611764705882353,0.23529411764705882,0.4235294117647059,0.3764705882352941,0.24705882352941178,1.8275862068965518,0.8194549115644586,1.7634279935629373,3.525187441344976,0.8798827731883351,0.6281587178282634,0.6006558702495272,1.0577063468143573,1.5650273224043716,0.4102799421574809
85.0,527.0,0.3176470588235294,0.047058823529411764,0.6352941176470588,0.2235294117647059,0.4117647058823529,0.4,0.27058823529411763,1.8,0.7552286874651746,1.7403626894942439,3.4540604789312317,0.886362508020247,0.6300417166652242,0.593821598348231,1.048982217457885,1.5570032573289903,0.4147752221162307
85.0,527.0,0.32941176470588235,0.047058823529411764,0.6235294117647059,0.2235294117647059,0.4117647058823529,0.4,0.27058823529411763,1.7857142857142858,0.7559289460184545,1.7481880270062005,3.5302778458048567,0.8753522327029147,0.6288503233278218,0.591853878150702,1.0465168857600429,1.5644637053087758,0.406252242057061
85.0,527.0,0.32941176470588235,0.047058823529411764,0.6235294117647059,0.2235294117647059,0.4235294117647059,0.38823529411764707,0.27058823529411763,1.8214285714285714,0.8335497554466649,1.7481880270062005,3.552087158596771,0.8669761735362109,0.6321542051737302,0.5980163397667638,1.0613014853242444,1.5658324265505985,0.40646207981438753
85.0,527.0,0.3176470588235294,0.058823529411764705,0.6235294117647059,0.2235294117647059,0.4588235294117647,0.3411764705882353,0.27058823529411763,1.7692307692307692,0.782539471293768,1.7160033436347992,3.4598612688780443,0.8620843024290418,0.6336024554129611,0.6060438513481271,1.0650633623839245,1.5577557755775577,0.4180042604877711
85.0,527.0,0.3176470588235294,0.047058823529411764,0.6352941176470588,0.2235294117647059,0.4235294117647059,0.3764705882352941,0.27058823529411763,1.8,0.7552286874651746,1.7403626894942439,3.5119150160300445,0.8808855258811604,0.6216540160054984,0.5945227772413036,1.0401277422889266,1.5641304347826086,0.4101091602576245
85.0,527.0,0.32941176470588235,0.047058823529411764,0.6235294117647059,0.2235294117647059,0.4117647058823529,0.3764705882352941,0.27058823529411763,1.7636363636363637,0.7444519824735202,1.7403626894942439,3.5373023047253738,0.8816248178904079,0.6300417166652242,0.5938215983482311,1.0562648082890844,1.5577342047930283,0.40860864731156826
85.0,527.0,0.32941176470588235,0.047058823529411764,0.6235294117647059,0.21176470588235294,0.43529411764705883,0.3764705882352941,0.24705882352941178,1.8070175438596492,0.7425486153211035,1.7558748556724915,3.5315357251434922,0.8897467123254363,0.6308487947343195,0.5971914578417559,1.0624297114656267,1.5515350877192982,0.39778873974677387
84.0,554.0,0.30952380952380953,0.05952380952380952,0.6309523809523809,0.23809523809523808,0.39285714285714285,0.38095238095238093,0.27380952380952384,1.8148148148148149,0.7542101722512919,1.7323937598229686,3.5153536829513095,0.8956215997697043,0.6318898677130764,0.6001920264790205,1.062513233563161,1.525,0.44470913023871506
85.0,554.0,0.3176470588235294,0.047058823529411764,0.6352941176470588,0.23529411764705882,0.4117647058823529,0.3764705882352941,0.27058823529411763,1.8627450980392157,0.7488553356460046,1.7075701760979363,3.5075886381524484,0.9041486217773367,0.6398481097489743,0.6059515294352671,1.0756269474374427,1.525,0.4394772581182596
83.0,554.0,0.30120481927710846,0.04819277108433735,0.6506024096385542,0.24096385542168675,0.39759036144578314,0.3855421686746988,0.27710843373493976,1.88,0.7461465632686054,1.6989700043360187,3.5432467311735247,0.8957819811943937,0.625053879181598,0.5941222103879541,1.0504567449588458,1.525,0.45006707156689235
85.0,554.0,0.3176470588235294,0.058823529411764705,0.6235294117647059,0.23529411764705882,0.4,0.3764705882352941,0.27058823529411763,1.8148148148148149,0.7542101722512919,1.7323937598229686,3.4975259925636473,0.8967265752248555,0.6392585751595135,0.6060759618660125,1.0750659541807697,1.525,0.4394772581182596
85.0,554.0,0.3176470588235294,0.058823529411764705,0.6235294117647059,0.23529411764705882,0.4,0.3764705882352941,0.27058823529411763,1.830188679245283,0.7528369180997909,1.724275869600789,3.4956945702600084,0.8967265752248555,0.6392585751595135,0.6060759618660125,1.075206229935613,1.525,0.4394772581182596
85.0,554.0,0.3176470588235294,0.047058823529411764,0.6352941176470588,0.23529411764705882,0.4117647058823529,0.36470588235294116,0.27058823529411763,1.8461538461538463,0.7510676161988108,1.7160033436347992,3.5164802409296607,0.9028930998057022,0.6398481097489743,0.6059515294352671,1.0754166092603243,1.525,0.4394772581182596
82.0,554.0,0.2926829268292683,0.04878048780487805,0.6585365853658536,0.24390243902439024,0.3902439024390244,0.4146341463414634,0.2804878048780488,1.88,0.7461465632686054,1.6989700043360187,3.549871691309787,0.9067658405087555,0.6193348188729794,0.588112751370658,1.0386807404107818,1.525,0.4555556943908789
83.0,554.0,0.30120481927710846,0.060240963855421686,0.6385542168674699,0.24096385542168675,0.3855421686746988,0.39759036144578314,0.27710843373493976,1.8461538461538463,0.7510676161988108,1.7160033436347992,3.5238357539312224,0.8930711378209,0.6247002675916979,0.5942461695794736,1.0502463737041463,1.525,0.45006707156689235
82.0,554.0,0.2926829268292683,0.04878048780487805,0.6585365853658536,0.24390243902439024,0.3902439024390244,0.4024390243902439,0.2804878048780488,1.88,0.7461465632686054,1.6989700043360187,3.555969252285397,0.9054402837749275,0.6193348188729794,0.588112751370658,1.0386807404107818,1.525,0.4555556943908789
84.0,554.0,0.30952380952380953,0.07142857142857142,0.6190476190476191,0.23809523809523808,0.38095238095238093,0.38095238095238093,0.27380952380952384,1.8,0.7552286874651746,1.7403626894942439,3.5002729447736862,0.8946933395767382,0.6316539244033099,0.6003161925195477,1.062513233563161,1.525,0.44470913023871506
83.0,554.0,0.30120481927710846,0.060240963855421686,0.6385542168674699,0.24096385542168675,0.3855421686746988,0.39759036144578314,0.27710843373493976,1.8148148148148149,0.7542101722512919,1.7323937598229686,3.4547358248029445,0.9031831145498709,0.6265838900473504,0.5942461695794736,1.0496851775698481,1.525,0.45135284708001205
84.0,554.0,0.30952380952380953,0.05952380952380952,0.6309523809523809,0.23809523809523808,0.39285714285714285,0.39285714285714285,0.27380952380952384,1.830188679245283,0.7528369180997909,1.724275869600789,3.4355643162242275,0.9070461285184017,0.6318898677130764,0.6001920264790205,1.061249852371119,1.525,0.4459795989004881
84.0,554.0,0.30952380952380953,0.047619047619047616,0.6428571428571428,0.23809523809523808,0.40476190476190477,0.39285714285714285,0.27380952380952384,1.8627450980392157,0.7488553356460046,1.7075701760979363,3.520775590276331,0.9044788295302952,0.6331859843619075,0.6000678347460557,1.0634247420833787,1.525,0.44470913023871506
85.0,554.0,0.3176470588235294,0.07058823529411765,0.611764705882353,0.23529411764705882,0.38823529411764707,0.38823529411764707,0.27058823529411763,1.8,0.7552286874651746,1.7403626894942439,3.4767403218939954,0.9025698545655773,0.6389045932957069,0.6062003687549894,1.0749958094391512,1.525,0.4394772581182596
84.0,554.0,0.30952380952380953,0.05952380952380952,0.6309523809523809,0.23809523809523808,0.39285714285714285,0.38095238095238093,0.27380952380952384,1.830188679245283,0.7528369180997909,1.724275869600789,3.513500458001199,0.8955926993206357,0.6328327612693873,0.6001920264790205,1.0632144633227012,1.525,0.44470913023871506
84.0,554.0,0.30952380952380953,0.047619047619047616,0.6428571428571428,0.23809523809523808,0.40476190476190477,0.36904761904761907,0.27380952380952384,1.8627450980392157,0.7488553356460046,1.7075701760979363,3.5314885028923584,0.8964483193464235,0.6323614902309779,0.6000678347460557,1.0630041429656139,1.525,0.44470913023871506
84.0,554.0,0.30952380952380953,0.05952380952380952,0.6309523809523809,0.23809523809523808,0.39285714285714285,0.36904761904761907,0.27380952380952384,1.830188679245283,0.7528369180997909,1.724275869600789,3.5194528389535797,0.8915053977333341,0.6328327612693873,0.6001920264790205,1.0632144633227012,1.525,0.44470913023871506
85.0,554.0,0.3176470588235294,0.047058823529411764,0.6352941176470588,0.23529411764705882,0.4117647058823529,0.36470588235294116,0.27058823529411763,1.8627450980392157,0.7488553356460046,1.7075701760979363,3.513470991093625,0.8974857194622603,0.6398481097489743,0.6059515294352671,1.075626947437443,1.525,0.4394772581182596
85.0,554.0,0.3176470588235294,0.047058823529411764,0.6352941176470588,0.23529411764705882,0.4117647058823529,0.3764705882352941,0.27058823529411763,1.8461538461538463,0.7510676161988108,1.7160033436347992,3.5094200604560872,0.903168229620474,0.6398481097489743,0.6059515294352671,1.075486726556793,1.525,0.4394772581182596
82.0,554.0,0.2926829268292683,0.06097560975609756,0.646341463414634,0.24390243902439024,0.3780487804878049,0.4146341463414634,0.2804878048780488,1.8461538461538463,0.7510676161988108,1.7160033436347992,3.5363215558084318,0.8988345927180168,0.6193348188729791,0.5882364867518586,1.038680740410782,1.525,0.4555556943908789
83.0,554.0,0.30120481927710846,0.04819277108433735,0.6506024096385542,0.24096385542168675,0.39759036144578314,0.3855421686746988,0.27710843373493976,1.8627450980392157,0.7488553356460045,1.7075701760979363,3.5439160752163628,0.9021205449437152,0.6257605028935694,0.5941222103879541,1.0508072701250095,1.525,0.45006707156689235
83.0,554.0,0.30120481927710846,0.04819277108433735,0.6506024096385542,0.24096385542168675,0.39759036144578314,0.39759036144578314,0.27710843373493976,1.88,0.7461465632686054,1.6989700043360187,3.5372226347879825,0.9065670852151407,0.6267014284733029,0.5941222103879541,1.051437920944479,1.525,0.4500670715668924
84.0,554.0,0.30952380952380953,0.047619047619047616,0.6428571428571428,0.23809523809523808,0.40476190476190477,0.39285714285714285,0.27380952380952384,1.8627450980392157,0.7488553356460046,1.7075701760979363,3.520775590276331,0.9044299210780254,0.6323614902309779,0.6000678347460557,1.0629340269320036,1.525,0.44470913023871506
85.0,554.0,0.3176470588235294,0.07058823529411765,0.611764705882353,0.23529411764705882,0.38823529411764707,0.36470588235294116,0.27058823529411763,1.7586206896551724,0.7565003641558523,1.7634279935629373,3.4216845741046833,0.8951935695247066,0.6389045932957069,0.6062003687549894,1.0732407009333529,1.525,0.44073278008989414
84.0,554.0,0.30952380952380953,0.05952380952380952,0.6309523809523809,0.23809523809523808,0.39285714285714285,0.38095238095238093,0.27380952380952384,1.830188679245283,0.7528369180997909,1.724275869600789,3.513500458001199,0.8955926993206359,0.6328327612693873,0.6001920264790205,1.0632144633227012,1.525,0.4447091302387151
84.0,554.0,0.30952380952380953,0.05952380952380952,0.6309523809523809,0.23809523809523808,0.39285714285714285,0.38095238095238093,0.27380952380952384,1.830188679245283,0.7528369180997909,1.724275869600789,3.512308608712464,0.8955926993206359,0.6328327612693873,0.6001920264790205,1.0632845608635315,1.525,0.4447091302387151
84.0,554.0,0.30952380952380953,0.07142857142857142,0.6190476190476191,0.23809523809523808,0.38095238095238093,0.40476190476190477,0.27380952380952384,1.8,0.7552286874651746,1.7403626894942439,3.416384422044333,0.9008344409448218,0.6316539244033098,0.6003161925195477,1.0611093838306092,1.525,0.4459795989004881
83.0,554.0,0.30120481927710846,0.060240963855421686,0.6385542168674699,0.24096385542168675,0.3855421686746988,0.39759036144578314,0.27710843373493976,1.8461538461538463,0.7510676161988108,1.7160033436347992,3.5238357539312224,0.8988722576770013,0.6255250503492217,0.5942461695794736,1.0507371744465723,1.525,0.45006707156689235
84.0,554.0,0.30952380952380953,0.05952380952380952,0.6309523809523809,0.23809523809523808,0.39285714285714285,0.39285714285714285,0.27380952380952384,1.8461538461538463,0.7510676161988108,1.7160033436347992,3.505694852098708,0.900446766551393,0.6318898677130764,0.6001920264790205,1.0627937809874213,1.525,0.44470913023871506
85.0,554.0,0.3176470588235294,0.08235294117647059,0.6,0.23529411764705882,0.3764705882352941,0.38823529411764707,0.27058823529411763,1.7719298245614035,0.7563432672038614,1.7558748556724915,3.392531533418975,0.9055764991671519,0.6387865557504164,0.6063247501179198,1.073521711120649,1.525,0.44073278008989414
84.0,554.0,0.30952380952380953,0.05952380952380952,0.6309523809523809,0.23809523809523808,0.39285714285714285,0.39285714285714285,0.27380952380952384,1.830188679245283,0.7528369180997909,1.724275869600789,3.507548077048818,0.896843561984542,0.6328327612693873,0.6001920264790205,1.0632144633227012,1.525,0.44470913023871506
84.0,554.0,0.30952380952380953,0.05952380952380952,0.6309523809523809,0.23809523809523808,0.39285714285714285,0.39285714285714285,0.27380952380952384,1.830188679245283,0.7528369180997909,1.724275869600789,3.507548077048818,0.8968724624336106,0.6318898677130764,0.6001920264790205,1.0626535165335838,1.525,0.44470913023871506
84.0,554.0,0.30952380952380953,0.047619047619047616,0.6428571428571428,0.23809523809523808,0.40476190476190477,0.38095238095238093,0.27380952380952384,1.88,0.7461465632686054,1.6989700043360187,3.524874746278602,0.9030281855924391,0.6323614902309779,0.6000678347460557,1.0630742543746567,1.525,0.44470913023871506
83.0,554.0,0.30120481927710846,0.060240963855421686,0.6385542168674699,0.24096385542168675,0.3855421686746988,0.3855421686746988,0.27710843373493976,1.830188679245283,0.7528369180997909,1.724275869600789,3.5317354032783217,0.8951461043536978,0.6247002675916979,0.5942461695794736,1.050106102787472,1.525,0.45006707156689235
82.0,554.0,0.2926829268292683,0.06097560975609756,0.646341463414634,0.24390243902439024,0.3780487804878049,0.4146341463414634,0.2804878048780488,1.8461538461538463,0.7510676161988108,1.7160033436347992,3.5363215558084318,0.8927634607992674,0.6183940246292757,0.5882364867518586,1.038120047166539,1.525,0.4555556943908789
85.0,554.0,0.3176470588235294,0.07058823529411765,0.611764705882353,0.23529411764705882,0.38823529411764707,0.3764705882352941,0.27058823529411763,1.8,0.7552286874651746,1.7403626894942439,3.4826226748351723,0.9013337079330114,0.6389045932957069,0.6062003687549894,1.0749958094391512,1.525,0.4394772581182596
84.0,554.0,0.30952380952380953,0.047619047619047616,0.6428571428571428,0.23809523809523808,0.40476190476190477,0.39285714285714285,0.27380952380952384,1.8627450980392157,0.7488553356460046,1.7075701760979363,3.5195837409875965,0.9044788295302952,0.6331859843619075,0.6000678347460557,1.0634948257642223,1.525,0.44470913023871506
85.0,554.0,0.3176470588235294,0.047058823529411764,0.6352941176470588,0.23529411764705882,0.4117647058823529,0.36470588235294116,0.27058823529411763,1.8461538461538463,0.7510676161988108,1.7160033436347992,3.5164802409296607,0.9028930998057022,0.6398481097489743,0.6059515294352671,1.0754166092603243,1.525,0.4394772581182596
84.0,554.0,0.30952380952380953,0.05952380952380952,0.6309523809523809,0.23809523809523808,0.39285714285714285,0.38095238095238093,0.27380952380952384,1.8148148148148149,0.7542101722512919,1.7323937598229686,3.443369922126719,0.9028476012814202,0.6328327612693873,0.6001920264790205,1.061671146481227,1.525,0.4459795989004881
85.0,554.0,0.3176470588235294,0.08235294117647059,0.6,0.23529411764705882,0.3764705882352941,0.4,0.27058823529411763,1.7857142857142858,0.7559289460184545,1.7481880270062005,3.4559546512243435,0.9073545945485271,0.6387865557504164,0.6063247501179198,1.0750659541807697,1.525,0.4394772581182596
85.0,554.0,0.3176470588235294,0.058823529411764705,0.6235294117647059,0.23529411764705882,0.4,0.38823529411764707,0.27058823529411763,1.830188679245283,0.7528369180997909,1.724275869600789,3.489812217318832,0.8980285980102543,0.6392585751595135,0.6060759618660125,1.075206229935613,1.525,0.4394772581182596
83.0,554.0,0.30120481927710846,0.060240963855421686,0.6385542168674699,0.24096385542168675,0.3855421686746988,0.3855421686746988,0.27710843373493976,1.8148148148148149,0.7542101722512919,1.7323937598229686,3.5324047473211606,0.8941420882894408,0.6247002675916979,0.5942461695794736,1.0500359603022578,1.525,0.45006707156689235
84.0,554.0,0.30952380952380953,0.047619047619047616,0.6428571428571428,0.23809523809523808,0.40476190476190477,0.36904761904761907,0.27380952380952384,1.8461538461538463,0.7510676161988108,1.7160033436347992,3.5345335771312043,0.9024007002988045,0.6323614902309779,0.6000678347460557,1.0627937809874213,1.525,0.44470913023871506
85.0,554.0,0.3176470588235294,0.047058823529411764,0.6352941176470588,0.23529411764705882,0.4117647058823529,0.36470588235294116,0.27058823529411763,1.8627450980392157,0.7488553356460046,1.7075701760979363,3.514648818626021,0.8994465037759859,0.6398481097489743,0.6059515294352671,1.075556839282201,1.525,0.4394772581182596
85.0,554.0,0.3176470588235294,0.058823529411764705,0.6235294117647059,0.23529411764705882,0.4,0.36470588235294116,0.27058823529411763,1.830188679245283,0.7528369180997909,1.724275869600789,3.501576923201185,0.8920036425735343,0.6392585751595135,0.6060759618660125,1.075206229935613,1.525,0.4394772581182596
84.0,554.0,0.30952380952380953,0.05952380952380952,0.6309523809523809,0.23809523809523808,0.39285714285714285,0.38095238095238093,0.27380952380952384,1.8,0.7552286874651746,1.7403626894942439,3.4440312977880954,0.9017579987737504,0.6318898677130764,0.6001920264790205,1.0610391425867387,1.525,0.4459795989004881
83.0,554.0,0.30120481927710846,0.04819277108433735,0.6506024096385542,0.24096385542168675,0.39759036144578314,0.39759036144578314,0.27710843373493976,1.8627450980392157,0.7488553356460046,1.7075701760979363,3.5390981877495404,0.9034851924265953,0.6267014284733029,0.5941222103879541,1.0512978090117149,1.525,0.4500670715668924
83.0,554.0,0.30120481927710846,0.060240963855421686,0.6385542168674699,0.24096385542168675,0.3855421686746988,0.40963855421686746,0.27710843373493976,1.8461538461538463,0.7510676161988108,1.7160033436347992,3.5178116575456806,0.900404820377212,0.6247002675916979,0.5942461695794736,1.0502463737041463,1.525,0.45006707156689235
84.0,554.0,0.30952380952380953,0.05952380952380952,0.6309523809523809,0.23809523809523808,0.39285714285714285,0.39285714285714285,0.27380952380952384,1.8148148148148149,0.7542101722512919,1.7323937598229686,3.437417541174338,0.9040984639453262,0.6328327612693873,0.6001920264790205,1.061671146481227,1.525,0.4459795989004881
85.0,554.0,0.3176470588235294,0.07058823529411765,0.611764705882353,0.23529411764705882,0.38823529411764707,0.38823529411764707,0.27058823529411763,1.7857142857142858,0.7559289460184545,1.7481880270062005,3.4074348511474506,0.897527755372959,0.6389045932957069,0.6062003687549894,1.0734514654703926,1.525,0.44073278008989414
84.0,554.0,0.30952380952380953,0.047619047619047616,0.6428571428571428,0.23809523809523808,0.40476190476190477,0.39285714285714285,0.27380952380952384,1.88,0.7461465632686054,1.6989700043360187,3.518922365326221,0.9076096273039505,0.6331859843619075,0.6000678347460557,1.0635649048268974,1.525,0.4447091302387151
83.0,554.0,0.30120481927710846,0.060240963855421686,0.6385542168674699,0.24096385542168675,0.3855421686746988,0.39759036144578314,0.27710843373493976,1.8461538461538463,0.7510676161988108,1.7160033436347992,3.5238357539312224,0.8988722576770013,0.6255250503492217,0.5942461695794736,1.0507371744465723,1.525,0.45006707156689235
85.0,554.0,0.3176470588235294,0.07058823529411765,0.611764705882353,0.23529411764705882,0.38823529411764707,0.38823529411764707,0.27058823529411763,1.8,0.7552286874651746,1.7403626894942439,3.4056034288438113,0.9009062218490635,0.6389045932957069,0.6062003687549894,1.073591952174698,1.525,0.44073278008989414
83.0,554.0,0.30120481927710846,0.060240963855421686,0.6385542168674699,0.24096385542168675,0.3855421686746988,0.40963855421686746,0.27710843373493976,1.8461538461538463,0.7510676161988108,1.7160033436347992,3.5178116575456806,0.9001818438477714,0.6255250503492217,0.5942461695794736,1.0507371744465723,1.525,0.4500670715668924
84.0,554.0,0.30952380952380953,0.047619047619047616,0.6428571428571428,0.23809523809523808,0.40476190476190477,0.36904761904761907,0.27380952380952384,1.8627450980392157,0.7488553356460046,1.7075701760979363,3.5326803521810928,0.8983821484336142,0.6331859843619075,0.6000678347460557,1.0634247420833787,1.525,0.4447091302387151
84.0,554.0,0.30952380952380953,0.07142857142857142,0.6190476190476191,0.23809523809523808,0.38095238095238093,0.39285714285714285,0.27380952380952384,1.7857142857142858,0.7559289460184545,1.7481880270062005,3.4229981786580894,0.8963891845814067,0.6316539244033098,0.6003161925195477,1.0610391425867387,1.525,0.4459795989004881
83.0,554.0,0.30120481927710846,0.04819277108433735,0.6506024096385542,0.24096385542168675,0.39759036144578314,0.3855421686746988,0.27710843373493976,1.8627450980392157,0.7488553356460046,1.7075701760979363,3.5439160752163628,0.9021205449437154,0.6257605028935694,0.5941222103879541,1.0508072701250095,1.525,0.4500670715668924
84.0,554.0,0.30952380952380953,0.047619047619047616,0.6428571428571428,0.23809523809523808,0.40476190476190477,0.36904761904761907,0.27380952380952384,1.8627450980392157,0.7488553356460046,1.7075701760979363,3.5326803521810928,0.8983821484336142,0.6331859843619075,0.6000678347460557,1.0634247420833787,1.525,0.4447091302387151
84.0,554.0,0.30952380952380953,0.047619047619047616,0.6428571428571428,0.23809523809523808,0.40476190476190477,0.36904761904761907,0.27380952380952384,1.8461538461538463,0.7510676161988108,1.7160033436347992,3.533341727842469,0.9013583389098047,0.6331859843619075,0.6000678347460557,1.0633546537834528,1.525,0.44470913023871506
85.0,554.0,0.3176470588235294,0.058823529411764705,0.6235294117647059,0.23529411764705882,0.4,0.38823529411764707,0.27058823529411763,1.830188679245283,0.7528369180997909,1.724275869600789,3.489812217318832,0.8980285980102543,0.6392585751595135,0.6060759618660125,1.075206229935613,1.525,0.4394772581182596
85.0,554.0,0.3176470588235294,0.07058823529411765,0.611764705882353,0.23529411764705882,0.38823529411764707,0.3764705882352941,0.27058823529411763,1.7857142857142858,0.7559289460184545,1.7481880270062005,3.4844540971388107,0.9010886098937956,0.6389045932957069,0.6062003687549894,1.0748555062230412,1.525,0.4394772581182596
85.0,554.0,0.3176470588235294,0.058823529411764705,0.6235294117647059,0.23529411764705882,0.4,0.35294117647058826,0.27058823529411763,1.8148148148148149,0.7542101722512919,1.7323937598229686,3.508112870913603,0.8896507013970637,0.6392585751595135,0.6060759618660125,1.0751360943459585,1.525,0.4394772581182596
84.0,554.0,0.30952380952380953,0.05952380952380952,0.6309523809523809,0.23809523809523808,0.39285714285714285,0.38095238095238093,0.27380952380952384,1.830188679245283,0.7528369180997909,1.724275869600789,3.5123086087124644,0.8955926993206357,0.6328327612693873,0.6001920264790205,1.0632845608635315,1.525,0.44470913023871506
84.0,554.0,0.30952380952380953,0.047619047619047616,0.6428571428571428,0.23809523809523808,0.40476190476190477,0.36904761904761907,0.27380952380952384,1.830188679245283,0.7528369180997909,1.724275869600789,3.5351949527925797,0.9014086368067412,0.6323614902309779,0.6000678347460557,1.0627236510746174,1.525,0.44470913023871506
85.0,554.0,0.3176470588235294,0.07058823529411765,0.611764705882353,0.23529411764705882,0.38823529411764707,0.3764705882352941,0.27058823529411763,1.7857142857142858,0.7559289460184545,1.7481880270062005,3.4844540971388107,0.9010886098937956,0.6389045932957069,0.6062003687549894,1.0748555062230412,1.525,0.4394772581182596
84.0,554.0,0.30952380952380953,0.047619047619047616,0.6428571428571428,0.23809523809523808,0.40476190476190477,0.36904761904761907,0.27380952380952384,1.8461538461538463,0.7510676161988108,1.7160033436347992,3.5345335771312043,0.9024007002988045,0.6323614902309779,0.6000678347460557,1.0627937809874213,1.525,0.44470913023871506
84.0,554.0,0.30952380952380953,0.05952380952380952,0.6309523809523809,0.23809523809523808,0.39285714285714285,0.40476190476190477,0.27380952380952384,1.830188679245283,0.7528369180997909,1.724275869600789,3.4296119352718466,0.9084392318730508,0.6328327612693873,0.6001920264790205,1.061811540705369,1.525,0.4459795989004881
83.0,554.0,0.30120481927710846,0.04819277108433735,0.6506024096385542,0.24096385542168675,0.39759036144578314,0.39759036144578314,0.27710843373493976,1.88,0.7461465632686054,1.6989700043360187,3.5372226347879825,0.9064683710306718,0.6257605028935694,0.5941222103879541,1.050877361127921,1.525,0.4500670715668924
84.0,554.0,0.30952380952380953,0.07142857142857142,0.6190476190476191,0.23809523809523808,0.38095238095238093,0.39285714285714285,0.27380952380952384,1.8148148148148149,0.7542101722512919,1.7323937598229686,3.4924673388711946,0.9049881241572371,0.6327149764180264,0.6003161925195477,1.0632845608635315,1.525,0.44470913023871506
84.0,554.0,0.30952380952380953,0.05952380952380952,0.6309523809523809,0.23809523809523808,0.39285714285714285,0.38095238095238093,0.27380952380952384,1.830188679245283,0.7528369180997909,1.724275869600789,3.513500458001199,0.8956215997697043,0.6318898677130764,0.6001920264790205,1.0626535165335838,1.525,0.44470913023871506
84.0,554.0,0.30952380952380953,0.047619047619047616,0.6428571428571428,0.23809523809523808,0.40476190476190477,0.38095238095238093,0.27380952380952384,1.8627450980392157,0.7488553356460046,1.7075701760979363,3.5255361219399775,0.9031123980213719,0.6323614902309779,0.6000678347460557,1.0630041429656139,1.525,0.44470913023871506
83.0,554.0,0.30120481927710846,0.04819277108433735,0.6506024096385542,0.24096385542168675,0.39759036144578314,0.39759036144578314,0.27710843373493976,1.8627450980392157,0.7488553356460046,1.7075701760979363,3.5378919788308205,0.9034851924265953,0.6267014284733029,0.5941222103879541,1.0513678673121223,1.525,0.4500670715668924
84.0,554.0,0.30952380952380953,0.05952380952380952,0.6309523809523809,0.23809523809523808,0.39285714285714285,0.38095238095238093,0.27380952380952384,1.8148148148148149,0.7542101722512919,1.7323937598229686,3.5153536829513095,0.8955926993206357,0.6328327612693873,0.6001920264790205,1.0630742543746567,1.525,0.44470913023871506
84.0,554.0,0.30952380952380953,0.07142857142857142,0.6190476190476191,0.23809523809523808,0.38095238095238093,0.39285714285714285,0.27380952380952384,1.7857142857142858,0.7559289460184545,1.7481880270062005,3.4241900279468247,0.8963991885830073,0.6327149764180264,0.6003161925195477,1.061600942406604,1.525,0.4459795989004881
83.0,554.0,0.30120481927710846,0.04819277108433735,0.6506024096385542,0.24096385542168675,0.39759036144578314,0.40963855421686746,0.27710843373493976,1.88,0.7461465632686054,1.6989700043360187,3.5311985384024407,0.9077795445786186,0.6257605028935694,0.5941222103879541,1.050877361127921,1.525,0.4500670715668924
83.0,554.0,0.30120481927710846,0.060240963855421686,0.6385542168674699,0.24096385542168675,0.3855421686746988,0.39759036144578314,0.27710843373493976,1.8461538461538463,0.7510676161988108,1.7160033436347992,3.5238357539312224,0.8988722576770013,0.6255250503492217,0.5942461695794736,1.0507371744465723,1.525,0.4500670715668924
83.0,554.0,0.30120481927710846,0.04819277108433735,0.6506024096385542,0.24096385542168675,0.39759036144578314,0.3855421686746988,0.27710843373493976,1.8627450980392157,0.7488553356460046,1.7075701760979363,3.5451222841350827,0.9021205449437152,0.6257605028935694,0.5941222103879541,1.0507371744465723,1.525,0.45006707156689235
84.0,554.0,0.30952380952380953,0.05952380952380952,0.6309523809523809,0.23809523809523808,0.39285714285714285,0.38095238095238093,0.27380952380952384,1.830188679245283,0.7528369180997909,1.724275869600789,3.513500458001199,0.8956215997697043,0.6318898677130764,0.6001920264790205,1.0626535165335838,1.525,0.44470913023871506
85.0,554.0,0.3176470588235294,0.058823529411764705,0.6235294117647059,0.23529411764705882,0.4,0.38823529411764707,0.27058823529411763,1.830188679245283,0.7528369180997909,1.724275869600789,3.4186753242686483,0.9081671611003745,0.6392585751595133,0.6060759618660125,1.0738026477686193,1.525,0.44073278008989414
84.0,554.0,0.30952380952380953,0.05952380952380952,0.6309523809523809,0.23809523809523808,0.39285714285714285,0.38095238095238093,0.27380952380952384,1.8,0.7552286874651746,1.7403626894942439,3.4440312977880945,0.9018555377893566,0.6328327612693873,0.6001920264790205,1.061600942406604,1.525,0.4459795989004881
83.0,554.0,0.30120481927710846,0.060240963855421686,0.6385542168674699,0.24096385542168675,0.3855421686746988,0.39759036144578314,0.27710843373493976,1.830188679245283,0.7528369180997909,1.724275869600789,3.5257113068927795,0.895683030178773,0.6255250503492217,0.5942461695794736,1.0505969690593773,1.525,0.45006707156689235
83.0,554.0,0.30120481927710846,0.060240963855421686,0.6385542168674699,0.24096385542168675,0.3855421686746988,0.39759036144578314,0.27710843373493976,1.830188679245283,0.7528369180997909,1.724275869600789,3.5257113068927795,0.895683030178773,0.6255250503492217,0.5942461695794736,1.0505969690593773,1.525,0.4500670715668924
84.0,554.0,0.30952380952380953,0.05952380952380952,0.6309523809523809,0.23809523809523808,0.39285714285714285,0.38095238095238093,0.27380952380952384,1.8148148148148149,0.7542101722512919,1.7323937598229686,3.5141618336625746,0.8946006358285724,0.6328327612693873,0.6001920264790205,1.0631443611600477,1.525,0.4447091302387151
84.0,554.0,0.30952380952380953,0.047619047619047616,0.6428571428571428,0.23809523809523808,0.40476190476190477,0.38095238095238093,0.27380952380952384,1.8627450980392157,0.7488553356460046,1.7075701760979363,3.5255361219399775,0.9031613064736419,0.6331859843619075,0.6000678347460557,1.0634948257642223,1.525,0.4447091302387151
84.0,554.0,0.30952380952380953,0.05952380952380952,0.6309523809523809,0.23809523809523808,0.39285714285714285,0.39285714285714285,0.27380952380952384,1.830188679245283,0.7528369180997909,1.724275869600789,3.5063562277600835,0.896843561984542,0.6328327612693873,0.6001920264790205,1.0632845608635315,1.525,0.44470913023871506
85.0,554.0,0.3176470588235294,0.058823529411764705,0.6235294117647059,0.23529411764705882,0.4,0.36470588235294116,0.27058823529411763,1.8148148148148149,0.7542101722512919,1.7323937598229686,3.5022305179724267,0.8949448190441225,0.6392585751595135,0.6060759618660125,1.0751360943459585,1.525,0.4394772581182596
85.0,554.0,0.3176470588235294,0.058823529411764705,0.6235294117647059,0.23529411764705882,0.4,0.3764705882352941,0.27058823529411763,1.8148148148148149,0.7542101722512919,1.7323937598229686,3.4263890995134636,0.9037711734563051,0.6392585751595133,0.6060759618660125,1.0736621886334416,1.525,0.44073278008989414
85.0,554.0,0.3176470588235294,0.07058823529411765,0.611764705882353,0.23529411764705882,0.38823529411764707,0.4,0.27058823529411763,1.8148148148148149,0.7542101722512919,1.7323937598229686,3.4690265466491805,0.9077909271843483,0.6389045932957069,0.6062003687549894,1.0751360943459585,1.525,0.4394772581182596
85.0,554.0,0.3176470588235294,0.058823529411764705,0.6235294117647059,0.23529411764705882,0.4,0.36470588235294116,0.27058823529411763,1.8148148148148149,0.7542101722512919,1.7323937598229686,3.43227145245464,0.8990482408049836,0.6392585751595133,0.6060759618660125,1.0736621886334416,1.525,0.44073278008989414
84.0,554.0,0.30952380952380953,0.047619047619047616,0.6428571428571428,0.23809523809523808,0.40476190476190477,0.35714285714285715,0.27380952380952384,1.8461538461538463,0.7510676161988108,1.7160033436347992,3.5404859580835852,0.893105496710123,0.6323614902309779,0.6000678347460557,1.0627937809874213,1.525,0.44470913023871506
83.0,554.0,0.30120481927710846,0.060240963855421686,0.6385542168674699,0.24096385542168675,0.3855421686746988,0.40963855421686746,0.27710843373493976,1.8461538461538463,0.7510676161988108,1.7160033436347992,3.5178116575456806,0.9001818438477714,0.6255250503492217,0.5942461695794736,1.0507371744465723,1.525,0.45006707156689235
84.0,554.0,0.30952380952380953,0.05952380952380952,0.6309523809523809,0.23809523809523808,0.39285714285714285,0.39285714285714285,0.27380952380952384,1.8148148148148149,0.7542101722512919,1.7323937598229686,3.437417541174338,0.9040984639453261,0.6328327612693873,0.6001920264790205,1.061671146481227,1.525,0.4459795989004881
84.0,554.0,0.30952380952380953,0.047619047619047616,0.6428571428571428,0.23809523809523808,0.40476190476190477,0.38095238095238093,0.27380952380952384,1.8627450980392157,0.7488553356460046,1.7075701760979363,3.526727971228712,0.9031613064736419,0.6331859843619075,0.6000678347460557,1.0634247420833787,1.525,0.4447091302387151
84.0,554.0,0.30952380952380953,0.05952380952380952,0.6309523809523809,0.23809523809523808,0.39285714285714285,0.38095238095238093,0.27380952380952384,1.830188679245283,0.7528369180997909,1.724275869600789,3.5123086087124644,0.8956215997697043,0.6318898677130764,0.6001920264790205,1.0627236510746174,1.525,0.44470913023871506
83.0,554.0,0.30120481927710846,0.060240963855421686,0.6385542168674699,0.24096385542168675,0.3855421686746988,0.39759036144578314,0.27710843373493976,1.830188679245283,0.7528369180997909,1.724275869600789,3.5257113068927795,0.895683030178773,0.6255250503492217,0.5942461695794736,1.0505969690593773,1.525,0.4500670715668924
84.0,554.0,0.30952380952380953,0.047619047619047616,0.6428571428571428,0.23809523809523808,0.40476190476190477,0.39285714285714285,0.27380952380952384,1.8627450980392157,0.7488553356460046,1.7075701760979363,3.520775590276331,0.9044299210780254,0.6323614902309779,0.6000678347460557,1.0629340269320036,1.525,0.44470913023871506
83.0,554.0,0.30120481927710846,0.04819277108433735,0.6506024096385542,0.24096385542168675,0.39759036144578314,0.3855421686746988,0.27710843373493976,1.8627450980392157,0.7488553356460046,1.7075701760979363,3.545122284135082,0.9021205449437154,0.6257605028935694,0.5941222103879541,1.0507371744465723,1.525,0.4500670715668924
83.0,554.0,0.30120481927710846,0.07228915662650602,0.6265060240963856,0.24096385542168675,0.37349397590361444,0.39759036144578314,0.27710843373493976,1.7857142857142858,0.7559289460184545,1.7481880270062005,3.4413489439461844,0.8952803668940552,0.624582352572926,0.5943701029186147,1.0484916384447254,1.525,0.451352847080012
82.0,554.0,0.2926829268292683,0.04878048780487805,0.6585365853658536,0.24390243902439024,0.3902439024390244,0.4024390243902439,0.2804878048780488,1.8627450980392157,0.7488553356460046,1.7075701760979363,3.557867677844047,0.9023915032871226,0.6193348188729794,0.588112751370658,1.0385405954788103,1.525,0.4555556943908789
84.0,554.0,0.30952380952380953,0.05952380952380952,0.6309523809523809,0.23809523809523808,0.39285714285714285,0.39285714285714285,0.27380952380952384,1.830188679245283,0.7528369180997909,1.724275869600789,3.5063562277600835,0.8968724624336106,0.6318898677130764,0.6001920264790205,1.0627236510746174,1.525,0.44470913023871506
84.0,525.0,0.32142857142857145,0.05952380952380952,0.6190476190476191,0.23809523809523808,0.4642857142857143,0.35714285714285715,0.27380952380952384,1.76,0.7969328960560773,1.6989700043360187,3.652495958448915,0.836975167640216,0.6575975753788178,0.61258910070069,1.1123773803452621,1.5420875420875422,0.43935730210002855
83.0,525.0,0.3132530120481928,0.07228915662650602,0.6144578313253012,0.24096385542168675,0.42168674698795183,0.39759036144578314,0.27710843373493976,1.8,0.7824607964359516,1.6989700043360187,3.7029323484196106,0.8472476124601612,0.6401884782457703,0.5996695970789275,1.0890698770199887,1.5476718403547671,0.459893744782945
83.0,525.0,0.3253012048192771,0.04819277108433735,0.6265060240963854,0.24096385542168675,0.43373493975903615,0.3855421686746988,0.27710843373493976,1.7692307692307692,0.782539471293768,1.7160033436347992,3.7150825807227763,0.8442995710136759,0.6528000755428,0.6026834375291273,1.0998305544058267,1.546875,0.4409784964491446
81.0,525.0,0.2839506172839506,0.07407407407407407,0.6419753086419754,0.24691358024691357,0.38271604938271603,0.3950617283950617,0.2839506172839506,1.8,0.7824607964359517,1.6989700043360187,3.7756479734569965,0.8429323825790652,0.6327862122027366,0.5938542343717081,1.068929079280619,1.548780487804878,0.45087956806535484
85.0,525.0,0.3176470588235294,0.058823529411764705,0.6235294117647059,0.23529411764705882,0.4235294117647059,0.3764705882352941,0.27058823529411763,1.8076923076923077,0.7679476477883045,1.7160033436347992,3.7409626453304874,0.8414262307838462,0.6570869241032979,0.6145173944527649,1.1173490372002632,1.5508849557522124,0.4440591535924294
84.0,525.0,0.32142857142857145,0.05952380952380952,0.6190476190476191,0.23809523809523808,0.4166666666666667,0.38095238095238093,0.27380952380952384,1.830188679245283,0.7528369180997909,1.724275869600789,3.6265820831973863,0.8502312536883645,0.6504620126837686,0.6101354564336078,1.108925802118525,1.5509977827050998,0.44876815342701126
85.0,525.0,0.32941176470588235,0.07058823529411765,0.6000000000000001,0.23529411764705882,0.38823529411764707,0.4,0.27058823529411763,1.7719298245614035,0.7563432672038614,1.7558748556724915,3.7104702358453756,0.8554947997441604,0.6611804006288277,0.6074794488541394,1.1155364846885252,1.5507726269315674,0.4296153865516221
83.0,525.0,0.3132530120481928,0.060240963855421686,0.6265060240963856,0.24096385542168675,0.43373493975903615,0.37349397590361444,0.27710843373493976,1.7777777777777777,0.7688920395955852,1.7323937598229686,3.64356436569327,0.8556155005679039,0.6427562217496126,0.6032297907561975,1.0932964653771176,1.5507246376811594,0.4450550198312549
83.0,525.0,0.3132530120481928,0.07228915662650602,0.6144578313253012,0.24096385542168675,0.40963855421686746,0.39759036144578314,0.27710843373493976,1.7924528301886793,0.7685773712625398,1.724275869600789,3.6430443547759297,0.8291918626552666,0.6473524942814393,0.6043210153746491,1.0999803069585146,1.548494983277592,0.44799075794080717
84.0,525.0,0.32142857142857145,0.05952380952380952,0.6190476190476191,0.23809523809523808,0.42857142857142855,0.38095238095238093,0.27380952380952384,1.7924528301886793,0.7685773712625399,1.724275869600789,3.587466186073662,0.8171514215984393,0.6660343277891003,0.6154393221488902,1.1267437635292235,1.5431131019036954,0.4439661709270514
82.0,525.0,0.3170731707317073,0.07317073170731707,0.6097560975609756,0.24390243902439024,0.43902439024390244,0.36585365853658536,0.2804878048780488,1.76,0.7969328960560773,1.6989700043360187,3.609934920469123,0.827476898185614,0.6407342358316666,0.6029134623588798,1.0917064289758416,1.5426966292134832,0.4590012649110154
83.0,525.0,0.3253012048192771,0.060240963855421686,0.6144578313253012,0.24096385542168675,0.42168674698795183,0.3855421686746988,0.27710843373493976,1.8076923076923077,0.7679476477883045,1.7160033436347992,3.7459456295694524,0.8333071431319667,0.6502719936376495,0.6041847200794528,1.0968312096973827,1.546162402669633,0.44469027087041474
82.0,525.0,0.3170731707317073,0.04878048780487805,0.6341463414634145,0.24390243902439024,0.4268292682926829,0.3902439024390244,0.2804878048780488,1.8113207547169812,0.7858509296294173,1.724275869600789,3.640199966228485,0.8324880678230094,0.6436487302828788,0.5970814425894967,1.0949069919751182,1.5478841870824054,0.4630579623882895
83.0,525.0,0.3132530120481928,0.0963855421686747,0.5903614457831325,0.24096385542168675,0.39759036144578314,0.3855421686746988,0.27710843373493976,1.7777777777777777,0.793051585718144,1.7323937598229686,3.4708181311639694,0.8455655192731993,0.6473524942814393,0.6096127638229788,1.1072189934040502,1.545964125560538,0.45366926490728193
84.0,525.0,0.3333333333333333,0.07142857142857142,0.5952380952380953,0.23809523809523808,0.4166666666666667,0.39285714285714285,0.27380952380952384,1.7636363636363637,0.7689250881885643,1.7403626894942439,3.6276450420341333,0.8448009082212438,0.6548035921131649,0.6098622199296047,1.1074217604889294,1.5489977728285078,0.4407973625501139
84.0,525.0,0.34523809523809523,0.047619047619047616,0.6071428571428572,0.23809523809523808,0.44047619047619047,0.38095238095238093,0.27380952380952384,1.75,0.7687061147858074,1.7481880270062005,3.6820230802429825,0.8495670336392387,0.6546763095563435,0.6028528475904699,1.1088506484888863,1.548780487804878,0.4529012781522012
83.0,525.0,0.3132530120481928,0.04819277108433735,0.6385542168674698,0.24096385542168675,0.42168674698795183,0.3855421686746988,0.27710843373493976,1.8235294117647058,0.7669649888473704,1.7075701760979363,3.7485367866995727,0.8629410155453309,0.646461333979597,0.6028200722586182,1.0953284574259092,1.5504994450610432,0.44153736567773383
84.0,525.0,0.32142857142857145,0.047619047619047616,0.6309523809523809,0.23809523809523808,0.42857142857142855,0.38095238095238093,0.27380952380952384,1.8571428571428572,0.7637626158259733,1.6901960800285136,3.6925007362363895,0.8515148875685913,0.6536571568447693,0.6116360753318472,1.1132011721848327,1.5477777777777777,0.4466764043844613
83.0,525.0,0.3373493975903614,0.07228915662650602,0.5903614457831325,0.24096385542168675,0.40963855421686746,0.3855421686746988,0.27710843373493976,1.7678571428571428,0.7625572152261798,1.7481880270062005,3.6149225592048384,0.8379917282728375,0.6449307657254063,0.6019997987060502,1.0950276594968646,1.5522222222222222,0.452351058730949
83.0,525.0,0.3253012048192771,0.04819277108433735,0.6265060240963854,0.24096385542168675,0.46987951807228917,0.3493975903614458,0.27710843373493976,1.75,0.8121419014464815,1.6812412373755872,3.7236456489569796,0.8451633350061848,0.6472252607913576,0.6052742230965792,1.0975067769175118,1.5431131019036954,0.4466667400118366
81.0,525.0,0.30864197530864196,0.07407407407407407,0.6172839506172839,0.24691358024691357,0.41975308641975306,0.38271604938271603,0.2839506172839506,1.7916666666666667,0.7978250577006437,1.6812412373755872,3.6878968393568545,0.830975445212771,0.6329132510963811,0.5962861114869935,1.0753031138193314,1.5442329227323628,0.45768520133748825
81.0,525.0,0.2962962962962963,0.06172839506172839,0.6419753086419753,0.24691358024691357,0.4444444444444444,0.38271604938271603,0.2839506172839506,1.7826086956521738,0.8141264842560704,1.662757831681574,3.668261431393981,0.8337653163050324,0.6353221635862912,0.5972291672120568,1.07925845780483,1.5415730337078652,0.46400126095524014
84.0,525.0,0.32142857142857145,0.07142857142857142,0.6071428571428572,0.23809523809523808,0.40476190476190477,0.38095238095238093,0.27380952380952384,1.7592592592592593,0.7994145306996743,1.7323937598229686,3.654301290026056,0.8464202603231906,0.6508462581859032,0.6060239736988341,1.1027461950535014,1.5543237250554325,0.4363606068413804
85.0,525.0,0.3411764705882353,0.07058823529411765,0.5882352941176471,0.23529411764705882,0.43529411764705883,0.3764705882352941,0.27058823529411763,1.7777777777777777,0.7688920395955852,1.7323937598229686,3.619149347573367,0.8403910075431815,0.6560595641711904,0.6090043166101619,1.115385305690133,1.5493895671476137,0.4509267122900182
84.0,525.0,0.30952380952380953,0.05952380952380952,0.6309523809523809,0.23809523809523808,0.47619047619047616,0.34523809523809523,0.27380952380952384,1.8085106382978724,0.7977767441960303,1.6720978579357175,3.7052853027256725,0.837069307982869,0.6498210986068901,0.6116360753318472,1.1037281966384904,1.5448430493273542,0.4393200646770152
82.0,525.0,0.3170731707317073,0.06097560975609756,0.621951219512195,0.24390243902439024,0.4024390243902439,0.4024390243902439,0.2804878048780488,1.8627450980392157,0.7488553356460046,1.7075701760979363,3.73782733304568,0.845789925737772,0.6367848986482635,0.5985787633421517,1.082574255413469,1.5498891352549888,0.45643622976198184
84.0,525.0,0.32142857142857145,0.07142857142857142,0.6071428571428572,0.23809523809523808,0.4166666666666667,0.38095238095238093,0.27380952380952384,1.7358490566037736,0.788156158780792,1.724275869600789,3.6145704072760894,0.8421891723329554,0.6530193786898163,0.6046472667579155,1.1058403151696876,1.5522222222222222,0.4444190071004389
85.0,525.0,0.3176470588235294,0.058823529411764705,0.6235294117647059,0.23529411764705882,0.4235294117647059,0.38823529411764707,0.27058823529411763,1.8571428571428572,0.7637626158259733,1.6901960800285136,3.7679979917823583,0.8525880291916097,0.6568302347682945,0.6128686783924053,1.1120541680470184,1.549778761061947,0.4327912404085113
83.0,525.0,0.3132530120481928,0.060240963855421686,0.6265060240963856,0.24096385542168675,0.40963855421686746,0.39759036144578314,0.27710843373493976,1.8076923076923077,0.7679476477883045,1.7160033436347992,3.6770032644759354,0.8474205494565044,0.6488773502010392,0.604321015374649,1.0960800911003825,1.5522222222222222,0.444750538143242
85.0,525.0,0.3411764705882353,0.058823529411764705,0.6,0.23529411764705882,0.4235294117647059,0.3764705882352941,0.27058823529411763,1.7777777777777777,0.7688920395955852,1.7323937598229686,3.682070596804764,0.8598189228320112,0.6540000027266134,0.6127310851373329,1.1117508424225393,1.5530973451327434,0.4336532431295324
83.0,525.0,0.30120481927710846,0.060240963855421686,0.6385542168674699,0.24096385542168675,0.40963855421686746,0.3855421686746988,0.27710843373493976,1.830188679245283,0.7779620580179536,1.724275869600789,3.7424158176687206,0.8324997691982118,0.644675317727644,0.6032297907561975,1.0932211338792068,1.5641592920353982,0.4510420088845082
85.0,525.0,0.32941176470588235,0.047058823529411764,0.6235294117647059,0.23529411764705882,0.4470588235294118,0.36470588235294116,0.27058823529411763,1.7777777777777777,0.7688920395955852,1.7323937598229686,3.706226696168361,0.848027868852913,0.660159411118751,0.6094195274459546,1.1173490372002632,1.5476718403547671,0.44302777538340865
84.0,525.0,0.30952380952380953,0.08333333333333333,0.6071428571428571,0.23809523809523808,0.38095238095238093,0.40476190476190477,0.27380952380952384,1.8333333333333333,0.7460588271610394,1.7323937598229686,3.6797988218237156,0.84963159545238,0.6480231669429692,0.6095888609525965,1.101763318210901,1.554083885209713,0.44732786029599036
81.0,525.0,0.32098765432098764,0.04938271604938271,0.6296296296296297,0.24691358024691357,0.4074074074074074,0.3950617283950617,0.2839506172839506,1.8148148148148149,0.7542101722512919,1.7323937598229686,3.8463183844057274,0.8544134410747402,0.6364600451556263,0.5922274351692599,1.070807733918331,1.548780487804878,0.45320361752108207
85.0,525.0,0.3176470588235294,0.058823529411764705,0.6235294117647059,0.23529411764705882,0.4470588235294118,0.35294117647058826,0.27058823529411763,1.7843137254901962,0.7826551089770278,1.7075701760979363,3.6516328881562865,0.8321266506423721,0.6609253011149874,0.6127310851373329,1.120513948993639,1.5451505016722409,0.43340194684290556
84.0,525.0,0.3333333333333333,0.07142857142857142,0.5952380952380953,0.23809523809523808,0.4166666666666667,0.39285714285714285,0.27380952380952384,1.7636363636363637,0.7689250881885643,1.7403626894942439,3.675637398362582,0.8352453015893169,0.6586106306035652,0.6113635094993514,1.1135005817482309,1.5456570155902005,0.4404851458851949
84.0,525.0,0.32142857142857145,0.047619047619047616,0.6309523809523809,0.23809523809523808,0.4166666666666667,0.39285714285714285,0.27380952380952384,1.8148148148148149,0.7542101722512919,1.7323937598229686,3.8552178444248635,0.8406580759211483,0.6509742896187084,0.6043715490473028,1.0996433688952771,1.550660792951542,0.44315711134005265
84.0,525.0,0.32142857142857145,0.05952380952380952,0.6190476190476191,0.23809523809523808,0.4166666666666667,0.39285714285714285,0.27380952380952384,1.8,0.7552286874651746,1.7403626894942439,3.714941609779288,0.8476978231666303,0.6551852914208897,0.6024379918281766,1.1044829883500973,1.5630530973451326,0.4384516512238951
83.0,525.0,0.3253012048192771,0.060240963855421686,0.6144578313253012,0.24096385542168675,0.43373493975903615,0.37349397590361444,0.27710843373493976,1.8431372549019607,0.7841568470556854,1.7075701760979363,3.570857430028159,0.8336952888794678,0.6498919331485835,0.6078539663590339,1.1094482001127774,1.5442329227323628,0.4581441011932313
84.0,525.0,0.3333333333333333,0.047619047619047616,0.6190476190476191,0.23809523809523808,0.44047619047619047,0.38095238095238093,0.27380952380952384,1.7692307692307692,0.782539471293768,1.7160033436347992,3.670559045775449,0.8396679677679356,0.6605059212405947,0.6104085706290733,1.1164156168754034,1.5451505016722409,0.44118553811985756
83.0,525.0,0.3132530120481928,0.08433734939759036,0.6024096385542168,0.24096385542168675,0.3855421686746988,0.39759036144578314,0.27710843373493976,1.8035714285714286,0.7727081739427388,1.7481880270062005,3.704051357566397,0.8363943475131299,0.641730357260864,0.6006301867060329,1.0911097403438648,1.5526024363233666,0.4467218534426416
83.0,525.0,0.3253012048192771,0.060240963855421686,0.6144578313253012,0.24096385542168675,0.42168674698795183,0.37349397590361444,0.27710843373493976,1.7924528301886793,0.7685773712625399,1.724275869600789,3.6479519882579132,0.8422993051619171,0.6476068862699973,0.6051381424924456,1.1034190062758176,1.5451505016722409,0.44845359948205044
83.0,525.0,0.30120481927710846,0.07228915662650602,0.6265060240963856,0.24096385542168675,0.39759036144578314,0.39759036144578314,0.27710843373493976,1.8076923076923077,0.7679476477883045,1.7160033436347992,3.7979491006564094,0.8505177969896283,0.6408313786858721,0.601862977758364,1.0882377253738138,1.5502762430939228,0.44708595466536094
83.0,525.0,0.30120481927710846,0.07228915662650602,0.6265060240963856,0.24096385542168675,0.39759036144578314,0.39759036144578314,0.27710843373493976,1.8235294117647058,0.7669649888473705,1.7075701760979363,3.73222301503082,0.8618317416072604,0.6390296275330231,0.6021365885644927,1.0893723200156011,1.5514950166112957,0.4459521045476605
83.0,525.0,0.30120481927710846,0.060240963855421686,0.6385542168674699,0.24096385542168675,0.42168674698795183,0.39759036144578314,0.27710843373493976,1.8,0.7824607964359516,1.6989700043360187,3.656925742044103,0.8407309665481484,0.6476068862699973,0.6052742230965792,1.1016262414756062,1.5456570155902005,0.4492237280440463
83.0,525.0,0.3253012048192771,0.08433734939759036,0.5903614457831325,0.24096385542168675,0.37349397590361444,0.40963855421686746,0.27710843373493976,1.8,0.7552286874651746,1.7403626894942439,3.702808138456813,0.8472657876412563,0.6424999091874776,0.6021365885644927,1.0926936679776351,1.549778761061947,0.4482718309078617
82.0,525.0,0.3048780487804878,0.07317073170731707,0.6219512195121951,0.24390243902439024,0.4146341463414634,0.3780487804878049,0.2804878048780488,1.8775510204081634,0.807069107460871,1.6901960800285136,3.6413726424978377,0.8589776653581593,0.6319101042734424,0.5998010637416376,1.081972731491736,1.5517241379310345,0.4671912478612819
82.0,525.0,0.3048780487804878,0.04878048780487805,0.646341463414634,0.24390243902439024,0.4268292682926829,0.3902439024390244,0.2804878048780488,1.8775510204081634,0.7808289681812659,1.6901960800285136,3.711168640043092,0.8604009518137161,0.6357617323763212,0.5954437075796898,1.0837763016733217,1.5482796892341841,0.45843955497845656
84.0,525.0,0.3333333333333333,0.07142857142857142,0.5952380952380953,0.23809523809523808,0.42857142857142855,0.36904761904761907,0.27380952380952384,1.7692307692307692,0.8072073527955749,1.7160033436347992,3.5004489009286153,0.8598342576040283,0.6522532217202835,0.611772312709014,1.116116989299654,1.5513392857142858,0.45308645968888317
84.0,525.0,0.32142857142857145,0.05952380952380952,0.6190476190476191,0.23809523809523808,0.40476190476190477,0.40476190476190477,0.27380952380952384,1.7636363636363637,0.7689250881885643,1.7403626894942439,3.725941543137646,0.8534434039950373,0.6558209632546292,0.6072603414085607,1.10538805808397,1.5529801324503312,0.44360085553177775
82.0,525.0,0.3048780487804878,0.04878048780487805,0.646341463414634,0.24390243902439024,0.4268292682926829,0.3780487804878049,0.2804878048780488,1.8541666666666667,0.7986580056125887,1.6812412373755872,3.7826825953602454,0.8384232349585417,0.6385714948485182,0.5950335695144605,1.081295617095671,1.5498891352549888,0.4555758812887435
85.0,525.0,0.32941176470588235,0.07058823529411765,0.6000000000000001,0.23529411764705882,0.4235294117647059,0.3764705882352941,0.27058823529411763,1.8235294117647058,0.7669649888473704,1.7075701760979363,3.6074245492792434,0.8378629771860657,0.6644877823997821,0.621204239254805,1.1296569787845752,1.5446428571428572,0.43713999314639884
83.0,525.0,0.3132530120481928,0.08433734939759036,0.6024096385542168,0.24096385542168675,0.39759036144578314,0.3855421686746988,0.27710843373493976,1.7777777777777777,0.7688920395955852,1.7323937598229686,3.595918468287156,0.8412529905052168,0.6408313786858721,0.603366301761812,1.093447112803367,1.5522222222222222,0.45641761202801706
85.0,525.0,0.32941176470588235,0.047058823529411764,0.6235294117647059,0.23529411764705882,0.4235294117647059,0.38823529411764707,0.27058823529411763,1.8,0.7552286874651746,1.7403626894942439,3.7430803916289017,0.8427948774824161,0.6633447856210667,0.6095578682072202,1.1178017160917384,1.5491712707182321,0.43456356043253963
85.0,525.0,0.32941176470588235,0.058823529411764705,0.611764705882353,0.23529411764705882,0.4235294117647059,0.3764705882352941,0.27058823529411763,1.7857142857142858,0.7559289460184545,1.7481880270062005,3.710087708855112,0.8409589273566257,0.6605424671217562,0.6090043166101619,1.116065449916533,1.5625692137320044,0.42934215855099833
82.0,525.0,0.3048780487804878,0.04878048780487805,0.646341463414634,0.24390243902439024,0.4024390243902439,0.4024390243902439,0.2804878048780488,1.8627450980392157,0.7488553356460046,1.7075701760979363,3.8055967521739302,0.8466127186116582,0.644659378887099,0.5969451362861684,1.0856518345191335,1.5491712707182321,0.4522721204574948
83.0,525.0,0.3132530120481928,0.060240963855421686,0.6265060240963856,0.24096385542168675,0.43373493975903615,0.3855421686746988,0.27710843373493976,1.82,0.8002550613806239,1.6989700043360187,3.6225493415558514,0.8353084731796577,0.6479882869946041,0.6003558893611386,1.0994560837863545,1.5457589285714286,0.45026452617489526
84.0,525.0,0.30952380952380953,0.08333333333333333,0.6071428571428571,0.23809523809523808,0.4166666666666667,0.38095238095238093,0.27380952380952384,1.8518518518518519,0.762503508371945,1.7323937598229686,3.5010632229525993,0.8578489534489212,0.6525087073323014,0.6093153793377469,1.111627948912711,1.5501113585746102,0.46156375226760593
83.0,525.0,0.3132530120481928,0.060240963855421686,0.6265060240963856,0.24096385542168675,0.40963855421686746,0.3855421686746988,0.27710843373493976,1.7924528301886793,0.7685773712625399,1.724275869600789,3.6499647807007145,0.8411189535102579,0.6486234564922873,0.6021365885644927,1.0966059281384282,1.5532150776053215,0.45310035288694306
84.0,525.0,0.32142857142857145,0.05952380952380952,0.6190476190476191,0.23809523809523808,0.39285714285714285,0.40476190476190477,0.27380952380952384,1.849056603773585,0.7695209902443892,1.724275869600789,3.6002272794209227,0.8651638168442608,0.6550580830310282,0.6072603414085607,1.1105778952887593,1.5564159292035398,0.44134533395247516
82.0,525.0,0.2926829268292683,0.07317073170731707,0.6341463414634146,0.24390243902439024,0.4024390243902439,0.3902439024390244,0.2804878048780488,1.8,0.7824607964359517,1.6989700043360187,3.69397739800664,0.8543814175481053,0.6417494742959498,0.6018327145488472,1.0896919686971374,1.5446428571428572,0.44885599511390334
83.0,525.0,0.3132530120481928,0.07228915662650602,0.6144578313253012,0.24096385542168675,0.42168674698795183,0.39759036144578314,0.27710843373493976,1.8076923076923077,0.7679476477883045,1.7160033436347992,3.7104018539885084,0.8626035437022866,0.6385139076646285,0.5969165375005128,1.0826990582667395,1.548888888888889,0.4464866891367644
85.0,525.0,0.3176470588235294,0.09411764705882353,0.5882352941176471,0.23529411764705882,0.4117647058823529,0.36470588235294116,0.27058823529411763,1.7818181818181817,0.762328525732037,1.7403626894942439,3.488076108989719,0.8516318106640809,0.6550305929141412,0.6175286081019872,1.120664436132012,1.5513392857142858,0.4422834932176701
84.0,525.0,0.3333333333333333,0.07142857142857142,0.5952380952380953,0.23809523809523808,0.39285714285714285,0.39285714285714285,0.27380952380952384,1.7719298245614035,0.7563432672038614,1.7558748556724915,3.703519679837684,0.8488280957984053,0.6528917482970994,0.606985810664187,1.1068195715673237,1.5492801771871538,0.4349069170805497
83.0,525.0,0.3132530120481928,0.08433734939759036,0.6024096385542168,0.24096385542168675,0.39759036144578314,0.39759036144578314,0.27710843373493976,1.7692307692307692,0.782539471293768,1.7160033436347992,3.724360757128999,0.8459846974614591,0.6338535469858869,0.5988450081490557,1.084978645020485,1.5513812154696132,0.45644158454489026
83.0,525.0,0.3253012048192771,0.060240963855421686,0.6144578313253012,0.24096385542168675,0.39759036144578314,0.40963855421686746,0.27710843373493976,1.8627450980392157,0.7488553356460046,1.7075701760979363,3.673517818718432,0.8454021549532752,0.6476068862699972,0.6035027818889374,1.0999054332307792,1.548780487804878,0.44977310496569917
83.0,525.0,0.3253012048192771,0.04819277108433735,0.6265060240963854,0.24096385542168675,0.42168674698795183,0.39759036144578314,0.27710843373493976,1.8269230769230769,0.7851852247107508,1.7160033436347992,3.7728535827415537,0.8571331259595931,0.6456965033627792,0.6004930536955143,1.0937483454075985,1.5508849557522124,0.4506515592786588
84.0,525.0,0.3333333333333333,0.047619047619047616,0.6190476190476191,0.23809523809523808,0.4166666666666667,0.39285714285714285,0.27380952380952384,1.8148148148148149,0.7542101722512919,1.7323937598229686,3.720738513388325,0.8490584034293798,0.6574708337212452,0.6101354564336078,1.1132011721848327,1.548172757475083,0.44665549739241006
83.0,525.0,0.3132530120481928,0.060240963855421686,0.6265060240963856,0.24096385542168675,0.39759036144578314,0.40963855421686746,0.27710843373493976,1.8461538461538463,0.7510676161988108,1.7160033436347992,3.708873104327955,0.8509885744475364,0.6421152485092038,0.59705449197503,1.0914116180695055,1.5523704520396913,0.45484257614316953
84.0,525.0,0.32142857142857145,0.047619047619047616,0.6309523809523809,0.23809523809523808,0.4523809523809524,0.35714285714285715,0.27380952380952384,1.8,0.7824607964359516,1.6989700043360187,3.7354180727111967,0.8444358500215734,0.6534021202861267,0.6105450819123999,1.1084748039104315,1.5456570155902005,0.443450631645896
83.0,525.0,0.3132530120481928,0.0963855421686747,0.5903614457831325,0.24096385542168675,0.39759036144578314,0.39759036144578314,0.27710843373493976,1.7142857142857142,0.7796102922564632,1.7481880270062005,3.6092005835927545,0.8389818588028413,0.6427562217496126,0.6025467718160685,1.0900525099415233,1.5539488320355952,0.4496857466477419
84.0,525.0,0.30952380952380953,0.07142857142857142,0.6190476190476191,0.23809523809523808,0.4166666666666667,0.38095238095238093,0.27380952380952384,1.7924528301886793,0.7685773712625398,1.724275869600789,3.6445976319348716,0.8375078950113203,0.6511022958756734,0.6069858106641869,1.1008552683959896,1.5549389567147613,0.4383991033685922
82.0,525.0,0.2926829268292683,0.08536585365853659,0.6219512195121951,0.24390243902439024,0.4268292682926829,0.3902439024390244,0.2804878048780488,1.7659574468085106,0.813280152742899,1.6720978579357175,3.687534733565904,0.8412982119688763,0.6334535658368181,0.5984427980811343,1.079035500379408,1.5463687150837988,0.45635885152000305
84.0,525.0,0.32142857142857145,0.047619047619047616,0.6309523809523809,0.23809523809523808,0.40476190476190477,0.40476190476190477,0.27380952380952384,1.8148148148148149,0.7542101722512919,1.7323937598229686,3.7892087360565565,0.8521064067176726,0.65658295709238,0.6028528475904699,1.1056895833617195,1.5527472527472528,0.44368198991813657
83.0,525.0,0.30120481927710846,0.07228915662650602,0.6265060240963856,0.24096385542168675,0.39759036144578314,0.39759036144578314,0.27710843373493976,1.8113207547169812,0.7858509296294173,1.724275869600789,3.6543643465449436,0.8449296244999263,0.6459515475225984,0.6014523281676484,1.0988566653604768,1.5482796892341841,0.4482086850930377
83.0,525.0,0.3132530120481928,0.04819277108433735,0.6385542168674698,0.24096385542168675,0.42168674698795183,0.39759036144578314,0.27710843373493976,1.8076923076923077,0.7679476477883045,1.7160033436347992,3.70762821301921,0.850719500562746,0.6544380918208893,0.6028200722586182,1.1030457538927896,1.5472747497219133,0.4436666823535201
84.0,525.0,0.32142857142857145,0.05952380952380952,0.6190476190476191,0.23809523809523808,0.44047619047619047,0.38095238095238093,0.27380952380952384,1.7755102040816326,0.7975302011640106,1.6901960800285136,3.572288800443129,0.8303718561271035,0.6612625164742298,0.6121808429274048,1.1228168992772105,1.5442329227323628,0.45381889137664444
83.0,525.0,0.3132530120481928,0.07228915662650602,0.6144578313253012,0.24096385542168675,0.39759036144578314,0.39759036144578314,0.27710843373493976,1.8461538461538463,0.7510676161988108,1.7160033436347992,3.7445173250634616,0.8362102899437766,0.6479882869946042,0.6075829302461428,1.0975067769175118,1.5482796892341841,0.44149852337063966
84.0,525.0,0.32142857142857145,0.08333333333333333,0.5952380952380952,0.23809523809523808,0.40476190476190477,0.39285714285714285,0.27380952380952384,1.75,0.7687061147858074,1.7481880270062005,3.7153224630603385,0.8349647478835458,0.6527640929497059,0.6054736665601256,1.102519455091384,1.5498891352549888,0.4433936896428003
84.0,525.0,0.3333333333333333,0.05952380952380952,0.6071428571428572,0.23809523809523808,0.42857142857142855,0.39285714285714285,0.27380952380952384,1.8076923076923077,0.7679476477883045,1.7160033436347992,3.61012753787448,0.8462744117035722,0.6591165743204981,0.610818012952631,1.1172364311340661,1.5457589285714286,0.44809332452369877
84.0,525.0,0.30952380952380953,0.05952380952380952,0.6309523809523809,0.23809523809523808,0.40476190476190477,0.40476190476190477,0.27380952380952384,1.7962962962962963,0.7861928715695522,1.7323937598229686,3.7386183689679306,0.8386591050576205,0.6575975753788178,0.6047850784764853,1.1040301752464996,1.5679558011049723,0.4347682192887918
83.0,525.0,0.3253012048192771,0.060240963855421686,0.6144578313253012,0.24096385542168675,0.40963855421686746,0.39759036144578314,0.27710843373493976,1.7857142857142858,0.7796102922564632,1.7481880270062005,3.618176035067654,0.8377392101916135,0.6505252439386219,0.6002186936814311,1.0994560837863545,1.5504994450610432,0.45317451451953655
84.0,525.0,0.34523809523809523,0.08333333333333333,0.5714285714285714,0.23809523809523808,0.4166666666666667,0.38095238095238093,0.27380952380952384,1.7627118644067796,0.7732373292014567,1.7708520116421442,3.5484623062039704,0.8403865388861232,0.6549308499332542,0.6116360753318472,1.1118528313827567,1.5479910714285714,0.4507285289322943
83.0,525.0,0.3132530120481928,0.07228915662650602,0.6144578313253012,0.24096385542168675,0.3855421686746988,0.39759036144578314,0.27710843373493976,1.8035714285714286,0.7488085774844501,1.7481880270062005,3.64574297147997,0.8404680555290642,0.6453137481233755,0.6036392311585176,1.0963806002891803,1.5537098560354374,0.4489861122675216
85.0,525.0,0.35294117647058826,0.058823529411764705,0.588235294117647,0.23529411764705882,0.4117647058823529,0.38823529411764707,0.27058823529411763,1.7586206896551724,0.7565003641558523,1.7634279935629373,3.6831553761825675,0.8513452062386272,0.666894342392633,0.6150659843695923,1.1260685792590293,1.5482796892341841,0.4310843077526267
83.0,525.0,0.30120481927710846,0.060240963855421686,0.6385542168674699,0.24096385542168675,0.42168674698795183,0.3855421686746988,0.27710843373493976,1.8,0.7824607964359517,1.6989700043360187,3.6738866619730515,0.8477348987646188,0.6456965033627792,0.6028200722586182,1.0971315131514838,1.5462653288740245,0.4420130840958775
84.0,525.0,0.32142857142857145,0.07142857142857142,0.6071428571428572,0.23809523809523808,0.38095238095238093,0.40476190476190477,0.27380952380952384,1.8,0.7552286874651746,1.7403626894942439,3.712194880456933,0.8591703452309757,0.6528917482970994,0.6069858106641869,1.1077227321872396,1.5529801324503312,0.4383317463444732
81.0,525.0,0.2962962962962963,0.07407407407407407,0.6296296296296297,0.24691358024691357,0.4074074074074074,0.38271604938271603,0.2839506172839506,1.803921568627451,0.8004900459877625,1.7075701760979363,3.613289088213327,0.8299061396748664,0.634815783756162,0.595881487859597,1.0767974033120757,1.5486033519553073,0.4586699192581046
84.0,525.0,0.34523809523809523,0.047619047619047616,0.6071428571428572,0.23809523809523808,0.42857142857142855,0.38095238095238093,0.27380952380952384,1.7924528301886793,0.7685773712625398,1.724275869600789,3.73127568492228,0.8495204367275475,0.65658295709238,0.6097255557605198,1.1117029147905797,1.548780487804878,0.44564485979532553
82.0,525.0,0.2926829268292683,0.06097560975609756,0.646341463414634,0.24390243902439024,0.3902439024390244,0.4146341463414634,0.2804878048780488,1.8653846153846154,0.7928317615431497,1.7160033436347992,3.8163802266519338,0.8630358769906022,0.636017678254485,0.5907788038079987,1.0707075897201763,1.5742574257425743,0.4463213191415376
85.0,525.0,0.32941176470588235,0.058823529411764705,0.611764705882353,0.23529411764705882,0.4235294117647059,0.3764705882352941,0.27058823529411763,1.7777777777777777,0.7688920395955852,1.7323937598229686,3.751183130673359,0.8419159267466879,0.6586249592583739,0.6106634660599664,1.1147047464694635,1.5491712707182321,0.4355662604514481
84.0,525.0,0.32142857142857145,0.05952380952380952,0.6190476190476191,0.23809523809523808,0.42857142857142855,0.36904761904761907,0.27380952380952384,1.8461538461538463,0.7767356373806173,1.7160033436347992,3.607283547170386,0.8603392867699107,0.6487943191757614,0.6104085706290733,1.1084748039104315,1.5506117908787542,0.44575814754059273
85.0,525.0,0.3411764705882353,0.047058823529411764,0.611764705882353,0.23529411764705882,0.4470588235294118,0.36470588235294116,0.27058823529411763,1.7636363636363637,0.7689250881885643,1.7403626894942439,3.699588047220156,0.845951554063946,0.659776132719285,0.6091427516688436,1.1178017160917384,1.548780487804878,0.438524955918802
84.0,525.0,0.3333333333333333,0.05952380952380952,0.6071428571428572,0.23809523809523808,0.40476190476190477,0.39285714285714285,0.27380952380952384,1.8148148148148149,0.7542101722512919,1.7323937598229686,3.7364287387051767,0.8514224293649758,0.6519976359961038,0.607534748098924,1.1069701495092157,1.5502762430939228,0.44627593449531605
84.0,525.0,0.32142857142857145,0.09523809523809523,0.5833333333333334,0.23809523809523808,0.38095238095238093,0.40476190476190477,0.27380952380952384,1.8035714285714286,0.7727081739427388,1.7481880270062005,3.586000170462757,0.8507295370261209,0.6490511663148917,0.6062989399608963,1.1019145870960583,1.5548172757475083,0.4492426146244996
85.0,525.0,0.3176470588235294,0.07058823529411765,0.611764705882353,0.23529411764705882,0.43529411764705883,0.36470588235294116,0.27058823529411763,1.7843137254901962,0.7826551089770277,1.7075701760979363,3.6833941487675697,0.8366470323635211,0.6554166464441467,0.6106634660599664,1.1123574109584864,1.551111111111111,0.43467211818074497
84.0,525.0,0.30952380952380953,0.09523809523809523,0.5952380952380952,0.23809523809523808,0.4166666666666667,0.36904761904761907,0.27380952380952384,1.7735849056603774,0.775626531708951,1.724275869600789,3.4679392438696977,0.8489894252198736,0.6514861637399102,0.6153038967023486,1.1158182818019076,1.5454545454545454,0.4464821951241805
85.0,525.0,0.32941176470588235,0.08235294117647059,0.5882352941176471,0.23529411764705882,0.4235294117647059,0.36470588235294116,0.27058823529411763,1.7407407407407407,0.7815124471825946,1.7323937598229686,3.6100425821398123,0.8395786493496843,0.657984548187641,0.6143801704353217,1.1211909820531207,1.5462653288740245,0.4429540394375183
82.0,525.0,0.3170731707317073,0.06097560975609756,0.621951219512195,0.24390243902439024,0.43902439024390244,0.3780487804878049,0.2804878048780488,1.8444444444444446,0.796456800048461,1.6532125137753437,3.598378112356254,0.8471448165668836,0.64187626619791,0.6053380901416441,1.0964666622409867,1.5420875420875422,0.45533827955494527
81.0,525.0,0.30864197530864196,0.04938271604938271,0.6419753086419753,0.24691358024691357,0.43209876543209874,0.38271604938271603,0.2839506172839506,1.8235294117647058,0.7669649888473704,1.7075701760979363,3.705506247929702,0.8592088504326829,0.6372175040255295,0.5964209250284425,1.0803752656534764,1.5436241610738255,0.4539135481848141
85.0,479.0,0.35294117647058826,0.047058823529411764,0.5999999999999999,0.2,0.4235294117647059,0.3764705882352941,0.2235294117647059,1.819672131147541,0.806395203385856,1.7853298350107671,3.4715287567928534,0.8438064416402014,0.6259222225449902,0.5981032643191333,1.047592920044191,1.6244493392070485,0.37909401628717826
85.0,479.0,0.32941176470588235,0.047058823529411764,0.6235294117647059,0.21176470588235294,0.4235294117647059,0.36470588235294116,0.27058823529411763,1.8461538461538463,0.9157578107906768,1.7160033436347992,3.529949753709258,0.8358961456428026,0.6145581532923549,0.5855558381816941,1.0230900384478947,1.6299126637554586,0.3717748538206521
84.0,479.0,0.34523809523809523,0.047619047619047616,0.6071428571428572,0.20238095238095238,0.44047619047619047,0.36904761904761907,0.25,1.8,0.7552286874651746,1.7403626894942439,3.8719044421299507,0.828856499909188,0.6145534909420943,0.5885664237186364,1.0410282985351984,1.6255506607929515,0.37223721340589594
85.0,479.0,0.35294117647058826,0.047058823529411764,0.5999999999999999,0.16470588235294117,0.4117647058823529,0.35294117647058826,0.24705882352941178,1.7962962962962963,0.8098364528492048,1.7323937598229686,3.651915575186351,0.8488895468933831,0.629851196225606,0.5915845955678939,1.0521961342503978,1.607497243660419,0.3795579620518137
85.0,479.0,0.35294117647058826,0.047058823529411764,0.5999999999999999,0.18823529411764706,0.4470588235294118,0.36470588235294116,0.2235294117647059,1.7586206896551724,0.7565003641558523,1.7634279935629373,3.509065767872328,0.8370749576485975,0.6252218604883688,0.5979966894239572,1.0396760403505754,1.6136865342163356,0.3711983628608778
85.0,479.0,0.32941176470588235,0.047058823529411764,0.6235294117647059,0.2,0.4117647058823529,0.36470588235294116,0.27058823529411763,1.8363636363636364,0.8336363085599708,1.7403626894942439,3.6540021389952293,0.8466542334455522,0.6259222225449902,0.596247574501036,1.0484580578428395,1.6312910284463895,0.37753576043849457
84.0,479.0,0.35714285714285715,0.047619047619047616,0.5952380952380951,0.21428571428571427,0.4166666666666667,0.35714285714285715,0.25,1.7857142857142858,0.7314813292661236,1.7481880270062005,3.680968075809006,0.8543931951535293,0.6233101011631531,0.6012606119552698,1.0521609884147283,1.6243093922651934,0.37595369742313195
85.0,479.0,0.3411764705882353,0.047058823529411764,0.611764705882353,0.18823529411764706,0.43529411764705883,0.36470588235294116,0.24705882352941178,1.7636363636363637,0.7444519824735202,1.7403626894942439,3.513726838764693,0.8346561607491351,0.6349330512696575,0.6026751212421746,1.0479404970840858,1.6233480176211454,0.37270516169758405
85.0,479.0,0.32941176470588235,0.047058823529411764,0.6235294117647059,0.21176470588235294,0.43529411764705883,0.36470588235294116,0.24705882352941178,1.8679245283018868,0.920654780557683,1.724275869600789,3.6171938013284435,0.8466967677392019,0.6134045949433449,0.5949836065962774,1.0296948143567828,1.6245883644346872,0.37755338696162805
83.0,479.0,0.3132530120481928,0.04819277108433735,0.6385542168674698,0.20481927710843373,0.43373493975903615,0.37349397590361444,0.27710843373493976,1.88,0.9398219544799159,1.6989700043360187,3.605725015618038,0.8392856209300469,0.6035871921136475,0.5798059030338861,1.0223344221157797,1.6266519823788546,0.3904747762876441
85.0,479.0,0.3411764705882353,0.047058823529411764,0.611764705882353,0.2,0.43529411764705883,0.36470588235294116,0.27058823529411763,1.8,0.8476547165671401,1.7403626894942439,3.683867452039038,0.8191114463651145,0.6260831530688596,0.5960785889607036,1.0548762264273335,1.6344676180021953,0.38056294130587237
85.0,479.0,0.3411764705882353,0.058823529411764705,0.6,0.2,0.4235294117647059,0.35294117647058826,0.24705882352941178,1.8135593220338984,0.8194736803580286,1.7708520116421442,3.565367227547005,0.8365636958302678,0.6210749167742259,0.59726048369558,1.043063320091557,1.6174200661521498,0.37230241301094
84.0,479.0,0.3333333333333333,0.047619047619047616,0.6190476190476191,0.21428571428571427,0.4166666666666667,0.35714285714285715,0.25,1.7818181818181817,0.7623285257320371,1.7403626894942439,3.696404849802187,0.840511033155242,0.6228285931639745,0.594065614569662,1.0566187339571413,1.6147902869757174,0.3844307313687286
85.0,479.0,0.36470588235294116,0.047058823529411764,0.588235294117647,0.2235294117647059,0.4235294117647059,0.36470588235294116,0.27058823529411763,1.8064516129032258,0.8065044932424782,1.792391689498254,3.5248065446171415,0.8407291594222384,0.6229351976084508,0.6010160984671019,1.0514122384260471,1.621978021978022,0.36413993987921284
85.0,479.0,0.35294117647058826,0.047058823529411764,0.5999999999999999,0.17647058823529413,0.4235294117647059,0.3764705882352941,0.24705882352941178,1.7868852459016393,0.7329109563551055,1.7853298350107671,3.4546233635821286,0.8561374553120298,0.6240420011963299,0.5904903666592034,1.035622722914502,1.6318681318681318,0.37057677251314275
85.0,479.0,0.32941176470588235,0.047058823529411764,0.6235294117647059,0.2,0.4235294117647059,0.35294117647058826,0.27058823529411763,1.8,0.7552286874651746,1.7403626894942439,3.7001576807989576,0.8298296380713145,0.6217234077707317,0.5948943461241575,1.0378346940371739,1.6207650273224044,0.3756742905853308
85.0,479.0,0.3411764705882353,0.047058823529411764,0.611764705882353,0.2,0.43529411764705883,0.35294117647058826,0.24705882352941178,1.8214285714285714,0.8335497554466649,1.7481880270062005,3.705312921276921,0.8187790609591752,0.6299331517711098,0.5930286151271745,1.0607808339627174,1.6284454244762956,0.38591786228945063
85.0,479.0,0.32941176470588235,0.047058823529411764,0.6235294117647059,0.2235294117647059,0.4235294117647059,0.36470588235294116,0.24705882352941178,1.8518518518518519,0.8334381485445312,1.7323937598229686,3.7224972076429963,0.8144619734016989,0.618021850901371,0.5888889428496106,1.0452082202568544,1.633077765607886,0.3738322620169832
85.0,479.0,0.32941176470588235,0.058823529411764705,0.611764705882353,0.21176470588235294,0.4235294117647059,0.3764705882352941,0.24705882352941178,1.8070175438596492,0.8114932552142041,1.7558748556724915,3.5315808445198695,0.8498186296371943,0.6114220029123275,0.5855558381816941,1.0287117191758228,1.611842105263158,0.3635145868457137
85.0,479.0,0.3411764705882353,0.058823529411764705,0.6,0.2235294117647059,0.4235294117647059,0.3764705882352941,0.27058823529411763,1.7833333333333334,0.761169186891749,1.7781512503836436,3.6849759917162306,0.8296614943986732,0.6214652723612983,0.5869876726646766,1.0494774224791381,1.6228070175438596,0.38069062322279845
85.0,479.0,0.35294117647058826,0.047058823529411764,0.5999999999999999,0.2,0.43529411764705883,0.35294117647058826,0.24705882352941178,1.7547169811320755,0.7821484311560958,1.724275869600789,3.477754921091766,0.8324964450072768,0.6292931210305291,0.5982716779776458,1.0412266122135505,1.6145374449339207,0.36091196924964436
85.0,479.0,0.3176470588235294,0.058823529411764705,0.6235294117647059,0.2,0.4235294117647059,0.36470588235294116,0.27058823529411763,1.8,0.8255189164891871,1.7403626894942439,3.5128411119825054,0.8355671686336831,0.6184741531788959,0.59894485905977,1.0325795923676038,1.6195175438596492,0.37597116131633485
84.0,479.0,0.34523809523809523,0.047619047619047616,0.6071428571428572,0.16666666666666666,0.42857142857142855,0.35714285714285715,0.27380952380952384,1.7547169811320755,0.7571622216529319,1.724275869600789,3.554013796765813,0.8425587051679335,0.6214302415011819,0.5906139972500886,1.0247443212759524,1.6072607260726073,0.36994663257208205
85.0,479.0,0.3411764705882353,0.047058823529411764,0.611764705882353,0.2235294117647059,0.4235294117647059,0.35294117647058826,0.27058823529411763,1.7547169811320755,0.8298670045754433,1.724275869600789,3.613985606748925,0.8412603318585241,0.6242388920492905,0.5966037758449212,1.041311938880598,1.5836139169472503,0.37881151620056397
84.0,479.0,0.3333333333333333,0.05952380952380952,0.6071428571428572,0.2261904761904762,0.4166666666666667,0.34523809523809523,0.27380952380952384,1.8148148148148149,0.7788252904110955,1.7323937598229686,3.746502771389239,0.8245850242369395,0.6232134600118385,0.5958599508375598,1.063263192866544,1.6163175303197355,0.3820038140394177
85.0,479.0,0.35294117647058826,0.058823529411764705,0.588235294117647,0.2,0.4235294117647059,0.35294117647058826,0.2235294117647059,1.75,0.7041041910572658,1.7781512503836436,3.56199743145138,0.8452545622394004,0.6281714980874646,0.5965854019839393,1.0521030189734308,1.5788876276958002,0.370748557529931
85.0,479.0,0.35294117647058826,0.047058823529411764,0.5999999999999999,0.17647058823529413,0.4235294117647059,0.35294117647058826,0.27058823529411763,1.8596491228070176,0.8332080106266567,1.7558748556724915,3.5628276118277227,0.8468436461453365,0.6265975279967311,0.6027112231821303,1.0630348984100857,1.60989010989011,0.37089800010193064
85.0,479.0,0.3411764705882353,0.058823529411764705,0.6,0.17647058823529413,0.4117647058823529,0.38823529411764707,0.27058823529411763,1.8,0.8192596906219457,1.7781512503836436,3.5285638831228225,0.8465723125748545,0.623080976434191,0.5906594837928842,1.0321450129895684,1.6214442013129102,0.37678363672087783
85.0,479.0,0.36470588235294116,0.07058823529411765,0.5647058823529412,0.18823529411764706,0.4117647058823529,0.3764705882352941,0.27058823529411763,1.8064516129032258,0.8065044932424783,1.792391689498254,3.574242245186099,0.8497014201831019,0.6284223931900589,0.5963169256753668,1.0573742554593668,1.6292629262926293,0.38693351358693856
85.0,479.0,0.3411764705882353,0.047058823529411764,0.611764705882353,0.21176470588235294,0.4117647058823529,0.3764705882352941,0.27058823529411763,1.8135593220338984,0.730483455197155,1.7708520116421442,3.5783759350609237,0.8562564077568928,0.6202937668400453,0.5893450437770096,1.0277276835942994,1.6200873362445414,0.3482444748005705
85.0,479.0,0.35294117647058826,0.047058823529411764,0.5999999999999999,0.2235294117647059,0.43529411764705883,0.35294117647058826,0.24705882352941178,1.7924528301886793,0.8628773548210602,1.724275869600789,3.593397278388521,0.842280819762042,0.6237503259511241,0.6032101567851101,1.0558488600149583,1.6269315673289184,0.3802093068728749
85.0,479.0,0.36470588235294116,0.047058823529411764,0.588235294117647,0.23529411764705882,0.4235294117647059,0.36470588235294116,0.27058823529411763,1.736842105263158,0.7682613903547245,1.7558748556724915,3.6392625158341234,0.8185339443962408,0.6259097500597074,0.5949783873960609,1.0549249330686163,1.6245883644346872,0.3740193898111914
85.0,479.0,0.32941176470588235,0.058823529411764705,0.611764705882353,0.2,0.4235294117647059,0.35294117647058826,0.24705882352941178,1.8421052631578947,0.8191780219091255,1.7558748556724915,3.6008872629591524,0.8252471757851073,0.6166797657289542,0.5928587120711557,1.0513367089021135,1.6182618261826183,0.38035161174770654
85.0,479.0,0.32941176470588235,0.058823529411764705,0.611764705882353,0.2235294117647059,0.4235294117647059,0.35294117647058826,0.27058823529411763,1.7857142857142858,0.824936046320853,1.7481880270062005,3.6381643496114213,0.8346212071945913,0.6183506219560371,0.5969443431629773,1.0427747504467262,1.6314631463146314,0.37621621647751363
85.0,479.0,0.36470588235294116,0.058823529411764705,0.5764705882352941,0.2,0.4117647058823529,0.3764705882352941,0.24705882352941178,1.819672131147541,0.806395203385856,1.7853298350107671,3.5406059984438203,0.8285228104319595,0.6380372682144175,0.5957404740786156,1.0574516404394882,1.6200440528634361,0.37376101675574336
85.0,479.0,0.35294117647058826,0.058823529411764705,0.588235294117647,0.18823529411764706,0.4235294117647059,0.35294117647058826,0.24705882352941178,1.7796610169491525,0.720818419197318,1.7708520116421442,3.661440444143158,0.8430434552268047,0.6265040355852552,0.5981644063579191,1.056330220585234,1.6130099228224917,0.3719673071287729
85.0,479.0,0.3411764705882353,0.047058823529411764,0.611764705882353,0.2,0.4470588235294118,0.36470588235294116,0.27058823529411763,1.7777777777777777,0.7688920395955852,1.7323937598229686,3.701688781394973,0.8319769335885628,0.6156988047524603,0.5923487105039688,1.0447039531356077,1.6252747252747253,0.36254731176461596
85.0,479.0,0.36470588235294116,0.047058823529411764,0.588235294117647,0.21176470588235294,0.4470588235294118,0.35294117647058826,0.27058823529411763,1.8571428571428572,0.9030971241147964,1.7481880270062005,3.544202531370984,0.8377037631308732,0.6280745839386906,0.5951536382083797,1.0486809795228043,1.6207276736493936,0.3704001405430701
85.0,479.0,0.3176470588235294,0.047058823529411764,0.6352941176470588,0.2235294117647059,0.4470588235294118,0.36470588235294116,0.24705882352941178,1.8545454545454545,0.8259266808590713,1.7403626894942439,3.7339456568706337,0.8237956870258659,0.6358518693012877,0.598983680683746,1.0740744795928565,1.6256921373200444,0.3860662822432754
85.0,479.0,0.35294117647058826,0.047058823529411764,0.5999999999999999,0.2,0.47058823529411764,0.32941176470588235,0.24705882352941178,1.7407407407407407,0.7316351597539038,1.7323937598229686,3.5323560665200384,0.8389731309199957,0.6257612506337185,0.6067987974612512,1.06163522484491,1.6004464285714286,0.3744109485496894
84.0,479.0,0.35714285714285715,0.05952380952380952,0.5833333333333333,0.19047619047619047,0.42857142857142855,0.36904761904761907,0.27380952380952384,1.8070175438596492,0.833208010626657,1.7558748556724915,3.6984657638472123,0.822846303351743,0.6153233637057073,0.5908286294799883,1.0403035234554592,1.6299559471365639,0.37746534778852625
85.0,479.0,0.32941176470588235,0.047058823529411764,0.6235294117647059,0.18823529411764706,0.4235294117647059,0.38823529411764707,0.24705882352941178,1.8596491228070176,0.8332080106266567,1.7558748556724915,3.7607336734319112,0.8396125821440226,0.6220048596292103,0.5927739281928887,1.0517623040826327,1.639344262295082,0.38436343234150705
84.0,479.0,0.32142857142857145,0.047619047619047616,0.6309523809523809,0.21428571428571427,0.4166666666666667,0.36904761904761907,0.27380952380952384,1.830188679245283,0.8259225391273728,1.724275869600789,3.7626604186077075,0.8311666255132041,0.6170211888337093,0.5920421027396724,1.039154261039009,1.6403508771929824,0.38162673076516995
85.0,479.0,0.3411764705882353,0.047058823529411764,0.611764705882353,0.18823529411764706,0.4235294117647059,0.3764705882352941,0.24705882352941178,1.8421052631578947,0.8191780219091254,1.7558748556724915,3.6022146986605748,0.8407640832454426,0.6287415504050446,0.5959804047985994,1.0591751644874066,1.6136114160263446,0.37206042856249916
85.0,479.0,0.35294117647058826,0.047058823529411764,0.5999999999999999,0.18823529411764706,0.4470588235294118,0.36470588235294116,0.24705882352941178,1.8135593220338984,0.730483455197155,1.7708520116421442,3.6387704667628427,0.8359410907218032,0.6303349125035288,0.5966532567496294,1.0581329065293847,1.6339581036383684,0.37280098848578497
85.0,479.0,0.3411764705882353,0.047058823529411764,0.611764705882353,0.21176470588235294,0.4117647058823529,0.3764705882352941,0.24705882352941178,1.7796610169491525,0.7443533784935823,1.7708520116421442,3.5524395923597307,0.85864193856427,0.6125792947250362,0.5893450437770095,1.0370383224789916,1.6148796498905909,0.364766409241677
85.0,479.0,0.32941176470588235,0.047058823529411764,0.6235294117647059,0.21176470588235294,0.43529411764705883,0.35294117647058826,0.27058823529411763,1.8363636363636364,0.8336363085599708,1.7403626894942439,3.6341510996065676,0.8339613346774472,0.6162023477086742,0.6030910527668776,1.0452986001188396,1.6337719298245614,0.3770599346194906
85.0,479.0,0.35294117647058826,0.047058823529411764,0.5999999999999999,0.2235294117647059,0.4117647058823529,0.38823529411764707,0.24705882352941178,1.7868852459016393,0.7329109563551055,1.7853298350107671,3.646001580292417,0.8621692532120258,0.6266760091633375,0.5984744977880473,1.0443328243544414,1.625,0.36506440856565564
85.0,479.0,0.35294117647058826,0.047058823529411764,0.5999999999999999,0.21176470588235294,0.43529411764705883,0.35294117647058826,0.24705882352941178,1.7719298245614035,0.7563432672038615,1.7558748556724915,3.5156832809401246,0.842085745355434,0.6219227980418348,0.5976983080016451,1.0465561885618226,1.6145374449339207,0.3749091109447107
85.0,479.0,0.3764705882352941,0.058823529411764705,0.5647058823529412,0.18823529411764706,0.4235294117647059,0.35294117647058826,0.24705882352941178,1.873015873015873,0.8705219697078206,1.7993405494535817,3.516817227027899,0.8342682689575271,0.6229717041980388,0.5991697220842997,1.0527155878984122,1.6136865342163356,0.3693305598317357
85.0,479.0,0.3176470588235294,0.047058823529411764,0.6352941176470588,0.17647058823529413,0.43529411764705883,0.36470588235294116,0.27058823529411763,1.830188679245283,0.8488872593578873,1.724275869600789,3.5800984028794716,0.8340474348044681,0.6246818630036762,0.5931904550410556,1.0497038000115853,1.6282894736842106,0.37249412440698576
85.0,479.0,0.32941176470588235,0.047058823529411764,0.6235294117647059,0.2235294117647059,0.4117647058823529,0.35294117647058826,0.24705882352941178,1.8867924528301887,0.9127384274067909,1.724275869600789,3.6275930158713825,0.8399791329503268,0.6224456082234714,0.5890614813000955,1.0423848680816068,1.6285714285714286,0.37128116085888885
85.0,479.0,0.36470588235294116,0.047058823529411764,0.588235294117647,0.17647058823529413,0.4235294117647059,0.3764705882352941,0.2235294117647059,1.8275862068965518,0.8194549115644586,1.7634279935629373,3.6239386098569955,0.8509984856529007,0.6166358699491538,0.5865872156318575,1.0360084145051482,1.6351648351648351,0.3704668798866419
85.0,479.0,0.32941176470588235,0.047058823529411764,0.6235294117647059,0.21176470588235294,0.4470588235294118,0.3764705882352941,0.24705882352941178,1.8545454545454545,0.8480518375617845,1.7403626894942439,3.5806303883356896,0.8282341453845736,0.6191508947745387,0.5976983080016451,1.0404475554743469,1.6293859649122806,0.3786826200385939
85.0,479.0,0.32941176470588235,0.047058823529411764,0.6235294117647059,0.2,0.4235294117647059,0.38823529411764707,0.2235294117647059,1.847457627118644,0.8054461030371436,1.7708520116421442,3.5337908105378943,0.858048248733181,0.6142244257962586,0.5986083631491945,1.031310476103701,1.62472647702407,0.3713228358577269
85.0,479.0,0.3411764705882353,0.058823529411764705,0.6,0.15294117647058825,0.4235294117647059,0.36470588235294116,0.24705882352941178,1.7894736842105263,0.7731392894571169,1.7558748556724915,3.5355334597837453,0.8218770702173843,0.6339935710342037,0.6091414749175456,1.0704943024891749,1.6172566371681416,0.38764386299100023
85.0,479.0,0.32941176470588235,0.047058823529411764,0.6235294117647059,0.21176470588235294,0.43529411764705883,0.32941176470588235,0.27058823529411763,1.7924528301886793,0.7431350060085298,1.724275869600789,3.601681139984468,0.8286938464960171,0.6232229571822933,0.598713147604237,1.0494525641722765,1.6339581036383684,0.37441403186012945
85.0,479.0,0.3176470588235294,0.047058823529411764,0.6352941176470588,0.18823529411764706,0.4235294117647059,0.36470588235294116,0.24705882352941178,1.8,0.7552286874651746,1.7403626894942439,3.6498368547289823,0.833585333204259,0.6158462628651769,0.5904001180082025,1.0322203255956763,1.6280087527352298,0.36590651978606176
85.0,479.0,0.32941176470588235,0.058823529411764705,0.611764705882353,0.21176470588235294,0.47058823529411764,0.35294117647058826,0.2235294117647059,1.8275862068965518,0.8194549115644586,1.7634279935629373,3.4937758424814334,0.8349503206223376,0.6300047733486202,0.6039293192909638,1.059623020517029,1.6158129175946547,0.3652672361737393
84.0,479.0,0.3333333333333333,0.05952380952380952,0.6071428571428572,0.16666666666666666,0.44047619047619047,0.3333333333333333,0.27380952380952384,1.7777777777777777,0.7688920395955852,1.7323937598229686,3.474972956446462,0.8358763989173199,0.6083221106278324,0.6031294672535272,1.034291623052218,1.5977900552486188,0.3863204510502022
85.0,479.0,0.32941176470588235,0.058823529411764705,0.611764705882353,0.18823529411764706,0.43529411764705883,0.35294117647058826,0.24705882352941178,1.8421052631578947,0.8191780219091254,1.7558748556724915,3.524406775145418,0.8294275191013176,0.619257269143203,0.5951382701073394,1.041314913412224,1.6266519823788546,0.3719389641526736
85.0,479.0,0.36470588235294116,0.07058823529411765,0.5647058823529412,0.18823529411764706,0.43529411764705883,0.36470588235294116,0.2235294117647059,1.8,0.8192596906219457,1.7781512503836436,3.4992023679631328,0.8275515242435696,0.6186090037339099,0.5983320762795782,1.048992882061381,1.6197339246119733,0.3720432665517983
85.0,479.0,0.35294117647058826,0.047058823529411764,0.5999999999999999,0.2,0.4470588235294118,0.3411764705882353,0.24705882352941178,1.8148148148148149,0.8483963579328584,1.7323937598229686,3.63452517906116,0.8412310619466815,0.6251169484750316,0.5928587120711557,1.0491304495735856,1.6426991150442478,0.3798207065637961
85.0,479.0,0.35294117647058826,0.047058823529411764,0.5999999999999999,0.21176470588235294,0.43529411764705883,0.3411764705882353,0.24705882352941178,1.7586206896551724,0.732942754701683,1.7634279935629373,3.7476404759812993,0.8328855794441296,0.63845997918662,0.6032587992576802,1.0644817303654632,1.6404867256637168,0.3721905544178116
84.0,479.0,0.30952380952380953,0.047619047619047616,0.6428571428571428,0.19047619047619047,0.42857142857142855,0.34523809523809523,0.25,1.7755102040816326,0.7709654694615321,1.6901960800285136,3.690144261234911,0.848329789074012,0.6180563698963315,0.5933403198013912,1.040017580512983,1.6114790286975718,0.37017287491162393
85.0,479.0,0.35294117647058826,0.047058823529411764,0.5999999999999999,0.2,0.4235294117647059,0.3764705882352941,0.24705882352941178,1.7636363636363637,0.7689250881885643,1.7403626894942439,3.567220041879135,0.8359448159115678,0.6289728614291513,0.5892794319997817,1.0492264703596925,1.6167400881057268,0.37233488362501055
85.0,479.0,0.32941176470588235,0.047058823529411764,0.6235294117647059,0.2,0.4117647058823529,0.38823529411764707,0.24705882352941178,1.7894736842105263,0.7496866513337221,1.7558748556724915,3.614375891667335,0.8544501770338704,0.6174960427925369,0.5849898306409793,1.026414635550368,1.6211790393013101,0.38487401785615466
85.0,479.0,0.32941176470588235,0.047058823529411764,0.6235294117647059,0.18823529411764706,0.4470588235294118,0.36470588235294116,0.24705882352941178,1.8,0.7552286874651746,1.7403626894942439,3.664049852005202,0.832079304611274,0.6224884696256479,0.5937883703595778,1.0390969974213164,1.6153846153846154,0.3707930096628995
85.0,479.0,0.3176470588235294,0.047058823529411764,0.6352941176470588,0.18823529411764706,0.4823529411764706,0.3176470588235294,0.24705882352941178,1.8235294117647058,0.8650059503365554,1.7075701760979363,3.455963665357168,0.8538722052502552,0.62393705055916,0.5996717479397412,1.0392900475771978,1.6144444444444443,0.3725227861761399
85.0,479.0,0.3411764705882353,0.047058823529411764,0.611764705882353,0.2,0.43529411764705883,0.35294117647058826,0.24705882352941178,1.7547169811320755,0.7571622216529319,1.724275869600789,3.5455947011044855,0.8427749878147518,0.6283318525193787,0.5945555577812044,1.0521030189734308,1.6390728476821192,0.37301834001362083
85.0,479.0,0.32941176470588235,0.047058823529411764,0.6235294117647059,0.18823529411764706,0.43529411764705883,0.36470588235294116,0.24705882352941178,1.8518518518518519,0.8334381485445312,1.7323937598229686,3.7868530709056265,0.8368976830315131,0.6252218604883688,0.6025086599317563,1.0585120281632894,1.6233480176211454,0.38432308249436675
85.0,479.0,0.3411764705882353,0.058823529411764705,0.6,0.23529411764705882,0.43529411764705883,0.35294117647058826,0.24705882352941178,1.7796610169491525,0.7893208912199078,1.7708520116421442,3.5176568795631415,0.8248373911497123,0.6249305925272959,0.5973751564436621,1.0517273319742808,1.6155555555555556,0.36959278735980533
85.0,479.0,0.36470588235294116,0.047058823529411764,0.588235294117647,0.21176470588235294,0.4235294117647059,0.35294117647058826,0.27058823529411763,1.7037037037037037,0.7430084087395795,1.7323937598229686,3.5444023314505677,0.848734529778985,0.6211088165147864,0.5932806103141595,1.0403503038583624,1.5693348365276212,0.37156060573057553
84.0,479.0,0.32142857142857145,0.05952380952380952,0.6190476190476191,0.2261904761904762,0.4523809523809524,0.3333333333333333,0.27380952380952384,1.830188679245283,0.9143271813113512,1.724275869600789,3.5696168670256005,0.827875343966387,0.6063864001263779,0.6030645766751864,1.0450649277938246,1.630820399113082,0.39300638194750076
84.0,479.0,0.3333333333333333,0.047619047619047616,0.6190476190476191,0.16666666666666666,0.44047619047619047,0.35714285714285715,0.25,1.8235294117647058,0.7669649888473704,1.7075701760979363,3.549852319077451,0.8358250852708624,0.6071900144532131,0.5922758795532667,1.021670342125157,1.6197802197802198,0.372649320628043
84.0,479.0,0.34523809523809523,0.047619047619047616,0.6071428571428572,0.20238095238095238,0.42857142857142855,0.38095238095238093,0.27380952380952384,1.8070175438596492,0.833208010626657,1.7558748556724915,3.5295810172253814,0.8506498120007437,0.6190735144793241,0.5870418571017277,1.035369712278303,1.6103183315038418,0.388605569462403
85.0,479.0,0.3411764705882353,0.047058823529411764,0.611764705882353,0.2235294117647059,0.4235294117647059,0.38823529411764707,0.24705882352941178,1.7666666666666666,0.7217367628174831,1.7781512503836436,3.553217017414138,0.8538565371087653,0.615715538068129,0.585601053561934,1.0267671480903133,1.6225382932166301,0.36174865043329646
85.0,479.0,0.32941176470588235,0.047058823529411764,0.6235294117647059,0.2235294117647059,0.4470588235294118,0.3411764705882353,0.27058823529411763,1.7777777777777777,0.7688920395955852,1.7323937598229686,3.6535844960288864,0.8379178276513363,0.6155504707800935,0.5942143392576336,1.0359306242717596,1.6131868131868132,0.36707354112828683
85.0,479.0,0.32941176470588235,0.047058823529411764,0.6235294117647059,0.21176470588235294,0.4235294117647059,0.35294117647058826,0.27058823529411763,1.8363636363636364,0.8336363085599708,1.7403626894942439,3.5271350429572834,0.8488287783494893,0.6219227980418347,0.5966817423567493,1.0346940704311915,1.6166484118291347,0.37362620573123134
84.0,479.0,0.30952380952380953,0.047619047619047616,0.6428571428571428,0.19047619047619047,0.44047619047619047,0.34523809523809523,0.25,1.84,0.8656718518596067,1.6989700043360187,3.7238388215884095,0.8248977154396423,0.6127399871511863,0.5941751904937543,1.0326512821729759,1.63215859030837,0.3836523413130773
85.0,479.0,0.3411764705882353,0.047058823529411764,0.611764705882353,0.21176470588235294,0.4235294117647059,0.35294117647058826,0.24705882352941178,1.8983050847457628,0.8649280467230683,1.7708520116421442,3.648921122481495,0.8527416680551018,0.6254917327351687,0.5898598676699381,1.053686180245088,1.6292629262926293,0.36249448182459515
83.0,479.0,0.3493975903614458,0.060240963855421686,0.5903614457831325,0.1927710843373494,0.43373493975903615,0.3614457831325301,0.25301204819277107,1.7636363636363637,0.7689250881885643,1.7403626894942439,3.5425096055703924,0.8354670141665951,0.6149890554859117,0.5930918803363996,1.040825980882933,1.6077777777777778,0.3792669448030724
85.0,479.0,0.35294117647058826,0.047058823529411764,0.5999999999999999,0.18823529411764706,0.4235294117647059,0.3764705882352941,0.27058823529411763,1.7586206896551724,0.7565003641558523,1.7634279935629373,3.575762376435311,0.8358405808739272,0.6194192294869499,0.5932813660985448,1.0374546207108724,1.6207650273224044,0.3680903285099875
85.0,479.0,0.3176470588235294,0.047058823529411764,0.6352941176470588,0.18823529411764706,0.43529411764705883,0.35294117647058826,0.27058823529411763,1.8076923076923077,0.8410651868714571,1.7160033436347992,3.8647764491357486,0.8291657174629192,0.6142153162938163,0.5851095527568445,1.0482276159515016,1.6217105263157894,0.3798896984052139
85.0,479.0,0.3411764705882353,0.047058823529411764,0.611764705882353,0.21176470588235294,0.43529411764705883,0.3411764705882353,0.27058823529411763,1.7547169811320755,0.7571622216529319,1.724275869600789,3.656225871422518,0.8242313735570408,0.6269458958389145,0.5934511298574625,1.0481984506958226,1.6145374449339207,0.3719700915508205
84.0,479.0,0.34523809523809523,0.047619047619047616,0.6071428571428572,0.21428571428571427,0.44047619047619047,0.34523809523809523,0.27380952380952384,1.8076923076923077,0.7679476477883046,1.7160033436347992,3.6513977462602183,0.8291458404377232,0.6171832434965313,0.5906892438087346,1.0468248491922185,1.620309050772627,0.38691557332747906
85.0,479.0,0.3176470588235294,0.047058823529411764,0.6352941176470588,0.21176470588235294,0.4117647058823529,0.36470588235294116,0.27058823529411763,1.8148148148148149,0.7542101722512919,1.7323937598229686,3.783593008972013,0.8337904922695092,0.6147227706311739,0.584518155323274,1.0323444950601008,1.6343852013057671,0.3671269872884214
85.0,479.0,0.3176470588235294,0.058823529411764705,0.6235294117647059,0.21176470588235294,0.43529411764705883,0.35294117647058826,0.2235294117647059,1.8,0.7552286874651746,1.7403626894942439,3.6151526681387725,0.8274524416690568,0.6168587983802377,0.5914016503839096,1.0389878254229863,1.613938053097345,0.36879005552138666
85.0,479.0,0.35294117647058826,0.047058823529411764,0.5999999999999999,0.21176470588235294,0.4470588235294118,0.35294117647058826,0.24705882352941178,1.8103448275862069,0.8472224288344504,1.7634279935629373,3.5152543583730482,0.8558920262957307,0.6166947512219911,0.5864191712422544,1.0342050157554263,1.619889502762431,0.3667868341298777
85.0,479.0,0.36470588235294116,0.07058823529411765,0.5647058823529412,0.21176470588235294,0.4117647058823529,0.3411764705882353,0.24705882352941178,1.7941176470588236,0.7640978199745785,1.8325089127062364,3.4195653041696916,0.8647641028296212,0.6356010130927648,0.6051009414798059,1.0663810638645999,1.6028921023359288,0.3622025267913639
85.0,479.0,0.3411764705882353,0.058823529411764705,0.6,0.17647058823529413,0.4235294117647059,0.35294117647058826,0.27058823529411763,1.7241379310344827,0.7204555929014729,1.7634279935629373,3.5581150552667844,0.8390482612315969,0.619544465148996,0.5952074832171427,1.0422558989713628,1.5725534308211473,0.38133419376136707
85.0,479.0,0.3411764705882353,0.047058823529411764,0.611764705882353,0.21176470588235294,0.4235294117647059,0.36470588235294116,0.27058823529411763,1.75,0.7446780878644507,1.7481880270062005,3.565434825547313,0.8396839806967685,0.6275911090245684,0.6032587992576802,1.0576158875357966,1.6240352811466372,0.37085131063201104
85.0,479.0,0.32941176470588235,0.047058823529411764,0.6235294117647059,0.18823529411764706,0.4470588235294118,0.35294117647058826,0.2235294117647059,1.8148148148148149,0.7542101722512919,1.7323937598229686,3.6732763430895856,0.8255743619835689,0.6352489374549286,0.5956436937976294,1.051380748541256,1.6033149171270717,0.3707004650873274
83.0,479.0,0.3253012048192771,0.04819277108433735,0.6265060240963854,0.20481927710843373,0.42168674698795183,0.37349397590361444,0.2289156626506024,1.830188679245283,0.7528369180997909,1.724275869600789,3.5543733696461044,0.8498662798607658,0.6116842102431647,0.5830215377945,1.0107183047999106,1.6114790286975718,0.37460093836786773
85.0,479.0,0.3411764705882353,0.047058823529411764,0.611764705882353,0.23529411764705882,0.43529411764705883,0.3764705882352941,0.2235294117647059,1.8,0.731842346642351,1.7781512503836436,3.6602009838500353,0.828149414053439,0.6213271465858063,0.5910197380678688,1.0466688634488182,1.6186813186813187,0.36153082697356725
85.0,479.0,0.35294117647058826,0.047058823529411764,0.5999999999999999,0.21176470588235294,0.4235294117647059,0.3764705882352941,0.24705882352941178,1.8070175438596492,0.833208010626657,1.7558748556724915,3.578785666964816,0.8247125764569994,0.6241962993203227,0.59430299368326,1.0411280624270218,1.6195175438596492,0.3760416598903847
84.0,479.0,0.32142857142857145,0.047619047619047616,0.6309523809523809,0.20238095238095238,0.42857142857142855,0.36904761904761907,0.25,1.8,0.7302967433402214,1.7403626894942439,3.6281210241603308,0.8488891136756042,0.6166561935935466,0.5892427427279968,1.0372913355208313,1.6207276736493936,0.3738936756143696
85.0,479.0,0.35294117647058826,0.047058823529411764,0.5999999999999999,0.2235294117647059,0.4235294117647059,0.3764705882352941,0.24705882352941178,1.7543859649122806,0.7387417331997206,1.7558748556724915,3.6443363129969413,0.8660515413292462,0.6253773952849921,0.5873338159361803,1.0391627571053503,1.6211453744493391,0.3685865932454659
85.0,479.0,0.32941176470588235,0.047058823529411764,0.6235294117647059,0.2,0.4470588235294118,0.3411764705882353,0.27058823529411763,1.7692307692307692,0.782539471293768,1.7160033436347992,3.4828535842949853,0.8415707486590505,0.6176591687536319,0.5952329416392029,1.0362804051276253,1.624862486248625,0.38381858135283903
85.0,479.0,0.32941176470588235,0.047058823529411764,0.6235294117647059,0.21176470588235294,0.4235294117647059,0.38823529411764707,0.2235294117647059,1.8571428571428572,0.8186146041513493,1.7481880270062005,3.448130170543575,0.8591571541710743,0.6132396237550635,0.5932806103141595,1.0178350044041429,1.6222707423580787,0.3563934546293822
83.0,549.0,0.30120481927710846,0.08433734939759036,0.6144578313253013,0.24096385542168675,0.3614457831325301,0.37349397590361444,0.27710843373493976,1.8148148148148149,0.7542101722512919,1.7323937598229686,3.441885808822066,0.8981798717650671,0.6292367636108114,0.6031716200067753,1.063782536746476,1.5278688524590165,0.451352847080012
84.0,549.0,0.30952380952380953,0.07142857142857142,0.6190476190476191,0.23809523809523808,0.38095238095238093,0.35714285714285715,0.27380952380952384,1.8461538461538463,0.7510676161988108,1.7160033436347992,3.4427085464653437,0.8873079880002102,0.6363289810988337,0.6090077438408891,1.076340873154532,1.5278688524590165,0.4459795989004881
84.0,549.0,0.30952380952380953,0.05952380952380952,0.6309523809523809,0.23809523809523808,0.39285714285714285,0.35714285714285715,0.27380952380952384,1.8979591836734695,0.7428800362772708,1.6901960800285136,3.5260665955673365,0.8876561913841279,0.6381167404378305,0.6088830253632098,1.0789484390291812,1.5278688524590165,0.44470913023871506
83.0,549.0,0.30120481927710846,0.060240963855421686,0.6385542168674699,0.24096385542168675,0.3855421686746988,0.3614457831325301,0.27710843373493976,1.8333333333333333,0.7244464749279003,1.6812412373755872,3.5475347019725225,0.8953280579598747,0.6312612168962004,0.6029227057831774,1.0663898185426983,1.484304932735426,0.4500670715668924
81.0,549.0,0.2839506172839506,0.07407407407407407,0.6419753086419754,0.24691358024691357,0.35802469135802467,0.3950617283950617,0.2839506172839506,1.8627450980392157,0.7488553356460046,1.7075701760979363,3.556524480451176,0.8966559443490716,0.615469999640091,0.5909343716450336,1.040361254899626,1.5278688524590165,0.46117983876607493
83.0,549.0,0.30120481927710846,0.07228915662650602,0.6265060240963856,0.24096385542168675,0.37349397590361444,0.3855421686746988,0.27710843373493976,1.8461538461538463,0.7510676161988108,1.7160033436347992,3.4492485932932833,0.8952083583823436,0.6295944930893557,0.6030471757377301,1.063994175987727,1.5278688524590165,0.451352847080012
83.0,549.0,0.30120481927710846,0.060240963855421686,0.6385542168674699,0.24096385542168675,0.3855421686746988,0.37349397590361444,0.27710843373493976,1.8979591836734695,0.7428800362772708,1.6901960800285136,3.539635052625422,0.8942487215155488,0.6301902576287319,0.6029227057831774,1.0658970381688442,1.5278688524590165,0.4500670715668924
84.0,549.0,0.30952380952380953,0.08333333333333333,0.6071428571428571,0.23809523809523808,0.36904761904761907,0.34523809523809523,0.27380952380952384,1.7358490566037736,0.7377445721257567,1.724275869600789,3.439139864090433,0.9014673390315926,0.6369254584328168,0.609132436782745,1.0764114309620532,1.483726150392817,0.44597959890048805
83.0,549.0,0.30120481927710846,0.07228915662650602,0.6265060240963856,0.24096385542168675,0.37349397590361444,0.37349397590361444,0.27710843373493976,1.8627450980392157,0.7488553356460046,1.7075701760979363,3.526248171768661,0.898568291621795,0.6307854594803942,0.6030471757377301,1.0662490473894168,1.5278688524590165,0.4500670715668924
83.0,549.0,0.30120481927710846,0.07228915662650602,0.6265060240963856,0.24096385542168675,0.37349397590361444,0.3614457831325301,0.27710843373493976,1.8461538461538463,0.7510676161988108,1.7160033436347992,3.532941612197041,0.8973649496726052,0.6295944930893557,0.6030471757377301,1.065474473593359,1.5278688524590165,0.4500670715668924
83.0,549.0,0.30120481927710846,0.08433734939759036,0.6144578313253013,0.24096385542168675,0.3614457831325301,0.39759036144578314,0.27710843373493976,1.830188679245283,0.7528369180997909,1.724275869600789,3.427962063089424,0.9014441818176152,0.628162352845428,0.6031716200067753,1.0632885480302856,1.5278688524590165,0.451352847080012
84.0,549.0,0.30952380952380953,0.08333333333333333,0.6071428571428571,0.23809523809523808,0.36904761904761907,0.36904761904761907,0.27380952380952384,1.830188679245283,0.7528369180997909,1.724275869600789,3.4936591881599295,0.8987141191665715,0.6357319441185145,0.609132436782745,1.0775397275410366,1.5278688524590165,0.44470913023871506
83.0,549.0,0.30120481927710846,0.060240963855421686,0.6385542168674699,0.24096385542168675,0.3855421686746988,0.37349397590361444,0.27710843373493976,1.8979591836734695,0.7428800362772708,1.6901960800285136,3.539635052625422,0.8942487215155488,0.6301902576287319,0.6029227057831774,1.0658970381688442,1.5278688524590165,0.4500670715668924
82.0,549.0,0.2926829268292683,0.07317073170731707,0.6341463414634146,0.24390243902439024,0.36585365853658536,0.3780487804878049,0.2804878048780488,1.8461538461538463,0.7510676161988108,1.7160033436347992,3.5455384611262732,0.8964706832093565,0.6230389282292929,0.5970233722454176,1.0532006269224063,1.5278688524590165,0.4555556943908789
82.0,549.0,0.2926829268292683,0.04878048780487805,0.6585365853658536,0.24390243902439024,0.3902439024390244,0.3902439024390244,0.2804878048780488,1.9565217391304348,0.7289725414469155,1.662757831681574,3.563965238819657,0.8962307013540258,0.6231579467884228,0.5967748871177274,1.0534822460656743,1.5278688524590165,0.4555556943908789
85.0,549.0,0.3176470588235294,0.09411764705882353,0.5882352941176471,0.23529411764705882,0.36470588235294116,0.3764705882352941,0.27058823529411763,1.7857142857142858,0.7559289460184545,1.7481880270062005,3.389004835542592,0.9008332207816289,0.6430061709150402,0.6151568141688756,1.088412991332325,1.5278688524590165,0.440732780089894
83.0,549.0,0.30120481927710846,0.07228915662650602,0.6265060240963856,0.24096385542168675,0.37349397590361444,0.37349397590361444,0.27710843373493976,1.8461538461538463,0.7510676161988108,1.7160033436347992,3.455272689678825,0.8938522847371133,0.6295944930893557,0.6030471757377301,1.063994175987727,1.5278688524590165,0.451352847080012
82.0,549.0,0.2926829268292683,0.08536585365853659,0.6219512195121951,0.24390243902439024,0.35365853658536583,0.3902439024390244,0.2804878048780488,1.8461538461538463,0.7510676161988108,1.7160033436347992,3.523314832315592,0.8987361227892181,0.6229198869298112,0.59714757603439,1.0533414459056778,1.5278688524590165,0.4555556943908789
83.0,549.0,0.30120481927710846,0.08433734939759036,0.6144578313253013,0.24096385542168675,0.3614457831325301,0.37349397590361444,0.27710843373493976,1.830188679245283,0.7528369180997909,1.724275869600789,3.512861290911901,0.898402580782957,0.6292367636108114,0.6031716200067753,1.0653335814881437,1.5278688524590165,0.4500670715668924
82.0,549.0,0.2926829268292683,0.07317073170731707,0.6341463414634146,0.24390243902439024,0.36585365853658536,0.3902439024390244,0.2804878048780488,1.8461538461538463,0.7510676161988108,1.7160033436347992,3.4657014378425464,0.893056691757189,0.6230389282292929,0.5970233722454176,1.0517914001457742,1.5278688524590165,0.45685715009318284
85.0,549.0,0.3176470588235294,0.08235294117647059,0.6,0.23529411764705882,0.3764705882352941,0.3411764705882353,0.27058823529411763,1.8148148148148149,0.7542101722512919,1.7323937598229686,3.489682855308745,0.8934159756226958,0.6434839979798741,0.6150318902813621,1.0901765171679123,1.5278688524590165,0.4394772581182596
83.0,549.0,0.30120481927710846,0.07228915662650602,0.6265060240963856,0.24096385542168675,0.37349397590361444,0.3493975903614458,0.27710843373493976,1.830188679245283,0.7528369180997909,1.724275869600789,3.467990226492748,0.8871892690379531,0.6295944930893557,0.6030471757377301,1.0639236342517526,1.5278688524590165,0.451352847080012
82.0,549.0,0.2926829268292683,0.06097560975609756,0.646341463414634,0.24390243902439024,0.3780487804878049,0.3902439024390244,0.2804878048780488,1.9166666666666667,0.7389853116132563,1.6812412373755872,3.5504151033183016,0.894505621078013,0.6224434940673897,0.59689914261191,1.0530597891083087,1.5278688524590165,0.4555556943908789
84.0,549.0,0.30952380952380953,0.08333333333333333,0.6071428571428571,0.23809523809523808,0.36904761904761907,0.38095238095238093,0.27380952380952384,1.8461538461538463,0.7510676161988108,1.7160033436347992,3.487045431546173,0.9018092383331192,0.6357319441185145,0.609132436782745,1.0776102068521467,1.5278688524590165,0.44470913023871506
83.0,549.0,0.30120481927710846,0.060240963855421686,0.6385542168674699,0.24096385542168675,0.3855421686746988,0.3493975903614458,0.27710843373493976,1.88,0.7461465632686054,1.6989700043360187,3.552352589439344,0.8867443158769183,0.6312612168962004,0.6029227057831774,1.0664601971512457,1.5278688524590165,0.4500670715668924
84.0,549.0,0.30952380952380953,0.07142857142857142,0.6190476190476191,0.23809523809523808,0.38095238095238093,0.34523809523809523,0.27380952380952384,1.7647058823529411,0.7372444721832141,1.7075701760979363,3.452367377317946,0.8964854549736214,0.6374022384104976,0.6090077438408892,1.0766936159542484,1.483726150392817,0.4459795989004881
83.0,549.0,0.30120481927710846,0.04819277108433735,0.6506024096385542,0.24096385542168675,0.39759036144578314,0.3493975903614458,0.27710843373493976,1.9361702127659575,0.7343809969345948,1.6720978579357175,3.565070126253267,0.9011165288794583,0.6310233830252108,0.6027982101272058,1.066389818542698,1.5278688524590165,0.4500670715668924
84.0,549.0,0.30952380952380953,0.08333333333333333,0.6071428571428571,0.23809523809523808,0.36904761904761907,0.34523809523809523,0.27380952380952384,1.8148148148148149,0.7542101722512919,1.7323937598229686,3.4366252634789456,0.8994832120474656,0.6369254584328168,0.609132436782745,1.076623076640065,1.5278688524590165,0.44597959890048805
83.0,549.0,0.30120481927710846,0.07228915662650602,0.6265060240963856,0.24096385542168675,0.37349397590361444,0.3855421686746988,0.27710843373493976,1.8461538461538463,0.7510676161988108,1.7160033436347992,3.4480423843745647,0.8942304529525751,0.6286400954422837,0.6030471757377301,1.0635002855765427,1.5278688524590165,0.451352847080012
82.0,549.0,0.2926829268292683,0.07317073170731707,0.6341463414634146,0.24390243902439024,0.36585365853658536,0.3902439024390244,0.2804878048780488,1.8627450980392157,0.7488553356460046,1.7075701760979363,3.4638030122838965,0.8940729519197906,0.6230389282292929,0.5970233722454176,1.0519324077779533,1.5278688524590165,0.45685715009318284
83.0,549.0,0.30120481927710846,0.07228915662650602,0.6265060240963856,0.24096385542168675,0.37349397590361444,0.3855421686746988,0.27710843373493976,1.88,0.7461465632686054,1.6989700043360187,3.5183485224215616,0.9006570309004707,0.6295944930893557,0.6030471757377301,1.065685776825458,1.5278688524590165,0.4500670715668924
82.0,549.0,0.2926829268292683,0.07317073170731707,0.6341463414634146,0.24390243902439024,0.36585365853658536,0.3902439024390244,0.2804878048780488,1.8627450980392157,0.7488553356460046,1.7075701760979363,3.4650239310674786,0.8940729519197906,0.6230389282292929,0.5970233722454176,1.0518619063247157,1.5278688524590165,0.45685715009318284
83.0,549.0,0.30120481927710846,0.060240963855421686,0.6385542168674699,0.24096385542168675,0.3855421686746988,0.3614457831325301,0.27710843373493976,1.8979591836734695,0.7428800362772708,1.6901960800285136,3.544452940092244,0.8864924215905742,0.6301902576287319,0.6029227057831773,1.0659674493123417,1.5278688524590165,0.45006707156689235
82.0,549.0,0.2926829268292683,0.06097560975609756,0.646341463414634,0.24390243902439024,0.3780487804878049,0.3780487804878049,0.2804878048780488,1.8979591836734695,0.7428800362772708,1.6901960800285136,3.484671627544443,0.8972198050666438,0.6233959157377253,0.59689914261191,1.0520733965111162,1.5278688524590165,0.45685715009318284
82.0,549.0,0.2926829268292683,0.08536585365853659,0.6219512195121951,0.24390243902439024,0.35365853658536583,0.3902439024390244,0.2804878048780488,1.8461538461538463,0.7510676161988108,1.7160033436347992,3.4495753700074743,0.8991657294144769,0.6229198869298112,0.59714757603439,1.0519324077779533,1.5278688524590165,0.45685715009318284
82.0,549.0,0.2926829268292683,0.08536585365853659,0.6219512195121951,0.24390243902439024,0.35365853658536583,0.3902439024390244,0.2804878048780488,1.8627450980392157,0.7488553356460046,1.7075701760979363,3.5214164067569422,0.8998778895265086,0.6217282203407514,0.59714757603439,1.0527780569574041,1.5278688524590165,0.45555569439087884
83.0,549.0,0.30120481927710846,0.0963855421686747,0.6024096385542169,0.24096385542168675,0.3493975903614458,0.3614457831325301,0.27710843373493976,1.7857142857142858,0.7559289460184545,1.7481880270062005,3.433316815432128,0.8852209213388564,0.6291174752485129,0.6032960386062075,1.063782536746476,1.5278688524590165,0.451352847080012
83.0,549.0,0.30120481927710846,0.07228915662650602,0.6265060240963856,0.24096385542168675,0.37349397590361444,0.3614457831325301,0.27710843373493976,1.830188679245283,0.7528369180997909,1.724275869600789,3.4619661301072053,0.8925704776669356,0.6295944930893557,0.6030471757377301,1.0639236342517526,1.5278688524590165,0.451352847080012
82.0,549.0,0.2926829268292683,0.04878048780487805,0.6585365853658536,0.24390243902439024,0.3902439024390244,0.36585365853658536,0.2804878048780488,1.9361702127659575,0.7343809969345948,1.6720978579357175,3.5780587863295263,0.8960743536367024,0.6231579467884228,0.5967748871177274,1.0533414459056778,1.5278688524590165,0.45555569439087884
83.0,549.0,0.30120481927710846,0.07228915662650602,0.6265060240963856,0.24096385542168675,0.37349397590361444,0.37349397590361444,0.27710843373493976,1.8627450980392157,0.7488553356460045,1.7075701760979363,3.4521909277985485,0.8884753323722092,0.6307854594803942,0.6030471757377301,1.0649107933288524,1.5278688524590165,0.451352847080012
83.0,549.0,0.30120481927710846,0.07228915662650602,0.6265060240963856,0.24096385542168675,0.37349397590361444,0.3614457831325301,0.27710843373493976,1.8627450980392157,0.7488553356460046,1.7075701760979363,3.532272268154203,0.894352901479834,0.6295944930893557,0.6030471757377301,1.0655449126598981,1.5278688524590165,0.4500670715668924
83.0,549.0,0.30120481927710846,0.07228915662650602,0.6265060240963856,0.24096385542168675,0.37349397590361444,0.3855421686746988,0.27710843373493976,1.8627450980392157,0.7488553356460046,1.7075701760979363,3.4461668314130063,0.8952083583823436,0.6295944930893557,0.6030471757377301,1.0642057731401557,1.5278688524590165,0.451352847080012
82.0,549.0,0.2926829268292683,0.07317073170731707,0.6341463414634146,0.24390243902439024,0.36585365853658536,0.3902439024390244,0.2804878048780488,1.8979591836734695,0.7428800362772708,1.6901960800285136,3.5349665422582968,0.9004692294447777,0.6219667363139224,0.5970233722454176,1.0529189324558283,1.5278688524590165,0.4555556943908789
83.0,549.0,0.30120481927710846,0.07228915662650602,0.6265060240963856,0.24096385542168675,0.37349397590361444,0.3614457831325301,0.27710843373493976,1.8461538461538463,0.7510676161988108,1.7160033436347992,3.4612967860643673,0.8895584294741645,0.6295944930893557,0.60304717573773,1.063994175987727,1.5278688524590165,0.451352847080012
84.0,549.0,0.30952380952380953,0.08333333333333333,0.6071428571428571,0.23809523809523808,0.36904761904761907,0.36904761904761907,0.27380952380952384,1.8148148148148149,0.7542101722512919,1.7323937598229686,3.4247205015741833,0.8993176286863215,0.6357319441185145,0.609132436782745,1.0759174291397884,1.5278688524590165,0.44597959890048805
85.0,549.0,0.3176470588235294,0.058823529411764705,0.6235294117647059,0.23529411764705882,0.4,0.3411764705882353,0.27058823529411763,1.88,0.7461465632686054,1.6989700043360187,3.5158266461584184,0.8878299731057472,0.6451536057644375,0.6147819663526207,1.0911628466727832,1.5278688524590165,0.4394772581182596
83.0,549.0,0.30120481927710846,0.060240963855421686,0.6385542168674699,0.24096385542168675,0.3855421686746988,0.3493975903614458,0.27710843373493976,1.8979591836734695,0.7428800362772708,1.6901960800285136,3.550477036477786,0.8928535303613216,0.6301902576287319,0.6029227057831774,1.0659674493123417,1.5278688524590165,0.4500670715668924
83.0,549.0,0.30120481927710846,0.07228915662650602,0.6265060240963856,0.24096385542168675,0.37349397590361444,0.3855421686746988,0.27710843373493976,1.88,0.7461465632686054,1.6989700043360187,3.5183485224215616,0.9006570309004704,0.6295944930893557,0.6030471757377301,1.065685776825458,1.5278688524590165,0.45006707156689235
84.0,549.0,0.30952380952380953,0.08333333333333333,0.6071428571428571,0.23809523809523808,0.36904761904761907,0.35714285714285715,0.27380952380952384,1.8461538461538463,0.7510676161988108,1.7160033436347992,3.498950193450935,0.9006256565594755,0.6369254584328168,0.609132436782745,1.0783147466018788,1.5278688524590165,0.4447091302387151
84.0,549.0,0.30952380952380953,0.07142857142857142,0.6190476190476191,0.23809523809523808,0.38095238095238093,0.35714285714285715,0.27380952380952384,1.8627450980392157,0.7488553356460046,1.7075701760979363,3.5140309316285587,0.8951382867863913,0.6363289810988337,0.6090077438408891,1.0778216171334059,1.5278688524590165,0.44470913023871506
82.0,549.0,0.2926829268292683,0.07317073170731707,0.6341463414634146,0.24390243902439024,0.36585365853658536,0.3902439024390244,0.2804878048780488,1.8627450980392157,0.7488553356460046,1.7075701760979363,3.5375424745920143,0.8977721389116606,0.6230389282292929,0.5970233722454176,1.0533414459056778,1.5278688524590165,0.4555556943908789
82.0,549.0,0.2926829268292683,0.04878048780487805,0.6585365853658536,0.24390243902439024,0.3902439024390244,0.34146341463414637,0.2804878048780488,1.9166666666666667,0.7389853116132564,1.6812412373755872,3.5909314150558127,0.9002138029386905,0.6239904410652158,0.5967748871177274,1.053763789946023,1.5278688524590165,0.4555556943908789
82.0,549.0,0.2926829268292683,0.06097560975609756,0.646341463414634,0.24390243902439024,0.3780487804878049,0.36585365853658536,0.2804878048780488,1.88,0.7461465632686054,1.6989700043360187,3.492667614078703,0.8963416623539306,0.6233959157377253,0.59689914261191,1.0519324077779533,1.5278688524590165,0.45685715009318284
82.0,549.0,0.2926829268292683,0.07317073170731707,0.6341463414634146,0.24390243902439024,0.36585365853658536,0.3902439024390244,0.2804878048780488,1.8627450980392157,0.7488553356460046,1.7075701760979363,3.5375424745920143,0.8977721389116606,0.6230389282292929,0.5970233722454176,1.0533414459056778,1.5278688524590165,0.4555556943908789
81.0,549.0,0.2839506172839506,0.06172839506172839,0.654320987654321,0.24691358024691357,0.37037037037037035,0.3950617283950617,0.2839506172839506,1.8979591836734695,0.7428800362772708,1.6901960800285136,3.4968280673906715,0.9009740041743778,0.6157080384919157,0.5908103735448594,1.0390223254260378,1.5278688524590165,0.46249736182272844
82.0,549.0,0.2926829268292683,0.08536585365853659,0.6219512195121951,0.24390243902439024,0.35365853658536583,0.3902439024390244,0.2804878048780488,1.830188679245283,0.7528369180997909,1.724275869600789,3.525213257874241,0.8983296187241775,0.6229198869298112,0.59714757603439,1.0532006269224063,1.5278688524590165,0.4555556943908789
84.0,549.0,0.30952380952380953,0.08333333333333333,0.6071428571428571,0.23809523809523808,0.36904761904761907,0.35714285714285715,0.27380952380952384,1.8148148148148149,0.7542101722512919,1.7323937598229686,3.430672882526564,0.8950748907479313,0.6357319441185145,0.609132436782745,1.0759174291397884,1.5278688524590165,0.44597959890048805
83.0,549.0,0.30120481927710846,0.04819277108433735,0.6506024096385542,0.24096385542168675,0.39759036144578314,0.37349397590361444,0.27710843373493976,1.9565217391304348,0.7289725414469155,1.662757831681574,3.551146380520624,0.8927425507453247,0.6303093429630504,0.6027982101272058,1.0661082576484198,1.5278688524590165,0.45006707156689235
83.0,549.0,0.30120481927710846,0.07228915662650602,0.6265060240963856,0.24096385542168675,0.37349397590361444,0.37349397590361444,0.27710843373493976,1.8627450980392157,0.7488553356460046,1.7075701760979363,3.525041962849942,0.897786970849986,0.6286400954422837,0.6030471757377301,1.0650517413632896,1.5278688524590165,0.45006707156689235
82.0,549.0,0.2926829268292683,0.06097560975609756,0.646341463414634,0.24390243902439024,0.3780487804878049,0.3780487804878049,0.2804878048780488,1.8979591836734695,0.7428800362772708,1.6901960800285136,3.5571901710689793,0.8920903207298425,0.6233959157377253,0.59689914261191,1.0535526390893029,1.5278688524590165,0.4555556943908789
83.0,549.0,0.30120481927710846,0.07228915662650602,0.6265060240963856,0.24096385542168675,0.37349397590361444,0.3855421686746988,0.27710843373493976,1.88,0.7461465632686054,1.6989700043360187,3.5183485224215616,0.9006570309004707,0.6295944930893557,0.6030471757377301,1.065685776825458,1.5278688524590165,0.4500670715668924
83.0,549.0,0.30120481927710846,0.07228915662650602,0.6265060240963856,0.24096385542168675,0.37349397590361444,0.3855421686746988,0.27710843373493976,1.88,0.7461465632686054,1.6989700043360187,3.4454974873701683,0.8965590952528688,0.6286400954422837,0.6030471757377301,1.063711980975312,1.5278688524590165,0.451352847080012
84.0,549.0,0.30952380952380953,0.08333333333333333,0.6071428571428571,0.23809523809523808,0.36904761904761907,0.35714285714285715,0.27380952380952384,1.8148148148148149,0.7542101722512919,1.7323937598229686,3.4294810332378307,0.8920987002717409,0.6357319441185145,0.609132436782745,1.0759880147146093,1.5278688524590165,0.44597959890048805
82.0,549.0,0.2926829268292683,0.06097560975609756,0.646341463414634,0.24390243902439024,0.3780487804878049,0.3780487804878049,0.2804878048780488,1.8979591836734695,0.7428800362772708,1.6901960800285136,3.5571901710689793,0.8920903207298425,0.6233959157377253,0.59689914261191,1.0535526390893029,1.5278688524590165,0.4555556943908789
82.0,549.0,0.2926829268292683,0.06097560975609756,0.646341463414634,0.24390243902439024,0.3780487804878049,0.4024390243902439,0.2804878048780488,1.9166666666666667,0.7389853116132564,1.6812412373755872,3.5443175423426916,0.8899179323439829,0.6224434940673897,0.59689914261191,1.0530597891083087,1.5278688524590165,0.4555556943908789
84.0,549.0,0.30952380952380953,0.05952380952380952,0.6309523809523809,0.23809523809523808,0.39285714285714285,0.35714285714285715,0.27380952380952384,1.9166666666666667,0.7389853116132564,1.6812412373755872,3.5254052199059607,0.8964934131415179,0.6371638930175526,0.6088830253632098,1.0784555993199272,1.5278688524590165,0.44470913023871506
82.0,549.0,0.2926829268292683,0.04878048780487805,0.6585365853658536,0.24390243902439024,0.3902439024390244,0.36585365853658536,0.2804878048780488,1.9361702127659575,0.7343809969345948,1.6720978579357175,3.576837867545944,0.8930888141063844,0.6239904410652158,0.5967748871177274,1.0539045336814528,1.5278688524590165,0.4555556943908789
83.0,549.0,0.30120481927710846,0.07228915662650602,0.6265060240963856,0.24096385542168675,0.37349397590361444,0.37349397590361444,0.27710843373493976,1.8461538461538463,0.7510676161988108,1.7160033436347992,3.5269175158114994,0.897786970849986,0.6286400954422837,0.6030471757377301,1.0649107933288524,1.5278688524590165,0.45006707156689235
81.0,549.0,0.2839506172839506,0.06172839506172839,0.654320987654321,0.24691358024691357,0.37037037037037035,0.37037037037037035,0.2839506172839506,1.88,0.7461465632686054,1.6989700043360187,3.5098596174592593,0.8868512956072246,0.6157080384919157,0.5908103735448594,1.0389518076554067,1.5278688524590165,0.46249736182272844
84.0,549.0,0.30952380952380953,0.08333333333333333,0.6071428571428571,0.23809523809523808,0.36904761904761907,0.36904761904761907,0.27380952380952384,1.830188679245283,0.7528369180997909,1.724275869600789,3.4936591881599295,0.8987141191665715,0.6357319441185145,0.609132436782745,1.0775397275410366,1.5278688524590165,0.44470913023871506
84.0,549.0,0.30952380952380953,0.09523809523809523,0.5952380952380952,0.23809523809523808,0.35714285714285715,0.38095238095238093,0.27380952380952384,1.8,0.7552286874651746,1.7403626894942439,3.4036873824441796,0.9000324600734219,0.6366869345560848,0.6092571042044562,1.076623076640065,1.5278688524590165,0.44597959890048805
82.0,549.0,0.2926829268292683,0.06097560975609756,0.646341463414634,0.24390243902439024,0.3780487804878049,0.3780487804878049,0.2804878048780488,1.88,0.7461465632686054,1.6989700043360187,3.486570053103093,0.9005648607384003,0.6224434940673895,0.59689914261191,1.0513682637790935,1.5278688524590165,0.45685715009318284
85.0,549.0,0.3176470588235294,0.07058823529411765,0.611764705882353,0.23529411764705882,0.38823529411764707,0.3764705882352941,0.27058823529411763,1.8461538461538463,0.7510676161988108,1.7160033436347992,3.4151486263922655,0.8975815984204756,0.6442000740361443,0.6149069410144352,1.08911874433155,1.5278688524590165,0.44073278008989414
84.0,549.0,0.30952380952380953,0.07142857142857142,0.6190476190476191,0.23809523809523808,0.38095238095238093,0.35714285714285715,0.27380952380952384,1.8461538461538463,0.7510676161988108,1.7160033436347992,3.4427085464653437,0.8873179920018108,0.6374022384104976,0.6090077438408891,1.0769757270094313,1.5278688524590165,0.4459795989004881
83.0,549.0,0.30120481927710846,0.07228915662650602,0.6265060240963856,0.24096385542168675,0.37349397590361444,0.37349397590361444,0.27710843373493976,1.88,0.7461465632686054,1.6989700043360187,3.523166409888384,0.893866632543807,0.6295944930893557,0.6030471757377301,1.0657562019263247,1.5278688524590165,0.4500670715668924
82.0,549.0,0.2926829268292683,0.04878048780487805,0.6585365853658536,0.24390243902439024,0.3902439024390244,0.3780487804878049,0.2804878048780488,1.9361702127659575,0.7343809969345948,1.6720978579357175,3.5707403065703343,0.8999234428922328,0.6239904410652158,0.5967748871177274,1.0539045336814528,1.5278688524590165,0.4555556943908789
82.0,549.0,0.2926829268292683,0.07317073170731707,0.6341463414634146,0.24390243902439024,0.36585365853658536,0.3902439024390244,0.2804878048780488,1.8627450980392157,0.7488553356460046,1.7075701760979363,3.4638030122838965,0.8940729519197906,0.6230389282292929,0.5970233722454176,1.0519324077779533,1.5278688524590165,0.45685715009318284
85.0,549.0,0.3176470588235294,0.08235294117647059,0.6,0.23529411764705882,0.3764705882352941,0.35294117647058826,0.27058823529411763,1.8148148148148149,0.7542101722512919,1.7323937598229686,3.4126636093173857,0.8927959118190905,0.6434839979798741,0.6150318902813621,1.0887659250167852,1.5278688524590165,0.44073278008989414
84.0,549.0,0.30952380952380953,0.08333333333333333,0.6071428571428571,0.23809523809523808,0.36904761904761907,0.36904761904761907,0.27380952380952384,1.830188679245283,0.7528369180997909,1.724275869600789,3.4936591881599295,0.8987141191665715,0.6357319441185145,0.609132436782745,1.0775397275410366,1.5278688524590165,0.44470913023871506
83.0,549.0,0.30120481927710846,0.060240963855421686,0.6385542168674699,0.24096385542168675,0.3855421686746988,0.37349397590361444,0.27710843373493976,1.8979591836734695,0.7428800362772708,1.6901960800285136,3.466784017574029,0.898292122008276,0.6301902576287319,0.6029227057831773,1.0644878372486068,1.5278688524590165,0.45135284708001205
82.0,549.0,0.2926829268292683,0.07317073170731707,0.6341463414634146,0.24390243902439024,0.36585365853658536,0.3902439024390244,0.2804878048780488,1.8461538461538463,0.7510676161988108,1.7160033436347992,3.4657014378425473,0.8930352968063975,0.6219667363139224,0.5970233722454176,1.0511566317216927,1.5278688524590165,0.45685715009318284
84.0,549.0,0.30952380952380953,0.07142857142857142,0.6190476190476191,0.23809523809523808,0.38095238095238093,0.35714285714285715,0.27380952380952384,1.8627450980392157,0.7488553356460046,1.7075701760979363,3.5128390823398234,0.892055386959794,0.6374022384104976,0.6090077438408891,1.0785260187808259,1.5278688524590165,0.44470913023871506
84.0,549.0,0.30952380952380953,0.07142857142857142,0.6190476190476191,0.23809523809523808,0.38095238095238093,0.38095238095238093,0.27380952380952384,1.8461538461538463,0.7510676161988108,1.7160033436347992,3.430803784560582,0.8894447401369623,0.6363289810988337,0.6090077438408891,1.076340873154532,1.5278688524590165,0.4459795989004881
83.0,549.0,0.30120481927710846,0.07228915662650602,0.6265060240963856,0.24096385542168675,0.37349397590361444,0.3614457831325301,0.27710843373493976,1.8461538461538463,0.7510676161988108,1.7160033436347992,3.461296786064368,0.8895584294741644,0.6295944930893557,0.6030471757377301,1.063994175987727,1.5278688524590165,0.451352847080012
82.0,549.0,0.2926829268292683,0.08536585365853659,0.6219512195121951,0.24390243902439024,0.35365853658536583,0.3902439024390244,0.2804878048780488,1.8627450980392157,0.7488553356460046,1.7075701760979363,3.5214164067569422,0.8998778895265088,0.6217282203407514,0.59714757603439,1.0527780569574041,1.5278688524590165,0.45555569439087884
83.0,549.0,0.30120481927710846,0.08433734939759036,0.6144578313253013,0.24096385542168675,0.3614457831325301,0.3614457831325301,0.27710843373493976,1.8148148148148149,0.7542101722512919,1.7323937598229686,3.447909905207608,0.8946003362316289,0.6292367636108114,0.6031716200067753,1.0637825367464757,1.5278688524590165,0.451352847080012
84.0,549.0,0.30952380952380953,0.07142857142857142,0.6190476190476191,0.23809523809523808,0.38095238095238093,0.35714285714285715,0.27380952380952384,1.8461538461538463,0.7510676161988108,1.7160033436347992,3.4427085464653437,0.8873079880002102,0.6363289810988337,0.6090077438408891,1.076340873154532,1.5278688524590165,0.4459795989004881
84.0,549.0,0.30952380952380953,0.08333333333333333,0.6071428571428571,0.23809523809523808,0.36904761904761907,0.36904761904761907,0.27380952380952384,1.8,0.7552286874651746,1.7403626894942439,3.425381877235559,0.8982480341818531,0.6369254584328168,0.609132436782745,1.0765525327039107,1.5278688524590165,0.44597959890048805
83.0,549.0,0.30120481927710846,0.04819277108433735,0.6506024096385542,0.24096385542168675,0.39759036144578314,0.3493975903614458,0.27710843373493976,1.8478260869565217,0.7293038173292489,1.662757831681574,3.5676150232576633,0.9027594642573332,0.6310233830252108,0.6027982101272058,1.0661786548428431,1.483726150392817,0.45006707156689235
82.0,549.0,0.2926829268292683,0.07317073170731707,0.6341463414634146,0.24390243902439024,0.36585365853658536,0.3780487804878049,0.2804878048780488,1.8,0.7284313590846836,1.6989700043360187,3.5467593799098562,0.8995194636971614,0.6230389282292929,0.5970233722454176,1.053130210369683,1.484304932735426,0.4555556943908789
82.0,549.0,0.2926829268292683,0.06097560975609756,0.646341463414634,0.24390243902439024,0.3780487804878049,0.35365853658536583,0.2804878048780488,1.8125,0.7338690821851225,1.6812412373755872,3.573182144137499,0.8895695002882338,0.6224434940673895,0.59689914261191,1.0527076121385985,1.483726150392817,0.45555569439087884
83.0,549.0,0.30120481927710846,0.08433734939759036,0.6144578313253013,0.24096385542168675,0.3614457831325301,0.37349397590361444,0.27710843373493976,1.8461538461538463,0.7510676161988108,1.7160033436347992,3.5109857379503437,0.8954466577117902,0.6292367636108114,0.6031716200067753,1.065474473593359,1.5278688524590165,0.4500670715668924
82.0,549.0,0.2926829268292683,0.07317073170731707,0.6341463414634146,0.24390243902439024,0.36585365853658536,0.4024390243902439,0.2804878048780488,1.88,0.7461465632686054,1.6989700043360187,3.530767406841337,0.9007910620836835,0.6219667363139222,0.5970233722454176,1.0527780569574041,1.5278688524590165,0.45555569439087884
83.0,549.0,0.30120481927710846,0.060240963855421686,0.6385542168674699,0.24096385542168675,0.3855421686746988,0.3493975903614458,0.27710843373493976,1.88,0.7461465632686054,1.6989700043360187,3.552352589439344,0.8868294339757793,0.6301902576287319,0.6029227057831773,1.0658266223738126,1.5278688524590165,0.45006707156689235
83.0,549.0,0.30120481927710846,0.07228915662650602,0.6265060240963856,0.24096385542168675,0.37349397590361444,0.3614457831325301,0.27710843373493976,1.8627450980392157,0.7488553356460046,1.7075701760979363,3.4582150241840903,0.8942595080359029,0.6295944930893557,0.6030471757377301,1.0642057731401557,1.5278688524590165,0.451352847080012
83.0,549.0,0.30120481927710846,0.07228915662650602,0.6265060240963856,0.24096385542168675,0.37349397590361444,0.3855421686746988,0.27710843373493976,1.8627450980392157,0.7488553356460046,1.7075701760979363,3.447373040331726,0.8952083583823436,0.6295944930893557,0.6030471757377301,1.0641352454309987,1.5278688524590165,0.451352847080012
83.0,549.0,0.30120481927710846,0.07228915662650602,0.6265060240963856,0.24096385542168675,0.37349397590361444,0.3614457831325301,0.27710843373493976,1.8461538461538463,0.7510676161988108,1.7160033436347992,3.4600905771456487,0.8865164478832043,0.6307854594803942,0.6030471757377301,1.0647698266365346,1.5278688524590165,0.451352847080012
82.0,549.0,0.2926829268292683,0.07317073170731707,0.6341463414634146,0.24390243902439024,0.36585365853658536,0.3902439024390244,0.2804878048780488,1.8461538461538463,0.7510676161988108,1.7160033436347992,3.466922356626128,0.894051556968999,0.6219667363139224,0.5970233722454176,1.0510860782333848,1.5278688524590165,0.45685715009318284
82.0,549.0,0.2926829268292683,0.07317073170731707,0.6341463414634146,0.24390243902439024,0.36585365853658536,0.3902439024390244,0.2804878048780488,1.8979591836734695,0.7428800362772708,1.6901960800285136,3.5349665422582968,0.9002186253520494,0.6230389282292929,0.5970233722454176,1.0535526390893029,1.5278688524590165,0.4555556943908789
85.0,549.0,0.3176470588235294,0.09411764705882353,0.5882352941176471,0.23529411764705882,0.36470588235294116,0.36470588235294116,0.27058823529411763,1.8,0.7552286874651746,1.7403626894942439,3.3930557661801304,0.8969175286306427,0.6430061709150402,0.6151568141688756,1.0885541785375914,1.5278688524590165,0.440732780089894
81.0,491.0,0.32098765432098764,0.06172839506172839,0.617283950617284,0.24691358024691357,0.38271604938271603,0.4074074074074074,0.2839506172839506,1.84,0.7655863432556721,1.6989700043360187,4.313737079617154,0.7861645967201524,0.6720099909134841,0.609859930685882,1.1420005384529237,1.5810810810810811,0.46082129694935037
82.0,491.0,0.32926829268292684,0.08536585365853659,0.5853658536585366,0.24390243902439024,0.4268292682926829,0.36585365853658536,0.2804878048780488,1.82,0.8002550613806239,1.6989700043360187,4.0219158852578625,0.791076798868561,0.6781248783559368,0.6267950220712123,1.164452765789266,1.5745412844036697,0.44888756172397404
82.0,491.0,0.34146341463414637,0.07317073170731707,0.5853658536585366,0.24390243902439024,0.4146341463414634,0.3902439024390244,0.2804878048780488,1.8,0.7824607964359517,1.6989700043360187,4.196737151363886,0.7969177733533579,0.6807409395747387,0.6248517552183588,1.1608319431333942,1.5917901938426453,0.44688050430920334
81.0,491.0,0.32098765432098764,0.07407407407407407,0.6049382716049383,0.24691358024691357,0.4691358024691358,0.345679012345679,0.2839506172839506,1.7608695652173914,0.7939992333804206,1.662757831681574,3.9297740074170107,0.795012014893463,0.6726972974692819,0.6179893019409651,1.1535956581544855,1.5696055684454757,0.4639097564728268
82.0,491.0,0.3170731707317073,0.04878048780487805,0.6341463414634145,0.24390243902439024,0.45121951219512196,0.36585365853658536,0.2804878048780488,1.8478260869565217,0.8156086017841816,1.662757831681574,4.0652050935365756,0.7996190074315598,0.6785386111948841,0.6176236525644209,1.1609125285500748,1.596351197263398,0.4534512761397843
82.0,491.0,0.36585365853658536,0.08536585365853659,0.5487804878048781,0.24390243902439024,0.4146341463414634,0.3780487804878049,0.2804878048780488,1.7924528301886793,0.7932040809768786,1.724275869600789,4.128291490343835,0.813614669470979,0.6774347621113596,0.6232027196643385,1.1576039263806135,1.5805714285714285,0.452273588147758
81.0,491.0,0.32098765432098764,0.09876543209876543,0.5802469135802469,0.24691358024691357,0.43209876543209874,0.35802469135802467,0.2839506172839506,1.76,0.8466018508588031,1.6989700043360187,3.8809455540061686,0.8180095350816198,0.6657923044562251,0.6143895277963286,1.1449103274921997,1.5799769850402763,0.4678890820569494
81.0,491.0,0.32098765432098764,0.08641975308641975,0.5925925925925926,0.24691358024691357,0.41975308641975306,0.37037037037037035,0.2839506172839506,1.8,0.8081220356417685,1.6989700043360187,3.8498868325017743,0.7865136889908763,0.671872445230904,0.6140885941066012,1.1501454680832526,1.5974770642201834,0.45857777326715377
80.0,491.0,0.3,0.1125,0.5874999999999999,0.25,0.4125,0.3625,0.2875,1.82,0.8002550613806239,1.6989700043360187,3.8139073636657876,0.8136240798357506,0.6617052186703676,0.6131518607307359,1.1398763503619607,1.5794930875576036,0.4816855055381943
82.0,491.0,0.3170731707317073,0.0975609756097561,0.5853658536585366,0.24390243902439024,0.4146341463414634,0.3780487804878049,0.2804878048780488,1.816326530612245,0.781917232079668,1.6901960800285136,3.9963957816313185,0.8060280634186002,0.6678383363249157,0.6148912089019071,1.1472947788911805,1.587229190421893,0.46479001808884046
83.0,491.0,0.3493975903614458,0.07228915662650602,0.5783132530120482,0.24096385542168675,0.43373493975903615,0.3614457831325301,0.27710843373493976,1.8,0.7824607964359517,1.6989700043360187,4.1390999318039325,0.7991542091693823,0.6829313144086495,0.627894867190887,1.170327782379612,1.5769669327251996,0.44625544361807495
80.0,491.0,0.3375,0.075,0.5875,0.25,0.4125,0.3875,0.2875,1.8076923076923077,0.8174196977640125,1.7160033436347992,4.063881652180471,0.7867006174284098,0.6656943414297555,0.6103162800487958,1.1341755076707332,1.584,0.46568852213131395
81.0,491.0,0.2839506172839506,0.08641975308641975,0.6296296296296298,0.24691358024691357,0.43209876543209874,0.37037037037037035,0.2839506172839506,1.8478260869565217,0.8156086017841816,1.662757831681574,3.90226832146174,0.8098873359609063,0.6711842940099385,0.617989301940965,1.1545566617696696,1.57307249712313,0.46045615975977305
82.0,491.0,0.36585365853658536,0.06097560975609756,0.5731707317073171,0.24390243902439024,0.4268292682926829,0.3902439024390244,0.2804878048780488,1.7547169811320755,0.7821484311560958,1.724275869600789,3.9547582881057424,0.8054766402349318,0.6883936058469406,0.6254503265505326,1.1759644820876238,1.576,0.46295207316667386
82.0,491.0,0.3170731707317073,0.07317073170731707,0.6097560975609756,0.24390243902439024,0.43902439024390244,0.3780487804878049,0.2804878048780488,1.8478260869565217,0.8156086017841816,1.662757831681574,4.1012249654458,0.7892470548324831,0.6730012608125209,0.6138253070419277,1.1497383493826943,1.597491448118586,0.45129074733877433
81.0,491.0,0.32098765432098764,0.08641975308641975,0.5925925925925926,0.24691358024691357,0.41975308641975306,0.37037037037037035,0.2839506172839506,1.84,0.7917946548886297,1.6989700043360187,3.7113931107968834,0.7942389787374532,0.6728346745296815,0.6218655427141309,1.1621365590155397,1.5829493087557605,0.4692100535719719
80.0,491.0,0.3,0.075,0.625,0.25,0.45,0.375,0.2875,1.8085106382978724,0.7977767441960303,1.6720978579357175,4.098141768868036,0.803092124662777,0.6626703090038985,0.6073171554884096,1.1311932587614468,1.5752009184845006,0.46715680482328087
82.0,491.0,0.32926829268292684,0.06097560975609756,0.6097560975609755,0.24390243902439024,0.43902439024390244,0.36585365853658536,0.2804878048780488,1.7959183673469388,0.7900314296684314,1.6901960800285136,4.023092228777604,0.8023872032099169,0.673834764262945,0.615347458775834,1.1533939984223351,1.5842824601366743,0.4572052581275665
82.0,491.0,0.34146341463414637,0.07317073170731707,0.5853658536585366,0.24390243902439024,0.45121951219512196,0.34146341463414637,0.2804878048780488,1.7872340425531914,0.8058527811597277,1.6720978579357175,4.06042737259306,0.7907173994364546,0.6804660383308971,0.6269442546502261,1.165095289544885,1.5868814729574223,0.45435519537993696
81.0,491.0,0.35802469135802467,0.06172839506172839,0.5802469135802468,0.24691358024691357,0.4691358024691358,0.35802469135802467,0.2839506172839506,1.7291666666666667,0.8183944669571632,1.6812412373755872,4.0615981713099,0.8211818676218202,0.6768064796026131,0.6176901220349145,1.1520724296675664,1.57439446366782,0.46143951986777654
82.0,491.0,0.35365853658536583,0.07317073170731707,0.5731707317073171,0.24390243902439024,0.4268292682926829,0.3780487804878049,0.2804878048780488,1.7636363636363637,0.792642938707479,1.7403626894942439,3.9379005142533234,0.7958663455769172,0.6830731333390223,0.6192875442066087,1.1613153717543345,1.6034285714285714,0.45339492528684355
82.0,491.0,0.34146341463414637,0.04878048780487805,0.6097560975609755,0.24390243902439024,0.45121951219512196,0.36585365853658536,0.2804878048780488,1.7884615384615385,0.8004052518063305,1.7160033436347992,4.1901179694368444,0.8205062970595703,0.6756371609252162,0.6039927051230451,1.144845992830775,1.5839002267573696,0.459089154557704
82.0,491.0,0.32926829268292684,0.08536585365853659,0.5853658536585366,0.24390243902439024,0.3780487804878049,0.4146341463414634,0.2804878048780488,1.8392857142857142,0.7810665368999846,1.7481880270062005,4.119532242219486,0.8208422572509754,0.6763291114180037,0.6078524956630131,1.1477024019315036,1.6047297297297298,0.47108279735845077
81.0,491.0,0.32098765432098764,0.07407407407407407,0.6049382716049383,0.24691358024691357,0.4444444444444444,0.37037037037037035,0.2839506172839506,1.8444444444444446,0.796456800048461,1.6532125137753437,3.997736590608104,0.7962203376830321,0.6652368087870537,0.6124308156150914,1.143213850612199,1.5745412844036697,0.46705179861662055
83.0,491.0,0.3373493975903614,0.07228915662650602,0.5903614457831325,0.24096385542168675,0.43373493975903615,0.37349397590361444,0.27710843373493976,1.7647058823529411,0.7896387856258745,1.7075701760979363,4.043105340843234,0.8065238735867921,0.6827926683313735,0.6241138977970688,1.1678172792655872,1.5815279361459522,0.455024759008658
79.0,491.0,0.3037974683544304,0.0759493670886076,0.620253164556962,0.25316455696202533,0.43037974683544306,0.3670886075949367,0.2911392405063291,1.8936170212765957,0.8138486814056513,1.6720978579357175,3.86157134179556,0.7989929615861603,0.6500864078097861,0.5997285220064067,1.122489210645347,1.5841924398625429,0.4969661137010441
80.0,491.0,0.3125,0.0875,0.6,0.25,0.425,0.375,0.2875,1.9090909090909092,0.8301913990070007,1.6434526764861874,4.130701613813969,0.8078218215667066,0.6579694674176062,0.6122578329551559,1.1313546623855617,1.5766590389016018,0.46948507169159354
80.0,491.0,0.325,0.0875,0.5875,0.25,0.4375,0.375,0.2875,1.78,0.8154127538760192,1.6989700043360187,3.960616310371871,0.7975109166924197,0.6601857977323218,0.6077679676503552,1.1311125483126063,1.5816091954022988,0.476336177637093
82.0,491.0,0.3170731707317073,0.06097560975609756,0.621951219512195,0.24390243902439024,0.45121951219512196,0.36585365853658536,0.2804878048780488,1.8085106382978724,0.7977767441960303,1.6720978579357175,4.014266663959341,0.799431678791201,0.681702220938754,0.6223014039217427,1.1646937537358477,1.575028636884307,0.45234437263934385
81.0,491.0,0.3333333333333333,0.09876543209876543,0.5679012345679013,0.24691358024691357,0.3950617283950617,0.38271604938271603,0.2839506172839506,1.7916666666666667,0.7978250577006437,1.6812412373755872,3.7800041038050414,0.8088602561629936,0.6744810167627442,0.624238958129762,1.1611818286024957,1.578826237054085,0.4574036606636827
81.0,491.0,0.3333333333333333,0.07407407407407407,0.5925925925925927,0.24691358024691357,0.43209876543209874,0.38271604938271603,0.2839506172839506,1.8076923076923077,0.7679476477883045,1.7160033436347992,4.214651755430865,0.824582933192147,0.6657923044562251,0.6062118850769121,1.1323288602766102,1.5797266514806378,0.4628050540447071
80.0,491.0,0.3125,0.0875,0.6,0.25,0.4,0.4125,0.2875,1.803921568627451,0.7751027762338942,1.7075701760979363,3.9621837722547206,0.8117711618965195,0.6658314711161522,0.6107648785284809,1.13747102934598,1.5977142857142856,0.469044892009423
82.0,491.0,0.32926829268292684,0.06097560975609756,0.6097560975609755,0.24390243902439024,0.43902439024390244,0.36585365853658536,0.2804878048780488,1.826086956521739,0.7973385681569225,1.662757831681574,3.9947787184581824,0.7894140222237456,0.6779869113040297,0.621699800820515,1.164934691829687,1.5931428571428572,0.45735318526466595
81.0,491.0,0.32098765432098764,0.07407407407407407,0.6049382716049383,0.24691358024691357,0.3950617283950617,0.38271604938271603,0.2839506172839506,1.8775510204081634,0.8070691074608711,1.6901960800285136,3.96382657891295,0.7977052317978103,0.6673175332403507,0.6146903141580885,1.1484567244723325,1.5842824601366743,0.45902576989703026
82.0,491.0,0.3170731707317073,0.08536585365853659,0.5975609756097561,0.24390243902439024,0.4146341463414634,0.3780487804878049,0.2804878048780488,1.7647058823529411,0.8145731469700593,1.7075701760979363,3.8588120248659115,0.7964420301836789,0.6848512168225865,0.6261977361110047,1.1706224187035383,1.5830469644902634,0.4642362331896015
82.0,491.0,0.32926829268292684,0.0975609756097561,0.573170731707317,0.24390243902439024,0.43902439024390244,0.35365853658536583,0.2804878048780488,1.7884615384615385,0.8004052518063306,1.7160033436347992,3.859664963653351,0.7969720716255744,0.6731402497258047,0.6186830104558783,1.1580887024947046,1.599770642201835,0.4734194217656851
81.0,491.0,0.3333333333333333,0.07407407407407407,0.5925925925925927,0.24691358024691357,0.38271604938271603,0.4074074074074074,0.2839506172839506,1.8235294117647058,0.7669649888473704,1.7075701760979363,4.193251012558655,0.799892198515387,0.6748919748035723,0.6152914457618577,1.1492611975767686,1.5850340136054422,0.45389991248548556
80.0,491.0,0.3375,0.075,0.5875,0.25,0.45,0.3625,0.2875,1.813953488372093,0.8523305292657856,1.6334684555795864,4.0606806834959155,0.8160041577891979,0.6588014650533409,0.6091184022468648,1.1318387351580472,1.5648584905660377,0.4672647662639081
81.0,491.0,0.30864197530864196,0.08641975308641975,0.6049382716049383,0.24691358024691357,0.41975308641975306,0.37037037037037035,0.2839506172839506,1.8297872340425532,0.8161188355543149,1.6720978579357175,3.9998605821265008,0.8016094761565741,0.6710465790827285,0.6188859738880843,1.1538359840955912,1.575028636884307,0.47247930948605155
81.0,491.0,0.3333333333333333,0.08641975308641975,0.580246913580247,0.24691358024691357,0.4567901234567901,0.35802469135802467,0.2839506172839506,1.8125,0.81622509411027,1.6812412373755872,3.9576124030832553,0.803820680830597,0.6698058705742662,0.615741909332699,1.1468460853340265,1.5685579196217494,0.467204026722065
80.0,491.0,0.3,0.075,0.625,0.25,0.425,0.3875,0.2875,1.8444444444444446,0.8244986232844659,1.6532125137753437,3.9664380892758073,0.7895410687232375,0.6610150057525789,0.6110637612214596,1.1360253921869627,1.581901489117984,0.47571259107872377
83.0,491.0,0.3373493975903614,0.07228915662650602,0.5903614457831325,0.24096385542168675,0.42168674698795183,0.39759036144578314,0.27710843373493976,1.803921568627451,0.8004900459877625,1.7075701760979363,4.182031775952911,0.8170902621528465,0.6836241230121769,0.6161751692784528,1.161313487359637,1.5995475113122173,0.4533812960454079
82.0,491.0,0.35365853658536583,0.06097560975609756,0.5853658536585367,0.24390243902439024,0.4268292682926829,0.3780487804878049,0.2804878048780488,1.7777777777777777,0.7688920395955852,1.7323937598229686,4.331123285840079,0.8056778622579258,0.6761907779656496,0.6084677899991562,1.1422281678539763,1.595696489241223,0.4436869489461999
82.0,491.0,0.3170731707317073,0.07317073170731707,0.6097560975609756,0.24390243902439024,0.4268292682926829,0.3902439024390244,0.2804878048780488,1.851063829787234,0.7795964230252148,1.6720978579357175,4.065877046653386,0.8119538774632031,0.6732792099468056,0.6130628139405757,1.1500637665033822,1.5797266514806378,0.4578027364679706
81.0,491.0,0.30864197530864196,0.08641975308641975,0.6049382716049383,0.24691358024691357,0.41975308641975306,0.37037037037037035,0.2839506172839506,1.836734693877551,0.7996597916069842,1.6901960800285136,4.0387746127423005,0.801310450533609,0.6671790201610057,0.6218655427141309,1.1511093520931392,1.5779816513761469,0.4600296140103186
82.0,491.0,0.34146341463414637,0.04878048780487805,0.6097560975609755,0.24390243902439024,0.4878048780487805,0.32926829268292684,0.2804878048780488,1.711111111111111,0.7868874882674901,1.6532125137753437,3.93626576666368,0.8166176840421273,0.6763291114180037,0.6242526099398863,1.1657374591584022,1.5694444444444444,0.45954787920225776
82.0,491.0,0.3170731707317073,0.10975609756097561,0.573170731707317,0.24390243902439024,0.4024390243902439,0.36585365853658536,0.2804878048780488,1.8235294117647058,0.7926129535388928,1.7075701760979363,3.983278254632825,0.7959968863468332,0.6702154296505886,0.6183805219566642,1.1507143246650553,1.5860889395667046,0.4630271354042074
81.0,491.0,0.2962962962962963,0.06172839506172839,0.6419753086419753,0.24691358024691357,0.4444444444444444,0.38271604938271603,0.2839506172839506,1.9069767441860466,0.8110532097033459,1.6334684555795864,4.321465847862681,0.802491418442953,0.6655146145796926,0.6091017229669067,1.1345305059556456,1.59613196814562,0.45364234570099476
80.0,491.0,0.3125,0.0875,0.6,0.25,0.425,0.3625,0.2875,1.8333333333333333,0.8077637460938353,1.6812412373755872,4.063015598368352,0.8058574387820767,0.6588014650533411,0.6113624977967848,1.1309511101351957,1.5951834862385321,0.4624070526579108
80.0,491.0,0.325,0.0625,0.6125,0.25,0.4375,0.375,0.2875,1.8,0.8146387933534492,1.6532125137753437,4.105795390886231,0.8120798476885434,0.6695233560455449,0.615529586446677,1.1428359408276092,1.590126291618829,0.466944904669447
83.0,491.0,0.3132530120481928,0.10843373493975904,0.5783132530120482,0.24096385542168675,0.3855421686746988,0.3855421686746988,0.27710843373493976,1.8181818181818181,0.7719841941125453,1.7403626894942439,3.94893748148805,0.7876054270996512,0.6815435844254136,0.6268384946178102,1.1713789727311186,1.6,0.4606432920424815
81.0,491.0,0.3333333333333333,0.07407407407407407,0.5925925925925927,0.24691358024691357,0.4444444444444444,0.35802469135802467,0.2839506172839506,1.7916666666666667,0.7978250577006437,1.6812412373755872,3.9627476697116526,0.7860350533941516,0.6707710644062241,0.618288337078628,1.1524734744605032,1.57307249712313,0.46327943600650323
79.0,491.0,0.31645569620253167,0.0759493670886076,0.6075949367088608,0.25316455696202533,0.43037974683544306,0.35443037974683544,0.2911392405063291,1.891304347826087,0.7952151594118754,1.662757831681574,4.088544243557814,0.7988651245747239,0.6523018849281795,0.605712661880656,1.1206401068312886,1.5940366972477065,0.47015509586404364
82.0,491.0,0.3170731707317073,0.08536585365853659,0.5975609756097561,0.24390243902439024,0.3902439024390244,0.4024390243902439,0.2804878048780488,1.8823529411764706,0.7388385161462391,1.7075701760979363,3.991947813300327,0.8023552215857709,0.6723058852389013,0.6171690853971774,1.1533128876636147,1.6004540295119183,0.45855811063351387
82.0,491.0,0.3170731707317073,0.07317073170731707,0.6097560975609756,0.24390243902439024,0.43902439024390244,0.35365853658536583,0.2804878048780488,1.8043478260869565,0.8060759605063782,1.662757831681574,3.9015907796833966,0.7888102216800519,0.6781248783559368,0.6248517552183588,1.1651755801017094,1.57816091954023,0.45314926449421616
81.0,491.0,0.32098765432098764,0.06172839506172839,0.617283950617284,0.24691358024691357,0.41975308641975306,0.38271604938271603,0.2839506172839506,1.8297872340425532,0.7890321241096371,1.6720978579357175,4.202852680987795,0.8143219946512499,0.671459639129258,0.6184378004249433,1.1470072510232683,1.6150341685649203,0.4499006870118829
81.0,491.0,0.3333333333333333,0.09876543209876543,0.5679012345679013,0.24691358024691357,0.41975308641975306,0.37037037037037035,0.2839506172839506,1.75,0.8134892168199607,1.7160033436347992,3.8659754700413025,0.8136038786763428,0.6696678721790107,0.6166418492695733,1.1493416139175399,1.5809414466130884,0.47083508205467706
80.0,491.0,0.325,0.0625,0.6125,0.25,0.425,0.3875,0.2875,1.8444444444444446,0.796456800048461,1.6532125137753437,4.235625120075131,0.8090497516814834,0.6634964120008053,0.6104658495032326,1.132886849922141,1.6073059360730593,0.45855038476863424
82.0,491.0,0.3048780487804878,0.07317073170731707,0.6219512195121951,0.24390243902439024,0.4268292682926829,0.3780487804878049,0.2804878048780488,1.7959183673469388,0.8159756899139902,1.6901960800285136,4.308952463294934,0.8081309526457989,0.6746672379798463,0.6133679249260503,1.1461526631437449,1.5970488081725311,0.44073050855882806
81.0,491.0,0.3333333333333333,0.06172839506172839,0.6049382716049383,0.24691358024691357,0.48148148148148145,0.345679012345679,0.2839506172839506,1.8181818181818181,0.8699833538297174,1.6434526764861874,3.9944777785229664,0.8087183490055203,0.6650978623768056,0.6103144031867096,1.1431330031997957,1.577188940092166,0.4586156283910331
80.0,491.0,0.3,0.075,0.625,0.25,0.375,0.425,0.2875,1.875,0.7614376100788253,1.6812412373755872,4.243831010669934,0.8176917881823587,0.6665166963506736,0.6065650573228039,1.133289712876645,1.5819209039548023,0.4704989672811049
81.0,491.0,0.30864197530864196,0.07407407407407407,0.6172839506172839,0.24691358024691357,0.43209876543209874,0.37037037037037035,0.2839506172839506,1.8936170212765957,0.786683809008519,1.6720978579357175,3.950677044909082,0.7969328755135561,0.6618940446306324,0.6154416369199471,1.14474886658355,1.5835240274599542,0.4781698845749472
81.0,491.0,0.345679012345679,0.07407407407407407,0.5802469135802469,0.24691358024691357,0.41975308641975306,0.3950617283950617,0.2839506172839506,1.7446808510638299,0.8200764838769341,1.6720978579357175,4.05556496001283,0.7934253817989727,0.6671790201610057,0.6118268733939516,1.144587382898461,1.5742009132420092,0.46742873014082437
80.0,491.0,0.325,0.075,0.6000000000000001,0.25,0.4125,0.3875,0.2875,1.8125,0.7897279359158808,1.6812412373755872,4.15740954340263,0.789877410029584,0.6586628717631843,0.6095678822798026,1.1319193938268184,1.5952109464082098,0.4725365183697564
83.0,491.0,0.3132530120481928,0.07228915662650602,0.6144578313253012,0.24096385542168675,0.4457831325301205,0.3373493975903614,0.27710843373493976,1.8444444444444446,0.796456800048461,1.6532125137753437,3.920918482157289,0.8137653366239321,0.6805704897815521,0.6301525595737818,1.1762989358153677,1.573394495412844,0.45305755111798507
83.0,491.0,0.3493975903614458,0.060240963855421686,0.5903614457831325,0.24096385542168675,0.43373493975903615,0.3614457831325301,0.27710843373493976,1.8235294117647058,0.7926129535388928,1.7075701760979363,4.140922066738463,0.814175341598568,0.6783410316322656,0.6169429476050216,1.161313487359637,1.5850340136054422,0.4591881739161936
80.0,491.0,0.3125,0.0875,0.6,0.25,0.45,0.3625,0.2875,1.8372093023255813,0.8431864889509921,1.6334684555795864,3.869235690925941,0.8353506426987153,0.6615672336947286,0.61863648279938,1.1408370587948762,1.59375,0.469572319519831
79.0,491.0,0.31645569620253167,0.06329113924050633,0.620253164556962,0.25316455696202533,0.43037974683544306,0.379746835443038,0.2911392405063291,1.8695652173913044,0.7777087616032083,1.662757831681574,4.076040239311988,0.7912794912641661,0.6499476897433112,0.6025783984004949,1.119996224684677,1.5766590389016018,0.48082757006286253
83.0,491.0,0.3855421686746988,0.060240963855421686,0.5542168674698795,0.24096385542168675,0.4457831325301205,0.3614457831325301,0.27710843373493976,1.7307692307692308,0.7949690983113652,1.7160033436347992,3.93210859829278,0.7943855711155344,0.6911991873337477,0.6272914435517735,1.1803163982775084,1.5761741122565864,0.4527213607087336
82.0,491.0,0.34146341463414637,0.07317073170731707,0.5853658536585366,0.24390243902439024,0.4146341463414634,0.3780487804878049,0.2804878048780488,1.7547169811320755,0.7821484311560958,1.724275869600789,4.008248898989326,0.8134704458869357,0.6777108929390365,0.6194385854587428,1.1605901533107301,1.580865603644647,0.46681725256319223
83.0,491.0,0.3253012048192771,0.07228915662650602,0.6024096385542168,0.24096385542168675,0.40963855421686746,0.37349397590361444,0.27710843373493976,1.8823529411764706,0.7911272672213848,1.7075701760979363,3.9824877233269538,0.7906195222360436,0.6800138104995427,0.619546276913998,1.1663570880480842,1.5895691609977325,0.4538583905645746
82.0,491.0,0.3048780487804878,0.12195121951219512,0.573170731707317,0.24390243902439024,0.3780487804878049,0.3902439024390244,0.2804878048780488,1.82,0.8002550613806239,1.6989700043360187,3.967274362503036,0.8281357363663668,0.6745285637077785,0.6273917394068521,1.1589769320604724,1.6109839816933638,0.44741431165107004
80.0,491.0,0.3125,0.0875,0.6,0.25,0.425,0.3625,0.2875,1.8571428571428572,0.8164965809277259,1.6901960800285136,3.9272687735905776,0.8196636370979512,0.6601857977323218,0.6110637612214596,1.1397962547742468,1.5797933409873708,0.4848451014300556
82.0,491.0,0.32926829268292684,0.07317073170731707,0.5975609756097561,0.24390243902439024,0.3902439024390244,0.4024390243902439,0.2804878048780488,1.8823529411764706,0.7911272672213847,1.7075701760979363,3.9410846730784472,0.7949213808763711,0.680053478106478,0.6167141831780428,1.1614764699141606,1.5895691609977325,0.4636114862908838
83.0,491.0,0.3493975903614458,0.0963855421686747,0.5542168674698795,0.24096385542168675,0.39759036144578314,0.37349397590361444,0.27710843373493976,1.7758620689655173,0.79567037714264,1.7634279935629373,4.01932015864238,0.8180462542529654,0.6859744384469378,0.6218342812443868,1.1683846385763628,1.578579743888242,0.45508631830348906
79.0,491.0,0.31645569620253167,0.06329113924050633,0.620253164556962,0.25316455696202533,0.45569620253164556,0.35443037974683544,0.2911392405063291,1.8604651162790697,0.83327796050804,1.6334684555795864,3.9381998467226476,0.8185858703054486,0.6583560059731153,0.6098666237963366,1.1292965847845977,1.580161476355248,0.4723089063382491
80.0,491.0,0.3375,0.05,0.6124999999999999,0.25,0.4125,0.3875,0.2875,1.8235294117647058,0.7669649888473704,1.7075701760979363,4.277794365579702,0.8086868274476592,0.6632211586671037,0.6005143629263854,1.1271506566613771,1.5990939977349943,0.46123082834510176
79.0,491.0,0.3037974683544304,0.08860759493670886,0.6075949367088607,0.25316455696202533,0.4177215189873418,0.3924050632911392,0.2911392405063291,1.8863636363636365,0.8131451739977135,1.6434526764861874,4.002068256636074,0.8042780212737496,0.6486978922853005,0.6043713964238162,1.1216052369863518,1.5789473684210527,0.4932891356568326
83.0,491.0,0.3253012048192771,0.07228915662650602,0.6024096385542168,0.24096385542168675,0.43373493975903615,0.3614457831325301,0.27710843373493976,1.8333333333333333,0.8077637460938353,1.6812412373755872,4.228417964157366,0.7993163580018416,0.6816824845514878,0.6236586410889412,1.1601715752868293,1.621160409556314,0.4345207476944953
83.0,491.0,0.30120481927710846,0.07228915662650602,0.6265060240963856,0.24096385542168675,0.46987951807228917,0.3373493975903614,0.27710843373493976,1.8181818181818181,0.7857074215125328,1.6434526764861874,3.9471576218235533,0.8055498706520183,0.6804313626580224,0.6271404969226747,1.168303604115116,1.577188940092166,0.4497778539547445
81.0,491.0,0.30864197530864196,0.08641975308641975,0.6049382716049383,0.24691358024691357,0.4444444444444444,0.345679012345679,0.2839506172839506,1.8478260869565217,0.8156086017841816,1.662757831681574,4.018500642655248,0.7980472704378295,0.6646808488720247,0.6148406521585543,1.141352911246505,1.5786452353616534,0.46269522717992934
80.0,491.0,0.3,0.0625,0.6375,0.25,0.4125,0.375,0.2875,1.875,0.7614376100788253,1.6812412373755872,4.14507240370713,0.8163459612726719,0.6647336415376255,0.6098673515948284,1.135221464967303,1.5707602339181286,0.4634932347877142
80.0,491.0,0.3,0.1,0.6,0.25,0.4125,0.3625,0.2875,1.8333333333333333,0.8077637460938353,1.6812412373755872,3.9491960289597507,0.8239564255372642,0.6554671381129249,0.6130029466490846,1.1324838436556148,1.5947187141216992,0.46771671364062667
83.0,491.0,0.3373493975903614,0.07228915662650602,0.5903614457831325,0.24096385542168675,0.46987951807228917,0.3493975903614458,0.27710843373493976,1.7708333333333333,0.7784212974424947,1.6812412373755872,3.862504885362982,0.7976973807196298,0.6854221481037783,0.6268384946178102,1.1775056137841102,1.5704387990762125,0.4587323769574052
81.0,491.0,0.345679012345679,0.06172839506172839,0.5925925925925926,0.24691358024691357,0.43209876543209874,0.38271604938271603,0.2839506172839506,1.8297872340425532,0.8161188355543149,1.6720978579357175,3.9629378499008694,0.8209950090963121,0.6702196952766394,0.6181388375927112,1.1547967877153469,1.5756880733944953,0.4610445656607762
80.0,491.0,0.325,0.075,0.6000000000000001,0.25,0.425,0.375,0.2875,1.836734693877551,0.8253014291636674,1.6901960800285136,3.994498981987306,0.8012846979012597,0.6596324132871645,0.6055105504822298,1.1315160429864684,1.5846681922196797,0.46599786671926263
81.0,491.0,0.32098765432098764,0.07407407407407407,0.6049382716049383,0.24691358024691357,0.4444444444444444,0.37037037037037035,0.2839506172839506,1.78,0.8154127538760192,1.6989700043360187,3.9341697146257157,0.7779232368896746,0.6688392838842844,0.6112223344242836,1.1486176641684094,1.576834862385321,0.47503415010802647
82.0,491.0,0.32926829268292684,0.08536585365853659,0.5853658536585366,0.24390243902439024,0.43902439024390244,0.35365853658536583,0.2804878048780488,1.816326530612245,0.781917232079668,1.6901960800285136,4.026285043116006,0.8063085061613694,0.6764674165820128,0.6253007374347896,1.161879117590397,1.5935706084959815,0.4592433425731411
83.0,491.0,0.3373493975903614,0.0963855421686747,0.5662650602409639,0.24096385542168675,0.42168674698795183,0.3614457831325301,0.27710843373493976,1.7692307692307692,0.8072073527955749,1.7160033436347992,3.979889975204765,0.7968498309501453,0.6790385236201025,0.6289494655014828,1.1673307518069538,1.5812356979405033,0.4513734655855082
83.0,491.0,0.3373493975903614,0.0963855421686747,0.5662650602409639,0.24096385542168675,0.43373493975903615,0.3614457831325301,0.27710843373493976,1.84,0.8171628369185767,1.6989700043360187,3.848870390802103,0.8158251102937264,0.6784805873927233,0.627894867190887,1.1737205432594322,1.5752009184845006,0.46261929181561945
83.0,491.0,0.3253012048192771,0.07228915662650602,0.6024096385542168,0.24096385542168675,0.4578313253012048,0.3373493975903614,0.27710843373493976,1.76,0.7708992893275453,1.6989700043360187,3.858575936614471,0.8052383475151761,0.6880415789000827,0.627894867190887,1.1783093792470545,1.5933179723502304,0.45516845488668706
80.0,491.0,0.3,0.1,0.6,0.25,0.425,0.35,0.2875,1.7608695652173914,0.7655000575860534,1.662757831681574,3.9825096396275215,0.8048868975307049,0.6561631868151893,0.611810329157357,1.1310318321042672,1.5928489042675893,0.4694250383589629
82.0,491.0,0.32926829268292684,0.08536585365853659,0.5853658536585366,0.24390243902439024,0.4268292682926829,0.36585365853658536,0.2804878048780488,1.82,0.8253632471802451,1.6989700043360187,3.872849561742324,0.8067275678066039,0.6801910259849022,0.6255998798975617,1.1678220716670251,1.5797933409873708,0.46161717671652375
81.0,491.0,0.32098765432098764,0.1111111111111111,0.5679012345679013,0.24691358024691357,0.41975308641975306,0.37037037037037035,0.2839506172839506,1.8125,0.81622509411027,1.6812412373755872,3.755820918059784,0.8079361476139618,0.6607760320271934,0.6164919505099903,1.1492611975767684,1.5793103448275863,0.4885837833977507
82.0,491.0,0.35365853658536583,0.08536585365853659,0.5609756097560976,0.24390243902439024,0.4024390243902439,0.4024390243902439,0.2804878048780488,1.7735849056603774,0.8000362836474324,1.724275869600789,4.006117041965971,0.7982408243816403,0.6745285637077785,0.6115349755982703,1.1508769067457674,1.5895691609977325,0.4679419825769661
82.0,491.0,0.32926829268292684,0.06097560975609756,0.6097560975609755,0.24390243902439024,0.43902439024390244,0.3780487804878049,0.2804878048780488,1.8235294117647058,0.8174566007548333,1.7075701760979363,3.9970139449288675,0.8120702406259419,0.6781248783559368,0.6167141831780428,1.15558183688128,1.6020524515393386,0.45111154047220353
82.0,491.0,0.34146341463414637,0.04878048780487805,0.6097560975609755,0.24390243902439024,0.45121951219512196,0.3780487804878049,0.2804878048780488,1.78,0.8154127538760192,1.6989700043360187,4.066446243307987,0.7984377391689893,0.6814277074946966,0.6133679249260503,1.1592190583687503,1.5956719817767653,0.455096795221258
83.0,491.0,0.3373493975903614,0.08433734939759036,0.5783132530120483,0.24096385542168675,0.43373493975903615,0.3614457831325301,0.27710843373493976,1.7884615384615385,0.8004052518063305,1.7160033436347992,4.0845923161753435,0.8079728148386993,0.6788990825500651,0.6180162348268139,1.1599267335849184,1.594994311717861,0.4575431331647041
85.0,491.0,0.32941176470588235,0.058823529411764705,0.611764705882353,0.23529411764705882,0.4470588235294118,0.35294117647058826,0.27058823529411763,1.88,0.7989789402348322,1.6989700043360187,4.049050892836587,0.8114499508830137,0.694152491262217,0.629567873341848,1.1898722183806127,1.5843714609286523,0.446041792988623
82.0,491.0,0.32926829268292684,0.10975609756097561,0.5609756097560975,0.24390243902439024,0.4146341463414634,0.36585365853658536,0.2804878048780488,1.7755102040816326,0.7975302011640106,1.6901960800285136,3.8331017376274485,0.8146171417958086,0.6772966544810318,0.6266457539532009,1.1682225322262205,1.571921749136939,0.46373769518771474
83.0,399.0,0.3493975903614458,0.04819277108433735,0.6024096385542168,0.20481927710843373,0.4457831325301205,0.3132530120481928,0.25301204819277107,1.7857142857142858,0.7314813292661236,1.7481880270062005,3.7599821821953543,0.8115091324188448,0.6201349995391535,0.5805773406632951,1.0118590660016098,1.746067415730337,0.3033871533277962
83.0,399.0,0.37349397590361444,0.060240963855421686,0.5662650602409639,0.18072289156626506,0.43373493975903615,0.3493975903614458,0.25301204819277107,1.8135593220338984,0.8194736803580286,1.7708520116421442,3.7857320319193644,0.7708498497716751,0.6203062216712273,0.5870373456921962,1.0174382160439088,1.7424749163879598,0.31791904950132965
83.0,399.0,0.37349397590361444,0.04819277108433735,0.5783132530120482,0.1686746987951807,0.4457831325301205,0.3253012048192771,0.2289156626506024,1.8363636363636364,0.8978087803427888,1.7403626894942439,3.9380608581044627,0.8010608440420703,0.6191225875764831,0.5862061051816704,1.027626084165186,1.7286036036036037,0.2939991925370051
84.0,399.0,0.38095238095238093,0.05952380952380952,0.5595238095238095,0.16666666666666666,0.42857142857142855,0.34523809523809523,0.25,1.8360655737704918,0.7995900589021115,1.7853298350107671,3.627328862271734,0.7919571369524379,0.6180883893060296,0.5820064043845208,1.0285112095523552,1.7516778523489933,0.30727446000278813
84.0,399.0,0.3333333333333333,0.05952380952380952,0.6071428571428572,0.16666666666666666,0.4523809523809524,0.3333333333333333,0.25,1.8070175438596492,0.8114932552142041,1.7558748556724915,3.6436355365445223,0.781200738269345,0.6141320864891213,0.5812668526912903,1.007809790354214,1.738255033557047,0.3102803278279693
84.0,399.0,0.36904761904761907,0.07142857142857142,0.5595238095238095,0.15476190476190477,0.42857142857142855,0.3333333333333333,0.25,1.7666666666666666,0.7890493457677392,1.7781512503836436,3.688901894011753,0.7976124629066768,0.6231405211328535,0.6026601082899671,1.02329097299076,1.7319004524886878,0.295496738301913
85.0,399.0,0.36470588235294116,0.058823529411764705,0.5764705882352941,0.18823529411764706,0.47058823529411764,0.3176470588235294,0.27058823529411763,1.7222222222222223,0.8106988987302965,1.7323937598229686,3.680652720463774,0.804074877127778,0.6186919922389338,0.5952659393728192,1.0292696973160866,1.75,0.3024559310122247
83.0,399.0,0.3253012048192771,0.07228915662650602,0.6024096385542168,0.1566265060240964,0.4457831325301205,0.3373493975903614,0.2289156626506024,1.8448275862068966,0.8122251035733712,1.7634279935629373,3.946713634686259,0.7846001300747516,0.6140517881970643,0.6010587726257047,1.0328308852224533,1.7519729425028185,0.3237157474987649
84.0,399.0,0.36904761904761907,0.047619047619047616,0.5833333333333333,0.14285714285714285,0.4523809523809524,0.34523809523809523,0.2261904761904762,1.8620689655172413,0.8875014378455162,1.7634279935629373,3.8566973797163913,0.7838167103772694,0.6224198627178853,0.5934761796296237,1.0291750533651942,1.7458006718924972,0.33197773605538544
83.0,399.0,0.3493975903614458,0.07228915662650602,0.5783132530120482,0.1566265060240964,0.42168674698795183,0.3614457831325301,0.25301204819277107,1.8333333333333333,0.8060505654884772,1.7781512503836436,3.834040297999971,0.7962955593890089,0.6073579633813803,0.5824785735218954,0.9921777829826056,1.7447280799112097,0.3232706985047617
84.0,399.0,0.36904761904761907,0.07142857142857142,0.5595238095238095,0.19047619047619047,0.4166666666666667,0.32142857142857145,0.25,1.8461538461538463,0.775217091182553,1.8129133566428555,3.7781862472082586,0.8108927683272873,0.6248371938212561,0.6021657826754621,1.044834752304151,1.751121076233184,0.2826421596591106
84.0,399.0,0.40476190476190477,0.047619047619047616,0.5476190476190477,0.19047619047619047,0.4642857142857143,0.32142857142857145,0.2261904761904762,1.7758620689655173,0.7502772224090372,1.7634279935629373,3.6196054757830596,0.8246141516487216,0.6381443097195489,0.5944165207770796,1.0485720961820932,1.7252619324796274,0.30512899148126926
85.0,399.0,0.3764705882352941,0.058823529411764705,0.5647058823529412,0.16470588235294117,0.4235294117647059,0.32941176470588235,0.24705882352941178,1.8032786885245902,0.8330600644840991,1.7853298350107671,3.6926650374791605,0.7913623183114762,0.6234321828982304,0.5987429842068681,1.0361559612933828,1.7558790593505038,0.3091798624896421
83.0,399.0,0.3614457831325301,0.04819277108433735,0.5903614457831324,0.20481927710843373,0.46987951807228917,0.3493975903614458,0.25301204819277107,1.7962962962962963,0.8769507554778624,1.7323937598229686,3.6891811776898167,0.7924438984758526,0.6208308998299295,0.5803293768613297,1.006296237972134,1.760942760942761,0.3223642842914356
85.0,399.0,0.38823529411764707,0.07058823529411765,0.5411764705882354,0.15294117647058825,0.4235294117647059,0.3411764705882353,0.24705882352941178,1.7384615384615385,0.6909441700700905,1.8129133566428555,3.4874381826855023,0.8073876067344669,0.633079428336868,0.5886642182839781,1.0082882631172416,1.678082191780822,0.29776516243889734
85.0,399.0,0.3411764705882353,0.07058823529411765,0.5882352941176471,0.17647058823529413,0.4588235294117647,0.32941176470588235,0.24705882352941178,1.7413793103448276,0.8069945287230822,1.7634279935629373,3.7609326476094163,0.7816794416109897,0.6310978276547463,0.6005507966891187,1.0302693112402954,1.6915995397008055,0.30879571839560915
85.0,399.0,0.35294117647058826,0.07058823529411765,0.5764705882352941,0.18823529411764706,0.4588235294117647,0.3411764705882353,0.24705882352941178,1.7666666666666666,0.7890493457677392,1.7781512503836436,3.726191874584083,0.7774045077518351,0.6167936114970856,0.588579424604407,1.018532168290045,1.759238521836506,0.31634798858940344
83.0,399.0,0.37349397590361444,0.07228915662650602,0.5542168674698795,0.1686746987951807,0.43373493975903615,0.3253012048192771,0.25301204819277107,1.7758620689655173,0.8592755710230844,1.7634279935629373,3.7978440303401824,0.8050059239722612,0.623910294474831,0.5941292827578883,1.0302426207769215,1.676575505350773,0.3216357343103228
83.0,399.0,0.3373493975903614,0.07228915662650602,0.5903614457831325,0.18072289156626506,0.4457831325301205,0.3373493975903614,0.27710843373493976,1.8148148148148149,0.8483963579328585,1.7323937598229686,3.714331009444604,0.7802630962612117,0.6073112646030167,0.581919695094151,0.9916318897368502,1.7340782122905027,0.3212949475024427
83.0,399.0,0.3373493975903614,0.07228915662650602,0.5903614457831325,0.1686746987951807,0.43373493975903615,0.3373493975903614,0.25301204819277107,1.8,0.8255189164891871,1.7403626894942439,3.515149865483975,0.8100626834813277,0.6057028296728525,0.5700294588843502,0.9839528357760494,1.7362514029180696,0.3098326386914175
85.0,399.0,0.38823529411764707,0.047058823529411764,0.5647058823529412,0.17647058823529413,0.4235294117647059,0.35294117647058826,0.24705882352941178,1.8333333333333333,0.7628374033532981,1.7781512503836436,3.6523755252111245,0.7884428058304241,0.6373061220012675,0.5981176569875883,1.0376033916012124,1.752771618625277,0.3252130877154433
84.0,399.0,0.38095238095238093,0.047619047619047616,0.5714285714285714,0.14285714285714285,0.4523809523809524,0.30952380952380953,0.2261904761904762,1.7454545454545454,0.8214301399069032,1.7403626894942439,3.7727338221066846,0.8027373887441479,0.6118424630921184,0.579196989473797,1.008421299207444,1.7249154453213078,0.30882288128322016
83.0,399.0,0.37349397590361444,0.04819277108433735,0.5783132530120482,0.20481927710843373,0.43373493975903615,0.3253012048192771,0.2289156626506024,1.8983050847457628,0.8649280467230683,1.7708520116421442,3.8137493767297728,0.8185095101507543,0.6266000137797281,0.5825572514688155,1.026826290494424,1.7406989853438557,0.28750771484692766
83.0,399.0,0.39759036144578314,0.060240963855421686,0.5421686746987951,0.14457831325301204,0.42168674698795183,0.3373493975903614,0.2289156626506024,1.7413793103448276,0.7147652007449771,1.7634279935629373,3.5447705088267245,0.7976697522090089,0.6226482348463819,0.5973598921570284,1.018301298344054,1.7254237288135594,0.31883793076019246
85.0,399.0,0.3411764705882353,0.058823529411764705,0.6,0.18823529411764706,0.4588235294117647,0.32941176470588235,0.27058823529411763,1.7450980392156863,0.7705358461460949,1.7075701760979363,3.891717768330078,0.785356040692829,0.6144123872346765,0.6004150826964898,1.0211194726939583,1.750278706800446,0.29910285902941874
84.0,399.0,0.34523809523809523,0.05952380952380952,0.5952380952380952,0.20238095238095238,0.42857142857142855,0.34523809523809523,0.25,1.8448275862068966,0.8944610086905722,1.7634279935629373,3.46740045035097,0.7951506185051246,0.6225206675232438,0.5846363338499384,1.013253169893319,1.7633928571428572,0.2890509446530013
84.0,399.0,0.34523809523809523,0.07142857142857142,0.5833333333333334,0.19047619047619047,0.42857142857142855,0.32142857142857145,0.25,1.8214285714285714,0.8760893034003256,1.7481880270062005,3.9489665320410485,0.7937502818199607,0.6215824509342962,0.5768512400362974,1.0205633275618238,1.7679372197309418,0.31337547418086037
85.0,399.0,0.3764705882352941,0.047058823529411764,0.5764705882352941,0.18823529411764706,0.4470588235294118,0.36470588235294116,0.2235294117647059,1.8412698412698412,0.8836571588565111,1.7993405494535817,3.469347630893618,0.8129506909852932,0.6266959590484634,0.5932926061400411,1.0107305174091268,1.75,0.3001214432163891
84.0,399.0,0.39285714285714285,0.047619047619047616,0.5595238095238095,0.15476190476190477,0.47619047619047616,0.30952380952380953,0.2261904761904762,1.7678571428571428,0.8310140886798583,1.7481880270062005,3.6210432570226536,0.7851682163496346,0.6173913138156244,0.5981461605243249,1.0385112152001237,1.7423728813559323,0.330807759719353
85.0,399.0,0.35294117647058826,0.08235294117647059,0.5647058823529411,0.18823529411764706,0.43529411764705883,0.32941176470588235,0.2235294117647059,1.6833333333333333,0.7476894729916951,1.7781512503836436,3.548653748830164,0.7951950297034346,0.622706835657139,0.5967416569463935,1.0208323182558177,1.7006960556844548,0.3102569896765854
85.0,399.0,0.35294117647058826,0.058823529411764705,0.588235294117647,0.16470588235294117,0.4235294117647059,0.3411764705882353,0.2235294117647059,1.8070175438596492,0.8114932552142041,1.7558748556724915,3.6305862879257074,0.8063529696689116,0.6282997849070439,0.6064467252222018,1.0319471818195274,1.688,0.3168110297804343
83.0,399.0,0.3855421686746988,0.060240963855421686,0.5542168674698795,0.18072289156626506,0.46987951807228917,0.3132530120481928,0.2289156626506024,1.719298245614035,0.7501044204669175,1.7558748556724915,3.8520919696156564,0.7995353907873552,0.6232841612745464,0.5904244696571431,1.0475125951999307,1.7240592930444698,0.3282494597879357
85.0,399.0,0.3764705882352941,0.058823529411764705,0.5647058823529412,0.12941176470588237,0.43529411764705883,0.3176470588235294,0.24705882352941178,1.8793103448275863,0.8801432540276639,1.7634279935629373,3.974360603066085,0.7881686430589181,0.6325078314901611,0.6040932939203525,1.070002869340775,1.7438478747203578,0.3264452351773026
83.0,399.0,0.37349397590361444,0.04819277108433735,0.5783132530120482,0.1566265060240964,0.4457831325301205,0.3373493975903614,0.2289156626506024,1.8421052631578947,0.8191780219091255,1.7558748556724915,3.7840229072037195,0.7941720823129322,0.621354395294995,0.5887371301847492,1.027219841283994,1.731981981981982,0.30419104803005736
84.0,399.0,0.35714285714285715,0.05952380952380952,0.5833333333333333,0.17857142857142858,0.44047619047619047,0.35714285714285715,0.25,1.8360655737704918,0.8977811141707921,1.7853298350107671,3.6787725064147914,0.7993998858511365,0.6171523504936844,0.5918793852651123,1.0270313492388037,1.7491638795986622,0.3278442467935382
85.0,399.0,0.3764705882352941,0.07058823529411765,0.5529411764705883,0.15294117647058825,0.4470588235294118,0.3411764705882353,0.2235294117647059,1.7903225806451613,0.8125470331747573,1.792391689498254,3.572714578875816,0.7941968811132977,0.6289626961553825,0.5962158579211095,1.0420740923356422,1.7263513513513513,0.3012467563660029
85.0,399.0,0.4117647058823529,0.047058823529411764,0.5411764705882354,0.1411764705882353,0.43529411764705883,0.3176470588235294,0.2235294117647059,1.7833333333333334,0.8044719642367519,1.7781512503836436,3.746373102806398,0.7818745202749265,0.6404634292382833,0.6047192552779234,1.0470625343435123,1.7483146067415731,0.3001316584829606
85.0,399.0,0.35294117647058826,0.058823529411764705,0.588235294117647,0.18823529411764706,0.4470588235294118,0.32941176470588235,0.2235294117647059,1.8448275862068966,0.8746272216033013,1.7634279935629373,3.4735452579663724,0.7837861537900971,0.6182179435614433,0.6011470741909118,1.014060780867394,1.742441209406495,0.31151086738793893
83.0,399.0,0.3614457831325301,0.060240963855421686,0.5783132530120482,0.18072289156626506,0.4578313253012048,0.3132530120481928,0.2289156626506024,1.7962962962962963,0.8328090594007646,1.7323937598229686,3.9089498673426166,0.8122999849145432,0.6200765570178693,0.5940320997920877,1.0239968316693382,1.7673098751418843,0.30585223778821974
85.0,399.0,0.36470588235294116,0.07058823529411765,0.5647058823529412,0.15294117647058825,0.4470588235294118,0.3176470588235294,0.24705882352941178,1.7857142857142858,0.908831131714812,1.7481880270062005,3.5923628694685203,0.8054154148250258,0.6190174684025258,0.5986315496633301,1.031215121298448,1.733408323959505,0.30670393941637797
85.0,399.0,0.36470588235294116,0.058823529411764705,0.5764705882352941,0.16470588235294117,0.4588235294117647,0.32941176470588235,0.24705882352941178,1.7543859649122806,0.7625310708982375,1.7558748556724915,3.4379675237902894,0.8041955729893997,0.632671536753461,0.5972874710934727,1.049510640399217,1.7716535433070866,0.31631197637777575
84.0,399.0,0.35714285714285715,0.047619047619047616,0.5952380952380951,0.16666666666666666,0.42857142857142855,0.34523809523809523,0.2261904761904762,1.7924528301886793,0.8402950618690147,1.724275869600789,3.743475437181786,0.785862708658485,0.6263839601062936,0.597805405960334,1.035735095039021,1.7472035794183445,0.33164346980357595
83.0,399.0,0.3493975903614458,0.060240963855421686,0.5903614457831325,0.20481927710843373,0.4457831325301205,0.3253012048192771,0.25301204819277107,1.8333333333333333,0.926547659884658,1.7323937598229686,3.892851100381712,0.7948073465258397,0.6164102628598522,0.6034311524703526,1.0488767434507613,1.752821670428894,0.33254537636129156
84.0,399.0,0.35714285714285715,0.047619047619047616,0.5952380952380951,0.16666666666666666,0.4642857142857143,0.32142857142857145,0.25,1.7636363636363637,0.7689250881885643,1.7403626894942439,4.15204103403193,0.7828825180531211,0.6229408976328673,0.5893508817455005,1.021937994090545,1.734006734006734,0.3156704504224119
84.0,399.0,0.36904761904761907,0.05952380952380952,0.5714285714285714,0.19047619047619047,0.4166666666666667,0.34523809523809523,0.27380952380952384,1.8103448275862069,0.7598914177217445,1.7634279935629373,3.8951744225238976,0.7947421837663748,0.6250690269554718,0.5887837443493571,1.032559890794869,1.7433628318584071,0.3389511827509395
84.0,399.0,0.35714285714285715,0.047619047619047616,0.5952380952380951,0.19047619047619047,0.44047619047619047,0.3333333333333333,0.2261904761904762,1.793103448275862,0.7435953599143464,1.7634279935629373,3.8733357944726414,0.7993042716364368,0.6280750705571407,0.5890297677424182,1.0198532527677064,1.7662192393736018,0.29506201163653617
84.0,399.0,0.35714285714285715,0.08333333333333333,0.5595238095238094,0.16666666666666666,0.44047619047619047,0.30952380952380953,0.2261904761904762,1.7118644067796611,0.6708421741936006,1.7708520116421442,4.184402456900794,0.8001750317615668,0.6220195289011129,0.6009153626972439,1.0505798458689621,1.6994152046783626,0.3275676890189274
85.0,399.0,0.3764705882352941,0.058823529411764705,0.5647058823529412,0.17647058823529413,0.47058823529411764,0.32941176470588235,0.2235294117647059,1.819672131147541,0.8852155428917015,1.7853298350107671,3.7280614555009084,0.7971527969527621,0.6368483238413772,0.6005507966891187,1.055991934282657,1.7437923250564333,0.305222132888987
84.0,399.0,0.38095238095238093,0.05952380952380952,0.5595238095238095,0.14285714285714285,0.44047619047619047,0.32142857142857145,0.25,1.8245614035087718,0.8264123628574959,1.7558748556724915,3.7741887379323438,0.8058953455372893,0.6280937426545459,0.5932370228041501,1.0531628313911385,1.7316798196166854,0.323720975039649
85.0,399.0,0.36470588235294116,0.047058823529411764,0.588235294117647,0.17647058823529413,0.4235294117647059,0.3411764705882353,0.24705882352941178,1.7966101694915255,0.8258675901417383,1.7708520116421442,3.941252782801396,0.8147146963201257,0.6196720760473536,0.5858003862940504,1.0168773241299032,1.7585825027685493,0.306938005679947
82.0,399.0,0.35365853658536583,0.06097560975609756,0.5853658536585367,0.17073170731707318,0.4268292682926829,0.32926829268292684,0.25609756097560976,1.8867924528301887,0.9127384274067908,1.724275869600789,3.573880342600445,0.7859265982849729,0.6025783626942335,0.5791187823206675,1.0000840778482403,1.718294051627385,0.32589098980116876
84.0,399.0,0.38095238095238093,0.047619047619047616,0.5714285714285714,0.15476190476190477,0.42857142857142855,0.35714285714285715,0.25,1.8644067796610169,0.8993796160389378,1.7708520116421442,3.712258011084743,0.8031756702591838,0.6206174314410755,0.580967931295873,1.0117960320041706,1.751937984496124,0.3224366349206022
84.0,399.0,0.36904761904761907,0.05952380952380952,0.5714285714285714,0.14285714285714285,0.4166666666666667,0.35714285714285715,0.25,1.793103448275862,0.7435953599143464,1.7634279935629373,3.752458616455353,0.7995961527508024,0.6160030760986359,0.5913202860781943,1.0064492877556446,1.7339246119733924,0.32583034113330445
85.0,399.0,0.36470588235294116,0.058823529411764705,0.5764705882352941,0.1411764705882353,0.4588235294117647,0.3058823529411765,0.2235294117647059,1.8,0.8692269873603532,1.7403626894942439,3.6896579405578804,0.8067820750534755,0.6243443413491313,0.6075616515216492,1.0511681157481083,1.7389830508474575,0.32157891860259374
85.0,399.0,0.36470588235294116,0.058823529411764705,0.5764705882352941,0.16470588235294117,0.43529411764705883,0.35294117647058826,0.27058823529411763,1.8103448275862069,0.8262554838679739,1.7634279935629373,3.6094710283744207,0.8197596088122402,0.625058928704791,0.5970445405969456,1.0302588558424746,1.7319243604004448,0.3041911519010408
85.0,399.0,0.35294117647058826,0.058823529411764705,0.588235294117647,0.2,0.4235294117647059,0.35294117647058826,0.24705882352941178,1.793103448275862,0.7435953599143464,1.7634279935629373,3.6750996937982157,0.7852650819766415,0.6238647353330349,0.5762226568020801,1.007104270926917,1.7641196013289036,0.2911342304506217
85.0,399.0,0.36470588235294116,0.058823529411764705,0.5764705882352941,0.12941176470588237,0.4235294117647059,0.3411764705882353,0.2235294117647059,1.8448275862068966,0.8543331068566081,1.7634279935629373,3.9050563007075056,0.811405652483052,0.6261528471445176,0.5907039613386222,1.0208157648913097,1.7513935340022297,0.31185943712896913
85.0,399.0,0.3764705882352941,0.058823529411764705,0.5647058823529412,0.16470588235294117,0.4470588235294118,0.32941176470588235,0.24705882352941178,1.7966101694915255,0.8258675901417383,1.7708520116421442,3.74800068876805,0.7789234972811497,0.6222676179347283,0.6119238865340643,1.0467424663874145,1.7469204927211646,0.3251436074195134
85.0,399.0,0.38823529411764707,0.07058823529411765,0.5411764705882354,0.16470588235294117,0.4470588235294118,0.3176470588235294,0.2235294117647059,1.721311475409836,0.7556707294623235,1.7853298350107671,3.5927899115929502,0.7780452153704631,0.6282997849070437,0.6030884472215299,1.0381142189010182,1.7185697808535179,0.3181614128250363
84.0,399.0,0.39285714285714285,0.047619047619047616,0.5595238095238095,0.17857142857142858,0.4642857142857143,0.3333333333333333,0.25,1.736842105263158,0.7682613903547245,1.7558748556724915,3.70362823994648,0.7747139600901725,0.6273440606291149,0.5962465348715962,1.0390302983279045,1.726042841037204,0.3090055445775308
84.0,399.0,0.40476190476190477,0.047619047619047616,0.5476190476190477,0.14285714285714285,0.44047619047619047,0.32142857142857145,0.2261904761904762,1.7741935483870968,0.7110222342955335,1.792391689498254,3.5593271019938206,0.8093169352223277,0.638179618025109,0.5884334745582516,1.03357787730823,1.7286036036036037,0.2727829459391821
84.0,399.0,0.35714285714285715,0.07142857142857142,0.5714285714285714,0.19047619047619047,0.4523809523809524,0.30952380952380953,0.25,1.8166666666666667,0.8334463200240207,1.7781512503836436,3.8251233548681256,0.8146108806597147,0.6310667952377579,0.5922187713024506,1.0463589852748898,1.6837098692033294,0.3046773694640164
84.0,399.0,0.34523809523809523,0.08333333333333333,0.5714285714285714,0.17857142857142858,0.4523809523809524,0.32142857142857145,0.2261904761904762,1.719298245614035,0.773544392597022,1.7558748556724915,3.78995589649286,0.772522780015016,0.6208777838794527,0.6001017656544316,1.0481456391520665,1.6904205607476634,0.3314560681540952
83.0,399.0,0.3493975903614458,0.060240963855421686,0.5903614457831325,0.18072289156626506,0.4578313253012048,0.3373493975903614,0.2289156626506024,1.7857142857142858,0.8466895044129914,1.7481880270062005,3.685199405144246,0.7906543597374222,0.6203062216712273,0.5816748743564322,1.0091447223731576,1.7339346110484781,0.3073476480659338
85.0,399.0,0.4,0.07058823529411765,0.5294117647058824,0.11764705882352941,0.4235294117647059,0.3176470588235294,0.24705882352941178,1.8,0.7745966692414834,1.8129133566428555,3.5245082468248716,0.8166946202239171,0.6245271386406624,0.5918155641194809,1.0230253799818287,1.7130044843049328,0.2968498447420082
83.0,399.0,0.37349397590361444,0.04819277108433735,0.5783132530120482,0.18072289156626506,0.42168674698795183,0.3614457831325301,0.2289156626506024,1.793103448275862,0.7435953599143466,1.7634279935629373,3.8888200496628706,0.80718694133108,0.632133812456475,0.5858229125195142,1.051313014933066,1.7364864864864864,0.30923216272539256
85.0,399.0,0.3764705882352941,0.07058823529411765,0.5529411764705883,0.17647058823529413,0.43529411764705883,0.3411764705882353,0.24705882352941178,1.7868852459016393,0.8188356387448513,1.7853298350107671,3.451361998546521,0.7831327629265796,0.6213171905680434,0.5919910574419941,1.0161600407552867,1.7541899441340782,0.32427261839518257
85.0,399.0,0.4,0.047058823529411764,0.5529411764705883,0.16470588235294117,0.4470588235294118,0.3411764705882353,0.27058823529411763,1.6842105263157894,0.7596497016210383,1.7558748556724915,3.6966880636349915,0.8016414889603388,0.6367855113404479,0.6028478543575133,1.0529606241577283,1.7211646136618142,0.3154180108305673
83.0,399.0,0.3493975903614458,0.04819277108433735,0.6024096385542168,0.13253012048192772,0.43373493975903615,0.3132530120481928,0.25301204819277107,1.8571428571428572,0.9574271077563385,1.6901960800285136,3.849705320560995,0.7991915398119858,0.6151367180272309,0.5941393519976312,1.0327481493429702,1.7244546498277842,0.33807487078869825
83.0,399.0,0.37349397590361444,0.04819277108433735,0.5783132530120482,0.1566265060240964,0.4457831325301205,0.3373493975903614,0.2289156626506024,1.8392857142857142,0.9100806300799689,1.7481880270062005,3.6047544971789165,0.8071997587394673,0.6287963885099792,0.5913650420919684,1.0332402530527733,1.7382022471910112,0.3142038078088107
85.0,399.0,0.3764705882352941,0.047058823529411764,0.5764705882352941,0.15294117647058825,0.4588235294117647,0.32941176470588235,0.24705882352941178,1.7543859649122806,0.7387417331997206,1.7558748556724915,3.7862991440471765,0.8116336159439418,0.6197165005808596,0.5790238925351848,1.0241936883793008,1.7323628219484883,0.2957221129917954
84.0,399.0,0.34523809523809523,0.047619047619047616,0.6071428571428572,0.16666666666666666,0.4166666666666667,0.3333333333333333,0.27380952380952384,1.8148148148148149,0.8258574520443193,1.7323937598229686,3.845659401597188,0.8052875928530577,0.6217889733921327,0.5837283812363747,1.020393467168566,1.752771618625277,0.32130645819711834
83.0,399.0,0.37349397590361444,0.04819277108433735,0.5783132530120482,0.1686746987951807,0.4578313253012048,0.3373493975903614,0.2289156626506024,1.7543859649122806,0.714160390008184,1.7558748556724915,3.679027142618047,0.8037771323799457,0.6288868950803183,0.5890995904990365,1.027763962690119,1.7146092865232163,0.3036417863658716
85.0,399.0,0.36470588235294116,0.058823529411764705,0.5764705882352941,0.16470588235294117,0.43529411764705883,0.3411764705882353,0.24705882352941178,1.7413793103448276,0.7147652007449771,1.7634279935629373,3.886525689767324,0.7902754712271471,0.6273755343012383,0.6078803077452357,1.052409386765511,1.7393736017897092,0.320078692003478
84.0,399.0,0.3333333333333333,0.07142857142857142,0.5952380952380953,0.16666666666666666,0.4523809523809524,0.32142857142857145,0.25,1.7454545454545454,0.7985677414662061,1.7403626894942439,3.5645557255958353,0.8049858704583434,0.6243204012024296,0.6101501309645365,1.03850013247081,1.7573696145124718,0.327427140348991
83.0,399.0,0.3373493975903614,0.07228915662650602,0.5903614457831325,0.14457831325301204,0.46987951807228917,0.3253012048192771,0.2289156626506024,1.7692307692307692,0.8311434272625572,1.7160033436347992,3.630613724860224,0.7859318569160697,0.6041295767672582,0.585025013732454,1.0061093118193565,1.7332576617480135,0.31910696828440216
84.0,399.0,0.34523809523809523,0.07142857142857142,0.5833333333333334,0.20238095238095238,0.4166666666666667,0.30952380952380953,0.2261904761904762,1.709090909090909,0.761886724173207,1.7403626894942439,3.6902944080808995,0.7997307656920443,0.6250889201433042,0.6008533118919467,1.0262500988457555,1.708478513356562,0.3013531180894121
84.0,399.0,0.34523809523809523,0.05952380952380952,0.5952380952380952,0.19047619047619047,0.42857142857142855,0.35714285714285715,0.27380952380952384,1.7894736842105263,0.8395756178243344,1.7558748556724915,3.9244922219187557,0.8036689213227126,0.6234443846267225,0.5983036979652893,1.0250961590097223,1.774694783573807,0.31615513589183375
84.0,399.0,0.35714285714285715,0.047619047619047616,0.5952380952380951,0.19047619047619047,0.47619047619047616,0.30952380952380953,0.2261904761904762,1.803921568627451,0.8489901729263362,1.7075701760979363,3.737888900188401,0.8110826768578485,0.6143141568722812,0.5843376108300414,1.0174352916416953,1.7272727272727273,0.308929646777944
84.0,399.0,0.34523809523809523,0.07142857142857142,0.5833333333333334,0.19047619047619047,0.4523809523809524,0.30952380952380953,0.2619047619047619,1.7115384615384615,0.7231884320808969,1.7160033436347992,3.4125084474643463,0.779445932571233,0.619948671724538,0.617137844774861,1.0539470851426078,1.7184579439252337,0.3168181123101512
85.0,399.0,0.38823529411764707,0.047058823529411764,0.5647058823529412,0.16470588235294117,0.4235294117647059,0.3411764705882353,0.2235294117647059,1.719298245614035,0.773544392597022,1.7558748556724915,4.028848675952674,0.8126097395854333,0.6383782304664252,0.6050097458066462,1.0684155832729625,1.696551724137931,0.3098167204179414
83.0,399.0,0.3373493975903614,0.07228915662650602,0.5903614457831325,0.14457831325301204,0.43373493975903615,0.3373493975903614,0.2289156626506024,1.8793103448275863,0.8998554700109629,1.7634279935629373,4.228103351742257,0.8049359186910251,0.6101350936944915,0.5867005835516922,1.0303490287707138,1.7415730337078652,0.33723737100101625
83.0,399.0,0.3493975903614458,0.08433734939759036,0.5662650602409638,0.20481927710843373,0.42168674698795183,0.3253012048192771,0.27710843373493976,1.7818181818181817,0.8754027452150046,1.7403626894942439,3.6876769210857065,0.7787338526531851,0.6138363958592723,0.610309084178199,1.0475036011956367,1.7474518686296716,0.3349490382970541
84.0,399.0,0.38095238095238093,0.047619047619047616,0.5714285714285714,0.17857142857142858,0.42857142857142855,0.34523809523809523,0.25,1.736842105263158,0.7446551404479047,1.7558748556724915,3.6673488097073577,0.7963487363255405,0.6234261056346189,0.5798244112587588,1.013327161939072,1.7371937639198218,0.3187758802453628
84.0,399.0,0.34523809523809523,0.07142857142857142,0.5833333333333334,0.15476190476190477,0.42857142857142855,0.3333333333333333,0.25,1.8333333333333333,0.8060505654884772,1.7781512503836436,3.4774449538404455,0.7960796136326674,0.613451076759279,0.5933575394210462,1.005148202972194,1.7251396648044692,0.29755758914206504
84.0,399.0,0.36904761904761907,0.047619047619047616,0.5833333333333333,0.17857142857142858,0.44047619047619047,0.34523809523809523,0.25,1.901639344262295,0.8699601146563536,1.7853298350107671,4.217585844111972,0.803923933401159,0.6204133280851263,0.5950366528398832,1.0349996862449324,1.7633333333333334,0.3063656020621965
84.0,399.0,0.36904761904761907,0.05952380952380952,0.5714285714285714,0.17857142857142858,0.4166666666666667,0.34523809523809523,0.27380952380952384,1.8644067796610169,0.8993796160389378,1.7708520116421442,3.5565218536039476,0.7931536285593985,0.6077388639308233,0.5864975987661277,1.009193899509519,1.7541528239202657,0.3087152515326131
84.0,399.0,0.38095238095238093,0.05952380952380952,0.5595238095238095,0.17857142857142858,0.44047619047619047,0.32142857142857145,0.25,1.6785714285714286,0.6903791542503124,1.7481880270062005,4.056407761276317,0.796726522680446,0.6335168947024964,0.6036936851682716,1.0451160258699128,1.6990740740740742,0.31804267312425494
83.0,399.0,0.3614457831325301,0.04819277108433735,0.5903614457831324,0.20481927710843373,0.43373493975903615,0.3253012048192771,0.27710843373493976,1.803921568627451,0.9169429173757166,1.7075701760979363,3.780614521427688,0.8049559702558027,0.6189734270842351,0.5906542347865231,1.0186639219747953,1.7036613272311212,0.3174604422590174
85.0,399.0,0.36470588235294116,0.047058823529411764,0.588235294117647,0.18823529411764706,0.4235294117647059,0.3411764705882353,0.24705882352941178,1.8644067796610169,0.8191169997403231,1.7708520116421442,3.771894764642935,0.816201946077434,0.6177435311050204,0.590071864797312,1.0038908427314015,1.7444690265486726,0.2879703522432731
84.0,399.0,0.40476190476190477,0.05952380952380952,0.5357142857142857,0.14285714285714285,0.4642857142857143,0.30952380952380953,0.25,1.8,0.8596412337989946,1.7781512503836436,4.081506546222958,0.811406154761418,0.6208218839329512,0.5941930725568068,1.0375517985941702,1.7307692307692308,0.2736344137197213
85.0,399.0,0.3411764705882353,0.047058823529411764,0.611764705882353,0.17647058823529413,0.4470588235294118,0.35294117647058826,0.24705882352941178,1.7818181818181817,0.7376365935253917,1.7403626894942439,3.629784727860768,0.8041125430167618,0.624827850692321,0.5780318818119455,1.0028704665282293,1.7433333333333334,0.30362840367428906
84.0,399.0,0.32142857142857145,0.047619047619047616,0.6309523809523809,0.19047619047619047,0.4523809523809524,0.34523809523809523,0.25,1.74,0.750781905341195,1.6989700043360187,3.472859672787543,0.7869861507911837,0.6019251283577663,0.5712988887135811,0.9679579806467122,1.7533482142857142,0.30870313096638985
85.0,399.0,0.3764705882352941,0.058823529411764705,0.5647058823529412,0.15294117647058825,0.4235294117647059,0.35294117647058826,0.24705882352941178,1.8166666666666667,0.8334463200240207,1.7781512503836436,3.729022026228117,0.7992711808315524,0.6248188407264623,0.5767763200864382,1.0185416924471646,1.7341490545050056,0.2996538103079638
85.0,399.0,0.35294117647058826,0.058823529411764705,0.588235294117647,0.16470588235294117,0.4470588235294118,0.3176470588235294,0.24705882352941178,1.7818181818181817,0.8094559007252063,1.7403626894942439,3.492003886863478,0.8025813398316773,0.6203997670705673,0.5933886487179736,1.0264499690628615,1.736842105263158,0.3100065284412398
84.0,399.0,0.36904761904761907,0.047619047619047616,0.5833333333333333,0.16666666666666666,0.44047619047619047,0.3333333333333333,0.2261904761904762,1.7358490566037736,0.7377445721257567,1.724275869600789,3.7264297645265403,0.8162212398734809,0.6085029285055257,0.5854452932401785,0.9917472865977313,1.694508009153318,0.299642835563119
85.0,399.0,0.35294117647058826,0.047058823529411764,0.5999999999999999,0.17647058823529413,0.47058823529411764,0.32941176470588235,0.24705882352941178,1.7719298245614035,0.779595679540938,1.7558748556724915,3.767465937704744,0.8074443287527149,0.624127298441353,0.5790401259951715,1.0101147517250764,1.7402015677491602,0.30166222120419894
83.0,399.0,0.3493975903614458,0.07228915662650602,0.5783132530120482,0.18072289156626506,0.4457831325301205,0.3493975903614458,0.2289156626506024,1.8983050847457628,0.8846373746506937,1.7708520116421442,3.598587555205689,0.8060256455013286,0.6110523098786976,0.601656082967795,1.023718597617063,1.754208754208754,0.31141407327568044
82.0,399.0,0.3170731707317073,0.04878048780487805,0.6341463414634145,0.14634146341463414,0.43902439024390244,0.36585365853658536,0.2804878048780488,1.9148936170212767,0.9742285071218184,1.6720978579357175,3.685951889115084,0.7901646565173522,0.5961229807773589,0.5663221542840525,0.9793824123714526,1.7433333333333334,0.3261626705914254
84.0,399.0,0.34523809523809523,0.05952380952380952,0.5952380952380952,0.17857142857142858,0.4642857142857143,0.34523809523809523,0.25,1.8524590163934427,0.792381759292209,1.7853298350107671,3.3820569661802438,0.8098028623928952,0.6208777838794527,0.6101058522739441,1.0369474550202107,1.7648376259798433,0.31927079645364326
