Top,Bas,Int,Can,Herb,Omn,Loop,ChLen,ChSD,ChNum,TL,MxSim,VulSD,GenSD,LinkSD,Path,Clust,network
-1.0,0.5999999917200001,0.11695906366912895,0.17647058035640134,-0.939759037136159,0.5909090914223141,-0.11764706168858138,-1.0,-1.0,-1.0,0.8065387599678179,-0.19208424491616566,-0.39171808882112075,-0.2809641308966805,-0.32088789069257384,0.26016603905610763,0.01461490257507295,fezouata
-1.0,0.19999998344000008,0.14035087712927047,0.2941176420449826,-0.903614457921469,0.5909090914223141,-0.1764705925328721,-1.0,-1.0,-1.0,0.7244502201274712,-0.20166194574122842,-0.3546484696412557,-0.34029158348433153,-0.3691795842159502,0.22922501859275585,-0.08357959124961682,fezouata
-1.0,0.2999999855100002,0.1345029237642352,0.41176470373356394,-0.8795180717783423,0.6000000007527274,0.8235294074671281,-1.0,-1.0,-1.0,0.7294897711953449,-0.21899133223454276,-0.37342867945300295,-0.271007023570476,-0.30388930275918025,0.28993332352855106,0.02309172886748113,fezouata
-1.0,0.89999999793,0.0994152035740227,0.11764706168858122,-0.9518072302077225,0.6000000007527274,0.3529411728892733,0.32701421842173356,0.49185824698733516,-0.3979082265850225,0.7289759932067713,-0.19708329520026546,-0.35821892838962244,-0.2868317986071534,-0.2838645136137669,0.2544722703046947,0.02337033375478485,fezouata
-0.42307692522041423,0.39999998757999994,0.0409356723447215,0.17647058035640134,-0.9277108440645957,0.6181818194135539,0.7058823457785467,0.2606635074376137,-0.126311266317049,0.0771946994013223,0.6437016799770329,-0.2198874054145429,-0.47573329789877805,-0.2970084174333949,-0.35065504851176754,0.2850323117426349,0.04757554628697141,fezouata
-0.49757281752436516,0.5072815458114078,0.0459887578154802,0.3595088445255147,-0.9031465680906398,0.5894969110763718,0.47772700703668486,0.20193694644600255,0.10341519107995853,0.03906781123418404,0.681570270798824,-0.19372961126756555,-0.37333717129179905,-0.31218587038578316,-0.36264168198158764,0.25248832947388955,0.03180736116185821,fezouata
-1.0,0.19999998344000008,0.14035087712927047,0.5294117654221453,-0.9518072302077225,0.5818181820919008,0.17647058035640134,-1.0,-1.0,-1.0,1.0867213722098648,-0.208218629047341,-0.5522795568098533,-0.3335448165825257,-0.36855057554486587,0.28554319198846434,0.11889538674385204,fezouata
-1.0,0.2999999855100002,0.1345029237642352,0.11764706168858122,-0.939759037136159,0.6363636361925621,0.0,-1.0,-1.0,-1.0,1.0661226029375839,-0.24116914860429592,-0.32262470223003464,-0.3026332800566567,-0.2997547989848539,0.31815001357261447,-0.04097990179132509,fezouata
-1.0,1.2999999855100002,0.07602339132440744,0.23529411120069205,-0.939759037136159,0.5181818186608266,0.7058823457785467,-1.0,-1.0,-1.0,0.5582338866279806,-0.21336008724360234,-0.4250125602932771,-0.2362421123468929,-0.23663453801353315,0.3243595321015525,0.0043179585707911455,fezouata
-1.0,1.19999998344,0.08187134468944286,0.6470588149342559,-0.939759037136159,0.5636363634310744,0.8823529383114186,0.28931495050195416,-0.017400811082521356,-0.3679301062818446,0.864619075445206,-0.24060534714244572,-0.28618271519727945,-0.30669356993519226,-0.2687996101169559,0.43024482721961543,-0.0020183983283287785,fezouata
-1.0,0.21170730307795133,0.1396662385507195,0.12855093278826896,-0.9635027925447199,0.633968958573553,-0.3466284034879062,0.2606635074376137,0.21988191546354738,-0.49187540920142825,0.8724333367631846,-0.21443772801078226,-0.4284082602235284,-0.23850016315241593,-0.2813154504538006,0.2532173493695728,-0.0291515144452996,fezouata
-1.0,0.2999999855100002,0.1345029237642352,0.23529411120069205,-0.939759037136159,0.5909090914223141,0.23529411120069205,-1.0,-1.0,-1.0,1.1702842770043576,-0.21215836309579175,-0.44356721659606646,-0.20159230169139764,-0.23549347662318493,0.31683448478324056,-0.011799800039867426,fezouata
-1.0,0.9999999793000002,0.09356725141951369,0.11764706168858122,-0.8795180717783423,0.5090909093304133,1.0,0.2606635074376137,-0.34366987714222297,-0.3874195490474939,0.6578635267636314,-0.20919076213534843,-0.4063334784144455,-0.2769318930452043,-0.2913861009791553,0.3435225673475604,-0.019460075028814208,fezouata
-1.0,1.39999998758,0.07017543795937217,0.0,-0.9759036138568733,0.5454545466520662,-0.2352941233771626,0.13459715669385233,-0.17413603986314055,-0.34179017874252726,0.6238293164575551,-0.20144055086718915,-0.2277035643656376,-0.22941465166633254,-0.2601754498651103,0.3176109033171397,-0.11044610083594689,fezouata
-1.0,0.6999999937900001,0.11111111030409353,0.5294117654221453,-0.7951807227713746,0.5272727279912397,0.5882352962664359,0.40073723034616376,0.30836347550491094,-0.4089641287708005,0.5015550453999695,-0.195808471905105,-0.3743582183212203,-0.31048243285688365,-0.3177703366342326,0.2889254296746394,-0.005917229745811895,fezouata
-1.0,0.19999998344000008,0.14035087712927047,0.41176470373356394,-0.9518072302077225,0.6181818194135539,0.6470588149342559,-1.0,-1.0,-1.0,0.7118440923246966,-0.18016871747274693,-0.43475983758601844,-0.2738284642458351,-0.330111397039361,0.23680227749101265,0.055093877734455,fezouata
-1.0,0.39999998757999994,0.1286549703991998,0.7058823457785467,-0.9518072302077225,0.6363636361925621,0.8235294074671281,-1.0,-1.0,-1.0,0.9594882011008095,-0.20349673553575726,-0.3649248211308105,-0.2620130697591803,-0.29571059093098406,0.29497654031145504,0.097216818106052,fezouata
-1.0,0.5072815458114078,0.12238119503441092,0.004854369168475045,-0.951573282798332,0.6534421900166437,-0.17247287459827998,-1.0,-1.0,-1.0,0.9688236189156979,-0.2309388615537117,-0.35239208672235905,-0.3700886427646665,-0.36279150005928157,0.2813033137961738,-0.08742900162000965,fezouata
-1.0,1.19999998344,0.08187134468944286,0.47058823457785465,-0.903614457921469,0.4909090906695868,0.41176470373356394,-1.0,-1.0,-1.0,0.5266934372776931,-0.1955622275180054,-0.31254779154802975,-0.2988925573847213,-0.3268195902707057,0.25734047198109933,0.009369723564429564,fezouata
-1.0,1.612621340553107,0.057741440650781205,0.06396345042406022,-0.9394666034979149,0.5072815543206973,0.3595088445255147,0.19062664598333864,-0.14296046421043712,-0.3260528483401727,0.4279049887454758,-0.21361228794611922,-0.4412374699465206,-0.2676671965969408,-0.29511746148738555,0.263520138254682,0.046643310140645225,fezouata
-1.0,0.5999999917200001,0.11695906366912895,0.058823530844290525,-0.903614457921469,0.5909090914223141,-0.05882353084429069,-1.0,-1.0,-1.0,0.653385603863009,-0.2329385340759685,-0.31285571476624874,-0.29386514671675057,-0.3228021537952132,0.2916695155814113,-0.1524322466171288,fezouata
-0.9615384606198225,1.09999998137,0.08187134468944286,0.41176470373356394,-0.9879518069284366,0.6090909100831406,1.0,0.11058451851697691,-0.11711428940408018,-0.3774427227047541,0.7580426252811236,-0.19780373101292617,-0.36537235578456984,-0.31143810845998143,-0.32493035609860277,0.27907285519385777,0.07674122907200037,fezouata
-1.0,0.9092232968811166,0.09887582936380877,0.3595088445255147,-0.9394666034979149,0.5620917915305408,0.714163332059025,0.32701421842173356,-0.07180903758864805,-0.3979082265850225,0.9844084419501773,-0.230051691314682,-0.4452309646139866,-0.28214304360003545,-0.30527824943262294,0.3057660518144204,0.04482925188441063,fezouata
-1.0,0.5999999917200001,0.11695906366912895,-0.1764705925328721,-0.939759037136159,0.5181818186608266,-0.35294117288927346,-1.0,-1.0,-1.0,0.9671990268574149,-0.23594528383827312,-0.3800605394732208,-0.23443156985351904,-0.23041130109834704,0.30759452463680154,0.011601192656956265,fezouata
-1.0,1.19999998344,0.08187134468944286,0.17647058035640134,-0.8674698787067789,0.5090909093304133,0.23529411120069205,-1.0,-1.0,-1.0,0.4635366769415445,-0.1839377016379399,-0.2224763389438888,-0.2934154468002382,-0.2954767031748885,0.2574252661076286,0.009875012369934525,fezouata
-1.0,1.2999999855100002,0.07602339132440744,-0.2352941233771626,-0.96385542078531,0.43636363656892563,1.4117647037335639,-1.0,-1.0,-1.0,0.5932103364056527,-0.20812090219933405,-0.43460549511608254,-0.17114743316225192,-0.17642377987622657,0.44125812758811483,0.062402095178293454,fezouata
-1.0,0.6999999937900001,0.11111111030409353,0.47058823457785465,-0.9518072302077225,0.5454545466520662,1.4117647037335639,-1.0,-1.0,-1.0,0.7405425821135155,-0.18095997776830816,-0.533579376345188,-0.19570408148916701,-0.21122668285707705,0.3228621650779503,0.2061140808383347,fezouata
-1.0,1.09999998137,0.08771929805447828,0.3529411728892733,-0.843373495057628,0.4909090906695868,0.23529411120069205,-1.0,-1.0,-1.0,0.5857585574577896,-0.1976564280054729,-0.49387280706932274,-0.32376039317967387,-0.3892639869426604,0.2234467966518964,-0.098256376411963,fezouata
-1.0,0.9999999793000002,0.09356725141951369,0.23529411120069205,-0.8915662648499056,0.5454545466520662,0.23529411120069205,-1.0,-1.0,-1.0,0.6501706846463567,-0.20414733523549064,-0.30322961745294275,-0.288609468307051,-0.2851265193254743,0.28929992530634413,-0.028315664885999875,fezouata
-0.8461538504408284,1.4999999896500003,0.0409356723447215,-0.05882353084429069,-0.939759037136159,0.5545454559824794,-0.2352941233771626,0.21756390058277725,-0.26165144729730144,-0.02620982460610577,0.4093589536126846,-0.21290750404299313,-0.32092145728850846,-0.28077505127963076,-0.31152234311915783,0.2568807909835898,-0.24936460659207924,fezouata
-1.0,1.2999999855100002,0.07602339132440744,0.5882352962664359,-0.843373495057628,0.5181818186608266,0.7058823457785467,-1.0,-1.0,-1.0,0.5259280101721674,-0.24141029348075185,-0.46551221649076113,-0.3309684756283132,-0.32765356330493006,0.30632905980320724,-0.017521442613118002,fezouata
-1.0,0.7999999958599999,0.10526315693905812,0.7058823457785467,-0.96385542078531,0.6090909100831406,0.5294117654221453,-1.0,-1.0,-1.0,0.9588794862733955,-0.20995577354254052,-0.49212221836722375,-0.2919172174683791,-0.3189250051662667,0.3089031131208862,0.050214198108470914,fezouata
-1.0,0.10533979474169904,0.14588656070501307,0.18218161293523022,-0.951573282798332,0.6077669907735923,0.41861792578109985,-1.0,-1.0,-1.0,1.0517964239169337,-0.20181184525857876,-0.3336195625716925,-0.20220941321548494,-0.22032997467498036,0.2681114813595456,0.08892867247577262,fezouata
-1.0,0.6999999937900001,0.11111111030409353,0.5294117654221453,-0.9156626509930325,0.5818181820919008,0.41176470373356394,0.14942849222378468,-0.20507833553250085,-0.42065213160526965,0.7899442020134129,-0.18954988598461908,-0.339627523984843,-0.2395003348111314,-0.2729998488752718,0.25553286688357035,0.056479561029430296,fezouata
-0.8846153818594675,0.49999998965,0.10526315693905812,-0.35294117288927346,-0.903614457921469,0.6000000007527274,-0.11764706168858138,0.24490521359464357,-0.6801442632693059,-0.24568177923874107,0.6294235758688119,-0.2053507512465341,-0.3225337394173763,-0.3831366041945158,-0.391608755163099,0.24824100725574272,-0.14636165553883587,fezouata
-1.0,0.7999999958599999,0.10526315693905812,0.41176470373356394,-0.9277108440645957,0.6272727287439669,1.529411765422145,-1.0,-1.0,-1.0,0.7088586530224424,-0.1699973020435479,-0.24610015349000403,-0.2917329268184953,-0.30175363081516104,0.327919979976318,0.07357563302918926,fezouata
-1.0,0.7999999958599999,0.10526315693905812,0.0,-0.9879518069284366,0.5818181820919008,0.0,-1.0,-1.0,-1.0,0.784541402587307,-0.2093428373714191,-0.42765690460903,-0.25235930693380304,-0.24999186529573136,0.30586847616079793,-0.00023113809396923775,fezouata
-0.9615384606198225,0.5999999917200001,0.11111111030409353,0.5294117654221453,-0.939759037136159,0.5454545466520662,1.9999999999999996,-0.36966824628119316,-1.0,-1.0,0.8453904119535418,-0.21962178941089117,-0.3108506072613919,-0.17558413967594486,-0.15242863123609973,0.4401821699771881,0.18922495986982735,fezouata
-0.5000000039807693,0.6999999937900001,0.035087718979686086,0.17647058035640134,-0.9518072302077225,0.5909090914223141,0.23529411120069205,0.5368088471020116,0.7005689446674067,0.09339995796815646,0.7482532115367884,-0.21108266862371894,-0.27267733730662663,-0.32115668579024853,-0.31450810926684225,0.28101927617815137,-0.1343359678757229,fezouata
-1.0,0.6999999937900001,0.11111111030409353,0.2941176420449826,-0.9277108440645957,0.5818181820919008,0.47058823457785465,-1.0,-1.0,-1.0,0.6370852170386395,-0.20711614637831066,-0.4362572631291122,-0.30581470987422504,-0.32208353492564834,0.2984753190954343,0.04267467125621052,fezouata
-1.0,1.09999998137,0.08771929805447828,0.2941176420449826,-0.903614457921469,0.5000000000000001,0.0,0.2306477094013536,0.19271291649502895,-0.3774427227047541,0.5244221433907718,-0.19909656678001092,-0.35793355213232153,-0.28098195882863236,-0.3082867397618135,0.27502923799222695,-0.0673265957410662,fezouata
-1.0,1.09999998137,0.08771929805447828,0.7647058766228372,-0.9518072302077225,0.5727272727614876,1.4705882345778547,-1.0,-1.0,-1.0,0.5566314473082412,-0.19020659422396796,-0.44192048919327725,-0.2877532505846021,-0.3283921910987033,0.35213314296757336,0.1551869798427259,fezouata
-1.0,0.6999999937900001,0.11111111030409353,-0.05882353084429069,-0.939759037136159,0.5909090914223141,0.47058823457785465,-1.0,-1.0,-1.0,0.6279113922579553,-0.2002738861268835,-0.5158675794023233,-0.2628567725684959,-0.28571372993745314,0.2796415466317614,0.06190013431465517,fezouata
-1.0,0.2999999855100002,0.1345029237642352,0.7647058766228372,-0.96385542078531,0.6363636361925621,0.8823529383114186,-1.0,-1.0,-1.0,1.170795845934241,-0.21165021153890082,-0.48304331760239766,-0.2912758240364037,-0.2923652262487406,0.31357804309965787,0.1364899076609708,fezouata
-0.9230769212396449,0.2999999855100002,0.12280701703416437,-0.05882353084429069,-0.939759037136159,0.6818181828446281,-0.41176470373356405,0.35763762349132733,-0.1269993246336423,-0.25085887531632906,0.8119252168048998,-0.22876403443228727,-0.27211254829980414,-0.2992166604364515,-0.30209238867673477,0.31086779380107626,-0.16681371738806125,fezouata
-1.0,1.09999998137,0.08771929805447828,0.0,-0.8674698787067789,0.43636363656892563,0.5882352962664359,-1.0,-1.0,-1.0,0.5235689663988538,-0.17953643360601862,-0.52366899788745,-0.2353007820218026,-0.2509088964945219,0.2714054938904743,0.15175955186651813,fezouata
-0.7307692323002959,0.2999999855100002,0.09356725141951369,0.23529411120069205,-0.9518072302077225,0.6636363641838018,0.7058823457785467,0.4518877476343783,0.3434112071723994,-0.08214398342713611,0.7583592586731116,-0.20214891530092294,-0.4575916294129398,-0.36932596699025355,-0.37519843765060984,0.28435941232644296,-0.09788484295158391,fezouata
-1.0,-0.30000000621000006,0.16959064274392113,0.47058823457785465,-0.9518072302077225,0.6545454548533886,0.9411764691557092,-1.0,-1.0,-1.0,1.1766746623162483,-0.19575890553150008,-0.3559359867757703,-0.28090383061343,-0.31485839623968953,0.3301481526234391,0.10644907451221548,fezouata
-1.0,0.49999998965,0.12280701703416437,0.5294117654221453,-0.9518072302077225,0.6090909100831406,1.1764705803564013,-1.0,-1.0,-1.0,0.6924686748120383,-0.20399853608163104,-0.39113401169732004,-0.3403268666610161,-0.3495587660608191,0.29582128319567186,0.08991643671217578,fezouata
-0.6923076929201184,0.49999998965,0.07602339132440744,0.058823530844290525,-0.9518072302077225,0.5636363634310744,0.058823530844290525,0.3841305521949156,0.6423892684094987,-0.06454307087827325,0.7702968155012956,-0.2159884750624524,-0.2510378297445289,-0.34932534232577134,-0.3331981200486809,0.303411085504555,-0.1172404827865886,fezouata
-0.8840552637452677,0.5072815458114078,0.10475217078145921,0.595945169547855,-0.8910398887902228,0.5894969110763718,1.4234722949495748,0.18736911732372175,-0.09431004172306481,-0.23089333338231982,0.6569801033253103,-0.1930702314935361,-0.3846630162506956,-0.3551497172642756,-0.3881742846977623,0.2616871654819923,0.1302863321525886,fezouata
-1.0,0.9092232968811166,0.09887582936380877,0.004854369168475045,-0.9273599241974979,0.5986319509249819,-0.34980011836503516,-1.0,-1.0,-1.0,0.5376472056442538,-0.19884225885966306,-0.24600737137693482,-0.2671249812122076,-0.30012925496732484,0.2377132047864389,-0.17486531582915427,fezouata
-0.9230769212396449,0.49999998965,0.11111111030409353,0.47058823457785465,-0.9277108440645957,0.5909090914223141,1.4117647037335639,0.5859960253233637,0.7221564959426726,-0.29780326214414704,0.8469210220856283,-0.20100441114194575,-0.40704529957122737,-0.2656174525074532,-0.24782195749882618,0.3409809477658127,0.23831203895216058,fezouata
-1.0,0.49999998965,0.12280701703416437,0.8235294074671281,-0.96385542078531,0.6636363641838018,1.2352941112006919,-1.0,-1.0,-1.0,0.6890398296438808,-0.20695741568282627,-0.4878299698439255,-0.3302874018192568,-0.36382434020149845,0.236816865126853,0.12721055564278674,fezouata
-1.0,0.7999999958599999,0.10526315693905812,0.23529411120069205,-0.903614457921469,0.5363636373216529,0.9411764691557092,-1.0,-1.0,-1.0,0.5805450291265581,-0.2001241866756224,-0.3960446104030102,-0.22505084557101535,-0.23469313441168774,0.295118486112423,0.09863072069836105,fezouata
-1.0,0.7999999958599999,0.10526315693905812,0.11764706168858122,-0.903614457921469,0.5727272727614876,0.11764706168858122,-1.0,-1.0,-1.0,0.5682153168410423,-0.19269795416875155,-0.42855900162675264,-0.263774477322234,-0.3070746403182571,0.271982998691698,-0.014542633255987336,fezouata
-1.0,0.5999999917200001,0.11695906366912895,0.5882352962664359,-0.939759037136159,0.6454545455229753,0.7058823457785467,-1.0,-1.0,-1.0,0.6899705636529155,-0.19411770686118718,-0.4409575140563422,-0.28460666511405763,-0.30134483702350245,0.26508525744116157,0.1932210693439885,fezouata
-1.0,0.7082524213462621,0.11062851219910978,-0.11336379334269496,-0.8426131715885546,0.5164165941693076,0.30039977544640023,-1.0,-1.0,-1.0,0.5362901554128437,-0.2044231404745887,-0.4386486231248568,-0.3120082944656921,-0.34688945080912104,0.288030312637789,-0.08775378209727355,fezouata
-1.0,0.49999998965,0.12280701703416437,0.9411764691557092,-0.939759037136159,0.6181818194135539,1.0588235308442906,-1.0,-1.0,-1.0,1.1244254855027063,-0.22455807548339146,-0.5432146938023242,-0.27422675494961213,-0.2976834453688428,0.3092985107108799,0.12190605107169998,fezouata
-0.9615384606198225,0.6999999937900001,0.10526315693905812,0.5294117654221453,-0.903614457921469,0.6000000007527274,0.47058823457785465,0.328199052388867,0.4915717635425603,-0.318616233326629,0.6646516953434499,-0.22056837492915732,-0.35003225758725603,-0.304520475279997,-0.3301039341063828,0.28369457313796587,-0.041411335032812926,fezouata
-1.0,0.5999999917200001,0.11695906366912895,0.0,-0.939759037136159,0.6272727287439669,-0.5294117654221453,-1.0,-1.0,-1.0,0.6624858550940633,-0.20526849255170804,-0.2993305232810719,-0.3317703675107461,-0.3652198912285367,0.25891796271238066,-0.21814505386955996,fezouata
-1.0,0.8087378591136895,0.10475217078145921,0.53683608829227,-0.9273599241974979,0.6077669907735923,0.53683608829227,0.295681938479917,-0.5231872205593129,-0.4089641287708005,0.5733826022926801,-0.2108617880500068,-0.34600727842481427,-0.2910572410744893,-0.3283845376684244,0.26638092105632655,0.017705964141036198,fezouata
-1.0,0.0,0.15204678264881502,0.3529411728892733,-0.9277108440645957,0.6181818194135539,0.47058823457785465,-1.0,-1.0,-1.0,0.8504481236488656,-0.21190450749877604,-0.4614812451179852,-0.3096251606712794,-0.3441742377817651,0.2603004360349849,0.050143007435938775,fezouata
-0.6538461535399409,0.49999998965,0.07017543795937217,0.47058823457785465,-0.9518072302077225,0.5545454559824794,0.5294117654221453,0.29044296006148973,0.29602559684477486,-0.009439416394716108,1.325504621827207,-0.20097212438948173,-0.30448553528226147,-0.2582632512295546,-0.2506126946566649,0.33011174361701284,0.16440772328317568,fezouata
-1.0,0.6999999937900001,0.11111111030409353,0.41176470373356394,-0.9518072302077225,0.6363636361925621,0.6470588149342559,-1.0,-1.0,-1.0,0.6858034240695347,-0.22425657479961664,-0.4267133588939595,-0.3052328929745527,-0.3446739631792356,0.28175931365128665,0.050718982488087615,fezouata
-1.0,0.30631067027655356,0.13413387786971193,0.77327241331461,-0.9757866413991659,0.662577229865254,0.9505996570813651,-1.0,-1.0,-1.0,1.1787727272291166,-0.20221133700807617,-0.37636688494290044,-0.26771026931809416,-0.287070954785765,0.34029552240503363,0.14790967196762544,fezouata
-1.0,0.7999999958599999,0.10526315693905812,0.5882352962664359,-0.9518072302077225,0.48181818322099174,0.9411764691557092,-1.0,-1.0,-1.0,0.7058003732306526,-0.2034550608995195,-0.4560822636069546,-0.349511982304302,-0.3808094055096142,0.3009815601670615,-0.058232345816445444,fezouata
-1.0,0.4067961080439807,0.12825753645206137,0.53683608829227,-0.9394666034979149,0.6351721103194232,0.9505996570813651,-1.0,-1.0,-1.0,0.7762799388024639,-0.21019093383337092,-0.47885853806878714,-0.3500754752037107,-0.3873397173656214,0.2645121554790694,0.026761966527865257,fezouata
-0.9230769212396449,0.6999999937900001,0.0994152035740227,0.41176470373356394,-0.9759036138568733,0.6000000007527274,0.5294117654221453,0.050552923074788716,-0.02282458232718701,-0.3774427227047541,0.8536262783171181,-0.20166345928468607,-0.44242631211262995,-0.2615590273369827,-0.28735706026669333,0.2592500473079895,0.09170495325252123,fezouata
-1.0,0.6999999937900001,0.11111111030409353,0.2941176420449826,-0.9518072302077225,0.6090909100831406,0.17647058035640134,-1.0,-1.0,-1.0,0.8054510708365078,-0.21460328596156145,-0.49886312601765603,-0.21062703994976129,-0.24487328600506605,0.3360361528117705,0.010358338028115994,fezouata
-1.0,0.7999999958599999,0.10526315693905812,0.5294117654221453,-0.9277108440645957,0.6000000007527274,1.1176470495121105,-1.0,-1.0,-1.0,0.6872287394417937,-0.20708994315720097,-0.5051401495974077,-0.17722357930471427,-0.20329633523828716,0.33092607253805745,0.24646660689674615,fezouata
-0.6153846141597633,0.6999999937900001,0.052631577864265915,0.8235294074671281,-0.9518072302077225,0.6000000007527274,1.0588235308442906,0.4647015317846377,0.6603923669507711,0.05376762660608079,0.9197143784498274,-0.21245841330041967,-0.28824746661148243,-0.2951156140941886,-0.2617067865630561,0.30639552576696666,0.07478748608708546,fezouata
-1.0,0.39999998757999994,0.1286549703991998,0.11764706168858122,-0.9156626509930325,0.5727272727614876,0.7058823457785467,-1.0,-1.0,-1.0,0.8374381468248714,-0.18497888579693747,-0.37043100668486706,-0.2919503866308725,-0.2865270809681288,0.2847917394108274,0.011653018451362893,fezouata
-1.0,1.4999999896500003,0.06432748459433675,0.3529411728892733,-0.8915662648499056,0.5090909093304133,1.4117647037335639,-1.0,-1.0,-1.0,0.3782156479034936,-0.19938600478338445,-0.41617452916234904,-0.33618059542430784,-0.34631243985190274,0.312726382266682,0.039727022094517006,fezouata
-1.0,0.19999998344000008,0.14035087712927047,0.5294117654221453,-0.9156626509930325,0.6000000007527274,0.6470588149342559,-1.0,-1.0,-1.0,1.1179938138017653,-0.2056506601001206,-0.5443325964997398,-0.20969542620373632,-0.2237484138534054,0.31913139467784324,0.2229340510452921,fezouata
-1.0,0.39999998757999994,0.1286549703991998,0.6470588149342559,-0.9518072302077225,0.6454545455229753,0.7647058766228372,-1.0,-1.0,-1.0,0.9168781870546497,-0.2101599920904306,-0.4782775100394859,-0.2086295534770195,-0.2496486253814738,0.3017546839073483,0.2779391339609638,fezouata
-0.3043315904331447,0.5072815458114078,0.01660705072722749,0.18218161293523022,-0.9031465680906398,0.525551634017918,0.47772700703668486,0.3217529287805518,0.6027725691263116,0.10931753024457146,0.8235207387415613,-0.21196098702561622,-0.328576773144881,-0.2660586874634106,-0.29915105937822734,0.2980121958909426,-0.010012949056700297,fezouata
-0.8840552637452677,0.607766983578835,0.09887582936380877,0.41861792578109985,-0.9031465680906398,0.5803618712277615,1.3643632136939898,0.29141139798591276,0.10349946495827755,-0.240632525424124,0.9078638281579344,-0.23017613350949442,-0.44882262792685174,-0.27265787277042175,-0.2761007263706341,0.4060457984458257,0.10697401054744389,fezouata
-1.0,0.6999999937900001,0.11111111030409353,0.5294117654221453,-0.8915662648499056,0.5909090914223141,0.7058823457785467,-1.0,-1.0,-1.0,0.7166949489496847,-0.20753237844036068,-0.3161453366767866,-0.3220960636413415,-0.30115979304357177,0.30409859561175867,0.08816807120354024,fezouata
-1.0,0.607766983578835,0.11650485361676036,0.12307253167964523,-0.963679962098749,0.5803618712277615,1.068817819592535,-1.0,-1.0,-1.0,0.588711864772769,-0.1730838292462458,-0.4650302233157474,-0.27312765963766056,-0.33567182408638935,0.31565472789934035,-0.059107223346043174,fezouata
-1.0,0.6999999937900001,0.11111111030409353,0.11764706168858122,-0.939759037136159,0.6181818194135539,-0.05882353084429069,0.3307003688918887,-0.34581826325901727,-0.4089641287708005,0.5815303343352044,-0.19755286444677606,-0.3313527981594314,-0.3261482256313803,-0.3423339573913105,0.20807374726761205,-0.16921298581443686,fezouata
-1.0,0.7999999958599999,0.10526315693905812,0.2941176420449826,-0.9277108440645957,0.6181818194135539,0.23529411120069205,0.40073723034616376,-0.1345989050416104,-0.4089641287708005,0.7446356702793444,-0.21124456775715983,-0.35668779721537136,-0.35603891716962327,-0.3837947168785319,0.2783708545619911,-0.06525515972720296,fezouata
-1.0,1.39999998758,0.07017543795937217,0.2941176420449826,-0.9277108440645957,0.4909090906695868,1.4705882345778547,-1.0,-1.0,-1.0,0.5556104703499323,-0.20674622200470585,-0.4734115504305294,-0.20741423444744272,-0.23430943796861017,0.3839382873307475,0.19689723956041683,fezouata
-1.0,1.4999999896500003,0.06432748459433675,0.6470588149342559,-0.8674698787067789,0.5090909093304133,0.9411764691557092,-1.0,-1.0,-1.0,0.47329757584184473,-0.1848422189116842,-0.42699291736414524,-0.2869619758360165,-0.3000253158838647,0.312018749885174,0.13123568705421707,fezouata
-1.0,0.5999999917200001,0.11695906366912895,0.5294117654221453,-0.8915662648499056,0.5727272727614876,0.7058823457785467,-1.0,-1.0,-1.0,0.7016911758531575,-0.2407635015606079,-0.4339640062585612,-0.2763532077357478,-0.3102382853326173,0.28325654164521774,0.019517604959995015,fezouata
-1.0,0.6999999937900001,0.11111111030409353,0.17647058035640134,-0.9277108440645957,0.5818181820919008,0.0,-1.0,-1.0,-1.0,0.5916811438249224,-0.205636246643171,-0.2820903380198564,-0.27159897171144376,-0.2859866830554625,0.24423020664561984,-0.03997239515050279,fezouata
-0.6908140446155856,0.7082524213462621,0.06361778206843177,0.3595088445255147,-0.9273599241974979,0.5986319509249819,0.9505996570813651,0.42684187910178334,0.41532638667807653,-0.03882519588852957,0.8134044197087094,-0.22720318513042717,-0.4169621824695123,-0.356319611700112,-0.309569011971544,0.3022606338396659,0.03183115166334304,fezouata
-1.0,0.5072815458114078,0.12238119503441092,0.595945169547855,-0.963679962098749,0.5803618712277615,0.8323814945701951,-1.0,-1.0,-1.0,0.7181417766104551,-0.1950162667321984,-0.43928559464179473,-0.25269352977909837,-0.30243708817594295,0.3132477742734717,-0.0023776574254268483,fezouata
-1.0,0.6999999937900001,0.11111111030409353,0.41176470373356394,-0.9759036138568733,0.6454545455229753,1.8235294074671278,-1.0,-1.0,-1.0,0.6495580192794781,-0.18409151766645,-0.5097478568635639,-0.28918686638283636,-0.34116266193291794,0.4066599791345527,0.026619721599865295,fezouata
-1.0,0.39999998757999994,0.1286549703991998,0.0,-0.9518072302077225,0.6181818194135539,-0.11764706168858138,-1.0,-1.0,-1.0,1.2513936679414108,-0.21305698494379807,-0.3321096801197169,-0.28537006463941816,-0.26675273942865524,0.3322336948008603,-0.05755963203089542,fezouata
-1.0,0.39999998757999994,0.1286549703991998,0.3529411728892733,-0.8915662648499056,0.6090909100831406,0.47058823457785465,-1.0,-1.0,-1.0,0.9160618705139959,-0.2232474392709443,-0.4282789750841311,-0.29834413478623767,-0.3153631403019581,0.2446861813496365,0.11007871381981912,fezouata
-1.0,1.1204877855614148,0.08652118084464556,0.18794835286690845,-0.8661769018406799,0.4870953433682695,0.24734576076907755,-1.0,-1.0,-1.0,0.498397946967121,-0.21269992895152998,-0.27473669264048456,-0.28645611208279376,-0.2864050124443905,0.28181908103973785,-0.004576878158493245,fezouata
-1.0,0.49999998965,0.12280701703416437,0.058823530844290525,-0.9156626509930325,0.5727272727614876,0.17647058035640134,-1.0,-1.0,-1.0,0.8356547540286682,-0.20553838605533262,-0.34877619845305113,-0.2642712274101859,-0.24680110124664967,0.2848057632429261,0.024368903491662305,fezouata
-1.0,0.7999999958599999,0.10526315693905812,0.3529411728892733,-0.8795180717783423,0.6000000007527274,0.2941176420449826,-1.0,-1.0,-1.0,0.5522440867587085,-0.21715320981738648,-0.3653893057472577,-0.32622463668704105,-0.36051158409590467,0.2897836898758214,-0.06799494735305413,fezouata
-1.0,0.9999999793000002,0.09356725141951369,0.23529411120069205,-0.903614457921469,0.5818181820919008,0.17647058035640134,-1.0,-1.0,-1.0,0.5213525330665391,-0.18520803649388135,-0.3570020791534732,-0.2848566441122425,-0.34688683884965515,0.23257588587545874,-0.025023194628576165,fezouata
-1.0,0.9999999793000002,0.09356725141951369,0.7647058766228372,-0.8915662648499056,0.5454545466520662,1.9999999999999996,-1.0,-1.0,-1.0,0.4375394543304893,-0.17310055542369432,-0.48712982400337324,-0.23647223334895676,-0.26476981546447353,0.4185114453755927,0.26028773347308615,fezouata
-1.0,0.7999999958599999,0.10526315693905812,0.7058823457785467,-0.939759037136159,0.6090909100831406,0.3529411728892733,0.7509215382478704,-0.1345989050416104,-0.4089641287708005,0.7214215471552533,-0.2536472934227653,-0.5145944731583211,-0.33381913981513023,-0.3171948724614335,0.29941983567993763,0.09134945990089091,fezouata
-1.0,0.004854356974271914,0.15176290212266363,0.06396345042406022,-0.9757866413991659,0.6808473076806564,0.004854369168475045,-1.0,-1.0,-1.0,1.1466872520203766,-0.23533559547915445,-0.4117287418406557,-0.35434328826474276,-0.37880404579293775,0.3202298688077109,-0.17299688109666306,fezouata
-1.0,0.39999998757999994,0.1286549703991998,0.41176470373356394,-0.903614457921469,0.5818181820919008,1.0588235308442906,0.2606635074376137,-1.0,-0.46035400313538194,0.7073912531681948,-0.2139589339778535,-0.3157434147987429,-0.34834322119376304,-0.3450317721123938,0.33085592263733493,-0.08160161678712603,fezouata
-1.0,0.6999999937900001,0.11111111030409353,0.23529411120069205,-0.939759037136159,0.6000000007527274,1.529411765422145,-1.0,-1.0,-1.0,0.6424706247066138,-0.19422250669783755,-0.4235349682157069,-0.3143561959622215,-0.35348202174414806,0.5456916734834464,0.03374070186446242,fezouata
-1.0,0.89999999793,0.0994152035740227,0.0,-0.96385542078531,0.6090909100831406,0.11764706168858122,-1.0,-1.0,-1.0,0.6779768390276429,-0.1969637720216903,-0.3024133322431956,-0.21304392419697146,-0.23310241219259353,0.2766988942171712,0.09167244474889209,fezouata
-1.0,0.6999999937900001,0.11111111030409353,0.2941176420449826,-0.9277108440645957,0.5909090914223141,0.7647058766228372,-1.0,-1.0,-1.0,0.5045554381403109,-0.2055578946736633,-0.3803714080151634,-0.3287125820839625,-0.35016054837475913,0.2689560453915222,-0.11019622284435514,fezouata
-1.0,0.2999999855100002,0.1345029237642352,0.5882352962664359,-0.96385542078531,0.5454545466520662,0.3529411728892733,-1.0,-1.0,-1.0,0.770763697812235,-0.2211028873679348,-0.4242717407243626,-0.29278771814230375,-0.3121844003888255,0.266486974845625,-0.033594170902657046,fezouata
-0.6135175537790976,0.8087378591136895,0.0459887578154802,0.06396345042406022,-0.8668265301893887,0.5620917915305408,-0.17247287459827998,0.32152312495110774,0.10091460614026723,0.01766430398233274,0.7199156243962198,-0.22723948516514836,-0.38171107990005093,-0.2968440839932944,-0.30258180575549154,0.30116366598100847,-0.10213827942353555,fezouata
-1.0,0.6999999937900001,0.11111111030409353,0.41176470373356394,-0.903614457921469,0.5454545466520662,1.0,-1.0,-1.0,-1.0,0.5468130737799708,-0.20666794288535031,-0.3863993221198354,-0.3511188467805824,-0.38522008341616537,0.27688486002575513,-0.09200195540854204,fezouata
-1.0,0.5999999917200001,0.11695906366912895,0.23529411120069205,-0.9156626509930325,0.5363636373216529,0.23529411120069205,0.07527181520445472,0.18922386181556794,-0.42065213160526965,0.7157887245023832,-0.22827617327371696,-0.3253659529952254,-0.23807134135198932,-0.2215282013538544,0.30778771928964016,-0.008361826707354027,fezouata
-1.0,0.39999998757999994,0.1286549703991998,0.5294117654221453,-0.9156626509930325,0.6272727287439669,2.352941172889273,-1.0,-1.0,-1.0,0.73171327705523,-0.19089196410522957,-0.4235539207335801,-0.3486427828557188,-0.35041162515840274,0.45736630089942015,0.11292370120953692,fezouata
-1.0,1.1101941724159707,0.08712314652850764,0.41861792578109985,-0.9152532448970809,0.5529567516819307,0.65505425080344,-1.0,-1.0,-1.0,0.5197702670996077,-0.19932343737592711,-0.3175781130265153,-0.24516037758150533,-0.2920767180870709,0.23914583358686747,0.07668048540858809,fezouata
-1.0,0.7999999958599999,0.10526315693905812,0.11764706168858122,-0.96385542078531,0.6363636361925621,0.2941176420449826,0.43575566138846705,0.35357931920684876,-0.4089641287708005,0.8303664749710128,-0.23024611314809437,-0.3943839644689217,-0.2809171812108734,-0.27293710550381894,0.33982485037845134,-0.04422901680227726,fezouata
-1.0,0.5999999917200001,0.11695906366912895,0.8235294074671281,-0.9156626509930325,0.5909090914223141,1.8823529383114186,-1.0,-1.0,-1.0,0.7527415520404382,-0.18207154061076847,-0.4471576523227319,-0.2966828490721891,-0.32077448040529816,0.34056380845037143,0.20161164198199366,fezouata
-1.0,0.5999999917200001,0.11695906366912895,0.5882352962664359,-0.9518072302077225,0.6000000007527274,0.6470588149342559,-1.0,-1.0,-1.0,0.7457588340037841,-0.19666768943206014,-0.47013497714308466,-0.2867284306906297,-0.3131027690933107,0.28834257327904134,0.17344628332073642,fezouata
-1.0,0.49999998965,0.12280701703416437,0.17647058035640134,-0.8795180717783423,0.5818181820919008,0.7647058766228372,-1.0,-1.0,-1.0,0.6793108009530787,-0.22072602265820218,-0.5642296227275891,-0.28832343913425296,-0.3352046321398726,0.3018975651893692,0.12682781377572067,fezouata
-1.0,0.5999999917200001,0.11695906366912895,0.11764706168858122,-0.903614457921469,0.5272727279912397,-0.11764706168858138,-1.0,-1.0,-1.0,0.7458983249262789,-0.23913420138602517,-0.44021144633563547,-0.2487351463235211,-0.295001275573949,0.3207510386464837,-0.09472954481086888,fezouata
-0.9615384606198225,0.6999999937900001,0.10526315693905812,0.17647058035640134,-0.8674698787067789,0.45454545522975215,0.3529411728892733,-0.36966824628119316,-1.0,-1.0,0.5997813562037919,-0.23675041936951152,-0.3795658884714402,-0.2940725770454349,-0.3113067055410663,0.3165490512793749,-0.09317281672491474,fezouata
-1.0,0.0,0.15204678264881502,0.5294117654221453,-0.9759036138568733,0.6545454548533886,0.47058823457785465,-1.0,-1.0,-1.0,1.3766539294340225,-0.21132194440448251,-0.52993803111746,-0.36163074291527475,-0.40626750634138353,0.239087808610475,-0.020089446257851966,fezouata
-0.7294622820722912,0.10533979474169904,0.10475217078145921,-0.17247287459827998,-0.8547198508889717,0.5529567516819307,-0.88178183748883,0.15382761724388871,0.07258488768543961,-0.16620729159490286,0.7350252046949203,-0.2107187647171578,-0.21622838001293518,-0.17856447611952272,-0.19449482199963766,0.23205991392991648,-0.09099300528483192,fezouata
-1.0,0.7999999958599999,0.10526315693905812,0.2941176420449826,-0.8795180717783423,0.5454545466520662,0.5294117654221453,-1.0,-1.0,-1.0,0.6605050999647276,-0.20995405884567797,-0.3303354228491649,-0.34448247670169063,-0.36825982031996796,0.2669636852312384,0.05113223101767899,fezouata
-1.0,0.89999999793,0.0994152035740227,0.47058823457785465,-0.96385542078531,0.5909090914223141,1.1176470495121105,-1.0,-1.0,-1.0,0.8315819594029286,-0.21515422012939073,-0.4878791903100192,-0.3272581047052531,-0.35727173211214625,0.270252913464742,0.13063695255978902,fezouata
-1.0,1.2999999855100002,0.07602339132440744,0.3529411728892733,-0.939759037136159,0.5818181820919008,0.5882352962664359,0.39769214933115193,0.2132340094432583,-0.3588404153508385,0.6726971965786136,-0.20343336786394298,-0.368775403568908,-0.29260831567324846,-0.31708936781213026,0.27243198348687453,-0.024284851545224494,fezouata
-1.0,0.39999998757999994,0.1286549703991998,-0.1764705925328721,-0.903614457921469,0.5727272727614876,0.058823530844290525,0.5758293842970171,0.049654776393649916,-0.46035400313538194,0.7676170013416032,-0.22354553448193948,-0.31382015594137896,-0.3001978263189666,-0.2891515555700339,0.3209719952191204,-0.21401572202857003,fezouata
-1.0,0.39999998757999994,0.1286549703991998,0.23529411120069205,-0.8915662648499056,0.5909090914223141,0.47058823457785465,-1.0,-1.0,-1.0,0.8074607334765432,-0.20690971188101934,-0.4127636941540432,-0.34549612869879265,-0.3840806694250077,0.29004152005152395,-0.054600086032214515,fezouata
-1.0,0.6999999937900001,0.11111111030409353,0.8823529383114186,-0.9759036138568733,0.6363636361925621,1.2941176420449827,-1.0,-1.0,-1.0,0.8818251322913031,-0.18516265411109872,-0.334248435552335,-0.37656845495625635,-0.3928317934446034,0.33537261519252576,-0.03282375077429778,fezouata
-1.0,0.6999999937900001,0.11111111030409353,0.2941176420449826,-0.8915662648499056,0.5363636373216529,1.2941176420449827,-1.0,-1.0,-1.0,0.6711153409771591,-0.2112803339198713,-0.4656681994221112,-0.21113773337319097,-0.23225333084429392,0.4007432822440118,0.08324317090704457,fezouata
-1.0,0.9999999793000002,0.09356725141951369,0.11764706168858122,-0.8915662648499056,0.5363636373216529,-0.1764705925328721,0.1661137443797927,-0.2588989470021487,-0.3874195490474939,0.5928173676261721,-0.2100984608948375,-0.39197215721455364,-0.28509304610231845,-0.31345493689161835,0.2749702565755342,0.003805480903255893,fezouata
-1.0,1.2999999855100002,0.07602339132440744,0.3529411728892733,-0.939759037136159,0.5727272727614876,0.7058823457785467,0.1784463219232916,-0.3033983363042949,-0.3588404153508385,0.7645196598602645,-0.20338184540938953,-0.39510622452417793,-0.32629649281802153,-0.3477033947961829,0.3166237437475415,0.10076084460220504,fezouata
-1.0,0.00975609624829261,0.1514762507017769,0.306743180847717,-0.9513370558949679,0.633968958573553,0.42553802100499616,-1.0,-1.0,-1.0,0.8643720992262061,-0.21183371237339937,-0.46368044813149034,-0.2501246959920079,-0.28308382616248257,0.3549989315360186,0.03200279605490617,fezouata
-1.0,0.2999999855100002,0.1345029237642352,0.17647058035640134,-0.9156626509930325,0.6272727287439669,0.41176470373356394,-1.0,-1.0,-1.0,0.9203623677641344,-0.2224201910002683,-0.39192617572140026,-0.3323178170521562,-0.34430397180955485,0.25156164222207983,0.0742261711105948,fezouata
-1.0,0.19999998344000008,0.14035087712927047,0.23529411120069205,-0.8795180717783423,0.5727272727614876,1.4117647037335639,-1.0,-1.0,-1.0,0.7090525801396574,-0.20582433921188031,-0.44974619224784573,-0.2573132854999252,-0.2759536101349351,0.30430908304057047,0.06972624169373544,fezouata
-1.0,1.19999998344,0.08187134468944286,0.23529411120069205,-0.939759037136159,0.5272727279912397,-0.05882353084429069,-1.0,-1.0,-1.0,0.6056276129458359,-0.2163776971151416,-0.296336356640427,-0.26834537667417724,-0.2647773441324357,0.32805642746818325,-0.05238587211205438,fezouata
-1.0,0.4067961080439807,0.12825753645206137,0.595945169547855,-0.9757866413991659,0.5986319509249819,1.00970873833695,-1.0,-1.0,-1.0,0.7011061634393324,-0.19788444463213925,-0.4188335647704981,-0.2676549882285851,-0.2733228518051727,0.28663111383616113,0.10805452886997978,fezouata
-0.6538461535399409,0.89999999793,0.04678362570975678,0.23529411120069205,-0.9277108440645957,0.5909090914223141,0.3529411728892733,0.2961196685842965,0.22698798622752142,0.03779376132045002,0.5608269276287393,-0.19609843073269992,-0.40681353306305057,-0.254977904004409,-0.301022991834238,0.23595298086108674,-0.046552840247213935,fezouata
-1.0,1.09999998137,0.08771929805447828,0.17647058035640134,-0.8915662648499056,0.5090909093304133,0.3529411728892733,-1.0,-1.0,-1.0,0.5364144080698593,-0.19666565071511827,-0.510863308804358,-0.2562698019896905,-0.2922168047040739,0.2743675301152363,0.07909455032768602,fezouata
-1.0,0.89999999793,0.0994152035740227,-0.47058823457785476,-0.9518072302077225,0.6181818194135539,-0.2352941233771626,-1.0,-1.0,-1.0,0.6501308981287184,-0.21337203684317066,-0.254040141287135,-0.30977119173460643,-0.3168103107313219,0.2854388163362008,-0.2758066877945397,fezouata
-1.0,0.19999998344000008,0.14035087712927047,-0.2352941233771626,-0.939759037136159,0.6363636361925621,0.2941176420449826,0.4707740918004388,-0.003970586464324559,-0.49187540920142825,0.7615844678967049,-0.23967841050623578,-0.2957945495486257,-0.35307199110608023,-0.36249776932021044,0.32333400802779266,-0.2840294420637569,fezouata
-1.0,0.49999998965,0.12280701703416437,0.23529411120069205,-0.939759037136159,0.5727272727614876,0.8235294074671281,-1.0,-1.0,-1.0,0.7710439119884562,-0.19660533078921755,-0.44430080532900296,-0.3012781155540127,-0.3059813280153606,0.3069170840504485,0.14709135358731015,fezouata
-1.0,0.6999999937900001,0.11111111030409353,0.8823529383114186,-0.9879518069284366,0.6727272735142149,1.1176470495121105,-1.0,-1.0,-1.0,1.099962634638675,-0.18415164513747143,-0.5279007635036398,-0.3132358740143958,-0.33153430857657207,0.2515131942242361,0.2594258599794379,fezouata
-1.0,0.10000000206999991,0.1461988292837796,-0.11764706168858138,-0.9277108440645957,0.6363636361925621,0.11764706168858122,-1.0,-1.0,-1.0,0.8114781015972946,-0.20648012214556652,-0.35986411247810657,-0.31968505080779347,-0.33355927744143166,0.24540216459374978,-0.13531461754874882,fezouata
-1.0,0.19999998344000008,0.14035087712927047,0.11764706168858122,-0.9277108440645957,0.6272727287439669,-0.11764706168858138,-1.0,-1.0,-1.0,0.7870712954618685,-0.21592009269061907,-0.3352718781411566,-0.33044347508597705,-0.35871976917007437,0.2421775236768421,-0.05276565404607789,fezouata
-1.0,0.607766983578835,0.11650485361676036,0.30039977544640023,-0.963679962098749,0.6443071501680334,1.068817819592535,-1.0,-1.0,-1.0,0.901732909075469,-0.20583845474432755,-0.41071572490297553,-0.33228145397291536,-0.33403337156126733,0.2985280805062895,0.057611787764247836,fezouata
-1.0,0.5072815458114078,0.12238119503441092,0.12307253167964523,-0.9031465680906398,0.5438217137151384,0.24129069419081522,-1.0,-1.0,-1.0,0.6255171982325306,-0.19768415999246014,-0.35690018508312726,-0.30313627678942984,-0.34232780915801203,0.2777151536051611,-0.08368592993734436,fezouata
-1.0,0.49999998965,0.12280701703416437,-0.05882353084429069,-0.8915662648499056,0.5727272727614876,-0.2941176542214533,0.13459715669385233,-0.16242107056616029,-0.44624603889646164,0.7897520958158263,-0.20540098849392732,-0.35643478419280794,-0.2765699705085481,-0.3078314659703531,0.24830767931876332,-0.022054680001051808,fezouata
-1.0,0.39999998757999994,0.1286549703991998,0.6470588149342559,-0.939759037136159,0.6454545455229753,1.2941176420449827,-1.0,-1.0,-1.0,0.7855954586251298,-0.22267107605078545,-0.5236621423925762,-0.29896774098930234,-0.320957984308461,0.3275254703597513,0.1032820635389252,fezouata
-1.0,0.49999998965,0.12280701703416437,0.47058823457785465,-0.9759036138568733,0.6363636361925621,0.8235294074671281,-1.0,-1.0,-1.0,0.8748755633062102,-0.19606853063820243,-0.37397250013943373,-0.32911714487196153,-0.3383054506079022,0.2754176554543622,0.06797266061176457,fezouata
-1.0,0.19999998344000008,0.14035087712927047,0.3529411728892733,-0.96385542078531,0.6636363641838018,0.7647058766228372,0.15560821494103522,-0.21256960947196726,-0.49187540920142825,0.9298923045774371,-0.21197361619749847,-0.3286773159872519,-0.3132778426655623,-0.3354591177519716,0.25264085340676623,0.02246022572525531,fezouata
-1.0,-0.20000000413999997,0.16374268937888586,0.6470588149342559,-0.96385542078531,0.6818181828446281,-0.05882353084429069,0.2606635074376137,-1.0,-0.5291573193270894,1.0901181578323962,-0.19605821744876614,-0.40896700186695334,-0.2732664302960518,-0.305118634159254,0.2506850342961641,-0.0034378559503884312,fezouata
-1.0,1.1101941724159707,0.08712314652850764,0.714163332059025,-0.9152532448970809,0.5438217137151384,1.3052541324384048,-1.0,-1.0,-1.0,0.5986349815164947,-0.20173183730725655,-0.5121239824262558,-0.28811832251905467,-0.30223178574717097,0.2689245694931739,0.19184230207691522,fezouata
-1.0,0.2999999855100002,0.1345029237642352,0.23529411120069205,-0.843373495057628,0.5454545466520662,0.6470588149342559,-1.0,-1.0,-1.0,0.8983605350538045,-0.20727572191809576,-0.3320720201596326,-0.23043867276312577,-0.21593682788620006,0.33573666263965257,0.015136063347363933,fezouata
-1.0,0.39999998757999994,0.1286549703991998,0.17647058035640134,-0.939759037136159,0.6363636361925621,0.3529411728892733,0.30268562456231124,-0.4776777685992479,-0.44624603889646164,0.7059001509003587,-0.20527248843691398,-0.3806058217820692,-0.29708522025582507,-0.33584287590544226,0.25705160325666715,-0.08808743285619511,fezouata
-1.0,0.6999999937900001,0.11111111030409353,0.7058823457785467,-0.8192771089145015,0.5272727279912397,0.6470588149342559,-1.0,-1.0,-1.0,0.5973658787396103,-0.2187713399977595,-0.3426496336667512,-0.3188112328360284,-0.31092455319934736,0.24682939988131022,0.13506449527543765,fezouata
-1.0,0.6999999937900001,0.11111111030409353,0.5294117654221453,-0.9879518069284366,0.6181818194135539,0.5294117654221453,-1.0,-1.0,-1.0,0.7073985524875187,-0.22842218020085306,-0.4790793114983886,-0.31104139372707246,-0.34015929521107346,0.300809101894461,-0.006893236734781753,fezouata
-1.0,0.39999998757999994,0.1286549703991998,0.47058823457785465,-0.9156626509930325,0.6181818194135539,0.8235294074671281,0.17661927381855005,0.0446444607785588,-0.44624603889646164,0.9234398124880518,-0.21214412904593294,-0.5019626464904721,-0.2899846459861596,-0.29887573845926413,0.2904697510004232,0.05795997169923311,fezouata
-1.0,0.8087378591136895,0.10475217078145921,0.24129069419081522,-0.8668265301893887,0.5438217137151384,0.004854369168475045,-1.0,-1.0,-1.0,0.5336543429692332,-0.20401285602943034,-0.4345030866076349,-0.2580418317744716,-0.2735814009125065,0.2360755610165635,0.04982700523812662,fezouata
-1.0,1.2999999855100002,0.07602339132440744,0.5294117654221453,-0.9156626509930325,0.5181818186608266,0.5882352962664359,-1.0,-1.0,-1.0,0.4599284473171816,-0.20812811436438744,-0.43499521399246205,-0.2828228238155706,-0.31938288823413247,0.2829972212670609,-0.0032405905306893486,fezouata
-1.0,0.4067961080439807,0.12825753645206137,0.24129069419081522,-0.9878933206995829,0.7082524272264874,0.18218161293523022,0.17061611395916526,-0.2653946830309617,-0.46035400313538194,0.9939172212744082,-0.23540654826530796,-0.26705776120499125,-0.24488150705604075,-0.2553293783043995,0.2663756197641448,0.013171990735453968,fezouata
-1.0,0.39999998757999994,0.1286549703991998,0.6470588149342559,-0.8554216881291915,0.5545454559824794,0.5882352962664359,-1.0,-1.0,-1.0,0.7102005835292533,-0.19049711736841235,-0.5278267197432254,-0.21753741654071987,-0.2494592106958729,0.2606514566115235,0.2127583691210546,fezouata
-1.0,0.2058252325091263,0.1400102192873625,0.41861792578109985,-0.9273599241974979,0.6077669907735923,2.1327812578401244,-1.0,-1.0,-1.0,0.7884630464778866,-0.24153719083442007,-0.3699770316193374,-0.3560337504273581,-0.3466761099308783,0.3834598303412262,-0.010405490744953911,fezouata
-1.0,0.5072815458114078,0.12238119503441092,-0.29069103710945005,-0.963679962098749,0.5894969110763718,-0.46801828087620523,-1.0,-1.0,-1.0,0.8386710156061139,-0.20682350079361544,-0.41214492668065905,-0.25176955039719834,-0.3020264068511727,0.2723320316329894,-0.03169488687873513,fezouata
-1.0,1.39999998758,0.07017543795937217,0.7058823457785467,-0.9277108440645957,0.5545454559824794,1.0,-1.0,-1.0,-1.0,0.6574612549946753,-0.2034975499352183,-0.45406720956283647,-0.2881932733531201,-0.3133528826582094,0.258942187409944,0.15863493700083917,fezouata
-1.0,0.39999998757999994,0.1286549703991998,0.5294117654221453,-0.9518072302077225,0.5909090914223141,0.9411764691557092,-1.0,-1.0,-1.0,0.9419849128766127,-0.20682339858593943,-0.452944606270063,-0.24322786715384737,-0.2586848956878437,0.32615777819670033,0.12728267268235882,fezouata
-1.0,0.9999999793000002,0.09356725141951369,0.0,-0.8554216881291915,0.5545454559824794,-0.11764706168858138,-1.0,-1.0,-1.0,0.44800976441972906,-0.21228550727012438,-0.3540017988686076,-0.30225179207698644,-0.3379056973888376,0.23496163433260017,-0.06656231120810246,fezouata
-0.9615384606198225,0.5999999917200001,0.11111111030409353,0.6470588149342559,-0.9518072302077225,0.6090909100831406,0.9411764691557092,0.1865068304182837,-0.3281685732619321,-0.42065213160526965,0.7141277926671868,-0.2082010221441737,-0.3856872051059479,-0.3017212126740951,-0.31688841462454376,0.2849213339275989,0.04607733160405571,fezouata
-0.9615384606198225,0.9999999793000002,0.08771929805447828,0.23529411120069205,-0.939759037136159,0.5636363634310744,0.058823530844290525,0.3867298581813752,-0.16980076491162693,-0.3874195490474939,0.6369271147863903,-0.2129896670540374,-0.3858297110837683,-0.2219677212292479,-0.23709794282005395,0.30582787949684176,0.12254243984831534,fezouata
-1.0,0.9185365787317561,0.09833119299570295,0.42553802100499616,-0.8905083751401839,0.5421729493054781,0.9601147773598108,0.19431279645349378,-0.07180903758864805,-0.3979082265850225,0.7628955390842995,-0.203526623669782,-0.31355444755793815,-0.24224017224916397,-0.27951761608157927,0.360766967282886,0.08924992831679843,fezouata
-1.0,1.09999998137,0.08771929805447828,0.11764706168858122,-0.939759037136159,0.5181818186608266,0.23529411120069205,-1.0,-1.0,-1.0,0.8058555380813448,-0.20424049318291657,-0.32381301891859815,-0.1753937092267224,-0.20254227716317008,0.32847182087835813,0.14696575154113287,fezouata
-0.6923076929201184,0.7999999958599999,0.058479531229301336,0.2941176420449826,-0.9156626509930325,0.6181818194135539,-0.11764706168858138,0.44299087399698805,0.3927018938706697,-0.019335753122880227,0.6534631851645422,-0.23626381840984015,-0.4906033255208585,-0.29558087274811773,-0.3148876000124747,0.31201462370810157,-0.04150379407738842,fezouata
-1.0,0.5999999917200001,0.11695906366912895,0.23529411120069205,-0.9156626509930325,0.5545454559824794,1.0588235308442906,-1.0,-1.0,-1.0,0.6501520794906065,-0.21109317752998166,-0.38765919207019234,-0.3396143586565882,-0.38046557263897046,0.29465208278579197,-0.040924973301832215,fezouata
-0.9230769212396449,0.6999999937900001,0.0994152035740227,0.0,-0.9277108440645957,0.5454545466520662,0.8235294074671281,0.32369668280949443,-0.0276501706691183,-0.3045082686168662,0.770492519085309,-0.2039262100157455,-0.3957857398513324,-0.3315634485140143,-0.380384097480141,0.3014156743765646,-0.028290967052414264,fezouata
-1.0,0.7999999958599999,0.10526315693905812,0.5294117654221453,-0.9277108440645957,0.6090909100831406,1.4705882345778547,-1.0,-1.0,-1.0,0.6950475456500383,-0.2165817068984168,-0.42256337789648607,-0.31301706336984586,-0.32070395079206815,0.2912955781643154,0.07521974734842744,fezouata
-1.0,0.39999998757999994,0.1286549703991998,0.23529411120069205,-0.9277108440645957,0.6636363641838018,0.41176470373356394,-1.0,-1.0,-1.0,0.7846510360256613,-0.20402076407653308,-0.40811007163139906,-0.27436461360549136,-0.29600353016718683,0.28709831012096626,0.08362223903084895,fezouata
-1.0,0.49999998965,0.12280701703416437,0.47058823457785465,-0.903614457921469,0.6454545455229753,1.2352941112006919,-1.0,-1.0,-1.0,0.6841756503411057,-0.2115046743321481,-0.5349512017153725,-0.3024136006565757,-0.3623764520534319,0.28966865644651085,0.08678473872355372,fezouata
-1.0,0.6999999937900001,0.11111111030409353,0.5882352962664359,-0.903614457921469,0.5909090914223141,0.8823529383114186,-1.0,-1.0,-1.0,0.824841775183478,-0.2086558299927099,-0.5369626326138907,-0.2655112633614013,-0.29562513679332786,0.3276180131198584,0.10488420581727222,fezouata
-0.6908140446155856,0.9092232968811166,0.05186509923313077,0.3595088445255147,-0.8789332094898058,0.48901147462347666,1.2461450511828198,0.3189294679978252,0.14772772497048758,-0.022743905020247018,0.5757125516887681,-0.2022277576498123,-0.3882799510593176,-0.3409946153120299,-0.36206684564496217,0.3059093341166988,0.04414866080653008,fezouata
-0.4615384646005918,0.2999999855100002,0.052631577864265915,0.23529411120069205,-0.9518072302077225,0.6545454548533886,0.5294117654221453,0.3634349888577674,0.16898813160041662,0.06637289501710544,0.8899924087614111,-0.22455880072296489,-0.3984254498083929,-0.2765694820720562,-0.2876711192141807,0.32025804432331456,-0.005944173702220762,fezouata
-0.2692307676997042,0.7999999958599999,-0.005847953365035416,-0.05882353084429069,-0.9277108440645957,0.5636363634310744,0.23529411120069205,0.2910128140047664,0.0492996078870503,0.1447898323327378,0.6565401557249397,-0.24372942370560693,-0.2658188110014713,-0.3729332803574775,-0.38149204453692204,0.2597039225941087,-0.23259094839214609,fezouata
-1.0,1.19999998344,0.08187134468944286,0.2941176420449826,-0.9156626509930325,0.5818181820919008,0.3529411728892733,-1.0,-1.0,-1.0,0.5652501904240901,-0.20613951180329582,-0.42266652825558676,-0.2977687833102319,-0.3377976384658707,0.2471613349676246,0.042676730202131676,fezouata
-1.0,0.7999999958599999,0.10526315693905812,0.41176470373356394,-0.9518072302077225,0.6181818194135539,1.2941176420449827,-1.0,-1.0,-1.0,0.7308329834254204,-0.18490542239882737,-0.4929846661170098,-0.25520972435843414,-0.2909807629695121,0.2964529138547239,0.1706406792201815,fezouata
-1.0,0.49999998965,0.12280701703416437,0.5294117654221453,-0.9518072302077225,0.5545454559824794,1.0588235308442906,-1.0,-1.0,-1.0,1.1799548111217015,-0.1967938332759466,-0.5250837644878438,-0.28879200491026225,-0.3009257027164031,0.3215650133562557,0.11447394155372044,fezouata
-0.9615384606198225,0.2999999855100002,0.1286549703991998,0.058823530844290525,-0.939759037136159,0.6181818194135539,0.5882352962664359,0.06671527533018641,-0.028208511664137802,-0.47550792602655245,0.9019937389366143,-0.22904262211226753,-0.25280619415974503,-0.2536409566565464,-0.24487081222321955,0.27740322621593455,-0.08565028807334187,fezouata
-1.0,1.6999999937899999,0.052631577864265915,0.5294117654221453,-0.939759037136159,0.5545454559824794,1.0588235308442906,-1.0,-1.0,-1.0,0.5307630358272765,-0.1890562065997258,-0.45183906554230874,-0.28753706147028585,-0.30639459446899114,0.3714580443814415,0.1314794357953928,fezouata
-1.0,0.7999999958599999,0.10526315693905812,0.7058823457785467,-0.939759037136159,0.5727272727614876,1.1176470495121105,-1.0,-1.0,-1.0,0.877117241318354,-0.20444694833920626,-0.5247058821035796,-0.23798710640866905,-0.2489146647715638,0.27908410192574273,0.2733356227500683,fezouata
-1.0,0.7999999958599999,0.10526315693905812,0.3529411728892733,-0.8313253019860647,0.5545454559824794,1.0,-1.0,-1.0,-1.0,0.4801990723841101,-0.1855312671819666,-0.39856458875571976,-0.29793248076531686,-0.36643541962350284,0.28161067696006764,-0.014222056327792271,fezouata
-1.0,0.9999999793000002,0.09356725141951369,0.5294117654221453,-0.8313253019860647,0.5454545466520662,1.3529411728892733,-1.0,-1.0,-1.0,0.4932186794198006,-0.21870182681759578,-0.41563747344734914,-0.2516021591411439,-0.2837990187636984,0.3306688075633797,0.11357708501434982,fezouata
-1.0,0.10000000206999991,0.1461988292837796,0.2941176420449826,-0.9277108440645957,0.6363636361925621,0.5294117654221453,-1.0,-1.0,-1.0,1.1207214575601214,-0.21246520141234906,-0.4280680267599043,-0.24795188753006941,-0.26387356188674477,0.3150122347612633,0.1368027690938182,fezouata
-0.7692307716804734,0.19999998344000008,0.10526315693905812,0.11764706168858122,-0.939759037136159,0.6181818194135539,0.5294117654221453,0.33420221224825175,0.05947844153159776,-0.16277049880811323,0.8634928564119051,-0.2225696197099196,-0.2557541276079079,-0.37577218899726966,-0.3545993876850635,0.2609954844846559,-0.0797463003002194,fezouata
-1.0,0.4067961080439807,0.12825753645206137,-0.05425471208710996,-0.963679962098749,0.6443071501680334,0.47772700703668486,-1.0,-1.0,-1.0,0.9800337977912226,-0.20778474658949558,-0.4031942093186948,-0.23329031891080648,-0.2449363164640001,0.3045997577534436,0.06276066584509128,fezouata
-1.0,0.89999999793,0.0994152035740227,0.2941176420449826,-0.9156626509930325,0.5636363634310744,0.2941176420449826,-1.0,-1.0,-1.0,0.7073583609552073,-0.18602697549796035,-0.33965371617024964,-0.2904873132786949,-0.3308540252764456,0.2638774102759285,-0.008774056867699208,fezouata
-1.0,0.49999998965,0.12280701703416437,0.7058823457785467,-0.96385542078531,0.6454545455229753,0.8235294074671281,-1.0,-1.0,-1.0,0.752122264025092,-0.19416899336823312,-0.42479042238836734,-0.2515514380641954,-0.2783647089788101,0.2683885374524266,0.17531856311094202,fezouata
-1.0,0.49999998965,0.12280701703416437,0.11764706168858122,-0.8915662648499056,0.5909090914223141,0.17647058035640134,-1.0,-1.0,-1.0,0.5787241514814693,-0.19603288625484963,-0.48285522313563883,-0.32687229329944817,-0.3645773545660534,0.23951516905198628,-0.052391217757473935,fezouata
-1.0,0.10533979474169904,0.14588656070501307,0.595945169547855,-0.8426131715885546,0.5346866738665281,1.00970873833695,-1.0,-1.0,-1.0,0.7454438383693011,-0.19672484309463575,-0.5536118433065436,-0.26877246350748185,-0.2959074497681391,0.2610677107481043,0.1799562134852564,fezouata
-1.0,1.0097087346485436,0.09299948794615821,0.18218161293523022,-0.8910398887902228,0.5986319509249819,-0.05425471208710996,-1.0,-1.0,-1.0,0.488201290968877,-0.19103525165579424,-0.3938679278557571,-0.34387727081709174,-0.3698413959855755,0.2503207451190566,-0.11053327451241028,fezouata
-1.0,0.49999998965,0.12280701703416437,0.6470588149342559,-0.9277108440645957,0.6181818194135539,1.1176470495121105,-1.0,-1.0,-1.0,0.7570266369181796,-0.20907717352587635,-0.466983456472115,-0.24651388089128903,-0.2734319450479896,0.2679964262723465,0.15605357717378057,fezouata
-0.7307692323002959,1.7999999751599998,0.005847952154509001,0.2941176420449826,-0.9156626509930325,0.5272727279912397,1.4117647037335639,0.3793141904164089,0.2639658120302005,0.05019054906764079,0.480419416418745,-0.21810453277016753,-0.3087270465198273,-0.31712337821197634,-0.2799243559903709,0.42006597944374796,0.007546068526358388,fezouata
-1.0,1.39999998758,0.07017543795937217,0.17647058035640134,-0.9156626509930325,0.5272727279912397,0.17647058035640134,-1.0,-1.0,-1.0,0.5013803375461188,-0.20233844856293773,-0.36858580994562123,-0.2508010189929993,-0.2796587007971147,0.27203042387829324,0.0029504028828948,fezouata
-1.0,0.9999999793000002,0.09356725141951369,0.17647058035640134,-0.903614457921469,0.5545454559824794,0.6470588149342559,-1.0,-1.0,-1.0,0.7791888023426635,-0.1861758431527093,-0.4291002810331192,-0.27862112266885974,-0.2867967298970449,0.3309277611547157,0.18715641399422972,fezouata
-0.6908140446155856,0.607766983578835,0.06949412348608235,-0.23158195585386498,-0.9273599241974979,0.5986319509249819,-0.23158195585386498,0.3549187227702394,0.7084944782059293,-0.04447950185236115,0.6631518996661498,-0.2216473106893386,-0.3916205045498065,-0.2908202934092702,-0.3535169404359494,0.28937291169181334,-0.1439149012841868,fezouata
-1.0,0.6999999937900001,0.11111111030409353,0.23529411120069205,-0.8915662648499056,0.5090909093304133,0.17647058035640134,-1.0,-1.0,-1.0,0.5884522693008566,-0.2382878348433557,-0.5419959082476552,-0.21723054359502705,-0.2452201950046545,0.3367129003456928,0.031040497394635477,fezouata
-1.0,0.004854356974271914,0.15176290212266363,0.595945169547855,-0.9152532448970809,0.662577229865254,0.77327241331461,-1.0,-1.0,-1.0,0.8940826696449328,-0.20353568535884498,-0.40245887414567927,-0.304963101771168,-0.30438588897578267,0.3064352093063997,0.10306288890423038,fezouata
-1.0,0.6999999937900001,0.11111111030409353,0.23529411120069205,-0.903614457921469,0.5545454559824794,0.3529411728892733,-1.0,-1.0,-1.0,0.7491580682363673,-0.2080473953085959,-0.45639986400199534,-0.2551826962672495,-0.2941733219861157,0.29211802949217414,0.07896157224257667,fezouata
-1.0,1.39999998758,0.07017543795937217,0.3529411728892733,-0.96385542078531,0.5272727279912397,0.3529411728892733,-1.0,-1.0,-1.0,0.5754288035125632,-0.19046904831355752,-0.43385215240162084,-0.25846825718336014,-0.29351926560307084,0.2710986833520568,0.050703605429720175,fezouata
-1.0,0.89999999793,0.0994152035740227,0.5882352962664359,-0.8795180717783423,0.5363636373216529,0.5294117654221453,-1.0,-1.0,-1.0,0.6291712262081873,-0.21165941566632085,-0.4861053944882365,-0.2789275440651917,-0.2702618526390773,0.3037270789876796,0.17685187504921532,fezouata
-0.6923076929201184,1.19999998344,0.035087718979686086,0.17647058035640134,-0.939759037136159,0.5454545466520662,0.41176470373356394,0.28255002652388744,0.612211983896004,0.01624918159714353,0.8124419183902455,-0.22355279883814655,-0.27707130768494065,-0.27261863249497126,-0.2863290456089134,0.3217939547033186,-0.11528843391126067,fezouata
-1.0,0.7999999958599999,0.10526315693905812,0.058823530844290525,-0.843373495057628,0.5636363634310744,0.3529411728892733,0.1205897845290636,-0.1345989050416104,-0.4089641287708005,0.5963871068621711,-0.1897206554395594,-0.41164348200489237,-0.24288816211771921,-0.2600199571143087,0.24213589511929695,0.005086034229141539,fezouata
-1.0,0.89999999793,0.0994152035740227,0.11764706168858122,-0.8915662648499056,0.5818181820919008,0.6470588149342559,-1.0,-1.0,-1.0,0.5235752552394959,-0.19738246467917456,-0.44140681060540254,-0.2939805843568966,-0.3373704455863464,0.26190765606070626,-0.027222247219679807,fezouata
-1.0,0.7999999958599999,0.10526315693905812,0.2941176420449826,-0.9156626509930325,0.6090909100831406,1.2941176420449827,-1.0,-1.0,-1.0,0.5626697250466145,-0.22234264473169604,-0.4786372126669736,-0.3112413830310764,-0.34388773923246313,0.3155812294096053,0.05967402990248719,fezouata
-1.0,1.0097087346485436,0.09299948794615821,0.47772700703668486,-0.8789332094898058,0.5529567516819307,-0.05425471208710996,-1.0,-1.0,-1.0,0.5250024693238357,-0.1878250140217515,-0.4190892824569005,-0.3075565850654857,-0.3546304052067946,0.22648316903762786,-0.0019162156023222415,fezouata
-1.0,0.0,0.15204678264881502,0.8823529383114186,-0.9759036138568733,0.6909090921750414,1.1176470495121105,-1.0,-1.0,-1.0,1.064654872156713,-0.1901388109630867,-0.43496107340720186,-0.2944459663919188,-0.32575224194495483,0.2940160919047439,0.2095068906051544,fezouata
-0.42307692522041423,0.0,0.06432748459433675,0.11764706168858122,-0.939759037136159,0.7090909089540496,0.23529411120069205,0.25146158411767955,0.040374626084606346,0.006059239615221265,0.8574131856800097,-0.19695640328317587,-0.3807433798809807,-0.3256182809415344,-0.36581034566074594,0.2153791025545166,0.009455244373674097,fezouata
-1.0,0.6999999937900001,0.11111111030409353,0.3529411728892733,-0.939759037136159,0.5818181820919008,1.2352941112006919,-1.0,-1.0,-1.0,0.8197217747833366,-0.17264014898660704,-0.4321534667505662,-0.3105629231204332,-0.31463198751493576,0.3035781453737962,0.1601376280669518,fezouata
-1.0,0.607766983578835,0.11650485361676036,0.24129069419081522,-0.9273599241974979,0.5712268313791511,0.714163332059025,-1.0,-1.0,-1.0,0.8584356658025325,-0.19189618170498035,-0.5010827895371177,-0.3141084899744817,-0.33597851669107903,0.28019554424030724,0.0880846886524635,fezouata
-1.0,0.39999998757999994,0.1286549703991998,0.2941176420449826,-0.939759037136159,0.6636363641838018,-0.2352941233771626,-1.0,-1.0,-1.0,0.8485913338795518,-0.21824344822429328,-0.40829269936536955,-0.30429961294778746,-0.3519493180268413,0.24814300461181898,-0.05333029061945533,fezouata
-1.0,0.9999999793000002,0.09356725141951369,0.058823530844290525,-0.939759037136159,0.5727272727614876,-0.05882353084429069,-1.0,-1.0,-1.0,0.6623392545999727,-0.19391863784046312,-0.31697605706382354,-0.28985745788686895,-0.3286476359049564,0.2534434640128707,0.0026681623222077344,fezouata
-1.0,0.89999999793,0.0994152035740227,0.11764706168858122,-0.9156626509930325,0.5272727279912397,0.2941176420449826,-1.0,-1.0,-1.0,0.6362442534617601,-0.21237903381757336,-0.3468049621710151,-0.30669156658239377,-0.30651619077406905,0.26870730803576504,-0.1234390045186185,fezouata
-0.8454070183270236,1.2106796101833979,0.057741440650781205,0.30039977544640023,-0.951573282798332,0.5529567516819307,-0.23158195585386498,0.4371563984788795,0.17863164536747675,-0.11714112850314662,0.6782713414959024,-0.2205519031835832,-0.27244232740973173,-0.32627677855451404,-0.2724494404636151,0.2725776264989951,0.030021252541319047,fezouata
-1.0,0.5999999917200001,0.11695906366912895,0.0,-0.9277108440645957,0.6090909100831406,0.0,0.2606635074376137,-1.0,-0.43304891935246054,0.7864701791871804,-0.20228256053583962,-0.3941377892781213,-0.25819618406574013,-0.29915210577185003,0.27903601931743643,-0.023535912345729396,fezouata
-1.0,0.5999999917200001,0.11695906366912895,-0.2941176542214533,-0.939759037136159,0.5000000000000001,-0.2941176542214533,0.1424763036153374,0.10029133669284788,-0.43304891935246054,0.8690473457695348,-0.23391964404241397,-0.35371412199112695,-0.21470905762036324,-0.23054681443860664,0.30933555827569487,-0.051178790478912516,fezouata
-0.8846153818594675,0.9999999793000002,0.07602339132440744,0.058823530844290525,-0.7831325296998114,0.45454545522975215,-0.1764705925328721,0.16368939138390004,0.22721961751044376,-0.19203238546736134,0.4218936889357005,-0.2081115588955042,-0.3617874110774699,-0.17526125008362406,-0.22946739502334693,0.21187681379532378,-0.05872780307586407,fezouata
-1.0,0.9092232968811166,0.09887582936380877,0.3595088445255147,-0.963679962098749,0.5620917915305408,1.00970873833695,-1.0,-1.0,-1.0,0.6841032440898636,-0.1955771520133352,-0.526416209952531,-0.20855686420566882,-0.24516020847793826,0.2798592007257288,0.22025922649437146,fezouata
-1.0,0.9092232968811166,0.09887582936380877,0.53683608829227,-0.8426131715885546,0.48901147462347666,1.83723586373867,-1.0,-1.0,-1.0,0.5353778952590706,-0.1968122382688394,-0.43617486692518503,-0.2619129873412462,-0.273827656236304,0.4061319961432557,0.08417501683711752,fezouata
-1.0,0.6999999937900001,0.11111111030409353,0.5294117654221453,-0.8313253019860647,0.5363636373216529,0.17647058035640134,0.3348201844569435,-0.3281685732619321,-0.42065213160526965,0.6250701727537856,-0.20514379918696837,-0.348329445391944,-0.29770647204236267,-0.3506356902297478,0.23752761484701607,-0.008056826704387765,fezouata
-1.0,1.39999998758,0.07017543795937217,0.5882352962664359,-0.9759036138568733,0.5727272727614876,0.8235294074671281,-1.0,-1.0,-1.0,0.7649788415416093,-0.18161384267709565,-0.4620627831696104,-0.26446554118391247,-0.26624922018353725,0.2754116939459032,0.26628331102856184,fezouata
-1.0,0.39999998757999994,0.1286549703991998,0.41176470373356394,-0.9518072302077225,0.6181818194135539,1.4117647037335639,-1.0,-1.0,-1.0,0.8480781893438057,-0.20570715919864346,-0.4095662780975852,-0.2710794597197905,-0.2657122029271904,0.2954000239909321,0.16884378730659716,fezouata
-1.0,1.09999998137,0.08771929805447828,0.5882352962664359,-0.9277108440645957,0.5818181820919008,0.6470588149342559,-1.0,-1.0,-1.0,0.6706748340120112,-0.20574098885208914,-0.43132938769318474,-0.31192570799553176,-0.3104372476892601,0.28734380787579467,0.031340541968435436,fezouata
-1.0,0.7999999958599999,0.10526315693905812,0.47058823457785465,-0.9277108440645957,0.5909090914223141,0.47058823457785465,-1.0,-1.0,-1.0,0.7731051728392977,-0.2121211083978839,-0.3770550176602295,-0.3032254075453988,-0.284007359758567,0.2984621161671724,0.12008255148563211,fezouata
-0.7692307716804734,0.49999998965,0.08771929805447828,0.41176470373356394,-0.9156626509930325,0.6090909100831406,0.47058823457785465,0.45841464573560564,-0.05670533956149374,-0.05426531061545082,0.8394615737897918,-0.22942726547853434,-0.2993811435486954,-0.3564340813710646,-0.3133479216792136,0.26997110940379726,-0.05658514149208029,fezouata
-0.8840552637452677,1.0097087346485436,0.07537046490373292,0.18218161293523022,-0.963679962098749,0.5346866738665281,0.18218161293523022,0.24854174308848243,-0.2515708519224897,-0.19203238546736134,0.6212651405726677,-0.20357378381373784,-0.4812983192748624,-0.2589064126998729,-0.30385596975617646,0.255970516918025,0.01169429888946388,fezouata
-1.0,0.89999999793,0.0994152035740227,0.23529411120069205,-0.96385542078531,0.6090909100831406,0.2941176420449826,-1.0,-1.0,-1.0,0.9726345254559783,-0.1979067889698215,-0.4507381017681368,-0.30590117585297943,-0.33283181386269434,0.257481946199012,0.1038479786257175,fezouata
-1.0,0.39999998757999994,0.1286549703991998,0.5294117654221453,-0.8554216881291915,0.5909090914223141,0.23529411120069205,-1.0,-1.0,-1.0,0.7048144144007655,-0.2106764181198161,-0.37580368561604865,-0.2667149705765666,-0.2949912637334284,0.2823582262272909,0.07039677915123933,fezouata
-1.0,0.39999998757999994,0.1286549703991998,0.47058823457785465,-0.9156626509930325,0.6272727287439669,0.8235294074671281,-1.0,-1.0,-1.0,0.8074709452794318,-0.19815867978736318,-0.4532302982554691,-0.3323316548141213,-0.3653016896961649,0.2776158277341166,0.07798892809286188,fezouata
-1.0,0.5999999917200001,0.11695906366912895,0.2941176420449826,-0.9277108440645957,0.5727272727614876,0.9411764691557092,-1.0,-1.0,-1.0,0.7586965478134329,-0.20740829179778286,-0.42646150059726384,-0.27112069698818925,-0.3155460016121144,0.26120654200498317,0.10101101129037428,fezouata
-1.0,1.7999999751599998,0.04678362570975678,0.11764706168858122,-0.8915662648499056,0.46363636456016544,0.8823529383114186,-1.0,-1.0,-1.0,0.4198498581218166,-0.1818865577649678,-0.38224239068826765,-0.25495343893283656,-0.3053452414304901,0.28291399070035006,-0.040466913352922025,fezouata
-1.0,0.7999999958599999,0.10526315693905812,0.3529411728892733,-0.9518072302077225,0.5909090914223141,-0.1764705925328721,0.19763033206573294,-0.37735057317798393,-0.3874195490474939,0.5310052572398692,-0.20406506566750765,-0.4010692377361561,-0.19113418063369783,-0.23068190117223547,0.21891407236875418,0.06596166052979696,fezouata
-1.0,0.6999999937900001,0.11111111030409353,0.5294117654221453,-0.8674698787067789,0.4909090906695868,0.23529411120069205,0.3348201844569435,-0.018727393877053154,-0.42065213160526965,0.7991610801831394,-0.20439020676928177,-0.4024204325929426,-0.3043052261515334,-0.30479017120109125,0.3248866019683267,0.09328703904995254,fezouata
-1.0,0.30631067027655356,0.13413387786971193,0.714163332059025,-0.963679962098749,0.6351721103194232,1.60079953871633,-1.0,-1.0,-1.0,0.7068371807472404,-0.20690560726424312,-0.331538307188349,-0.31103499953372754,-0.3269040167961632,0.4298291089411136,0.08608363432621723,fezouata
-1.0,0.5999999917200001,0.11695906366912895,0.2941176420449826,-0.939759037136159,0.5727272727614876,0.7058823457785467,-1.0,-1.0,-1.0,0.6686219788620397,-0.20439537260618335,-0.43242686741875414,-0.21232018088126142,-0.23279494284186852,0.27834520463563855,0.17365192728616435,fezouata
-1.0,0.7999999958599999,0.10526315693905812,0.11764706168858122,-0.8915662648499056,0.5636363634310744,0.5882352962664359,-1.0,-1.0,-1.0,0.6490187282476944,-0.20278429366813985,-0.43601369103926396,-0.26081900662078844,-0.2743476937438273,0.2854324552047676,-0.02516374861947909,fezouata
-0.5769230747795858,0.6999999937900001,0.04678362570975678,0.3529411728892733,-0.903614457921469,0.5909090914223141,1.1176470495121105,0.4156053911178117,0.14660217641119186,0.06073936027813159,0.6152121596491762,-0.21057896744999743,-0.3334420792187384,-0.3091094569578984,-0.3406341231479754,0.2691590650406644,-0.010595649787359279,fezouata
-1.0,0.5072815458114078,0.12238119503441092,0.24129069419081522,-0.8183998129877207,0.498146514472087,0.595945169547855,0.14942849222378468,-0.20507833553250085,-0.42065213160526965,0.5657740686718769,-0.19038994935816245,-0.4653624708454074,-0.2452041486142055,-0.29348246474427897,0.29865823463495306,0.03405083812851737,fezouata
-1.0,0.6999999937900001,0.11111111030409353,0.5882352962664359,-0.9277108440645957,0.6090909100831406,0.5294117654221453,-1.0,-1.0,-1.0,0.8424852330590278,-0.20356079147841105,-0.4153430580931037,-0.2464191153080837,-0.2742791844752073,0.30518028068622055,0.0777873480869489,fezouata
-1.0,0.9999999793000002,0.09356725141951369,0.5294117654221453,-0.9518072302077225,0.5818181820919008,0.41176470373356394,-1.0,-1.0,-1.0,0.6844221783274032,-0.2148666555709723,-0.45391290021123337,-0.3018158090852863,-0.30811707776813635,0.29732180877778136,0.042356381693206824,fezouata
-1.0,0.49999998965,0.12280701703416437,0.47058823457785465,-0.9518072302077225,0.6000000007527274,0.2941176420449826,-1.0,-1.0,-1.0,0.7825072608439588,-0.21251669885864147,-0.4066214710200315,-0.3208387161780068,-0.35573748429348084,0.26048730378982676,-0.0562613127617754,fezouata
-1.0,-0.6000000124199999,0.18713450283902738,0.17647058035640134,-0.939759037136159,0.727272727614876,-0.11764706168858138,0.5127962089251363,0.10801277527989327,-0.670895089606685,0.788831550560064,-0.2067518184186257,-0.33914738322857296,-0.33891210018666856,-0.3463031712191602,0.23946632422573455,-0.08027064625233303,fezouata
-1.0,0.9999999793000002,0.09356725141951369,0.41176470373356394,-0.9156626509930325,0.5454545466520662,0.2941176420449826,-1.0,-1.0,-1.0,0.5712787259954919,-0.20740553001589904,-0.37044924384675343,-0.2800381812332028,-0.3064138279886944,0.22793927987963808,0.040037672301929714,fezouata
-1.0,1.2106796101833979,0.08124680511085706,0.06396345042406022,-0.9031465680906398,0.5438217137151384,0.30039977544640023,-1.0,-1.0,-1.0,0.4712345990294456,-0.18665110993349981,-0.3787383518601225,-0.2859543682405008,-0.31251115557893483,0.2558591101370691,-0.0364076935379106,fezouata
-1.0,0.7999999958599999,0.10526315693905812,0.23529411120069205,-0.9156626509930325,0.5636363634310744,-0.2352941233771626,-1.0,-1.0,-1.0,0.45936233517650565,-0.1995887880745475,-0.3442064558356403,-0.2914166247589641,-0.32620043245650776,0.2533624963461832,-0.1696417827168482,fezouata
-1.0,1.09999998137,0.08771929805447828,0.41176470373356394,-0.903614457921469,0.5090909093304133,1.0,-1.0,-1.0,-1.0,0.5328665264550048,-0.22652109568063947,-0.3426276695884889,-0.29098293512922946,-0.3048377485726665,0.31961092338352265,0.020937122859362126,fezouata
-1.0,1.1101941724159707,0.08712314652850764,0.77327241331461,-0.951573282798332,0.5620917915305408,0.9505996570813651,-1.0,-1.0,-1.0,0.6183508476132057,-0.19930462572696156,-0.30493773520515705,-0.28049388357629057,-0.2685250431380132,0.2831491289980788,0.13279904564398531,fezouata
-1.0,0.9092232968811166,0.09887582936380877,0.06396345042406022,-0.9152532448970809,0.5620917915305408,0.12307253167964523,-1.0,-1.0,-1.0,0.5578059659877231,-0.22812912578545375,-0.34297906172235193,-0.28988015364812864,-0.3015927598694448,0.2588062743788747,-0.0545792078764244,fezouata
-1.0,0.2999999855100002,0.1345029237642352,0.5882352962664359,-0.9518072302077225,0.6090909100831406,1.764705876622837,0.2606635074376137,0.167948014044152,-0.47550792602655245,0.9762060144047576,-0.21229636955399037,-0.4666035604932213,-0.24508183343210294,-0.23134629672919071,0.3405060796980016,0.27713567235067826,fezouata
-1.0,0.7999999958599999,0.10526315693905812,0.17647058035640134,-0.9277108440645957,0.5727272727614876,0.2941176420449826,-1.0,-1.0,-1.0,0.7361437354466349,-0.17858868139800396,-0.3551933964799995,-0.28800888984942413,-0.30199672683513623,0.22955551308016692,0.09212901045507685,fezouata
-1.0,0.8175609649669269,0.10423619967649478,0.306743180847717,-0.8783426384904319,0.5421729493054781,0.306743180847717,-1.0,-1.0,-1.0,0.7507291596673612,-0.20171884932119258,-0.4072505736211142,-0.22299960564477148,-0.2446387006532221,0.2906549909204229,0.16502001382678952,fezouata
-0.8461538504408284,0.2999999855100002,0.11111111030409353,0.5294117654221453,-0.903614457921469,0.6272727287439669,0.5882352962664359,0.30268562456231124,0.0910955553405523,-0.22159698818623833,0.6956468582923101,-0.23197832557926823,-0.35023976381276845,-0.2915099237607239,-0.30699689863821217,0.2753367227197529,0.11961212517123485,fezouata
-1.0,1.09999998137,0.08771929805447828,0.47058823457785465,-0.8795180717783423,0.5636363634310744,1.3529411728892733,-1.0,-1.0,-1.0,0.6200975824654811,-0.21858795224409402,-0.4371083247961079,-0.27372244935967727,-0.2901045116083401,0.40595605514246247,0.03498578675367656,fezouata
-1.0,0.49999998965,0.12280701703416437,-0.11764706168858138,-0.9759036138568733,0.6000000007527274,-0.2941176542214533,-1.0,-1.0,-1.0,0.7975511303931334,-0.2311765128848161,-0.33874977114956106,-0.3076916593789673,-0.29171980127155256,0.324401115247396,-0.1182140057159955,fezouata
-0.9615384606198225,0.39999998757999994,0.12280701703416437,0.5294117654221453,-0.9759036138568733,0.5818181820919008,0.7647058766228372,0.018228217303329585,0.024358173114430285,-0.47550792602655245,1.0728456316574622,-0.19377623101561728,-0.4963352566702028,-0.2541002128839002,-0.28267437904557496,0.28080097164888856,0.13881431484404236,fezouata
-0.6538461535399409,0.2999999855100002,0.08187134468944286,0.23529411120069205,-0.96385542078531,0.6090909100831406,1.0588235308442906,0.3983830502934173,0.05870337026874742,-0.022743905020247018,1.0104629473834732,-0.20608289418736134,-0.41490494450105975,-0.27072830822535515,-0.2732102813158557,0.3096973302472501,0.07722388216233084,fezouata
-1.0,0.9999999793000002,0.09356725141951369,0.2941176420449826,-0.8674698787067789,0.5363636373216529,0.3529411728892733,-1.0,-1.0,-1.0,0.5248028897000075,-0.2090426447284341,-0.38714174682394253,-0.2575647870462369,-0.28479405458246987,0.24795394102654364,0.08700264118981343,fezouata
-1.0,0.7999999958599999,0.10526315693905812,0.17647058035640134,-0.939759037136159,0.5363636373216529,0.41176470373356394,-1.0,-1.0,-1.0,0.9503883684672375,-0.20066766511968098,-0.565498240333563,-0.19966571737211322,-0.20601139667272086,0.36633225026168836,0.10477631260951178,fezouata
-1.0,1.19999998344,0.08187134468944286,-0.2941176542214533,-0.9518072302077225,0.46363636456016544,0.23529411120069205,-1.0,-1.0,-1.0,0.7743796873366324,-0.1866702031972323,-0.4126264473674592,-0.19847065446527712,-0.21640381860317418,0.2956818308464432,0.013140522808500149,fezouata
-1.0,1.2999999855100002,0.07602339132440744,0.2941176420449826,-0.8915662648499056,0.4909090906695868,-0.2352941233771626,-1.0,-1.0,-1.0,0.4529535842602262,-0.20690504077276217,-0.3639442778223101,-0.24771742402232047,-0.30945280727668356,0.2663383968402974,-0.20704779536493712,fezouata
-1.0,1.09999998137,0.08771929805447828,0.17647058035640134,-0.903614457921469,0.5545454559824794,0.17647058035640134,-1.0,-1.0,-1.0,0.5321158371090206,-0.2009221959397479,-0.4072447227156664,-0.235678773355858,-0.2765734051760186,0.2392739288188443,0.04807313228708832,fezouata
-1.0,0.39999998757999994,0.1286549703991998,0.23529411120069205,-0.8915662648499056,0.5636363634310744,1.1764705803564013,-1.0,-1.0,-1.0,0.6932448138147899,-0.19311926943170968,-0.4999857138552075,-0.30062305098814607,-0.3394471841049235,0.24948984092692428,0.11449031477390495,fezouata
-0.9613517545817559,0.4067961080439807,0.12238119503441092,0.24129069419081522,-0.9273599241974979,0.5803618712277615,0.004854369168475045,-0.36966824628119316,-1.0,-1.0,0.6134925587220043,-0.22327828967936567,-0.479324716135981,-0.32432790423240976,-0.3559871242981887,0.23365792376390992,-0.09211126671927142,fezouata
-0.6538461535399409,0.19999998344000008,0.08771929805447828,0.5882352962664359,-0.9518072302077225,0.6181818194135539,0.2941176420449826,0.2606635074376137,0.161057405161305,-0.08915556357356688,1.031808343918598,-0.17419108088194651,-0.3632893075954814,-0.3248132002302342,-0.38094687345949985,0.25406294878834595,-0.002362486578900508,fezouata
-0.9227035091635118,0.8087378591136895,0.09299948794615821,0.24129069419081522,-0.9031465680906398,0.5712268313791511,0.47772700703668486,0.20229945591055196,-0.4081217681337358,-0.18431507806057723,0.6299724012094269,-0.2223497590383362,-0.4362454840421069,-0.23102399012432293,-0.24114930927952716,0.2848720286965569,0.061503230452839286,fezouata
-1.0,0.10000000206999991,0.1461988292837796,0.5882352962664359,-0.9156626509930325,0.5909090914223141,1.0,-1.0,-1.0,-1.0,0.9986564025120644,-0.22552960076192122,-0.463924393354554,-0.2876056753496577,-0.2978448301206583,0.30206882878489655,0.14813560083323926,fezouata
-1.0,1.2999999855100002,0.07602339132440744,0.11764706168858122,-0.939759037136159,0.5545454559824794,0.2941176420449826,-1.0,-1.0,-1.0,0.46992580357978614,-0.21182711127977066,-0.33241435994921775,-0.24757429813854367,-0.23999770480266516,0.303879804827968,0.08928521592154774,fezouata
-0.7681105274905354,0.5072815458114078,0.08712314652850764,0.12307253167964523,-0.8547198508889717,0.5164165941693076,-0.05425471208710996,0.34252477423620314,0.3269661487352852,-0.11175964997641748,0.5905066041538263,-0.20775742560784402,-0.3929635434651876,-0.2156207599475259,-0.25431072618648215,0.2584584067717109,-0.038958860778940264,fezouata
-1.0,0.19999998344000008,0.14035087712927047,0.5882352962664359,-0.9518072302077225,0.6545454548533886,1.0,-1.0,-1.0,-1.0,1.0161682750716523,-0.20533503627268873,-0.4773903052320446,-0.31960557557632857,-0.34929401371744506,0.3322073860555137,0.04591563296821394,fezouata
-1.0,0.19999998344000008,0.14035087712927047,0.3529411728892733,-0.96385542078531,0.6909090921750414,0.47058823457785465,-1.0,-1.0,-1.0,0.7719670227487485,-0.19864371066316042,-0.44309025740762664,-0.27435738881571636,-0.329371661141572,0.24080830847518336,-0.048797202338545106,fezouata
-1.0,0.7999999958599999,0.10526315693905812,0.2941176420449826,-0.9518072302077225,0.6272727287439669,-0.2941176542214533,-1.0,-1.0,-1.0,0.8673262964209856,-0.2194626857661208,-0.3065966346991666,-0.33010241921767625,-0.3575477506268579,0.2625859475924833,-0.06098286597550401,fezouata
-0.9230769212396449,0.39999998757999994,0.11695906366912895,0.3529411728892733,-0.903614457921469,0.6000000007527274,0.47058823457785465,-0.36966824628119316,-1.0,-0.8582622297204044,0.7314132113976182,-0.20684685089832225,-0.32748405804344605,-0.2868868710935773,-0.2946778836002655,0.2451970769655802,0.002086727415004154,fezouata
-1.0,0.6999999937900001,0.11111111030409353,0.5294117654221453,-0.9518072302077225,0.6272727287439669,1.2352941112006919,-1.0,-1.0,-1.0,0.6806261383775511,-0.19903844975572302,-0.38437833547838207,-0.3249407419371934,-0.2941982945723803,0.2837323850166511,0.20320131320268806,fezouata
-1.0,0.89999999793,0.0994152035740227,0.2941176420449826,-0.939759037136159,0.5909090914223141,1.0588235308442906,-1.0,-1.0,-1.0,0.7348956370435192,-0.20115610038094214,-0.49120087076663344,-0.2294168394547855,-0.22664282581323802,0.2885424252873359,0.27297621454594667,fezouata
-1.0,0.6999999937900001,0.11111111030409353,0.058823530844290525,-0.9518072302077225,0.6272727287439669,0.0,-1.0,-1.0,-1.0,0.6494015547847334,-0.20741710557886572,-0.3384419141680075,-0.29742559053227935,-0.32090332231544794,0.2798744290158826,-0.14776976516465462,fezouata
-1.0,0.5999999917200001,0.11695906366912895,0.17647058035640134,-0.9277108440645957,0.5363636373216529,0.6470588149342559,-1.0,-1.0,-1.0,0.9473372748046953,-0.20544941536067635,-0.4978827151824865,-0.28279945136625445,-0.28922628283152724,0.25715474790249626,0.10924928220751288,fezouata
-1.0,1.311165027250825,0.07537046490373292,-0.17247287459827998,-0.8668265301893887,0.46160635507764586,-0.11336379334269496,0.20585205042806573,-0.15637349177062512,-0.3588404153508385,0.49161645454380565,-0.19513249316956427,-0.2967529455240895,-0.2246122906559129,-0.24910626078540887,0.26022259898114214,-0.06234865458654647,fezouata
-1.0,0.89999999793,0.0994152035740227,0.41176470373356394,-0.8795180717783423,0.5454545466520662,0.8823529383114186,-1.0,-1.0,-1.0,0.4750632451300926,-0.19303327145818344,-0.4277002852091202,-0.34080795752591886,-0.3538008444656792,0.2647361818827349,0.015607784037625454,fezouata
-0.7692307716804734,0.39999998757999994,0.09356725141951369,0.41176470373356394,-0.843373495057628,0.5636363634310744,0.8235294074671281,0.2977418456321128,0.09873236198796029,-0.13717659104607854,0.7116181307694723,-0.24845049303188835,-0.45668124839625857,-0.31236025238912696,-0.32675053097466855,0.318167001740866,0.011698921207194629,fezouata
-0.8846153818594675,0.9999999793000002,0.07602339132440744,0.3529411728892733,-0.9156626509930325,0.5545454559824794,0.47058823457785465,0.3643889858817126,0.09517158175988621,-0.10651617355602287,0.5399632923429905,-0.21566011441888366,-0.285498993841869,-0.27199657173549413,-0.29989035927867347,0.2654216952723511,-0.07812702657661069,fezouata
-1.0,0.6999999937900001,0.11111111030409353,0.23529411120069205,-0.903614457921469,0.5818181820919008,0.8823529383114186,0.1865068304182837,-0.018727393877053154,-0.42065213160526965,0.7566925195695979,-0.2225680757216223,-0.376901050531398,-0.2107780405999987,-0.21920070533584166,0.34546445135354226,0.06588281146673501,fezouata
-1.0,0.5999999917200001,0.11695906366912895,0.7058823457785467,-0.96385542078531,0.6272727287439669,1.0588235308442906,-1.0,-1.0,-1.0,0.703314229761203,-0.2049810552092268,-0.5406517322695171,-0.322905287159032,-0.37494939194381843,0.27915714420253696,0.11122313243318145,fezouata
-1.0,0.2999999855100002,0.1345029237642352,0.8235294074671281,-0.9879518069284366,0.6454545455229753,0.47058823457785465,-1.0,-1.0,-1.0,1.4231681519830006,-0.21691287716576024,-0.4846709357272054,-0.2988552937506987,-0.3285500033553685,0.30398362086833947,-0.01667060621170409,fezouata
-1.0,0.8087378591136895,0.10475217078145921,0.41861792578109985,-0.9152532448970809,0.6077669907735923,0.595945169547855,-1.0,-1.0,-1.0,0.7693020969942994,-0.2449398246327219,-0.4138021018134781,-0.30495896278068785,-0.2915753828532578,0.304716053628059,0.02366483916128343,fezouata
-1.0,0.19999998344000008,0.14035087712927047,0.6470588149342559,-0.96385542078531,0.6909090921750414,0.5294117654221453,-1.0,-1.0,-1.0,0.908713633320378,-0.2147956788638734,-0.43973647424715917,-0.31293788196345795,-0.33615073564148035,0.236361775601697,0.18698666992409466,fezouata
-0.8076923110606509,0.5999999917200001,0.08771929805447828,-0.11764706168858138,-0.8554216881291915,0.5818181820919008,0.47058823457785465,0.3247650415538486,0.042046410334237096,-0.16620729159490286,0.6759411603688581,-0.2366000359966736,-0.3662511750301655,-0.2854157385392844,-0.3455461268976277,0.2697854537920675,-0.09306021236970743,fezouata
-1.0,0.6999999937900001,0.11111111030409353,0.5294117654221453,-0.9518072302077225,0.6181818194135539,0.6470588149342559,-1.0,-1.0,-1.0,0.6165551294466882,-0.19867552878255684,-0.5058224203698448,-0.2959849356518947,-0.3552231214590652,0.3014563604666409,-0.09736153440365547,fezouata
-1.0,0.2999999855100002,0.1345029237642352,0.058823530844290525,-0.96385542078531,0.5909090914223141,0.0,-1.0,-1.0,-1.0,0.7708850910821218,-0.20364105712355476,-0.4312443596857505,-0.21156067231222508,-0.27845164550743173,0.30612198593707335,-0.03807910395993255,fezouata
-1.0,0.9999999793000002,0.09356725141951369,0.41176470373356394,-0.96385542078531,0.6363636361925621,1.7058823457785468,-0.36966824628119316,-1.0,-1.0,0.5651719406837061,-0.22253472992366424,-0.41379300972720107,-0.35124607812685416,-0.3189652899792101,0.41539198634331254,0.02841066192246607,fezouata
-0.5000000039807693,1.09999998137,0.011695905519544417,0.47058823457785465,-0.9518072302077225,0.5909090914223141,0.5882352962664359,0.23264876310803637,0.1903278295943865,0.10750792220707676,0.6487488909260736,-0.19798160498866527,-0.38170527756815775,-0.3240801689893592,-0.33427928211178154,0.2543362091616139,0.039884783670438316,fezouata
-1.0,0.6999999937900001,0.11111111030409353,0.2941176420449826,-0.96385542078531,0.5727272727614876,-0.1764705925328721,-1.0,-1.0,-1.0,0.9278366818271988,-0.2227198856526616,-0.45009829973769555,-0.34516944736381006,-0.38439023692909924,0.30583457877079145,-0.17102555934541552,fezouata
-1.0,0.49999998965,0.12280701703416437,0.2941176420449826,-0.9277108440645957,0.6454545455229753,1.1764705803564013,-1.0,-1.0,-1.0,0.47827967615456446,-0.21813699566777542,-0.3659824771652242,-0.29136938252004974,-0.3295624146743978,0.35461431677991184,-0.018046553135288718,fezouata
-0.8076923110606509,0.7999999958599999,0.07602339132440744,0.6470588149342559,-0.9277108440645957,0.5727272727614876,1.4705882345778547,0.5509478678355552,0.33946028171346115,-0.11443268649667415,0.9511214001613104,-0.22084283407141586,-0.4263936543808464,-0.321190396811975,-0.3082889210900577,0.31077909287092537,0.10243953906095313,fezouata
-1.0,0.89999999793,0.0994152035740227,-0.2941176542214533,-0.903614457921469,0.6181818194135539,-0.05882353084429069,-1.0,-1.0,-1.0,0.6056654628841679,-0.19351524045296306,-0.3139619730578787,-0.3132691398466115,-0.3236194999030792,0.23967711696090943,-0.19644839252206953,fezouata
-0.8076923110606509,0.7999999958599999,0.07602339132440744,0.11764706168858122,-0.939759037136159,0.5909090914223141,1.588235284089965,0.43575566138846705,0.2513624582122464,-0.07985921837748551,0.7475986045132174,-0.21602816969679622,-0.48825931149357543,-0.32800394595630844,-0.351477419992083,0.39523485820883286,-0.04819289060693736,fezouata
-0.9613517545817559,0.30631067027655356,0.12825753645206137,0.12307253167964523,-0.8183998129877207,0.5712268313791511,0.77327241331461,0.35763762349132733,0.12212815528817547,-0.47550792602655245,0.6074360067545038,-0.18530781510661845,-0.37350178265276796,-0.34256043077147613,-0.3817935749330731,0.2651389173050671,0.06939906598662486,fezouata
-1.0,0.7999999958599999,0.10526315693905812,0.9411764691557092,-0.939759037136159,0.5545454559824794,1.4705882345778547,0.1661137443797927,-0.010050506086396092,-0.3874195490474939,0.6169276635071844,-0.18945756853223103,-0.3248955865628866,-0.33574672771876896,-0.32665423190618437,0.49416049426917635,0.09031147197746203,fezouata
-1.0,1.09999998137,0.08771929805447828,0.23529411120069205,-0.9277108440645957,0.5545454559824794,0.41176470373356394,-1.0,-1.0,-1.0,0.5267825660250157,-0.1744597402822491,-0.38398981106986935,-0.27489138345814035,-0.31303792756849136,0.24042358682691747,-0.007753571570846271,fezouata
-1.0,0.89999999793,0.0994152035740227,0.2941176420449826,-0.9759036138568733,0.5727272727614876,0.8235294074671281,-1.0,-1.0,-1.0,1.0387693381041985,-0.23405789188469858,-0.2738708138314284,-0.185864826002227,-0.14119326948299368,0.3941137187493709,0.2940980112127403,fezouata
-1.0,0.0,0.15204678264881502,0.41176470373356394,-0.9518072302077225,0.6636363641838018,1.4117647037335639,-1.0,-1.0,-1.0,1.096671210866816,-0.178676067873682,-0.3197075577918605,-0.291650054155078,-0.33005837305482655,0.28634004578808775,0.08507636879462459,fezouata
-1.0,0.2999999855100002,0.1345029237642352,0.2941176420449826,-0.9879518069284366,0.6272727287439669,-0.05882353084429069,-1.0,-1.0,-1.0,1.155840006571248,-0.21299955945229684,-0.32419624439387495,-0.24819283808497558,-0.24513647144106665,0.32812773711390064,0.02599654307104058,fezouata
-1.0,0.9092232968811166,0.09887582936380877,0.24129069419081522,-0.8910398887902228,0.525551634017918,0.65505425080344,-1.0,-1.0,-1.0,0.5316787427217746,-0.1874558420706126,-0.4562660681456812,-0.25093198102737135,-0.3060386878257778,0.24503141857131475,0.04368740616032757,fezouata
-1.0,0.5999999917200001,0.11695906366912895,0.11764706168858122,-0.903614457921469,0.6363636361925621,0.41176470373356394,-1.0,-1.0,-1.0,0.7494033910570523,-0.22785672928108242,-0.4183437777478501,-0.26847038970471526,-0.2768709941561909,0.30478624404999205,0.009414680918282186,fezouata
-1.0,0.39999998757999994,0.1286549703991998,0.41176470373356394,-0.939759037136159,0.6272727287439669,1.764705876622837,-1.0,-1.0,-1.0,0.7455074688910238,-0.21485091123960307,-0.45218675946235093,-0.2944801760258975,-0.3165871485098589,0.29019573120377595,0.16485884816924484,fezouata
-0.6504690440855463,1.1204877855614148,0.033376123138571766,0.12855093278826896,-0.927005582595464,0.5605321519118204,0.6631276891430838,0.323305172411288,0.5703087495384321,0.03906781123418404,0.5453697990527971,-0.20672034824025404,-0.3677486314837033,-0.26971618259228997,-0.30548646029905396,0.3741657031171065,-0.09001735678721669,fezouata
-1.0,1.4999999896500003,0.06432748459433675,-0.41176470373356405,-0.9277108440645957,0.5000000000000001,-0.7058823579550173,-1.0,-1.0,-1.0,0.41210228016481965,-0.20155831803090515,-0.34756817414862834,-0.2716611863095907,-0.3257204704832033,0.25696616079076706,-0.2876522161032965,fezouata
-0.42307692522041423,0.89999999793,0.011695905519544417,0.058823530844290525,-0.9518072302077225,0.5545454559824794,0.0,0.3550744311020337,0.2399464195424819,0.10931753024457146,0.7064023847359449,-0.24161188616122092,-0.35065550486711333,-0.3311400147786382,-0.350951026314067,0.3161892424906123,-0.17990914642564465,fezouata
-0.8840552637452677,0.5072815458114078,0.10475217078145921,0.30039977544640023,-0.951573282798332,0.6443071501680334,0.004854369168475045,0.11690363405890848,-0.14365116044770362,-0.17325917587479925,0.783929740290305,-0.20242008748781345,-0.3711202632176199,-0.22257307211843028,-0.25724820529307024,0.22740991497532878,0.072036055423436,fezouata
-1.0,0.5999999917200001,0.11695906366912895,0.058823530844290525,-0.96385542078531,0.6454545455229753,0.7647058766228372,-1.0,-1.0,-1.0,0.7097836386219994,-0.1959916106634747,-0.43380301583530345,-0.2926107146087265,-0.3352607174965185,0.3109236977016829,-0.02046906639489262,fezouata
-0.9615384606198225,0.2999999855100002,0.1286549703991998,0.2941176420449826,-0.9518072302077225,0.5272727279912397,0.5882352962664359,0.4119431283301275,0.3418701072121967,-0.34179017874252726,0.9299087430693259,-0.24643520883077802,-0.3094244236677639,-0.25442534114347526,-0.20214521237079758,0.27597434772341733,0.04775780265712718,fezouata
-1.0,1.19999998344,0.08187134468944286,0.5882352962664359,-0.9518072302077225,0.5363636373216529,0.3529411728892733,-1.0,-1.0,-1.0,0.6239372516331637,-0.19651542717768866,-0.3160758853251765,-0.28763279629465466,-0.285019901206034,0.24079603823340828,0.01185424948339093,fezouata
-1.0,0.2999999855100002,0.1345029237642352,-0.05882353084429069,-0.843373495057628,0.5545454559824794,-0.47058823457785476,-1.0,-1.0,-1.0,0.6446459568700031,-0.2158314927706173,-0.3112363696009554,-0.2954890937505447,-0.343890713405106,0.23263621427308528,-0.13215997611343558,fezouata
-0.9230769212396449,0.6999999937900001,0.0994152035740227,0.17647058035640134,-0.9518072302077225,0.6363636361925621,0.7058823457785467,0.2606635074376137,-0.1908218793647763,-0.3337701557469569,0.7820185480774933,-0.24395046194009593,-0.3795751019916039,-0.31255665728158416,-0.2966845003308194,0.3165994890083907,0.08225501010940861,fezouata
-1.0,0.19999998344000008,0.14035087712927047,0.5294117654221453,-0.9156626509930325,0.6090909100831406,1.2941176420449827,-1.0,-1.0,-1.0,0.9294633528784841,-0.20634969645244441,-0.46135838493513637,-0.2855066449654163,-0.28572224731323587,0.31069913893314605,0.1589482869971256,fezouata
-1.0,0.7999999958599999,0.10526315693905812,0.7058823457785467,-0.843373495057628,0.4909090906695868,0.41176470373356394,-1.0,-1.0,-1.0,0.561613732017885,-0.20589882033748783,-0.3750958496986379,-0.312176404384814,-0.31311996751157084,0.3046331157921632,0.010945356517479009,fezouata
-1.0,0.7999999958599999,0.10526315693905812,0.5882352962664359,-0.8915662648499056,0.5818181820919008,1.1764705803564013,-1.0,-1.0,-1.0,0.6331818527279908,-0.19477559810002013,-0.5009698405673085,-0.20832536947597172,-0.22208341781005436,0.3175012193862787,0.23654411187102792,fezouata
-1.0,0.607766983578835,0.11650485361676036,0.714163332059025,-0.8910398887902228,0.5072815543206973,1.6599086199719149,-1.0,-1.0,-1.0,0.5433082970041928,-0.1849698523780828,-0.43886167556715605,-0.2961935565445278,-0.32044700883801636,0.31481197684222034,0.23054637702244526,fezouata
-1.0,0.5999999917200001,0.11695906366912895,-0.2352941233771626,-0.843373495057628,0.5272727279912397,-0.1764705925328721,-1.0,-1.0,-1.0,0.507763655269642,-0.2052253587377978,-0.23553101165239615,-0.2695146592924289,-0.29642389465755786,0.2136242225384816,-0.14125358202261418,fezouata
-1.0,1.19999998344,0.08187134468944286,0.41176470373356394,-0.96385542078531,0.6181818194135539,0.3529411728892733,-1.0,-1.0,-1.0,0.4692140318632542,-0.18510871346642344,-0.4210954894904038,-0.2830414449365859,-0.31346432760361687,0.24457093693057375,0.041053449623825726,fezouata
-1.0,0.10000000206999991,0.1461988292837796,0.3529411728892733,-0.939759037136159,0.5545454559824794,0.7647058766228372,0.2606635074376137,-0.17413603986314055,-0.47550792602655245,0.756602914189154,-0.22184005044535954,-0.3874729809326211,-0.258870331997979,-0.26979085477114056,0.2892813232760816,0.03514368474666217,fezouata
-1.0,0.7999999958599999,0.10526315693905812,0.17647058035640134,-0.939759037136159,0.6090909100831406,0.11764706168858122,-1.0,-1.0,-1.0,0.6264348873939658,-0.18315427436469803,-0.41275354228111893,-0.3373206481712515,-0.38582770272837763,0.21488495477412656,-0.011278258568792875,fezouata
-1.0,0.49999998965,0.12280701703416437,0.3529411728892733,-0.96385542078531,0.5636363634310744,0.9411764691557092,-1.0,-1.0,-1.0,1.146875877726016,-0.19039853915221056,-0.5005738689497109,-0.2730808104374859,-0.29198946093271105,0.2717854032956526,0.17879808337070494,fezouata
-1.0,0.9999999793000002,0.09356725141951369,-0.2352941233771626,-0.96385542078531,0.5636363634310744,0.11764706168858122,-1.0,-1.0,-1.0,0.6030829115164851,-0.21120834165990635,-0.42639737246566684,-0.1765382011490736,-0.1682722528177358,0.30213802643716825,0.0868020605182073,fezouata
-0.9230769212396449,1.2999999855100002,0.06432748459433675,0.11764706168858122,-0.9277108440645957,0.6000000007527274,0.5882352962664359,0.6508688787573353,-0.005707343671151647,-0.23570495289600127,0.478186036679799,-0.21446789775957403,-0.33888852813211723,-0.2812907511771018,-0.25426206351690595,0.29591668130384785,-0.019352667212002864,fezouata
-1.0,0.89999999793,0.0994152035740227,0.5882352962664359,-0.939759037136159,0.5363636373216529,1.0588235308442906,-1.0,-1.0,-1.0,0.762718250908308,-0.2055634541188491,-0.40679362894508375,-0.2396760333034571,-0.25624758602525055,0.3505466523356745,0.1064654889747681,fezouata
-1.0,0.4067961080439807,0.12825753645206137,0.65505425080344,-0.8305064922881378,0.5529567516819307,1.1279269008481205,-1.0,-1.0,-1.0,0.6990256783859227,-0.18474239463168746,-0.4495627718817787,-0.29759576485876116,-0.3376562384907183,0.2848643897497046,0.10085711063461658,fezouata
-1.0,0.9999999793000002,0.09356725141951369,0.17647058035640134,-0.8313253019860647,0.46363636456016544,0.41176470373356394,-1.0,-1.0,-1.0,0.4956960479829314,-0.1952474213519816,-0.40923779501841157,-0.3103690430884872,-0.3291985299505766,0.2675054810648823,-0.02065558024644497,fezouata
-1.0,1.59999999172,0.058479531229301336,0.11764706168858122,-0.8915662648499056,0.5272727279912397,0.23529411120069205,-1.0,-1.0,-1.0,0.34354934716703533,-0.1736483831305622,-0.36142048423767065,-0.25938214348306576,-0.27295716540617804,0.26480908792442437,0.08445761906164898,fezouata
-1.0,0.2999999855100002,0.1345029237642352,1.0,-0.939759037136159,0.5636363634310744,1.4117647037335639,-1.0,-1.0,-1.0,0.7552617509052605,-0.2011398363126671,-0.45676714851978795,-0.28178357978144875,-0.3135392413378198,0.33828976649141657,0.22152168711056672,fezouata
-0.9227035091635118,1.0097087346485436,0.08124680511085706,0.8323814945701951,-0.9273599241974979,0.525551634017918,0.9505996570813651,0.4597156403899731,0.2536847973955243,-0.25617045630542695,0.7156774471325199,-0.18662254180073762,-0.37290740572749026,-0.28637241772673655,-0.3142802557139709,0.2859458254091283,0.05815156470705663,fezouata
-1.0,1.0097087346485436,0.09299948794615821,0.18218161293523022,-0.8910398887902228,0.5712268313791511,0.3595088445255147,-1.0,-1.0,-1.0,0.5804630745720751,-0.2058824236166971,-0.42909135233061696,-0.25272981399619726,-0.2969909259709823,0.26339264385444966,0.042924948981525005,fezouata
-1.0,0.89999999793,0.0994152035740227,-0.05882353084429069,-0.8915662648499056,0.5181818186608266,0.17647058035640134,-1.0,-1.0,-1.0,0.7797177189894487,-0.18981527582660487,-0.4885619401943363,-0.25487156222195334,-0.260705032360615,0.328705413780949,0.06048097807913246,fezouata
-1.0,0.49999998965,0.12280701703416437,0.8823529383114186,-0.9156626509930325,0.6363636361925621,1.4705882345778547,-1.0,-1.0,-1.0,0.7653748520471416,-0.19059591957164887,-0.46852365103008803,-0.33057828610166234,-0.3367529029746123,0.323587545051089,0.1768569891028749,fezouata
-1.0,0.2999999855100002,0.1345029237642352,0.41176470373356394,-0.939759037136159,0.6454545455229753,0.9411764691557092,-1.0,-1.0,-1.0,0.8346264007817835,-0.17877381538068732,-0.4560458157778479,-0.33499479500323626,-0.36889519455225694,0.3036863782261304,0.03533243837605787,fezouata
-1.0,1.2999999855100002,0.07602339132440744,-0.1764705925328721,-0.8915662648499056,0.5272727279912397,-0.2352941233771626,0.2606635074376137,-0.39005904125675367,-0.3588404153508385,0.5141433414439155,-0.21138277210681622,-0.3665614540657855,-0.24999854582026224,-0.24982754930024192,0.311571395719406,-0.10505556785723758,fezouata
-1.0,0.49999998965,0.12280701703416437,0.41176470373356394,-0.9518072302077225,0.6000000007527274,1.2352941112006919,-1.0,-1.0,-1.0,0.7908117948934553,-0.20796605974480106,-0.39917595096990693,-0.2657246833969606,-0.2596449873257383,0.3961116170413263,0.26694604416100176,fezouata
-1.0,0.19999998344000008,0.14035087712927047,0.47058823457785465,-0.9277108440645957,0.6272727287439669,2.1764705803564013,-1.0,-1.0,-1.0,0.9026504883396304,-0.2207147482816851,-0.3313354883108613,-0.3798118360741754,-0.3474027900559288,0.41712354640260846,0.07778586336169278,fezouata
-1.0,0.7999999958599999,0.10526315693905812,0.9411764691557092,-0.9277108440645957,0.5818181820919008,0.9411764691557092,-1.0,-1.0,-1.0,0.6419340206014426,-0.2132627224717243,-0.38128772162917973,-0.3349995839704022,-0.34547415916393165,0.3024862245017915,0.09922164769523552,fezouata
-0.6521657991973415,0.7082524213462621,0.057741440650781205,0.24129069419081522,-0.9273599241974979,0.5986319509249819,0.53683608829227,0.14550674454503726,0.2532063769005345,-0.050294615658608405,0.8014235263104923,-0.19806052018770678,-0.4035084647621305,-0.2813733681745429,-0.30457817587772473,0.22704315260708743,0.10130461888224158,fezouata
-1.0,0.2999999855100002,0.1345029237642352,0.5882352962664359,-0.9518072302077225,0.6454545455229753,1.6470588149342558,-1.0,-1.0,-1.0,0.8740759235740061,-0.2097655443984762,-0.46387305110727717,-0.3026224047128931,-0.3131675140279495,0.3669355223610472,0.13765403695385348,fezouata
-1.0,0.39999998757999994,0.1286549703991998,0.17647058035640134,-0.96385542078531,0.6090909100831406,1.0588235308442906,-1.0,-1.0,-1.0,1.0697785806637554,-0.18822464820960588,-0.48402174796127023,-0.2986996682174292,-0.3353360417389889,0.3579778755852523,0.049804458352668245,fezouata
-1.0,0.39999998757999994,0.1286549703991998,0.5882352962664359,-0.9518072302077225,0.6272727287439669,0.7058823457785467,-1.0,-1.0,-1.0,0.9685195121665598,-0.229580085525861,-0.5791819781090427,-0.2871978092554887,-0.31103928489395444,0.30726796140546675,0.1378597760939774,fezouata
-1.0,0.2999999855100002,0.1345029237642352,0.7058823457785467,-0.9156626509930325,0.6000000007527274,1.0588235308442906,0.3957345973401203,-0.13859891119945592,-0.46035400313538194,0.8205297119655378,-0.22212460966317685,-0.393048586927844,-0.31864953364586185,-0.32870245351548266,0.2714493804575517,0.10574878544477387,fezouata
-1.0,0.19999998344000008,0.14035087712927047,0.8823529383114186,-0.9518072302077225,0.6363636361925621,0.5882352962664359,-1.0,-1.0,-1.0,1.1172869051425143,-0.21607103929299082,-0.4102502047866585,-0.32306728526215583,-0.35731748366100297,0.29222311147105806,0.05128037360433495,fezouata
-1.0,0.7999999958599999,0.10526315693905812,0.5882352962664359,-0.9518072302077225,0.5818181820919008,1.3529411728892733,-1.0,-1.0,-1.0,0.5890847503399024,-0.2121834844377777,-0.4301540048174942,-0.25803390994511965,-0.27122012650343513,0.29303992615878477,0.14651175872422736,fezouata
-0.8461538504408284,1.39999998758,0.04678362570975678,0.41176470373356394,-0.9156626509930325,0.5090909093304133,0.2941176420449826,0.6838862560929561,0.27577549764914644,-0.1312490927420668,0.711271926367137,-0.22757187213876265,-0.3004646561694108,-0.26091181845802647,-0.2495866104609659,0.34346995265143354,-0.025322623739342614,fezouata
-1.0,0.607766983578835,0.11650485361676036,0.41861792578109985,-0.8668265301893887,0.5529567516819307,0.8914905758257801,-1.0,-1.0,-1.0,0.6742432429559129,-0.19749975777324438,-0.4311679049107138,-0.21827820934272293,-0.26526097921566194,0.2908144488708147,0.06481534159500674,fezouata
-1.0,0.2999999855100002,0.1345029237642352,0.3529411728892733,-0.903614457921469,0.5818181820919008,1.529411765422145,-1.0,-1.0,-1.0,0.7814470880144101,-0.21332715571292685,-0.5161407636974041,-0.2781421903370994,-0.31843749976816677,0.3541628902324718,0.07009848579184387,fezouata
-0.5000000039807693,0.39999998757999994,0.052631577864265915,0.17647058035640134,-0.903614457921469,0.5818181820919008,1.3529411728892733,0.2877329690797408,0.13169131969080186,0.04159234161874305,0.7421064623076445,-0.19161174100457462,-0.3164641580343604,-0.27198512273324676,-0.2873527029763259,0.33753448465937147,-0.11172859255313894,fezouata
-1.0,0.89999999793,0.0994152035740227,0.11764706168858122,-0.9156626509930325,0.5545454559824794,-0.2941176542214533,-1.0,-1.0,-1.0,0.7456005374762037,-0.2119148500457363,-0.17420092213758326,-0.3071334069960858,-0.2503504174366677,0.2875556883958835,-0.008545456765620671,fezouata
-0.3461538464600592,0.89999999793,0.0,-0.1764705925328721,-0.939759037136159,0.5272727279912397,0.41176470373356394,0.32728393674881806,0.5030485128237707,0.12575429509485211,0.8183326069706612,-0.21224553971953924,-0.24280393219969887,-0.2197008989183924,-0.2087126779080617,0.3638099222694262,-0.02947402976480108,fezouata
-1.0,0.6999999937900001,0.11111111030409353,0.41176470373356394,-0.939759037136159,0.5909090914223141,0.5294117654221453,-1.0,-1.0,-1.0,0.7618962221790015,-0.21542623607326625,-0.44010236117131074,-0.2742935651754805,-0.304437484230563,0.32038975013489013,0.08839027556605442,fezouata
-0.4589245721061211,-0.3970873733954369,0.09299948794615821,0.24129069419081522,-0.9757866413991659,0.7082524272264874,-0.05425471208710996,0.3165156881867695,0.0835885894143816,-0.10651617355602287,1.5431930551004553,-0.23066588442275537,-0.4152508102891357,-0.3413474699743366,-0.37318967849618995,0.31057454529268425,-0.00773889246024892,fezouata
-0.7307692323002959,0.5999999917200001,0.07602339132440744,0.2941176420449826,-0.8915662648499056,0.5363636373216529,1.0,0.28639133441588394,0.08369587024961532,-0.06244577655035929,0.7877617150023972,-0.21025589551000481,-0.3924569389531827,-0.31170014954996844,-0.29795427350287984,0.2916681518330798,-0.03102045360367923,fezouata
-0.9611632253513855,0.6156097374372683,0.11014120635728661,0.42553802100499616,-0.8418454310351519,0.5513525506086492,0.603730269064444,0.3867298581813752,0.34397170665005566,-0.3045082686168662,0.6715022135449272,-0.21100468090497146,-0.3623171410172713,-0.2713709125727999,-0.27556854935555736,0.2891252278875337,0.0002936932490934813,fezouata
-1.0,1.39999998758,0.07017543795937217,0.2941176420449826,-0.9277108440645957,0.5272727279912397,0.23529411120069205,-1.0,-1.0,-1.0,0.6166073076022854,-0.20353921043635184,-0.28845110682362163,-0.20695538525049878,-0.18988324322518124,0.3097803009192995,-0.016982947356214,fezouata
-0.5000000039807693,1.4999999896500003,-0.011695906730070833,0.058823530844290525,-0.939759037136159,0.46363636456016544,-0.2941176542214533,0.22748815194555372,0.3104923503142713,0.16904285406251696,0.5610857245961131,-0.1765631318493481,-0.4117927087963668,-0.21790573708663116,-0.26111827198363974,0.21027670803664067,0.005065340077763398,fezouata
-1.0,0.5999999917200001,0.11695906366912895,0.6470588149342559,-0.9518072302077225,0.6545454548533886,0.47058823457785465,-1.0,-1.0,-1.0,0.6806819637232087,-0.20917889517177357,-0.3898459933720369,-0.2757101225836314,-0.2750694880155781,0.2789416901308522,0.05093829988482631,fezouata
-1.0,0.5999999917200001,0.11695906366912895,0.17647058035640134,-0.9518072302077225,0.6181818194135539,0.8235294074671281,0.37885071125988995,0.3252479217074207,-0.43304891935246054,1.1383996561455059,-0.23489235558237495,-0.2935527894775709,-0.306257744667776,-0.29156766368799497,0.3458236949412803,-0.05320976138456948,fezouata
-1.0,0.49999998965,0.12280701703416437,0.7058823457785467,-0.939759037136159,0.6000000007527274,0.47058823457785465,-1.0,-1.0,-1.0,0.8531093972740512,-0.19022553743813342,-0.5998441261383591,-0.21222037956870404,-0.24210331841910748,0.28691520105773444,0.33247715022900315,fezouata
-0.6538461535399409,0.5999999917200001,0.06432748459433675,0.3529411728892733,-0.8192771089145015,0.5454545466520662,0.5882352962664359,0.3933649294058535,0.2177493771002457,-0.03152140606604631,0.7205173794745391,-0.19731498369205847,-0.20315774647594398,-0.3346461009549004,-0.34515012862183214,0.22716539671597208,-0.06490621756714049,fezouata
-1.0,0.39999998757999994,0.1286549703991998,-0.05882353084429069,-0.903614457921469,0.5909090914223141,-0.41176470373356405,-1.0,-1.0,-1.0,0.6412392685563916,-0.21513418959952293,-0.4515985094286271,-0.31358438617101714,-0.3434106789891661,0.2729021916154589,-0.047541959136788804,fezouata
-1.0,0.10000000206999991,0.1461988292837796,0.3529411728892733,-0.939759037136159,0.6181818194135539,-0.05882353084429069,-1.0,-1.0,-1.0,0.7788461743351409,-0.21977607298515317,-0.32720381954349514,-0.3061203808082389,-0.3407987047664613,0.2746819572439762,0.005850315589615504,fezouata
-0.8067587729087795,1.0097087346485436,0.06361778206843177,0.24129069419081522,-0.9152532448970809,0.5620917915305408,1.7781267824830855,0.28639133441588394,-0.0851848146340527,-0.06244577655035929,0.4391530340233437,-0.2123798906223467,-0.4114262853552249,-0.3096025374123114,-0.345280850015912,0.5480351527287294,-0.08583155145417051,fezouata
-1.0,1.19999998344,0.08187134468944286,0.41176470373356394,-0.9277108440645957,0.5181818186608266,0.5882352962664359,-1.0,-1.0,-1.0,0.6542280668996997,-0.2079973070234538,-0.36887007121905374,-0.26274188569137324,-0.2593658510946433,0.29026011451703543,0.12962742504292374,fezouata
-1.0,1.59999999172,0.058479531229301336,0.0,-0.8674698787067789,0.5090909093304133,0.058823530844290525,-1.0,-1.0,-1.0,0.392742864024555,-0.16971818701545197,-0.3897622613953565,-0.2841393344209482,-0.31747291668687627,0.2500304574536094,-0.045876091054558,fezouata
-1.0,0.39999998757999994,0.1286549703991998,0.47058823457785465,-0.939759037136159,0.5909090914223141,0.2941176420449826,-1.0,-1.0,-1.0,1.0150308761516098,-0.19621864979332468,-0.4228410618690396,-0.30975764906968845,-0.3016549679703138,0.28835049936757606,0.13720667781325205,fezouata
-1.0,1.59999999172,0.058479531229301336,-0.11764706168858138,-0.903614457921469,0.46363636456016544,0.058823530844290525,-1.0,-1.0,-1.0,0.41052664672476213,-0.2057583032673326,-0.21487055486593745,-0.2424042144081273,-0.20494890736966404,0.3081854880690994,-0.09480202668677531,fezouata
-1.0,0.2999999855100002,0.1345029237642352,0.5882352962664359,-0.9277108440645957,0.6818181828446281,1.6470588149342558,-1.0,-1.0,-1.0,0.8187260235712441,-0.18159585195148542,-0.43658548126162416,-0.2914847234904735,-0.33606144204414706,0.3051413656525071,0.14928069835943214,fezouata
-1.0,1.2999999855100002,0.07602339132440744,0.41176470373356394,-0.9759036138568733,0.6000000007527274,0.0,-1.0,-1.0,-1.0,0.5795772366865252,-0.23038125887868016,-0.48411631846430664,-0.2930721662563536,-0.30807130743785566,0.302095318478408,-0.0077844049998275905,fezouata
-1.0,1.0097087346485436,0.09299948794615821,0.30039977544640023,-0.951573282798332,0.6260370704708129,0.004854369168475045,-1.0,-1.0,-1.0,0.6269813048729566,-0.18881994159614174,-0.3831711766663877,-0.3349133520341335,-0.37955307983713565,0.23168996366022204,-0.15758314240152532,fezouata
-1.0,0.39999998757999994,0.1286549703991998,0.47058823457785465,-0.9518072302077225,0.6454545455229753,0.7058823457785467,-1.0,-1.0,-1.0,0.7943884811189407,-0.20803065390872763,-0.5343062177698044,-0.3363729236528163,-0.35097136525472544,0.34612999337543177,0.07245409758521083,fezouata
-1.0,0.2999999855100002,0.1345029237642352,0.5882352962664359,-0.9518072302077225,0.6727272735142149,0.5294117654221453,-1.0,-1.0,-1.0,0.8969170664629003,-0.1886890722782131,-0.44934522638567337,-0.34933220969196777,-0.38247766013002865,0.22883595139396667,0.06609649769396626,fezouata
-1.0,0.607766983578835,0.11650485361676036,0.24129069419081522,-0.9394666034979149,0.5894969110763718,-0.05425471208710996,-1.0,-1.0,-1.0,0.5654349034574899,-0.1927089436685547,-0.38354924451331507,-0.246512065790055,-0.284891819943556,0.25011903332692054,0.07815130564153439,fezouata
-1.0,0.9999999793000002,0.09356725141951369,0.3529411728892733,-0.9277108440645957,0.5454545466520662,-0.11764706168858138,-1.0,-1.0,-1.0,0.5980155955402825,-0.22183723647232204,-0.34570508688604534,-0.25832427144784265,-0.2765435802747114,0.262724548996288,-0.046386370186617835,fezouata
-0.420276326687877,1.4116504650182526,-0.018650996568149374,-0.23158195585386498,-0.8668265301893887,0.5072815543206973,0.3595088445255147,0.4310234407047692,0.537376974151608,0.1635896139319838,0.5353140996856366,-0.19398360277904406,-0.3738949899935276,-0.3100504006040993,-0.3283297777437006,0.28268487888474575,-0.05178519605382999,fezouata
-1.0,0.2999999855100002,0.1345029237642352,0.3529411728892733,-0.9759036138568733,0.6909090921750414,0.3529411728892733,-1.0,-1.0,-1.0,0.867139245498009,-0.23616603067215391,-0.44347613234952127,-0.34607789853557397,-0.346012024267419,0.3420678251443724,-0.09034471967122937,fezouata
-1.0,0.5999999917200001,0.11695906366912895,-0.11764706168858138,-0.843373495057628,0.5636363634310744,0.0,0.1424763036153374,-0.18452467923375185,-0.43304891935246054,0.6550231823216519,-0.2169439472119534,-0.35033723106597375,-0.2795647450839456,-0.31626801991942266,0.2959403296221217,-0.09888553508417994,fezouata
-1.0,1.09999998137,0.08771929805447828,0.2941176420449826,-0.8915662648499056,0.5727272727614876,1.0588235308442906,-1.0,-1.0,-1.0,0.5517563988769343,-0.19343516835001442,-0.4698941869931851,-0.20832976667636813,-0.2473746336158376,0.3179570075529979,0.22929278034292794,fezouata
-1.0,0.5999999917200001,0.11695906366912895,0.5294117654221453,-0.8795180717783423,0.6000000007527274,0.7058823457785467,-1.0,-1.0,-1.0,0.7933768026225041,-0.20898032740358824,-0.469647788805611,-0.34998878790217086,-0.3571771367871247,0.29321546404339577,0.09424797988456159,fezouata
-1.0,0.10000000206999991,0.1461988292837796,0.8823529383114186,-0.9156626509930325,0.6181818194135539,1.4117647037335639,-1.0,-1.0,-1.0,1.0204959111860972,-0.20696316758289135,-0.3868773146002561,-0.28819797837026406,-0.28077199519361357,0.2989838931254634,0.3019332426726675,fezouata
-1.0,0.89999999793,0.0994152035740227,0.2941176420449826,-0.843373495057628,0.5181818186608266,0.41176470373356394,-1.0,-1.0,-1.0,0.543762156693948,-0.21010888825242255,-0.49216459658577677,-0.27538242494459414,-0.30576887657169716,0.3221373537990441,0.011820703575576609,fezouata
-1.0,-0.30000000621000006,0.16959064274392113,0.11764706168858122,-0.8915662648499056,0.6727272735142149,0.5294117654221453,-1.0,-1.0,-1.0,0.7859254682029407,-0.1915665554259342,-0.5527836266654604,-0.29247987468347747,-0.3265181953691135,0.26503394221834237,0.066414438283085,fezouata
-1.0,0.9999999793000002,0.09356725141951369,0.0,-0.96385542078531,0.6363636361925621,0.6470588149342559,-1.0,-1.0,-1.0,0.5993614469513384,-0.20901805073456378,-0.38217320207543054,-0.2799328659305619,-0.3120953818052007,0.2886189279357928,0.037678158346031033,fezouata
-1.0,0.6999999937900001,0.11111111030409353,0.7647058766228372,-0.903614457921469,0.5909090914223141,1.4117647037335639,-1.0,-1.0,-1.0,0.7320674129949157,-0.181494806615955,-0.5237130761804162,-0.26421005328352426,-0.27855808117875314,0.2870445838861123,0.23869569766879709,fezouata
-1.0,0.0,0.15204678264881502,0.5882352962664359,-0.939759037136159,0.6727272735142149,1.4705882345778547,-1.0,-1.0,-1.0,0.9405737742527165,-0.1965345769818375,-0.50270829029652,-0.25887908951164107,-0.2927016176508907,0.2943889499206245,0.11485593471317881,fezouata
-1.0,0.89999999793,0.0994152035740227,0.41176470373356394,-0.8313253019860647,0.5272727279912397,0.5294117654221453,-1.0,-1.0,-1.0,0.48882475796184216,-0.22412535210408474,-0.4992659111802394,-0.35927184650979904,-0.37448837506120586,0.26778010239191546,-0.03326611641585437,fezouata
-0.6538461535399409,0.9999999793000002,0.0409356723447215,0.47058823457785465,-0.939759037136159,0.5909090914223141,0.5882352962664359,0.24753159611191586,0.3205609111874839,0.01624918159714353,0.5404397970452209,-0.22344238627784088,-0.4652736187744879,-0.23292961492143976,-0.26191668641611665,0.25980291800769373,0.0002984170864999786,fezouata
-1.0,-0.1961165185605825,0.16351558495796464,0.06396345042406022,-0.963679962098749,0.6808473076806564,0.3595088445255147,-1.0,-1.0,-1.0,0.9902067480830757,-0.22312525325621418,-0.3456774617807762,-0.34617237919749244,-0.3813628954163368,0.28697993997954974,-0.0834124644836191,fezouata
-0.8461538504408284,0.39999998757999994,0.10526315693905812,-0.11764706168858138,-0.8554216881291915,0.5454545466520662,0.2941176420449826,0.3201287674483749,-0.007047271835838018,-0.18813732714958498,0.5611237120089378,-0.20782733892018607,-0.30336206649705955,-0.31069175460500376,-0.33261327321306505,0.23367057266941213,-0.14418012460924717,fezouata
-1.0,0.2999999855100002,0.1345029237642352,0.11764706168858122,-0.843373495057628,0.5727272727614876,-0.05882353084429069,-1.0,-1.0,-1.0,0.6106066114388631,-0.20042218946478285,-0.352251523686725,-0.3169768752477678,-0.35142393049653947,0.2234517507192213,-0.06031419711452975,fezouata
-1.0,0.39999998757999994,0.1286549703991998,0.3529411728892733,-0.939759037136159,0.5818181820919008,0.058823530844290525,-1.0,-1.0,-1.0,0.6158864716244392,-0.22497886013628693,-0.4153123684381133,-0.27056126040120904,-0.2864744272459532,0.3088682481123148,0.037965208401350946,fezouata
-1.0,1.09999998137,0.08771929805447828,-0.1764705925328721,-0.843373495057628,0.5000000000000001,0.0,-1.0,-1.0,-1.0,0.6082877077478263,-0.22575285168386433,-0.22552115897048983,-0.32310553976083234,-0.29778408160474,0.2670459544671581,-0.16491706335823594,fezouata
-1.0,0.2999999855100002,0.1345029237642352,0.5294117654221453,-0.9759036138568733,0.6090909100831406,0.8823529383114186,-1.0,-1.0,-1.0,0.8763387710116296,-0.21504036295294018,-0.44720181230758543,-0.28463429103115684,-0.31242127304980616,0.29899730005706177,0.010264054801869102,fezouata
-1.0,0.6999999937900001,0.11111111030409353,0.5882352962664359,-0.9277108440645957,0.5727272727614876,0.5882352962664359,-1.0,-1.0,-1.0,0.8790540585296508,-0.20641133203034492,-0.41907152440689427,-0.2685104732962962,-0.29288855989617535,0.3025055566124877,0.11323513184945593,fezouata
-1.0,0.6999999937900001,0.11111111030409353,0.5882352962664359,-0.9277108440645957,0.6181818194135539,0.8235294074671281,-1.0,-1.0,-1.0,0.8297711984810638,-0.19611884399769494,-0.4145076658132639,-0.356386041606941,-0.36071495874565646,0.2912720709716374,0.17768585601198558,fezouata
-1.0,0.19999998344000008,0.14035087712927047,0.7058823457785467,-0.9277108440645957,0.6181818194135539,1.0588235308442906,-1.0,-1.0,-1.0,0.8742376865991247,-0.20671125828098277,-0.43959711451094746,-0.2662699337021873,-0.2894897540134786,0.30215921413985647,0.156320703992759,fezouata
-0.8461538504408284,0.5999999917200001,0.09356725141951369,0.0,-0.9156626509930325,0.6090909100831406,0.058823530844290525,0.43925750411449827,0.1831902453885044,-0.16277049880811323,0.7905392961644391,-0.22117202759881252,-0.2992194399773395,-0.3406152515223112,-0.3398615774439938,0.3182562923244963,-0.011765026378475868,fezouata
-1.0,1.2999999855100002,0.07602339132440744,0.17647058035640134,-0.8915662648499056,0.4909090906695868,0.7058823457785467,-1.0,-1.0,-1.0,0.48569133560016453,-0.19943450993686399,-0.3977536753395404,-0.23468177780630944,-0.26338629125644475,0.30839940792391124,-0.025407335563671994,fezouata
-1.0,0.6999999937900001,0.11111111030409353,0.17647058035640134,-0.9156626509930325,0.5909090914223141,0.17647058035640134,-1.0,-1.0,-1.0,0.687621270278579,-0.20620723308718208,-0.3321979382685362,-0.33380008951997886,-0.3576498920597354,0.24710570493451078,-0.13286180383846088,fezouata
-1.0,1.0097087346485436,0.09299948794615821,0.3595088445255147,-0.9031465680906398,0.498146514472087,0.8323814945701951,-1.0,-1.0,-1.0,0.7574574120063627,-0.21530670637079682,-0.3946373550404781,-0.2263148568853414,-0.22713114954481206,0.32416533000757963,0.09072731877625156,fezouata
-1.0,0.6999999937900001,0.11111111030409353,-0.1764705925328721,-0.903614457921469,0.5909090914223141,0.8235294074671281,-1.0,-1.0,-1.0,0.5519651864105738,-0.19603171630315397,-0.30957168102238575,-0.31888922495043753,-0.3371121634435394,0.2764848486068779,-0.02771117549495988,fezouata
-1.0,0.19999998344000008,0.14035087712927047,0.11764706168858122,-0.903614457921469,0.5909090914223141,0.7647058766228372,0.15560821494103522,-0.21256960947196726,-0.49187540920142825,0.6925636552805082,-0.20031607288881692,-0.4172379279156571,-0.3152862655366289,-0.3621853456981411,0.21031820664685513,-0.017192201615106376,fezouata
-1.0,0.89999999793,0.0994152035740227,0.3529411728892733,-0.9518072302077225,0.5727272727614876,0.5882352962664359,-1.0,-1.0,-1.0,0.4466301975951301,-0.17580455517648225,-0.33855246095474983,-0.3089491900059864,-0.39605466970412917,0.253979827209719,0.01512521660452135,fezouata
-1.0,1.311165027250825,0.07537046490373292,0.41861792578109985,-0.9273599241974979,0.5438217137151384,0.24129069419081522,-1.0,-1.0,-1.0,0.6294037569038431,-0.21754684528451132,-0.4550303237967689,-0.3470924930624687,-0.37804606910785676,0.30990795880165767,0.0006161070489193905,fezouata
-1.0,1.09999998137,0.08771929805447828,0.41176470373356394,-0.9277108440645957,0.5727272727614876,0.7058823457785467,-1.0,-1.0,-1.0,0.5563826793932326,-0.20230223225152552,-0.4267456647235869,-0.27620645292147317,-0.28933265276786474,0.27394154949081234,0.0766492617633537,fezouata
-1.0,1.4999999896500003,0.06432748459433675,0.0,-0.939759037136159,0.47272727389057867,0.3529411728892733,-1.0,-1.0,-1.0,0.6129219687819079,-0.18132826573178093,-0.39400134616307814,-0.23913730438857833,-0.2761721789567005,0.2802592966802352,0.06412058217739681,fezouata
-1.0,0.19999998344000008,0.14035087712927047,0.5882352962664359,-0.939759037136159,0.5909090914223141,1.2941176420449827,-1.0,-1.0,-1.0,0.8930344233450289,-0.19110101685873213,-0.4960304819014814,-0.3393677732744456,-0.3627390073207402,0.32742848074609426,0.09010901319185693,fezouata
-0.5000000039807693,1.39999998758,-0.005847953365035416,0.23529411120069205,-0.96385542078531,0.5636363634310744,-0.05882353084429069,0.2606635074376137,0.16136797379284057,0.14326949544212542,0.635312683080961,-0.19030049480801858,-0.28281266872755584,-0.3535064172064627,-0.36316214877880226,0.25219728657691254,-0.13041290815315387,fezouata
-0.10675422288955848,1.4234146268559025,-0.06700898680331055,-0.16843615542845805,-0.927005582595464,0.5697117513331732,-0.10903873534981857,0.20463401814812737,0.20927009060664797,0.2492456924866721,0.44959940132443266,-0.2240890868634659,-0.25472044262271937,-0.28252165692743597,-0.2983010792046362,0.2698956651973087,-0.19859731342835352,fezouata
-1.0,1.39999998758,0.07017543795937217,0.11764706168858122,-0.9759036138568733,0.5727272727614876,0.23529411120069205,-1.0,-1.0,-1.0,0.6907950076526516,-0.18066190647825847,-0.48832300246318044,-0.24416337185619652,-0.3040184129753873,0.25479665936348467,0.05149276545570195,fezouata
-1.0,0.9999999793000002,0.09356725141951369,0.47058823457785465,-0.939759037136159,0.6181818194135539,0.7647058766228372,0.2291469197516733,0.03254726203567939,-0.3874195490474939,0.7319360120758781,-0.18130851790399585,-0.3265629466869625,-0.2185147270820717,-0.2634537044948215,0.34864385453058916,0.15049488954235768,fezouata
-0.5000000039807693,1.2999999855100002,0.0,0.17647058035640134,-0.843373495057628,0.48181818322099174,0.7058823457785467,0.301407384884253,0.2616038838073705,0.1394184514981384,0.4590068240802924,-0.20050788407722817,-0.3242155016004093,-0.32073922522613707,-0.318321354100639,0.25887886044272806,-0.030490882560760796,fezouata
-1.0,0.7999999958599999,0.10526315693905812,0.0,-0.903614457921469,0.5818181820919008,0.058823530844290525,-1.0,-1.0,-1.0,0.5757199617285664,-0.20339090383650535,-0.46457500300090737,-0.29326287781095284,-0.3135353978535518,0.24858720790413666,-0.051923925863061514,fezouata
-1.0,0.0,0.15204678264881502,0.2941176420449826,-0.939759037136159,0.6545454548533886,0.3529411728892733,-1.0,-1.0,-1.0,0.8820202448173179,-0.17211667171489226,-0.4551782126076013,-0.31530770459149826,-0.35121816926440974,0.20873683775625623,0.010499589966788828,fezouata
-1.0,1.09999998137,0.08771929805447828,0.23529411120069205,-0.8915662648499056,0.5454545466520662,0.8235294074671281,-1.0,-1.0,-1.0,0.4986716294585359,-0.18050449252208947,-0.393572443883309,-0.25889244010908435,-0.3034116200458309,0.2278106683515461,0.1523192076308102,fezouata
-1.0,0.39999998757999994,0.1286549703991998,0.41176470373356394,-0.939759037136159,0.6181818194135539,2.352941172889273,-1.0,-1.0,-1.0,0.7791312272842258,-0.19162098753730705,-0.3839004732634033,-0.30651516723458117,-0.3463173498527477,0.40102799894163355,0.07356465938675204,fezouata
-1.0,0.5999999917200001,0.11695906366912895,0.23529411120069205,-0.96385542078531,0.6363636361925621,0.23529411120069205,-1.0,-1.0,-1.0,0.5423540873733222,-0.1972229630768572,-0.39491941063295116,-0.24260516023359446,-0.26376601408681655,0.23548967042065622,0.10674297397315023,fezouata
-1.0,0.9999999793000002,0.09356725141951369,0.11764706168858122,-0.9156626509930325,0.5090909093304133,0.41176470373356394,-1.0,-1.0,-1.0,0.6013797445535988,-0.1835477010672079,-0.4652387252991304,-0.33927588870336,-0.3731901802285168,0.28260763148438245,-0.07856220970111671,fezouata
-1.0,0.49999998965,0.12280701703416437,0.47058823457785465,-0.9518072302077225,0.6000000007527274,1.8823529383114186,-1.0,-1.0,-1.0,0.6059578929450291,-0.1953639870318466,-0.4703256393845739,-0.29606336278005435,-0.3075731422401071,0.3647022461373067,0.16166180957939846,fezouata
-1.0,1.09999998137,0.08771929805447828,0.23529411120069205,-0.96385542078531,0.5545454559824794,-0.11764706168858138,0.3179663941966262,-0.13741322452223442,-0.3679301062818446,0.6026518289628945,-0.19019315282725616,-0.27338448215482786,-0.32815317348032286,-0.35401627008198566,0.25773305194966833,-0.09104854289237858,fezouata
-0.9615384606198225,0.49999998965,0.11695906366912895,0.5882352962664359,-0.9759036138568733,0.6454545455229753,1.1176470495121105,0.49703791508216627,0.011472650794029563,-0.43304891935246054,0.958269904615797,-0.2217728858671129,-0.41798011416776865,-0.2588028959628555,-0.2644697057488947,0.31110274067101673,0.1266572067883429,fezouata
-1.0,-0.10000000207000007,0.15789473601385046,0.23529411120069205,-0.96385542078531,0.6727272735142149,0.47058823457785465,0.2606635074376137,-1.0,-0.5291573193270894,1.0092592524183102,-0.2318672486690684,-0.38406736537355257,-0.3042761794439099,-0.332937310462816,0.3215435049770901,-0.05421452699414993,fezouata
-0.8461538504408284,0.89999999793,0.07602339132440744,0.6470588149342559,-0.9156626509930325,0.5636363634310744,0.23529411120069205,0.3867298581813752,-0.0022895229645954296,-0.11714112850314662,0.5627498627974721,-0.2123436645250932,-0.2940761982315999,-0.3162330615169417,-0.2970064984545364,0.29469943251909847,0.019780632922070104,fezouata
-1.0,0.39999998757999994,0.1286549703991998,0.7058823457785467,-0.8915662648499056,0.6090909100831406,0.8823529383114186,-1.0,-1.0,-1.0,0.9840139901748963,-0.21989812852199908,-0.31430578550932564,-0.30548296482654985,-0.29465199609034615,0.309455083970257,0.11945708241912625,fezouata
-1.0,0.49999998965,0.12280701703416437,-0.05882353084429069,-0.9156626509930325,0.5909090914223141,-0.05882353084429069,-1.0,-1.0,-1.0,0.6268124536794567,-0.17759976124286875,-0.4219075156825628,-0.2499224260457386,-0.29735290438026774,0.25838734514374834,-0.08040613060443445,fezouata
-1.0,0.89999999793,0.0994152035740227,0.3529411728892733,-0.8554216881291915,0.46363636456016544,0.0,-1.0,-1.0,-1.0,0.610982680734144,-0.19166861413969913,-0.49737615924403616,-0.32051612422667325,-0.37789206277261145,0.27611314963735073,-0.09003530356237327,fezouata
-1.0,1.311165027250825,0.07537046490373292,-0.23158195585386498,-0.951573282798332,0.5803618712277615,-0.6453455124664897,-1.0,-1.0,-1.0,0.6198512841521385,-0.1925234834911606,-0.24481820023538706,-0.2943663563316306,-0.3039383974015085,0.21190112722036575,-0.0730000323308441,fezouata
-1.0,0.39999998757999994,0.1286549703991998,0.11764706168858122,-0.903614457921469,0.6181818194135539,0.058823530844290525,-1.0,-1.0,-1.0,0.6336586418460131,-0.2445459901868235,-0.35177968017674666,-0.31989647893828466,-0.3576011891442506,0.2955969186494897,-0.16681838729314002,fezouata
-1.0,1.1101941724159707,0.08712314652850764,0.65505425080344,-0.963679962098749,0.5986319509249819,0.714163332059025,-1.0,-1.0,-1.0,0.6394485813800678,-0.21737199730837173,-0.4824108104367109,-0.27401192302731864,-0.299275586926979,0.2962566151374197,0.04263215989204252,fezouata
-0.7307692323002959,0.9999999793000002,0.052631577864265915,0.41176470373356394,-0.9277108440645957,0.5272727279912397,0.23529411120069205,0.2752096247826376,0.34388717990357415,-0.004665245353641789,0.6366833297043428,-0.24868052010528824,-0.3445053200859149,-0.2614500029697321,-0.24957519001364536,0.34470582931618343,0.045758531270184026,fezouata
-0.7658371022261138,0.623529412495294,0.07997935984843295,0.37283736750356195,-0.9510985120879919,0.5866310167753818,0.6115916906985548,0.23134575139205693,0.15719364234657604,-0.08915556357356688,0.5015591474083365,-0.20605899390090918,-0.3178654852153349,-0.35250806828080133,-0.378013398820814,0.2624941768313036,-0.09694482151513345,fezouata
-1.0,0.39999998757999994,0.1286549703991998,0.41176470373356394,-0.9277108440645957,0.6363636361925621,0.47058823457785465,-1.0,-1.0,-1.0,0.723648777586051,-0.23568590576480541,-0.3455039437961935,-0.35266768652799746,-0.34357202886119426,0.34179927640980684,-0.028165672737753628,fezouata
-0.5769230747795858,0.7999999958599999,0.0409356723447215,0.41176470373356394,-0.807228915842938,0.5363636373216529,0.8235294074671281,0.15864449526410168,0.08488325620089025,0.05376762660608079,0.48654332553688184,-0.19856408870891248,-0.3648297119028951,-0.3158585439330403,-0.3547306255683033,0.21844251795787753,0.01978836745235677,fezouata
-1.0,0.6999999937900001,0.11111111030409353,0.23529411120069205,-0.9156626509930325,0.6181818194135539,0.23529411120069205,-1.0,-1.0,-1.0,0.7658007369124262,-0.24219018045406712,-0.40905376527502235,-0.30090064954358,-0.2848146712198975,0.33057967207817635,0.01761341309425463,fezouata
-1.0,0.7999999958599999,0.10526315693905812,0.3529411728892733,-0.939759037136159,0.5818181820919008,0.7058823457785467,0.2606635074376137,-1.0,-0.4089641287708005,0.5709468016531893,-0.20701094314753465,-0.3090180992593569,-0.3365517422876276,-0.3580105732092348,0.26819732764026916,-0.04574317959173566,fezouata
-1.0,0.89999999793,0.0994152035740227,0.058823530844290525,-0.9156626509930325,0.5454545466520662,0.41176470373356394,0.4265402848979133,0.32174450816220906,-0.3979082265850225,0.5960081547185456,-0.19011871519427684,-0.47314318595680427,-0.2640675392173323,-0.27785109740135433,0.2410177912574271,0.062355970348171225,fezouata
-1.0,0.89999999793,0.0994152035740227,0.23529411120069205,-0.9518072302077225,0.5454545466520662,0.17647058035640134,-1.0,-1.0,-1.0,0.8545151999119478,-0.21594416694758364,-0.36147972189546884,-0.29095975601935803,-0.3025864045213102,0.29479863473058626,-0.07245648964256772,fezouata
-1.0,0.5999999917200001,0.11695906366912895,0.47058823457785465,-0.903614457921469,0.5545454559824794,1.4705882345778547,-1.0,-1.0,-1.0,0.615188093380942,-0.20122870045038466,-0.3783064358120755,-0.24606790403105688,-0.2798177418955215,0.3452827919715541,0.13498253717230954,fezouata
-1.0,1.2999999855100002,0.07602339132440744,0.17647058035640134,-0.96385542078531,0.5545454559824794,0.11764706168858122,-1.0,-1.0,-1.0,0.5944524419087258,-0.18420575757802776,-0.4832677980773753,-0.26038476495606044,-0.30734408533456975,0.2887929693301755,6.501383476831546e-5,fezouata
-1.0,0.5999999917200001,0.11695906366912895,0.41176470373356394,-0.96385542078531,0.6454545455229753,1.0,-1.0,-1.0,-1.0,0.8716581913635036,-0.19644369913543935,-0.504689958853364,-0.2569781531960578,-0.2841231821172962,0.28450525724597525,0.12452082990697824,fezouata
-1.0,0.7999999958599999,0.10526315693905812,0.7058823457785467,-0.9277108440645957,0.5818181820919008,1.0588235308442906,-1.0,-1.0,-1.0,0.6119080911051876,-0.187023151310777,-0.39499588748687636,-0.24314424021220168,-0.2715886032854235,0.23859800987381602,0.2164467756308858,fezouata
-1.0,0.89999999793,0.0994152035740227,0.7058823457785467,-0.903614457921469,0.5090909093304133,1.529411765422145,-1.0,-1.0,-1.0,0.4931461883789011,-0.19485734031988758,-0.46275663431905645,-0.31214414213695246,-0.34172776815038264,0.32960606475762166,0.13217291035460815,fezouata
-1.0,0.4067961080439807,0.12825753645206137,0.595945169547855,-0.9152532448970809,0.5894969110763718,0.53683608829227,-1.0,-1.0,-1.0,0.7577860316100362,-0.1874753756972045,-0.3983154925279732,-0.32082410633023295,-0.3351816557506728,0.24932017233008585,0.07397157562657629,fezouata
-1.0,0.19999998344000008,0.14035087712927047,0.5294117654221453,-0.9879518069284366,0.6272727287439669,0.2941176420449826,-1.0,-1.0,-1.0,1.061788658225683,-0.23285539139347652,-0.37213761424110925,-0.3198644405571485,-0.32066623635115193,0.3360232873273836,-0.006143310890939078,fezouata
-1.0,0.89999999793,0.0994152035740227,0.8235294074671281,-0.96385542078531,0.6363636361925621,1.4117647037335639,0.3601895739137934,0.2180971578106042,-0.3979082265850225,0.7504550194764374,-0.21134590775524556,-0.5604138167467403,-0.2282584448999976,-0.25195084696890774,0.2744047495458759,0.1760235633258307,fezouata
-1.0,0.7082524213462621,0.11062851219910978,0.53683608829227,-0.9273599241974979,0.5894969110763718,0.65505425080344,0.365718799934192,0.04079677026425118,-0.4089641287708005,0.7157261011665399,-0.2064993447998675,-0.3258528830097039,-0.26449527602732265,-0.2587711252300049,0.292848548672652,0.14225140305188394,fezouata
-1.0,1.19999998344,0.08187134468944286,0.23529411120069205,-0.8674698787067789,0.5545454559824794,0.17647058035640134,0.3179663941966262,-0.13741322452223442,-0.3679301062818446,0.542735958586117,-0.21755922002451916,-0.44805824356026,-0.24947754689564294,-0.27682800615972225,0.3149955686667724,-0.06329944028110311,fezouata
-1.0,0.7249999839575,0.10964912256809785,0.25346019981783013,-0.889971651574488,0.5405080219594484,-0.1046712788864238,-1.0,-1.0,-1.0,0.631527662082142,-0.21349208410791437,-0.30930447789819476,-0.3379915894670426,-0.3177564128913994,0.26679114801214143,-0.03622180466686144,fezouata
-1.0,0.514634144372439,0.12195121850834399,0.24734576076907755,-0.9391713192452159,0.643148559876724,0.009756092630989827,-1.0,-1.0,-1.0,0.7223195363041996,-0.22867277711270903,-0.3573459732968077,-0.30538683696344143,-0.32471183020580663,0.2549682464300557,-0.110024791009613,fezouata
-1.0,0.89999999793,0.0994152035740227,0.5882352962664359,-0.8674698787067789,0.5727272727614876,1.4705882345778547,-1.0,-1.0,-1.0,0.6744594401177505,-0.19942023021974575,-0.4504786372943589,-0.2572261237535639,-0.27596656529290214,0.33811305488897914,0.13907287276790006,fezouata
-1.0,0.49999998965,0.12280701703416437,0.47058823457785465,-0.903614457921469,0.6000000007527274,1.2941176420449827,-1.0,-1.0,-1.0,0.8117947712101068,-0.21595399084495398,-0.5531588154253299,-0.32451945401525933,-0.359675955613308,0.3132121218958584,0.11741270139881713,fezouata
-0.7294622820722912,0.5072815458114078,0.08124680511085706,0.24129069419081522,-0.9031465680906398,0.5803618712277615,1.2461450511828198,0.45841464573560564,0.30390290134436215,-0.05426531061545082,0.910621400607279,-0.23026632199773722,-0.35719343687994964,-0.30418171404563177,-0.3155821893915657,0.33403324106795734,-0.07837905234383971,fezouata
-0.9230769212396449,0.39999998757999994,0.11695906366912895,0.11764706168858122,-0.9277108440645957,0.6363636361925621,1.9999999999999996,0.37322274944325695,-0.03789760036589742,-0.318616233326629,0.6295464447256943,-0.2070034439311359,-0.3591171858886379,-0.34760515422353605,-0.3752957267684447,0.5119399320783049,-0.030113308679682028,fezouata
-1.0,1.09999998137,0.08771929805447828,0.5882352962664359,-0.9156626509930325,0.5090909093304133,0.6470588149342559,-1.0,-1.0,-1.0,0.6407831006122794,-0.1830537041861296,-0.5722914418313656,-0.18693642513802256,-0.2029423282019581,0.27653365919969297,0.25921451822221553,fezouata
-1.0,1.2999999855100002,0.07602339132440744,0.5294117654221453,-0.939759037136159,0.5363636373216529,0.41176470373356394,-1.0,-1.0,-1.0,0.571532604751148,-0.1973685242045554,-0.4318348330635444,-0.2621856163097696,-0.2713226569800954,0.3041909776843063,0.13085778640668227,fezouata
-0.9230769212396449,0.19999998344000008,0.1286549703991998,0.5294117654221453,-0.96385542078531,0.6181818194135539,-0.11764706168858138,0.0715639813219716,-0.05712218767033899,-0.3045082686168662,0.995987900774403,-0.21056467142314367,-0.2604508414972029,-0.25984298585704796,-0.271028286331078,0.2613040318459996,0.01912856887304016,fezouata
-1.0,0.9092232968811166,0.09887582936380877,0.77327241331461,-0.951573282798332,0.5438217137151384,0.9505996570813651,-1.0,-1.0,-1.0,0.7083754705173072,-0.230582326385665,-0.45103489501867183,-0.2590637795601145,-0.2810531222556525,0.31269655935427226,0.042839323480114946,fezouata
-1.0,0.49999998965,0.12280701703416437,0.7058823457785467,-0.96385542078531,0.6636363641838018,1.588235284089965,-1.0,-1.0,-1.0,0.8044708855237152,-0.21411003497905484,-0.4310457909942957,-0.2482426484313821,-0.2657624606762761,0.45565683118771205,0.1243469044952033,fezouata
-1.0,0.607766983578835,0.11650485361676036,0.12307253167964523,-0.9273599241974979,0.5620917915305408,0.30039977544640023,-1.0,-1.0,-1.0,0.8039831605979162,-0.2170439335019897,-0.3317762248748569,-0.26928575047780445,-0.27567380582175777,0.31531016696269526,-0.08340641771793969,fezouata
-1.0,1.0097087346485436,0.09299948794615821,0.30039977544640023,-0.9152532448970809,0.5529567516819307,0.18218161293523022,-1.0,-1.0,-1.0,0.6515512413696234,-0.20160042106952958,-0.4449726261635213,-0.2844779188514793,-0.3210047433465622,0.25338251522153604,0.03888047489939829,fezouata
-1.0,1.09999998137,0.08771929805447828,0.0,-0.96385542078531,0.5727272727614876,-0.41176470373356405,-1.0,-1.0,-1.0,0.4431168052023403,-0.19444999162712542,-0.3167166036294897,-0.2180241129775483,-0.25629297804399087,0.23268571652104794,-0.05645888274050138,fezouata
-1.0,0.2999999855100002,0.1345029237642352,0.23529411120069205,-0.903614457921469,0.6090909100831406,1.8823529383114186,-1.0,-1.0,-1.0,0.7531014232183924,-0.18719201578860684,-0.4518488310346845,-0.31658549642913814,-0.33990286438006045,0.4721506225044092,0.04602523297552081,fezouata
-1.0,0.2999999855100002,0.1345029237642352,0.5882352962664359,-0.9759036138568733,0.5545454559824794,1.4117647037335639,0.03554502405665868,0.28117919116169365,-0.46035400313538194,1.1539571081731224,-0.22880617226501412,-0.49048065080067293,-0.272808615210743,-0.2812418903236557,0.360497131650561,0.16326182946202691,fezouata
-1.0,0.6999999937900001,0.11111111030409353,0.47058823457785465,-0.9156626509930325,0.6000000007527274,1.7058823457785468,-1.0,-1.0,-1.0,0.843600996622076,-0.20039790970515056,-0.43682995858590035,-0.29894276076986726,-0.2990057756728983,0.4519105411639193,0.05421631945092271,fezouata
-1.0,0.10000000206999991,0.1461988292837796,0.2941176420449826,-0.96385542078531,0.6363636361925621,0.2941176420449826,-1.0,-1.0,-1.0,1.125712670702988,-0.2420655403677969,-0.4433974144884153,-0.3240198776098988,-0.3309229987145444,0.304127541030365,0.025391977540243908,fezouata
-0.6538461535399409,1.09999998137,0.035087718979686086,0.7058823457785467,-0.9518072302077225,0.5909090914223141,1.1176470495121105,0.4644833556850548,0.47739699592905926,0.04654978158147165,0.764127655048634,-0.21693400805911875,-0.4334562381891332,-0.24929714847405343,-0.26228161887509077,0.3128169415833911,0.11322530347585953,fezouata
-1.0,1.09999998137,0.08771929805447828,0.41176470373356394,-0.9759036138568733,0.6000000007527274,0.5294117654221453,-1.0,-1.0,-1.0,0.804963687538939,-0.21399039437038375,-0.4949308870183954,-0.2566529358985806,-0.2774444916455913,0.3083166091176864,0.12173489841606568,fezouata
-1.0,1.09999998137,0.08771929805447828,0.5882352962664359,-0.939759037136159,0.5727272727614876,1.764705876622837,-1.0,-1.0,-1.0,0.7038467186867982,-0.1975470744906614,-0.5672969588046645,-0.2918125928454649,-0.3143311506899424,0.3577171774859328,0.1785347476771132,fezouata
-1.0,0.49999998965,0.12280701703416437,0.058823530844290525,-0.939759037136159,0.6181818194135539,0.5882352962664359,-1.0,-1.0,-1.0,0.5695673895902948,-0.1864455039707736,-0.42306341614705645,-0.25885944011860507,-0.3091321386094796,0.24918399311658093,-0.0846390664468896,fezouata
-1.0,0.9999999793000002,0.09356725141951369,0.5294117654221453,-0.9156626509930325,0.5454545466520662,0.8823529383114186,-1.0,-1.0,-1.0,0.5312832685314041,-0.1923502545281017,-0.531024546467009,-0.23487277428219572,-0.25330857086648567,0.28202891593732954,0.24240917319352795,fezouata
-1.0,1.1204877855614148,0.08652118084464556,0.7819225171238923,-0.927005582595464,0.5146341472777829,1.4946915337146256,-1.0,-1.0,-1.0,0.7620994452884873,-0.19286767653867046,-0.5157468984057676,-0.2149605896939557,-0.24418005023003314,0.32122034762337615,0.27963221883373157,fezouata
-1.0,0.7999999958599999,0.10526315693905812,0.2941176420449826,-0.96385542078531,0.6272727287439669,0.2941176420449826,-1.0,-1.0,-1.0,0.7910423153333548,-0.19154762634687286,-0.5040588139550967,-0.2926521528483902,-0.3313508073564697,0.2722863879823803,0.019324070388375303,fezouata
-1.0,0.19999998344000008,0.14035087712927047,0.5294117654221453,-0.9759036138568733,0.6909090921750414,0.2941176420449826,-1.0,-1.0,-1.0,0.8400142657034152,-0.2124199027528757,-0.41544966600614075,-0.3216531471410034,-0.3426411664851601,0.25004405162114685,0.01114438266905208,fezouata
-0.5727954947883171,0.7165853512020974,0.04518613528962902,0.603730269064444,-0.9148398484396879,0.5329933480023068,0.42553802100499616,0.35541926102155474,0.22285508470103335,0.028645969815177016,0.7336606719820625,-0.21301436651753075,-0.38699360852167036,-0.300608553073735,-0.3278910624605541,0.2778212465183871,0.020683761473900567,fezouata
-1.0,0.6999999937900001,0.11111111030409353,0.8235294074671281,-0.9156626509930325,0.6272727287439669,1.4117647037335639,-1.0,-1.0,-1.0,0.7090440958231345,-0.22302727741291145,-0.48930416618844713,-0.26038520251375114,-0.28313218028009324,0.3386855748826493,0.17746824224230337,fezouata
-1.0,0.5999999917200001,0.11695906366912895,0.2941176420449826,-0.939759037136159,0.5727272727614876,0.5882352962664359,-1.0,-1.0,-1.0,0.6223214497104104,-0.19776609140525975,-0.2859021565534454,-0.32122824300827174,-0.30020704225939937,0.3295982958634386,-0.0006120208819755179,fezouata
-1.0,0.9092232968811166,0.09887582936380877,0.47772700703668486,-0.8668265301893887,0.525551634017918,0.004854369168475045,-1.0,-1.0,-1.0,0.5952110841952748,-0.20566716446516584,-0.36589416381918377,-0.2565269803382498,-0.2617912721158462,0.2627338912312715,0.11690234612700044,fezouata
-1.0,0.89999999793,0.0994152035740227,0.5294117654221453,-0.9156626509930325,0.5727272727614876,0.23529411120069205,-1.0,-1.0,-1.0,0.5747917751136501,-0.21194904394994218,-0.32322794824481565,-0.27210946289163845,-0.2974860700425278,0.2809811233623833,0.0015976690676398416,fezouata
-1.0,0.9999999793000002,0.09356725141951369,0.5882352962664359,-0.9277108440645957,0.5454545466520662,1.0588235308442906,-1.0,-1.0,-1.0,0.6743777140014214,-0.20965770551443785,-0.39741313718725535,-0.24872489933295278,-0.2663572334944745,0.2220995530287597,0.13953969196132285,fezouata
-1.0,0.5999999917200001,0.11695906366912895,0.47058823457785465,-0.8915662648499056,0.6000000007527274,0.3529411728892733,-1.0,-1.0,-1.0,0.6286903745954247,-0.20050487764931121,-0.3672254965078916,-0.2673006135620918,-0.3109552420461586,0.2689702361989545,-0.0037723093492454188,fezouata
-1.0,0.19999998344000008,0.14035087712927047,0.2941176420449826,-0.9759036138568733,0.5818181820919008,0.3529411728892733,-1.0,-1.0,-1.0,1.1062378212648574,-0.22601943866043828,-0.4069533652874758,-0.34067612037616546,-0.3379391886924152,0.3196279590594005,0.06792421986404214,fezouata
-1.0,1.09999998137,0.08771929805447828,-0.05882353084429069,-0.9156626509930325,0.5727272727614876,0.47058823457785465,-1.0,-1.0,-1.0,0.4966708878429181,-0.20214334498258008,-0.3932317092289165,-0.29525320182045117,-0.3275322795764086,0.2704014516475006,-0.027999247092015588,fezouata
-1.0,0.6999999937900001,0.11111111030409353,0.5294117654221453,-0.939759037136159,0.6090909100831406,0.8235294074671281,0.11235015339895374,-0.11549282591882652,-0.42065213160526965,0.8159305600235395,-0.2253244036298991,-0.3679991849180897,-0.33765942594122716,-0.3116590142000539,0.304878927935695,0.08278705252193075,fezouata
-1.0,0.8087378591136895,0.10475217078145921,-0.11336379334269496,-0.9152532448970809,0.5620917915305408,-0.11336379334269496,0.22564507639531026,-0.158098347990243,-0.4089641287708005,0.6320628947351878,-0.21382182455510926,-0.33658351866922703,-0.32529436995727873,-0.3188430752286706,0.24210104548083997,-0.06926079301593359,fezouata
-0.6538461535399409,0.5999999917200001,0.06432748459433675,-0.1764705925328721,-0.903614457921469,0.5181818186608266,-0.2352941233771626,0.21175845751491335,0.28361209644337515,-0.027965066322633878,0.7863405370361292,-0.19244719198490878,-0.34851699892593496,-0.25367811853296657,-0.3117923488951299,0.24851391062317188,-0.11990199557004305,fezouata
-1.0,0.6999999937900001,0.11111111030409353,0.5294117654221453,-0.9518072302077225,0.5636363634310744,0.5294117654221453,0.3348201844569435,0.21426289965309903,-0.42065213160526965,0.8662828226263011,-0.2109674425167992,-0.35513355827643467,-0.3581986892107158,-0.343257575503803,0.30537483908739066,0.004211873682252886,fezouata
-1.0,0.2999999855100002,0.1345029237642352,0.5882352962664359,-0.9156626509930325,0.6363636361925621,1.4117647037335639,-1.0,-1.0,-1.0,1.1629873610145587,-0.19399592424058254,-0.3967209971516667,-0.23689285348662475,-0.25318417881229277,0.4015988135512477,0.2942975639976308,fezouata
-1.0,0.89999999793,0.0994152035740227,0.17647058035640134,-0.8554216881291915,0.5000000000000001,0.23529411120069205,-1.0,-1.0,-1.0,0.48530179709739785,-0.19411745025468144,-0.49389236234085154,-0.26504941740306465,-0.3060730175857838,0.2500797626846514,0.030593001836969926,fezouata
-1.0,0.2999999855100002,0.1345029237642352,0.47058823457785465,-0.8915662648499056,0.6000000007527274,1.4705882345778547,-1.0,-1.0,-1.0,0.7207162433254843,-0.1939392457349688,-0.44115751787554836,-0.35159861352468313,-0.3956736643708044,0.2948746783715361,-0.00611399391211249,fezouata
-1.0,0.6999999937900001,0.11111111030409353,-0.1764705925328721,-0.9156626509930325,0.5727272727614876,0.2941176420449826,-1.0,-1.0,-1.0,0.7109352002959954,-0.19877637731394507,-0.39750244408327756,-0.2893103212500865,-0.3242404084142996,0.24276540889441237,0.08711631150161495,fezouata
-0.7692307716804734,0.39999998757999994,0.09356725141951369,-0.11764706168858138,-0.939759037136159,0.6090909100831406,0.0,0.11740629085524812,0.11059255043636049,-0.14328105557162119,0.6815565052391381,-0.21953029831843693,-0.41830022272454104,-0.2613586437222692,-0.311248673623976,0.2739744261654948,-0.03619565700540827,fezouata
-1.0,0.5999999917200001,0.11695906366912895,-0.05882353084429069,-0.903614457921469,0.5454545466520662,-0.2941176542214533,-1.0,-1.0,-1.0,0.5520832914058424,-0.2124983156120627,-0.21076513348119902,-0.32858329269018094,-0.3343881137561929,0.26538569147803154,-0.22240842023478372,fezouata
-1.0,0.7999999958599999,0.10526315693905812,0.11764706168858122,-0.8915662648499056,0.5000000000000001,0.7058823457785467,-1.0,-1.0,-1.0,0.6066444821333739,-0.1827426731802241,-0.35940512550489156,-0.3109479916957401,-0.3503748363733834,0.22598845396028855,-0.04234656600956988,fezouata
-1.0,0.89999999793,0.0994152035740227,0.11764706168858122,-0.8915662648499056,0.5727272727614876,0.41176470373356394,-1.0,-1.0,-1.0,0.6797424313466387,-0.21719694600419578,-0.41942581549881497,-0.3343160908743471,-0.3431462244655155,0.2828056796001608,-0.10058288695581395,fezouata
-1.0,0.9092232968811166,0.09887582936380877,-0.05425471208710996,-0.963679962098749,0.6077669907735923,-0.11336379334269496,-1.0,-1.0,-1.0,0.678799495035773,-0.21386762229249012,-0.5012062767603994,-0.13454807531250604,-0.18149293987423457,0.2713992263770104,0.1486193547775523,fezouata
-1.0,0.6999999937900001,0.11111111030409353,0.17647058035640134,-0.939759037136159,0.6363636361925621,0.0,-1.0,-1.0,-1.0,0.6387841457534668,-0.1896120706569493,-0.24040153938337963,-0.3349001324496033,-0.36034342193308677,0.2370182366805477,-0.010782560200144417,fezouata
-1.0,0.4067961080439807,0.12825753645206137,0.53683608829227,-0.9031465680906398,0.5346866738665281,0.3595088445255147,-1.0,-1.0,-1.0,0.776381388804098,-0.20483909527113464,-0.41955635913485567,-0.3006929788125599,-0.3253467174626019,0.24225190664679616,-0.004577842595411704,fezouata
-1.0,1.09999998137,0.08771929805447828,-0.35294117288927346,-0.939759037136159,0.5454545466520662,-0.7058823579550173,-1.0,-1.0,-1.0,0.79418446567892,-0.18393422548963972,-0.30004877381017975,-0.23987367836669435,-0.2790212270699289,0.2522449416165822,-0.14361497726500175,fezouata
-0.9230769212396449,0.6999999937900001,0.0994152035740227,0.0,-0.9156626509930325,0.5909090914223141,-0.41176470373356405,0.21397226646809694,-0.04028092325823693,-0.3260528483401727,0.5309029696316702,-0.1773935376848236,-0.26555253077481883,-0.26056515701779986,-0.2872210116558498,0.19469942336689386,-0.03799125137063859,fezouata
-1.0,0.89999999793,0.0994152035740227,0.3529411728892733,-0.8795180717783423,0.5090909093304133,0.23529411120069205,-1.0,-1.0,-1.0,0.440720844588524,-0.18314430694165496,-0.42322627444427985,-0.2419684349316321,-0.27836580366752306,0.21947055015484948,0.05191878960197283,fezouata
-1.0,0.9999999793000002,0.09356725141951369,0.3529411728892733,-0.9156626509930325,0.5818181820919008,1.9999999999999996,-1.0,-1.0,-1.0,0.6846340656227338,-0.20313367321154968,-0.42426566903002993,-0.3173378679743315,-0.3248665958471935,0.426167532001429,0.05952162031696516,fezouata
-1.0,0.2999999855100002,0.1345029237642352,0.5882352962664359,-0.9277108440645957,0.6818181828446281,1.529411765422145,-1.0,-1.0,-1.0,0.8004373036448269,-0.19755618293429955,-0.3220419321764321,-0.35264432552641156,-0.3474824206106156,0.2686760067978076,0.1245912052496155,fezouata
-1.0,1.1101941724159707,0.08712314652850764,0.41861792578109985,-0.9394666034979149,0.5894969110763718,0.8323814945701951,-1.0,-1.0,-1.0,0.6659924840710909,-0.20061121168841764,-0.4176625822172822,-0.29719345600165675,-0.2960615365952015,0.2752444433475151,0.15090815710688824,fezouata
-1.0,0.6999999937900001,0.11111111030409353,0.6470588149342559,-0.9156626509930325,0.6363636361925621,1.3529411728892733,-1.0,-1.0,-1.0,0.6262715376497768,-0.2171932958853832,-0.38689889450585874,-0.26762757727442127,-0.24880073397053729,0.2606826949717403,0.2083134665408741,fezouata
-1.0,0.89999999793,0.0994152035740227,0.058823530844290525,-0.9277108440645957,0.5454545466520662,0.23529411120069205,-1.0,-1.0,-1.0,0.5125160036001805,-0.2012094332161399,-0.3884661025838899,-0.2792848328150257,-0.31346657198378447,0.2934712688572065,-0.008072942952893219,fezouata
-1.0,0.19999998344000008,0.14035087712927047,0.17647058035640134,-0.9518072302077225,0.6181818194135539,0.5294117654221453,-1.0,-1.0,-1.0,0.8182501531450413,-0.14046393521146752,-0.3764095082371156,-0.30788894447468584,-0.3594906567426231,0.19186065685683137,0.05787188117319926,fezouata
-1.0,0.10000000206999991,0.1461988292837796,0.17647058035640134,-0.9518072302077225,0.6363636361925621,0.7058823457785467,-1.0,-1.0,-1.0,0.7801403209309188,-0.19723519537850806,-0.39687962954963457,-0.2920446866730465,-0.31882889927814373,0.3206364956635504,-0.03794518681782365,fezouata
-0.8076923110606509,1.09999998137,0.058479531229301336,0.17647058035640134,-0.7951807227713746,0.4272727272385124,0.23529411120069205,0.2945523114891013,0.206621545424653,-0.07315421143392375,0.5561770237261058,-0.17913509124519597,-0.2537431956922694,-0.2559554765715871,-0.2928855173054878,0.25461589144813124,0.04440547703345278,fezouata
-0.9615384606198225,0.9999999793000002,0.08771929805447828,0.3529411728892733,-0.9277108440645957,0.6000000007527274,0.8235294074671281,0.1205897845290636,-0.1345989050416104,-0.4089641287708005,0.716322989071576,-0.1990661415120292,-0.42764443886859294,-0.2615138558652787,-0.2494496093636196,0.29148896214901765,0.28125943012697824,fezouata
-1.0,0.10000000206999991,0.1461988292837796,-0.2352941233771626,-0.9518072302077225,0.6363636361925621,-0.588235296266436,-1.0,-1.0,-1.0,0.8049681731587649,-0.22863908446104184,-0.3036504609384158,-0.33737736913083527,-0.3512238734511837,0.2639862146170614,-0.21187146785487496,fezouata
-0.5748693083608535,0.9092232968811166,0.03423607498017907,-0.05425471208710996,-0.8789332094898058,0.498146514472087,0.8323814945701951,0.23731788695285538,-0.013137150417629249,0.07185537824484997,0.5041466116369333,-0.205307777268032,-0.3426097636099297,-0.30036710645051684,-0.31542414639169136,0.2769564141960197,-0.1078612227176301,fezouata
-1.0,0.6999999937900001,0.11111111030409353,0.7058823457785467,-0.9518072302077225,0.6181818194135539,1.2352941112006919,-1.0,-1.0,-1.0,0.766214291468193,-0.219788447725161,-0.4245628552847799,-0.3364116017175131,-0.32891218299419683,0.38805380243429205,0.1790651974997239,fezouata
-0.8454070183270236,0.7082524213462621,0.08712314652850764,0.47772700703668486,-0.9394666034979149,0.5894969110763718,0.65505425080344,0.4388007424034789,0.014887325820641839,-0.21710264507124294,0.8553923028164054,-0.20438829635559277,-0.37156972315045494,-0.2795739605068187,-0.3046001742913464,0.3213830598461694,0.02023850886656832,fezouata
-1.0,0.5999999917200001,0.11695906366912895,0.5294117654221453,-0.96385542078531,0.5909090914223141,0.8823529383114186,-1.0,-1.0,-1.0,0.8680865151365978,-0.19036580551299284,-0.5609238920600147,-0.2594882474071256,-0.3114779639557832,0.25183865569782565,0.11359448929373979,fezouata
-1.0,0.9999999793000002,0.09356725141951369,0.17647058035640134,-0.9518072302077225,0.5181818186608266,0.7647058766228372,-1.0,-1.0,-1.0,0.6646184400990175,-0.18098159795373275,-0.32356790351444487,-0.15846837865649807,-0.18657204597777918,0.26814953706413625,0.19166182864606254,fezouata
-1.0,0.19999998344000008,0.14035087712927047,-0.11764706168858138,-0.8554216881291915,0.6000000007527274,-0.35294117288927346,0.365718799934192,-0.21256960947196726,-0.49187540920142825,0.5923962309816908,-0.2083623047696114,-0.2643544243071024,-0.30910396459130535,-0.3105479319869956,0.2010600706415069,-0.11869426674896906,fezouata
-0.9230769212396449,0.5999999917200001,0.10526315693905812,0.2941176420449826,-0.9156626509930325,0.5727272727614876,0.11764706168858122,0.4707740918004388,0.36386944316421793,-0.22159698818623833,0.8178508391356807,-0.20998437320745805,-0.26577021316003274,-0.23380180095565525,-0.23435656324447934,0.28631659029488554,0.1244145229441495,fezouata
-1.0,0.49999998965,0.12280701703416437,0.3529411728892733,-0.9518072302077225,0.6727272735142149,0.6470588149342559,0.17661927381855005,-0.28819478367410883,-0.44624603889646164,0.6788151971747649,-0.17782737230077814,-0.41046248225997195,-0.34251637608945906,-0.3733459573837389,0.24046682784919055,-0.025187415393859238,fezouata
-0.6538461535399409,0.19999998344000008,0.08771929805447828,0.11764706168858122,-0.9277108440645957,0.5818181820919008,-0.2941176542214533,0.24766697624465253,-0.07760841313335011,-0.06454307087827325,0.9750513616126762,-0.20853155089525277,-0.3327395709371185,-0.3331014930517779,-0.3555288307220556,0.2672336724687826,-0.1316115382733,fezouata
-1.0,0.2058252325091263,0.1400102192873625,0.595945169547855,-0.963679962098749,0.6077669907735923,0.65505425080344,-1.0,-1.0,-1.0,0.9380688313521851,-0.1925699368799099,-0.41747069680537097,-0.34523930904578215,-0.40471202343982887,0.26903516026078395,-0.020808824196801044,fezouata
-0.9230769212396449,0.39999998757999994,0.11695906366912895,0.0,-0.939759037136159,0.5909090914223141,0.41176470373356394,0.2849070361358762,0.45660706568792053,-0.3337701557469569,0.8332791676285952,-0.212873720056807,-0.39571298770589425,-0.1807801537874093,-0.21411911740126877,0.301732571901872,-0.0017835357312600683,fezouata
-0.6153846141597633,0.89999999793,0.0409356723447215,0.47058823457785465,-0.96385542078531,0.5545454559824794,1.0,0.42847910405955614,0.9218113677181936,0.029978120303177962,0.7742451858327034,-0.22034577096005697,-0.39874139870257524,-0.2675348303076548,-0.2650803059414014,0.3836538556788835,0.05416319928065184,fezouata
-1.0,0.10000000206999991,0.1461988292837796,0.17647058035640134,-0.939759037136159,0.6545454548533886,0.6470588149342559,-1.0,-1.0,-1.0,0.8892605348989192,-0.2213762515832812,-0.4567344783885006,-0.3043616672777104,-0.3368343915487445,0.29676168268544306,-0.09835316590520198,fezouata
-1.0,0.9999999793000002,0.09356725141951369,0.5882352962664359,-0.9879518069284366,0.6181818194135539,1.2941176420449827,-1.0,-1.0,-1.0,0.693572867468081,-0.16293599443268258,-0.4648353572538911,-0.30004635376784783,-0.3466342541859706,0.21108747668027905,0.1740767522312668,fezouata
-1.0,1.19999998344,0.08187134468944286,0.11764706168858122,-0.96385542078531,0.6090909100831406,0.11764706168858122,-1.0,-1.0,-1.0,0.7681946831544838,-0.19287756784961435,-0.37002177227895805,-0.21911644649681614,-0.2351828493101678,0.31410909801790865,0.12003594443705057,fezouata
-0.9615384606198225,0.89999999793,0.09356725141951369,-0.11764706168858138,-0.9277108440645957,0.5818181820919008,0.17647058035640134,0.2306477094013536,-0.2227596482105403,-0.3774427227047541,0.4508708946757296,-0.19794456557926654,-0.48553645244249044,-0.28146007455563304,-0.3311389005741021,0.27102260268310413,-0.06570311212340893,fezouata
-1.0,0.7999999958599999,0.10526315693905812,0.5294117654221453,-0.9156626509930325,0.5636363634310744,0.8823529383114186,-1.0,-1.0,-1.0,0.6134606358276704,-0.19510545162804813,-0.4954476191165473,-0.23187450942103366,-0.27760862787602253,0.2338934637805376,0.1670655274259797,fezouata
-1.0,-0.10000000207000007,0.15789473601385046,0.41176470373356394,-0.9156626509930325,0.6545454548533886,1.0588235308442906,0.40073723034616376,-0.10796496903652614,-0.550701899050396,1.0377359357567075,-0.18677169107025346,-0.4954539601733194,-0.2602524698970961,-0.2927073017147103,0.22562323069941081,0.2151069950917426,fezouata
-1.0,1.19999998344,0.08187134468944286,0.0,-0.8192771089145015,0.48181818322099174,-0.05882353084429069,-1.0,-1.0,-1.0,0.47311659314176135,-0.19596918151516765,-0.36971328384119395,-0.30415996717401494,-0.30410410724696446,0.25085246095222613,-0.03106533799026495,fezouata
-1.0,0.39999998757999994,0.1286549703991998,0.7647058766228372,-0.9156626509930325,0.6272727287439669,1.4705882345778547,-1.0,-1.0,-1.0,0.8455722606606094,-0.196029378574394,-0.4668926658747868,-0.3480070789456913,-0.3427140437763897,0.277984319240227,0.11930004734338354,fezouata
-1.0,0.5999999917200001,0.11695906366912895,0.23529411120069205,-0.96385542078531,0.6181818194135539,0.7058823457785467,-1.0,-1.0,-1.0,0.7245350834611166,-0.1954314691062784,-0.41066390795959634,-0.29484612943558125,-0.31887961985517793,0.2706511950471087,-0.04491356080252732,fezouata
-1.0,0.49999998965,0.12280701703416437,0.2941176420449826,-0.843373495057628,0.5363636373216529,0.23529411120069205,-1.0,-1.0,-1.0,0.5974790313603384,-0.21004538684077692,-0.3641599576523386,-0.2608653572087111,-0.2839998512135592,0.2574687411748254,-0.025479024317112492,fezouata
-1.0,0.7999999958599999,0.10526315693905812,0.6470588149342559,-0.9277108440645957,0.5727272727614876,1.529411765422145,0.19062664598333864,-0.34581826325901727,-0.4089641287708005,0.6768533678377956,-0.20263254353946417,-0.38399664227796587,-0.37517376907278516,-0.40667739482175513,0.35455856238859973,0.0035853608665819413,fezouata
-1.0,0.5999999917200001,0.11695906366912895,0.17647058035640134,-0.9518072302077225,0.5909090914223141,0.0,-1.0,-1.0,-1.0,1.0151855032627148,-0.22379636734130293,-0.39310935244472506,-0.2709756211743554,-0.28445863847283726,0.30274817316950936,0.1070128735482691,fezouata
-1.0,0.6999999937900001,0.11111111030409353,0.7647058766228372,-0.8674698787067789,0.5181818186608266,1.2352941112006919,-1.0,-1.0,-1.0,0.5966656305960518,-0.19992904177726792,-0.45017750333434825,-0.23519242289487804,-0.2947644310851043,0.391617287303933,0.11571462937198408,fezouata
-1.0,1.2999999855100002,0.07602339132440744,0.2941176420449826,-0.9277108440645957,0.5363636373216529,0.47058823457785465,-1.0,-1.0,-1.0,0.5158888303821504,-0.21293597649197357,-0.35377719695974336,-0.332966328428424,-0.3316179637221153,0.2980011426827708,-0.07576875623673829,fezouata
-1.0,0.49999998965,0.12280701703416437,-0.2352941233771626,-0.939759037136159,0.5363636373216529,-0.35294117288927346,-1.0,-1.0,-1.0,0.7204252892632185,-0.1915516320179202,-0.3401733825526808,-0.17901167025507428,-0.2401517500422887,0.24021162736033197,-0.028139988259820614,fezouata
-1.0,0.89999999793,0.0994152035740227,-0.05882353084429069,-0.939759037136159,0.5909090914223141,-0.11764706168858138,-1.0,-1.0,-1.0,0.5113545840995346,-0.19416134192763612,-0.31829805700636976,-0.2734446918079895,-0.311320344879479,0.22090589038318495,-0.1927546245043694,fezouata
-1.0,0.89999999793,0.0994152035740227,0.17647058035640134,-0.8795180717783423,0.5363636373216529,0.058823530844290525,-1.0,-1.0,-1.0,0.6014501282010768,-0.206531633726963,-0.42892703461886483,-0.2716505043052719,-0.30898514713609715,0.25731679362123827,0.11499004537716954,fezouata
-1.0,0.623529412495294,0.11558307414360976,0.37283736750356195,-0.9388731394864959,0.5866310167753818,0.3131487836606961,-1.0,-1.0,-1.0,0.5924908455375137,-0.20909198059111025,-0.4456144417885922,-0.2971511019435708,-0.31057827069440225,0.2858313487971436,0.008896480079033587,fezouata
-1.0,0.5999999917200001,0.11695906366912895,0.7647058766228372,-0.9156626509930325,0.6181818194135539,1.529411765422145,0.18187203822276282,0.45408355066323586,-0.43304891935246054,0.8913035071146242,-0.2161417061151146,-0.49688315974311403,-0.3012119603927103,-0.2614463458980197,0.35760084598059766,0.19146240276076673,fezouata
-1.0,0.39999998757999994,0.1286549703991998,0.5294117654221453,-0.9277108440645957,0.5818181820919008,0.8823529383114186,-1.0,-1.0,-1.0,0.719415152621422,-0.19106191916070886,-0.4275457815632984,-0.26983301558355993,-0.31008225328664085,0.23367649435530213,0.15280394187449092,fezouata
-1.0,0.39999998757999994,0.1286549703991998,0.8235294074671281,-0.9277108440645957,0.5909090914223141,1.4117647037335639,-1.0,-1.0,-1.0,0.9853689659409073,-0.2023427184517007,-0.4194719537520765,-0.23158862652478915,-0.23737285054768928,0.39533496236657883,0.264675731102589,fezouata
-1.0,0.6999999937900001,0.11111111030409353,0.17647058035640134,-0.9518072302077225,0.6181818194135539,-0.2352941233771626,-1.0,-1.0,-1.0,0.7041707658229868,-0.2193426624223226,-0.3958418688016322,-0.320968444401449,-0.3439144920294166,0.2635815753964695,-0.059176808738704456,fezouata
-0.8846153818594675,0.7999999958599999,0.08771929805447828,0.47058823457785465,-0.96385542078531,0.5909090914223141,0.6470588149342559,0.390437692063858,0.18827935876898305,-0.13717659104607854,0.550334096830308,-0.197950440346006,-0.2990274728735409,-0.31441004990135585,-0.34259202086468105,0.22531240506792946,-0.10034331638378796,fezouata
-1.0,0.89999999793,0.0994152035740227,0.47058823457785465,-0.939759037136159,0.6363636361925621,1.0,-1.0,-1.0,-1.0,0.678811223174084,-0.17333817087338058,-0.4148182627848781,-0.29254393999801914,-0.3555955034357148,0.22800592120242996,0.03713227753272532,fezouata
-1.0,1.2999999855100002,0.07602339132440744,0.6470588149342559,-0.8674698787067789,0.5090909093304133,0.5882352962664359,0.2606635074376137,-0.39005904125675367,-0.3588404153508385,0.45807831353595746,-0.1976868032569324,-0.4183284969491315,-0.26533657608525,-0.311513341450942,0.26509604865874736,0.03405301445656367,fezouata
-1.0,0.7999999958599999,0.10526315693905812,0.23529411120069205,-0.9277108440645957,0.6090909100831406,0.6470588149342559,-1.0,-1.0,-1.0,0.8294907435186804,-0.20763099471261207,-0.44934547366922434,-0.31489318736603805,-0.33301993531310004,0.3023834976436172,0.05978417557805061,fezouata
-1.0,0.39999998757999994,0.1286549703991998,0.7647058766228372,-0.939759037136159,0.6272727287439669,1.2352941112006919,-1.0,-1.0,-1.0,0.8137047512601007,-0.23732528970521122,-0.20190895129604972,-0.34019892173955724,-0.2813784916449769,0.35647201587480754,0.023396611488322425,fezouata
-1.0,0.39999998757999994,0.1286549703991998,-0.05882353084429069,-0.939759037136159,0.6181818194135539,-0.1764705925328721,0.2606635074376137,-0.20653557227228098,-0.46035400313538194,0.9362059219099432,-0.1819828515308791,-0.20935381339529746,-0.2613228632053025,-0.2700460943232601,0.19931027254420278,-0.05640371314177885,fezouata
-1.0,1.09999998137,0.08771929805447828,0.41176470373356394,-0.9277108440645957,0.5363636373216529,0.8823529383114186,-1.0,-1.0,-1.0,0.6385781912645384,-0.17965312976376785,-0.522795289904538,-0.2624727864396852,-0.2950192051262148,0.25199743806182573,0.13922017781723203,fezouata
-1.0,0.39999998757999994,0.1286549703991998,0.7647058766228372,-0.8795180717783423,0.5454545466520662,1.2352941112006919,-1.0,-1.0,-1.0,0.7841325275150969,-0.19983842379932265,-0.6111132923826327,-0.29017038286596836,-0.3296167976291114,0.3514588637342941,0.14429866469298883,fezouata
-1.0,1.2999999855100002,0.07602339132440744,0.0,-0.96385542078531,0.5727272727614876,-0.35294117288927346,-1.0,-1.0,-1.0,0.576298281110277,-0.19904127242728628,-0.44084890358811996,-0.2578818357521762,-0.27320083291805486,0.22591407448354228,-0.0073154316857874605,fezouata
-0.2692307676997042,0.7999999958599999,-0.005847953365035416,0.3529411728892733,-0.9518072302077225,0.6090909100831406,0.7058823457785467,0.26294731788370673,0.23802315284768424,0.14928417544773329,0.7794074736337702,-0.2082497980392632,-0.3851377454713986,-0.2889513038929807,-0.32408342388182054,0.26961017789804265,0.021240222540900314,fezouata
-0.9230769212396449,0.7999999958599999,0.09356725141951369,0.7058823457785467,-0.8915662648499056,0.5818181820919008,1.4705882345778547,0.39854857856360265,-0.007050288047282726,-0.2913111495437077,0.794772126740532,-0.21648001461004357,-0.31948598510649595,-0.3167429001765107,-0.27667846846185784,0.31672052586465427,0.19988059509552175,fezouata
-1.0,0.0,0.15204678264881502,0.17647058035640134,-0.9156626509930325,0.6545454548533886,0.3529411728892733,-1.0,-1.0,-1.0,1.0006086530873723,-0.21871781362036663,-0.40894689020743474,-0.22551355265306264,-0.2775119478129372,0.3139026794775612,-0.04797536566697144,fezouata
-0.7307692323002959,0.5999999917200001,0.07602339132440744,0.058823530844290525,-0.903614457921469,0.5727272727614876,0.17647058035640134,0.3615165880326229,0.21035675815724722,-0.05831463865417891,1.0479054726474581,-0.21689644021428858,-0.3056937318020144,-0.23454175425743787,-0.23304020945784576,0.2917254746747013,0.017984464336174396,fezouata
-0.8846153818594675,0.89999999793,0.08187134468944286,-0.2941176542214533,-0.8915662648499056,0.5454545466520662,-0.47058823457785476,0.5357173633766087,0.39087938198956307,-0.18056296616812512,0.5865953572862603,-0.24209544698618868,-0.2799221933787793,-0.29024343337680775,-0.2535791226452838,0.28748394559239693,-0.21654947864522991,fezouata
-1.0,1.09999998137,0.08771929805447828,0.17647058035640134,-0.9759036138568733,0.6181818194135539,0.058823530844290525,-1.0,-1.0,-1.0,0.8359132118374131,-0.1781891352827215,-0.32486691933408113,-0.3333229264985313,-0.34489311288361457,0.26460251358700826,0.050120305098477085,fezouata
-1.0,0.9999999793000002,0.09356725141951369,0.6470588149342559,-0.939759037136159,0.5363636373216529,1.9411764691557094,-1.0,-1.0,-1.0,0.5687756097769928,-0.19355978886460196,-0.4069260183762015,-0.3028199887215689,-0.3327265802025088,0.4678926047825708,0.08376266929464736,fezouata
-1.0,1.09999998137,0.08771929805447828,0.41176470373356394,-0.8915662648499056,0.5272727279912397,1.764705876622837,0.2906793054738738,0.006644592435885043,-0.3774427227047541,0.5832639111498039,-0.20544124092122648,-0.4230949536313646,-0.28457982145852745,-0.30238946921692883,0.446553917268958,0.04188726878961296,fezouata
-1.0,0.004854356974271914,0.15176290212266363,0.77327241331461,-0.9152532448970809,0.5986319509249819,0.8914905758257801,-1.0,-1.0,-1.0,1.02477234011,-0.21038416723072073,-0.36256979194606354,-0.3513370761348283,-0.3665779746562311,0.3193237768105438,0.030638352579565563,fezouata
-0.6538461535399409,0.9999999793000002,0.0409356723447215,0.11764706168858122,-0.843373495057628,0.5181818186608266,0.5294117654221453,0.5156291606130787,0.10567748115490405,0.05959378638161662,0.5803109298222444,-0.19355144589121828,-0.3717062810757182,-0.29395953198091673,-0.2787819463620856,0.2874994198043808,0.013487063393736226,fezouata
-1.0,1.2999999855100002,0.07602339132440744,0.2941176420449826,-0.8915662648499056,0.5363636373216529,0.058823530844290525,-1.0,-1.0,-1.0,0.5167544998540953,-0.2225439362257156,-0.3490277476453081,-0.25877696049392734,-0.2785171309667882,0.32500426019399037,-0.029393318450189394,fezouata
-1.0,0.19999998344000008,0.14035087712927047,0.23529411120069205,-0.903614457921469,0.5727272727614876,0.17647058035640134,-1.0,-1.0,-1.0,0.7629706330853545,-0.22619430185899775,-0.24742504576694155,-0.33667666373632327,-0.32431610426065904,0.2853327122447098,-0.07896976678389336,fezouata
-1.0,0.7082524213462621,0.11062851219910978,0.06396345042406022,-0.9273599241974979,0.5620917915305408,0.30039977544640023,-1.0,-1.0,-1.0,0.5379052995983533,-0.1982250636729357,-0.4124056651063023,-0.21990198338859296,-0.26787399580739857,0.27916785507634284,0.050459831308625525,fezouata
-1.0,1.311165027250825,0.07537046490373292,0.47772700703668486,-0.9394666034979149,0.5894969110763718,0.595945169547855,-1.0,-1.0,-1.0,0.5975574906052639,-0.21709888861221538,-0.26970497356835804,-0.26848476296606344,-0.22529206043325092,0.35716100919805016,0.10202911721982995,fezouata
-1.0,0.5999999917200001,0.11695906366912895,0.17647058035640134,-0.9277108440645957,0.5727272727614876,0.47058823457785465,-1.0,-1.0,-1.0,1.1033627048314223,-0.19879811710409678,-0.4324444510455415,-0.2679482714464689,-0.28845644567719214,0.32013847531297535,0.09376825500237489,fezouata
-1.0,0.2999999855100002,0.1345029237642352,0.7058823457785467,-0.96385542078531,0.6727272735142149,1.588235284089965,-1.0,-1.0,-1.0,1.0254314739134247,-0.22491319496639373,-0.49059845491805926,-0.32645991934348995,-0.32683440076505754,0.4148650666844746,0.19499220063988296,fezouata
-1.0,0.19999998344000008,0.14035087712927047,0.3529411728892733,-0.9518072302077225,0.6636363641838018,0.6470588149342559,-1.0,-1.0,-1.0,1.022068315210376,-0.19574004169138084,-0.40170006028265165,-0.33258967520684085,-0.35901206447174006,0.2870538583528641,0.07055013731123043,fezouata
-1.0,0.5999999917200001,0.11695906366912895,1.1176470495121105,-0.96385542078531,0.6363636361925621,1.529411765422145,-1.0,-1.0,-1.0,0.9257347733909379,-0.20458982705906684,-0.4138781569606332,-0.25778944620898847,-0.2550339854093047,0.3002172043783932,0.19840484164083808,fezouata
-0.9613517545817559,1.2106796101833979,0.07537046490373292,0.24129069419081522,-0.9152532448970809,0.5803618712277615,-0.29069103710945005,0.19763033206573294,0.003661933561989316,-0.24568177923874107,0.46588782745633384,-0.21068912122916603,-0.36785661491149263,-0.2844601049111978,-0.30278848593586677,0.24592246671970086,-0.07591347887932166,fezouata
-1.0,0.89999999793,0.0994152035740227,0.47058823457785465,-0.8915662648499056,0.5000000000000001,0.7058823457785467,-1.0,-1.0,-1.0,0.5232924121723017,-0.17325393217666063,-0.46863122599844054,-0.31421172051824203,-0.3609518917755001,0.24701507295907915,0.03347837502264719,fezouata
-1.0,0.7999999958599999,0.10526315693905812,0.41176470373356394,-0.710843373764407,0.4454545458993389,0.7058823457785467,0.4707740918004388,-0.018727393877053154,-0.4089641287708005,0.4661108160227527,-0.22129056349473003,-0.44556777143411813,-0.29080775051279634,-0.2982944359466625,0.2345225604666397,0.135618833946719,fezouata
-1.0,0.39999998757999994,0.1286549703991998,0.5294117654221453,-0.9277108440645957,0.5181818186608266,1.4117647037335639,-1.0,-1.0,-1.0,0.9099397432134614,-0.18835554144848,-0.5177193159083374,-0.21713777627674005,-0.22741319287203596,0.40220513731695484,0.2788968071310136,fezouata
-0.3461538464600592,0.39999998757999994,0.029239765614650668,-0.2352941233771626,-0.8554216881291915,0.5545454559824794,-0.1764705925328721,0.3906694316421175,0.3818765248847893,0.03779376132045002,0.6629058837105973,-0.22648036157248416,-0.22691348900440783,-0.2861196683778246,-0.23913637394132853,0.29986993900025677,-0.1726878234791616,fezouata
-1.0,0.7999999958599999,0.10526315693905812,0.47058823457785465,-0.9518072302077225,0.5818181820919008,0.7647058766228372,-1.0,-1.0,-1.0,0.8728714144634938,-0.21087554803021943,-0.4313111107892991,-0.26294518084548724,-0.25654734962601566,0.3262770593667154,0.10672057302222548,fezouata
-0.6504690440855463,0.7165853512020974,0.056996148651212684,0.12855093278826896,-0.9391713192452159,0.6247893572703818,0.306743180847717,0.3311611376218666,0.02938239850141499,0.0273050837829214,0.7431206021737415,-0.2200490696877922,-0.4004555020414571,-0.3667901802565333,-0.39370366336786294,0.2605707474422145,-0.025495064425861268,fezouata
-1.0,1.39999998758,0.07017543795937217,0.17647058035640134,-0.939759037136159,0.5545454559824794,1.7058823457785468,-1.0,-1.0,-1.0,0.5319050928276612,-0.19996460678657438,-0.36618135275322894,-0.21101215558795927,-0.21418138452947033,0.6269119710561407,0.13857131798296407,fezouata
-0.5384615433609468,1.4999999896500003,-0.005847953365035416,0.5882352962664359,-0.8795180717783423,0.5363636373216529,0.7058823457785467,0.24955634020723036,0.17256043047903782,0.10931753024457146,0.4443753150344793,-0.2121861081305673,-0.38134666784564986,-0.32588426768255696,-0.3337957047143576,0.25858263432399353,0.06975093952732123,fezouata
-1.0,0.6999999937900001,0.11111111030409353,-0.1764705925328721,-0.9518072302077225,0.6000000007527274,-0.1764705925328721,-1.0,-1.0,-1.0,0.7933205500357582,-0.188206915177817,-0.32909964758980864,-0.2767493449942628,-0.3154979520218786,0.2608672194827792,-0.05871810794684187,fezouata
-0.9615384606198225,1.19999998344,0.07602339132440744,0.23529411120069205,-0.903614457921469,0.5000000000000001,0.8823529383114186,-0.36966824628119316,-1.0,-1.0,0.636933998801034,-0.17706711789978352,-0.3604395148066227,-0.2789973370607821,-0.308405392749445,0.2918897162238766,0.029289892108156402,fezouata
-1.0,0.19999998344000008,0.14035087712927047,0.17647058035640134,-0.96385542078531,0.6000000007527274,0.17647058035640134,-1.0,-1.0,-1.0,0.7811774005152899,-0.20250179491357845,-0.3242668173530199,-0.2991181832446962,-0.35208427463203246,0.2927418709964376,-0.0536780304058598,fezouata
-1.0,1.19999998344,0.08187134468944286,-0.2352941233771626,-0.96385542078531,0.6000000007527274,-0.588235296266436,-1.0,-1.0,-1.0,0.37889754279067184,-0.17140660889403148,-0.28161952117819244,-0.30672384536586556,-0.3474254753330566,0.15584493532852867,-0.17067932649169612,fezouata
-1.0,0.39999998757999994,0.1286549703991998,0.41176470373356394,-0.9156626509930325,0.6090909100831406,0.5882352962664359,0.22126777283018825,0.16062538496269774,-0.43304891935246054,0.7384900920529905,-0.205335290704563,-0.48362240710529014,-0.285560551055322,-0.3037811083416545,0.24521772112513227,0.05576648048285978,fezouata
-1.0,0.10000000206999991,0.1461988292837796,0.5882352962664359,-0.9277108440645957,0.6363636361925621,0.23529411120069205,-1.0,-1.0,-1.0,1.0370854319763048,-0.23512775508265996,-0.4279120924021089,-0.2994507932319925,-0.30103925386435887,0.3545249046326496,0.003802130753960267,fezouata
-0.6153846141597633,0.5999999917200001,0.058479531229301336,-0.05882353084429069,-0.939759037136159,0.5727272727614876,0.17647058035640134,0.0931069651901464,0.006116905131020483,0.03522159672357268,0.6202806523905725,-0.2076664770859252,-0.3424992852677418,-0.2557440280895756,-0.2880991398178911,0.24648538528236763,-0.11496727007244095,fezouata
-1.0,1.4116504650182526,0.06949412348608235,0.3595088445255147,-0.7820797750864696,0.46160635507764586,1.1279269008481205,-1.0,-1.0,-1.0,0.3749080280723095,-0.2154812216283316,-0.47874204764526546,-0.2501404976757005,-0.2571424766082094,0.2552640170344911,0.16736238047497712,fezouata
-0.6538461535399409,1.19999998344,0.029239765614650668,0.41176470373356394,-0.96385542078531,0.5727272727614876,0.9411764691557092,0.5249961785349515,0.5969624436502771,0.06858355837482918,0.7557914475345721,-0.18939621021983463,-0.43163623787742345,-0.23121681442114334,-0.23762802704788538,0.34918687368561036,0.16883644616505353,fezouata
-1.0,0.7999999958599999,0.10526315693905812,0.058823530844290525,-0.9277108440645957,0.5818181820919008,0.0,-1.0,-1.0,-1.0,0.6474377077832032,-0.2452998207266489,-0.31325753508140536,-0.35741827708619317,-0.3300471243233826,0.2941949748851599,-0.1587540639952053,fezouata
-1.0,0.0,0.15204678264881502,0.5882352962664359,-0.9156626509930325,0.5818181820919008,1.588235284089965,-1.0,-1.0,-1.0,0.9772622420456452,-0.1997610645490512,-0.4174426411617765,-0.32327905936849516,-0.3471047087341418,0.38543644032610835,0.13092356163901775,fezouata
-0.4926470614578621,0.623529412495294,0.03844169155669168,0.49221453518929353,-0.9266477668850001,0.5774064174358313,0.13408304430856907,0.3770324468281363,0.38818290918748294,0.07824603507698584,0.8001322222262315,-0.21866024460319278,-0.42719261207891257,-0.35224855841117564,-0.37458095272467806,0.3039255106576762,0.022055682507848607,fezouata
-1.0,0.49999998965,0.12280701703416437,0.7647058766228372,-0.939759037136159,0.6181818194135539,1.4705882345778547,-1.0,-1.0,-1.0,0.8644096441687321,-0.2063791376997155,-0.5658986696787452,-0.2909393816034046,-0.29548641451262525,0.3089700332016618,0.13822771195085148,fezouata
-0.7681105274905354,-0.09563108079315535,0.12238119503441092,0.595945169547855,-0.963679962098749,0.6077669907735923,1.2461450511828198,0.5030987975718978,0.4529157407536444,-0.19203238546736134,1.5594457020550214,-0.20126660536308244,-0.4261349935786092,-0.33328443032554883,-0.3407432485875192,0.27638380966672044,0.11342966258289289,fezouata
-1.0,0.49999998965,0.12280701703416437,0.17647058035640134,-0.9759036138568733,0.5909090914223141,0.41176470373356394,-1.0,-1.0,-1.0,0.7812497730153094,-0.19279626490529064,-0.4597329791149546,-0.3055409730198048,-0.3400809203287339,0.22521775031437663,-0.002877343613833204,fezouata
-1.0,0.49999998965,0.12280701703416437,0.058823530844290525,-0.8915662648499056,0.5727272727614876,1.0588235308442906,0.4707740918004388,-0.01290376726407574,-0.44624603889646164,0.8549160640079543,-0.2320748215859001,-0.4671860700159397,-0.2912753050726311,-0.3299004601833899,0.3709346877945759,-0.14395474775686962,fezouata
-1.0,0.7999999958599999,0.10526315693905812,0.47058823457785465,-0.9156626509930325,0.5818181820919008,1.9999999999999996,-1.0,-1.0,-1.0,0.7229879541634867,-0.19154767962534233,-0.3966283033541512,-0.2988438358446611,-0.31109928081138255,0.3213406676733958,0.12062633211064838,fezouata
-1.0,0.49999998965,0.12280701703416437,0.0,-0.8915662648499056,0.5727272727614876,-0.2941176542214533,-1.0,-1.0,-1.0,0.673980998836214,-0.19701089737154368,-0.20929926529341303,-0.2795434548495699,-0.3022319427062144,0.25184337572022675,-0.10269763380129068,fezouata
-1.0,1.39999998758,0.07017543795937217,0.47058823457785465,-0.9156626509930325,0.5363636373216529,1.2352941112006919,-1.0,-1.0,-1.0,0.4236553360660351,-0.207637280484687,-0.4720552884688362,-0.27365428066981606,-0.30468303525096074,0.3794799425243515,0.05543614497584528,fezouata
-0.7692307716804734,0.49999998965,0.08771929805447828,0.41176470373356394,-0.9156626509930325,0.5727272727614876,1.2941176420449827,0.3436018958525976,0.5261145579480458,-0.11443268649667415,0.9470011171535371,-0.2075441257992083,-0.3160315597486594,-0.2774728224682363,-0.24136945708243862,0.4184126847055729,0.19577915261292,fezouata
-0.9230769212396449,0.2999999855100002,0.12280701703416437,0.5294117654221453,-0.8915662648499056,0.6090909100831406,0.8823529383114186,0.3969514540513379,-0.03039970128056827,-0.26162369643596023,0.642479847434035,-0.2045865966441153,-0.3925604006246109,-0.2789667690770017,-0.31154302817463003,0.23183898530294225,0.1558191650702724,fezouata
-1.0,0.6999999937900001,0.11111111030409353,0.41176470373356394,-0.939759037136159,0.6181818194135539,0.8235294074671281,-1.0,-1.0,-1.0,0.783536075494755,-0.21468648518446995,-0.370748139007472,-0.30032196423412344,-0.31657893700298145,0.2618708250747758,0.08390607535393738,fezouata
-1.0,0.7999999958599999,0.10526315693905812,0.3529411728892733,-0.9277108440645957,0.5545454559824794,0.5882352962664359,-1.0,-1.0,-1.0,0.5885292764200024,-0.20724613714515194,-0.3463526430221216,-0.27295135695957035,-0.27451671448602794,0.26468746630517237,0.065207451824639,fezouata
-1.0,0.7999999958599999,0.10526315693905812,0.3529411728892733,-0.8795180717783423,0.5818181820919008,0.23529411120069205,0.2291469197516733,-0.5476556785827498,-0.3874195490474939,0.4621234778466586,-0.21689284881052392,-0.34037973626021445,-0.24502719087154934,-0.26420547794386245,0.22462101470548346,0.05759119196005531,fezouata
-1.0,0.6999999937900001,0.11111111030409353,0.11764706168858122,-0.9277108440645957,0.5818181820919008,0.5294117654221453,-1.0,-1.0,-1.0,0.5878686884327972,-0.2147213336527287,-0.4132741094822002,-0.2916104297446782,-0.3374473877143411,0.2465957301281474,0.01361704982090457,fezouata
-0.7692307716804734,-0.10000000207000007,0.12280701703416437,0.41176470373356394,-0.903614457921469,0.6272727287439669,0.5294117654221453,0.41474460251095235,0.37443638291076575,-0.22159698818623833,1.0900287014512529,-0.23764147893680834,-0.42517813208589506,-0.30742774340515494,-0.31878614739100536,0.3525869476908946,0.07040226121372302,fezouata
-1.0,0.9999999793000002,0.09356725141951369,0.17647058035640134,-0.9277108440645957,0.5727272727614876,1.4117647037335639,-1.0,-1.0,-1.0,0.7022839967358501,-0.20856087471242807,-0.49077077181110856,-0.24501738779852192,-0.24902038004112187,0.386750154044701,0.12097736494153097,fezouata
-1.0,0.9092232968811166,0.09887582936380877,0.53683608829227,-0.8910398887902228,0.5164165941693076,0.18218161293523022,-1.0,-1.0,-1.0,0.6338828693292676,-0.1961149796776889,-0.4779945999940286,-0.2866629204181329,-0.29166127835437794,0.2831009821147488,0.13752050368301807,fezouata
-0.9615384606198225,0.6999999937900001,0.10526315693905812,0.11764706168858122,-0.8674698787067789,0.5545454559824794,0.8823529383114186,-0.14045669924514276,0.02062643580186428,-0.5096678765614401,0.7603523280595541,-0.16938589355098807,-0.31916663385559857,-0.3012555597094564,-0.3649937333699462,0.29949705234007207,0.039797387919684596,fezouata
-0.2692307676997042,0.7999999958599999,-0.005847953365035416,0.17647058035640134,-0.96385542078531,0.5454545466520662,0.3529411728892733,0.19139628168496106,0.33638341832276103,0.1470493512686936,1.040401897920656,-0.22918162672628078,-0.2772501356422034,-0.2524724295884931,-0.22522537698734957,0.3471566115218797,0.004816147343982115,fezouata
-1.0,0.49999998965,0.12280701703416437,0.2941176420449826,-0.9879518069284366,0.6909090921750414,0.8823529383114186,-1.0,-1.0,-1.0,0.8404163147966208,-0.22526006389784695,-0.41484799863188615,-0.3219950552292249,-0.3218930403081676,0.3511499258323166,0.07456752784739437,fezouata
-0.8846153818594675,0.7999999958599999,0.08771929805447828,0.23529411120069205,-0.9156626509930325,0.5818181820919008,0.3529411728892733,0.2606635074376137,0.3126602477384993,-0.25085887531632906,0.7252651973208211,-0.1871544881744577,-0.36820835147601605,-0.2786933374953888,-0.29090195611442055,0.22996283648164476,0.039397095838694926,fezouata
-1.0,0.7999999958599999,0.10526315693905812,0.2941176420449826,-0.9277108440645957,0.5636363634310744,0.3529411728892733,-1.0,-1.0,-1.0,0.7037380302826812,-0.23594701919413402,-0.3825752255163612,-0.22834169152260408,-0.22833033944243109,0.3133030535885208,0.11505851088090906,fezouata
-0.8076923110606509,0.9999999793000002,0.06432748459433675,0.47058823457785465,-0.939759037136159,0.5727272727614876,0.5294117654221453,0.3797261720989806,0.84197877679938,-0.07985921837748551,0.652416970935209,-0.19235492563635886,-0.4618969972117742,-0.17569591149846214,-0.19751584490475538,0.26874354308044196,0.30526561016261183,fezouata
-1.0,0.0,0.15204678264881502,0.7647058766228372,-0.9518072302077225,0.6272727287439669,3.1176470495121107,-1.0,-1.0,-1.0,1.088500665878903,-0.1944589021793057,-0.48200051403626587,-0.31873175124471326,-0.3269264324257036,0.5810352137990842,0.2616808530843009,fezouata
-1.0,0.9999999793000002,0.09356725141951369,0.2941176420449826,-0.9277108440645957,0.5454545466520662,1.3529411728892733,-1.0,-1.0,-1.0,0.6836379612576028,-0.20565384702244408,-0.4117164792259926,-0.29532217693931173,-0.2931648306185808,0.39324779025839074,0.15921545505847212,fezouata
-1.0,0.7999999958599999,0.10526315693905812,0.23529411120069205,-0.9156626509930325,0.5636363634310744,-0.05882353084429069,-1.0,-1.0,-1.0,0.7774396085903293,-0.16875855697070535,-0.4380618236741063,-0.31646741436329795,-0.3623688764319097,0.2343220775850134,-0.001870693545274075,fezouata
-1.0,0.49999998965,0.12280701703416437,0.2941176420449826,-0.939759037136159,0.5727272727614876,0.2941176420449826,-1.0,-1.0,-1.0,1.1265645532120332,-0.21834651053045143,-0.2932759974921121,-0.27859323981381445,-0.2652360348015333,0.29885190645997944,0.08060302801530941,fezouata
-0.7692307716804734,0.49999998965,0.08771929805447828,0.2941176420449826,-0.9156626509930325,0.5545454559824794,0.23529411120069205,0.31547496444716167,0.22380975507070397,-0.07536487526249011,0.6911941372650879,-0.2499644833762422,-0.435142266013421,-0.3046086049955516,-0.3231707754624725,0.29546782645600217,-0.037232328345543624,fezouata
-1.0,0.7999999958599999,0.10526315693905812,-0.05882353084429069,-0.9518072302077225,0.5454545466520662,0.2941176420449826,-1.0,-1.0,-1.0,0.8121937637596506,-0.2124384099534445,-0.33550173703336855,-0.31016148810674,-0.30410582574726014,0.2859780481553077,-0.04154868798144381,fezouata
-1.0,0.89999999793,0.0994152035740227,-0.05882353084429069,-0.903614457921469,0.5545454559824794,-0.35294117288927346,-1.0,-1.0,-1.0,0.576946285653794,-0.21689941402273438,-0.22583114656478184,-0.2066032963141507,-0.22923442755702725,0.27435231649655545,-0.07441220908866757,fezouata
-1.0,0.2999999855100002,0.1345029237642352,0.2941176420449826,-0.939759037136159,0.6545454548533886,0.17647058035640134,-1.0,-1.0,-1.0,1.0195642691868498,-0.226352496507841,-0.3191620856045711,-0.24258563676559158,-0.2349584381240091,0.32533187348359455,-0.04923333721001014,fezouata
-1.0,1.09999998137,0.08771929805447828,0.3529411728892733,-0.903614457921469,0.5545454559824794,0.3529411728892733,-1.0,-1.0,-1.0,0.5424413071185573,-0.19710965934409916,-0.4005909449828521,-0.29940787441921296,-0.30740454407994655,0.28672202596685953,0.013183767017826444,fezouata
-1.0,0.6999999937900001,0.11111111030409353,0.11764706168858122,-0.939759037136159,0.5909090914223141,0.6470588149342559,-1.0,-1.0,-1.0,0.6097791676963036,-0.1965343975747466,-0.3002695008741154,-0.28843979513676127,-0.30724749783707417,0.2837925876587963,-0.01995714074059364,fezouata
-1.0,0.39999998757999994,0.1286549703991998,0.23529411120069205,-0.8915662648499056,0.6000000007527274,1.1176470495121105,-1.0,-1.0,-1.0,0.697829465490607,-0.22132777143806268,-0.3597552878446661,-0.3067822567736205,-0.2900571971767007,0.2675589271444695,0.10393237954604044,fezouata
-0.6923076929201184,1.19999998344,0.035087718979686086,0.0,-0.9156626509930325,0.5636363634310744,-0.41176470373356405,0.3418425970654091,0.10109224703603568,-0.0015432857628683483,-0.17894446127096106,-0.20635601049472763,-0.2969211535359922,-0.29860610210196287,-0.29919898957226765,0.25724891360695484,-0.12011065974582082,fezouata
-0.8846153818594675,0.89999999793,0.08187134468944286,0.6470588149342559,-0.9518072302077225,0.6000000007527274,0.9411764691557092,0.5703001582766185,0.3849002556171429,-0.17325917587479925,0.519478029256076,-0.22148759053656522,-0.42331985802100114,-0.2756908878528254,-0.29086236755569544,0.2972329289953903,0.08137605275784657,fezouata
-0.5362210629426094,0.4067961080439807,0.057741440650781205,-0.11336379334269496,-0.9273599241974979,0.6534421900166437,0.595945169547855,0.2653674760217781,0.20246589385530347,0.0015317251625298729,0.7959797878859707,-0.19948029027719363,-0.2767896473045715,-0.28013896323465387,-0.2762629415296964,0.2720220401795345,0.05085228099467324,fezouata
-1.0,0.5999999917200001,0.11695906366912895,0.5882352962664359,-0.96385542078531,0.6000000007527274,0.41176470373356394,-1.0,-1.0,-1.0,0.8208690163008188,-0.1898643735671421,-0.3369052632716359,-0.34671780376261324,-0.3617502324238112,0.29746948553549246,-0.004605712918860691,fezouata
-0.8067587729087795,0.2058252325091263,0.11062851219910978,0.41861792578109985,-0.9273599241974979,0.6351721103194232,0.24129069419081522,0.2862174977428528,-0.02727949830972705,-0.1198859261563647,0.8004405421158114,-0.22106900878528246,-0.3082706560238976,-0.3572528103207953,-0.33653564885252674,0.28319005472221137,-0.00684719121690598,fezouata
-1.0,0.10000000206999991,0.1461988292837796,0.23529411120069205,-0.9518072302077225,0.6909090921750414,0.6470588149342559,-1.0,-1.0,-1.0,0.9521310992720118,-0.19602547946028562,-0.3262444565127159,-0.32988244599251815,-0.36122620788827947,0.2629793261083591,0.004916572510604437,fezouata
-0.3461538464600592,1.09999998137,-0.011695906730070833,-0.05882353084429069,-0.9277108440645957,0.48181818322099174,-0.05882353084429069,0.3533593538693591,0.5202812050140585,0.11899386525934853,0.7505305514201882,-0.23931149799712637,-0.21433276392395118,-0.2791225675981953,-0.2221623708919471,0.3899165743655784,-0.1045566398939084,fezouata
-0.9227035091635118,0.4067961080439807,0.11650485361676036,0.53683608829227,-0.963679962098749,0.6077669907735923,0.3595088445255147,0.320695102879802,0.32612183610065193,-0.23570495289600127,0.9743509611770153,-0.22181527160781989,-0.39689404485592467,-0.2907854299826956,-0.2785751306871515,0.31480024175988275,0.050573584105163445,fezouata
-1.0,0.89999999793,0.0994152035740227,0.17647058035640134,-0.939759037136159,0.6181818194135539,0.8823529383114186,-1.0,-1.0,-1.0,0.7630497146698999,-0.21566731353614862,-0.45623045710644805,-0.23608714187818935,-0.24480562592511676,0.30977731702118283,0.17994193728087154,fezouata
-1.0,0.6999999937900001,0.11111111030409353,0.23529411120069205,-0.9277108440645957,0.5545454559824794,1.1764705803564013,-1.0,-1.0,-1.0,0.8000984924066787,-0.21202180168016152,-0.5552772958146546,-0.22836576228346703,-0.25896479793273186,0.37832315487912566,0.17387622231949848,fezouata
-1.0,0.5999999917200001,0.11695906366912895,0.5294117654221453,-0.9518072302077225,0.6363636361925621,0.7647058766228372,-1.0,-1.0,-1.0,0.739828682011948,-0.21543932083042777,-0.5036439604720688,-0.2915591324653058,-0.3357685739090495,0.28801666816805904,0.08647246737382076,fezouata
-1.0,0.2058252325091263,0.1400102192873625,0.41861792578109985,-0.9273599241974979,0.6443071501680334,0.3595088445255147,0.2606635074376137,-1.0,-0.49187540920142825,0.7877545222875454,-0.2204327453430839,-0.38171538307541614,-0.2951809119476902,-0.32384172037028164,0.28481134888222415,0.01723558541398676,fezouata
-1.0,0.19999998344000008,0.14035087712927047,0.2941176420449826,-0.903614457921469,0.5818181820919008,0.8823529383114186,0.2606635074376137,0.21988191546354738,-0.49187540920142825,0.8547560865048398,-0.23612334918157582,-0.2676428517497733,-0.3152765833007544,-0.31057681781710306,0.34252923038926014,-0.015984920115103142,fezouata
-0.8076923110606509,0.5999999917200001,0.08771929805447828,0.11764706168858122,-0.939759037136159,0.5909090914223141,0.47058823457785465,0.2539578504026904,0.12943695146965745,-0.07096719191225279,0.7199595116874244,-0.21647113015344016,-0.24930928681257958,-0.303591297356581,-0.30019493092398186,0.3213138391387261,-0.003231961358261355,fezouata
-1.0,0.2999999855100002,0.1345029237642352,0.3529411728892733,-0.9277108440645957,0.6363636361925621,0.17647058035640134,-1.0,-1.0,-1.0,1.0922164470674158,-0.2189114438879478,-0.34512447393984746,-0.29393988894773093,-0.3019733520114416,0.31985877066992807,-0.020761947486581174,fezouata
-0.9615384606198225,0.19999998344000008,0.1345029237642352,0.5294117654221453,-0.9277108440645957,0.6363636361925621,-0.05882353084429069,0.1661137443797927,-0.010050506086396092,-0.3874195490474939,0.9012826743493594,-0.1799200940388906,-0.2915294183161616,-0.32426684076714063,-0.3594998837879268,0.18606727718861615,-0.004410243128424162,fezouata
-1.0,0.49999998965,0.12280701703416437,0.41176470373356394,-0.8795180717783423,0.5818181820919008,0.7058823457785467,-1.0,-1.0,-1.0,0.6750776559143733,-0.2208490633030744,-0.38195171770562003,-0.3591666507723412,-0.3899490836534512,0.26906879775612885,-0.09272953106129776,fezouata
-1.0,0.89999999793,0.0994152035740227,0.5882352962664359,-0.939759037136159,0.5727272727614876,0.3529411728892733,-1.0,-1.0,-1.0,1.0894171428775206,-0.2085011060555884,-0.330177764130179,-0.27703666521664205,-0.3015515333022411,0.329359641302722,0.015074037998046843,fezouata
-1.0,0.7999999958599999,0.10526315693905812,0.5294117654221453,-0.903614457921469,0.5545454559824794,-0.2352941233771626,-1.0,-1.0,-1.0,0.7020209932136385,-0.21277902899424084,-0.39220267405764236,-0.3036196813678186,-0.34460244485818525,0.2586734374666082,-0.12415685966243313,fezouata
-0.7294622820722912,0.2058252325091263,0.09887582936380877,0.30039977544640023,-0.963679962098749,0.6077669907735923,0.30039977544640023,0.3569641921736162,0.15934866372395953,-0.12548858868245213,1.2491789513938543,-0.21430061206414386,-0.37354537300229856,-0.2776624375846691,-0.31478920279062395,0.31669885120879654,0.09999952000228368,fezouata
-1.0,0.5999999917200001,0.11695906366912895,0.47058823457785465,-0.9277108440645957,0.5909090914223141,0.6470588149342559,-1.0,-1.0,-1.0,0.9029889789411619,-0.20549963194907134,-0.4361454291431715,-0.27018615771109356,-0.2797627203723919,0.3105608575071775,0.11731918908760687,fezouata
-1.0,0.49999998965,0.12280701703416437,0.0,-0.9156626509930325,0.5636363634310744,0.3529411728892733,-1.0,-1.0,-1.0,0.6342575453576086,-0.20464250859215888,-0.3503538056875575,-0.3043576160531623,-0.313572632026626,0.2698075867567906,-0.03686143572811693,fezouata
-1.0,0.8087378591136895,0.10475217078145921,0.3595088445255147,-0.9394666034979149,0.5712268313791511,0.595945169547855,-1.0,-1.0,-1.0,0.8242490753112672,-0.2314927456090413,-0.24674260940284098,-0.298435803122418,-0.28215586149186506,0.2985655598315906,-0.0014748270876435534,fezouata
-1.0,0.5999999917200001,0.11695906366912895,0.17647058035640134,-0.9277108440645957,0.5000000000000001,0.17647058035640134,-1.0,-1.0,-1.0,0.6281513490458203,-0.19845657601958494,-0.4571912596807564,-0.19600667171176622,-0.24970300431159662,0.2253759590936535,0.002450694487059325,fezouata
-1.0,0.7999999958599999,0.10526315693905812,0.7647058766228372,-0.9518072302077225,0.6090909100831406,1.529411765422145,-1.0,-1.0,-1.0,0.6564515834611923,-0.20872532577582226,-0.4395112143874181,-0.3616916664638405,-0.3867897583666103,0.3470110970598069,0.05425603902401108,fezouata
-0.9615384606198225,0.7999999958599999,0.0994152035740227,0.5294117654221453,-0.9156626509930325,0.5272727279912397,0.6470588149342559,0.48127962123919615,0.18775807004010736,-0.3874195490474939,0.5434650282159174,-0.19857639603534688,-0.2523963790790689,-0.33710463713273947,-0.336416769146277,0.25952734792541765,-0.08875213610484042,fezouata
-1.0,1.09999998137,0.08771929805447828,0.3529411728892733,-0.9277108440645957,0.5727272727614876,0.7058823457785467,-1.0,-1.0,-1.0,0.7316279996517056,-0.18439756006791327,-0.39524515372206426,-0.2762927522721534,-0.307690100874988,0.28058278868325787,-0.07790991088783701,fezouata
-1.0,1.59999999172,0.058479531229301336,0.41176470373356394,-0.8674698787067789,0.5000000000000001,2.4705882345778543,-1.0,-1.0,-1.0,0.3862860719470691,-0.18363125040577263,-0.47199609938459275,-0.17654506597132988,-0.20661617864837928,0.6606938497623955,0.24279595998516962,fezouata
-1.0,0.39999998757999994,0.1286549703991998,0.5882352962664359,-0.903614457921469,0.6181818194135539,0.7647058766228372,-1.0,-1.0,-1.0,0.8990215823869198,-0.21277041527924723,-0.3423527962584392,-0.31804442188704524,-0.33553861951975106,0.28025205945228165,0.05987389041889449,fezouata
-1.0,0.39999998757999994,0.1286549703991998,0.47058823457785465,-0.8554216881291915,0.5454545466520662,0.5294117654221453,-1.0,-1.0,-1.0,0.7428474378870764,-0.20795648375541098,-0.41645802209046223,-0.3021476609784442,-0.3190368217155633,0.24037359832442676,0.06460585574435437,fezouata
-1.0,0.7999999958599999,0.10526315693905812,0.47058823457785465,-0.939759037136159,0.5636363634310744,1.1176470495121105,-1.0,-1.0,-1.0,0.5520799039355575,-0.19084746788474438,-0.3116436721041222,-0.32026664384074055,-0.32632700449741464,0.32026868323703933,0.05231209586028371,fezouata
-1.0,0.6999999937900001,0.11111111030409353,0.2941176420449826,-0.903614457921469,0.6090909100831406,0.8235294074671281,-1.0,-1.0,-1.0,0.7760761793778164,-0.19045575587909694,-0.4595447190565322,-0.22532746089361527,-0.26802224027006766,0.28822099287964154,0.1878890941831755,fezouata
-1.0,0.39999998757999994,0.1286549703991998,0.2941176420449826,-0.8674698787067789,0.5454545466520662,0.47058823457785465,-1.0,-1.0,-1.0,0.6056337811875968,-0.19325200458338357,-0.43609047037396126,-0.2886730388252507,-0.3301660737892072,0.24211077266732484,0.12684507529306677,fezouata
-1.0,0.0,0.15204678264881502,0.5294117654221453,-0.9518072302077225,0.6454545455229753,0.3529411728892733,-1.0,-1.0,-1.0,0.9546420712934099,-0.21074143198760356,-0.5403873994008289,-0.3199699034083131,-0.3365806330460602,0.28868471062810347,0.02957674546910472,fezouata
-1.0,0.89999999793,0.0994152035740227,0.058823530844290525,-0.9156626509930325,0.5727272727614876,0.058823530844290525,-1.0,-1.0,-1.0,0.7156882273553917,-0.22036242537466913,-0.4353871827075779,-0.19066576495015217,-0.20125515666298785,0.3059105008481093,0.04918864951779602,fezouata
-1.0,0.004854356974271914,0.15176290212266363,0.53683608829227,-0.9394666034979149,0.6534421900166437,0.714163332059025,-1.0,-1.0,-1.0,0.9272321015245737,-0.2190859384864841,-0.40325853836817693,-0.3145789013790056,-0.3270358530019103,0.2945691547308781,0.052978851709870455,fezouata
-1.0,0.19999998344000008,0.14035087712927047,0.8235294074671281,-0.96385542078531,0.6545454548533886,1.6470588149342558,-1.0,-1.0,-1.0,1.055189304687631,-0.18097036924447507,-0.49266682726997346,-0.31463822860518265,-0.32510896073316303,0.2785411309769894,0.20278870868853885,fezouata
-1.0,0.89999999793,0.0994152035740227,0.47058823457785465,-0.9518072302077225,0.6181818194135539,0.7058823457785467,0.19763033206573294,-0.09531135918844483,-0.3874195490474939,0.5720091777790246,-0.1945392102297618,-0.3850953827080676,-0.28094137280888937,-0.3181380299625344,0.2643723545077006,0.12609207213405677,fezouata
-0.9615384606198225,0.49999998965,0.11695906366912895,0.23529411120069205,-0.8915662648499056,0.5090909093304133,0.11764706168858122,0.09257503956915462,0.42361043467472753,-0.44624603889646164,0.6809062829933252,-0.19656090524425304,-0.4237165207078083,-0.27192649636255684,-0.32573695118276064,0.24098372898801185,-0.07156325925911078,fezouata
-1.0,1.19999998344,0.08187134468944286,0.41176470373356394,-0.96385542078531,0.5545454559824794,0.6470588149342559,-1.0,-1.0,-1.0,0.5612881327370493,-0.1802520145540686,-0.42658533225120576,-0.3347584553396917,-0.34593509957931795,0.27358374300876986,0.0660308620511849,fezouata
-1.0,0.7999999958599999,0.10526315693905812,0.47058823457785465,-0.9277108440645957,0.5909090914223141,0.8235294074671281,-1.0,-1.0,-1.0,0.9913223400088079,-0.23092788836364408,-0.49806517953268226,-0.26160593759171896,-0.2970828918966443,0.29782282420473793,0.09363554023392415,fezouata
-0.5384615433609468,0.7999999958599999,0.035087718979686086,-0.2352941233771626,-0.939759037136159,0.5181818186608266,-0.5294117654221453,0.3964808464730162,0.35365028008213767,0.06301143235079668,0.760015985188271,-0.20402030631662244,-0.41014404286716877,-0.20143303450793007,-0.22197567012211375,0.27957155811724016,-0.11237611676917454,fezouata
-1.0,0.2999999855100002,0.1345029237642352,0.058823530844290525,-0.9277108440645957,0.5454545466520662,2.1764705803564013,-1.0,-1.0,-1.0,0.7645204410775913,-0.16673961069030968,-0.4303739105467784,-0.2741461209534492,-0.319555545864937,0.5553529689865557,0.07039013912995537,fezouata
-1.0,1.2999999855100002,0.07602339132440744,0.5882352962664359,-0.9518072302077225,0.5363636373216529,0.3529411728892733,-1.0,-1.0,-1.0,0.6151965365374374,-0.21824587185099373,-0.4506078252866467,-0.22786036025536555,-0.22443510161911484,0.306461249773386,0.16408921481837144,fezouata
-1.0,0.6999999937900001,0.11111111030409353,0.41176470373356394,-0.939759037136159,0.6272727287439669,0.23529411120069205,-1.0,-1.0,-1.0,0.6908622940080401,-0.20884319188526726,-0.35549170213439557,-0.29395669930365803,-0.3157194574534388,0.28846200116378456,-0.053376891323057146,fezouata
-1.0,0.21170730307795133,0.1396662385507195,0.24734576076907755,-0.9026741117899358,0.5513525506086492,0.24734576076907755,-1.0,-1.0,-1.0,0.8925244501894221,-0.19696975878194722,-0.3550538225785696,-0.27075970807753563,-0.30064323680713934,0.22132978765846742,-0.012918908529100409,fezouata
-1.0,0.6999999937900001,0.11111111030409353,0.23529411120069205,-0.9156626509930325,0.5545454559824794,0.2941176420449826,0.48313353786527163,0.2265907586651561,-0.42065213160526965,0.6338888634641111,-0.21639655334405078,-0.32887364146363685,-0.3447362614342076,-0.3007475796912153,0.3065546099441221,-0.07350971820729972,fezouata
-1.0,0.39999998757999994,0.1286549703991998,0.058823530844290525,-0.8915662648499056,0.5818181820919008,0.3529411728892733,-1.0,-1.0,-1.0,0.5800781484620198,-0.22884309859357999,-0.3632113161298064,-0.31296860385561215,-0.33919046484489906,0.26075093269050426,-0.07930917878440678,fezouata
-0.8461538504408284,0.49999998965,0.0994152035740227,0.2941176420449826,-0.903614457921469,0.5909090914223141,1.9999999999999996,0.2606635074376137,0.8008222601033115,-0.18431507806057723,0.835840335950254,-0.19345088984775394,-0.37606511952667915,-0.31993194273471354,-0.35822265573206974,0.4888370502593359,0.02771888147283788,fezouata
-1.0,0.5999999917200001,0.11695906366912895,0.17647058035640134,-0.8674698787067789,0.5545454559824794,0.0,-1.0,-1.0,-1.0,0.6375124264336174,-0.22729364653491127,-0.3428129092549669,-0.3174016216562158,-0.3278305084665272,0.2503345411940056,-0.033207986884089276,fezouata
-1.0,0.89999999793,0.0994152035740227,0.3529411728892733,-0.8915662648499056,0.5181818186608266,0.41176470373356394,0.2606635074376137,-0.34366987714222297,-0.3874195490474939,0.6081325537883658,-0.2196791594492916,-0.33322409656064106,-0.2938836360731184,-0.3020699582903612,0.3204821035631336,-0.018609438494261665,fezouata
-1.0,0.49999998965,0.12280701703416437,0.058823530844290525,-0.96385542078531,0.6818181828446281,0.17647058035640134,-1.0,-1.0,-1.0,0.9142838989050496,-0.19750922611837995,-0.31139935153995424,-0.337615202087196,-0.37331681397981664,0.2309176440563744,-0.07166098780934914,fezouata
-1.0,1.39999998758,0.07017543795937217,0.6470588149342559,-0.939759037136159,0.5727272727614876,0.9411764691557092,-1.0,-1.0,-1.0,0.4367725359971578,-0.2009264745270364,-0.2677261553960171,-0.28818734342883645,-0.2792404505584736,0.3437917930658008,0.05264526440074613,fezouata
-1.0,0.7999999958599999,0.10526315693905812,0.23529411120069205,-0.843373495057628,0.5272727279912397,1.0588235308442906,-1.0,-1.0,-1.0,0.5187742273557203,-0.19952382857254505,-0.4599370741521965,-0.28119318217194844,-0.31869808531847416,0.2999889973036132,0.05850822553495654,fezouata
-1.0,0.39999998757999994,0.1286549703991998,0.47058823457785465,-0.8795180717783423,0.5909090914223141,0.7058823457785467,0.30568720386167214,-0.45934512619951073,-0.46035400313538194,0.8447850903588168,-0.19933793890544863,-0.3288148917492742,-0.24509402653681814,-0.2862314264746283,0.25212433442488,0.10175176546602219,fezouata
-1.0,0.0,0.15204678264881502,-0.05882353084429069,-0.939759037136159,0.5727272727614876,-0.05882353084429069,-1.0,-1.0,-1.0,1.0490572413563937,-0.2362254698723357,-0.37739628441583445,-0.2766099612463167,-0.2921707620431452,0.3087031374530349,-0.07817304036958767,fezouata
-1.0,1.59999999172,0.058479531229301336,1.0,-0.903614457921469,0.47272727389057867,0.8823529383114186,-1.0,-1.0,-1.0,0.524225940124021,-0.19114638510641055,-0.4510915030808517,-0.2650949361225873,-0.2776994763069567,0.2843014872557939,0.2344962538018285,fezouata
-0.7681105274905354,0.607766983578835,0.08124680511085706,0.47772700703668486,-0.8910398887902228,0.5803618712277615,0.53683608829227,0.2990983706229876,0.16133518791833787,-0.09889475561537107,0.7155980996541955,-0.21794787341109598,-0.3197830146011377,-0.28150456425140064,-0.28354728597174517,0.2715320961254305,0.15629022271015258,fezouata
-1.0,0.49999998965,0.12280701703416437,0.23529411120069205,-0.8795180717783423,0.5909090914223141,0.5882352962664359,0.21864139031291596,-0.4776777685992479,-0.44624603889646164,0.6523584755385503,-0.21921457771990738,-0.4063299104660668,-0.25408925231814466,-0.27078877488002573,0.3058638700169716,-0.0224318160785295,fezouata
-1.0,0.0,0.15204678264881502,0.6470588149342559,-0.9518072302077225,0.7000000015054546,1.4117647037335639,-1.0,-1.0,-1.0,0.875481524939367,-0.2352636880298143,-0.4005348800613288,-0.3296782871707532,-0.32904174664764035,0.3008113592053518,0.07678190356453753,fezouata
-1.0,0.39999998757999994,0.1286549703991998,0.11764706168858122,-0.9277108440645957,0.6363636361925621,0.47058823457785465,0.3957345973401203,-0.15470128674837177,-0.318616233326629,0.8936685577823901,-0.22845054826752603,-0.28939549374434326,-0.26750343299941426,-0.26943030375007876,0.31563619782915875,-0.01310743691171585,fezouata
-1.0,0.4067961080439807,0.12825753645206137,0.18218161293523022,-0.963679962098749,0.5894969110763718,0.595945169547855,-1.0,-1.0,-1.0,1.0841426816527862,-0.2019494004807609,-0.3148117342783428,-0.28012842369097857,-0.31204887631632344,0.2914016585019933,-0.05766973011911082,fezouata
-0.6521657991973415,1.5121359027856798,0.010730709309576921,0.12307253167964523,-0.9394666034979149,0.525551634017918,0.30039977544640023,0.21080675868054202,0.15015377246759662,0.058441758644477704,0.5330219598910536,-0.20541716992620893,-0.40828687495458793,-0.26172920420740464,-0.284005790168133,0.3082220088581757,-0.005981088794269878,fezouata
-1.0,0.39999998757999994,0.1286549703991998,0.7647058766228372,-0.843373495057628,0.6000000007527274,0.5882352962664359,-1.0,-1.0,-1.0,0.6742357250768415,-0.21772167260165254,-0.30842297606764846,-0.319138527260566,-0.3234147314033608,0.2593817349548845,0.047205957562878466,fezouata
-1.0,1.1101941724159707,0.08712314652850764,0.53683608829227,-0.9394666034979149,0.5894969110763718,0.3595088445255147,-1.0,-1.0,-1.0,0.5167912944493154,-0.18807459973000432,-0.5253341589542332,-0.26002723325995053,-0.31083237262883967,0.23222469273445384,0.04145044548784751,fezouata
-1.0,1.19999998344,0.08187134468944286,0.2941176420449826,-0.903614457921469,0.5181818186608266,0.2941176420449826,0.46122361077899177,0.1488313711010033,-0.3679301062818446,0.4681807336506338,-0.20856100845225942,-0.38977022525043203,-0.26343293937729145,-0.2697708109671447,0.3104184645756091,-0.006838279692880039,fezouata
-1.0,0.49999998965,0.12280701703416437,0.11764706168858122,-0.9879518069284366,0.5909090914223141,0.17647058035640134,-1.0,-1.0,-1.0,1.0140930124025653,-0.22537260977156054,-0.28556602755519034,-0.3138248597371617,-0.3008232889528777,0.29553656090891745,-0.10397727345009565,fezouata
-1.0,0.7999999958599999,0.10526315693905812,0.17647058035640134,-0.903614457921469,0.5909090914223141,0.058823530844290525,-1.0,-1.0,-1.0,0.5770534684240952,-0.2074380494539234,-0.44054335826619045,-0.20878932817652937,-0.21666274065592736,0.2732581068747897,0.10789676094907874,fezouata
-1.0,0.7999999958599999,0.10526315693905812,0.2941176420449826,-0.8915662648499056,0.5909090914223141,0.6470588149342559,-1.0,-1.0,-1.0,0.5136687025257436,-0.1781702464343411,-0.3661828607413123,-0.2868267183588503,-0.341438809234537,0.16733012405857195,0.03363771967101041,fezouata
-1.0,0.5999999917200001,0.11695906366912895,0.11764706168858122,-0.9277108440645957,0.6181818194135539,0.47058823457785465,0.2606635074376137,-0.2613248164800712,-0.43304891935246054,0.6306597843747074,-0.20526082697600684,-0.37582791940404686,-0.3560513163334836,-0.36932381482000504,0.228066525563474,-0.13248797984040048,fezouata
-1.0,0.39999998757999994,0.1286549703991998,0.6470588149342559,-0.9518072302077225,0.6272727287439669,0.5294117654221453,-1.0,-1.0,-1.0,0.7624547518193625,-0.21606600175934196,-0.5276280384494393,-0.3481530820256776,-0.36612110578526125,0.2799989108736944,-0.07357398016197039,fezouata
-1.0,0.5999999917200001,0.11695906366912895,0.2941176420449826,-0.903614457921469,0.6000000007527274,0.8235294074671281,-1.0,-1.0,-1.0,0.7973614987364156,-0.19810906013528878,-0.4370017654566256,-0.2748954066993478,-0.27178372215779834,0.3096493216949496,0.1431835852658822,fezouata
-1.0,0.7999999958599999,0.10526315693905812,0.7647058766228372,-0.8674698787067789,0.5363636373216529,0.9411764691557092,-1.0,-1.0,-1.0,0.6961182719107063,-0.20694147454731482,-0.34809668974956326,-0.3009583435602373,-0.28226149761113645,0.323102042960044,0.18234553932840042,fezouata
-1.0,1.4999999896500003,0.06432748459433675,0.7647058766228372,-0.939759037136159,0.5000000000000001,1.1176470495121105,-1.0,-1.0,-1.0,0.5587492311672109,-0.17118413214086833,-0.5140069914699165,-0.28774219080518426,-0.3259641768994584,0.26041648109727905,0.1574431055264701,fezouata
-1.0,0.6999999937900001,0.11111111030409353,1.0,-0.9518072302077225,0.6090909100831406,1.1764705803564013,-1.0,-1.0,-1.0,0.6687906263134022,-0.21634287800440682,-0.466986249451508,-0.32516184594370884,-0.33417691127722515,0.25086428615932543,0.11052360476330698,fezouata
-1.0,1.19999998344,0.08187134468944286,0.5882352962664359,-0.939759037136159,0.5636363634310744,0.41176470373356394,-1.0,-1.0,-1.0,0.5392117600396379,-0.20534008467949452,-0.4081039292846232,-0.34800234848914674,-0.3790952786026174,0.2661998122038903,-0.045283095594292534,fezouata
-0.4589245721061211,0.7082524213462621,0.028359733562528494,0.12307253167964523,-0.8789332094898058,0.5529567516819307,-0.05425471208710996,0.2802738285943841,0.00041444484982688224,0.10750792220707676,0.5852113398278591,-0.19388818756422024,-0.28522833757951943,-0.29721840314987097,-0.3401205625486705,0.24097982497895645,-0.08685230958515172,fezouata
-1.0,0.10533979474169904,0.14588656070501307,0.47772700703668486,-0.951573282798332,0.6443071501680334,0.65505425080344,-1.0,-1.0,-1.0,1.224568187030847,-0.21475247002517975,-0.4006288654738205,-0.32735569151798677,-0.3329285153902642,0.3408787742317565,0.10423297613307649,fezouata
-1.0,0.2999999855100002,0.1345029237642352,0.5294117654221453,-0.9156626509930325,0.5727272727614876,0.17647058035640134,0.2606635074376137,-1.0,-0.44624603889646164,0.5978153622952135,-0.2103753469257436,-0.30390721191679926,-0.3028637355868386,-0.33857779064657106,0.28298477566625346,-0.10699529478193665,fezouata
-1.0,1.09999998137,0.08771929805447828,0.7647058766228372,-0.9759036138568733,0.5727272727614876,1.4705882345778547,-1.0,-1.0,-1.0,0.5549413844633945,-0.19518966314187544,-0.47483797026826413,-0.24877163532779478,-0.2702359476892643,0.2894219563295522,0.09703756608379667,fezouata
-1.0,0.49999998965,0.12280701703416437,0.11764706168858122,-0.939759037136159,0.5909090914223141,0.8823529383114186,-1.0,-1.0,-1.0,0.8541263812980666,-0.22167011278693163,-0.4692329066200282,-0.19762058163004728,-0.19786743316197972,0.3105031664814521,0.13149391503912897,fezouata
-1.0,0.2999999855100002,0.1345029237642352,0.11764706168858122,-0.96385542078531,0.6545454548533886,-0.2352941233771626,-1.0,-1.0,-1.0,1.0463109154730355,-0.21881888287684245,-0.32360061559562026,-0.33550436527712874,-0.3387429531476706,0.3266700438487497,-0.09193897831226594,fezouata
-1.0,0.5999999917200001,0.11695906366912895,0.2941176420449826,-0.939759037136159,0.5727272727614876,1.0,-1.0,-1.0,-1.0,0.7542738583772688,-0.20370438565200377,-0.4333270060390684,-0.24679442405734414,-0.26460197661045437,0.23143915343494692,0.18554983340256392,fezouata
-0.3043315904331447,0.004854356974271914,0.0459887578154802,0.47772700703668486,-0.8910398887902228,0.6169020306222026,0.65505425080344,0.3361257597321655,0.14238071236234565,0.013389213470019453,0.9170316616849773,-0.2422933243089029,-0.3761526910220667,-0.35842376812357746,-0.3740448919794247,0.3074895446595857,-0.022886189594218554,fezouata
-1.0,1.09999998137,0.08771929805447828,0.2941176420449826,-0.96385542078531,0.5909090914223141,0.41176470373356394,-1.0,-1.0,-1.0,0.7158939571105685,-0.1791615880415453,-0.41998679368948544,-0.2969091210929397,-0.3469260477553095,0.24019409215573648,0.02990840707688208,fezouata
-1.0,0.2999999855100002,0.1345029237642352,0.47058823457785465,-0.96385542078531,0.5909090914223141,0.2941176420449826,-1.0,-1.0,-1.0,0.6495456799147545,-0.2142174345875494,-0.38324466624670117,-0.2864139958831036,-0.3156627308453164,0.24009153436882053,-0.01305178192204423,fezouata
-1.0,0.39999998757999994,0.1286549703991998,0.3529411728892733,-0.8915662648499056,0.5636363634310744,0.23529411120069205,-1.0,-1.0,-1.0,0.8990174618565404,-0.22036822946588802,-0.5070535590626197,-0.34454545702579603,-0.3510691628125385,0.30677575025948994,0.03318832379191678,fezouata
-1.0,1.19999998344,0.08187134468944286,0.9411764691557092,-0.9156626509930325,0.5454545466520662,1.7058823457785468,0.2606635074376137,-0.11711428940408018,-0.3679301062818446,0.6408811236300017,-0.1692479316727333,-0.4229260876685851,-0.3547256513597941,-0.40521517108105776,0.3182359108541722,0.09649130774419716,fezouata
-1.0,0.7999999958599999,0.10526315693905812,0.2941176420449826,-0.9518072302077225,0.6363636361925621,0.8823529383114186,0.2606635074376137,-0.018727393877053154,-0.4089641287708005,0.7754668644371976,-0.2253907124906881,-0.4621442653075545,-0.3277858450710357,-0.3316110213028879,0.3041802046314013,0.010425004730103002,fezouata
-1.0,0.89999999793,0.0994152035740227,0.47058823457785465,-0.8674698787067789,0.5545454559824794,1.0,-1.0,-1.0,-1.0,0.5539882795676692,-0.2059112527052278,-0.40522986296576685,-0.3247728355332765,-0.37372159793745197,0.29607993497385277,0.10095525795351704,fezouata
-1.0,0.49999998965,0.12280701703416437,0.6470588149342559,-0.903614457921469,0.5818181820919008,0.3529411728892733,-1.0,-1.0,-1.0,0.7913976938942788,-0.2233774572206782,-0.4800362613066568,-0.2932851690857427,-0.3275926041687568,0.2692965206723055,0.08115392136259911,fezouata
-1.0,0.89999999793,0.0994152035740227,0.23529411120069205,-0.9156626509930325,0.5909090914223141,0.5294117654221453,-1.0,-1.0,-1.0,0.5437305367374184,-0.22735953351720786,-0.41555839128458316,-0.31948297674490894,-0.2957197750473186,0.3055305900456479,-0.0055971508985253665,fezouata
-1.0,0.7999999958599999,0.10526315693905812,0.41176470373356394,-0.9518072302077225,0.5636363634310744,0.7058823457785467,-1.0,-1.0,-1.0,0.5830121381411684,-0.1884349448522718,-0.2989475185946798,-0.2503981644607516,-0.26573936354935074,0.25820818619991504,0.1046889803085553,fezouata
-1.0,1.2999999855100002,0.07602339132440744,0.5882352962664359,-0.9277108440645957,0.5181818186608266,1.6470588149342558,-1.0,-1.0,-1.0,0.5848956749313245,-0.17751868554752692,-0.45139868444841763,-0.31852006236036595,-0.3467112124123287,0.31394182925483993,0.1927452815217221,fezouata
-1.0,0.5999999917200001,0.11695906366912895,0.11764706168858122,-0.939759037136159,0.5818181820919008,0.2941176420449826,0.2606635074376137,-1.0,-0.43304891935246054,0.7784852543996792,-0.2091277489284531,-0.37662390528372336,-0.26262730408705787,-0.3129754042080052,0.24259278434512,0.0027724071666253773,fezouata
-0.7692307716804734,1.19999998344,0.04678362570975678,0.17647058035640134,-0.903614457921469,0.5181818186608266,0.11764706168858122,0.3638087037299026,0.32914292082055135,-0.03882519588852957,0.4737284530068968,-0.22058408446642405,-0.31205002079930655,-0.2809750316798446,-0.28202584305965495,0.25056035891463946,-0.06240117515623306,fezouata
-0.9611632253513855,0.7165853512020974,0.10423619967649478,0.306743180847717,-0.8418454310351519,0.5329933480023068,0.42553802100499616,-0.36966824628119316,-1.0,-1.0,0.6026463345107883,-0.21525172190304726,-0.4376971223862661,-0.3054070231278304,-0.3393089394090026,0.23525540542488146,-0.0633687369771869,fezouata
-1.0,1.09999998137,0.08771929805447828,0.23529411120069205,-0.9518072302077225,0.5818181820919008,-0.2352941233771626,-1.0,-1.0,-1.0,0.5833815370423496,-0.19374724861557252,-0.3398456766503817,-0.27976601017389036,-0.32721748144573404,0.22015570234677737,-0.02872355825270203,fezouata
-0.8461538504408284,0.9999999793000002,0.07017543795937217,0.5882352962664359,-0.9759036138568733,0.6000000007527274,0.8235294074671281,0.4214624243183905,0.019210515696923718,-0.06244577655035929,0.7731013955835497,-0.23687794410433996,-0.4011653250588313,-0.31893954408485636,-0.3079185339689427,0.3612387808897826,-0.07757546066146997,fezouata
-1.0,1.2999999855100002,0.07602339132440744,0.47058823457785465,-0.9156626509930325,0.5727272727614876,-0.11764706168858138,-1.0,-1.0,-1.0,0.37898443078608285,-0.21618324266225808,-0.33135433264218095,-0.31831733832079573,-0.3301106511485223,0.2688680088694978,-0.02885989917706662,fezouata
-1.0,0.6999999937900001,0.11111111030409353,0.47058823457785465,-0.903614457921469,0.5727272727614876,0.6470588149342559,-1.0,-1.0,-1.0,0.6437767266440562,-0.19106506476503562,-0.488734687625711,-0.33470019911228066,-0.3603941854390902,0.23889703475065283,0.018303512124255284,fezouata
-1.0,0.5072815458114078,0.12238119503441092,0.12307253167964523,-0.9152532448970809,0.5986319509249819,2.07367217658454,-1.0,-1.0,-1.0,0.8087339255021863,-0.2143460836068141,-0.4482050549213345,-0.2420040271970343,-0.2599135912025621,0.5743432979422082,0.1121288116668619,fezouata
-1.0,0.39999998757999994,0.1286549703991998,0.2941176420449826,-0.9156626509930325,0.6727272735142149,1.1764705803564013,-1.0,-1.0,-1.0,0.6235913793922525,-0.20958980808540784,-0.41228025260394496,-0.32387903745626756,-0.35820018509978757,0.28897762518582826,-0.0838013324286112,fezouata
-1.0,1.59999999172,0.058479531229301336,0.0,-0.7590361460506605,0.3909090917986777,0.058823530844290525,-1.0,-1.0,-1.0,0.38594282077672604,-0.20473227737654076,-0.4051158542093106,-0.23729648519256122,-0.25444042399295413,0.29428346482555856,0.026400819799298557,fezouata
-1.0,0.89999999793,0.0994152035740227,0.5882352962664359,-0.939759037136159,0.5727272727614876,0.7647058766228372,-1.0,-1.0,-1.0,0.6643608857528819,-0.19432606699458727,-0.46151920755884174,-0.27080962145351467,-0.29553980473492775,0.29020778835987415,0.12923213280595844,fezouata
-1.0,0.7999999958599999,0.10526315693905812,0.5882352962664359,-0.9156626509930325,0.5909090914223141,0.7647058766228372,-1.0,-1.0,-1.0,0.8963339153055303,-0.1917904924440855,-0.48465700836435066,-0.33022185720356917,-0.3618810678479653,0.24936964453646146,0.06970680067585325,fezouata
-1.0,1.311165027250825,0.07537046490373292,0.53683608829227,-0.963679962098749,0.5346866738665281,0.9505996570813651,-1.0,-1.0,-1.0,0.763974621653804,-0.21706358020941455,-0.320578466171713,-0.22763439986727244,-0.20190379594673988,0.32325666631081834,0.1277121960849489,fezouata
-1.0,0.9999999793000002,0.09356725141951369,0.5882352962664359,-0.903614457921469,0.5454545466520662,0.41176470373356394,-1.0,-1.0,-1.0,0.5507931591475725,-0.20775734949574484,-0.3929196462191071,-0.19331499614698014,-0.20497855250591301,0.3625741769492902,0.02951958671923799,fezouata
-1.0,0.0,0.15204678264881502,0.5882352962664359,-0.9156626509930325,0.6727272735142149,0.8823529383114186,0.2606635074376137,-1.0,-0.5291573193270894,0.9123969758794092,-0.2022087926893328,-0.379461786512246,-0.32403166114026427,-0.35592780853661526,0.26887048345791476,0.10306214971409218,fezouata
-1.0,0.6999999937900001,0.11111111030409353,0.058823530844290525,-0.9518072302077225,0.6636363641838018,-0.05882353084429069,-1.0,-1.0,-1.0,0.7080070993820194,-0.1866801869300108,-0.4377875818002671,-0.2947362808317506,-0.33277453186103373,0.23871563735925094,-0.0049944888616467184,fezouata
-1.0,0.6999999937900001,0.11111111030409353,0.8823529383114186,-0.9277108440645957,0.5454545466520662,0.8823529383114186,-1.0,-1.0,-1.0,0.9265318019309805,-0.22996214108075638,-0.4098356118345147,-0.18358588690485794,-0.16636973883733683,0.35273092723745303,0.1985259641313283,fezouata
-1.0,0.607766983578835,0.11650485361676036,0.06396345042406022,-0.8668265301893887,0.5529567516819307,0.3595088445255147,-1.0,-1.0,-1.0,0.6153685072494418,-0.1851354005430206,-0.4198078509220026,-0.286074557960682,-0.3153667315785324,0.23853379842638103,0.03127856420646618,fezouata
-0.5384615433609468,0.9999999793000002,0.02339181224961525,0.23529411120069205,-0.9277108440645957,0.5909090914223141,0.5882352962664359,0.292579039024132,0.14338354501375647,0.11813287715420051,0.5376117705647508,-0.19514805591921125,-0.4414155185190199,-0.21498442259642295,-0.2636520255999878,0.2885062901484025,0.010005252596291972,fezouata
-1.0,0.7999999958599999,0.10526315693905812,0.5294117654221453,-0.8554216881291915,0.5363636373216529,0.8235294074671281,-1.0,-1.0,-1.0,0.5845805883331802,-0.2091791550402263,-0.4825246072358378,-0.22101746167454137,-0.25190149206970414,0.28605094651193974,0.036528092700712216,fezouata
-1.0,0.7999999958599999,0.10526315693905812,0.3529411728892733,-0.9156626509930325,0.5818181820919008,0.41176470373356394,-1.0,-1.0,-1.0,0.6629239982388165,-0.22619178689777836,-0.541102912147765,-0.303609336435558,-0.33621066582392456,0.3130059849080609,0.07229270350839595,fezouata
-0.6538461535399409,0.5999999917200001,0.06432748459433675,0.11764706168858122,-0.8554216881291915,0.5181818186608266,1.1176470495121105,0.3000592420450391,0.06953858290646547,-0.007835608984516596,0.7091622452712332,-0.20211954799111947,-0.3420635495719875,-0.3466920183861487,-0.36665148380822515,0.3921886566349484,-0.15322686332567556,fezouata
-1.0,1.19999998344,0.08187134468944286,0.3529411728892733,-0.8795180717783423,0.5272727279912397,1.4705882345778547,-1.0,-1.0,-1.0,0.5161731115807147,-0.19819017606131167,-0.4254219956170713,-0.2830897785257866,-0.3043941474362202,0.331240199250925,0.04093313294576069,fezouata
-1.0,0.39999998757999994,0.1286549703991998,0.7058823457785467,-0.8915662648499056,0.6000000007527274,1.529411765422145,-1.0,-1.0,-1.0,0.9248231191127733,-0.1855256359739443,-0.5325014695542583,-0.24792898443769465,-0.27247503015381097,0.276800073584283,0.19802693464832358,fezouata
-1.0,1.09999998137,0.08771929805447828,0.47058823457785465,-0.8674698787067789,0.5000000000000001,0.058823530844290525,-1.0,-1.0,-1.0,0.5950952899239647,-0.19429616907472122,-0.3332544969821924,-0.31528154398387465,-0.3335253313590873,0.29154455864733647,-0.09873954661814116,fezouata
-1.0,0.89999999793,0.0994152035740227,0.7058823457785467,-0.9277108440645957,0.5545454559824794,0.47058823457785465,-1.0,-1.0,-1.0,0.7346296107288686,-0.17826822119032817,-0.465055572087614,-0.3055511576838415,-0.323085248882181,0.27412450904474966,0.06653509759005527,fezouata
-1.0,0.39999998757999994,0.1286549703991998,0.8823529383114186,-0.9277108440645957,0.6181818194135539,0.9411764691557092,-1.0,-1.0,-1.0,0.7361644949182382,-0.22030561095459256,-0.34504533216408256,-0.3332264348519941,-0.35095031127842474,0.27763358231216295,0.0036519831537108875,fezouata
-1.0,1.311165027250825,0.07537046490373292,0.24129069419081522,-0.9394666034979149,0.5620917915305408,0.24129069419081522,0.2606635074376137,-0.40346597570569326,-0.3501376389218328,0.46887636981308134,-0.1908565165260189,-0.43401222434311787,-0.37282236202685093,-0.38369228030899155,0.2618194120421377,-0.08863683513324914,fezouata
-1.0,0.9999999793000002,0.09356725141951369,0.11764706168858122,-0.939759037136159,0.5727272727614876,0.3529411728892733,-1.0,-1.0,-1.0,0.5620401597839357,-0.1956772687812558,-0.27166585264380705,-0.236341819533668,-0.24133927935866617,0.27784231195880166,0.01940875048780607,fezouata
-1.0,0.19999998344000008,0.14035087712927047,0.5294117654221453,-0.96385542078531,0.6545454548533886,0.23529411120069205,-1.0,-1.0,-1.0,1.0270568274322212,-0.20308161036109212,-0.4035836831194121,-0.3149563788371687,-0.3438221196200781,0.2634474634633501,0.009739436015627025,fezouata
-1.0,1.2999999855100002,0.07602339132440744,-0.05882353084429069,-0.9518072302077225,0.5727272727614876,0.6470588149342559,-1.0,-1.0,-1.0,0.5361233083010954,-0.19581790871808527,-0.3662488920730964,-0.3176692377908478,-0.3487023814216451,0.3559752705450855,-0.1476006111776342,fezouata
-1.0,0.49999998965,0.12280701703416437,0.5294117654221453,-0.939759037136159,0.6090909100831406,1.3529411728892733,-1.0,-1.0,-1.0,0.679038738931957,-0.21567948277348875,-0.5059880495675727,-0.3329295214316424,-0.3533138716551027,0.32425870974027954,0.0686577724877003,fezouata
-1.0,1.39999998758,0.07017543795937217,-0.05882353084429069,-0.96385542078531,0.5727272727614876,0.0,-1.0,-1.0,-1.0,0.6266059167761352,-0.1839405406192386,-0.21827203284130453,-0.31350231103280923,-0.26504988540064744,0.2613589471687942,-0.023957529903580115,fezouata
-1.0,0.49999998965,0.12280701703416437,0.23529411120069205,-0.9277108440645957,0.5909090914223141,0.47058823457785465,0.3447077410566773,-0.28819478367410883,-0.44624603889646164,1.1851207230632126,-0.20558243973832707,-0.3832612585313957,-0.2515705227025376,-0.27746759816322886,0.2934506072316156,0.008578840876451962,fezouata
-1.0,0.39999998757999994,0.1286549703991998,0.17647058035640134,-0.9518072302077225,0.5909090914223141,0.11764706168858122,-1.0,-1.0,-1.0,0.9657246919500894,-0.2059923599327251,-0.2879155833834824,-0.29590150332166393,-0.3093953374607829,0.2665080046553199,-0.059275244754182575,fezouata
-1.0,0.6999999937900001,0.11111111030409353,0.11764706168858122,-0.96385542078531,0.6454545455229753,-0.41176470373356405,0.22358516924311453,-0.5093636969385267,-0.42065213160526965,0.7428659059799342,-0.21906945586775303,-0.29542324667312936,-0.3369836918623599,-0.3719766346153125,0.27890663020128464,-0.1120420726215098,fezouata
-1.0,1.09999998137,0.08771929805447828,0.47058823457785465,-0.8313253019860647,0.47272727389057867,1.4117647037335639,-1.0,-1.0,-1.0,0.5578013288989951,-0.18892021276289206,-0.4721201540353085,-0.2615031318859489,-0.27229783815064146,0.3267998263001017,0.23782649255107474,fezouata
-0.9615384606198225,0.49999998965,0.11695906366912895,0.7058823457785467,-0.9518072302077225,0.5909090914223141,0.7058823457785467,0.5167357823858789,0.4404967945834928,-0.2913111495437077,0.7311844830653275,-0.2099893259304821,-0.4280201508981192,-0.3110074728302909,-0.31918101073217936,0.31813429972657425,-0.004649899357676502,fezouata
-0.8076923110606509,-0.40000000827999993,0.1461988292837796,0.0,-0.9759036138568733,0.6727272735142149,-0.2352941233771626,0.42875197530607273,0.053611531980947556,-0.3045082686168662,1.2562017790543647,-0.20530148497206283,-0.4383375845754731,-0.17621903588500298,-0.2057225289809346,0.2839506692853085,0.022055758647605464,fezouata
-1.0,0.6999999937900001,0.11111111030409353,0.2941176420449826,-0.9518072302077225,0.5909090914223141,0.6470588149342559,-1.0,-1.0,-1.0,0.6571489520492085,-0.20339031668602617,-0.3987924252217468,-0.2500107249333072,-0.2686958293340695,0.3085817338099507,0.09776036713930811,fezouata
-1.0,0.5072815458114078,0.12238119503441092,0.24129069419081522,-0.963679962098749,0.5803618712277615,0.8914905758257801,-1.0,-1.0,-1.0,1.338240450228272,-0.2188295624916704,-0.3941883300617462,-0.2995046471711268,-0.31965508338753035,0.315440288953847,0.0383195564841406,fezouata
-0.5384615433609468,1.09999998137,0.017543858884579835,0.17647058035640134,-0.8674698787067789,0.48181818322099174,0.2941176420449826,0.28931495050195416,0.04653914123329986,0.12240201715671532,0.5437511015220906,-0.1916656403312533,-0.38549535502025833,-0.193285015813354,-0.2253173697436172,0.27392273786808075,0.006294105679120755,fezouata
-0.9230769212396449,0.2999999855100002,0.12280701703416437,0.23529411120069205,-0.9518072302077225,0.6545454548533886,1.8235294074671278,0.3091505654644705,-0.02175135320222604,-0.3337701557469569,0.8175201170777892,-0.19572500302790238,-0.37350782122876786,-0.3027554311546253,-0.32806404071709705,0.4802070293486936,-0.002968549524912744,fezouata
-0.7281425933827753,1.0195121924965853,0.05109114197042085,0.603730269064444,-0.9391713192452159,0.5605321519118204,1.0195121974384502,0.27725118486847766,0.27546892028869074,-0.03152140606604631,0.696853066077168,-0.20328442409709496,-0.30375753471599976,-0.30806239666793717,-0.3195807867572587,0.2927241778988488,0.12649998770818802,fezouata
-0.6923076929201184,0.89999999793,0.052631577864265915,0.058823530844290525,-0.8795180717783423,0.5727272727614876,-0.47058823457785476,0.4024881520243453,0.2824369048063783,0.03779376132045002,0.6248865335855102,-0.18521993933887435,-0.25610980304613645,-0.31812654536011437,-0.3090084548832775,0.24004177292483772,-0.09447638646475848,fezouata
-1.0,0.30631067027655356,0.13413387786971193,0.65505425080344,-0.9152532448970809,0.5712268313791511,0.714163332059025,-1.0,-1.0,-1.0,0.7478505590375758,-0.2056288202769243,-0.5146852615477604,-0.23048212961922832,-0.2560176732233911,0.2742572963534651,0.26196846784281635,fezouata
-1.0,1.2999999855100002,0.07602339132440744,0.5882352962664359,-0.9156626509930325,0.5636363634310744,1.529411765422145,-1.0,-1.0,-1.0,0.6594221084273861,-0.2082389683748682,-0.5718736960139467,-0.2715531197357732,-0.2791748430198611,0.41195565353953806,0.19565986699406043,fezouata
-1.0,0.7999999958599999,0.10526315693905812,0.41176470373356394,-0.9277108440645957,0.5636363634310744,0.7647058766228372,-1.0,-1.0,-1.0,0.957209951169196,-0.2099640088716697,-0.410364078861895,-0.34434224454973394,-0.3630059302601162,0.32182027043508077,0.024766733720518137,fezouata
-1.0,1.0097087346485436,0.09299948794615821,-0.05425471208710996,-0.9273599241974979,0.5346866738665281,-0.23158195585386498,-1.0,-1.0,-1.0,0.5815986949673178,-0.16823313014193633,-0.3398800689349706,-0.3067214896773686,-0.3457560254091578,0.25339079691862665,-0.07860788403767842,fezouata
-1.0,0.9999999793000002,0.09356725141951369,0.7058823457785467,-0.8795180717783423,0.5545454559824794,1.0,-1.0,-1.0,-1.0,0.6857339438846664,-0.19579398233605627,-0.28952874646000076,-0.28130583419772703,-0.28741887261612803,0.3039010959296074,0.11715762369633946,fezouata
-1.0,0.49999998965,0.12280701703416437,0.47058823457785465,-0.9156626509930325,0.6000000007527274,1.9411764691557094,-1.0,-1.0,-1.0,0.8419301336953807,-0.1989009891300071,-0.4059904585950951,-0.3154823460767283,-0.36218395989735613,0.5784867272694115,-0.08331951053062484,fezouata
-1.0,0.6999999937900001,0.11111111030409353,0.058823530844290525,-0.9759036138568733,0.6454545455229753,0.3529411728892733,-1.0,-1.0,-1.0,0.9123521723659864,-0.20753395722276033,-0.5087533243713211,-0.3407367259322235,-0.3570372165198771,0.2679257509931684,0.0026054009552423977,fezouata
-1.0,0.89999999793,0.0994152035740227,0.47058823457785465,-0.8795180717783423,0.5454545466520662,0.6470588149342559,-1.0,-1.0,-1.0,0.48386370894532293,-0.19624897720289317,-0.5285909650128197,-0.3532471871702437,-0.3930993562939256,0.22027635425153955,0.02515232765597129,fezouata
-1.0,0.89999999793,0.0994152035740227,0.6470588149342559,-0.8674698787067789,0.5454545466520662,0.3529411728892733,-1.0,-1.0,-1.0,0.5502690635748393,-0.1815853908871136,-0.3867812250696921,-0.26228290675348614,-0.2886433449935077,0.24470429852265418,0.09574095361422308,fezouata
-1.0,0.6999999937900001,0.11111111030409353,0.058823530844290525,-0.8795180717783423,0.5454545466520662,0.0,-1.0,-1.0,-1.0,0.6847994038078641,-0.202011355729478,-0.30312987828211263,-0.2813117157871495,-0.29829854102933623,0.26165830599629825,-0.08328260178355544,fezouata
-0.420276326687877,0.607766983578835,0.028359733562528494,0.18218161293523022,-0.9273599241974979,0.5803618712277615,0.53683608829227,0.3294269714223623,0.07098147089522129,0.10291257439106598,0.628629742993325,-0.21993695656572806,-0.3937440917860373,-0.20778290732905247,-0.22884495448454045,0.28168472947256246,0.05289176686312318,fezouata
-0.6908140446155856,0.5072815458114078,0.07537046490373292,0.004854369168475045,-0.951573282798332,0.5986319509249819,0.53683608829227,0.2730229535024468,-0.014687555926219455,-0.05426531061545082,0.7443152254687855,-0.2308672281079285,-0.4297995348865769,-0.35512484770623315,-0.38441374188123145,0.341692957835356,-0.1098174465896182,fezouata
-0.7307692323002959,0.19999998344000008,0.0994152035740227,0.8823529383114186,-0.939759037136159,0.6181818194135539,1.1176470495121105,0.27725118486847766,0.2348777581390022,-0.11443268649667415,0.956523999138081,-0.20872638482131628,-0.3856029940173874,-0.2975357622164978,-0.3089055528027281,0.28686649665843694,0.2516944958376346,fezouata
-1.0,-0.30000000621000006,0.16959064274392113,0.3529411728892733,-0.9518072302077225,0.7000000015054546,0.0,0.2606635074376137,-1.0,-0.550701899050396,1.2375352561722974,-0.2185523611392106,-0.35153880612707084,-0.34618934600573337,-0.3891543637953806,0.2406167905620964,-0.13893647473871795,fezouata
-0.9230769212396449,0.10000000206999991,0.1345029237642352,0.23529411120069205,-0.9277108440645957,0.6272727287439669,1.3529411728892733,0.5758293842970171,0.2089410504615634,-0.3679301062818446,0.8313456407499178,-0.20193408346446268,-0.23421945943987973,-0.1916315832422757,-0.211915130710521,0.4348604830508793,0.17915544849135467,fezouata
-1.0,0.10533979474169904,0.14588656070501307,0.53683608829227,-0.963679962098749,0.5620917915305408,0.714163332059025,-1.0,-1.0,-1.0,0.9645484992922781,-0.2073736553560861,-0.48979987035320843,-0.27752387171345283,-0.2979877004130036,0.36021765825787105,0.19396794008009258,fezouata
-1.0,-0.30000000621000006,0.16959064274392113,0.2941176420449826,-0.9879518069284366,0.7363636369452894,0.7058823457785467,-1.0,-1.0,-1.0,1.39288016111757,-0.21132022318372579,-0.41194887277460235,-0.3220559711459704,-0.34724520451788177,0.2796438738068085,0.0075553797841072445,fezouata
-1.0,0.19999998344000008,0.14035087712927047,0.3529411728892733,-0.9759036138568733,0.6636363641838018,0.8235294074671281,-1.0,-1.0,-1.0,0.8816145526500546,-0.22763951731054977,-0.45925423595232545,-0.3263730933972169,-0.3085559889147046,0.2957978675250386,-0.061009435578109034,fezouata
-0.8846153818594675,0.6999999937900001,0.09356725141951369,0.7058823457785467,-0.8795180717783423,0.6272727287439669,0.9411764691557092,0.4618332159639849,0.12446133543532456,-0.21270496219184823,0.7480663137291149,-0.21967754804742073,-0.32133251099482835,-0.32940199874445114,-0.337664201814493,0.28612136259509785,0.018770489942171315,fezouata
-1.0,0.89999999793,0.0994152035740227,0.23529411120069205,-0.9879518069284366,0.5727272727614876,0.47058823457785465,-1.0,-1.0,-1.0,0.7746887797999338,-0.18196623952157936,-0.4027763619383888,-0.23444927949225802,-0.2642616907458855,0.2943698476630027,0.06922922039681424,fezouata
-1.0,0.10000000206999991,0.1461988292837796,0.41176470373356394,-0.9879518069284366,0.5909090914223141,0.47058823457785465,0.3091505654644705,-0.0015791556072162912,-0.47550792602655245,0.9094614603980312,-0.2262188610587656,-0.38765386222651277,-0.2735477341001854,-0.27862453790603625,0.3029857699868991,0.11682266587159422,fezouata
-0.5384615433609468,1.39999998758,0.0,0.23529411120069205,-0.939759037136159,0.5909090914223141,0.058823530844290525,0.15794277717861063,-0.10350724722885275,0.1447898323327378,0.3722977146774996,-0.18657969938743568,-0.36232441380313735,-0.23396809958945322,-0.29795251207361506,0.21084302688779563,-0.09358964699556191,fezouata
-1.0,0.8087378591136895,0.10475217078145921,0.65505425080344,-0.8183998129877207,0.5072815543206973,1.068817819592535,-1.0,-1.0,-1.0,0.5284754631493743,-0.1984892357213348,-0.44597228978944736,-0.2917053174370066,-0.30086609047663654,0.2930965496602015,0.1317721011577706,fezouata
-0.6923076929201184,0.0,0.10526315693905812,0.11764706168858122,-0.939759037136159,0.6090909100831406,0.3529411728892733,0.6020932075787445,0.43797362548245455,-0.12548858868245213,0.9400726089314511,-0.21860824155509886,-0.32807033864031737,-0.31428196506319345,-0.31214926571064816,0.3061853673983313,0.0024845735063093793,fezouata
-1.0,0.2999999855100002,0.1345029237642352,0.47058823457785465,-0.96385542078531,0.6272727287439669,0.41176470373356394,-1.0,-1.0,-1.0,0.8287931823017344,-0.20745508877829413,-0.36162961105359764,-0.33011120217073897,-0.3206498777308504,0.29008388497727666,0.005315240276784085,fezouata
-1.0,1.4999999896500003,0.06432748459433675,0.47058823457785465,-0.8915662648499056,0.5181818186608266,0.5294117654221453,-1.0,-1.0,-1.0,0.39211364039010665,-0.20834292119258654,-0.3954500767176242,-0.26673863049110974,-0.31517220432101356,0.26151561614206564,-0.02005037704518567,fezouata
-1.0,1.09999998137,0.08771929805447828,0.6470588149342559,-0.8674698787067789,0.5181818186608266,0.7058823457785467,-1.0,-1.0,-1.0,0.5354149977312984,-0.20691516259463497,-0.44487009842907593,-0.23968512534523734,-0.28537855664480233,0.3009055773079276,0.12106710833478351,fezouata
-1.0,0.7999999958599999,0.10526315693905812,0.7058823457785467,-0.9277108440645957,0.6000000007527274,2.0588235186678197,-1.0,-1.0,-1.0,0.7693307987048604,-0.20868703595336588,-0.567683231166552,-0.30240514968769094,-0.2863128090678679,0.3509156964672615,0.27591236343188574,fezouata
-1.0,0.89999999793,0.0994152035740227,0.7058823457785467,-0.9277108440645957,0.5818181820919008,1.2352941112006919,-1.0,-1.0,-1.0,0.844661885636108,-0.2204689757896002,-0.3661770142516422,-0.23093717689775023,-0.2425996269389408,0.3273170257588705,0.14818486960081603,fezouata
-1.0,0.49999998965,0.12280701703416437,0.3529411728892733,-0.9759036138568733,0.6272727287439669,0.0,-1.0,-1.0,-1.0,0.813328752348467,-0.2211638172779445,-0.41748438130045235,-0.3104311750085822,-0.3055629610635846,0.2763090724854938,0.10593199356188865,fezouata
-1.0,0.9999999793000002,0.09356725141951369,0.41176470373356394,-0.9518072302077225,0.5727272727614876,0.41176470373356394,-1.0,-1.0,-1.0,0.6168693302810352,-0.2008490652602426,-0.4269186572306237,-0.3587320427802443,-0.36901667280266975,0.24766193540149256,0.08151466201246335,fezouata
-0.4615384646005918,0.89999999793,0.017543858884579835,0.0,-0.903614457921469,0.5545454559824794,0.9411764691557092,0.24369303709669723,0.2367952796691434,0.13707252492595376,0.49648913874311773,-0.18698939233285206,-0.3964818540868479,-0.2937462963810118,-0.35425391278135027,0.26833064521793104,-0.030504454472395824,fezouata
-1.0,0.5999999917200001,0.11695906366912895,0.3529411728892733,-0.9518072302077225,0.5818181820919008,1.0588235308442906,-1.0,-1.0,-1.0,1.0426789492722608,-0.22924330036023097,-0.32290337975257,-0.3211844592558712,-0.26265770347532824,0.42385287241927067,0.11309348017706035,fezouata
-0.5384615433609468,0.0,0.08187134468944286,0.8235294074671281,-0.9277108440645957,0.6363636361925621,0.7058823457785467,0.42941374044368597,0.23416819793679836,-0.009439416394716108,0.7574939493514096,-0.2205183094776449,-0.36987881809970136,-0.2806342849002612,-0.2953907137666485,0.2769583089119391,0.0729188863851211,fezouata
-1.0,0.7999999958599999,0.10526315693905812,0.47058823457785465,-0.9518072302077225,0.6181818194135539,0.41176470373356394,0.1205897845290636,-0.1345989050416104,-0.4089641287708005,0.7330332482756282,-0.2268277600266844,-0.28382827110307723,-0.30514527713489054,-0.27479505518966385,0.2740647116147112,0.06358997055780306,fezouata
-1.0,0.607766983578835,0.11650485361676036,0.30039977544640023,-0.9031465680906398,0.5529567516819307,0.77327241331461,-1.0,-1.0,-1.0,0.7377119143940636,-0.21951559672282606,-0.4295994692464829,-0.2630932407010134,-0.283355693982491,0.3282202791753662,0.05977210108163097,fezouata
-1.0,0.30631067027655356,0.13413387786971193,0.41861792578109985,-0.9152532448970809,0.5712268313791511,0.47772700703668486,-1.0,-1.0,-1.0,0.944167946492797,-0.21409599882065392,-0.41787019662934816,-0.22904906331204755,-0.23190081424811207,0.3145670428911336,0.17626466303797067,fezouata
-0.6521657991973415,0.9092232968811166,0.0459887578154802,0.53683608829227,-0.951573282798332,0.6077669907735923,0.8323814945701951,0.3367380293294815,0.11403303015323972,0.05494621410799396,0.7446530019438354,-0.22290928082558223,-0.38351365334508164,-0.29701038644300254,-0.28361249910045366,0.3086737106703916,0.08858223341021211,fezouata
-1.0,1.09999998137,0.08771929805447828,-0.05882353084429069,-0.9518072302077225,0.6000000007527274,0.8823529383114186,0.6808846767935954,0.33166562464417015,-0.3774427227047541,0.6519102494217955,-0.22532283463334066,-0.2827829174253259,-0.22388444142094346,-0.21747761298194682,0.2965482735376138,-0.015441110937678209,fezouata
-0.7294622820722912,1.612621340553107,0.01660705072722749,0.30039977544640023,-0.9152532448970809,0.525551634017918,-0.05425471208710996,0.33852801833942664,-0.08723886878848859,0.05019054906764079,0.47633553616272767,-0.2017504521520799,-0.4876800122412423,-0.2841139840582342,-0.3103942476190188,0.2673767465758751,-0.08061615895085358,fezouata
-1.0,-0.09563108079315535,0.15763924354031406,0.47772700703668486,-0.9152532448970809,0.5894969110763718,2.31010850160688,0.7509215382478704,-0.10796496903652614,-0.550701899050396,0.7929065270788754,-0.2091194200901734,-0.4627507326321651,-0.287322338937415,-0.30464541605869466,0.39101197307528485,0.19854207403485422,fezouata
-1.0,0.7999999958599999,0.10526315693905812,-0.11764706168858138,-0.8915662648499056,0.5545454559824794,-0.1764705925328721,0.32701421842173356,0.14727473492088422,-0.3979082265850225,0.7284476713223871,-0.19696659143130643,-0.35332331904132297,-0.2881081009678871,-0.28744310467767503,0.28448360005615664,-0.013966042740804995,fezouata
-1.0,0.5999999917200001,0.11695906366912895,0.41176470373356394,-0.8915662648499056,0.6000000007527274,0.9411764691557092,-1.0,-1.0,-1.0,0.7317700733659424,-0.20372689091241,-0.40640648005132357,-0.31253082993010856,-0.30576828629837155,0.32359438894384246,0.07620911051972157,fezouata
-1.0,0.7999999958599999,0.10526315693905812,0.2941176420449826,-0.8795180717783423,0.5272727279912397,0.17647058035640134,0.295681938479917,0.2929401844872303,-0.4089641287708005,0.6206422728697069,-0.2205982141339755,-0.478610642932574,-0.21834783825417947,-0.24479940256612243,0.2649147169396523,0.0036746886636623488,fezouata
-1.0,0.6999999937900001,0.11111111030409353,-0.11764706168858138,-0.9518072302077225,0.5363636373216529,-0.5294117654221453,-1.0,-1.0,-1.0,0.7627887605054711,-0.1912765628915525,-0.1164464445837088,-0.33252021546739857,-0.3199678638566557,0.17954947817941153,-0.05873366583713133,fezouata
-1.0,0.2999999855100002,0.1345029237642352,0.2941176420449826,-0.9156626509930325,0.6000000007527274,-0.05882353084429069,-1.0,-1.0,-1.0,0.8789602186055503,-0.2374449444489864,-0.36601410075719754,-0.24004357413173938,-0.26815560716187054,0.33662668099037446,-0.0370473468065954,fezouata
-1.0,0.7999999958599999,0.10526315693905812,0.0,-0.9759036138568733,0.5818181820919008,-0.05882353084429069,-1.0,-1.0,-1.0,0.9066525581012614,-0.22785074143350983,-0.23427860657423502,-0.30199943449484407,-0.2934503726567892,0.31835126985045137,-0.1419058871808736,fezouata
-1.0,0.2999999855100002,0.1345029237642352,0.2941176420449826,-0.939759037136159,0.6818181828446281,0.41176470373356394,-1.0,-1.0,-1.0,0.9841821474103283,-0.20722867811692006,-0.31619136453560576,-0.3210637009650862,-0.3187429380420396,0.27497535176845495,-0.03747568687046631,fezouata
-1.0,0.5999999917200001,0.11695906366912895,0.41176470373356394,-0.9156626509930325,0.6272727287439669,1.0588235308442906,-1.0,-1.0,-1.0,0.7214957035308761,-0.1961419200988448,-0.5023368571555815,-0.20129995209951662,-0.23174472317480307,0.28913681904970917,0.11602269400015824,fezouata
-1.0,0.6999999937900001,0.11111111030409353,-0.05882353084429069,-0.903614457921469,0.5909090914223141,0.3529411728892733,-1.0,-1.0,-1.0,0.6411390784632075,-0.20256013701221665,-0.4072550732985869,-0.3231820792854663,-0.3555712485681529,0.24779236689085687,-0.06419177284992877,fezouata
-0.3461538464600592,0.49999998965,0.02339181224961525,0.058823530844290525,-0.8915662648499056,0.5636363634310744,-0.05882353084429069,0.37437041211654204,0.08969962800402742,0.13310182949826863,0.5796613142752406,-0.2433192349442303,-0.33397173188243007,-0.3507600672818724,-0.3333793795716762,0.2743432104024203,-0.19413457193767172,fezouata
-1.0,0.9999999793000002,0.09356725141951369,0.5294117654221453,-0.939759037136159,0.5818181820919008,1.1764705803564013,-1.0,-1.0,-1.0,0.6231103911281977,-0.20661636823964316,-0.38381338087989586,-0.26935035765157933,-0.28703472139428376,0.2757935288072299,0.2140467902218013,fezouata
-1.0,0.2999999855100002,0.1345029237642352,0.3529411728892733,-0.9156626509930325,0.6181818194135539,0.7058823457785467,-1.0,-1.0,-1.0,0.7430799838119423,-0.20302065000624275,-0.44018657888353785,-0.3209158153694543,-0.34192232894615865,0.25601129732471234,0.028956184244417333,fezouata
-1.0,0.19999998344000008,0.14035087712927047,0.7058823457785467,-0.939759037136159,0.6090909100831406,1.3529411728892733,-1.0,-1.0,-1.0,0.9634012038551599,-0.24174159531329528,-0.4889867645034027,-0.2877458235515923,-0.3058144081095871,0.3239437376711205,0.22868221563379967,fezouata
-0.7692307716804734,0.5999999917200001,0.08187134468944286,0.0,-0.903614457921469,0.5818181820919008,-0.41176470373356405,0.26799294644900273,0.26024539511954203,-0.08915556357356688,0.7718330777283947,-0.23879088688960282,-0.3086224168751983,-0.3589689789977332,-0.34726561321811517,0.2949465972326966,-0.19591571243908495,fezouata
-1.0,0.2999999855100002,0.1345029237642352,0.6470588149342559,-0.9879518069284366,0.6000000007527274,0.5882352962664359,-1.0,-1.0,-1.0,0.8972822151796145,-0.20527494903234822,-0.45270880153318277,-0.23218053396271593,-0.26703079975246136,0.3018951283275967,0.1025112627117822,fezouata
-1.0,0.2999999855100002,0.1345029237642352,0.23529411120069205,-0.96385542078531,0.6454545455229753,0.7647058766228372,-1.0,-1.0,-1.0,0.7546987018938506,-0.2119421275347598,-0.3513358106184754,-0.32431792689948796,-0.30684498643174263,0.2811179760663552,0.013714927478166519,fezouata
-1.0,0.39999998757999994,0.1286549703991998,0.3529411728892733,-0.8795180717783423,0.5818181820919008,0.7058823457785467,-1.0,-1.0,-1.0,0.7761761410328465,-0.2032460766469062,-0.3780461610430903,-0.23753913001154836,-0.24900388592626163,0.250504302710172,0.15063043734425632,fezouata
-1.0,0.5999999917200001,0.11695906366912895,0.7647058766228372,-0.8674698787067789,0.5727272727614876,1.3529411728892733,-1.0,-1.0,-1.0,0.6831357714632461,-0.19049017811960037,-0.5015742346842907,-0.31667516014054986,-0.3231857053530199,0.28633048907014447,0.16251171009630277,fezouata
-1.0,0.5999999917200001,0.11695906366912895,-0.1764705925328721,-0.9277108440645957,0.5454545466520662,-0.1764705925328721,-1.0,-1.0,-1.0,0.6791325245248208,-0.21772230107012844,-0.32861381931186556,-0.27794014552952545,-0.3207268735200565,0.28422825355121134,-0.09206446614880823,fezouata
-1.0,-0.10000000207000007,0.15789473601385046,0.17647058035640134,-0.8915662648499056,0.5636363634310744,0.058823530844290525,0.2606635074376137,0.4304383403450067,-0.550701899050396,1.0093117643817326,-0.20456862331555628,-0.5125957111260141,-0.2741129339833753,-0.2944484953367476,0.2756439517444667,0.10855772065968507,fezouata
-1.0,0.6999999937900001,0.11111111030409353,0.41176470373356394,-0.9277108440645957,0.6181818194135539,0.6470588149342559,-1.0,-1.0,-1.0,0.7084233029971729,-0.18375645045962952,-0.44475299862823203,-0.2825640771279634,-0.31764632557464084,0.26393609057810735,0.06975571412456533,fezouata
-1.0,0.19999998344000008,0.14035087712927047,0.5294117654221453,-0.903614457921469,0.6000000007527274,1.2941176420449827,-1.0,-1.0,-1.0,0.7752626431970382,-0.22435792132159654,-0.4953289053489554,-0.25856427184113573,-0.2606709266361666,0.38316966633533567,0.006282075597559174,fezouata
-1.0,0.2999999855100002,0.1345029237642352,0.8823529383114186,-0.8795180717783423,0.6090909100831406,1.529411765422145,-1.0,-1.0,-1.0,0.7430895387007875,-0.20510547457040942,-0.4948540833969208,-0.37680421714540685,-0.3911507312345533,0.2507041554171083,0.07409160360806383,fezouata
-1.0,0.89999999793,0.0994152035740227,0.41176470373356394,-0.9277108440645957,0.5545454559824794,0.3529411728892733,-1.0,-1.0,-1.0,0.9404596127997078,-0.2030713384896526,-0.2998720455552117,-0.2593609702699328,-0.2620299102306827,0.322767724108716,0.020707364798483306,fezouata
-1.0,0.9999999793000002,0.09356725141951369,0.0,-0.9277108440645957,0.5909090914223141,-0.1764705925328721,-1.0,-1.0,-1.0,0.608640446304569,-0.21321741728835664,-0.3213910531676393,-0.3017490090351783,-0.31222292377250394,0.24252893479401477,-0.06903784629079127,fezouata
-1.0,0.30631067027655356,0.13413387786971193,0.06396345042406022,-0.9273599241974979,0.6169020306222026,0.77327241331461,-1.0,-1.0,-1.0,0.8979854865272121,-0.23240614842670468,-0.31822690999612435,-0.29283513591308236,-0.2937325836752987,0.3082552523196789,-0.03978645869210561,fezouata
-1.0,0.2058252325091263,0.1400102192873625,0.41861792578109985,-0.963679962098749,0.6260370704708129,0.8323814945701951,-1.0,-1.0,-1.0,1.4150192225952687,-0.1794031895905961,-0.48195829478570995,-0.2639961257319226,-0.302920924488712,0.25038762817182936,0.211892095383966,fezouata
-0.9615384606198225,0.2999999855100002,0.1286549703991998,0.5882352962664359,-0.939759037136159,0.5909090914223141,1.529411765422145,-0.36966824628119316,-1.0,-1.0,1.0074804839512261,-0.2242128723195941,-0.5265225043453516,-0.30491947828699145,-0.31008056564154174,0.39696475619984994,0.13347387865276394,fezouata
-1.0,0.49999998965,0.12280701703416437,0.23529411120069205,-0.939759037136159,0.5818181820919008,0.6470588149342559,-1.0,-1.0,-1.0,0.7497265528410436,-0.21176428726580748,-0.40656062381126296,-0.29869772464722216,-0.2997499748419472,0.36682216287692193,0.05595763251459227,fezouata
-1.0,0.9999999793000002,0.09356725141951369,0.7058823457785467,-0.9156626509930325,0.5090909093304133,0.2941176420449826,-1.0,-1.0,-1.0,0.6174022970745526,-0.1787865869909265,-0.5646472029533446,-0.30027532745294383,-0.33240343238733716,0.2467821095325367,0.17863394509015845,fezouata
-0.7307692323002959,0.6999999937900001,0.07017543795937217,0.2941176420449826,-0.939759037136159,0.6545454548533886,-0.11764706168858138,0.31131516630863665,0.15647713535020671,-0.035140692767437996,0.5746906292846212,-0.23790860739660205,-0.3182260202169184,-0.3542211905895155,-0.3706071213495856,0.24419343574286384,-0.1944204259643132,fezouata
-1.0,0.5999999917200001,0.11695906366912895,0.3529411728892733,-0.8915662648499056,0.5818181820919008,-0.41176470373356405,0.18187203822276282,-0.30903263546649673,-0.43304891935246054,0.7944608025805255,-0.22361075059044777,-0.24982026073661523,-0.2920694799128871,-0.2837767574101408,0.31817908614398527,-0.019996324162894954,fezouata
-1.0,1.09999998137,0.08771929805447828,0.41176470373356394,-0.939759037136159,0.5636363634310744,-0.05882353084429069,-1.0,-1.0,-1.0,0.5921907798799019,-0.20046128607549046,-0.32648186417689995,-0.3020587146581299,-0.3402246652988254,0.24607605747824474,-0.06573385037769423,fezouata
-1.0,0.5999999917200001,0.11695906366912895,0.23529411120069205,-0.9518072302077225,0.6545454548533886,0.2941176420449826,-1.0,-1.0,-1.0,0.6385419420396862,-0.18887271120180582,-0.33239134270797493,-0.26511971155484726,-0.28003251955270003,0.22125442239847548,0.10320713884582411,fezouata
-1.0,0.9999999793000002,0.09356725141951369,0.17647058035640134,-0.9518072302077225,0.5181818186608266,0.0,-1.0,-1.0,-1.0,0.6611773617590077,-0.21386110274753908,-0.3048272458235249,-0.2891284944061524,-0.30023776732752816,0.24228016599938737,-0.11254754860391686,fezouata
-1.0,1.311165027250825,0.07537046490373292,0.12307253167964523,-0.951573282798332,0.5438217137151384,0.18218161293523022,-1.0,-1.0,-1.0,0.600690234649684,-0.19895106871662346,-0.3717196277638058,-0.3096638870708374,-0.32466895892247283,0.27289203965490355,-0.01647677025354726,fezouata
-1.0,0.5072815458114078,0.12238119503441092,0.18218161293523022,-0.9394666034979149,0.5712268313791511,0.9505996570813651,-1.0,-1.0,-1.0,0.781689510287938,-0.20555968983188785,-0.4055190191287759,-0.33241266149750337,-0.33681418005346314,0.28077434152842295,-0.009682245540861676,fezouata
-1.0,0.49999998965,0.12280701703416437,0.3529411728892733,-0.939759037136159,0.6272727287439669,0.7058823457785467,-1.0,-1.0,-1.0,0.7954079985426652,-0.21890365327094086,-0.5331425654075646,-0.24400637513923373,-0.2671968664449733,0.30205812559614775,0.26460480691920546,fezouata
-1.0,0.89999999793,0.0994152035740227,0.41176470373356394,-0.9759036138568733,0.5727272727614876,1.9999999999999996,-1.0,-1.0,-1.0,0.7324203219541735,-0.24343239188936858,-0.45968614096092814,-0.2594221647481151,-0.250333663064932,0.41951263087321417,0.11988957844471818,fezouata
-1.0,0.5072815458114078,0.12238119503441092,0.53683608829227,-0.9394666034979149,0.5986319509249819,0.8323814945701951,-1.0,-1.0,-1.0,0.7286628625331463,-0.19479731940580497,-0.4400039533574561,-0.3256546033177341,-0.3779867466386319,0.29772604418354986,0.023684191349449494,fezouata
-0.8076923110606509,1.19999998344,0.052631577864265915,0.23529411120069205,-0.9156626509930325,0.5181818186608266,2.0588235186678197,0.26690441582786617,0.4159186383051866,-0.05627995133582875,0.6242357383921107,-0.1840730267756167,-0.36827774542251607,-0.26497481000090767,-0.23897897621752145,0.47280022781359987,0.04395569728308581,fezouata
-0.8058161347184658,0.514634144372439,0.09242618631491112,0.7819225171238923,-0.9513370558949679,0.6064301565458579,0.7819225171238923,0.6976935231392092,0.6619637038743967,-0.11714112850314662,0.854463057565575,-0.21135290789373695,-0.42295390927596166,-0.3290497635315494,-0.33076189165949793,0.33741658330644375,0.14009365945129013,fezouata
-1.0,0.9999999793000002,0.09356725141951369,0.11764706168858122,-0.903614457921469,0.5727272727614876,0.47058823457785465,-1.0,-1.0,-1.0,0.5583175740196329,-0.1981631464802683,-0.45762825166526544,-0.37072239420069686,-0.40074031839023905,0.2594933017247583,-0.07562234582954783,fezouata
-1.0,0.9999999793000002,0.09356725141951369,0.11764706168858122,-0.903614457921469,0.5090909093304133,0.0,-1.0,-1.0,-1.0,0.6196272414774086,-0.19669264876400633,-0.39533314913211054,-0.23186556111186693,-0.27035926517769837,0.2727911460321911,-0.07939249788568611,fezouata
-1.0,1.09999998137,0.08771929805447828,0.2941176420449826,-0.9156626509930325,0.5454545466520662,1.529411765422145,-1.0,-1.0,-1.0,0.5335391364631196,-0.1910069433914849,-0.47191040017894853,-0.30838490085333864,-0.34246250550632784,0.41455588705251606,0.0229142915094277,fezouata
-1.0,0.7999999958599999,0.10526315693905812,0.7058823457785467,-0.939759037136159,0.6000000007527274,1.4117647037335639,-1.0,-1.0,-1.0,0.543674234347039,-0.20220836972352463,-0.4773825047607438,-0.2821769199778659,-0.3291564917575501,0.3216029509904222,0.0021094900297733,fezouata
-1.0,1.2999999855100002,0.07602339132440744,0.7058823457785467,-0.8313253019860647,0.48181818322099174,0.5882352962664359,-1.0,-1.0,-1.0,0.5442573937364145,-0.19617825384035276,-0.4573928244773782,-0.26950865813782354,-0.27943858519093007,0.2765029448206487,0.2230859276525172,fezouata
-1.0,0.5999999917200001,0.11695906366912895,-0.05882353084429069,-0.9277108440645957,0.6000000007527274,-0.11764706168858138,-1.0,-1.0,-1.0,0.8052582064712095,-0.23119054904321704,-0.27991104574798464,-0.24656101755669071,-0.2213773368825378,0.2519229412132969,0.04581794883283346,fezouata
-1.0,0.4067961080439807,0.12825753645206137,0.47772700703668486,-0.9273599241974979,0.5438217137151384,1.3052541324384048,-1.0,-1.0,-1.0,1.0716527029207614,-0.22738611077491908,-0.3210561296766953,-0.24126900532306106,-0.2392467765177043,0.35239401433000067,0.037434327120118696,fezouata
-1.0,1.311165027250825,0.07537046490373292,0.30039977544640023,-0.8910398887902228,0.5072815543206973,0.30039977544640023,-1.0,-1.0,-1.0,0.41155180471869157,-0.18435297903680328,-0.420662087533162,-0.24045905551048297,-0.2995118612654524,0.2869861550948962,-0.03998878423313652,fezouata
-1.0,1.2999999855100002,0.07602339132440744,0.2941176420449826,-0.8674698787067789,0.5363636373216529,0.11764706168858122,-1.0,-1.0,-1.0,0.44494944350216264,-0.19167309714233968,-0.37032136513255265,-0.2826248098810244,-0.3329786725245785,0.21863908355625875,0.07684842750448086,fezouata
-1.0,0.004854356974271914,0.15176290212266363,0.41861792578109985,-0.8789332094898058,0.6260370704708129,1.5416904574607448,-1.0,-1.0,-1.0,0.9661804096034975,-0.2124155154340169,-0.484022507475034,-0.3618508904003271,-0.39848627517994833,0.33404322325861263,0.09017308796962568,fezouata
-1.0,-0.10000000207000007,0.15789473601385046,0.6470588149342559,-0.9518072302077225,0.6818181828446281,1.4705882345778547,-1.0,-1.0,-1.0,1.1824683239516136,-0.19228409028030113,-0.4747853938111211,-0.34360304552617965,-0.36546546237188865,0.24567892096940028,0.2225223824156527,fezouata
-1.0,1.6999999937899999,0.052631577864265915,0.7058823457785467,-0.9879518069284366,0.5454545466520662,1.9411764691557094,-1.0,-1.0,-1.0,0.5237453618138428,-0.19022785015863222,-0.49765591642421825,-0.24115369360794803,-0.2622542811709328,0.40930785860486,0.1990543359730787,fezouata
-1.0,-0.10000000207000007,0.15789473601385046,0.7647058766228372,-0.9518072302077225,0.6818181828446281,0.7058823457785467,-1.0,-1.0,-1.0,0.7470324096408858,-0.21087337339881476,-0.36212015979789836,-0.3262946637251173,-0.3371737182191593,0.2221034821889114,0.08100511255307187,fezouata
-0.9230769212396449,0.49999998965,0.11111111030409353,0.23529411120069205,-0.903614457921469,0.5909090914223141,0.11764706168858122,0.4707740918004388,-0.0315886651291784,-0.28501882585121674,0.687642198094696,-0.2496898665732068,-0.24527782528847933,-0.28727147285588284,-0.26106488041980713,0.3055977462672719,-0.13909022945994204,fezouata
-1.0,0.39999998757999994,0.1286549703991998,0.5294117654221453,-0.8674698787067789,0.5727272727614876,1.529411765422145,-1.0,-1.0,-1.0,0.7360382101906517,-0.21576765537841966,-0.3986996519402328,-0.2942353154351166,-0.31392944420278196,0.39963232408805066,0.03675374555970782,fezouata
-1.0,0.49999998965,0.12280701703416437,0.47058823457785465,-0.9277108440645957,0.6181818194135539,0.47058823457785465,0.13459715669385233,-0.16242107056616029,-0.44624603889646164,0.8174312756274602,-0.1803524977473808,-0.45540780655315144,-0.24333398379760762,-0.2876572021789988,0.2607930132691406,0.05401494565685081,fezouata
-0.420276326687877,1.0097087346485436,0.004854367891926352,0.24129069419081522,-0.9273599241974979,0.5894969110763718,0.12307253167964523,0.29930453449034,0.29786114053951457,0.1378574945386216,0.4867489680327998,-0.23036480235552592,-0.37058994818727364,-0.25813985614489576,-0.28336614584494524,0.2682172528976524,0.01183122037947341,fezouata
-1.0,0.6999999937900001,0.11111111030409353,0.17647058035640134,-0.9156626509930325,0.5727272727614876,0.2941176420449826,-1.0,-1.0,-1.0,0.8734863847919274,-0.19337822780131633,-0.4289518932394071,-0.21761688032445467,-0.22495633308859225,0.332919331850033,0.17347112708885584,fezouata
-1.0,0.8087378591136895,0.10475217078145921,0.18218161293523022,-0.9031465680906398,0.5712268313791511,0.714163332059025,-1.0,-1.0,-1.0,0.5807510733443471,-0.215244246607594,-0.5061134134963755,-0.2671727589505049,-0.29360154165548064,0.30516529203012294,0.06206938347637146,fezouata
-1.0,-0.10000000207000007,0.15789473601385046,0.5882352962664359,-0.939759037136159,0.6545454548533886,0.47058823457785465,-1.0,-1.0,-1.0,0.7903787016725086,-0.21681247769575704,-0.3475101000482532,-0.3328016464685352,-0.3251493260379235,0.28057966435818704,-0.01175429384526848,fezouata
-1.0,1.4999999896500003,0.06432748459433675,1.0,-0.9277108440645957,0.5181818186608266,1.2941176420449827,-1.0,-1.0,-1.0,0.6930563033572282,-0.1858931606417942,-0.504370993983015,-0.22849341719575902,-0.24959573689149817,0.36139348877618604,0.21064051006302215,fezouata
-1.0,0.1107317100131219,0.14557124402098504,0.24734576076907755,-0.927005582595464,0.6247893572703818,0.306743180847717,-1.0,-1.0,-1.0,0.8315128665339214,-0.21161305035014338,-0.3370201242731876,-0.2660197295653069,-0.2825627811657149,0.2533314857431161,0.09299393905646344,fezouata
-1.0,1.2999999855100002,0.07602339132440744,0.41176470373356394,-0.939759037136159,0.5909090914223141,1.0588235308442906,-1.0,-1.0,-1.0,0.5339851753359992,-0.21303062297459588,-0.4514438004491425,-0.3095761173228015,-0.33204465755237345,0.3073506617032311,0.0442921303156175,fezouata
-1.0,0.39999998757999994,0.1286549703991998,0.5294117654221453,-0.96385542078531,0.6727272735142149,1.529411765422145,-1.0,-1.0,-1.0,1.0355212554299753,-0.21173112413688744,-0.40449890162055974,-0.3237866084820088,-0.32110521725729485,0.37074457974016367,-0.021063400645880213,fezouata
-1.0,0.89999999793,0.0994152035740227,0.41176470373356394,-0.9277108440645957,0.5181818186608266,0.7058823457785467,-1.0,-1.0,-1.0,0.7191410346569133,-0.2151415072341995,-0.37969640561281476,-0.30677307442196805,-0.33385088722112144,0.26840373290642694,0.03248549038760474,fezouata
-1.0,0.89999999793,0.0994152035740227,-0.05882353084429069,-0.9277108440645957,0.5181818186608266,-0.2352941233771626,-1.0,-1.0,-1.0,0.6679751988293487,-0.18883973509118648,-0.40100199868917197,-0.308646090995375,-0.3312332986941718,0.2485048562285125,-0.07177445825428928,fezouata
-1.0,0.2999999855100002,0.1345029237642352,0.5294117654221453,-0.9759036138568733,0.5909090914223141,1.1764705803564013,-1.0,-1.0,-1.0,1.077998470762555,-0.19168848157221147,-0.5466575917724842,-0.3038755025243549,-0.3427477336264495,0.28880893887902775,0.04932851190590876,fezouata
-1.0,1.19999998344,0.08187134468944286,0.5294117654221453,-0.96385542078531,0.5545454559824794,0.6470588149342559,-1.0,-1.0,-1.0,0.6470948459867227,-0.21965272354262153,-0.47084000241799157,-0.26950687992372047,-0.29592964002059163,0.3055725595402759,-0.04853525619551344,fezouata
-1.0,0.9999999793000002,0.09356725141951369,0.9411764691557092,-0.9277108440645957,0.5272727279912397,2.4705882345778543,-1.0,-1.0,-1.0,0.7324015081170824,-0.18324966565857634,-0.5622296088223052,-0.267020707653022,-0.289792061155665,0.43031645614452696,0.28143194695325396,fezouata
-1.0,0.39999998757999994,0.1286549703991998,0.11764706168858122,-0.9156626509930325,0.6090909100831406,-0.05882353084429069,-1.0,-1.0,-1.0,0.8220697950780146,-0.2334573706842659,-0.2813856571756097,-0.25138590770029606,-0.24259174410698317,0.3311794593534178,-0.031077659940893974,fezouata
-1.0,0.6999999937900001,0.11111111030409353,0.7058823457785467,-0.9277108440645957,0.5727272727614876,0.9411764691557092,-1.0,-1.0,-1.0,0.8619498291226425,-0.20190183802999526,-0.4022169778434667,-0.29699517622537414,-0.3069219567318733,0.32142230533734234,0.15332155897560465,fezouata
-1.0,0.39999998757999994,0.1286549703991998,0.11764706168858122,-0.8795180717783423,0.6000000007527274,0.11764706168858122,-1.0,-1.0,-1.0,0.6580995235452247,-0.22778217856726998,-0.4148986012363988,-0.2688862781138686,-0.30051054604660044,0.26864523373287197,-0.07546760763646615,fezouata
-0.4615384646005918,1.19999998344,0.0,0.3529411728892733,-0.903614457921469,0.5636363634310744,1.1764705803564013,0.29479699619058675,-0.17245258321911971,0.1500237219253114,0.556311538812844,-0.19407941486409921,-0.3915670361055688,-0.29641002167634084,-0.30352639601093717,0.2833818660647548,0.222292135791335,fezouata
-1.0,0.39999998757999994,0.1286549703991998,0.23529411120069205,-0.903614457921469,0.5272727279912397,1.1764705803564013,-1.0,-1.0,-1.0,0.9491442148411827,-0.1989733119339455,-0.4532927196889864,-0.23301141277018103,-0.27595155625206796,0.39105047241726826,0.017742923647943377,fezouata
-0.6923076929201184,0.7999999958599999,0.058479531229301336,0.0,-0.9879518069284366,0.5818181820919008,-0.05882353084429069,0.17125474781241234,0.12325029113874761,0.011944088518375053,0.6181180152145466,-0.19747922381620645,-0.2375082909262099,-0.28778830480668127,-0.2915995760104265,0.27049599322112017,-0.07324887291825065,fezouata
-1.0,1.39999998758,0.07017543795937217,0.17647058035640134,-0.843373495057628,0.48181818322099174,0.3529411728892733,-1.0,-1.0,-1.0,0.5752280701731568,-0.203671692243467,-0.5818148369870071,-0.26808441167083635,-0.30165386925701,0.3091530081257135,0.12214441927006763,fezouata
-1.0,1.19999998344,0.08187134468944286,0.3529411728892733,-0.96385542078531,0.5727272727614876,0.41176470373356394,-1.0,-1.0,-1.0,0.47288122734339333,-0.202920413633595,-0.4390000748717188,-0.2855244029390165,-0.30250083098745856,0.25630432715829515,0.06668650149629056,fezouata
-1.0,0.49999998965,0.12280701703416437,0.5882352962664359,-0.9277108440645957,0.5545454559824794,1.0,0.21864139031291596,-0.07402165424171302,-0.44624603889646164,0.9778014375861642,-0.19979784626462851,-0.3376448839569058,-0.2695340428437284,-0.2888742263802334,0.3017577858758891,0.060886212899329176,fezouata
-1.0,0.6999999937900001,0.11111111030409353,0.6470588149342559,-0.9518072302077225,0.5545454559824794,1.7058823457785468,-1.0,-1.0,-1.0,0.7457105290067996,-0.2007159462861259,-0.39506856014831593,-0.3321146541829253,-0.3497371131215645,0.29779362727516906,0.2399591322393803,fezouata
-1.0,0.10000000206999991,0.1461988292837796,0.17647058035640134,-0.8795180717783423,0.5727272727614876,0.5294117654221453,-1.0,-1.0,-1.0,0.9381799514907422,-0.19085456261970185,-0.3731007902959294,-0.30865885775857427,-0.35097946675611963,0.28074148162113793,-0.01646923876261174,fezouata
-1.0,0.2999999855100002,0.1345029237642352,0.41176470373356394,-0.9277108440645957,0.5545454559824794,0.6470588149342559,-1.0,-1.0,-1.0,0.8965856055825102,-0.21810320298306368,-0.4363208834462741,-0.29614957690874255,-0.3214506626473418,0.3008880267332177,0.049949641006281645,fezouata
-1.0,1.6999999937899999,0.052631577864265915,0.23529411120069205,-0.7951807227713746,0.40000000112909095,1.0,-1.0,-1.0,-1.0,0.332076469765105,-0.1917672978255241,-0.3898663125731072,-0.25362777014323695,-0.2998499604356559,0.27947339897760615,0.0099069022380402,fezouata
-1.0,0.9999999793000002,0.09356725141951369,0.11764706168858122,-0.9156626509930325,0.5545454559824794,0.058823530844290525,0.2291469197516733,-0.5476556785827498,-0.3874195490474939,0.42697012226965336,-0.1731687551264896,-0.4096568346586955,-0.20941913141758414,-0.2486923812524379,0.2177359782517744,0.06781021009582534,fezouata
-1.0,0.6999999937900001,0.11111111030409353,-0.05882353084429069,-0.939759037136159,0.5636363634310744,0.058823530844290525,0.22358516924311453,-0.5093636969385267,-0.42065213160526965,0.6453452599793242,-0.20449528713338339,-0.3064747857294103,-0.3549292441548954,-0.39736562248983337,0.2059404291855309,-0.09259216225021766,fezouata
-1.0,0.7999999958599999,0.10526315693905812,0.5294117654221453,-0.8795180717783423,0.5454545466520662,1.0588235308442906,0.32701421842173356,-0.3621617698419918,-0.3979082265850225,0.6377890765630342,-0.2202103577498084,-0.4010321054615066,-0.2511755365769005,-0.2596978516681689,0.3205439270537054,0.08565185211084461,fezouata
-1.0,0.7999999958599999,0.10526315693905812,0.3529411728892733,-0.96385542078531,0.6181818194135539,0.9411764691557092,-1.0,-1.0,-1.0,0.6302207184221315,-0.21941942147432633,-0.46645118966802696,-0.3103912008064239,-0.33919728920946146,0.28716709767064047,0.08046085922706613,fezouata
-1.0,1.09999998137,0.08771929805447828,0.23529411120069205,-0.9518072302077225,0.5636363634310744,0.41176470373356394,-1.0,-1.0,-1.0,0.5765493692160506,-0.21869696869103794,-0.4741692426860222,-0.3512941560500787,-0.37372038921866474,0.2893718497566373,-0.029924999198866948,fezouata
-1.0,0.9999999793000002,0.09356725141951369,0.7058823457785467,-0.843373495057628,0.5181818186608266,1.9411764691557094,-1.0,-1.0,-1.0,0.5753239084166053,-0.19918268762021155,-0.5586559508429975,-0.24519297817339497,-0.24852258510573227,0.41986391972811327,0.14626360656712123,fezouata
-1.0,1.1101941724159707,0.08712314652850764,0.30039977544640023,-0.9878933206995829,0.6260370704708129,1.00970873833695,-1.0,-1.0,-1.0,0.706396066671683,-0.2030865989655343,-0.46856449918166926,-0.2737999174224336,-0.2903880078128631,0.29843205571663123,0.050348061318252084,fezouata
-1.0,0.7999999958599999,0.10526315693905812,0.058823530844290525,-0.9518072302077225,0.6181818194135539,0.2941176420449826,-1.0,-1.0,-1.0,0.5792154268712633,-0.17839988751066663,-0.40342193980605706,-0.36819612180280714,-0.4176503706909107,0.2409672836642549,-0.11044345497940089,fezouata
-1.0,0.39999998757999994,0.1286549703991998,0.8235294074671281,-0.939759037136159,0.6545454548533886,1.8823529383114186,-1.0,-1.0,-1.0,0.6110354050833097,-0.1960320109657093,-0.47919113223699633,-0.29491626204717003,-0.32839094347553777,0.3043387208129659,0.058525404567566254,fezouata
-1.0,0.39999998757999994,0.1286549703991998,0.23529411120069205,-0.9518072302077225,0.6363636361925621,0.6470588149342559,-1.0,-1.0,-1.0,0.8520691343731329,-0.2018327695619539,-0.26989319609266993,-0.30363285897733777,-0.31202402044319366,0.2780040921937496,-0.021619033693025636,fezouata
-1.0,0.6999999937900001,0.11111111030409353,-0.1764705925328721,-0.9156626509930325,0.5818181820919008,-0.5294117654221453,0.1865068304182837,-0.3281685732619321,-0.42065213160526965,0.631324544342327,-0.21061333858666287,-0.3593798451775792,-0.264854274304878,-0.28814818884818966,0.26062857051119526,-0.1649525032424988,fezouata
-0.6521657991973415,0.5072815458114078,0.06949412348608235,0.004854369168475045,-0.9273599241974979,0.6351721103194232,1.068817819592535,0.365718799934192,0.4964294540034824,-0.03152140606604631,0.8140979781129553,-0.20122263757802855,-0.4427300138473711,-0.2625737592366409,-0.29240348266789234,0.4110284171554598,0.09140339540105649,fezouata
-1.0,0.49999998965,0.12280701703416437,0.2941176420449826,-0.8915662648499056,0.5272727279912397,0.3529411728892733,-1.0,-1.0,-1.0,0.801170955208918,-0.20750633070539637,-0.3915326504446464,-0.24886211437199637,-0.2916304204747508,0.2845567205808059,0.007501301521897637,fezouata
-1.0,1.19999998344,0.08187134468944286,0.2941176420449826,-0.939759037136159,0.5727272727614876,0.8235294074671281,0.2606635074376137,0.08130974760097855,-0.3679301062818446,0.6183173396462026,-0.21204498542556588,-0.45213880190867844,-0.22706021097187487,-0.2801906524351035,0.30132059973943226,-0.02090807236968391,fezouata
-1.0,0.5999999917200001,0.11695906366912895,0.47058823457785465,-0.9518072302077225,0.6454545455229753,1.2352941112006919,-1.0,-1.0,-1.0,0.8400726228023805,-0.1941961653876336,-0.4918191215940271,-0.3202065343529945,-0.33246179029628675,0.272926655248437,0.16786473472735858,fezouata
-1.0,0.49999998965,0.12280701703416437,0.2941176420449826,-0.8915662648499056,0.6090909100831406,0.2941176420449826,0.21864139031291596,0.2008543974215507,-0.44624603889646164,0.5761488191710561,-0.21588818541133517,-0.28846206899175314,-0.2895782617370765,-0.2790061053405506,0.2407135321579986,-0.05462019327296817,fezouata
-1.0,0.0,0.15204678264881502,0.41176470373356394,-0.9879518069284366,0.5818181820919008,0.11764706168858122,-1.0,-1.0,-1.0,1.178257065346072,-0.21864045654472664,-0.42411555687512736,-0.2803672602316936,-0.31201470888148203,0.2796962796091081,-0.05711449363319837,fezouata
-1.0,0.10533979474169904,0.14588656070501307,0.595945169547855,-0.951573282798332,0.662577229865254,1.7190177012275,-1.0,-1.0,-1.0,1.1820408317872448,-0.2144899876653819,-0.3138090193500284,-0.2616470209517441,-0.2242865526290709,0.3209757839523178,0.26844664772878457,fezouata
-1.0,0.89999999793,0.0994152035740227,0.17647058035640134,-0.9156626509930325,0.5909090914223141,0.41176470373356394,-1.0,-1.0,-1.0,0.5782279990399852,-0.20059307091324047,-0.33214915275654555,-0.3197408050701539,-0.3368348020570119,0.21942974809027363,0.04758815058919821,fezouata
-1.0,0.6999999937900001,0.11111111030409353,0.058823530844290525,-0.8915662648499056,0.5727272727614876,1.0,-1.0,-1.0,-1.0,0.8019181957561761,-0.198818872873538,-0.3227287600314519,-0.35129023329450376,-0.3368721837984174,0.2672421204425653,-0.021569495263810554,fezouata
-1.0,0.6999999937900001,0.11111111030409353,0.5882352962664359,-0.8674698787067789,0.5727272727614876,0.7058823457785467,0.1865068304182837,0.21426289965309903,-0.42065213160526965,0.8026961322173396,-0.2012379208875401,-0.4080698438965842,-0.2666288696532112,-0.2867080198653858,0.3040009534668816,0.16021399307045095,fezouata
-1.0,1.19999998344,0.08187134468944286,0.3529411728892733,-0.939759037136159,0.5727272727614876,0.47058823457785465,-1.0,-1.0,-1.0,0.44250824390182997,-0.1733687309685093,-0.3422571284346452,-0.30975971474901853,-0.3721566196845366,0.23010759012305526,-0.024917455541432907,fezouata
-1.0,0.2999999855100002,0.1345029237642352,0.23529411120069205,-0.9518072302077225,0.6545454548533886,0.41176470373356394,0.2606635074376137,-0.17413603986314055,-0.47550792602655245,0.9073519986850753,-0.21286734295021303,-0.362190052727278,-0.31891609022945816,-0.33350412713139466,0.26424813673639985,0.06998884771465867,fezouata
-0.6923076929201184,1.2999999855100002,0.029239765614650668,0.5294117654221453,-0.9518072302077225,0.5545454559824794,0.5882352962664359,0.26465294896472,-0.01803043460113296,0.03522159672357268,0.4434438533161536,-0.20470894575620086,-0.2674286070474961,-0.27416540147517615,-0.24982667998861693,0.24229399700641463,0.019030123340092717,fezouata
-1.0,0.10533979474169904,0.14588656070501307,0.24129069419081522,-0.9152532448970809,0.6169020306222026,0.004854369168475045,0.2606635074376137,-1.0,-0.5096678765614401,0.8881416032485342,-0.19966464139257126,-0.27853254813770084,-0.30135605170174035,-0.3552586612793887,0.23342984733510222,-0.05913609300379919,fezouata
-0.6116322694369318,0.3126829168427805,0.0747111674830619,0.603730269064444,-0.9026741117899358,0.633968958573553,1.1977044454978985,0.16285340759221298,-0.26437663378499227,-0.027965066322633878,0.6312679653565612,-0.20875417661066714,-0.4481813399872156,-0.3527972239559351,-0.3692453500551363,0.2955675079356023,0.057815115812075546,fezouata
-1.0,0.39999998757999994,0.1286549703991998,0.2941176420449826,-0.96385542078531,0.6909090921750414,0.5882352962664359,-1.0,-1.0,-1.0,0.8771165185482662,-0.2086887604360697,-0.4424273409888332,-0.23688205318909317,-0.24768859597314444,0.2918711337555777,0.10174075375370661,fezouata
-1.0,0.9999999793000002,0.09356725141951369,0.5294117654221453,-0.9277108440645957,0.5181818186608266,0.8235294074671281,-1.0,-1.0,-1.0,0.676357603123773,-0.1813778690741199,-0.4763711525712551,-0.2644518280750102,-0.28643659340884153,0.2504118011699171,0.1481714531411843,fezouata
-1.0,1.2999999855100002,0.07602339132440744,0.17647058035640134,-0.939759037136159,0.5727272727614876,0.23529411120069205,-1.0,-1.0,-1.0,0.5846185144175636,-0.1979147698670764,-0.2639623120792114,-0.3341055531228776,-0.3245165879126456,0.24234179037711356,-0.02944427498237341,fezouata
-1.0,0.2999999855100002,0.1345029237642352,0.17647058035640134,-0.96385542078531,0.6727272735142149,0.5882352962664359,-1.0,-1.0,-1.0,0.786483526560984,-0.20205210179810593,-0.4719495659192274,-0.31100658372323925,-0.34023617965326586,0.2566693750601404,0.029008463704874435,fezouata
-0.5384615433609468,0.5999999917200001,0.04678362570975678,0.0,-0.903614457921469,0.6000000007527274,0.5294117654221453,0.12381516626924083,0.23012989742439383,0.0273050837829214,0.6367637724510062,-0.22837264970866625,-0.30502033453485844,-0.31467771564281904,-0.3220457225530212,0.2861848244001355,-0.13021577597802916,fezouata
-1.0,1.09999998137,0.08771929805447828,-0.05882353084429069,-0.8554216881291915,0.5090909093304133,-0.11764706168858138,-1.0,-1.0,-1.0,0.5259364488010598,-0.20755591338873686,-0.2588863557461216,-0.30251106790412646,-0.30553666304539806,0.21847046501768988,0.02774777651051261,fezouata
-1.0,1.39999998758,0.07017543795937217,0.0,-0.8674698787067789,0.4909090906695868,-0.5294117654221453,-1.0,-1.0,-1.0,0.3465921989456179,-0.19698275220458966,-0.355022552248812,-0.2873287140512093,-0.3093128105422097,0.1978953983218207,0.0035104012760922695,fezouata
-1.0,0.6999999937900001,0.11111111030409353,0.2941176420449826,-0.9518072302077225,0.5818181820919008,1.2352941112006919,-1.0,-1.0,-1.0,0.8095288890436358,-0.21636152220675414,-0.47444564829093255,-0.2533423527880238,-0.22374749088056903,0.3320993320554197,0.1709149219339233,fezouata
-1.0,0.6999999937900001,0.11111111030409353,0.7647058766228372,-0.9277108440645957,0.5454545466520662,1.1764705803564013,-1.0,-1.0,-1.0,0.45048793272219934,-0.1710242912960519,-0.46787611697290027,-0.24065021734247308,-0.2989451787499021,0.2620827992128341,0.20412301033768832,fezouata
-1.0,1.19999998344,0.08187134468944286,0.8235294074671281,-0.9518072302077225,0.6000000007527274,1.2352941112006919,-1.0,-1.0,-1.0,0.5707840915358319,-0.16983037190035247,-0.5556090554008792,-0.30306824674430216,-0.355354603500817,0.2557202851679642,0.20969016534455637,fezouata
-1.0,0.9999999793000002,0.09356725141951369,0.41176470373356394,-0.8915662648499056,0.5090909093304133,2.4705882345778543,-1.0,-1.0,-1.0,0.6207879834839972,-0.17492268995076407,-0.36446786320744684,-0.2322080911934334,-0.2390029278992388,0.6399887253503984,0.17226292239430244,fezouata
-1.0,0.49999998965,0.12280701703416437,0.2941176420449826,-0.903614457921469,0.5454545466520662,0.17647058035640134,0.09257503956915462,-0.07402165424171302,-0.44624603889646164,0.81181419586201,-0.21543593275469938,-0.32048174960071607,-0.2913548909654888,-0.27415219790144235,0.3131417295665136,0.0017952136664467465,fezouata
-1.0,1.09999998137,0.08771929805447828,-0.1764705925328721,-0.8795180717783423,0.5363636373216529,0.0,-1.0,-1.0,-1.0,0.4710484421022718,-0.17210729905353844,-0.48171425241553695,-0.22801166745038046,-0.2856841210225219,0.2085518765942402,-0.021792670408222914,fezouata
-1.0,0.6999999937900001,0.11111111030409353,0.5882352962664359,-0.8915662648499056,0.6181818194135539,1.0588235308442906,-1.0,-1.0,-1.0,0.6983637370570044,-0.20387337299650798,-0.5017286985881132,-0.31121921132146946,-0.3065850367667907,0.31361677439064023,0.11012376317587783,fezouata
-1.0,0.7082524213462621,0.11062851219910978,0.65505425080344,-0.9878933206995829,0.6443071501680334,2.19189033909571,-1.0,-1.0,-1.0,0.8150619566648155,-0.18397803452660108,-0.5290177410956279,-0.3108995359974165,-0.3494252744066997,0.4574404665918482,0.11495600456093645,fezouata
-0.3461538464600592,0.19999998344000008,0.0409356723447215,0.058823530844290525,-0.9879518069284366,0.6181818194135539,0.11764706168858122,0.34944262741336185,0.2716644054959547,0.0963004939006473,0.8139133531620149,-0.20900630446303187,-0.28292800221732106,-0.335904973510302,-0.320257747086868,0.2732111441889093,-0.06786428835803478,fezouata
-1.0,0.0,0.15204678264881502,0.3529411728892733,-0.939759037136159,0.6545454548533886,0.7647058766228372,-1.0,-1.0,-1.0,0.8398272835176845,-0.20431968456014638,-0.4042867235022445,-0.29304695708231293,-0.34907481571797583,0.26772388060939767,0.04017770600449516,fezouata
-0.9227035091635118,0.7082524213462621,0.09887582936380877,0.06396345042406022,-0.9031465680906398,0.5986319509249819,0.24129069419081522,0.390437692063858,0.38904254360983037,-0.2789143613256741,0.6767126663988842,-0.22171292366807824,-0.41041970662142624,-0.367380804276699,-0.3917349327941019,0.25721418902533744,-0.11839095768310001,fezouata
-1.0,1.09999998137,0.08771929805447828,0.3529411728892733,-0.939759037136159,0.5818181820919008,0.5294117654221453,-1.0,-1.0,-1.0,0.615445835005204,-0.21863680425128257,-0.4640880796100955,-0.2865769962986118,-0.2987616506991942,0.25743449027218795,-0.02336386822044353,fezouata
-1.0,1.09999998137,0.08771929805447828,0.5294117654221453,-0.939759037136159,0.5909090914223141,0.8823529383114186,-1.0,-1.0,-1.0,0.5841573768116991,-0.17358260814178303,-0.572261741310579,-0.32101120040206466,-0.35445823186842307,0.27558364640201183,0.07113564252292849,fezouata
-0.9615384606198225,1.89999997723,0.035087718979686086,0.8235294074671281,-0.9518072302077225,0.4909090906695868,1.588235284089965,0.7439178521654761,1.0356938664656519,-0.3045082686168662,0.5376746787279861,-0.18160716220942075,-0.3760858449792976,-0.17289021399617435,-0.15327277977753964,0.4324313838847392,0.3129834404626585,fezouata
-1.0,0.5999999917200001,0.11695906366912895,0.058823530844290525,-0.9156626509930325,0.6363636361925621,-0.11764706168858138,-1.0,-1.0,-1.0,0.7474893304019056,-0.21787943341153052,-0.404547925584546,-0.3045110932290497,-0.32692521699926486,0.2646732230996228,0.012361483025182205,fezouata
-1.0,0.49999998965,0.12280701703416437,0.11764706168858122,-0.9277108440645957,0.6181818194135539,0.0,-1.0,-1.0,-1.0,0.7954523394173756,-0.22115327683952637,-0.4589710499207621,-0.29571871359641644,-0.31045314079855246,0.26605665915030124,0.05753313856804708,fezouata
-1.0,0.89999999793,0.0994152035740227,0.5294117654221453,-0.9277108440645957,0.5545454559824794,0.8823529383114186,-1.0,-1.0,-1.0,0.8161863523088866,-0.19126905497662813,-0.4230980888335292,-0.25402334773493845,-0.2661950679720328,0.24713121722847534,0.21581410183990044,fezouata
-1.0,1.19999998344,0.08187134468944286,0.41176470373356394,-0.8915662648499056,0.4909090906695868,0.3529411728892733,-1.0,-1.0,-1.0,0.6653898333505677,-0.19244263613211618,-0.3965798203229328,-0.19142170564325214,-0.19882361423909206,0.2764129276497927,0.1800191239592453,fezouata
-1.0,0.49999998965,0.12280701703416437,0.2941176420449826,-0.9277108440645957,0.6181818194135539,1.0588235308442906,-1.0,-1.0,-1.0,0.8858657665293483,-0.21741585962380244,-0.4779837393887841,-0.24652134099551973,-0.25232671558276926,0.31139294030762676,0.19450026484421248,fezouata
-1.0,1.09999998137,0.08771929805447828,0.47058823457785465,-0.939759037136159,0.6000000007527274,1.0588235308442906,-1.0,-1.0,-1.0,0.6730255313548947,-0.21117446633920128,-0.40795543551224644,-0.2785703112820391,-0.3020843462026732,0.2856969071052064,0.16238171415166475,fezouata
-1.0,0.9999999793000002,0.09356725141951369,0.47058823457785465,-0.8674698787067789,0.5181818186608266,0.7647058766228372,-1.0,-1.0,-1.0,0.5046401290134399,-0.196940774207271,-0.41877075474854353,-0.27167753112448656,-0.27696245030034433,0.2945522063851956,0.11990723652329725,fezouata
-1.0,0.19999998344000008,0.14035087712927047,0.8823529383114186,-0.8554216881291915,0.5727272727614876,1.2941176420449827,-1.0,-1.0,-1.0,0.7680375481628868,-0.19395241095349217,-0.43172885660671806,-0.32150974651170006,-0.3401855342019276,0.27422470821774814,0.10122096984201628,fezouata
-1.0,0.0,0.15204678264881502,0.41176470373356394,-0.903614457921469,0.6090909100831406,0.5294117654221453,-1.0,-1.0,-1.0,0.8789376801975468,-0.24353688836493803,-0.45723616372415177,-0.36381074818364745,-0.3882956891640093,0.301982219587586,-0.013382409298126173,fezouata
-1.0,1.5243902406207315,0.06290115412147823,0.12855093278826896,-0.9026741117899358,0.4962749446714406,0.9601147773598108,-1.0,-1.0,-1.0,0.5964030769529439,-0.1815865619261249,-0.462432628838467,-0.216722893995881,-0.20436287998739688,0.3254368345974882,0.15651080910283663,fezouata
-1.0,0.6999999937900001,0.11111111030409353,-0.11764706168858138,-0.8915662648499056,0.5090909093304133,0.17647058035640134,-1.0,-1.0,-1.0,0.694719102622884,-0.20838265823224278,-0.22246522884720446,-0.3018686441764261,-0.2716326967028474,0.24693922703369164,-0.05356580040445634,fezouata
-1.0,0.49999998965,0.12280701703416437,0.2941176420449826,-0.9277108440645957,0.6000000007527274,0.3529411728892733,-1.0,-1.0,-1.0,0.9090423200148964,-0.20999703173686426,-0.3666862527750431,-0.33533541840172654,-0.34818161680470705,0.24670912105114282,0.0021023963424390323,fezouata
-0.42307692522041423,0.5999999917200001,0.029239765614650668,0.23529411120069205,-0.939759037136159,0.6181818194135539,-0.35294117288927346,0.4073786572057147,0.28654128887294966,0.11377270395696167,0.7978730100422601,-0.20977692533193223,-0.24750405286148686,-0.28937649676290933,-0.2808331743407537,0.2714322567528369,-0.07295788580301045,fezouata
-0.7681105274905354,0.2058252325091263,0.10475217078145921,0.30039977544640023,-0.9757866413991659,0.6169020306222026,0.3595088445255147,0.4460551996707728,0.4582164360061615,-0.09154722074111193,1.0106590000045224,-0.22938980419064298,-0.37791952757819985,-0.27804330738690425,-0.29296637267732534,0.310575299126931,-0.025858587349335636,fezouata
-0.4615384646005918,0.49999998965,0.0409356723447215,0.47058823457785465,-0.8795180717783423,0.5727272727614876,0.7058823457785467,0.28981179690018793,0.427358400054503,0.05376762660608079,0.7175204594057402,-0.2065476466253107,-0.370953236426251,-0.32807176994229115,-0.3518350612339554,0.3025547207179338,0.06153137678290632,fezouata
-0.7307692323002959,0.9999999793000002,0.052631577864265915,0.0,-0.939759037136159,0.5727272727614876,0.11764706168858122,0.35003890549408606,0.05693272063633739,0.0015317251625298729,0.6151654701832815,-0.18713159582966155,-0.38472285224637165,-0.36104548406469905,-0.376833911978498,0.25551783770626213,-0.11534570687076243,fezouata
-0.7692307716804734,0.19999998344000008,0.10526315693905812,0.5882352962664359,-0.9759036138568733,0.6181818194135539,1.2941176420449827,0.24600462941483525,-0.12359972054952689,-0.08915556357356688,0.8347570217182948,-0.21828179676179763,-0.36252487244744624,-0.3001251039763952,-0.3218660151805663,0.299875890727734,0.007268240899071204,fezouata
-0.7307692323002959,0.6999999937900001,0.07017543795937217,0.23529411120069205,-0.8915662648499056,0.5545454559824794,-0.47058823457785476,0.37379997574672513,0.4848949577256928,-0.1091211050367335,0.6002365140808226,-0.23494773039646172,-0.16588493086959819,-0.34936914006984227,-0.31822202585677006,0.3257494340798986,-0.23336162866467428,fezouata
-1.0,0.39999998757999994,0.1286549703991998,0.23529411120069205,-0.9277108440645957,0.6181818194135539,0.41176470373356394,-1.0,-1.0,-1.0,0.012772303594469753,-0.20519005685889122,-0.3683787541294339,-0.2863564316073894,-0.33060975005134946,0.2255633284731379,-0.0337656154273588,fezouata
-1.0,0.5999999917200001,0.11695906366912895,0.5294117654221453,-0.9518072302077225,0.6090909100831406,0.23529411120069205,-1.0,-1.0,-1.0,1.1352916315789607,-0.24137338781118448,-0.3514179021337416,-0.25932697051100934,-0.21334709221103806,0.3374353369419256,0.1133803145030695,fezouata
-1.0,0.89999999793,0.0994152035740227,0.17647058035640134,-0.9518072302077225,0.6090909100831406,0.5882352962664359,0.32369668280949443,0.11768992455848279,-0.3874195490474939,0.6064112829988674,-0.23398974546037263,-0.3009943971486564,-0.37312717183715377,-0.35562809188941014,0.3076291011064074,-0.16105323084892464,fezouata
-1.0,0.39999998757999994,0.1286549703991998,0.2941176420449826,-0.9277108440645957,0.5818181820919008,0.5882352962664359,0.30268562456231124,-0.4776777685992479,-0.44624603889646164,0.7022885333941102,-0.21502858406193726,-0.37398820264492244,-0.20766598148397036,-0.23563665680902618,0.29037533867549287,0.06671685270681256,fezouata
-1.0,0.607766983578835,0.11650485361676036,0.3595088445255147,-0.963679962098749,0.5803618712277615,0.714163332059025,-1.0,-1.0,-1.0,0.7883005528622751,-0.19549526300584785,-0.35957959067379003,-0.24744258055397336,-0.23467233800920187,0.3422138572998436,0.14790133466426472,fezouata
-1.0,1.221463399326244,0.08061617416385373,0.4849354410836356,-0.9513370558949679,0.5329933480023068,0.24734576076907755,-1.0,-1.0,-1.0,0.7385423467662393,-0.20379526784766472,-0.36170408976811524,-0.28472472682837735,-0.30359838386758753,0.28064838204370496,0.0735489619069085,fezouata
-1.0,0.4067961080439807,0.12825753645206137,0.595945169547855,-0.9152532448970809,0.6260370704708129,2.07367217658454,-1.0,-1.0,-1.0,1.02108047495562,-0.20587251055943928,-0.4294103414877432,-0.33239393428273983,-0.3111945079971687,0.5108884353057901,0.14614155136461116,fezouata
-1.0,-0.20000000413999997,0.16374268937888586,0.47058823457785465,-0.8915662648499056,0.6454545455229753,0.6470588149342559,-1.0,-1.0,-1.0,0.8309867006117916,-0.21211623722353762,-0.2823471552349053,-0.30969163382508946,-0.33525130934462627,0.25994512440196477,-0.0068369091772591175,fezouata
-1.0,0.39999998757999994,0.1286549703991998,0.23529411120069205,-0.939759037136159,0.5181818186608266,0.7647058766228372,-1.0,-1.0,-1.0,0.8238287256465164,-0.207930303367931,-0.35857635026792983,-0.23308201982659113,-0.23271143258159616,0.32140914991670677,0.14099636288947878,fezouata
-1.0,0.2999999855100002,0.1345029237642352,0.0,-0.8674698787067789,0.5545454559824794,-0.47058823457785476,0.5030987975718978,0.024358173114430285,-0.47550792602655245,0.7408317337781652,-0.2575022625136963,-0.2613270488102912,-0.31196950828354264,-0.3072810991461352,0.27538866182948823,-0.18062545022191615,fezouata
-1.0,0.89999999793,0.0994152035740227,0.47058823457785465,-0.9518072302077225,0.5727272727614876,1.7058823457785468,0.35521327049543466,-0.010050506086396092,-0.3874195490474939,0.8873742971877411,-0.20034301765923562,-0.3986306863241694,-0.18201147165603357,-0.18977295870347066,0.45701020469192477,0.15507320483875903,fezouata
-1.0,0.49999998965,0.12280701703416437,0.41176470373356394,-0.9518072302077225,0.6272727287439669,0.2941176420449826,-1.0,-1.0,-1.0,1.0129887242552584,-0.19775712539997853,-0.3050527176405954,-0.25473590534619744,-0.23206537306058314,0.25573006405392484,0.18729445537316083,fezouata
-0.8461538504408284,0.19999998344000008,0.11695906366912895,0.47058823457785465,-0.96385542078531,0.6636363641838018,1.0588235308442906,0.36934139594461507,0.21725002114433006,-0.31144060641098237,1.137600141128186,-0.2118962319389658,-0.28929475219197615,-0.29577608198874594,-0.262071492303412,0.3360375717527854,0.00515747870086278,fezouata
-1.0,0.0,0.15204678264881502,0.2941176420449826,-0.903614457921469,0.5454545466520662,1.6470588149342558,-1.0,-1.0,-1.0,0.938695728210264,-0.20590848874871265,-0.4442617234885004,-0.29568665613573003,-0.29831788455452285,0.3789532939384401,0.03746938947808775,fezouata
-1.0,0.6999999937900001,0.11111111030409353,0.6470588149342559,-0.9277108440645957,0.5727272727614876,1.529411765422145,-1.0,-1.0,-1.0,0.9067393086221799,-0.21998274451726765,-0.3963816954171366,-0.2531397762969771,-0.28645496700763173,0.35641151910456426,0.13583059764509323,fezouata
-1.0,0.6999999937900001,0.11111111030409353,0.6470588149342559,-0.9518072302077225,0.5909090914223141,0.47058823457785465,0.2606635074376137,0.167948014044152,-0.3979082265850225,0.7360358381382517,-0.21792203335343083,-0.32075775336985607,-0.3214775071592993,-0.35858561748305456,0.3303705176574672,-0.03128713310158689,fezouata
-1.0,1.2999999855100002,0.07602339132440744,0.058823530844290525,-0.903614457921469,0.5727272727614876,0.23529411120069205,-1.0,-1.0,-1.0,0.5205087874833831,-0.17921553086085207,-0.3392207403355556,-0.3035225321127755,-0.3316975768369085,0.23085937525407638,-0.009274701148044476,fezouata
-1.0,0.39999998757999994,0.1286549703991998,1.0,-0.8915662648499056,0.5545454559824794,1.1764705803564013,-1.0,-1.0,-1.0,0.9836895433748379,-0.22721455519072603,-0.21250676477824076,-0.3391096841953444,-0.29806350224025563,0.34188514155385263,0.07809498442899147,fezouata
-1.0,0.7999999958599999,0.10526315693905812,0.5294117654221453,-0.9277108440645957,0.5545454559824794,0.41176470373356394,-1.0,-1.0,-1.0,0.7052060273689317,-0.19375006150129437,-0.4409705361847691,-0.2704530729902386,-0.29800798435092046,0.2753958298919269,0.13694719669484418,fezouata
-1.0,0.6999999937900001,0.11111111030409353,0.3529411728892733,-0.8795180717783423,0.5454545466520662,0.41176470373356394,-1.0,-1.0,-1.0,0.8036514560501617,-0.1962479529515016,-0.4437135113111504,-0.24316843181021766,-0.2444154311093364,0.28358478720543673,0.13384194458172244,fezouata
-1.0,0.5999999917200001,0.11695906366912895,0.41176470373356394,-0.8795180717783423,0.6000000007527274,-0.05882353084429069,-1.0,-1.0,-1.0,0.5844128789188503,-0.21847703190735537,-0.4640695775015473,-0.32450856722376553,-0.34365342084514594,0.2554970726817199,-0.024952571831729695,fezouata
-0.6923076929201184,0.7999999958599999,0.058479531229301336,0.2941176420449826,-0.9518072302077225,0.5818181820919008,0.23529411120069205,0.24541354589809358,0.4922226381015651,-0.014327722055798657,0.847110870244092,-0.2092861045000202,-0.4100172283553928,-0.22315314641916045,-0.2607407398722241,0.27392207345995406,0.031063745400353716,fezouata
-1.0,0.7999999958599999,0.10526315693905812,0.11764706168858122,-0.903614457921469,0.5909090914223141,-0.11764706168858138,0.40073723034616376,0.30836347550491094,-0.4089641287708005,0.5640372085218626,-0.21930497606008084,-0.30790865939989664,-0.3027049771913833,-0.3264402739240103,0.2678343910332278,-0.14866581906408982,fezouata
-1.0,1.19999998344,0.08187134468944286,0.11764706168858122,-0.8915662648499056,0.5090909093304133,0.17647058035640134,-1.0,-1.0,-1.0,0.7275892270817158,-0.18826391335424728,-0.3571913614644323,-0.2766933783129072,-0.2929140140918124,0.2817014619380017,0.028366526243488045,fezouata
-1.0,0.10533979474169904,0.14588656070501307,0.06396345042406022,-0.9273599241974979,0.6077669907735923,0.12307253167964523,-1.0,-1.0,-1.0,0.6927216118262592,-0.23076528791157516,-0.3941749723342144,-0.3136208828071111,-0.3260136766839328,0.27484244988252315,-0.18279909434170483,fezouata
-1.0,0.6999999937900001,0.11111111030409353,0.058823530844290525,-0.9518072302077225,0.6454545455229753,0.058823530844290525,-1.0,-1.0,-1.0,0.7833519028925194,-0.2190026642387921,-0.2949619127140686,-0.24555495413279252,-0.24952712969116728,0.2835887135710221,0.07991948969434592,fezouata
-1.0,1.19999998344,0.08187134468944286,0.058823530844290525,-0.9156626509930325,0.5727272727614876,0.6470588149342559,-1.0,-1.0,-1.0,0.6158886284098941,-0.19838989529682566,-0.32700754264066484,-0.2939904001496244,-0.29986155394038316,0.2640687262816036,0.020089633434753888,fezouata
-1.0,0.19999998344000008,0.14035087712927047,0.2941176420449826,-0.8915662648499056,0.5090909093304133,0.41176470373356394,-1.0,-1.0,-1.0,0.973006968552813,-0.19050848199213283,-0.48982237094846076,-0.26324381778523065,-0.2785255074818909,0.307541837281952,0.18180327198104893,fezouata
-1.0,0.6999999937900001,0.11111111030409353,0.41176470373356394,-0.8915662648499056,0.5909090914223141,1.4705882345778547,-1.0,-1.0,-1.0,0.7111964483430226,-0.17685671470017877,-0.4623098260607282,-0.26809008974505383,-0.30972197593775747,0.2788858868346306,0.14699190237507598,fezouata
-1.0,0.9999999793000002,0.09356725141951369,0.2941176420449826,-0.96385542078531,0.5727272727614876,0.2941176420449826,0.32369668280949443,-0.09531135918844483,-0.3874195490474939,0.7324552174257125,-0.2293329343174656,-0.2826512720527499,-0.276682183704666,-0.2956833296940523,0.24970164948693205,-0.09068587019618765,fezouata
-1.0,1.4999999896500003,0.06432748459433675,-0.1764705925328721,-0.9277108440645957,0.5181818186608266,-0.2941176542214533,-1.0,-1.0,-1.0,0.46405698743812457,-0.17809379726731245,-0.38095184433025336,-0.27381803281961237,-0.3363404025347748,0.2317271383778015,-0.11426958879166699,fezouata
-1.0,0.8175609649669269,0.10423619967649478,0.06915351270962948,-0.9635027925447199,0.5788913526363443,-0.04964132744764966,-1.0,-1.0,-1.0,0.9372666606898739,-0.2552874830641066,-0.2872585156622479,-0.3124147970079881,-0.29864715779697804,0.344880941029441,-0.11520387436644465,fezouata
-1.0,0.2999999855100002,0.1345029237642352,-0.05882353084429069,-0.9277108440645957,0.6181818194135539,0.23529411120069205,-1.0,-1.0,-1.0,0.7944405925952926,-0.21975556621100772,-0.459285462124306,-0.2733605166472607,-0.29471248166632863,0.27363505543702293,0.12155292756999744,fezouata
-1.0,0.9092232968811166,0.09887582936380877,0.77327241331461,-0.9273599241974979,0.6077669907735923,1.7781267824830855,-1.0,-1.0,-1.0,0.7735199337954782,-0.21709510475357133,-0.4675858171234679,-0.3467424621736306,-0.4015062812051096,0.30169156443667666,0.08601531158452157,fezouata
-0.7692307716804734,0.49999998965,0.08771929805447828,0.2941176420449826,-0.939759037136159,0.5545454559824794,0.5882352962664359,0.2606635074376137,0.27942294692277647,-0.12834855633873338,0.8268808359617444,-0.18801682738479394,-0.4022580666549324,-0.2644303839322609,-0.2813344988423244,0.2549835725300284,0.035608191194974506,fezouata
-0.5384615433609468,1.19999998344,0.011695905519544417,0.5294117654221453,-0.8915662648499056,0.5363636373216529,0.7647058766228372,0.20685469897809008,-0.0055366354089318535,0.12575429509485211,0.527282273869698,-0.20047969215569894,-0.4404327761532267,-0.2912013590948901,-0.3290638979957145,0.2390414397699233,0.17657214075552016,fezouata
-0.3429798358513889,0.9092232968811166,-0.001021973525724083,0.06396345042406022,-0.9152532448970809,0.5072815543206973,-0.29069103710945005,0.24916110328769595,0.32381208570598596,0.1477970098948168,0.6786818366268051,-0.2176813527607799,-0.26028493631336896,-0.27661115435420564,-0.2972551027978638,0.2501886145334105,-0.07190603727136904,fezouata
-0.9615384606198225,1.2999999855100002,0.07017543795937217,0.41176470373356394,-0.8795180717783423,0.5454545466520662,0.9411764691557092,0.2880692359423878,-0.05052969012186043,-0.21710264507124294,0.5722619209295147,-0.1981223895384833,-0.2852531829527286,-0.253181555424609,-0.23966991260964512,0.2876372694698634,0.14602943874533264,fezouata
-1.0,1.19999998344,0.08187134468944286,0.11764706168858122,-0.8915662648499056,0.5545454559824794,-0.2352941233771626,-1.0,-1.0,-1.0,0.38612865747888375,-0.2121913392064111,-0.19997511885899155,-0.30890459092079614,-0.31605733795420576,0.2532902155886929,-0.31514346825595385,fezouata
-0.5769230747795858,0.5999999917200001,0.052631577864265915,0.11764706168858122,-0.9518072302077225,0.5909090914223141,-0.35294117288927346,0.21864139031291596,0.3124153236820002,0.0030520620531422275,1.015968065287799,-0.21921739386757635,-0.31591850038440783,-0.2813490404757335,-0.29439800952751327,0.306852646243147,-0.054563129697797114,fezouata
-1.0,0.6999999937900001,0.11111111030409353,0.2941176420449826,-0.9518072302077225,0.6090909100831406,0.0,-1.0,-1.0,-1.0,0.7954155267117433,-0.22310397340060456,-0.23320209296116848,-0.33251031826858873,-0.33023434694849696,0.32011017264460734,-0.20957384917620894,fezouata
-1.0,0.4067961080439807,0.12825753645206137,0.004854369168475045,-0.9878933206995829,0.6534421900166437,-0.40890919962062017,0.2606635074376137,-0.23539854517744313,-0.44624603889646164,0.7475531733093715,-0.23975523370986596,-0.34666389352883475,-0.23746884730749612,-0.2465232797152343,0.2685521048124934,-0.19865250840699494,fezouata
-1.0,0.89999999793,0.0994152035740227,0.058823530844290525,-0.9277108440645957,0.5909090914223141,0.6470588149342559,-1.0,-1.0,-1.0,0.793961795691116,-0.23001051901829875,-0.45137584604617154,-0.25016017632404713,-0.26626795465397435,0.318524439340163,-0.013126360813750331,fezouata
-1.0,0.9999999793000002,0.09356725141951369,0.47058823457785465,-0.9759036138568733,0.6181818194135539,0.2941176420449826,-1.0,-1.0,-1.0,0.6975309231656226,-0.18432258312634553,-0.45417453503974914,-0.25371894877095547,-0.27775864181713816,0.34141241761699903,0.04330963558487721,fezouata
-1.0,0.9999999793000002,0.09356725141951369,0.23529411120069205,-0.9156626509930325,0.5909090914223141,0.7647058766228372,-1.0,-1.0,-1.0,0.6833327279585049,-0.202079315135503,-0.43767405877935744,-0.23187249970838492,-0.28845104870085353,0.2577472769905373,0.12673535790363494,fezouata
-0.6153846141597633,0.89999999793,0.0409356723447215,-0.05882353084429069,-0.939759037136159,0.5818181820919008,-0.2352941233771626,0.46850262640174234,0.3412607455137257,0.06748121395735486,0.8678351339714265,-0.2347381829143146,-0.33953627414663445,-0.20051728858803947,-0.20554039075560232,0.35441405746358584,-0.006001519628989417,fezouata
-1.0,-0.10000000742000001,0.19753086531230002,2.80000002544,-0.9473684197313019,0.5636363627603306,2.2000000169600002,0.3507625273628946,0.7322937809247311,-0.5152396369576072,1.2086213664429941,-0.13735173151675653,-0.35074101422567516,-0.24999898107653556,-0.15070513071505381,0.45132440037249505,0.6381420133673472,fezouata trophic species
-0.730793651538455,-0.19238095746895242,0.15908289339112947,1.2209524011024764,-0.8937343360940774,0.5785281370013381,1.2209524011024764,0.04473039236171177,0.08650468218949205,-0.23537565882161982,0.7724257365551083,-0.09821431171049422,-0.29102523372620626,-0.21376794685576717,-0.23864344088166417,0.30069572383011967,0.602418024596387,fezouata trophic species
-1.0,-0.29333333248533333,0.22139917715183663,1.8266666788213333,-0.8937343360940774,0.596883116257379,4.249523853296762,-1.0,-1.0,-1.0,0.8061533898042651,-0.11682025839000698,-0.32690688291781256,-0.3253824756950228,-0.2646302017510382,0.41889279359795106,0.530669253424318,fezouata trophic species
-1.0,0.31238094941295247,0.1466196358538028,2.8361905032860952,-0.840601504141116,0.4500432879908697,3.4419048022049528,-1.0,-1.0,-1.0,0.4092235517405374,-0.0885912317991278,-0.44253532251900796,-0.05862752133316532,-0.05387697733274676,0.3254588469605348,0.9868459407691976,fezouata trophic species
-0.5999999971733333,0.39999999788,0.06172839598262465,2.0000000212,-0.8421052619833795,0.43636363531239675,1.6000000084800001,0.11813120341531975,0.062850037372125,-0.030479273407208962,0.4353058962804204,-0.07299147408950715,-0.4076616438034954,-0.17136793201875689,-0.18194728717511668,0.3164648154992146,0.7012488624359001,fezouata trophic species
-1.0,-0.30000000105999997,0.2222222226584363,3.60000002968,-0.8947368422520776,0.6363636353123968,2.80000002544,-1.0,-1.0,-1.0,0.7445795085084049,-0.12739495034237772,-0.4219309090638737,-0.1588074854142906,-0.16473958817269646,0.33900601714540707,0.7578862132555022,fezouata trophic species
-1.0,0.6999999883400001,0.09876543331047105,2.0000000212,-0.8947368422520776,0.49090909020826434,3.40000003392,-1.0,-1.0,-1.0,0.3894221659050301,-0.11217286321328139,-0.3597042755409398,-0.15902905468313613,-0.12615013811214934,0.3693486863769505,0.7332351907338351,fezouata trophic species
-1.0,-0.10000000742000001,0.19753086531230002,1.2000000169600002,-0.8421052619833795,0.5636363627603306,1.8000000254400002,0.3507625273628946,-0.08335629090313294,-0.5152396369576072,0.708705679992438,-0.1429261274925195,-0.2134548889322077,-0.3051932967744634,-0.2606381388286771,0.495308774368941,0.29488743425529806,fezouata trophic species
-1.0,0.5999999915200002,0.11111111198353919,3.2000000381600007,-0.8157894732437673,0.45454545296859494,3.0000000212,-1.0,-1.0,-1.0,0.4807509489949487,-0.0889038348358979,-0.467762497280939,-0.16211109289347722,-0.1480596116793935,0.3966081409895675,0.7840692392997594,fezouata trophic species
-1.0,0.29999999046000003,0.14814814931138545,2.0000000212,-0.8684210535124653,0.5090909078644628,2.2000000169600002,-1.0,-1.0,-1.0,0.41292970937299156,-0.08317025344775243,-0.3283490450414172,-0.2123945048404121,-0.23042010515714062,0.2725336181194784,0.6626005386924332,fezouata trophic species
-1.0,0.39999999788,0.13580246932967535,3.0000000212,-0.789473684504155,0.49090909020826434,3.2000000381600007,0.12885154075075508,-0.2451290374308725,-0.4177607499306818,0.3600274979747216,-0.0640745619267504,-0.36619505428933335,-0.23038285956005441,-0.22576625401428443,0.26869377224674457,0.8843182039707108,fezouata trophic species
-1.0,0.19999999364000012,0.1604938279844536,2.2000000169600002,-0.9210526309916897,0.5454545431768595,3.0000000212,-1.0,-1.0,-1.0,0.4863685493858434,-0.08273365051855723,-0.4105139476666927,-0.07104019916539506,-0.056221490972453006,0.29821061432543927,0.6498928566882111,fezouata trophic species
-1.0,0.49999999469999995,0.12345679065660721,3.40000003392,-0.8684210535124653,0.5272727255206612,3.60000002968,-1.0,-1.0,-1.0,0.34264978410698826,-0.08272532220513297,-0.4871285664916638,-0.17747752480151394,-0.19257070373480265,0.32944349003158646,0.7358169373271686,fezouata trophic species
-1.0,0.29999999046000003,0.14814814931138545,2.80000002544,-0.8157894732437673,0.45454545296859494,1.2000000169600002,-1.0,-1.0,-1.0,0.35683045955563836,-0.0832895726745275,-0.5153083922817817,-0.204217715678774,-0.1887531585882421,0.35502129542723393,0.5052346996396185,fezouata trophic species
-1.0,0.49999999469999995,0.12345679065660721,2.0000000212,-0.9210526309916897,0.581818180416529,1.2000000169600002,-1.0,-1.0,-1.0,0.4946954642410112,-0.0717593958078,-0.43084950934613864,-0.19304908214980868,-0.19110629466717233,0.2320061890612923,0.7587821186809656,fezouata trophic species
-1.0,-0.0914285718525714,0.19647266338582542,2.2304762043672377,-0.9468671680470386,0.7070129860118064,1.4228571532754288,-1.0,-1.0,-1.0,0.6359944490574223,-0.0848251430521518,-0.4858876776415929,-0.2402816033930488,-0.2116495344469854,0.32829705983857443,0.7148390414728055,fezouata trophic species
-0.9333333352177778,0.09999999682000006,0.1604938279844536,3.60000002968,-0.8684210535124653,0.5636363627603306,3.80000002544,0.27094474183744,0.12119574020117467,-0.47096687551749783,0.5702891147878644,-0.07902693576370466,-0.45718317338591263,-0.2312992834070517,-0.22729068681899234,0.30934775209355164,0.7213249650029115,fezouata trophic species
-0.4666666676088888,-0.20000000423999992,0.11111111198353919,2.60000002968,-0.9736842112603877,0.5636363627603306,1.4000000127200003,0.03752535534069112,0.10194324053087002,-0.10416902778059067,0.7138125331625531,-0.08258882292223224,-0.27644115818285037,-0.17875882050120567,-0.1412349929060281,0.3008641891711778,0.6765315393555807,fezouata trophic species
-1.0,-0.10000000742000001,0.19753086531230002,1.4000000127200003,-0.9210526309916897,0.5272727255206612,-0.1999999957599999,0.418300653670255,0.469900015599167,-0.5152396369576072,0.8635519610546801,-0.1181766523832463,-0.2756966093122696,-0.20729380293065197,-0.21895286690808566,0.33083950341855994,0.35923531683582544,fezouata trophic species
-1.0,-0.39999999787999996,0.23456790133150432,2.2000000169600002,-0.8947368422520776,0.6545454529685949,0.6000000084800001,0.042016806753336605,0.014327375723489279,-0.5706856183695599,0.691770357189025,-0.0946851187498842,-0.448022576986272,-0.25618414717137206,-0.24038599134910388,0.2487601829029235,0.6936811971000452,fezouata trophic species
-1.0,-0.39999999787999996,0.23456790133150432,1.8000000254400002,-0.8684210535124653,0.5999999980727273,2.40000001272,0.11437908498321145,-0.1513528310523538,-0.6046949502939282,0.8598063577651981,-0.13817495491216691,-0.3701578039260469,-0.22420971267898013,-0.15989719280653414,0.4051343546729747,0.6335951327281815,fezouata trophic species
-1.0,-0.20000000423999992,0.20987654398536817,2.0000000212,-0.8684210535124653,0.6727272706247933,1.4000000127200003,-1.0,-1.0,-1.0,0.5539474009981947,-0.05997202642954461,-0.48136049236417044,-0.19217637735768822,-0.21058024196541497,0.2710030443027182,0.6700194379103943,fezouata trophic species
-1.0,0.0,0.18518518533058992,3.80000002544,-0.9210526309916897,0.5454545431768595,4.20000003816,-1.0,-1.0,-1.0,0.6474082169146147,-0.10738685993762573,-0.43560096088062616,-0.22247395113069057,-0.19049741351043606,0.40442139793414367,0.7782715409655343,fezouata trophic species
-1.0,0.0,0.18518518533058992,2.0000000212,-0.8421052619833795,0.4727272706247933,2.0000000212,-1.0,-1.0,-1.0,0.5014177968135672,-0.07332085706098429,-0.44890208606611953,-0.04743007881042275,-0.06485086460150513,0.3132218058408849,0.6370031754702256,fezouata trophic species
-1.0,-0.10000000742000001,0.19753086531230002,1.8000000254400002,-0.9210526309916897,0.5999999980727273,0.40000001272000013,0.33725490222299115,0.31471854227993823,-0.4919945836929878,0.732054046866369,-0.09898435167157647,-0.30976435283393183,-0.2524553282683877,-0.20733454303095947,0.3637704893491658,0.44652346482144883,fezouata trophic species
-1.0,-0.10000000742000001,0.19753086531230002,2.60000002968,-0.8684210535124653,0.5636363627603306,2.0000000212,-1.0,-1.0,-1.0,0.6562195367777047,-0.07184591011123359,-0.41723990793204824,-0.1842540866956326,-0.1532499145042704,0.33924728388037956,0.8530123949864536,fezouata trophic species
-1.0,0.5142857100457142,0.12169312208779158,1.4228571532754288,-1.0,0.596883116257379,2.0285714521942855,-1.0,-1.0,-1.0,0.4480536516809383,-0.10559991642444996,-0.47577341475592433,-0.16834211611209943,-0.1621433029201734,0.33726948839571863,0.6781547238927194,fezouata trophic species
-1.0,0.19999999364000012,0.1604938279844536,2.2000000169600002,-0.8947368422520776,0.5636363627603306,3.60000002968,-1.0,-1.0,-1.0,0.3966018846500671,-0.05864377556764855,-0.41793791248684203,-0.21021766710006656,-0.20386549319937736,0.30705850876588653,0.6394018028546341,fezouata trophic species
-0.20000000141333324,0.29999999046000003,0.0,0.80000000424,-0.8421052619833795,0.49090909020826434,0.2000000169600002,0.13740344632105936,0.04033754234920414,0.07726304262745232,0.34445100854271304,-0.10666506228882633,-0.26277737634767395,-0.2568706662503194,-0.2070042991751268,0.30526965138844725,0.32345554520725583,fezouata trophic species
-1.0,0.21142856379657146,0.15908289339112947,3.2400000288320006,-0.8671679187228598,0.541818180416529,4.85523813101562,-1.0,-1.0,-1.0,0.6409267985895254,-0.07163324809379816,-0.5137183066475862,-0.3003309197638522,-0.3300244179564111,0.37567037468417586,0.7446967203749566,fezouata trophic species
-1.0,0.00952380316380952,0.1840094071571407,3.643809554377905,-0.9468671680470386,0.6519480501709564,6.268571481026285,-1.0,-1.0,-1.0,0.7889143124077781,-0.11971324948752937,-0.4661121351559791,-0.19708040365369076,-0.12103050776142263,0.493605801313253,0.8560638730716739,fezouata trophic species
-1.0,0.19999999364000012,0.1604938279844536,2.2000000169600002,-0.9210526309916897,0.5454545431768595,2.80000002544,-1.0,-1.0,-1.0,0.530942985446,-0.09344974890330054,-0.5742253725518363,-0.16317182005935446,-0.12955742034254106,0.4098677403878194,0.5354968782027818,fezouata trophic species
-0.20000000141333324,0.29999999046000003,0.0,0.6000000084800001,-0.9210526309916897,0.5272727255206612,-0.3999999915199999,0.16042780765890727,0.16977939660677874,0.058066248965004306,0.37973262283349724,-0.06378498474519476,-0.15274196854890743,-0.155995316043355,-0.15667261564616708,0.24514519209521243,0.3900600839545218,fezouata trophic species
-1.0,-0.18461538689846144,0.2079772085029018,1.446153854633846,-0.9731781365761241,0.7048951040864591,1.65000001802,-1.0,-1.0,-1.0,0.8490302328614061,-0.1341148385765373,-0.38710542911549106,-0.22107473499159255,-0.2001071097101777,0.40586179506322273,0.4710938358605444,fezouata trophic species
-1.0,-0.10000000742000001,0.19753086531230002,2.60000002968,-0.9473684197313019,0.5636363627603306,3.60000002968,-1.0,-1.0,-1.0,0.7265947095261858,-0.11197097427630216,-0.5135341156413754,-0.20012196257746007,-0.19003976905097855,0.5034052056628354,0.6244258821984986,fezouata trophic species
-1.0,0.19999999364000012,0.1604938279844536,2.80000002544,-0.8947368422520776,0.49090909020826434,3.60000002968,-1.0,-1.0,-1.0,0.4973431147369353,-0.11773079129871397,-0.3366661664487569,-0.21873505360843287,-0.14887566947571373,0.41969078821137246,0.7147456796226075,fezouata trophic species
-1.0,-0.20000000423999992,0.20987654398536817,3.80000002544,-0.9210526309916897,0.5999999980727273,3.80000002544,-1.0,-1.0,-1.0,0.9339072616652261,-0.09873029847746721,-0.40289830218715783,-0.18570511537128956,-0.13437620293474753,0.3676600019352187,0.9171288565948887,fezouata trophic species
-0.8666666633688889,0.0,0.1604938279844536,0.80000000424,-0.9210526309916897,0.5454545431768595,2.40000001272,0.1528059501083933,-0.3557238132043696,-0.2570938962194689,0.7016985394931236,-0.05813868141425959,-0.26448380217650697,-0.155006527472412,-0.1793532334775176,0.4962659634914034,0.3763687385940914,fezouata trophic species
-1.0,0.09999999682000006,0.17283950665752176,2.60000002968,-0.8947368422520776,0.43636363531239675,4.60000002968,-1.0,-1.0,-1.0,0.4983465201158802,-0.061031798336127485,-0.5604007885723792,-0.11822057379880926,-0.08773569351821378,0.4076951973006698,1.1437940019085033,fezouata trophic species
-1.0,0.29999999046000003,0.14814814931138545,2.40000001272,-0.8947368422520776,0.49090909020826434,2.60000002968,-1.0,-1.0,-1.0,0.6161579948399872,-0.10519213985279353,-0.4606255786246205,-0.16814165581941912,-0.12418049778469727,0.4153056538312445,0.691727278780409,fezouata trophic species
-1.0,-0.19238095746895242,0.20893592092315208,3.4419048022049528,-0.9468671680470386,0.5601731596725698,5.460952429934476,-1.0,-1.0,-1.0,0.8480130017591074,-0.038994780295304565,-0.37799344109126565,-0.16976665352006692,-0.10310056986671272,0.4669688515408238,0.9083518054976649,fezouata trophic species
-1.0,0.0,0.18518518533058992,2.60000002968,-0.8947368422520776,0.5636363627603306,1.4000000127200003,-1.0,-1.0,-1.0,0.5834288004267988,-0.04321821663130735,-0.36458692300743406,-0.19894393857560833,-0.1887089462141978,0.2790596332208312,0.7194864219595022,fezouata trophic species
-1.0,0.09999999682000006,0.17283950665752176,1.8000000254400002,-0.8157894732437673,0.5454545431768595,2.0000000212,-1.0,-1.0,-1.0,0.5089818528165334,-0.07846337355347961,-0.41583767460717347,-0.2554079049215248,-0.268069241356138,0.3144617761541483,0.4282189698123601,fezouata trophic species
-1.0,-0.30000000105999997,0.2222222226584363,1.8000000254400002,-0.9210526309916897,0.5636363627603306,5.0000000424,-1.0,-1.0,-1.0,0.7796039597380079,-0.12474515253971014,-0.2945408398556569,-0.24280497013657454,-0.18940915527509739,0.43477331332893454,0.6549741682580719,fezouata trophic species
-1.0,0.19999999364000012,0.1604938279844536,2.40000001272,-0.9210526309916897,0.5454545431768595,2.0000000212,-1.0,-1.0,-1.0,0.6117647020885241,-0.1019503724774323,-0.264142621357879,-0.218250942840505,-0.21700735003419294,0.2847549120841627,0.5760946363415934,fezouata trophic species
-1.0,0.00952380316380952,0.1840094071571407,2.0285714521942855,-0.8937343360940774,0.5785281370013381,1.624761926648381,-1.0,-1.0,-1.0,0.4081149251743012,-0.10145026474285296,-0.22820926998972937,-0.25593445487252425,-0.23606899333990866,0.2503904486143819,0.4922034612866809,fezouata trophic species
-1.0,0.39999999788,0.13580246932967535,1.6000000084800001,-0.7368421042354572,0.38181818041652893,1.8000000254400002,-1.0,-1.0,-1.0,0.35817489999241603,-0.10827943897048287,-0.4334626042589527,-0.1791307895548617,-0.13848582889962302,0.3904635505510012,0.6743440547210074,fezouata trophic species
-0.7333333338044444,0.19999999364000012,0.11111111198353919,2.0000000212,-0.8947368422520776,0.49090909020826434,1.2000000169600002,0.19925808186259958,0.1476611931289971,-0.20334503034600585,0.4619566753607129,-0.11934714216435043,-0.14847545889966557,-0.2335821159135559,-0.197411860990286,0.32192351469381897,0.40017297378796435,fezouata trophic species
-0.9326984093512805,-0.0914285718525714,0.1840094071571407,2.432380977740191,-0.9468671680470386,0.596883116257379,1.8266666788213333,-0.39215686262591315,-1.0,-1.0,0.8909071239883661,-0.09906025646620308,-0.32532049291144377,-0.09558926435987174,-0.05935009320846944,0.36402120884833217,0.9710039404742447,fezouata trophic species
-1.0,0.49999999469999995,0.12345679065660721,2.2000000169600002,-0.789473684504155,0.43636363531239675,4.20000003816,-1.0,-1.0,-1.0,0.26117104390138873,-0.06758443078438871,-0.586740283237356,-0.09022742554352083,-0.06322777046784353,0.4136713786738089,0.6485823361524767,fezouata trophic species
-1.0,0.0,0.18518518533058992,3.0000000212,-1.0,0.5999999980727273,4.20000003816,-1.0,-1.0,-1.0,0.4703902975049326,-0.08979977715350836,-0.3664955351472639,-0.23875092274191495,-0.23432948396129832,0.43933560956234313,0.6070070549126212,fezouata trophic species
-1.0,0.0,0.18518518533058992,3.2000000381600007,-0.8684210535124653,0.49090909020826434,2.80000002544,-1.0,-1.0,-1.0,0.7034384096850017,-0.09635820758760706,-0.515714840404976,-0.15150546635994824,-0.10919389873179117,0.4021783476486628,0.6354035818170897,fezouata trophic species
-1.0,0.19999999364000012,0.1604938279844536,2.40000001272,-0.9473684197313019,0.5636363627603306,2.60000002968,-1.0,-1.0,-1.0,0.5474656688353965,-0.09197627661487824,-0.42394747243759007,-0.15963479039180883,-0.16603305914792152,0.31032226794314016,0.7759557104065422,fezouata trophic species
0.06666666478222236,-0.30000000105999997,0.024691358654778246,1.4000000127200003,-0.9736842112603877,0.6181818176561984,0.2000000169600002,0.1713643791120321,0.01142036710308341,0.007004522953579363,0.854458033008041,-0.11489901374524522,-0.17068011810512582,-0.23371969619353336,-0.16401685009519945,0.31007358284657593,0.34521415656216753,fezouata trophic species
-0.9326984093512805,0.11047618878019054,0.15908289339112947,3.643809554377905,-0.8671679187228598,0.541818180416529,4.451428605469714,-0.39215686262591315,-1.0,-1.0,0.6240592676105445,-0.1048027827070653,-0.40058759429820606,-0.22051482968084418,-0.1737130252059547,0.3711395704480014,0.6181605148986883,fezouata trophic species
-1.0,-0.10000000742000001,0.19753086531230002,2.40000001272,-0.8421052619833795,0.581818180416529,1.8000000254400002,0.14814814844081325,-0.307082488045858,-0.5152396369576072,0.5783636938418181,-0.10589298648983482,-0.3112799790044404,-0.26805252462634827,-0.2837211475568402,0.31115344436452097,0.5784285287943892,fezouata trophic species
-0.33333333097777773,0.09999999682000006,0.04938271600091455,1.0000000212000002,-0.8684210535124653,0.5454545431768595,1.6000000084800001,0.13210784335923678,0.1807361665551079,-0.033219978884358625,0.5235323825092483,-0.08486356477427356,-0.33366623197921774,-0.18791427507141148,-0.20915377754177408,0.2930237657439568,0.5096891885652404,fezouata trophic species
-1.0,0.21142856379657146,0.15908289339112947,3.4419048022049528,-1.0,0.5785281370013381,5.460952429934476,-1.0,-1.0,-1.0,0.5051001953272841,-0.05303594932154709,-0.568156346173637,-0.25711495398609197,-0.2865815428354972,0.4194911708395629,0.9585230259410912,fezouata trophic species
-1.0,0.19999999364000012,0.1604938279844536,2.80000002544,-0.8684210535124653,0.5272727255206612,2.60000002968,-1.0,-1.0,-1.0,0.5658136290509278,-0.09653207166812776,-0.6180993077622263,-0.13447235480093056,-0.10766754636291397,0.34209094238933313,0.8752244702978939,fezouata trophic species
-1.0,-0.10000000742000001,0.19753086531230002,2.60000002968,-0.763157895764543,0.45454545296859494,2.0000000212,-1.0,-1.0,-1.0,0.5386476678898549,-0.06750914001256779,-0.48568949130424377,-0.21083654153913844,-0.21768432727826872,0.3062987546000135,0.8274118965665221,fezouata trophic species
-1.0,-0.20000000423999992,0.20987654398536817,1.0000000212000002,-0.8157894732437673,0.5454545431768595,2.0000000212,-1.0,-1.0,-1.0,0.7197415202024777,-0.12028572257789805,-0.4112759380699641,-0.25508784046017247,-0.21875324701299018,0.41761388286079876,0.5167828987654828,fezouata trophic species
-1.0,0.39999999788,0.13580246932967535,2.60000002968,-0.8947368422520776,0.5454545431768595,2.2000000169600002,-1.0,-1.0,-1.0,0.5222904345581069,-0.055182098692554936,-0.3891031527963915,-0.11229477624940357,-0.09012911088768007,0.38115332327940665,0.924240056860419,fezouata trophic species
-1.0,-0.6000000021199999,0.2592592599862826,1.2000000169600002,-0.8684210535124653,0.581818180416529,1.4000000127200003,-1.0,-1.0,-1.0,0.7682039908683228,-0.07808186155568915,-0.2524671330597802,-0.20964389997589217,-0.18785705545868012,0.30972287619837385,0.6247619832817531,fezouata trophic species
-1.0,0.39999999788,0.13580246932967535,3.40000003392,-0.9473684197313019,0.5999999980727273,4.60000002968,-1.0,-1.0,-1.0,0.7264136963264627,-0.07719280057153032,-0.4073609020777183,-0.23521094432099895,-0.1375657271128036,0.5943212687932115,1.014501464677616,fezouata trophic species
-1.0,0.19999999364000012,0.1604938279844536,2.40000001272,-0.8684210535124653,0.5454545431768595,4.0000000424,-1.0,-1.0,-1.0,0.4245444908999069,-0.0829683418623911,-0.3746004588679151,-0.2248663715469366,-0.20946135773236776,0.3486361058522755,0.6563575318594058,fezouata trophic species
-1.0,0.29999999046000003,0.14814814931138545,2.40000001272,-0.789473684504155,0.4727272706247933,3.2000000381600007,-1.0,-1.0,-1.0,0.38600358150853364,-0.08147465966760514,-0.4603752530426693,-0.14269683923170798,-0.1144746230455862,0.3893761858725686,0.6831769793796744,fezouata trophic species
-1.0,-0.10000000742000001,0.19753086531230002,1.4000000127200003,-0.9736842112603877,0.581818180416529,1.6000000084800001,-1.0,-1.0,-1.0,0.9000921694461356,-0.07768333055693524,-0.23779714732726048,-0.2562391727503748,-0.1994930577171976,0.4266138741427014,0.2684015007872066,fezouata trophic species
-1.0,0.19999999364000012,0.1604938279844536,1.0000000212000002,-0.8947368422520776,0.6181818176561984,0.40000001272000013,-1.0,-1.0,-1.0,0.5428151698340764,-0.09189189000112598,-0.42557770197207334,-0.25485525716690605,-0.2655085526066618,0.324933281134525,0.4290104159707776,fezouata trophic species
-1.0,-0.20000000423999992,0.20987654398536817,2.80000002544,-0.8684210535124653,0.5999999980727273,4.4000000339200005,-1.0,-1.0,-1.0,0.906346198571666,-0.1239140034687808,-0.43884567634621924,-0.29191494602119133,-0.30164102785485475,0.42764758887240545,0.4590797345220256,fezouata trophic species
-0.7999999985866667,0.0,0.14814814931138545,2.40000001272,-0.9736842112603877,0.6909090902082644,3.80000002544,0.329656863005815,0.11225950732596164,-0.23537565882161982,0.49105526435389957,-0.08941238790054265,-0.42498272648679736,-0.15034074292843397,-0.12273890673562657,0.407196684635144,0.8480873266852839,fezouata trophic species
-1.0,0.09999999682000006,0.17283950665752176,1.2000000169600002,-0.8684210535124653,0.581818180416529,1.0000000212000002,-1.0,-1.0,-1.0,0.43017268238801554,-0.14008461239295766,-0.275992124527857,-0.1907018863452961,-0.15572043299948862,0.39781781574092784,0.39888489259191173,fezouata trophic species
-1.0,0.19999999364000012,0.1604938279844536,2.60000002968,-0.8684210535124653,0.5090909078644628,3.40000003392,-1.0,-1.0,-1.0,0.4249479508694199,-0.08623906141963675,-0.5135555388411984,-0.19578979844562486,-0.15485952899527541,0.35199266585758804,0.8638787773394563,fezouata trophic species
-1.0,0.19999999364000012,0.1604938279844536,2.0000000212,-0.8421052619833795,0.4727272706247933,2.0000000212,0.2156862747481737,-0.18464617327507052,-0.4177607499306818,0.43990282857308166,-0.11033817942696096,-0.4161458075886041,-0.16124297752566044,-0.15009394739495974,0.37911386666305324,0.5092151939931788,fezouata trophic species
-1.0,0.29999999046000003,0.14814814931138545,2.80000002544,-0.8421052619833795,0.49090909020826434,2.60000002968,-1.0,-1.0,-1.0,0.5750008417575699,-0.07973324066085088,-0.3917463298908839,-0.09240371837324853,-0.04135986063734232,0.3266684854796395,0.8584706401392289,fezouata trophic species
-1.0,-0.39428571810171426,0.2338624346891633,2.634285729913143,-0.840601504141116,0.633593072842188,4.85523813101562,-1.0,-1.0,-1.0,0.8257799227904693,-0.14717231161193353,-0.37555071805373624,-0.24753506304206802,-0.16467824914827955,0.4671246024437928,0.6363439873320028,fezouata trophic species
-1.0,-0.30000000105999997,0.2222222226584363,1.8000000254400002,-0.8947368422520776,0.5636363627603306,2.2000000169600002,-1.0,-1.0,-1.0,0.5968836206691619,-0.08877858424947906,-0.3442851986336686,-0.1147838314412515,-0.07559081463421537,0.3051105177804317,0.6085405491329966,fezouata trophic species
-1.0,0.19999999364000012,0.1604938279844536,2.2000000169600002,-0.9473684197313019,0.5999999980727273,2.40000001272,0.2156862747481737,-0.11361693896949471,-0.45177008185504985,0.5088599044495304,-0.10621436577469896,-0.38715659811476894,-0.16912839986196812,-0.17227207784307252,0.35486628304555834,0.7372298191108432,fezouata trophic species
-0.7999999985866667,0.39999999788,0.09876543331047105,2.40000001272,-0.9473684197313019,0.581818180416529,1.4000000127200003,0.41323529439475204,0.0926451155475743,-0.18614484732323686,0.3709243393399607,-0.0771901746174412,-0.28879322325929113,-0.27168121508974263,-0.20261630684868714,0.3024370144232615,0.5454980800680124,fezouata trophic species
-1.0,0.19999999364000012,0.1604938279844536,2.40000001272,-0.8684210535124653,0.43636363531239675,3.2000000381600007,-1.0,-1.0,-1.0,0.4858136538782466,-0.11423291350119558,-0.42982738106858104,-0.15705139884843583,-0.06276871548176363,0.4305767932784258,0.8602296516952286,fezouata trophic species
-1.0,0.09999999682000006,0.17283950665752176,3.2000000381600007,-0.9736842112603877,0.5999999980727273,2.2000000169600002,-1.0,-1.0,-1.0,0.665181132254449,-0.07377945786049178,-0.3938580093427715,-0.26335282050999265,-0.2370220314980775,0.2854057682788408,0.8559450431624838,fezouata trophic species
-0.8666666633688889,0.09999999682000006,0.14814814931138545,3.2000000381600007,-0.8684210535124653,0.5454545431768595,4.20000003816,0.4892156865665129,0.0610322680578172,-0.3390697152541096,0.4770567122595954,-0.0949474914497135,-0.5510883419145621,-0.20338838399010264,-0.1341245446238364,0.378848505478164,0.7438501420603439,fezouata trophic species
-1.0,0.29999999046000003,0.14814814931138545,3.40000003392,-0.8947368422520776,0.49090909020826434,5.60000005088,-1.0,-1.0,-1.0,0.5254086260857723,-0.06795067148137382,-0.529146021941883,-0.24460987297297582,-0.2765496295475146,0.4021524878399135,0.9487850071642618,fezouata trophic species
-1.0,0.39999999788,0.13580246932967535,2.40000001272,-0.9210526309916897,0.5636363627603306,2.80000002544,-1.0,-1.0,-1.0,0.3908368105622613,-0.045904874675969876,-0.42569122525163045,-0.24679227563156467,-0.23878957406701976,0.408256539009954,0.7844364044741692,fezouata trophic species
-0.798095235120508,-0.29333333248533333,0.1840094071571407,3.4419048022049528,-0.7874686721881546,0.5234632011604881,5.057142904388572,0.08771929833092532,-0.1293063757184192,-0.3503862445699041,0.8218440960077067,-0.11214740139873935,-0.2451373140724777,-0.27746105825594425,-0.21411521215933713,0.43240419792123663,0.8583707436693732,fezouata trophic species
-1.0,0.11047618878019054,0.17154614961981404,3.845714327750857,-0.9734335826287824,0.633593072842188,5.460952429934476,-1.0,-1.0,-1.0,0.6686912001375165,-0.07320965979570696,-0.48850680912790967,-0.21472826199097012,-0.19500761261546437,0.4426202362060756,0.9564697277690858,fezouata trophic species
-1.0,-0.39999999787999996,0.23456790133150432,1.8000000254400002,-0.9473684197313019,0.6727272706247933,2.80000002544,0.7366946781248419,-0.21430539249964997,-0.5706856183695599,0.7736684812344835,-0.11201951227579679,-0.4641855666127087,-0.19919187736099694,-0.15272255160554912,0.4498147687994221,0.6825861819319192,fezouata trophic species
-0.9333333352177778,-0.20000000423999992,0.19753086531230002,3.60000002968,-0.9473684197313019,0.581818180416529,3.2000000381600007,0.3676470590916954,-0.07035360439195171,-0.3883005267524926,0.8249283206703321,-0.11321172814662693,-0.39805041650537965,-0.2990398216121211,-0.25884027568455464,0.39530853007103095,0.7086290429478864,fezouata trophic species
-0.8666666633688889,-0.20000000423999992,0.18518518533058992,2.2000000169600002,-0.9473684197313019,0.6363636353123968,3.40000003392,0.2156862747481737,0.08559310762655409,-0.3082348837759732,-0.1395212537862386,-0.11674874486503604,-0.34527570011729836,-0.20106801352654635,-0.19003848332065815,0.3384413698209816,0.4701081967382238,fezouata trophic species
-1.0,0.0,0.18518518533058992,2.2000000169600002,-0.8421052619833795,0.581818180416529,2.80000002544,-1.0,-1.0,-1.0,0.5363673782117919,-0.10926831263314403,-0.4261107648217576,-0.2238515549565676,-0.18819317130892615,0.36477976966247044,0.5355858468325219,fezouata trophic species
-1.0,-0.30000000105999997,0.2222222226584363,2.2000000169600002,-0.8947368422520776,0.5636363627603306,2.2000000169600002,-1.0,-1.0,-1.0,0.830552419105958,-0.14607160023807672,-0.26246885206447346,-0.2655379269348892,-0.19282733090899543,0.44282046258813756,0.5811871399757805,fezouata trophic species
-1.0,1.0999999968200003,0.04938271600091455,2.40000001272,-0.8157894732437673,0.38181818041652893,3.40000003392,-1.0,-1.0,-1.0,0.22749928379088155,-0.042000911385997756,-0.32989960004359614,-0.17668687434285285,-0.11022947814923892,0.43905178071972856,0.7081321634042652,fezouata trophic species
-1.0,0.39999999788,0.13580246932967535,2.60000002968,-0.9210526309916897,0.5636363627603306,4.4000000339200005,0.2156862747481737,-1.0,-0.4177607499306818,0.5362441592750855,-0.07946677741155139,-0.30419523620575506,-0.18832791716677996,-0.1517256606837321,0.3735018587736817,0.6357860838266529,fezouata trophic species
-1.0,0.39999999788,0.13580246932967535,2.40000001272,-0.8421052619833795,0.5272727255206612,1.8000000254400002,-1.0,-1.0,-1.0,0.472140251635577,-0.0862579212307738,-0.3471772276356102,-0.2393020218813446,-0.23698055314827776,0.254538113708275,0.6441034755011547,fezouata trophic species
-1.0,-0.10000000742000001,0.19753086531230002,2.40000001272,-0.8684210535124653,0.581818180416529,5.4000000339200005,-1.0,-1.0,-1.0,0.9681918958180292,-0.09935594996919021,-0.46954029334895986,-0.20273179193679966,-0.1504443277909188,0.4559352586208791,0.9587712586715427,fezouata trophic species
-0.40000000282666665,0.0,0.0740740746556928,1.8000000254400002,-0.9473684197313019,0.6363636353123968,0.2000000169600002,0.16503268016961423,0.1439126119373682,-0.05646503214897801,0.5133443680838177,-0.10039680418543709,-0.17036014538476307,-0.2739127977875465,-0.24113619446534798,0.2853698251104719,0.3140565300363534,fezouata trophic species
-1.0,-0.39999999787999996,0.23456790133150432,2.2000000169600002,-0.9210526309916897,0.6363636353123968,3.2000000381600007,-1.0,-1.0,-1.0,0.9459007099826275,-0.1231678663586006,-0.25318893379647506,-0.2656286404474297,-0.2326656454771385,0.40219428521569456,0.6236051781383063,fezouata trophic species
-1.0,0.21142856379657146,0.15908289339112947,2.2304762043672377,-0.8937343360940774,0.48675324457567876,1.0190476277295237,0.2663398693267333,-0.39991583047823764,-0.45177008185504985,0.5163029490740932,-0.15569176354111602,-0.36008911053421233,-0.1716074105842545,-0.10859629686186312,0.40404152817474814,0.5998054189814349,fezouata trophic species
-1.0,0.49999999469999995,0.12345679065660721,1.4000000127200003,-0.8157894732437673,0.4181818176561984,2.40000001272,0.2156862747481737,0.11113997020162293,-0.40253927035666687,0.3494273060484428,-0.09510191315237777,-0.561055260233194,-0.15558468654647,-0.11108728851881165,0.35951970802697886,0.5593681553605545,fezouata trophic species
-1.0,0.19999999364000012,0.1604938279844536,2.2000000169600002,-0.9210526309916897,0.49090909020826434,0.80000000424,0.172268908053386,-0.013359298587817566,-0.4177607499306818,0.7199194768779322,-0.11415253439284546,-0.3611225636799523,-0.23059883866956507,-0.20199966861655688,0.3916482913433754,0.2753482589462254,fezouata trophic species
-1.0,0.39999999788,0.13580246932967535,2.0000000212,-0.9210526309916897,0.5454545431768595,4.60000002968,-1.0,-1.0,-1.0,0.3665209285101114,-0.03126433383079162,-0.42414241623337223,-0.23312820388419633,-0.2087849174408012,0.4304539011767127,0.6952867219951636,fezouata trophic species
-1.0,-0.10000000742000001,0.19753086531230002,4.60000002968,-0.9210526309916897,0.5454545431768595,8.000000063600002,-1.0,-1.0,-1.0,0.7549714384712367,-0.04601894954402721,-0.5082509284795811,-0.24821979148830406,-0.14948491516901585,0.6035960932966736,1.3392835021825944,fezouata trophic species
-1.0,0.09999999682000006,0.17283950665752176,2.0000000212,-0.9473684197313019,0.5272727255206612,1.4000000127200003,-1.0,-1.0,-1.0,0.44631805840190464,-0.06893739732245839,-0.28480711679704973,-0.17768393753742737,-0.10974104348641263,0.3285252868160572,0.655622176162903,fezouata trophic species
-0.3205128217811965,0.22307691435230773,0.031813865078224465,2.6692307925507692,-0.8927125518834433,0.5566433558212334,3.076923098123077,0.24300506730254984,0.742315282688695,-0.009699317949235581,0.5379471142550041,-0.14751154914614503,-0.31386549515157774,-0.1775650609060926,-0.14389481425470316,0.3856170909047888,0.6452329866780043,fezouata trophic species
-0.9333333352177778,0.19999999364000012,0.14814814931138545,2.2000000169600002,-0.8947368422520776,0.5636363627603306,4.20000003816,0.2156862747481737,-1.0,-0.43411074372481145,0.45611303778146534,-0.10702761507424671,-0.2930282823148175,-0.22707064783827957,-0.18457305883806543,0.5617525113680608,0.5580451413576651,fezouata trophic species
-0.5999999971733333,0.09999999682000006,0.09876543331047105,1.2000000169600002,-0.9473684197313019,0.6363636353123968,0.6000000084800001,0.2057216329226905,0.16927463807302087,-0.09304277392549566,0.5382242378880754,-0.13419564422941851,-0.22998309354387578,-0.2322921625195531,-0.16281495990085454,0.34357346915168546,0.23659276665164236,fezouata trophic species
0.20000000141333332,0.0,-0.037037036019204314,0.80000000424,-0.9210526309916897,0.5636363627603306,0.0,0.23257080647697453,0.30791721528497346,0.1456906477882833,0.7132100276929612,-0.11949415155482514,-0.24055107426420416,-0.2965662911761838,-0.22380602923939577,0.36717572392071574,0.3072288502361556,fezouata trophic species
-0.11666666690222216,0.6307692262030771,-0.05626780597979317,0.630769243489231,-0.9195344125178457,0.5010489499808646,1.0384615490615385,0.08426073166358042,0.5274984214420947,0.15173551752212822,0.434527615780472,-0.060878531700954315,-0.14081939034548108,-0.12328526557992511,-0.09914254677773844,0.36813645609522794,0.5854750059592417,fezouata trophic species
-1.0,0.39999999788,0.13580246932967535,2.40000001272,-0.8421052619833795,0.49090909020826434,2.2000000169600002,-1.0,-1.0,-1.0,0.43454643617132666,-0.07262086728773548,-0.43450964541586007,-0.12548269114213922,-0.11640239421376679,0.32615442994739735,0.6839529349007859,fezouata trophic species
-0.46158730307691004,0.21142856379657146,0.059376838327084264,4.047619079923809,-0.9468671680470386,0.541818180416529,3.845714327750857,0.6626297583260058,1.1079072896573554,0.020379766571196233,0.6427230797728397,-0.11232446393412106,-0.45171559613455087,-0.2500057946864126,-0.10933070831975311,0.5272798961573689,0.8702065015529835,fezouata trophic species
-1.0,0.0,0.18518518533058992,2.60000002968,-0.9473684197313019,0.5636363627603306,2.0000000212,-1.0,-1.0,-1.0,0.7388106543831844,-0.0713929336599669,-0.436677281020842,-0.1261883979047739,-0.13179639572023888,0.3260150105408766,0.7161094196467437,fezouata trophic species
-0.5999999971733333,0.29999999046000003,0.0740740746556928,2.0000000212,-0.8157894732437673,0.5090909078644628,2.0000000212,0.24270152502798048,0.5324147834469626,-0.1601590885814678,0.4069630959475828,-0.0714746842536823,-0.15194701039944414,-0.2350272069936804,-0.14457602472070236,0.3169434274056746,0.625129570426171,fezouata trophic species
-1.0,-0.30000000105999997,0.2222222226584363,2.60000002968,-0.9210526309916897,0.5454545431768595,1.8000000254400002,-1.0,-1.0,-1.0,0.8867382975914266,-0.11470837853772153,-0.39511336720507056,-0.3023314959942099,-0.27591253293216356,0.3548838950053344,0.5815852351574178,fezouata trophic species
-1.0,-0.19238095746895242,0.20893592092315208,2.8361905032860952,-0.9203007506758212,0.5785281370013381,3.845714327750857,0.2156862747481737,-1.0,-0.5412253951913708,0.9617878070222226,-0.09900547632093142,-0.39855560082019503,-0.24938376956524033,-0.1854260070780357,0.4126702128439413,0.7544940752334821,fezouata trophic species
-1.0,0.29999999046000003,0.14814814931138545,2.0000000212,-0.8947368422520776,0.5636363627603306,2.80000002544,-0.018099547552568623,0.05261726575147257,-0.43411074372481145,0.6562579121782197,-0.13283722949719154,-0.40251953122716155,-0.14462798315901923,-0.08853126337429434,0.4228081212806082,0.6926833602839397,fezouata trophic species
-0.7333333338044444,0.19999999364000012,0.11111111198353919,2.2000000169600002,-0.8947368422520776,0.4181818176561984,3.60000002968,0.12113289755316328,0.5952159098506223,-0.1601590885814678,0.475408113312797,-0.062358617316972634,-0.4061954154768853,-0.11724383859134001,-0.11745374886900273,0.42496050921200434,0.700817478947364,fezouata trophic species
-1.0,-0.10000000742000001,0.19753086531230002,3.60000002968,-0.9210526309916897,0.581818180416529,4.20000003816,-1.0,-1.0,-1.0,0.8561287067152291,-0.07629602907148343,-0.4300438373084494,-0.21255891640042626,-0.18194000793819415,0.3200641023223071,0.7428296174549257,fezouata trophic species
-0.6666666690222222,0.09999999682000006,0.11111111198353919,2.80000002544,-0.8684210535124653,0.5454545431768595,3.2000000381600007,0.2253345785932028,0.2656713635546716,-0.08592525532716713,0.4195606756853815,-0.0800365779928232,-0.20548509704440646,-0.2692892742542311,-0.16932052543413895,0.31944355016942155,0.49730285052492496,fezouata trophic species
-1.0,-0.30000000105999997,0.2222222226584363,3.2000000381600007,-0.8421052619833795,0.5090909078644628,2.2000000169600002,-1.0,-1.0,-1.0,0.6392556317087944,-0.1090538450363517,-0.36349923680937585,-0.24865375266215745,-0.22786236882543714,0.33002721248219147,0.6606295956576114,fezouata trophic species
-1.0,-0.20000000423999992,0.20987654398536817,3.40000003392,-0.8421052619833795,0.5999999980727273,3.40000003392,-1.0,-1.0,-1.0,0.7471587193497634,-0.08502976615215739,-0.5633327669678808,-0.23652489456896386,-0.23969174295367437,0.32897676307583423,0.8031688638316348,fezouata trophic species
-1.0,0.0,0.18518518533058992,2.80000002544,-0.9736842112603877,0.6545454529685949,4.0000000424,-1.0,-1.0,-1.0,0.5465798991257076,-0.08530418527481856,-0.30312806474668563,-0.30233402455764863,-0.24329394387110614,0.3466290293088658,0.6749449202942822,fezouata trophic species
-0.6666666690222222,-0.30000000105999997,0.1604938279844536,2.40000001272,-0.8947368422520776,0.5999999980727273,2.0000000212,0.06783253877800631,0.333340157184998,-0.20334503034600585,0.7410271305308168,-0.14494587875907805,-0.36837339234096905,-0.29223756131753353,-0.221708586004451,0.39700570519493794,0.4863382162020044,fezouata trophic species
-1.0,0.19999999364000012,0.1604938279844536,2.40000001272,-0.8157894732437673,0.5272727255206612,2.80000002544,-1.0,-1.0,-1.0,0.27264832584752735,-0.08566638826855875,-0.45078473956689885,-0.215019909437845,-0.16668675367141889,0.2974905298539598,0.7237360661362505,fezouata trophic species
-1.0,0.19999999364000012,0.1604938279844536,1.0000000212000002,-0.9210526309916897,0.45454545296859494,0.40000001272000013,-1.0,-1.0,-1.0,0.5807354295762666,-0.09030215098454886,-0.3615927207655764,-0.061979628826872225,-0.14112465983873795,0.34942353991956326,0.5957223543667528,fezouata trophic species
-1.0,-0.10000000742000001,0.19753086531230002,3.0000000212,-0.8421052619833795,0.5454545431768595,2.2000000169600002,-1.0,-1.0,-1.0,0.5715780125312451,-0.08554647011789933,-0.2917344899231202,-0.1745405679295725,-0.17504330123788653,0.3467438739953595,0.7503999881312061,fezouata trophic species
-1.0,0.29999999046000003,0.14814814931138545,3.2000000381600007,-0.8947368422520776,0.5454545431768595,4.60000002968,-1.0,-1.0,-1.0,0.5322554057987041,-0.07083200872802202,-0.32735347036466544,-0.21635040744830272,-0.20181320816308038,0.3523099424683355,0.8510917018753971,fezouata trophic species
-1.0,-0.20000000423999992,0.20987654398536817,1.6000000084800001,-0.8947368422520776,0.5999999980727273,0.6000000084800001,0.13970588257641284,0.33221002258022075,-0.5412253951913708,0.749212773171566,-0.11191144174550348,-0.20353552865266136,-0.21379337205854232,-0.1828892677241188,0.30928084191020394,0.5184249496999919,fezouata trophic species
-1.0,-0.39999999787999996,0.23456790133150432,3.0000000212,-0.7105263154958449,0.5272727255206612,3.2000000381600007,0.2156862747481737,-1.0,-0.6046949502939282,0.6343825662433551,-0.09336569320757676,-0.4613306700892467,-0.2473216882192699,-0.29406682337852796,0.3186796516502369,0.6141819647620811,fezouata trophic species
-1.0,-0.30000000105999997,0.2222222226584363,1.2000000169600002,-0.8684210535124653,0.6363636353123968,1.2000000169600002,-1.0,-1.0,-1.0,0.6134978019413545,-0.05128764898134107,-0.43567338374445813,-0.2936035601804996,-0.340004905315691,0.23215088450093502,0.5649362113065529,fezouata trophic species
-1.0,-0.20000000423999992,0.20987654398536817,2.40000001272,-1.0,0.7090909078644627,4.0000000424,0.2156862747481737,-1.0,-0.5412253951913708,0.8130295378165899,-0.11227259410595926,-0.3126586220957139,-0.22769370190511434,-0.16050950586157145,0.3755330313088062,0.67343774201656,fezouata trophic species
-1.0,0.11047618878019054,0.17154614961981404,3.845714327750857,-0.8937343360940774,0.5785281370013381,6.066666707653334,-1.0,-1.0,-1.0,0.4205710661127897,-0.056240450042277804,-0.5173429509602842,-0.12614217998185975,-0.09040871700197968,0.4284255007945846,1.1909060462717953,fezouata trophic species
-0.7999999985866667,-0.69999999894,0.23456790133150432,4.4000000339200005,-0.9473684197313019,0.7454545431768596,7.4000000551200005,0.09411764727335635,-0.1235209725062921,-0.4919945836929878,1.1485262209762808,-0.09025641006025331,-0.48337477657670075,-0.21131215348315346,-0.1580098523560404,0.4850044581207898,1.1472135403755337,fezouata trophic species
-1.0,-0.0914285718525714,0.19647266338582542,3.0380952554590475,-0.9468671680470386,0.6519480501709564,4.047619079923809,-1.0,-1.0,-1.0,0.7521800141082762,-0.10260738065428085,-0.3820342062323118,-0.26342858535741165,-0.24021974297035767,0.3197649695916826,0.8209808054755962,fezouata trophic species
-1.0,-0.10000000742000001,0.19753086531230002,2.60000002968,-0.9473684197313019,0.6181818176561984,3.60000002968,-1.0,-1.0,-1.0,0.7195767011108133,-0.11058853464355801,-0.3864863416609207,-0.23040207990868328,-0.22709551361317876,0.28787157832571714,0.7373468270560732,fezouata trophic species
-1.0,0.4133333244293334,0.1341563796251181,3.4419048022049528,-0.9203007506758212,0.4683982672469107,5.6628571821074285,-1.0,-1.0,-1.0,0.2425505717806962,-4.952446236274207e-5,-0.5062181478214014,-0.17665623314280218,-0.17297552339753713,0.27807466243827916,0.9700122557442382,fezouata trophic species
-1.0,0.0,0.18518518533058992,3.2000000381600007,-0.9210526309916897,0.5999999980727273,3.2000000381600007,-1.0,-1.0,-1.0,0.6925856351650772,-0.06760339251324549,-0.397826131941799,-0.2562745711537477,-0.20641835590708227,0.3797490820868352,0.8293921229415218,fezouata trophic species
-1.0,0.5999999915200002,0.11111111198353919,2.60000002968,-0.8684210535124653,0.45454545296859494,2.80000002544,-1.0,-1.0,-1.0,0.4728519199789179,-0.11746143157298265,-0.3496143031130924,-0.080920772382204,-0.01384036965124379,0.40269365589186695,0.9181667726744716,fezouata trophic species
-1.0,0.09999999682000006,0.17283950665752176,2.80000002544,-0.8947368422520776,0.5999999980727273,2.40000001272,0.418300653670255,0.02350699726085482,-0.45177008185504985,0.5425132098333029,-0.10598889609714195,-0.37161653573453923,-0.16644779151312353,-0.08674351201473518,0.43180194151558765,0.7189057912283903,fezouata trophic species
-1.0,0.29999999046000003,0.14814814931138545,1.8000000254400002,-0.9210526309916897,0.5090909078644628,1.6000000084800001,0.449472097048916,0.352111359122688,-0.43411074372481145,0.4670195340779601,-0.08437135629210067,-0.2124925474461233,-0.14064311714126326,-0.08161831345006677,0.41072069085296603,0.695537589080432,fezouata trophic species
-1.0,-0.5000000053,0.24691358131321456,1.8000000254400002,-0.8684210535124653,0.5272727255206612,-0.5999999872799999,-1.0,-1.0,-1.0,0.7182072379780471,-0.08811548869079833,-0.35323355615696067,-0.16537486993061504,-0.17577885064100268,0.27672889548071317,0.5703462059635451,fezouata trophic species
-1.0,0.00952380316380952,0.1840094071571407,2.634285729913143,-0.9203007506758212,0.5785281370013381,3.2400000288320006,0.27094474183744,-0.3732325263631918,-0.47096687551749783,0.7097238299852251,-0.0717203827112548,-0.3493996866780367,-0.20796821222486248,-0.22356384723714237,0.3467199884590861,0.6284722157042534,fezouata trophic species
-1.0,-0.30000000105999997,0.2222222226584363,1.2000000169600002,-0.8684210535124653,0.49090909020826434,0.6000000084800001,-1.0,-1.0,-1.0,0.7217648742797169,-0.08367288521870118,-0.3385208681886053,-0.20103541836907618,-0.21777799182897847,0.34062096355087434,0.5410623983850867,fezouata trophic species
-0.8666666633688889,0.19999999364000012,0.13580246932967535,0.80000000424,-0.8157894732437673,0.5272727255206612,1.6000000084800001,0.16892911028802524,-0.4234577798842655,-0.43411074372481145,0.4216684833667703,-0.0867064397254817,-0.21059614346385117,-0.2398275517953021,-0.21620795090211345,0.2997064861213066,0.21456001676269934,fezouata trophic species
-0.9333333352177778,0.29999999046000003,0.13580246932967535,2.80000002544,-0.9210526309916897,0.5272727255206612,3.0000000212,0.2156862747481737,-0.1513528310523538,-0.43411074372481145,0.502748498726983,-0.0650885627111947,-0.3422662462596729,-0.20093390315423557,-0.18848097949595935,0.375612656701142,0.6763885072974231,fezouata trophic species
-0.9333333352177778,0.09999999682000006,0.1604938279844536,1.8000000254400002,-0.8684210535124653,0.5636363627603306,3.40000003392,0.013071895826092523,0.02350699726085482,-0.45177008185504985,0.49162255953591527,-0.09683698054617466,-0.35579615483494326,-0.20059362651784388,-0.18245101266903313,0.3477688644604752,0.47485761115033104,fezouata trophic species
-1.0,-0.20000000423999992,0.20987654398536817,2.60000002968,-0.8684210535124653,0.6363636353123968,2.80000002544,-1.0,-1.0,-1.0,0.4958896220716824,-0.14054175740478844,-0.4143191285474345,-0.1751284953059581,-0.17323693059850226,0.33699145440128897,0.6242234272984559,fezouata trophic species
-1.0,0.09999999682000006,0.17283950665752176,2.0000000212,-0.8684210535124653,0.5272727255206612,1.2000000169600002,-1.0,-1.0,-1.0,0.5706250358951879,-0.1060601403580136,-0.3960900861708054,-0.2594500637621888,-0.21880452515659854,0.33060132182159957,0.5518527709256069,fezouata trophic species
-1.0,-0.30000000105999997,0.2222222226584363,2.0000000212,-0.9210526309916897,0.5999999980727273,1.8000000254400002,-1.0,-1.0,-1.0,0.8224308709276908,-0.08711170610144661,-0.3044962365110642,-0.20023897582235006,-0.15842385095098185,0.33701569146753074,0.6719154438041559,fezouata trophic species
-1.0,0.31238094941295247,0.1466196358538028,3.0380952554590475,-0.8937343360940774,0.5234632011604881,1.624761926648381,-1.0,-1.0,-1.0,0.6094297696867996,-0.13765406980342615,-0.5779884507351266,-0.1340151287647621,-0.07047959982358074,0.4029105876564178,0.8602070388351695,fezouata trophic species
-1.0,-0.49038461813653844,0.2457264964730928,2.057692323592308,-0.9731781365761241,0.6678321655746979,2.057692323592308,-1.0,-1.0,-1.0,0.8386903711658512,-0.08593345924944655,-0.44981096795016773,-0.24507622886033922,-0.2992851511834535,0.32989728284301917,0.5869316976945025,fezouata trophic species
-1.0,-0.20000000423999992,0.20987654398536817,2.0000000212,-0.8947368422520776,0.6181818176561984,2.0000000212,-1.0,-1.0,-1.0,0.8010189900742252,-0.10392296729580912,-0.22799641326848102,-0.23172648145321065,-0.20623244554256792,0.32660529565512403,0.5866355496780872,fezouata trophic species
-0.25968253819741793,0.31238094941295247,0.009523809486419729,0.8171428755565716,-0.8937343360940774,0.5601731596725698,0.4133333500106668,0.22616632865218947,0.2557412541460381,0.048755840150282205,0.4717050430536656,-0.18314607327999302,-0.22791349619460977,-0.20441090356762384,-0.1330593884828498,0.3437860499619784,0.40723693707445985,fezouata trophic species
-1.0,0.6999999883400001,0.09876543331047105,2.0000000212,-0.6578947380166206,0.2727272706247933,1.8000000254400002,0.32295271061234354,0.5125146380296997,-0.3749252836428811,0.2587569162195966,-0.03918795463811895,-0.47646047201441893,-0.229558397917231,-0.17698299537906384,0.32213332258021665,0.5178765661535158,fezouata trophic species
-1.0,0.29999999046000003,0.14814814931138545,2.80000002544,-0.9210526309916897,0.5454545431768595,2.2000000169600002,-0.08823529393886972,0.07861172948051566,-0.4177607499306818,0.5245696457532425,-0.052962280425539056,-0.38669417324365046,-0.1952498395360724,-0.15780729646373837,0.2708730899947762,0.8106918831631773,fezouata trophic species
-1.0,0.0,0.18518518533058992,2.0000000212,-0.8421052619833795,0.4727272706247933,2.60000002968,-1.0,-1.0,-1.0,0.5892410131030545,-0.11083706918187645,-0.30254003887237557,-0.06206381677493026,-0.022615761521689145,0.3869375908749776,0.6658855554870763,fezouata trophic species
-1.0,-0.20000000423999992,0.20987654398536817,2.60000002968,-0.9210526309916897,0.5999999980727273,2.40000001272,-1.0,-1.0,-1.0,0.8506503338634548,-0.13216179182846716,-0.46323767125570814,-0.22028452254010378,-0.2218380358947169,0.36410321169334897,0.6845368546317738,fezouata trophic species
-1.0,-0.0914285718525714,0.19647266338582542,1.8266666788213333,-0.9468671680470386,0.5601731596725698,3.0380952554590475,-1.0,-1.0,-1.0,1.1321519198912653,-0.08233540262458049,-0.3249644472021888,-0.21913134913500784,-0.15767283665877566,0.34409980125135425,0.5688706044508196,fezouata trophic species
-0.798095235120508,-0.0914285718525714,0.15908289339112947,2.634285729913143,-0.9468671680470386,0.5601731596725698,3.0380952554590475,0.1462184877933761,0.10129215444846155,-0.21560507050142597,0.5931821594966863,-0.09918808645170328,-0.20022388227790142,-0.28134648922173555,-0.22695632140108543,0.3528701278290394,0.4472995149900388,fezouata trophic species
-1.0,-0.6000000021199999,0.2592592599862826,2.40000001272,-0.9473684197313019,0.6909090902082644,7.000000063600001,-1.0,-1.0,-1.0,1.2641820802117383,-0.10550560101159952,-0.4919230886806126,-0.16509123727260838,-0.1297235570614381,0.7266513712122923,1.0973922040544108,fezouata trophic species
-0.9333333352177778,0.39999999788,0.12345679065660721,2.40000001272,-0.9210526309916897,0.49090909020826434,4.0000000424,0.2156862747481737,0.3858350259870364,-0.4919945836929878,0.6015660278753194,-0.06468629724586832,-0.5358512249069187,-0.21007666590983487,-0.21262169435429978,0.29486139790451027,0.7722672469040848,fezouata trophic species
-1.0,0.29999999046000003,0.14814814931138545,2.40000001272,-0.9736842112603877,0.5272727255206612,3.40000003392,-1.0,-1.0,-1.0,0.29601827225170124,-0.02706586985262701,-0.4378221132955053,-0.21559264464681682,-0.2238255959858809,0.2950613082179603,0.6305839744687795,fezouata trophic species
-1.0,0.09999999682000006,0.17283950665752176,2.60000002968,-0.8157894732437673,0.5090909078644628,3.60000002968,-1.0,-1.0,-1.0,0.4925630373692602,-0.04661232583290298,-0.584706319520609,-0.2818964064841852,-0.29428801661327775,0.3537276134933177,0.9067471403171423,fezouata trophic species
-0.8666666633688889,0.19999999364000012,0.13580246932967535,3.40000003392,-0.9736842112603877,0.5272727255206612,3.2000000381600007,0.2156862747481737,0.6307076555286114,-0.4177607499306818,0.8917482143961882,-0.13591486404690792,-0.42417277530109826,-0.14625164456659903,-0.11409840488897384,0.4161670217431561,0.8075917523303904,fezouata trophic species
-0.7999999985866667,0.0,0.14814814931138545,2.40000001272,-0.8421052619833795,0.5090909078644628,1.6000000084800001,0.2562091507757271,0.32974438509243315,-0.24961440191778875,0.56687566326263,-0.08585668249210618,-0.37455416169008815,-0.13886087189621613,-0.1858176622087758,0.2748016100729359,0.534797890799872,fezouata trophic species
-1.0,-0.29333333248533333,0.22139917715183663,3.643809554377905,-0.8937343360940774,0.596883116257379,5.6628571821074285,-1.0,-1.0,-1.0,0.8113759906815324,-0.05702778078490966,-0.536838531903585,-0.23376144198897977,-0.23934940042478847,0.3731800531309949,1.004442957707831,fezouata trophic species
-1.0,0.0,0.18518518533058992,3.0000000212,-0.9210526309916897,0.5636363627603306,3.40000003392,-1.0,-1.0,-1.0,0.6745583344128823,-0.09576788757208192,-0.4888420128692104,-0.14611452011103476,-0.18194374197491012,0.338093149322227,0.8343076910020423,fezouata trophic species
-0.7961538451210256,-0.18461538689846144,0.1702279205327108,1.446153854633846,-1.0,0.6678321655746979,3.280769261509231,0.29166666691993454,0.2729707555002218,-0.2988452134161717,0.8089269480404412,-0.0644146575829978,-0.37399298689746163,-0.28015690628484513,-0.2890875001963283,0.3737668067566783,0.41024019621305646,fezouata trophic species
-1.0,0.39999999788,0.13580246932967535,1.0000000212000002,-0.8421052619833795,0.4727272706247933,0.80000000424,0.1751633987206202,-0.46326840211890485,-0.40253927035666687,0.4408307047735346,-0.09909312304347387,-0.3220133087498493,-0.25207407791698894,-0.2591931290177584,0.35449915316392067,0.2980324477110934,fezouata trophic species
-0.9333333352177778,0.0,0.17283950665752176,3.40000003392,-0.8947368422520776,0.5272727255206612,3.2000000381600007,-0.39215686262591315,-1.0,-1.0,0.6546977286767433,-0.1303215176664792,-0.4652670217305365,-0.17962247858925554,-0.09267896534768756,0.3699221967277939,0.8976125899192452,fezouata trophic species
-1.0,0.11047618878019054,0.17154614961981404,3.0380952554590475,-0.9203007506758212,0.5051082238317197,2.432380977740191,-1.0,-1.0,-1.0,0.8361445019820386,-0.1302920131157183,-0.44283082171639426,-0.1766162349217348,-0.10541530645197451,0.4057322023069368,0.7680527563782895,fezouata trophic species
-1.0,-0.30000000105999997,0.2222222226584363,2.60000002968,-0.9210526309916897,0.6545454529685949,2.2000000169600002,-1.0,-1.0,-1.0,1.1304180632083105,-0.12500631858406677,-0.3633822169853485,-0.18558883560281697,-0.1712516693865829,0.43235747758409987,0.6888689801423437,fezouata trophic species
-1.0,-0.20000000423999992,0.20987654398536817,4.0000000424,-0.9473684197313019,0.6363636353123968,9.800000067840001,-1.0,-1.0,-1.0,0.8012177529969696,-0.08523661131010321,-0.5032883822259671,-0.2598276303990299,-0.22327658913907142,1.0277382970178939,1.0011875261374925,fezouata trophic species
-0.8653968257692275,0.31238094941295247,0.12169312208779158,2.0285714521942855,-0.840601504141116,0.48675324457567876,2.634285729913143,0.2156862747481737,0.4260124773670361,-0.362314768518729,-0.5548737631270781,-0.10447105185330241,-0.3767496071805056,-0.08536779090323932,-0.07529513114371271,0.3443806328384491,0.7537175439402101,fezouata trophic species
-0.39428571242819044,0.4133333244293334,0.021987067023746382,1.4228571532754288,-0.8140350867698984,0.5051082238317197,2.634285729913143,0.20187165782389627,0.27046533900386815,0.07726304262745232,0.37482771045000757,-0.10569095285485837,-0.30360332248520494,-0.20166264315505344,-0.1701301709994232,0.42075937841425654,0.5631312799489269,fezouata trophic species
-0.730793651538455,0.11047618878019054,0.12169312208779158,1.0190476277295237,-0.9468671680470386,0.5601731596725698,1.0190476277295237,0.3025210087455923,0.34745513636792313,-0.21560507050142597,0.6088261668135274,-0.130701737448242,-0.372369514755531,-0.12675280652316157,-0.10294176328849285,0.31925926597978593,0.5801444402548912,fezouata trophic species
-1.0,0.19999999364000012,0.1604938279844536,3.0000000212,-0.8947368422520776,0.5636363627603306,4.20000003816,-1.0,-1.0,-1.0,0.8185471765782372,-0.08708505524684033,-0.4979140171751592,-0.17824809968398253,-0.134137039032531,0.5872069891040301,0.961060647091244,fezouata trophic species
-0.9333333352177778,-0.69999999894,0.2592592599862826,2.40000001272,-0.9736842112603877,0.7272727255206611,0.80000000424,0.3676470590916954,0.9902540306486826,-0.694150263630249,1.2803754487158918,-0.14995647094187273,-0.1259415615886595,-0.28991965854184304,-0.16189059205097964,0.3684071087312203,0.3235192074674462,fezouata trophic species
-1.0,-0.19238095746895242,0.20893592092315208,1.624761926648381,-0.760902254816937,0.48675324457567876,1.0190476277295237,0.08061002213345282,-0.08335629090313294,-0.5152396369576072,0.47294240971463,-0.10927932729634332,-0.33257530323959267,-0.27755909465449763,-0.1899200450619741,0.3029547941688311,0.5052977940149381,fezouata trophic species
-1.0,0.6999999883400001,0.09876543331047105,2.80000002544,-0.9473684197313019,0.5636363627603306,2.2000000169600002,-1.0,-1.0,-1.0,0.35060461330318626,-0.1066213119056754,-0.2712769404889893,-0.2958427627183315,-0.22495167735302043,0.35282605321745436,0.47886140850181375,fezouata trophic species
-1.0,0.29999999046000003,0.14814814931138545,1.2000000169600002,-0.8421052619833795,0.4727272706247933,0.6000000084800001,-1.0,-1.0,-1.0,0.49596114292975996,-0.09459581617895585,-0.2502258274595944,-0.25182760163012485,-0.20677348841485138,0.33510108657828425,0.10660261046263814,fezouata trophic species
-0.46158730307691004,0.11047618878019054,0.07184009455576898,1.8266666788213333,-0.9468671680470386,0.5785281370013381,1.4228571532754288,0.14064391218443986,0.4092162296168103,-0.030479273407208962,0.6673800655733826,-0.06115256454287504,-0.36464830246576024,-0.2456963787169061,-0.2826751213752821,0.2703881775303523,0.6400356057504083,fezouata trophic species
-1.0,0.19999999364000012,0.1604938279844536,0.6000000084800001,-0.8947368422520776,0.581818180416529,1.0000000212000002,0.2663398693267333,-0.39991583047823764,-0.45177008185504985,0.4386686356627913,-0.06031965896408353,-0.306666567750461,-0.23818617114163979,-0.29105189743704596,0.26196998068052196,0.3281117397403828,fezouata trophic species
-1.0,-0.39428571810171426,0.2338624346891633,2.432380977740191,-0.8937343360940774,0.6886580067557654,1.8266666788213333,0.29166666691993454,0.33221002258022075,-0.5412253951913708,0.6362573393483061,-0.10135590025850778,-0.25110229308123166,-0.26984741120381933,-0.2835838387836708,0.302156144291214,0.404790741444842,fezouata trophic species
-1.0,0.0,0.18518518533058992,2.60000002968,-0.7105263154958449,0.5454545431768595,5.4000000339200005,-1.0,-1.0,-1.0,0.41793967389095676,-0.08229951248828893,-0.3710132513795178,-0.25536316286006583,-0.25333502311904854,0.5629445348437934,0.7315343518842757,fezouata trophic species
-1.0,-0.10000000742000001,0.19753086531230002,2.0000000212,-0.9210526309916897,0.581818180416529,1.2000000169600002,-1.0,-1.0,-1.0,0.6139623878717146,-0.05128214668271524,-0.5110507704458396,-0.17572239591235791,-0.2230029404061286,0.3135816769370348,0.5829379842431193,fezouata trophic species
-1.0,-0.6000000021199999,0.2592592599862826,2.60000002968,-0.9736842112603877,0.5999999980727273,1.2000000169600002,-1.0,-1.0,-1.0,1.627287040325131,-0.13174758059978534,-0.3381746805379743,-0.2212894327445281,-0.21323874310058102,0.3372563291488756,0.5487196436156466,fezouata trophic species
-1.0,0.19999999364000012,0.1604938279844536,3.80000002544,-0.8157894732437673,0.49090909020826434,6.0000000424,-1.0,-1.0,-1.0,0.7689363527570766,-0.07178160003003868,-0.3610770468173506,-0.09910904693821906,-0.034400670399165265,0.5880412961464674,1.0798992993420689,fezouata trophic species
-1.0,0.00952380316380952,0.1840094071571407,4.047619079923809,-0.8937343360940774,0.4500432879908697,6.268571481026285,-1.0,-1.0,-1.0,0.5465418383855435,-0.08307077042903505,-0.4772959790958265,-0.21747000426290855,-0.20491044876003003,0.35254211182357775,0.9320177094581429,fezouata trophic species
-1.0,0.0,0.18518518533058992,1.0000000212000002,-1.0,0.5454545431768595,-0.1999999957599999,-1.0,-1.0,-1.0,0.7884515765980156,-0.09818977344664767,-0.3163412774678769,-0.17042209339179135,-0.15273644668852646,0.34416720249739907,0.5348627400971879,fezouata trophic species
-1.0,-0.10000000742000001,0.19753086531230002,2.80000002544,-0.9473684197313019,0.5090909078644628,4.4000000339200005,-1.0,-1.0,-1.0,0.4965143717658004,-0.05978526283712996,-0.3951021064096926,-0.2088363854987122,-0.20849928990493724,0.33860526758514764,0.952848018344448,fezouata trophic species
-1.0,0.29999999046000003,0.14814814931138545,3.0000000212,-0.8421052619833795,0.49090909020826434,3.80000002544,-1.0,-1.0,-1.0,0.5029263229571659,-0.09139020065452456,-0.6319943947096972,-0.23594368280763034,-0.25048847366167065,0.32928312838137863,0.6459176113260596,fezouata trophic species
-1.0,0.0,0.18518518533058992,2.40000001272,-0.9210526309916897,0.5999999980727273,2.2000000169600002,-1.0,-1.0,-1.0,0.6444516954071831,-0.08475079973765216,-0.4674558288207525,-0.17268868696797846,-0.14231131174780412,0.3753073606325848,0.834155060112112,fezouata trophic species
-1.0,0.29999999046000003,0.14814814931138545,2.0000000212,-0.8421052619833795,0.5090909078644628,1.0000000212000002,-1.0,-1.0,-1.0,0.3302513391258646,-0.06762795342547427,-0.23784009441274181,-0.28032215673995203,-0.30583734455604583,0.21177344540167317,0.5551521268132346,fezouata trophic species
-1.0,0.49999999469999995,0.12345679065660721,2.40000001272,-0.8947368422520776,0.5090909078644628,2.80000002544,-1.0,-1.0,-1.0,0.40847961323012555,-0.06645134858118205,-0.40636404823319255,-0.1551231739790933,-0.16993138855319553,0.3251402027748664,0.7441706775770389,fezouata trophic species
-0.7333333338044444,-0.20000000423999992,0.1604938279844536,1.2000000169600002,-1.0,0.49090909020826434,0.40000001272000013,0.12071078453347263,0.3050745939456778,-0.23537565882161982,0.7909279831726324,-0.10839734644810213,-0.2523715364355758,-0.1848124522998126,-0.1968390508909548,0.32136764020062214,0.2956866139014334,fezouata trophic species
-1.0,-0.10000000742000001,0.19753086531230002,1.8000000254400002,-0.9473684197313019,0.581818180416529,1.8000000254400002,0.28322440105553415,-0.307082488045858,-0.5152396369576072,0.7967387796716499,-0.11523050679099525,-0.20572823274237517,-0.16960040826900946,-0.12520469610782736,0.29526463515601514,0.5202407773485742,fezouata trophic species
-1.0,0.19999999364000012,0.1604938279844536,1.0000000212000002,-0.9473684197313019,0.581818180416529,-0.1999999957599999,0.3169934645131358,-0.1908466721877364,-0.45177008185504985,0.5680802044735515,-0.09208634901050737,-0.3509689028845048,-0.23041604862555484,-0.23673585223119484,0.3679555183783833,0.3574753114813021,fezouata trophic species
-1.0,0.29999999046000003,0.14814814931138545,1.0000000212000002,-0.8684210535124653,0.5090909078644628,0.6000000084800001,-1.0,-1.0,-1.0,0.4640348506748066,-0.06664257138839891,-0.31522316355265934,-0.16806035426438806,-0.13521814611136232,0.2791475796975504,0.4924774184130453,fezouata trophic species
-1.0,0.00952380316380952,0.1840094071571407,1.8266666788213333,-0.7874686721881546,0.4683982672469107,1.624761926648381,-1.0,-1.0,-1.0,0.6233017526371345,-0.0877035234266824,-0.3806754417286117,-0.20319374251134864,-0.1719158812826244,0.44274078323286786,0.627245671143771,fezouata trophic species
-0.46158730307691004,-0.19238095746895242,0.10922986585910686,2.634285729913143,-0.9203007506758212,0.6152380935861471,2.2304762043672377,0.31533269057163377,0.5731056430500304,-0.09304277392549566,0.5735376077837102,-0.10167737642811797,-0.3312892339091432,-0.22390507646348376,-0.1728695680531516,0.3296145594696472,0.6799836523297768,fezouata trophic species
0.0,0.19999999364000012,-0.024691357346136162,3.0000000212,-0.9736842112603877,0.49090909020826434,3.0000000212,0.07698381415234969,0.16195259811856982,0.10399039478802202,0.4082878662048987,-0.103216549156752,-0.22554723031927665,-0.1617785281528583,-0.09872078782328987,0.21099917058122844,0.8584071198502561,fezouata trophic species
-1.0,0.6152380850620952,0.10922986585910686,2.0285714521942855,-0.9203007506758212,0.5234632011604881,2.432380977740191,-1.0,-1.0,-1.0,0.38326186237531434,-0.0984113048221925,-0.3879069821871815,-0.2212221711753322,-0.22499913935708268,0.2888334568271217,0.4801882872767396,fezouata trophic species
-1.0,0.0,0.18518518533058992,1.8000000254400002,-0.9736842112603877,0.5454545431768595,0.80000000424,0.2156862747481737,-1.0,-0.45177008185504985,0.7834417889479601,-0.14151064638666433,-0.11357009847067846,-0.24160042665640205,-0.1483113668716442,0.4202675710286981,0.30703463361038263,fezouata trophic species
-1.0,0.09999999682000006,0.17283950665752176,4.60000002968,-0.9210526309916897,0.5272727255206612,5.4000000339200005,0.10516934056964097,0.25353494519486386,-0.47096687551749783,0.9265721669296095,-0.052849058646543656,-0.4030334157134924,-0.2596958273594166,-0.15817602191606966,0.3419104209579774,1.1578198708942138,fezouata trophic species
-1.0,0.0,0.18518518533058992,2.40000001272,-0.8947368422520776,0.5636363627603306,2.60000002968,-1.0,-1.0,-1.0,0.5274531409687621,-0.08042013589447039,-0.34051428297340813,-0.28743092257556124,-0.28993574394413013,0.3039526636343461,0.5156451848071677,fezouata trophic species
-1.0,0.7999999957599999,0.08641975332876095,2.2000000169600002,-0.8684210535124653,0.45454545296859494,1.8000000254400002,-1.0,-1.0,-1.0,0.2818195538083569,-0.08402025855508843,-0.4008577160884105,-0.18080722711477965,-0.16881734181890168,0.3121095033489709,0.5448192801835263,fezouata trophic species
-0.6634920608897354,-0.19238095746895242,0.1466196358538028,2.432380977740191,-0.9203007506758212,0.7070129860118064,2.432380977740191,0.26244343920832214,0.16455820009348954,-0.2811858752859332,0.7630792115185983,-0.1220408828614173,-0.19599440899793252,-0.34898434221314484,-0.20564425265697683,0.26803514384780924,0.7138790636480786,fezouata trophic species
-1.0,-0.10000000742000001,0.19753086531230002,2.80000002544,-0.8421052619833795,0.4727272706247933,4.20000003816,0.09411764727335635,-0.1235209725062921,-0.4919945836929878,0.7040601312359804,-0.04644635597181477,-0.4500081611590481,-0.2663402580797353,-0.34247270620723086,0.41679735660503037,0.7049364701674065,fezouata trophic species
-0.5961904773076826,-0.0914285718525714,0.12169312208779158,2.2304762043672377,-0.9734335826287824,0.5785281370013381,1.8266666788213333,0.22890025573115672,0.4854399962768712,-0.15531001533709496,0.6404654312437976,-0.10532746771103815,-0.27411577304505585,-0.3154858179639846,-0.2856006389767701,0.3276105626679563,0.35882568254910774,fezouata trophic species
-1.0,-0.39999999787999996,0.23456790133150432,2.2000000169600002,-0.8684210535124653,0.5999999980727273,2.0000000212,-1.0,-1.0,-1.0,0.6666729308070152,-0.11778154506493163,-0.28792789257573753,-0.21482725755099244,-0.2110403922032492,0.3589259214892305,0.6816875632787406,fezouata trophic species
-1.0,0.0,0.18518518533058992,1.6000000084800001,-0.8684210535124653,0.6363636353123968,1.2000000169600002,-1.0,-1.0,-1.0,0.6432411443892246,-0.1454484413266368,-0.3762177045062442,-0.2279049045092918,-0.19423770481998043,0.36811563873718744,0.4422059544590091,fezouata trophic species
-1.0,0.29999999046000003,0.14814814931138545,3.0000000212,-0.8947368422520776,0.5272727255206612,3.40000003392,0.26244343920832214,0.025964400809839635,-0.43411074372481145,0.7649328456177968,-0.07329488817433011,-0.49711098127570924,-0.22217960585658827,-0.1713499760313103,0.3865333136806496,0.7817196787456354,fezouata trophic species
-1.0,0.39999999788,0.13580246932967535,3.0000000212,-0.8947368422520776,0.45454545296859494,1.6000000084800001,0.1751633987206202,-0.46326840211890485,-0.40253927035666687,0.4215030365996873,-0.146421136494962,-0.3748866560670874,-0.2173254054747835,-0.17292067049670345,0.44127519389361974,0.3949062714696959,fezouata trophic species
-0.5999999971733333,0.09999999682000006,0.09876543331047105,3.60000002968,-0.8684210535124653,0.49090909020826434,4.20000003816,0.1631566209535601,0.5830465203968105,-0.030479273407208962,0.6291692529879407,-0.1019517326386064,-0.30473517544034306,-0.1412741295757033,-0.10603531582631139,0.34248845108997156,0.8520900750272137,fezouata trophic species
-1.0,0.19999999364000012,0.1604938279844536,4.0000000424,-0.8947368422520776,0.5636363627603306,4.4000000339200005,-1.0,-1.0,-1.0,0.6717352897695877,-0.0896119843179481,-0.3417818055152904,-0.23117036973000551,-0.1615060026898037,0.37132570094087014,0.9006363796733748,fezouata trophic species
-1.0,0.29999999046000003,0.14814814931138545,1.8000000254400002,-0.8947368422520776,0.45454545296859494,-0.1999999957599999,-1.0,-1.0,-1.0,0.08752101731137565,-0.07467583175560717,-0.35236184794105213,-0.16005747176739774,-0.14141133008054504,0.38364008867525384,0.7072454230096316,fezouata trophic species
-0.33333333097777773,0.09999999682000006,0.04938271600091455,1.6000000084800001,-0.8421052619833795,0.49090909020826434,3.0000000212,0.2156862747481737,0.4095262298252884,-0.012192270708868644,0.6717383738523449,-0.1017096088506877,-0.4226060053027706,-0.1816847574096459,-0.13099356633191508,0.37835239570498813,0.7753756869967503,fezouata trophic species
-1.0,0.5999999915200002,0.11111111198353919,2.2000000169600002,-0.9736842112603877,0.5636363627603306,1.4000000127200003,-1.0,-1.0,-1.0,0.5990106078243934,-0.016112319537910987,-0.41146008559820046,-0.17267864546795697,-0.12213062821366381,0.3249032415111076,0.9445726186012171,fezouata trophic species
-1.0,0.29999999046000003,0.14814814931138545,1.0000000212000002,-0.763157895764543,0.4727272706247933,0.2000000169600002,0.02865761690757984,-0.001399582508745033,-0.43411074372481145,0.3526550581969932,-0.04997540297618403,-0.43781132160458835,-0.19361323390297325,-0.23568658462990186,0.25167239283930953,0.5116144208116173,fezouata trophic species
-1.0,-0.39428571810171426,0.2338624346891633,2.2304762043672377,-0.840601504141116,0.5051082238317197,2.634285729913143,-1.0,-1.0,-1.0,0.893275412032541,-0.14891087440604647,-0.4539356638883837,-0.17664941507861487,-0.13734296571399768,0.4191376249701469,0.7742496541147335,fezouata trophic species
-1.0,0.09999999682000006,0.17283950665752176,3.40000003392,-0.9473684197313019,0.5636363627603306,3.0000000212,-1.0,-1.0,-1.0,1.0344811697738499,-0.11228295699904921,-0.48044554873516065,-0.23039674364503157,-0.16136559699788047,0.39067514538140496,0.7325874155040549,fezouata trophic species
-1.0,0.09999999682000006,0.17283950665752176,3.2000000381600007,-0.8421052619833795,0.5454545431768595,4.0000000424,-1.0,-1.0,-1.0,0.5527806971802867,-0.12329679604887994,-0.347947938805227,-0.2140813194583887,-0.16013223186256312,0.3653754379648084,0.942134834766246,fezouata trophic species
-0.9326984093512805,0.11047618878019054,0.15908289339112947,1.4228571532754288,-0.8937343360940774,0.4683982672469107,1.2209524011024764,-0.39215686262591315,-1.0,-1.0,0.42053280218019007,-0.03723691101362805,-0.32259486327091225,-0.22223192915405332,-0.23213788191660614,0.2274370472442887,0.4591182797076232,fezouata trophic species
-1.0,-0.20000000423999992,0.20987654398536817,1.8000000254400002,-0.8684210535124653,0.5272727255206612,2.0000000212,-1.0,-1.0,-1.0,0.9015888902737553,-0.07337861546851224,-0.483252747632356,-0.14844650296135245,-0.11238445740550725,0.48771005863095107,0.6703248416614727,fezouata trophic species
-0.8666666633688889,-0.20000000423999992,0.18518518533058992,3.2000000381600007,-0.9736842112603877,0.6727272706247933,2.80000002544,0.6064425774326357,0.03364963417146225,-0.4177607499306818,1.1914542286290772,-0.142714658289879,-0.3517753186243883,-0.22722198005869756,-0.15124096169967827,0.4616971786237886,0.6432330184164589,fezouata trophic species
-1.0,0.32499999496500004,0.1450617289887975,2.873076955936923,-0.9195344125178457,0.4639860133963764,4.096153872653846,-1.0,-1.0,-1.0,0.7761878572507345,-0.13742562941307335,-0.5041248389578687,-0.08716609096711425,-0.05026653493322294,0.4156436259979819,1.0805639770340414,fezouata trophic species
-1.0,-0.39428571810171426,0.2338624346891633,2.0285714521942855,-1.0,0.6152380935861471,2.8361905032860952,-1.0,-1.0,-1.0,1.193867473205284,-0.08165149194443463,-0.39431064251638487,-0.274073348945364,-0.256311010972296,0.3549306646800104,0.6524464614312866,fezouata trophic species
-1.0,0.19999999364000012,0.1604938279844536,2.80000002544,-0.9210526309916897,0.5999999980727273,2.2000000169600002,-1.0,-1.0,-1.0,0.7047392406651051,-0.09423186674330097,-0.42584648738664255,-0.19510910708922435,-0.19072818650340959,0.4397129153114869,0.6545183341709371,fezouata trophic species
-1.0,0.00952380316380952,0.1840094071571407,2.0285714521942855,-0.9734335826287824,0.6703030294269972,2.0285714521942855,-1.0,-1.0,-1.0,0.9555915343182027,-0.057088631954848486,-0.4345604826095436,-0.2196070709520083,-0.2621051489139671,0.27215157365385295,0.69707366638824,fezouata trophic species
-1.0,0.6999999883400001,0.09876543331047105,3.2000000381600007,-0.9210526309916897,0.5454545431768595,3.80000002544,-1.0,-1.0,-1.0,0.4452559102543632,-0.02926857097568998,-0.6218844041070952,-0.2284224033019102,-0.21547924066475008,0.34833756594302306,0.8536777785908696,fezouata trophic species
-1.0,0.19999999364000012,0.1604938279844536,2.40000001272,-0.9210526309916897,0.5999999980727273,2.40000001272,0.2663398693267333,0.07040924012487719,-0.45177008185504985,0.615558475970142,-0.08834952574803587,-0.33293940381568976,-0.30219495208374514,-0.2368540835907469,0.3607949346375545,0.6381389649298121,fezouata trophic species
-1.0,-0.20000000423999992,0.20987654398536817,3.2000000381600007,-0.8947368422520776,0.5999999980727273,4.4000000339200005,-1.0,-1.0,-1.0,0.8300176844834417,-0.12552975289404605,-0.4224261598056886,-0.1817055575536354,-0.1398939318463257,0.4023515910220545,0.8891364941416128,fezouata trophic species
-1.0,0.0,0.18518518533058992,2.2000000169600002,-0.8684210535124653,0.6181818176561984,4.0000000424,-1.0,-1.0,-1.0,0.5376858824092625,-0.10900725857245473,-0.4479103031264011,-0.2813266972366275,-0.22441414027158507,0.541285427501465,0.6620290059501872,fezouata trophic species
-0.7999999985866667,0.0,0.14814814931138545,3.2000000381600007,-0.9210526309916897,0.5636363627603306,4.800000046640001,0.28862745123306416,0.24725152276470694,-0.28983890375572663,0.7368241801443224,-0.11800279836867324,-0.34497256252629865,-0.2427518866368307,-0.2072288093642152,0.45456630687427924,0.7133616298270548,fezouata trophic species
-0.8666666633688889,-0.10000000742000001,0.17283950665752176,2.0000000212,-0.9210526309916897,0.5454545431768595,4.800000046640001,0.013071895826092523,0.008343092019799814,-0.362314768518729,0.8810671140390443,-0.06355566610091082,-0.504645300059911,-0.1743061346127918,-0.1884161905106189,0.3016947673748931,0.8059426107222877,fezouata trophic species
-1.0,0.19999999364000012,0.1604938279844536,4.0000000424,-0.8421052619833795,0.5090909078644628,5.0000000424,-1.0,-1.0,-1.0,0.5543612891819167,-0.09707435320680961,-0.4959915538680009,-0.21233898186343408,-0.17433955354500685,0.32285322434862057,1.019031770177119,fezouata trophic species
-0.9333333352177778,-0.20000000423999992,0.19753086531230002,2.2000000169600002,-0.8947368422520776,0.6181818176561984,2.40000001272,0.5533769068928188,0.09559878592619918,-0.5152396369576072,0.5541509969393966,-0.13712701301054175,-0.34092790267406914,-0.22240769623560583,-0.17649717158623662,0.41010285226474885,0.6744475044149497,fezouata trophic species
-1.0,0.39999999788,0.13580246932967535,2.0000000212,-0.8684210535124653,0.4181818176561984,3.0000000212,0.172268908053386,-0.013359298587817566,-0.4177607499306818,0.5184190847660957,-0.043592320091638784,-0.40932548181221473,-0.1658063203582707,-0.16273508698355602,0.44859957055634353,0.6551376678334437,fezouata trophic species
-0.8666666633688889,0.29999999046000003,0.12345679065660721,1.6000000084800001,-0.9210526309916897,0.5454545431768595,1.6000000084800001,0.08905228799785338,0.36783024971632267,-0.2988452134161717,0.4388140066881827,-0.11492357339923044,-0.33580062981690334,-0.13130113833030713,-0.09843235565474748,0.3195769180183724,0.584966338860909,fezouata trophic species
-1.0,-0.10000000742000001,0.19753086531230002,2.40000001272,-0.9473684197313019,0.6363636353123968,2.2000000169600002,-1.0,-1.0,-1.0,0.8784028502992478,-0.1048062428765648,-0.08869047748310147,-0.2616047739740973,-0.17229369551825524,0.38277669946602394,0.569410927187048,fezouata trophic species
-1.0,0.21142856379657146,0.15908289339112947,0.8171428755565716,-0.9203007506758212,0.541818180416529,2.0285714521942855,-0.08823529393886972,0.08559310762655409,-0.45177008185504985,0.4219173690097865,-0.07047014042704072,-0.45752904524915045,-0.10694487053015041,-0.14796498159940105,0.2676907292776816,0.5180207536996395,fezouata trophic species
-1.0,0.09999999682000006,0.17283950665752176,1.8000000254400002,-0.9210526309916897,0.5999999980727273,1.6000000084800001,0.2156862747481737,-0.07035360439195171,-0.47096687551749783,0.8345865149332062,-0.1270738063490396,-0.39983424457027433,-0.284645716629199,-0.27402697903925416,0.3979106736155168,0.4354915755778019,fezouata trophic species
-0.8666666633688889,0.5999999915200002,0.08641975332876095,2.60000002968,-0.9210526309916897,0.49090909020826434,2.2000000169600002,0.030690537339350957,0.31990482822310523,-0.3082348837759732,0.31390975243429753,-0.033210952213053466,-0.31565408291051555,-0.14210466095859578,-0.11298456669586875,0.2575844616217661,0.9042769239462235,fezouata trophic species
-1.0,0.49999999469999995,0.12345679065660721,1.8000000254400002,-0.8421052619833795,0.4727272706247933,3.80000002544,0.2156862747481737,-0.2409468949799105,-0.3883005267524926,0.3643753615866461,-0.08493092483760173,-0.2078697357964088,-0.24822950930844898,-0.1679101498810974,0.45418715096740725,0.4877289110392732,fezouata trophic species
-0.13333333663111108,-0.30000000105999997,0.06172839598262465,2.40000001272,-0.8421052619833795,0.6181818176561984,6.80000004664,0.3181317474349276,0.4097376784546952,-0.009699317949235581,0.6682623616795926,-0.07317148720578923,-0.2528104557407275,-0.2779367800729448,-0.2043976771762859,0.7741502547211205,0.7955773039511173,fezouata trophic species
-1.0,-0.69999999894,0.2716049386593507,3.2000000381600007,-0.9473684197313019,0.6363636353123968,2.40000001272,-1.0,-1.0,-1.0,0.9672679876285601,-0.13479411766252783,-0.3913007287075562,-0.18739207401196356,-0.18355812664034776,0.3229225489878038,0.6751571948702139,fezouata trophic species
-1.0,0.09999999682000006,0.17283950665752176,2.40000001272,-0.8947368422520776,0.581818180416529,3.2000000381600007,-1.0,-1.0,-1.0,0.5389059279433959,-0.08716451709571219,-0.4633294326649047,-0.18048657913878777,-0.19409127934854942,0.31679707607486496,0.7326827018529812,fezouata trophic species
-1.0,-0.5000000053,0.24691358131321456,1.8000000254400002,-1.0,0.7454545431768596,2.40000001272,0.8235294121222605,0.469900015599167,-0.6449194521318661,-0.7714102971658645,-0.12733479498106917,-0.30740387181751266,-0.3495664804710056,-0.2772973515162311,0.43411234987676606,0.4408270314018722,fezouata trophic species
-0.7333333338044444,0.09999999682000006,0.12345679065660721,2.2000000169600002,-0.9736842112603877,0.5636363627603306,1.4000000127200003,0.0021197672357097385,0.22160160811132235,-0.20334503034600585,0.5226783721062966,-0.11834448066991654,-0.19599648907576195,-0.16135985417170357,-0.17678828523321224,0.35591958632021153,0.39131585486761944,fezouata trophic species
-0.798095235120508,0.4133333244293334,0.09676660832178022,2.432380977740191,-0.8937343360940774,0.5234632011604881,1.8266666788213333,0.1700980394451172,0.27948215679996713,-0.18614484732323686,0.5434131557115991,-0.12682351656110227,-0.4187339896220684,-0.20642596373006922,-0.1904669550025012,0.33133793591058414,0.7953294931906738,fezouata trophic species
-1.0,0.09999999682000006,0.17283950665752176,1.8000000254400002,-0.9210526309916897,0.581818180416529,0.40000001272000013,0.10516934056964097,-0.15910319588849517,-0.47096687551749783,0.648319152871223,-0.14293356748606498,-0.38041948689312877,-0.25789762083605644,-0.22491951767444449,0.34912415433404914,0.44240463923449364,fezouata trophic species
-0.6666666690222222,0.39999999788,0.0740740746556928,1.4000000127200003,-0.8684210535124653,0.5090909078644628,1.6000000084800001,0.08543417405596737,0.10099236091494482,-0.11191101356093072,0.4222775045678842,-0.11660178454605606,-0.4177282159278406,-0.24246413225709412,-0.21375925205503993,0.31506309129205295,0.5654729453258901,fezouata trophic species
-1.0,0.0,0.18518518533058992,2.0000000212,-0.9736842112603877,0.581818180416529,2.0000000212,0.3169934645131358,0.20016833696477196,-0.45177008185504985,0.9558635164422764,-0.12441796142833049,-0.2700429051406776,-0.11862682767828135,-0.08792725912567,0.5524565441871577,0.6119834379216889,fezouata trophic species
-1.0,-0.20000000423999992,0.20987654398536817,3.40000003392,-0.9473684197313019,0.6181818176561984,4.4000000339200005,-1.0,-1.0,-1.0,0.6958547155855899,-0.05404580922678322,-0.41287214494529684,-0.27242488148413074,-0.26315282043624166,0.38657966013174533,0.7681673626437537,fezouata trophic species
-1.0,0.19999999364000012,0.1604938279844536,2.40000001272,-0.8684210535124653,0.5090909078644628,2.0000000212,-1.0,-1.0,-1.0,0.49789038806027397,-0.08579741293418956,-0.49532626076818137,-0.20536287132546147,-0.22266144846256333,0.32121126178582377,0.6554903440563614,fezouata trophic species
-1.0,-0.10000000742000001,0.19753086531230002,3.60000002968,-0.8947368422520776,0.6363636353123968,3.60000002968,-1.0,-1.0,-1.0,0.7249710037093491,-0.074587033740304,-0.5247741743138493,-0.20148835045018587,-0.1817704097639772,0.3149840109253479,0.9974767100555421,fezouata trophic species
-1.0,0.09999999682000006,0.17283950665752176,2.40000001272,-0.763157895764543,0.5272727255206612,6.20000005936,-1.0,-1.0,-1.0,0.3878192889581228,-0.0787200564764084,-0.41542062014653225,-0.23206909660247144,-0.2549487591721279,0.5273081719637518,0.7261148569866345,fezouata trophic species
-0.7333333338044444,0.0,0.13580246932967535,0.80000000424,-0.9473684197313019,0.5636363627603306,-0.1999999957599999,0.11711711743472877,0.3430373049542093,-0.20334503034600585,0.5849680304281676,-0.09047798799080603,-0.35889063559235723,-0.28913358117501475,-0.3027111676376325,0.2898371157445285,0.4046157579754183,fezouata trophic species
-1.0,0.09999999682000006,0.17283950665752176,1.8000000254400002,-0.9473684197313019,0.5999999980727273,1.2000000169600002,0.27094474183744,-0.3732325263631918,-0.47096687551749783,0.6492974397164517,-0.08035513252113233,-0.3515945555132144,-0.23903126514943393,-0.259101027704935,0.28384260855908977,0.4435949732471803,fezouata trophic species
-1.0,0.0,0.18518518533058992,1.8000000254400002,-0.9210526309916897,0.6363636353123968,4.20000003816,0.03333333353594762,0.004132873937060278,-0.4919945836929878,0.6219245389880457,-0.0715040717878019,-0.41207972682486615,-0.21258718345312608,-0.19750758960614617,0.4449214184473821,0.7077982194947902,fezouata trophic species
-1.0,0.21142856379657146,0.15908289339112947,3.4419048022049528,-0.8671679187228598,0.5785281370013381,6.470476233199239,-1.0,-1.0,-1.0,0.41006812151032856,-0.04706361875442759,-0.5973246322709009,-0.21722331713869375,-0.19921755510234967,0.3364188336679533,1.1816115100861637,fezouata trophic species
0.33333333097777784,0.49999999469999995,-0.12345678934796527,0.40000001272000013,-0.9210526309916897,0.5090909078644628,0.0,0.18512432905590667,0.8206842928653756,0.14446154189166915,0.40824547713680015,-0.11119807432784819,-0.03527428934856063,-0.11046393744932125,-0.04075783342486843,0.3854124958377908,0.11311930625417428,fezouata trophic species
-1.0,0.19999999364000012,0.1604938279844536,2.0000000212,-0.8947368422520776,0.49090909020826434,2.2000000169600002,-1.0,-1.0,-1.0,0.5714611234090955,-0.11215406883080392,-0.3503083603254706,-0.2204584485067625,-0.08111125293918897,0.38484527833592097,0.8447384386172689,fezouata trophic species
-1.0,-0.10000000742000001,0.19753086531230002,2.40000001272,-0.9736842112603877,0.7090909078644627,3.80000002544,-1.0,-1.0,-1.0,0.7022479594992985,-0.12001408794800136,-0.46401853338819765,-0.28218811926094334,-0.2431735302183284,0.37784710992037845,0.7667846615747689,fezouata trophic species
-1.0,0.0,0.18518518533058992,2.60000002968,-0.8157894732437673,0.5090909078644628,3.60000002968,-1.0,-1.0,-1.0,0.5214651939829008,-0.07761435616725514,-0.5249278598002097,-0.1603529335885968,-0.11174662843291125,0.3594435092809359,0.8069000882761255,fezouata trophic species
-0.7999999985866667,0.29999999046000003,0.11111111198353919,2.0000000212,-0.8684210535124653,0.5272727255206612,2.2000000169600002,0.042016806753336605,0.07796410867858804,-0.21560507050142597,0.5633500988714443,-0.07557332171266641,-0.3261998463859091,-0.15048453103209775,-0.1288997224850448,0.3113945700249666,0.7497879502118295,fezouata trophic species
-1.0,-0.10000000742000001,0.19753086531230002,2.0000000212,-0.8947368422520776,0.5454545431768595,0.6000000084800001,0.48583877997761543,0.09559878592619918,-0.5152396369576072,0.6963916701060312,-0.13120496185185776,-0.23271730436357146,-0.2598324202672939,-0.23075952646732925,0.34420061634597343,0.32824550817658754,fezouata trophic species
-1.0,0.5999999915200002,0.11111111198353919,3.0000000212,-0.8947368422520776,0.49090909020826434,4.20000003816,-1.0,-1.0,-1.0,0.35302767775025723,-0.055498249975866214,-0.5477159201964892,-0.18176594463738124,-0.1586042637099882,0.33337122918900486,1.0052873985668889,fezouata trophic species
-1.0,0.39999999788,0.13580246932967535,3.0000000212,-0.763157895764543,0.38181818041652893,4.0000000424,-1.0,-1.0,-1.0,0.6105982792026677,-0.07079300443918103,-0.4016851248250014,-0.2049302286274352,-0.15271971905790846,0.5481322221788643,0.8786514385919824,fezouata trophic species
-0.8666666633688889,0.19999999364000012,0.13580246932967535,3.2000000381600007,-0.9736842112603877,0.6181818176561984,5.60000005088,-0.040247678086323194,0.054462345716623645,-0.3503862445699041,0.5671964144504871,-0.08761243163356203,-0.5397359773458151,-0.1285401192884769,-0.06344115408138787,0.37870965653694283,0.9143919670098009,fezouata trophic species
-1.0,-0.10000000742000001,0.19753086531230002,3.0000000212,-0.9736842112603877,0.5636363627603306,6.80000004664,-1.0,-1.0,-1.0,0.6002944121833013,-0.09489994494606092,-0.3174038036486254,-0.15656523018918317,-0.04391096962859482,0.8966611152452756,0.8405393835177503,fezouata trophic species
-1.0,0.09999999682000006,0.17283950665752176,2.60000002968,-0.8947368422520776,0.5636363627603306,1.8000000254400002,0.10516934056964097,-0.15910319588849517,-0.47096687551749783,0.5980128490562899,-0.14975936333002,-0.3823422820058812,-0.22809144953682325,-0.19651510760630908,0.37115856000438596,0.4115631234557573,fezouata trophic species
-1.0,-0.5000000053,0.24691358131321456,3.2000000381600007,-0.9210526309916897,0.7090909078644627,2.40000001272,-1.0,-1.0,-1.0,1.370922787426885,-0.14461890909854638,-0.4903932749605524,-0.2706124671959168,-0.2057124406994862,0.42451450556460807,0.6381844627614306,fezouata trophic species
-1.0,0.19999999364000012,0.1604938279844536,2.60000002968,-0.8684210535124653,0.5272727255206612,4.0000000424,-1.0,-1.0,-1.0,0.5174226200129765,-0.09536401910459477,-0.4568124641577018,-0.16119225184079677,-0.12906978043511072,0.35676685063393965,0.7921387176790494,fezouata trophic species
-1.0,0.39999999788,0.13580246932967535,2.0000000212,-0.8421052619833795,0.5272727255206612,2.0000000212,-0.04481792724408201,0.06754875190751783,-0.4177607499306818,0.39229250914053454,-0.09010008840997294,-0.09182365592607464,-0.20128795103307875,-0.08319982414230599,0.4737387336196565,0.46494545284409433,fezouata trophic species
-1.0,0.0,0.18518518533058992,2.60000002968,-0.8684210535124653,0.5636363627603306,3.80000002544,-1.0,-1.0,-1.0,0.340429286887999,-0.06939924061534779,-0.3882238817012462,-0.2405419800973609,-0.2642294594790554,0.26248110525456264,0.7019139778724605,fezouata trophic species
-1.0,-0.20000000423999992,0.20987654398536817,1.8000000254400002,-0.9210526309916897,0.6181818176561984,2.60000002968,-1.0,-1.0,-1.0,0.8027476493085646,-0.0899433880284129,-0.5336534522007119,-0.2140968902421717,-0.23263623952748638,0.3129314906536342,0.815231030314625,fezouata trophic species
-1.0,0.39999999788,0.13580246932967535,2.40000001272,-0.8947368422520776,0.5272727255206612,1.6000000084800001,0.09411764727335635,-0.13931467948251977,-0.40253927035666687,0.3485441926479623,-0.06849872332453724,-0.49842075754379644,-0.2448399098855625,-0.22720291068326207,0.3143779509037689,0.6337302183417945,fezouata trophic species
-1.0,0.19999999364000012,0.1604938279844536,2.80000002544,-0.9473684197313019,0.6181818176561984,1.8000000254400002,-1.0,-1.0,-1.0,0.667083651409874,-0.1283673586311953,-0.42317401986726966,-0.23904156054513825,-0.21037069748020906,0.39163928570063256,0.5220508709374205,fezouata trophic species
-1.0,0.5142857100457142,0.12169312208779158,3.0380952554590475,-0.8937343360940774,0.4500432879908697,1.624761926648381,-1.0,-1.0,-1.0,0.46378707271848857,-0.15652293022745364,-0.3618590279356031,-0.19047629483431588,-0.14510976536727085,0.353315890185032,0.5009125830998944,fezouata trophic species
-1.0,0.29999999046000003,0.14814814931138545,2.2000000169600002,-0.8684210535124653,0.5454545431768595,1.6000000084800001,0.12885154075075508,-0.2451290374308725,-0.4177607499306818,0.3756076444592497,-0.12067347168849171,-0.29958424598845723,-0.17665508393076368,-0.1832655466368254,0.32338040829174364,0.4947002617681084,fezouata trophic species
-1.0,0.11047618878019054,0.17154614961981404,2.2304762043672377,-0.9734335826287824,0.5601731596725698,1.4228571532754288,-1.0,-1.0,-1.0,0.5960477363476898,-0.05436583715817734,-0.3873775142794883,-0.18583785381605053,-0.1920302043832549,0.3769705190648574,0.6856987549644771,fezouata trophic species
-1.0,0.21142856379657146,0.15908289339112947,2.2304762043672377,-0.8671679187228598,0.5785281370013381,4.249523853296762,-1.0,-1.0,-1.0,0.43500937270560036,-0.053203101931482456,-0.4516313358201011,-0.20414484613300246,-0.21276198838637403,0.2701156215445968,0.8677855610255311,fezouata trophic species
-1.0,0.09999999682000006,0.17283950665752176,2.60000002968,-0.8947368422520776,0.5454545431768595,3.80000002544,-1.0,-1.0,-1.0,0.5950686433138503,-0.0959374484599888,-0.42769726695553417,-0.0924593363755115,-0.08192471300196259,0.3618293693869746,0.8498690496924658,fezouata trophic species
-1.0,0.09999999682000006,0.17283950665752176,2.40000001272,-0.789473684504155,0.5090909078644628,3.80000002544,-1.0,-1.0,-1.0,0.5171568891412021,-0.1187977490336646,-0.2716428167970949,-0.13129812424705362,-0.03539325256445524,0.4645552452360518,0.9308541251890523,fezouata trophic species
-1.0,0.39999999788,0.13580246932967535,2.60000002968,-0.8947368422520776,0.5090909078644628,3.0000000212,-1.0,-1.0,-1.0,0.4513954642990485,-0.06411227148307688,-0.5162574455258909,-0.20545743336203792,-0.1878336068903847,0.2864255705933266,0.7770143266783903,fezouata trophic species
-1.0,-0.30000000105999997,0.2222222226584363,4.0000000424,-0.8947368422520776,0.581818180416529,9.20000005936,-1.0,-1.0,-1.0,1.2442692614234294,-0.12807499569863176,-0.44132221380628484,-0.3060186923376642,-0.18581025817555136,1.1347678178208518,1.0227936998410758,fezouata trophic species
-1.0,-0.5000000053,0.24691358131321456,3.60000002968,-0.8421052619833795,0.5636363627603306,3.60000002968,-1.0,-1.0,-1.0,0.9775171897129461,-0.07262865329823089,-0.5713778970321154,-0.29920915666970604,-0.2758757902736077,0.42691768777237865,0.8724156446855417,fezouata trophic species
-1.0,0.19999999364000012,0.1604938279844536,1.8000000254400002,-0.8684210535124653,0.5454545431768595,1.4000000127200003,-1.0,-1.0,-1.0,0.42959191110525735,-0.06687182334577971,-0.4439579287073759,-0.19896091989096334,-0.22590649221643405,0.29468508635288576,0.6045174200340412,fezouata trophic species
-1.0,0.29999999046000003,0.14814814931138545,2.80000002544,-0.9473684197313019,0.5454545431768595,2.80000002544,0.0754147813677283,-0.08840670750166764,-0.43411074372481145,0.9824461055396803,-0.10990211125123381,-0.31056106383225907,-0.23707571605638966,-0.21035405359447787,0.29516593695019694,0.7242189339094167,fezouata trophic species
-1.0,0.29999999046000003,0.14814814931138545,3.40000003392,-1.0,0.5636363627603306,3.60000002968,-1.0,-1.0,-1.0,0.8703502045113561,-0.08235105894788287,-0.4275200713265782,-0.17757328207800124,-0.10266482387411707,0.39889778749743754,0.8830734121651127,fezouata trophic species
-1.0,-0.20000000423999992,0.20987654398536817,2.40000001272,-0.8684210535124653,0.5636363627603306,3.0000000212,0.5196078434352172,0.11113997020162293,-0.5412253951913708,0.771292350949465,-0.08336610910736818,-0.4106875986965752,-0.1641647882580605,-0.15478452149169236,0.3901930837016807,0.651090853203007,fezouata trophic species
-1.0,-0.20000000423999992,0.20987654398536817,2.60000002968,-0.9473684197313019,0.5454545431768595,1.6000000084800001,-1.0,-1.0,-1.0,0.6537465388178928,-0.09083819037745383,-0.3293174208126899,-0.17411679227843785,-0.12547295396894154,0.33451589171048707,0.8621610399713495,fezouata trophic species
-1.0,0.4133333244293334,0.1341563796251181,1.624761926648381,-0.8140350867698984,0.4316883106621016,2.2304762043672377,-1.0,-1.0,-1.0,0.3429127472016395,-0.07580285425833756,-0.392819217559434,-0.1787786481207956,-0.14476077579325466,0.34539070486508167,0.8907802408434438,fezouata trophic species
-1.0,-0.30000000105999997,0.2222222226584363,1.8000000254400002,-0.8684210535124653,0.581818180416529,2.40000001272,-1.0,-1.0,-1.0,0.8119609636054431,-0.10054141662213131,-0.46178894853459307,-0.1481015893880145,-0.12004708334580941,0.360986881563782,0.8662862660940345,fezouata trophic species
-1.0,0.31238094941295247,0.1466196358538028,2.0285714521942855,-0.9203007506758212,0.5785281370013381,5.057142904388572,-1.0,-1.0,-1.0,0.32395944011298383,-0.0557656292264004,-0.4496419576219771,-0.2264433933569008,-0.23989029386992106,0.4783999184709496,0.6042666397089613,fezouata trophic species
-1.0,-0.08269230628576925,0.1953941120766241,2.057692323592308,-0.9731781365761241,0.7048951040864591,1.65000001802,-1.0,-1.0,-1.0,0.6686015095979632,-0.0655508816201098,-0.32035160802682033,-0.28074881581457356,-0.29742404915542414,0.28721659396660737,0.6838907909438957,fezouata trophic species
-1.0,-0.10000000742000001,0.19753086531230002,3.40000003392,-1.0,0.6181818176561984,3.80000002544,-1.0,-1.0,-1.0,1.0143484445325166,-0.06567520110637236,-0.5156687285806187,-0.21544950241813596,-0.17715939330967503,0.4406597474051656,0.9379290636394028,fezouata trophic species
-1.0,0.0,0.18518518533058992,2.40000001272,-0.8947368422520776,0.49090909020826434,3.60000002968,-1.0,-1.0,-1.0,0.8714605833038584,-0.12824212817667174,-0.4848518766852335,-0.1021752649234044,-0.050512482171267706,0.36031686004773494,0.9571777697807667,fezouata trophic species
-1.0,0.0,0.18518518533058992,2.60000002968,-0.8684210535124653,0.5090909078644628,2.40000001272,-1.0,-1.0,-1.0,0.6496503413770506,-0.0803568273750653,-0.3551237450772035,-0.22469960365681227,-0.18785002909847454,0.3474366154483108,0.7581490611340839,fezouata trophic species
-0.9333333352177778,-0.5000000053,0.23456790133150432,3.0000000212,-0.9210526309916897,0.4727272706247933,7.20000005936,-0.08823529393886972,0.469900015599167,-0.8470751315611218,0.897990701451001,-0.05769167029521011,-0.3195769678213035,-0.13309252678948,-0.07991843346552072,0.6798392801284202,1.0736997751380981,fezouata trophic species
-1.0,-0.39428571810171426,0.2338624346891633,2.0285714521942855,-0.9468671680470386,0.6886580067557654,1.8266666788213333,0.563025210130005,0.11113997020162293,-0.5706856183695599,0.6162531185149285,-0.11142745210957435,-0.29619259785242746,-0.24789232544812484,-0.28201343496229636,0.2992469416320358,0.39317350487074043,fezouata trophic species
-1.0,0.5999999915200002,0.11111111198353919,2.0000000212,-0.8947368422520776,0.5454545431768595,3.0000000212,-1.0,-1.0,-1.0,0.23745523970394247,-0.07439529127854053,-0.2585394591874073,-0.1661969069439048,-0.1388838584940973,0.2739541260529775,0.7224795419869701,fezouata trophic species
-0.533333332391111,0.29999999046000003,0.06172839598262465,1.4000000127200003,-0.8947368422520776,0.5272727255206612,0.6000000084800001,0.3923848609396832,0.4910622340447902,-0.01726430905447478,0.45461890374985203,-0.11208916360045519,-0.3298887236850447,-0.14838947591228785,-0.09652152230042998,0.34847397344694186,0.45235443174434775,fezouata trophic species
-0.798095235120508,0.6152380850620952,0.07184009455576898,2.8361905032860952,-0.9203007506758212,0.5051082238317197,0.8171428755565716,0.2421142373219832,0.3115390486981063,-0.15531001533709496,0.3891554655503191,-0.11903816915994613,-0.3650820433153256,-0.1607469440540254,-0.09610153184094293,0.4701482812997171,0.7564456352534471,fezouata trophic species
-1.0,0.00952380316380952,0.1840094071571407,3.0380952554590475,-0.9203007506758212,0.596883116257379,2.634285729913143,-1.0,-1.0,-1.0,0.6001885147847466,-0.10738333308122322,-0.4502775072106562,-0.252987806906299,-0.2390094109630152,0.3471512525165797,0.944400537654466,fezouata trophic species
-1.0,-0.20000000423999992,0.20987654398536817,1.4000000127200003,-0.8157894732437673,0.5090909078644628,3.2000000381600007,-1.0,-1.0,-1.0,0.7588263555891719,-0.08979700901790887,-0.43889273324444167,-0.19033380293492805,-0.17945186360739582,0.3307652642979108,0.7135115632638495,fezouata trophic species
-1.0,0.29999999046000003,0.14814814931138545,2.40000001272,-0.9210526309916897,0.5272727255206612,2.40000001272,-1.0,-1.0,-1.0,0.6914989147177354,-0.11406992316060721,-0.3168431780514654,-0.253010561007708,-0.13212762481003346,0.4643265680535219,0.6307971955194954,fezouata trophic species
-1.0,0.11047618878019054,0.17154614961981404,2.634285729913143,-0.760902254816937,0.41333333140606066,1.8266666788213333,0.16042780765890727,-0.3732325263631918,-0.47096687551749783,0.4308726354946153,-0.06639615573205745,-0.26431200239300945,-0.19532341434763,-0.18094410225033916,0.29161537248908326,0.5681846074143267,fezouata trophic species
-1.0,0.09999999682000006,0.17283950665752176,2.80000002544,-0.9210526309916897,0.5636363627603306,5.20000003816,-1.0,-1.0,-1.0,0.765322300116801,-0.11796170287921105,-0.465922646701831,-0.29249224392860557,-0.23973373362513442,0.5773601675245668,0.5717262095793941,fezouata trophic species
-1.0,0.11047618878019054,0.17154614961981404,2.8361905032860952,-0.8671679187228598,0.5785281370013381,2.432380977740191,-1.0,-1.0,-1.0,0.678357504411023,-0.10779402374471991,-0.4438493573402751,-0.286873749241752,-0.23508511407461632,0.33666022683037056,0.8734261721510488,fezouata trophic species
-0.3884615353630769,0.019230763726923138,0.06956315304841547,1.2423077124476927,-0.8927125518834433,0.612237761661602,0.22307693791692315,0.18451483197735574,0.5315067968109052,-0.03880569351073403,0.6019794512666279,-0.09171083254277686,-0.28438935524724546,-0.19142494264626436,-0.2349690124624789,0.2935546870056911,0.24796459020142095,fezouata trophic species
-1.0,-0.20000000423999992,0.20987654398536817,2.80000002544,-0.9736842112603877,0.5636363627603306,5.0000000424,-1.0,-1.0,-1.0,0.9176431192614221,-0.1140416240070757,-0.5099742809703549,-0.22458979154678915,-0.15949420748523122,0.4309330257310431,0.9369374656695849,fezouata trophic species
-1.0,0.29999999046000003,0.14814814931138545,1.2000000169600002,-0.9736842112603877,0.5636363627603306,1.0000000212000002,-1.0,-1.0,-1.0,0.686004383542805,-0.05470209768837598,-0.4345763749533559,-0.2431048714202998,-0.29863622847644544,0.34783528281022663,0.561623407589696,fezouata trophic species
-1.0,0.21142856379657146,0.15908289339112947,3.2400000288320006,-0.9468671680470386,0.541818180416529,2.8361905032860952,-0.0014005599414511109,0.03364963417146225,-0.4177607499306818,0.5655695665546719,-0.08206010524798815,-0.35349866882684766,-0.16428336051153,-0.09148412778645404,0.3395585706054814,0.9337638568443636,fezouata trophic species
-1.0,0.39999999788,0.13580246932967535,2.2000000169600002,-0.789473684504155,0.38181818041652893,1.2000000169600002,-1.0,-1.0,-1.0,0.5392968673101984,-0.0836508093372947,-0.28144399707719087,-0.16503218945147097,-0.08576210568668742,0.33256914341430643,0.7625087053990123,fezouata trophic species
-1.0,-0.20000000423999992,0.20987654398536817,3.0000000212,-0.8947368422520776,0.5636363627603306,2.40000001272,-1.0,-1.0,-1.0,0.5784058521589929,-0.09711055161274758,-0.36220577851158736,-0.1974550913213552,-0.1684988304574996,0.3183964873226063,0.7121805278871617,fezouata trophic species
-1.0,0.09999999682000006,0.17283950665752176,1.4000000127200003,-0.9736842112603877,0.581818180416529,3.2000000381600007,-1.0,-1.0,-1.0,0.6674698124638748,-0.06677453973662047,-0.38617573729989085,-0.16045769451082278,-0.11018324768762913,0.41836926834173577,0.8559779725976934,fezouata trophic species
-1.0,-0.10000000742000001,0.19753086531230002,1.8000000254400002,-0.9736842112603877,0.6363636353123968,0.6000000084800001,-1.0,-1.0,-1.0,1.1598169113910946,-0.06904997865553548,-0.3772253454650582,-0.2191250952834493,-0.2108290102567042,0.35113167414441454,0.5628434687979047,fezouata trophic species
-1.0,-0.20000000423999992,0.20987654398536817,1.6000000084800001,-0.8947368422520776,0.5636363627603306,1.0000000212000002,0.2764705884855824,0.533838298633677,-0.4919945836929878,0.5885521936256981,-0.11566824717227328,-0.2591825510604932,-0.15413068239158156,-0.10169927160257443,0.31823094445986005,0.6257057330075713,fezouata trophic species
-1.0,0.12115384433961547,0.1702279205327108,1.853846181406154,-0.9195344125178457,0.44545454414049585,3.8923077304676923,-1.0,-1.0,-1.0,0.3369124223413575,-0.06890975245552307,-0.41659842932064534,-0.20297211385170028,-0.20741141098467386,0.40283861112449076,0.7555886969835893,fezouata trophic species
-1.0,-0.30000000105999997,0.2222222226584363,1.8000000254400002,-0.9473684197313019,0.5999999980727273,1.4000000127200003,-1.0,-1.0,-1.0,0.9649193092997009,-0.09686060532527335,-0.27767568094213857,-0.264501958310023,-0.18086593871396467,0.3867546588422818,0.6989788728056354,fezouata trophic species
-1.0,-0.39999999787999996,0.23456790133150432,3.40000003392,-0.9210526309916897,0.6363636353123968,3.40000003392,-1.0,-1.0,-1.0,1.0676160226657985,-0.10075632712061948,-0.46642187224583476,-0.2179084761682517,-0.21559605821356664,0.34770650103974515,0.6873365467624559,fezouata trophic species
-0.5288888866589629,0.21142856379657146,0.07184009455576898,2.0285714521942855,-0.8937343360940774,0.541818180416529,2.432380977740191,0.20724400888377328,0.3732738644361614,-0.05646503214897801,0.5856182803616296,-0.13359286886193894,-0.28751725912542553,-0.15401258229499612,-0.06128574296423288,0.38641644923863594,0.5974201802715817,fezouata trophic species
-1.0,-0.30000000105999997,0.2222222226584363,2.60000002968,-0.9210526309916897,0.6363636353123968,4.20000003816,-1.0,-1.0,-1.0,0.8447512321530681,-0.1409818519595696,-0.3173235272896223,-0.2640785256407758,-0.1687327529150384,0.4417964234124536,0.6808085721464049,fezouata trophic species
-1.0,0.29999999046000003,0.14814814931138545,2.60000002968,-0.9473684197313019,0.49090909020826434,2.60000002968,-1.0,-1.0,-1.0,0.5596437384578753,-0.08092327473753114,-0.418691779373838,-0.19689581555311886,-0.15185862293307245,0.3556080906814662,0.7265241245143735,fezouata trophic species
-1.0,-0.10000000742000001,0.19753086531230002,1.2000000169600002,-0.8421052619833795,0.5636363627603306,0.80000000424,-1.0,-1.0,-1.0,0.7277383345498274,-0.07684261506102266,-0.3586020928708802,-0.29763779777281013,-0.2901432703417705,0.28040745308257675,0.49222815244762075,fezouata trophic species
-0.32698412884613753,0.11047618878019054,0.046913580789757756,1.624761926648381,-0.9468671680470386,0.633593072842188,2.634285729913143,0.2999417589019493,0.3156944563126779,0.01820611401191258,0.6182942753755618,-0.10761444472242947,-0.20633905022854548,-0.2891716625579144,-0.2377498747295543,0.409442662024331,0.5337651645570243,fezouata trophic species
-1.0,0.39999999788,0.13580246932967535,0.40000001272000013,-0.9473684197313019,0.5090909078644628,2.2000000169600002,-1.0,-1.0,-1.0,0.4467826254115117,-0.06546929711453044,-0.3467987655980637,-0.15449345923369925,-0.15832030121952012,0.362040903316353,0.49581374991558624,fezouata trophic species
-1.0,-0.2865384675111538,0.2205603049291795,2.4653846291646153,-0.8390688250356916,0.5010489499808646,3.8923077304676923,-1.0,-1.0,-1.0,0.7085781491806261,-0.07841157921992505,-0.3944711654863034,-0.23070129671340375,-0.2013628462246585,0.3154069885889155,0.8705935821343165,fezouata trophic species
-1.0,-0.20000000423999992,0.20987654398536817,3.2000000381600007,-0.8947368422520776,0.6181818176561984,4.800000046640001,-1.0,-1.0,-1.0,0.9312472460458237,-0.11123265966567762,-0.49107160458775834,-0.20952368111240907,-0.17838719679927692,0.3339152164187967,0.7480279764064657,fezouata trophic species
-0.8666666633688889,0.39999999788,0.11111111198353919,2.0000000212,-0.8421052619833795,0.49090909020826434,2.80000002544,0.05572755422661319,0.5247500320340963,-0.3503862445699041,0.438207274898195,-0.0682152222006226,-0.30047171153762586,-0.2174204946047369,-0.13595569718147785,0.3104352871406751,0.8599186795175016,fezouata trophic species
-0.32698412884613753,-0.0914285718525714,0.07184009455576898,1.0190476277295237,-0.9203007506758212,0.5601731596725698,1.624761926648381,0.2995267071959857,0.35137186577359336,-0.014713714444269707,0.7238928630009015,-0.09129177456030882,-0.23860366604129402,-0.24785119880180012,-0.2100751043028196,0.3910741226447403,0.27353155186482264,fezouata trophic species
-0.5999999971733333,0.09999999682000006,0.09876543331047105,2.40000001272,-0.789473684504155,0.49090909020826434,1.4000000127200003,0.1272727277700534,0.0896064034026219,-0.1158863276493639,0.49293795743931,-0.09558004189029669,-0.331085699780939,-0.191618203288848,-0.18777324324759018,0.2804584611602489,0.6984368424711502,fezouata trophic species
-0.33333333097777773,0.0,0.06172839598262465,1.8000000254400002,-0.8421052619833795,0.49090909020826434,3.0000000212,0.2778520499956571,0.5771512883730938,-0.012192270708868644,0.6146949447264893,-0.1508834679661797,-0.2748686651100988,-0.20936365110888794,-0.16096118965555897,0.4158865000574809,0.5710211450196394,fezouata trophic species
-1.0,0.0,0.18518518533058992,1.6000000084800001,-0.7105263154958449,0.4181818176561984,1.0000000212000002,0.15490196101076495,-0.3426407288600309,-0.4919945836929878,0.42977453256899506,-0.08931764342667425,-0.36968964682724664,-0.16966398760841778,-0.13505169083348412,0.2848317560727136,0.5080098070877741,fezouata trophic species
-1.0,0.29999999046000003,0.14814814931138545,3.2000000381600007,-0.8947368422520776,0.45454545296859494,3.2000000381600007,-1.0,-1.0,-1.0,0.5894937635155542,-0.05011902391703635,-0.413676579004872,-0.21889540283752013,-0.2079855150246085,0.38226732637463257,0.6646391428434099,fezouata trophic species
-1.0,0.2349514477071846,0.15617883363653723,2.9106796293926216,-0.9187531925177636,0.534333626423333,2.499029156593398,0.16892911028802524,0.025964400809839635,-0.43411074372481145,0.363469314999434,-0.07616434131155222,-0.2988596237600531,-0.28176936658697443,-0.23647818235105902,0.3355458197840405,0.5834563842571523,fezouata trophic species
-1.0,0.09999999682000006,0.17283950665752176,2.2000000169600002,-0.9473684197313019,0.49090909020826434,1.8000000254400002,-1.0,-1.0,-1.0,0.6902919195673998,-0.05825199881975746,-0.4026158143456991,-0.1652516815269806,-0.16105119570415657,0.3014175590133497,0.783556218417418,fezouata trophic species
-0.8666666633688889,-0.30000000105999997,0.19753086531230002,2.2000000169600002,-0.8947368422520776,0.5636363627603306,2.60000002968,0.3676470590916954,-0.05984879058416397,-0.45177008185504985,0.6381828961659256,-0.048648390225847084,-0.3130077937083797,-0.2724433505391014,-0.3025325200894747,0.3302258114963514,0.5265436684299437,fezouata trophic species
-1.0,0.4133333244293334,0.1341563796251181,2.0285714521942855,-0.760902254816937,0.41333333140606066,1.0190476277295237,-1.0,-1.0,-1.0,0.335598558252927,-0.05543082070914807,-0.31911703950124315,-0.14019214347188333,-0.10485031746824486,0.29383980170792695,0.5752708562383515,fezouata trophic species
-1.0,-0.0914285718525714,0.19647266338582542,3.2400000288320006,-0.9468671680470386,0.633593072842188,3.643809554377905,-1.0,-1.0,-1.0,0.649151448419415,-0.05294789996109932,-0.38470190261606946,-0.22670243228337472,-0.23401019754917954,0.3042959249394896,0.9062469283935509,fezouata trophic species
-1.0,-0.30000000105999997,0.2222222226584363,2.40000001272,-0.789473684504155,0.5999999980727273,3.80000002544,-0.04481792724408201,0.11113997020162293,-0.5706856183695599,0.7143219908928763,-0.14384180787519832,-0.29004585116245885,-0.2712354009963755,-0.19566132684364096,0.36358390402585544,0.6996288604202243,fezouata trophic species
-1.0,0.19999999364000012,0.1604938279844536,1.2000000169600002,-0.8684210535124653,0.5090909078644628,1.6000000084800001,-1.0,-1.0,-1.0,0.38344410089946185,-0.06285756117635666,-0.4221691409039893,-0.19373484548078748,-0.17494691415732844,0.33561505885342874,0.5350336892178427,fezouata trophic species
-1.0,-0.10000000742000001,0.19753086531230002,1.4000000127200003,-0.9736842112603877,0.6545454529685949,1.2000000169600002,-1.0,-1.0,-1.0,0.5624206333277302,-0.056730371037850724,-0.4303827000645458,-0.14647465257764786,-0.18647221716993329,0.3392772749371565,0.5814585455638718,fezouata trophic species
-0.8666666633688889,0.19999999364000012,0.13580246932967535,1.6000000084800001,-0.8947368422520776,0.581818180416529,2.0000000212,0.2156862747481737,0.8231865829179122,-0.4177607499306818,0.5558012666709587,-0.13321890003365724,-0.2594134511411308,-0.20141996342527266,-0.11671377740745383,0.4839488930283136,0.5447765468470076,fezouata trophic species
-1.0,0.8171428456948573,0.08430335209309564,2.0285714521942855,-0.8671679187228598,0.4500432879908697,2.432380977740191,-1.0,-1.0,-1.0,0.26416433460192434,-0.10833094642452973,-0.44683698296642116,-0.21957421595977486,-0.19503381162857023,0.4132788707953305,0.7311499805870133,fezouata trophic species
-1.0,0.39999999788,0.13580246932967535,1.8000000254400002,-0.9210526309916897,0.5454545431768595,1.8000000254400002,0.3025210087455923,0.11113997020162293,-0.4177607499306818,0.5804336118924619,-0.08684051563148931,-0.42243699726289446,-0.2632049819535626,-0.2481748914422011,0.4154372709684448,0.531886388447985,fezouata trophic species
-1.0,0.29999999046000003,0.14814814931138545,1.8000000254400002,-0.8947368422520776,0.5454545431768595,2.2000000169600002,-1.0,-1.0,-1.0,0.4721874494542106,-0.019199007149281352,-0.24523021277395293,-0.21342800280787239,-0.2580508569725102,0.25290964727520737,0.7348534062783552,fezouata trophic species
-1.0,0.21142856379657146,0.15908289339112947,2.634285729913143,-0.8671679187228598,0.4316883106621016,3.2400000288320006,-1.0,-1.0,-1.0,0.6468961143920632,-0.07497113771961043,-0.4193285554990589,-0.1653025452954612,-0.11552390049921882,0.4532183682940796,0.8621152384790711,fezouata trophic species
-1.0,-0.10000000742000001,0.19753086531230002,1.6000000084800001,-0.9473684197313019,0.5999999980727273,0.6000000084800001,-1.0,-1.0,-1.0,0.9219010595262658,-0.13601403376300522,-0.32109371297757516,-0.20838234577912593,-0.19832220239265544,0.345276911684897,0.43423669592845937,fezouata trophic species
-0.4666666676088888,0.19999999364000012,0.06172839598262465,2.40000001272,-0.8684210535124653,0.581818180416529,3.40000003392,0.2156862747481737,0.43610469413483577,-0.009699317949235581,0.5942639852274624,-0.12027946533319973,-0.32125593387681095,-0.14043173636467682,-0.13208442886902663,0.3787508117538124,0.573448714814228,fezouata trophic species
-0.8666666633688889,-0.10000000742000001,0.17283950665752176,2.60000002968,-0.7105263154958449,0.5090909078644628,2.40000001272,0.2156862747481737,0.039376268970589164,-0.5152396369576072,0.7566350082582733,-0.12325709972613894,-0.3302856684383537,-0.29112567045962023,-0.2454197142245148,0.34937877149882984,0.4047997999972583,fezouata trophic species
-1.0,-0.10000000742000001,0.19753086531230002,2.60000002968,-0.9210526309916897,0.5999999980727273,2.80000002544,0.08061002213345282,-0.08335629090313294,-0.5152396369576072,0.8894021755123882,-0.11291808683871375,-0.38642075856896124,-0.11902670447027883,-0.13439884525325071,0.43266306196890314,0.8119924105026457,fezouata trophic species
-1.0,0.0,0.18518518533058992,2.60000002968,-0.9210526309916897,0.5636363627603306,2.60000002968,-1.0,-1.0,-1.0,0.8673703977266564,-0.11640443409321664,-0.6138866764765639,-0.19184520978571035,-0.13528419127000432,0.39454772594064697,0.8305774485251406,fezouata trophic species
-1.0,-0.10000000742000001,0.19753086531230002,2.0000000212,-0.8947368422520776,0.6545454529685949,1.8000000254400002,0.08061002213345282,-0.08335629090313294,-0.5152396369576072,0.5789101947048448,-0.09786809847457174,-0.37056237563139716,-0.1695939257628593,-0.1729147673032145,0.3372738686441406,0.4228054258749263,fezouata trophic species
-1.0,-0.39428571810171426,0.2338624346891633,2.8361905032860952,-1.0,0.6152380935861471,4.047619079923809,-1.0,-1.0,-1.0,1.4568035584813188,-0.12099015520878421,-0.5540671094754962,-0.14199139824291693,-0.11564326159371388,0.4108655119491546,0.9046917953934156,fezouata trophic species
-1.0,-0.10000000742000001,0.19753086531230002,2.80000002544,-0.9736842112603877,0.5999999980727273,2.60000002968,-1.0,-1.0,-1.0,0.6159463707409767,-0.08760622849333212,-0.4141772278804598,-0.244999911678452,-0.17781910925473693,0.33051019076089033,0.6841651582093332,fezouata trophic species
-1.0,0.09999999682000006,0.17283950665752176,1.8000000254400002,-0.789473684504155,0.5272727255206612,2.0000000212,-1.0,-1.0,-1.0,0.4766985847692518,-0.09340563614603482,-0.3946328554965881,-0.19344035915352803,-0.18121697593256517,0.3298892493039827,0.46294469585356174,fezouata trophic species
-1.0,0.0,0.18518518533058992,1.4000000127200003,-0.8421052619833795,0.581818180416529,0.40000001272000013,-1.0,-1.0,-1.0,0.5291988848205189,-0.10014522469795908,-0.2951347718695464,-0.19710836484375488,-0.1926313695160122,0.27084196340369354,0.5227199615680758,fezouata trophic species
-1.0,-0.19238095746895242,0.20893592092315208,2.634285729913143,-0.8937343360940774,0.5051082238317197,3.4419048022049528,-1.0,-1.0,-1.0,0.5702816953847207,-0.1012998618697819,-0.2196029605562393,-0.20774958280076677,-0.12917356333861008,0.41862415377938716,0.5344659581493142,fezouata trophic species
-1.0,0.09999999682000006,0.17283950665752176,1.4000000127200003,-0.8157894732437673,0.5636363627603306,1.0000000212000002,-1.0,-1.0,-1.0,0.4430544921469613,-0.08332621775689168,-0.32246439502289875,-0.26379867320738176,-0.2561973724450636,0.2929269385101413,0.35810544678728673,fezouata trophic species
-1.0,0.6999999883400001,0.09876543331047105,3.0000000212,-0.9473684197313019,0.45454545296859494,4.800000046640001,-1.0,-1.0,-1.0,0.5329194596555222,-0.07782461116496231,-0.4669852209371829,-0.06329267781940133,0.006626092487967885,0.4647275172766361,1.024246507086075,fezouata trophic species
-1.0,0.09999999682000006,0.17283950665752176,2.60000002968,-0.9473684197313019,0.5272727255206612,2.40000001272,-1.0,-1.0,-1.0,0.9143780265952877,-0.09446924695339687,-0.4342561367885176,-0.18791301895592744,-0.18403777794240303,0.2732526826915103,0.7083582604556948,fezouata trophic species
-0.6602564108905983,0.12115384433961547,0.10731244101860647,2.873076955936923,-0.9463562759417218,0.612237761661602,4.30000003604,0.14661319073462997,0.11772737900916568,-0.16511713914774687,0.6614659181623865,-0.0838396364489745,-0.3920484835066728,-0.2545961113369868,-0.22275576326768803,0.3085301535171998,0.854430403508544,fezouata trophic species
-0.7999999985866667,0.5999999915200002,0.0740740746556928,2.2000000169600002,-0.789473684504155,0.49090909020826434,3.2000000381600007,0.13970588257641284,0.10372734652657846,-0.14592034548529886,0.29459377728587255,-0.022477632250150686,-0.4806423346240701,-0.22802816566665987,-0.26257804315309974,0.26367288512619436,0.8269302986470252,fezouata trophic species
-1.0,0.11047618878019054,0.17154614961981404,3.4419048022049528,-0.8140350867698984,0.4683982672469107,6.470476233199239,-1.0,-1.0,-1.0,-0.5914940943268242,-0.08064787166848869,-0.5231328784907159,-0.1791527092154882,-0.1358292325501168,0.41818402361187945,1.0683830516274702,fezouata trophic species
-1.0,-0.5000000053,0.24691358131321456,2.0000000212,-0.9473684197313019,0.6181818176561984,1.6000000084800001,-1.0,-1.0,-1.0,1.0828848030673333,-0.10358490244449699,-0.3663380121575812,-0.2631416193905853,-0.2291390957494781,0.3656518176098692,0.6006138188694291,fezouata trophic species
-1.0,0.0,0.18518518533058992,2.40000001272,-0.9210526309916897,0.5636363627603306,2.2000000169600002,-1.0,-1.0,-1.0,0.5581139104255196,-0.10598929621856043,-0.39304337855403465,-0.2625608916642964,-0.23979534523094745,0.36023902005760705,0.46274382629878286,fezouata trophic species
-1.0,0.19999999364000012,0.1604938279844536,2.0000000212,-0.9473684197313019,0.6363636353123968,1.4000000127200003,-1.0,-1.0,-1.0,0.6389573106624288,-0.12855682115581946,-0.3578216952662227,-0.1613662149267075,-0.09714938234738733,0.3729384317824577,0.8685762105676716,fezouata trophic species
-1.0,-0.30000000105999997,0.2222222226584363,2.40000001272,-0.9473684197313019,0.6363636353123968,4.20000003816,-1.0,-1.0,-1.0,1.048689179129613,-0.12002664270118879,-0.4602634551522028,-0.2660690217670902,-0.22497194197356202,0.4020726535339342,0.7534649889749094,fezouata trophic species
-1.0,-0.20000000423999992,0.20987654398536817,2.60000002968,-0.9736842112603877,0.5999999980727273,3.0000000212,-1.0,-1.0,-1.0,0.9245045308863191,-0.0967337152476335,-0.3649688793011362,-0.2539697907759855,-0.2535215196977702,0.3764906760326091,0.5627851738384714,fezouata trophic species
-1.0,0.0,0.18518518533058992,3.0000000212,-0.8421052619833795,0.581818180416529,2.0000000212,-1.0,-1.0,-1.0,0.6217720237330723,-0.07918560403802738,-0.4167741810231873,-0.12087695515432981,-0.13084754973257823,0.34972517498851535,0.8041414100527704,fezouata trophic species
-1.0,0.21142856379657146,0.15908289339112947,3.2400000288320006,-0.8937343360940774,0.5601731596725698,1.624761926648381,0.2663398693267333,-0.39991583047823764,-0.45177008185504985,0.6030754720867648,-0.08938818432945499,-0.31809474188841674,-0.17164726775216455,-0.17567232057680585,0.299684426073992,0.7086483707517143,fezouata trophic species
-1.0,0.09999999682000006,0.17283950665752176,1.8000000254400002,-0.8947368422520776,0.5090909078644628,4.4000000339200005,-1.0,-1.0,-1.0,0.6675414168200583,-0.09520804472950789,-0.40066152287294204,-0.2411683555948549,-0.18370242564847747,0.4677757932086602,0.621280462547275,fezouata trophic species
-1.0,0.09999999682000006,0.17283950665752176,3.0000000212,-0.9736842112603877,0.5454545431768595,1.2000000169600002,-1.0,-1.0,-1.0,0.3468607243984646,-0.1098000287015398,-0.34341566202816703,-0.2506185622661634,-0.24055311165990648,0.31149531111327666,0.45615763559619715,fezouata trophic species
-1.0,0.31238094941295247,0.1466196358538028,2.432380977740191,-0.8140350867698984,0.4500432879908697,1.8266666788213333,-1.0,-1.0,-1.0,0.5514108091532172,-0.09610545667547309,-0.524096265736501,-0.24448520276880578,-0.21975109689586356,0.3147468299553589,0.841658175867666,fezouata trophic species
-1.0,-0.20000000423999992,0.20987654398536817,1.4000000127200003,-0.8947368422520776,0.5636363627603306,0.40000001272000013,0.2156862747481737,-1.0,-0.5152396369576072,0.6296799915709855,-0.09961336267332253,-0.3798540924486678,-0.20316748138302115,-0.23435534799485708,0.339052077592954,0.45828171036385623,fezouata trophic species
-1.0,-0.6000000021199999,0.2592592599862826,3.0000000212,-0.8684210535124653,0.5999999980727273,2.60000002968,-1.0,-1.0,-1.0,0.9943234376065648,-0.08899325819819778,-0.5464670108042927,-0.10152484060499554,-0.09888088998416976,0.4312917219770355,0.9270436650305218,fezouata trophic species
-1.0,0.19999999364000012,0.1604938279844536,1.6000000084800001,-0.8421052619833795,0.5272727255206612,1.8000000254400002,-1.0,-1.0,-1.0,0.6231875235260798,-0.06703253626571558,-0.4487949860852061,-0.1736252116322596,-0.17137295661347368,0.33367999199060555,0.6569074139909573,fezouata trophic species
-1.0,0.19999999364000012,0.1604938279844536,1.8000000254400002,-0.789473684504155,0.4727272706247933,2.0000000212,-1.0,-1.0,-1.0,0.4346827507371097,-0.05386328339832279,-0.437337976896944,-0.2233448548967093,-0.22248879934717739,0.24583192978633536,0.767384955319528,fezouata trophic species
-0.4666666676088888,-0.30000000105999997,0.12345679065660721,2.0000000212,-0.789473684504155,0.45454545296859494,1.0000000212000002,0.2156862747481737,0.4176974630577662,-0.16511713914774687,0.7083828068009878,-0.0780031080978819,-0.3525632630900814,-0.24382464934894096,-0.280712725801564,0.24502006746984065,0.6368937984779452,fezouata trophic species
-1.0,-0.10000000742000001,0.19753086531230002,2.0000000212,-0.9473684197313019,0.5636363627603306,1.8000000254400002,-1.0,-1.0,-1.0,0.6911692975117633,-0.11155735442204391,-0.5224127390703072,-0.12036338357856147,-0.08356432622505362,0.4167164515202657,0.8091066325466711,fezouata trophic species
-1.0,-0.39999999787999996,0.23456790133150432,1.6000000084800001,-0.8684210535124653,0.6181818176561984,4.800000046640001,-1.0,-1.0,-1.0,0.8216247629357657,-0.031349990012189174,-0.45914726799774697,-0.22057601408612065,-0.22887740939889056,0.3448039874716539,0.9166704906877053,fezouata trophic species
-1.0,-0.30000000105999997,0.2222222226584363,2.60000002968,-0.8684210535124653,0.6181818176561984,3.60000002968,-1.0,-1.0,-1.0,-0.8037988740117507,-0.036856523885485805,-0.22211471059896615,-0.29568454710384295,-0.28421789759430577,0.3670938675465191,0.6997869256528754,fezouata trophic species
-1.0,0.19999999364000012,0.1604938279844536,2.40000001272,-0.8421052619833795,0.5454545431768595,3.2000000381600007,-1.0,-1.0,-1.0,0.4597469987558992,-0.0946172264495748,-0.5492564111917442,-0.2143451824028382,-0.21756320425703826,0.3180267965143131,0.8437364964667857,fezouata trophic species
-1.0,0.0,0.18518518533058992,1.8000000254400002,-0.9473684197313019,0.581818180416529,2.80000002544,-1.0,-1.0,-1.0,0.8197991994190892,-0.07806418323515556,-0.43417534784707906,-0.15785705290871108,-0.11860908840070018,0.3528581973952877,0.778737561487537,fezouata trophic species
-1.0,-0.39999999787999996,0.23456790133150432,1.8000000254400002,-0.8421052619833795,0.6181818176561984,1.4000000127200003,0.2156862747481737,-1.0,-0.6046949502939282,0.6452080027429598,-0.06166237459273076,-0.35494764783918054,-0.20792454662170834,-0.2291147571865038,0.2786679640805229,0.5350603758631198,fezouata trophic species
-1.0,-0.10000000742000001,0.19753086531230002,2.0000000212,-0.9473684197313019,0.5999999980727273,1.6000000084800001,-1.0,-1.0,-1.0,0.8680269301727924,-0.0727552502051458,-0.38009770182772645,-0.26461107851719096,-0.22399384110545675,0.309875978292195,0.7162312585570192,fezouata trophic species
-1.0,0.09999999682000006,0.17283950665752176,2.2000000169600002,-0.9473684197313019,0.6181818176561984,3.2000000381600007,-1.0,-1.0,-1.0,0.8644419928696672,-0.07270607930919364,-0.30930020257372265,-0.06100283571337002,0.012749801042264306,0.42713530409528916,1.096739763492672,fezouata trophic species
0.20000000141333332,-0.5000000053,0.024691358654778246,1.6000000084800001,-0.9473684197313019,0.6181818176561984,1.4000000127200003,0.14379084983211585,0.18107979890089748,0.0,0.6691080473624965,-0.10493246734341728,-0.2476568741324013,-0.17321606839022013,-0.1262548159364975,0.26310051262235373,0.6903115023613519,fezouata trophic species
-1.0,0.49999999469999995,0.12345679065660721,2.80000002544,-0.9210526309916897,0.4181818176561984,3.60000002968,-1.0,-1.0,-1.0,0.9203497757712036,-0.09373369418715444,-0.37839005403898035,-0.09894269775325627,-0.035107661153836456,0.5075915475331412,1.064757729824072,fezouata trophic species
-1.0,-0.19238095746895242,0.20893592092315208,1.2209524011024764,-0.760902254816937,0.5785281370013381,1.624761926648381,-1.0,-1.0,-1.0,0.6272518950262288,-0.10545968267497677,-0.41910625261578655,-0.2411933843640197,-0.2506128972166738,0.28150579844712736,0.5956244415502997,fezouata trophic species
-1.0,0.49999999469999995,0.12345679065660721,1.6000000084800001,-0.8684210535124653,0.43636363531239675,1.4000000127200003,0.37777777825054454,0.23398251271462245,-0.40253927035666687,0.39904983934785454,-0.07594954908794878,-0.44595627023317624,-0.2399896070252063,-0.22964235161520605,0.2703234143008686,0.6100994167648855,fezouata trophic species
-1.0,-0.30000000105999997,0.2222222226584363,1.8000000254400002,-0.8947368422520776,0.6727272706247933,3.0000000212,-1.0,-1.0,-1.0,0.8886482139386765,-0.1333909799249597,-0.3253350259964764,-0.21562170159719676,-0.15112133623407006,0.37979758088808835,0.5844764080196638,fezouata trophic species
-1.0,0.29999999046000003,0.14814814931138545,1.8000000254400002,-0.8157894732437673,0.5454545431768595,0.40000001272000013,-1.0,-1.0,-1.0,0.4688848402252242,-0.09052991443992321,-0.2393609882831001,-0.261924180682306,-0.22188600529426955,0.2648411117190447,0.5622259492120684,fezouata trophic species
-1.0,-0.19238095746895242,0.20893592092315208,3.643809554377905,-1.0,0.633593072842188,3.2400000288320006,-1.0,-1.0,-1.0,0.42082161637075904,-0.07621508375357883,-0.5287299812045403,-0.3026906514821132,-0.33021741543722527,0.29003350382020304,0.6257508995730151,fezouata trophic species
-1.0,0.39999999788,0.13580246932967535,2.60000002968,-0.7105263154958449,0.4727272706247933,3.80000002544,-1.0,-1.0,-1.0,0.31835585341901207,-0.039070395693936465,-0.3905771499505384,-0.16878908238704518,-0.11158000894937262,0.3183404853608656,0.9587285489968934,fezouata trophic species
-1.0,0.49999999469999995,0.12345679065660721,2.60000002968,-0.9210526309916897,0.5272727255206612,2.80000002544,-1.0,-1.0,-1.0,0.5689277937487466,-0.09246427249796599,-0.43857401223207965,-0.1781223856864495,-0.11160885167360997,0.36491878280518997,0.7511005096119956,fezouata trophic species
-1.0,-0.20000000423999992,0.20987654398536817,2.80000002544,-0.9473684197313019,0.6181818176561984,3.0000000212,-1.0,-1.0,-1.0,0.8458551322329129,-0.08257500615086018,-0.42450734517929806,-0.22341147653000257,-0.20505188894761334,0.38628051044134154,0.7324723438884884,fezouata trophic species
-0.8666666633688889,0.19999999364000012,0.13580246932967535,2.60000002968,-0.6578947380166206,0.4181818176561984,5.4000000339200005,0.1751633987206202,-0.04847657778362195,-0.40253927035666687,-0.37883283120047095,-0.06892546162505045,-0.22277765817648085,-0.23982997642483558,-0.2099256377425593,0.44689220183425243,0.7232608726961284,fezouata trophic species
-1.0,0.19999999364000012,0.1604938279844536,0.6000000084800001,-0.9736842112603877,0.5454545431768595,-0.1999999957599999,0.0754147813677283,-0.08840670750166764,-0.43411074372481145,0.4117365773761954,-0.06932160699421494,-0.31355527980400333,-0.138700997793553,-0.17953057723273244,0.26366522624409794,0.3711732387851294,fezouata trophic species
-1.0,0.49999999469999995,0.12345679065660721,1.6000000084800001,-0.9210526309916897,0.5272727255206612,4.20000003816,-1.0,-1.0,-1.0,0.5742164420392732,-0.09161974955736056,-0.48142205259933774,-0.22286401507725817,-0.17613188131631946,0.5253370123781435,0.5490702060448788,fezouata trophic species
-1.0,0.09999999682000006,0.17283950665752176,3.0000000212,-0.8421052619833795,0.5090909078644628,4.0000000424,-1.0,-1.0,-1.0,0.6194060460773801,-0.05863187510105731,-0.5060906452289071,-0.2108564374581519,-0.2038659595434527,0.31226181835485833,0.9504227358639217,fezouata trophic species
-1.0,0.49999999469999995,0.12345679065660721,2.80000002544,-0.9210526309916897,0.5090909078644628,6.60000005088,-1.0,-1.0,-1.0,0.5316245360635965,-0.07187082836460322,-0.36774209672884106,-0.21425724392556922,-0.1575119742256884,0.5906868991250935,0.8377741194073532,fezouata trophic species
-1.0,0.12115384433961547,0.1702279205327108,2.873076955936923,-0.8927125518834433,0.575174823149841,3.280769261509231,-1.0,-1.0,-1.0,0.5279837821274752,-0.0750016752882472,-0.4446185833938179,-0.2428204414407625,-0.24455246695564284,0.3693970456454748,0.5405237793034705,fezouata trophic species
-1.0,-0.20000000423999992,0.20987654398536817,3.0000000212,-0.9210526309916897,0.5272727255206612,2.40000001272,-1.0,-1.0,-1.0,0.6414804185915705,-0.07142958125881807,-0.5007496666858343,-0.16896900979434962,-0.19906366648365664,0.34230831125364736,0.6068773602616346,fezouata trophic species
-1.0,-0.39999999787999996,0.23456790133150432,3.0000000212,-0.8684210535124653,0.6181818176561984,3.40000003392,0.38935574274301094,0.014327375723489279,-0.5706856183695599,0.9207637544454839,-0.13777845346010487,-0.3044923715479687,-0.23387709073017027,-0.19907450569929513,0.34685336941332084,0.51728672701148,fezouata trophic species
-1.0,0.19999999364000012,0.1604938279844536,2.0000000212,-0.763157895764543,0.43636363531239675,3.0000000212,-1.0,-1.0,-1.0,0.4609147563774914,-0.10219882397168285,-0.4146623642724331,-0.15023514311111527,-0.16221712650094539,0.2880080058730113,0.6321324151034595,fezouata trophic species
-1.0,-0.10000000742000001,0.19753086531230002,1.8000000254400002,-0.9736842112603877,0.6545454529685949,3.0000000212,-1.0,-1.0,-1.0,0.8252690085734774,-0.10451775155911014,-0.3034471267178997,-0.267021482468593,-0.19584975940709795,0.31032970557720824,0.6827162788346894,fezouata trophic species
-1.0,0.19999999364000012,0.1604938279844536,2.60000002968,-0.8684210535124653,0.5090909078644628,2.40000001272,-1.0,-1.0,-1.0,0.5050076901200451,-0.0721528346952942,-0.35637035700169845,-0.2228264771202061,-0.21599007297964568,0.33439562991634464,0.4537133289725033,fezouata trophic species
-1.0,-0.20000000423999992,0.20987654398536817,3.0000000212,-0.9210526309916897,0.6363636353123968,3.2000000381600007,-1.0,-1.0,-1.0,0.6915461758797599,-0.09494386267559114,-0.3655153859981779,-0.14716691177770744,-0.1570122996854122,0.5162635960449921,0.5827522346230223,fezouata trophic species
-0.4666666676088888,0.09999999682000006,0.0740740746556928,2.0000000212,-0.8684210535124653,0.5454545431768595,1.8000000254400002,0.12071078453347263,0.49161315751491064,-0.0824507903827416,0.6621335447509765,-0.09787899612112988,-0.3232619961755447,-0.13366972967160948,-0.11490393381835351,0.43477392311008595,0.6197584285590815,fezouata trophic species
-0.8666666633688889,0.49999999469999995,0.09876543331047105,1.8000000254400002,-0.9473684197313019,0.581818180416529,3.80000002544,0.06896551766058147,0.0621667659641714,-0.2570938962194689,0.5379252973927058,-0.10167080210606905,-0.4350338799484202,-0.24767836414114694,-0.2448703921028374,0.5123178818343437,0.6368778227723124,fezouata trophic species
-0.9326984093512805,-0.49523809311809525,0.2338624346891633,2.0285714521942855,-0.9468671680470386,0.6519480501709564,3.2400000288320006,0.2156862747481737,-1.0,-0.694150263630249,0.9675139183435256,-0.10613911400842514,-0.413983471719874,-0.2555916467031535,-0.28341703210567953,0.29860389772836565,0.7364701942234088,fezouata trophic species
-1.0,0.0,0.18518518533058992,2.40000001272,-0.8947368422520776,0.581818180416529,3.80000002544,-1.0,-1.0,-1.0,0.7954009927588357,-0.12671831105115447,-0.42475540532994976,-0.14208434930396122,-0.11973313197559485,0.4413415721566205,0.6934390375827942,fezouata trophic species
-0.5999999971733333,-0.10000000742000001,0.12345679065660721,2.60000002968,-0.8421052619833795,0.5272727255206612,3.60000002968,0.1819172112905719,0.17152057220507338,-0.11993458674352993,0.45710027496555666,-0.0694641974336781,-0.34510463945936615,-0.19161620627309622,-0.18973288673444125,0.36238957170745767,0.6877174239903058,fezouata trophic species
-1.0,0.0,0.18518518533058992,2.40000001272,-0.8684210535124653,0.6181818176561984,2.60000002968,0.09411764727335635,-0.1235209725062921,-0.4919945836929878,0.705544808592925,-0.10319547609537863,-0.2673855496498915,-0.23558964977648797,-0.20383139589400953,0.3057021195902624,0.5887079666407389,fezouata trophic species
-1.0,0.19999999364000012,0.1604938279844536,1.0000000212000002,-0.9473684197313019,0.49090909020826434,-0.1999999957599999,-1.0,-1.0,-1.0,0.588701779454505,-0.12358631409299321,-0.2250761556195606,-0.20237889772430526,-0.14889172878929413,0.38102113490600764,0.530424893353193,fezouata trophic species
-1.0,-0.19238095746895242,0.20893592092315208,2.634285729913143,-0.8671679187228598,0.5234632011604881,3.4419048022049528,-1.0,-1.0,-1.0,0.5539310259090193,-0.07543359881003577,-0.5330655704902117,-0.27921445590319216,-0.30373222470648054,0.3045385600202819,0.7144802683748178,fezouata trophic species
-0.9333333352177778,-0.69999999894,0.2592592599862826,2.2000000169600002,-0.9210526309916897,0.6909090902082644,2.80000002544,0.6209150332001793,0.20016833696477196,-0.757619818224801,1.056931504233473,-0.10897217245373052,-0.5469050994513014,-0.2296194858124525,-0.21186758150128318,0.33835596654023975,0.7829904433967773,fezouata trophic species
-1.0,0.19999999364000012,0.1604938279844536,2.40000001272,-0.9736842112603877,0.6181818176561984,3.0000000212,-1.0,-1.0,-1.0,0.7921820383491606,-0.09551528513267554,-0.31028968346911057,-0.2670489982276344,-0.21858322683022618,0.39835257839264565,0.7726288278772663,fezouata trophic species
-1.0,0.7999999957599999,0.08641975332876095,2.2000000169600002,-0.8157894732437673,0.4181818176561984,2.60000002968,-1.0,-1.0,-1.0,0.3483533846679388,-0.016765623446029953,-0.421429642343386,-0.23294373308046037,-0.2179800961557147,0.33295279520445836,1.0424744717215497,fezouata trophic species
-0.6666666690222222,0.29999999046000003,0.08641975332876095,1.8000000254400002,-0.8421052619833795,0.5272727255206612,2.2000000169600002,0.2542794895204469,0.11213516882165725,-0.08592525532716713,0.5096641824755731,-0.11964479601063945,-0.35692161195121097,-0.20232407555880288,-0.1715297007685998,0.35289825947729936,0.5842583717784816,fezouata trophic species
-1.0,0.5999999915200002,0.11111111198353919,1.6000000084800001,-0.8684210535124653,0.49090909020826434,1.0000000212000002,-1.0,-1.0,-1.0,0.5090216131339118,-0.09330221356706184,-0.3268406316380355,-0.08556894903785521,-0.05676365536939654,0.40818164385421035,0.7614874117828316,fezouata trophic species
-0.9333333352177778,-0.10000000742000001,0.18518518533058992,1.0000000212000002,-0.8421052619833795,0.49090909020826434,0.2000000169600002,0.38935574274301094,0.5713892150007001,-0.5706856183695599,0.5124894486620752,-0.0797455525730515,-0.18615662255167892,-0.1446547015965301,-0.08886810337150255,0.3455949830925687,0.45180480200607215,fezouata trophic species
-0.7333333338044444,0.19999999364000012,0.11111111198353919,1.8000000254400002,-0.9473684197313019,0.4727272706247933,1.0000000212000002,0.05359477124580284,0.3728554406528093,-0.09668953398691589,0.42899100402798285,-0.09083603878114686,-0.2089304839568345,-0.15170984941516835,-0.1402172659279715,0.294263894862425,0.49943242273362376,fezouata trophic species
-1.0,-0.10000000742000001,0.19753086531230002,0.80000000424,-0.8947368422520776,0.5999999980727273,2.0000000212,0.2156862747481737,-1.0,-0.5152396369576072,0.5877192407869959,-0.10048535181029279,-0.3520824195760047,-0.2782334386188248,-0.26354295173845393,0.3593298564043789,0.37789206215417864,fezouata trophic species
-1.0,0.49999999469999995,0.12345679065660721,2.40000001272,-0.9210526309916897,0.581818180416529,1.4000000127200003,-1.0,-1.0,-1.0,0.3945250095207687,-0.07107437535692739,-0.5212681150322582,-0.1977095764580072,-0.22256179204730797,0.2894179956598245,0.7763363865085003,fezouata trophic species
-0.8653968257692275,0.21142856379657146,0.1341563796251181,2.8361905032860952,-0.8140350867698984,0.4683982672469107,3.643809554377905,0.35870818963896234,0.8493233227069098,-0.22200041520400282,0.5279536931941813,-0.10953899351450234,-0.4402136536038702,-0.14565145001984858,-0.09971926989795532,0.4276596395664096,0.7632639883333731,fezouata trophic species
-1.0,-0.20000000423999992,0.20987654398536817,1.4000000127200003,-0.8947368422520776,0.581818180416529,2.0000000212,-1.0,-1.0,-1.0,0.8727988062166359,-0.07937866639717442,-0.46182582701016944,-0.2617894095873115,-0.24262912605617792,0.34791351518797287,0.6878159520153689,fezouata trophic species
-1.0,-0.30000000105999997,0.2222222226584363,3.40000003392,-0.8684210535124653,0.6545454529685949,2.80000002544,0.2156862747481737,0.11113997020162293,-0.5412253951913708,0.5868326142962479,-0.07592495671963369,-0.47226153629070255,-0.3016505314401155,-0.281828944976744,0.30269365751075494,0.7150895654609644,fezouata trophic species
-1.0,0.0,0.18518518533058992,3.0000000212,-0.8421052619833795,0.49090909020826434,2.60000002968,-1.0,-1.0,-1.0,0.4909749934701499,-0.12413068934878312,-0.3789059247822484,-0.21985741803445955,-0.14470227588470497,0.39610335937293895,0.5387294090269811,fezouata trophic species
-0.798095235120508,0.4133333244293334,0.09676660832178022,1.624761926648381,-0.7343358402351934,0.4500432879908697,1.8266666788213333,0.1700980394451172,-0.013961093290046458,-0.18614484732323686,0.3219881571822659,-0.0675218847605169,-0.3292475494194628,-0.1551146306120781,-0.16049663049574475,0.2604044550715757,0.5093810597555118,fezouata trophic species
-1.0,-0.10000000742000001,0.19753086531230002,2.2000000169600002,-0.8421052619833795,0.5999999980727273,3.0000000212,-1.0,-1.0,-1.0,0.46411071878157156,-0.057225503677811644,-0.33006873165245215,-0.29731420252821805,-0.34534064345186694,0.218478302145344,0.6459671119572874,fezouata trophic species
-1.0,-0.39999999787999996,0.23456790133150432,1.6000000084800001,-0.9473684197313019,0.7090909078644627,1.6000000084800001,-1.0,-1.0,-1.0,0.717009034808097,-0.042548881443336586,-0.3126031007223639,-0.2568661703665303,-0.2676307350663921,0.2871089433100809,0.46953033444585657,fezouata trophic species
-1.0,0.19999999364000012,0.1604938279844536,3.40000003392,-0.9210526309916897,0.5636363627603306,1.6000000084800001,-1.0,-1.0,-1.0,0.4138609041090116,-0.08972862600265234,-0.5807303434264103,-0.26281382076190907,-0.28679219899302355,0.28814488593804977,0.6958856946188696,fezouata trophic species
-0.33333333097777773,0.29999999046000003,0.024691358654778246,1.0000000212000002,-0.9473684197313019,0.5454545431768595,0.6000000084800001,0.30920060366847063,0.7324231500101772,0.024663861083817885,0.6184654374440463,-0.15542664661231276,-0.25029870569800067,-0.13812077785862995,-0.05754808222936693,0.440108878359523,0.5921712282991668,fezouata trophic species
-0.25968253819741793,-0.19238095746895242,0.07184009455576898,2.0285714521942855,-0.9468671680470386,0.5785281370013381,4.249523853296762,0.3782489739957349,0.7000203599259823,-0.01726430905447478,0.8070845327138744,-0.10752112583839489,-0.2671831253541925,-0.17823417254067325,-0.12176086333950246,0.496046317391285,0.8582357329850137,fezouata trophic species
-1.0,0.19999999364000012,0.1604938279844536,1.8000000254400002,-0.8947368422520776,0.5454545431768595,2.0000000212,-1.0,-1.0,-1.0,0.41446874358569763,-0.07301560594071785,-0.2958392935438761,-0.24435065884363283,-0.2577809751174154,0.32583632770376353,0.5586957993918928,fezouata trophic species
-1.0,-0.10000000742000001,0.19753086531230002,2.60000002968,-0.9210526309916897,0.6727272706247933,5.0000000424,-1.0,-1.0,-1.0,0.7609707691693387,-0.09480387680007857,-0.46278861242925584,-0.2137228128150084,-0.22813976308949202,0.545342470328024,0.724716953166424,fezouata trophic species
-1.0,-0.10000000742000001,0.19753086531230002,3.40000003392,-0.9210526309916897,0.6181818176561984,3.0000000212,-1.0,-1.0,-1.0,0.7097792122635412,-0.0481989355980091,-0.4989188366422639,-0.15847601197967737,-0.14604348637155823,0.3463007165072686,0.8549334824620035,fezouata trophic species
-0.9333333352177778,0.6999999883400001,0.08641975332876095,3.0000000212,-0.9210526309916897,0.5272727255206612,3.80000002544,-0.39215686262591315,-1.0,-1.0,0.2734427251838429,-0.01575627061290598,-0.3255674729776781,-0.11890585754905351,-0.11952520820025653,0.20610880669212156,1.0035021381101996,fezouata trophic species
-1.0,0.09999999682000006,0.17283950665752176,2.80000002544,-0.9473684197313019,0.5636363627603306,4.20000003816,0.16042780765890727,0.45647599089357555,-0.47096687551749783,0.8871922270245787,-0.05564979155926352,-0.33290496468331043,-0.22988302210748557,-0.17608106294855996,0.4945344401892692,0.8269312845582589,fezouata trophic species
-1.0,-0.19238095746895242,0.20893592092315208,2.634285729913143,-0.9203007506758212,0.541818180416529,2.2304762043672377,-1.0,-1.0,-1.0,0.6879482716909437,-0.09372264303489503,-0.42193759323036406,-0.21431383296746156,-0.19156621501708213,0.34820174971867823,0.7847240184429444,fezouata trophic species
-0.06666666478222216,0.09999999682000006,0.0,3.0000000212,-0.8684210535124653,0.5636363627603306,4.0000000424,0.29166666691993454,0.33871518138609485,0.10838836023872514,0.5149549934904445,-0.10973622191772664,-0.3893686636329918,-0.22757449565482268,-0.1687591456908234,0.4236983223589184,0.6856172043308603,fezouata trophic species
-1.0,0.09999999682000006,0.17283950665752176,4.20000003816,-0.8947368422520776,0.5090909078644628,6.0000000424,-1.0,-1.0,-1.0,0.8006936761056233,-0.05381716877572126,-0.4572894861866573,-0.18571569287330836,-0.16960973265339807,0.4244953502649269,0.9380014886786391,fezouata trophic species
-1.0,-0.39428571810171426,0.2338624346891633,2.634285729913143,-0.8671679187228598,0.633593072842188,3.845714327750857,-1.0,-1.0,-1.0,0.7522119687923547,-0.08490265084893915,-0.5611307585916385,-0.244728402168113,-0.19363501093252547,0.3523641150866224,0.7295024953097834,fezouata trophic species
-1.0,0.19999999364000012,0.1604938279844536,2.40000001272,-0.8421052619833795,0.5272727255206612,1.4000000127200003,-1.0,-1.0,-1.0,0.6542572506650907,-0.11467259786861048,-0.2773241317707658,-0.20551712557338842,-0.07818698494277598,0.4936681184800398,0.5949423013985536,fezouata trophic species
-1.0,0.49999999469999995,0.12345679065660721,2.2000000169600002,-0.9210526309916897,0.4727272706247933,2.60000002968,-1.0,-1.0,-1.0,0.46178365782446157,-0.041969705690086644,-0.4579330631824053,-0.07349885517471472,-0.03286315861361195,0.3552296840884741,0.9031063791438222,fezouata trophic species
-1.0,0.7999999957599999,0.08641975332876095,1.8000000254400002,-0.9210526309916897,0.5090909078644628,1.6000000084800001,-1.0,-1.0,-1.0,0.19456746004018288,-0.11357724912835625,-0.3263221773877604,-0.18710020978865768,-0.2248898867630377,0.3539452806955659,0.3424399798142166,fezouata trophic species
-1.0,0.29999999046000003,0.14814814931138545,1.4000000127200003,-0.789473684504155,0.4727272706247933,1.4000000127200003,-1.0,-1.0,-1.0,0.4418486824229399,-0.08002546518663445,-0.3719896087915705,-0.23224444943317288,-0.19034946092636407,0.3090657479689965,0.5132158324850684,fezouata trophic species
-1.0,0.49999999469999995,0.12345679065660721,2.40000001272,-0.9210526309916897,0.5272727255206612,1.6000000084800001,0.29673202619543754,0.07346319368343761,-0.40253927035666687,0.5120749443199151,-0.1348506039859235,-0.23254634896810375,-0.15506495614442792,-0.0786477493097799,0.42625291839158314,0.42759990431770906,fezouata trophic species
-1.0,0.0,0.18518518533058992,1.8000000254400002,-0.8947368422520776,0.5090909078644628,2.80000002544,-1.0,-1.0,-1.0,0.8491805023052497,-0.11173791109949825,-0.37894527692573854,-0.18584104458694314,-0.1872834949394812,0.3845991094538672,0.6232742944973012,fezouata trophic species
-0.9333333352177778,0.0,0.17283950665752176,1.6000000084800001,-0.8157894732437673,0.5999999980727273,1.6000000084800001,0.09411764727335635,-0.1235209725062921,-0.4919945836929878,0.4626768313071066,-0.059113389772111904,-0.2170575265248997,-0.24726473095439883,-0.2221503205774791,0.24422899707171766,0.5993156103931826,fezouata trophic species
-1.0,0.09999999682000006,0.17283950665752176,3.2000000381600007,-0.8421052619833795,0.5272727255206612,5.4000000339200005,-1.0,-1.0,-1.0,0.6464062240110217,-0.04392490025973336,-0.395701560126335,-0.17030954633528878,-0.11510435996324112,0.4662967640153135,0.8563309919177203,fezouata trophic species
-1.0,0.19999999364000012,0.1604938279844536,3.0000000212,-0.8947368422520776,0.45454545296859494,2.60000002968,-1.0,-1.0,-1.0,0.6213324131968178,-0.11865138134735148,-0.4009099239824459,-0.17727805039616398,-0.15763077866299485,0.3984198840472078,0.7545093292520918,fezouata trophic species
-0.533333332391111,0.09999999682000006,0.08641975332876095,2.60000002968,-0.8421052619833795,0.4727272706247933,4.0000000424,0.36354001071834124,0.569642902804884,-0.05042016190712763,0.5497141124180503,-0.12768240235073902,-0.2950725571764482,-0.12420021356546725,-0.0451372936251972,0.4346344597623191,0.8081862134242903,fezouata trophic species
-1.0,-0.20000000423999992,0.20987654398536817,2.80000002544,-0.9736842112603877,0.5454545431768595,5.0000000424,-1.0,-1.0,-1.0,0.7261404674892872,-0.07854884477308945,-0.4000765999530177,-0.1095675817546661,-0.07724745270016956,0.4218518156084611,0.9555206107425108,fezouata trophic species
-1.0,0.29999999046000003,0.14814814931138545,0.80000000424,-0.8421052619833795,0.5090909078644628,1.0000000212000002,0.12217194582787677,0.153084440231469,-0.43411074372481145,0.4091463768678456,-0.09535683201798359,-0.41819395656658825,-0.2105637580960745,-0.17494558244942307,0.30526194239791243,0.4216350940293514,fezouata trophic species
-0.9333333352177778,-0.20000000423999992,0.19753086531230002,1.2000000169600002,-0.8684210535124653,0.5999999980727273,0.80000000424,0.09411764727335635,-0.07035360439195171,-0.6449194521318661,0.4102118135245417,-0.11903659383914128,-0.3469839726158875,-0.18953443836069314,-0.17758369909391553,0.2907479761465732,0.36200223727709546,fezouata trophic species
-1.0,-0.30000000105999997,0.2222222226584363,2.80000002544,-0.9736842112603877,0.6363636353123968,4.0000000424,-1.0,-1.0,-1.0,1.1964532059479756,-0.0985083506233389,-0.3643022475373669,-0.293336185754821,-0.2633486471805834,0.5807289377999874,0.5995037262002406,fezouata trophic species
-1.0,-0.6000000021199999,0.2592592599862826,2.40000001272,-0.8947368422520776,0.6727272706247933,3.80000002544,-1.0,-1.0,-1.0,0.8008164092725597,-0.043981493533822705,-0.4210855576537289,-0.1485287844646334,-0.1857210862917083,0.29478686892581696,0.7140713242259638,fezouata trophic species
-0.9333333352177778,-0.20000000423999992,0.19753086531230002,2.0000000212,-0.9210526309916897,0.6363636353123968,1.2000000169600002,0.2156862747481737,-1.0,-0.4919945836929878,0.46457832133809074,-0.10553709987823544,-0.20796903491338323,-0.22082472495194852,-0.20117208194082484,0.28220505553887887,0.36258515137862485,fezouata trophic species
-1.0,0.0,0.18518518533058992,0.40000001272000013,-0.8421052619833795,0.5454545431768595,-0.1999999957599999,-0.027450980201460987,0.07346319368343761,-0.4919945836929878,0.5431148782652299,-0.08296571842478882,-0.22183816093348893,-0.20437477317260355,-0.19297957418697195,0.29564412717487454,0.40487583741525546,fezouata trophic species
-1.0,0.19999999364000012,0.1604938279844536,2.2000000169600002,-0.8684210535124653,0.49090909020826434,0.80000000424,0.40271493258876756,0.5612837129254304,-0.43411074372481145,0.5807286382598621,-0.11689247653131228,-0.2686685091610118,-0.21317434468815252,-0.1348025744261949,0.4009498051429684,0.4088765547800437,fezouata trophic species
-0.5999999971733333,-0.30000000105999997,0.14814814931138545,3.60000002968,-0.9736842112603877,0.7090909078644627,2.80000002544,0.25713012491316256,0.1339565763270818,-0.16511713914774687,0.7861718730519787,-0.07950813335740867,-0.3641825778452137,-0.286372042463658,-0.2604540741357849,0.3136927465308636,0.7870064581602697,fezouata trophic species
-0.6666666690222222,0.0,0.12345679065660721,2.40000001272,-0.8947368422520776,0.49090909020826434,2.60000002968,0.1737660585242677,0.15917211485013816,-0.10416902778059067,0.5366285561745192,-0.08880120495030108,-0.4562059853157169,-0.18697845418814607,-0.1302655079910232,0.32427716586650385,0.6880103579360987,fezouata trophic species
-1.0,-0.10000000742000001,0.19753086531230002,2.40000001272,-0.9473684197313019,0.581818180416529,1.8000000254400002,-1.0,-1.0,-1.0,0.7074959520272401,-0.08037661954460207,-0.5654831074922964,-0.2481033884839152,-0.25456941289768625,0.37965595902297183,0.6675945024706225,fezouata trophic species
-1.0,0.09999999682000006,0.17283950665752176,3.2000000381600007,-0.763157895764543,0.5090909078644628,3.60000002968,0.32620320892670657,-0.15910319588849517,-0.47096687551749783,0.45722192224579283,-0.13128744725975036,-0.49482130986143913,-0.2391390267919826,-0.19509060051413932,0.44140646720984233,0.5018413588058932,fezouata trophic species
-0.40000000282666665,0.29999999046000003,0.0370370373278464,1.2000000169600002,-0.9210526309916897,0.6181818176561984,1.8000000254400002,0.2941176472733564,0.41206918859247715,0.0,0.6364362108010414,-0.09384216609710964,-0.09774193959028823,-0.23918223657072354,-0.17934117913999267,0.2946606835433476,0.4387846413517577,fezouata trophic species
-1.0,0.09999999682000006,0.17283950665752176,3.2000000381600007,-0.9210526309916897,0.5454545431768595,2.40000001272,-1.0,-1.0,-1.0,0.6137944271123925,-0.10638944783488338,-0.4601042983060073,-0.22106296373443293,-0.19453286121031338,0.31568713253405456,0.6884092812831722,fezouata trophic species
-1.0,0.39999999788,0.13580246932967535,1.4000000127200003,-0.9736842112603877,0.5636363627603306,2.40000001272,-0.39215686262591315,-1.0,-1.0,0.537148985885043,-0.07930273392119178,-0.4854422732533073,-0.19693738763046637,-0.19235889813765403,0.36163106948164747,0.8063834510713785,fezouata trophic species
-1.0,-0.20000000423999992,0.20987654398536817,2.2000000169600002,-0.9210526309916897,0.581818180416529,4.0000000424,-1.0,-1.0,-1.0,0.7540123039526835,-0.11904192375841385,-0.40361425170382,-0.27098392400389665,-0.1901850795659758,0.3950326152780994,0.7411872944089162,fezouata trophic species
-1.0,-0.20000000423999992,0.20987654398536817,1.2000000169600002,-0.9736842112603877,0.6545454529685949,2.40000001272,-1.0,-1.0,-1.0,0.8299896085537505,-0.1194631924746311,-0.3457832963155376,-0.24368809652985582,-0.1800624229459807,0.3804571744526389,0.6304699124263161,fezouata trophic species
-1.0,0.00952380316380952,0.1840094071571407,2.432380977740191,-0.9468671680470386,0.5785281370013381,2.0285714521942855,-1.0,-1.0,-1.0,0.7572243378912479,-0.1427067728781506,-0.49257421482571057,-0.21291250103100579,-0.20069104802710958,0.4066339406604817,0.6099493886806125,fezouata trophic species
-0.40000000282666665,0.19999999364000012,0.04938271600091455,2.60000002968,-0.8684210535124653,0.49090909020826434,3.40000003392,0.18027793676083873,0.15795823146311258,0.022532212444376216,0.4801248723801887,-0.07997176335600326,-0.39948878689195094,-0.30790875119221284,-0.36988590358528356,0.3277965297302257,0.46882035216086715,fezouata trophic species
-1.0,-0.0914285718525714,0.19647266338582542,2.634285729913143,-0.840601504141116,0.5601731596725698,2.634285729913143,-1.0,-1.0,-1.0,0.5852900266838434,-0.07803693597315188,-0.3924380461575861,-0.17416017429050745,-0.16068085775224064,0.2997242052360511,0.8541128533310649,fezouata trophic species
-0.8666666633688889,0.29999999046000003,0.12345679065660721,1.6000000084800001,-0.8684210535124653,0.5454545431768595,1.2000000169600002,-0.08823529393886972,0.07861172948051566,-0.4177607499306818,0.5854302479738231,-0.09583573080089657,-0.35023596720972633,-0.07780027417259393,-0.0730145181367245,0.4074273615298188,0.5185312940293169,fezouata trophic species
-1.0,0.39999999788,0.13580246932967535,2.40000001272,-0.9473684197313019,0.6363636353123968,3.0000000212,-1.0,-1.0,-1.0,0.4503174766019087,-0.10238725347843101,-0.37251832384381156,-0.2696395730886333,-0.24880385002502614,0.33171850179182505,0.6501222861196111,fezouata trophic species
-0.6666666690222222,0.09999999682000006,0.11111111198353919,1.2000000169600002,-0.8157894732437673,0.4727272706247933,1.2000000169600002,0.08771929833092532,0.22583732417269234,-0.10800606279470498,0.4878009314264742,-0.11324834428939165,-0.2766197885849626,-0.2120343961301202,-0.22305622021673652,0.34760216216555245,0.3261649239252749,fezouata trophic species
-1.0,-0.10000000742000001,0.19753086531230002,2.60000002968,-1.0,0.6727272706247933,2.60000002968,-1.0,-1.0,-1.0,0.753549017795798,-0.07934655099124584,-0.35550128950065796,-0.2861360055951957,-0.2743070909069875,0.31929547819192455,0.6682267003029081,fezouata trophic species
-1.0,0.19999999364000012,0.1604938279844536,2.60000002968,-0.8421052619833795,0.5636363627603306,3.0000000212,-1.0,-1.0,-1.0,0.6386083387599869,-0.11384618985901725,-0.4361987166679513,-0.20491538092667902,-0.21158176184479668,0.3577510034925959,0.7636485410383026,fezouata trophic species
-0.9333333352177778,0.0,0.17283950665752176,2.80000002544,-0.8421052619833795,0.5636363627603306,2.40000001272,0.11437908498321145,-0.2028347923414873,-0.362314768518729,0.7485360399422396,-0.1023124974600783,-0.30190612085189494,-0.2440401117584654,-0.2278361878749538,0.3950448409661888,0.5172846526542441,fezouata trophic species
-1.0,0.0,0.18518518533058992,1.6000000084800001,-0.8684210535124653,0.5636363627603306,2.40000001272,-1.0,-1.0,-1.0,0.6629085536059202,-0.10696773149352429,-0.34609138353067925,-0.25804649130768903,-0.24657111282036429,0.38360442688503943,0.4884214387517788,fezouata trophic species
-1.0,-0.20000000423999992,0.20987654398536817,3.40000003392,-0.8947368422520776,0.581818180416529,6.20000005936,-1.0,-1.0,-1.0,0.7488430966180523,-0.04514290257191678,-0.4463679723263334,-0.15428443181768256,-0.10202909673397313,0.5433771711170203,0.9502141170468453,fezouata trophic species
-1.0,-0.20000000423999992,0.20987654398536817,1.8000000254400002,-0.9210526309916897,0.6181818176561984,0.0,0.2156862747481737,-1.0,-0.5412253951913708,0.6737838281918586,-0.07088029004585197,-0.43800478486092537,-0.16640273616517853,-0.18403452174415869,0.29497516410322805,0.5404810104741472,fezouata trophic species
-1.0,-0.30000000105999997,0.2222222226584363,3.0000000212,-0.8157894732437673,0.5454545431768595,2.2000000169600002,-1.0,-1.0,-1.0,0.8435593415222041,-0.09203584563473705,-0.46962667950752796,-0.24540107428133504,-0.24234332282025747,0.30163015755432115,0.7623747594987853,fezouata trophic species
-1.0,0.49999999469999995,0.12345679065660721,1.2000000169600002,-0.9210526309916897,0.5636363627603306,1.0000000212000002,-1.0,-1.0,-1.0,0.4293469025713458,-0.07072441255551114,-0.2772438256636749,-0.21470089173939602,-0.17724973597987645,0.3012438399952421,0.36081307452695455,fezouata trophic species
-1.0,0.09999999682000006,0.17283950665752176,2.0000000212,-0.8157894732437673,0.49090909020826434,2.40000001272,-1.0,-1.0,-1.0,0.5405877048420938,-0.07807836112239913,-0.4389662224628044,-0.14915271603058278,-0.10702717384463918,0.2619572947656978,0.7125415843555668,fezouata trophic species
-0.5999999971733333,0.09999999682000006,0.09876543331047105,1.6000000084800001,-0.8947368422520776,0.45454545296859494,2.2000000169600002,0.36304218658098847,1.0646525444852992,-0.07566182530342044,0.4978039716336498,-0.06828797132066569,-0.3386738397208591,-0.15634004698997372,-0.14895982816074693,0.33593670492001143,0.6422529674390116,fezouata trophic species
-1.0,-0.10000000742000001,0.19753086531230002,3.40000003392,-0.8684210535124653,0.581818180416529,5.60000005088,-1.0,-1.0,-1.0,0.6604418089550113,-0.11656963768404117,-0.47324841537256784,-0.15818267783399664,-0.13306020786909484,0.4580293403732637,1.0602564968750319,fezouata trophic species
-1.0,-0.20000000423999992,0.20987654398536817,2.40000001272,-0.7368421042354572,0.5090909078644628,3.40000003392,-1.0,-1.0,-1.0,0.6693793104979524,-0.1449901198571761,-0.36101591449698434,-0.25837810579545956,-0.20767231900043145,0.40737663328850304,0.5803976577525408,fezouata trophic species
-0.7999999985866667,-0.39999999787999996,0.19753086531230002,2.80000002544,-0.9210526309916897,0.6545454529685949,3.80000002544,0.44362745126345626,1.2612904133684857,-0.3883005267524926,3.5031690486610825,-0.11319561508095068,-0.13962363163287084,-0.20803155400105866,-0.12256655975865567,0.43024939167950976,0.6861810627400623,fezouata trophic species
-1.0,0.39999999788,0.13580246932967535,1.2000000169600002,-0.9473684197313019,0.45454545296859494,2.2000000169600002,-1.0,-1.0,-1.0,0.7790633288329731,-0.06989989442758623,-0.33037639324110724,-0.11993539414995215,-0.12375806558704124,0.3326377673062499,0.572632127919348,fezouata trophic species
-1.0,0.7161904706784763,0.09676660832178022,2.0285714521942855,-0.9203007506758212,0.541818180416529,1.8266666788213333,-1.0,-1.0,-1.0,0.24396240218156248,-0.08851457583315898,-0.4760318661424654,-0.13418474295912117,-0.17027907269221199,0.3445128104192613,0.6233462936228847,fezouata trophic species
-1.0,1.0999999968200003,0.04938271600091455,1.6000000084800001,-0.8684210535124653,0.43636363531239675,2.2000000169600002,-1.0,-1.0,-1.0,0.22420838157222175,-0.060324539690442894,-0.3526619397855272,-0.11668144035163476,-0.11745411997379497,0.3241268883468148,0.929432445133527,fezouata trophic species
-1.0,-0.20000000423999992,0.20987654398536817,2.60000002968,-0.9210526309916897,0.6545454529685949,4.4000000339200005,-1.0,-1.0,-1.0,0.6801874114745008,-0.11100663636100057,-0.43951693050516494,-0.2691786410663561,-0.2578536049230367,0.3939337310551105,0.5825053269572691,fezouata trophic species
-1.0,0.0,0.18518518533058992,2.2000000169600002,-0.8421052619833795,0.5636363627603306,3.0000000212,-1.0,-1.0,-1.0,0.5870110168433625,-0.04972398076913784,-0.3910666547347849,-0.19723504839614742,-0.18481146739424437,0.3832142625396836,0.7038519283737539,fezouata trophic species
-1.0,0.00952380316380952,0.1840094071571407,3.2400000288320006,-0.8140350867698984,0.541818180416529,7.480000057664001,-1.0,-1.0,-1.0,0.5168966621519789,-0.09269226747013597,-0.5939274166658294,-0.2804004397574193,-0.2794939191400917,0.8086651761009688,0.7778264454235584,fezouata trophic species
-1.0,0.21142856379657146,0.15908289339112947,2.432380977740191,-0.9203007506758212,0.48675324457567876,3.4419048022049528,-1.0,-1.0,-1.0,0.7372067947910772,-0.07293570244839345,-0.4019584708502573,-0.21315817702679918,-0.23046259665586466,0.36529527988122656,0.8170506872424395,fezouata trophic species
-1.0,0.39999999788,0.13580246932967535,1.4000000127200003,-0.8684210535124653,0.5272727255206612,1.6000000084800001,0.172268908053386,-0.013359298587817566,-0.4177607499306818,0.46122829587916847,-0.09385707754028705,-0.3882382889289843,-0.11365400456082461,-0.15095728164294583,0.35711463634562807,0.5609074861754343,fezouata trophic species
-1.0,0.09999999682000006,0.17283950665752176,2.80000002544,-0.8684210535124653,0.5090909078644628,2.2000000169600002,-1.0,-1.0,-1.0,0.6213505697160308,-0.04789493768822321,-0.4595530891227836,-0.2549253071343041,-0.29490981418725576,0.30907386476513077,0.6186963773724947,fezouata trophic species
-1.0,-0.10000000742000001,0.19753086531230002,2.80000002544,-0.8947368422520776,0.581818180416529,2.0000000212,-1.0,-1.0,-1.0,0.8616558255968261,-0.10878072945390924,-0.4808636924334771,-0.18062968127867657,-0.16761097209414288,0.3530960613818381,0.7276797189588252,fezouata trophic species
-0.20000000141333324,0.29999999046000003,0.0,1.0000000212000002,-0.8421052619833795,0.5090909078644628,2.60000002968,0.20626235011887495,0.24574828949691507,0.07219100428184617,0.2857594736436021,-0.11756128954824945,-0.2694363210362282,-0.21241115059772997,-0.21125063948868122,0.309294247073845,0.2987853329093336,fezouata trophic species
-1.0,0.31238094941295247,0.1466196358538028,2.432380977740191,-0.8671679187228598,0.596883116257379,3.0380952554590475,-1.0,-1.0,-1.0,0.35798385138977123,-0.04738264009105835,-0.3804003497194352,-0.28600170368754513,-0.2815491483838784,0.24243329873607755,0.7954080505977846,fezouata trophic species
-1.0,-0.20000000423999992,0.20987654398536817,2.2000000169600002,-0.8684210535124653,0.5454545431768595,2.80000002544,-1.0,-1.0,-1.0,0.8844550846570083,-0.07899111105607269,-0.4803897184393607,-0.27264405730361424,-0.27412138744160525,0.34690124070274436,0.5755350922799505,fezouata trophic species
-1.0,-0.20000000423999992,0.20987654398536817,3.0000000212,-0.9210526309916897,0.5454545431768595,3.2000000381600007,-1.0,-1.0,-1.0,0.7169065443790642,-0.08723128326812993,-0.5148204343980992,-0.23818732777752863,-0.22096884114671342,0.42184689418890364,0.7167835936357205,fezouata trophic species
-0.8666666633688889,0.0,0.1604938279844536,2.2000000169600002,-0.9473684197313019,0.581818180416529,2.2000000169600002,0.08061002213345282,0.13981926547981702,-0.362314768518729,0.734156069321834,-0.07660641508328696,-0.24735061985712914,-0.25167160574689934,-0.23746236868093615,0.2875985536333371,0.7471638212663764,fezouata trophic species
-0.7999999985866667,0.39999999788,0.09876543331047105,2.40000001272,-0.789473684504155,0.39999999807272735,3.2000000381600007,0.2607116922864139,0.6077549597107512,-0.11993458674352993,0.46547225946595366,-0.09278314787835598,-0.44527413513905023,-0.1528586679896325,-0.11226327034406933,0.3931519777429479,0.7544417627834156,fezouata trophic species
-1.0,0.00952380316380952,0.1840094071571407,3.0380952554590475,-0.9203007506758212,0.541818180416529,3.845714327750857,-1.0,-1.0,-1.0,0.9971691090026548,-0.1303618821164944,-0.42663521445587554,-0.2114644329868796,-0.08662615587135275,0.5162846454436477,0.7643466253465221,fezouata trophic species
-1.0,0.5999999915200002,0.11111111198353919,2.60000002968,-0.9736842112603877,0.45454545296859494,3.0000000212,-1.0,-1.0,-1.0,0.515232476206504,-0.0851504656720018,-0.3767162206727704,-0.16524018643705515,-0.08812394466561531,0.4769658720082731,0.8833273789553003,fezouata trophic species
-1.0,0.29999999046000003,0.14814814931138545,3.0000000212,-0.9473684197313019,0.45454545296859494,4.60000002968,0.26244343920832214,0.025964400809839635,-0.43411074372481145,0.8562003160072617,-0.08746057674754465,-0.38193758673155104,-0.09749064755578715,-0.05404481850639816,0.38583257646271535,0.9809286435150203,fezouata trophic species
-0.40000000282666665,0.09999999682000006,0.06172839598262465,3.0000000212,-0.8684210535124653,0.5090909078644628,3.60000002968,0.15779645228584235,0.05152966242362162,-0.022455700224609874,0.6386731735997644,-0.08765421412395027,-0.3818665780460453,-0.17023891136848102,-0.1572226537045236,0.4012086136859031,0.9112475648189705,fezouata trophic species
-0.7999999985866667,0.09999999682000006,0.13580246932967535,2.80000002544,-0.9210526309916897,0.6181818176561984,3.60000002968,0.14417531730277935,-0.007052363387703954,-0.22200041520400282,0.6382505695299903,-0.09165284387669659,-0.42142955538743715,-0.20650835956064606,-0.2012934742593382,0.32562524552123046,0.8023380679840532,fezouata trophic species
-1.0,0.21142856379657146,0.15908289339112947,2.8361905032860952,-0.9468671680470386,0.5785281370013381,5.259047656561523,-1.0,-1.0,-1.0,0.5894167613975646,-0.1007593355807188,-0.4233693892895384,-0.3071652570311536,-0.26184827214717066,0.39066958488653203,0.7651686939078618,fezouata trophic species
-1.0,-0.08269230628576925,0.1953941120766241,3.8923077304676923,-0.8390688250356916,0.5010489499808646,4.096153872653846,-1.0,-1.0,-1.0,0.8321633069352042,-0.13253805695105306,-0.2926701016081864,-0.2005331904366856,-0.15947538130627412,0.41807356765369735,0.7857579869339469,fezouata trophic species
-1.0,-0.29333333248533333,0.22139917715183663,2.2304762043672377,-0.9734335826287824,0.6152380935861471,1.624761926648381,-1.0,-1.0,-1.0,0.6687406770842588,-0.10135049610287142,-0.37107258279641675,-0.099636119528285,-0.0689480601978936,0.3111777107249266,0.7618251968024736,fezouata trophic species
-1.0,0.19999999364000012,0.1604938279844536,2.0000000212,-0.8421052619833795,0.5090909078644628,2.80000002544,-1.0,-1.0,-1.0,0.5951093977934083,-0.044630686760576375,-0.3662994906722343,-0.16863068414583735,-0.17757850362682262,0.2944260611873171,0.6871943862498286,fezouata trophic species
-0.4564102560116238,0.5288461455903848,0.01923076996058885,1.853846181406154,-0.7586032375535372,0.4269230748846153,2.261538486978462,0.29428668054789925,0.08033142325008355,0.048755840150282205,0.3331418243256963,-0.07259514501679837,-0.37393734653176053,-0.23171162484383395,-0.18967079564810002,0.30415097201956276,0.57770088686738,fezouata trophic species
-1.0,-0.20000000423999992,0.20987654398536817,2.80000002544,-0.8947368422520776,0.5272727255206612,3.80000002544,-1.0,-1.0,-1.0,-0.6850916760278567,-0.12753524322929313,-0.3947260608321988,-0.14940934517522403,-0.11285022019281175,0.3872382307132518,0.6165124814548123,fezouata trophic species
-1.0,0.0,0.18518518533058992,2.2000000169600002,-0.8421052619833795,0.581818180416529,1.4000000127200003,0.2156862747481737,0.3858350259870364,-0.4919945836929878,0.569528676146778,-0.11831381350220388,-0.2638197150183992,-0.17167841080450078,-0.12898061183538065,0.31942789552234235,0.5456351098985787,fezouata trophic species
-1.0,-0.10000000742000001,0.19753086531230002,2.40000001272,-0.8947368422520776,0.6545454529685949,0.2000000169600002,0.14814814844081325,-0.307082488045858,-0.5152396369576072,0.842067217203628,-0.11817472475427429,-0.23671658465206585,-0.23995347811495604,-0.1529420732266768,0.3069064296551095,0.6364786982993471,fezouata trophic species
-1.0,-0.20000000423999992,0.20987654398536817,2.60000002968,-0.8421052619833795,0.5272727255206612,1.8000000254400002,-1.0,-1.0,-1.0,0.6973187100914605,-0.1065390643057955,-0.41466726813028615,-0.22450209657181244,-0.18911708430912202,0.3181610547516706,0.6952659113808403,fezouata trophic species
-1.0,0.09999999682000006,0.17283950665752176,2.2000000169600002,-0.9210526309916897,0.5636363627603306,3.2000000381600007,-1.0,-1.0,-1.0,0.7403678722622706,-0.047157240875134745,-0.5029459451227094,-0.2049003669316743,-0.16074318857884598,0.38539187274631176,1.1446338602521462,fezouata trophic species
-1.0,-0.30000000105999997,0.2222222226584363,3.80000002544,-0.9210526309916897,0.6363636353123968,6.4000000551200005,-1.0,-1.0,-1.0,0.9031107761143328,-0.06719410982417433,-0.550177444025489,-0.22371264877691255,-0.2213237059992562,0.5257949603354746,0.9755822006961604,fezouata trophic species
-1.0,0.49999999469999995,0.12345679065660721,2.60000002968,-0.8157894732437673,0.45454545296859494,3.40000003392,0.29673202619543754,0.07346319368343761,-0.40253927035666687,0.3548648014357636,-0.12403783224009636,-0.4527261867306829,-0.2099665731782673,-0.1528645993540757,0.4031106089793315,0.583471819683429,fezouata trophic species
-1.0,0.6152380850620952,0.10922986585910686,3.2400000288320006,-0.8937343360940774,0.4500432879908697,3.2400000288320006,-1.0,-1.0,-1.0,0.386588471345659,-0.09781639095981572,-0.46857177112556275,-0.14669565763386447,-0.14157966387117737,0.3861637701140755,0.7820124115655369,fezouata trophic species
-0.8653968257692275,-0.0914285718525714,0.17154614961981404,3.4419048022049528,-0.9734335826287824,0.5601731596725698,2.634285729913143,0.013071895826092523,0.2349630311842336,-0.362314768518729,0.6951023301928765,-0.056975396335175205,-0.31512372484850376,-0.18349631350075615,-0.1538402338531627,0.34962327138443267,0.8889306043268315,fezouata trophic species
-0.5999999971733333,-0.30000000105999997,0.14814814931138545,2.40000001272,-0.8947368422520776,0.581818180416529,2.40000001272,0.2780291608976528,0.33146722401459083,-0.19173056194961224,0.823231035335215,-0.13367895913732827,-0.3994740707417628,-0.25329979273366976,-0.23203970992052023,0.41566165578504494,0.36557045510183106,fezouata trophic species
-1.0,-0.0914285718525714,0.19647266338582542,1.4228571532754288,-0.8671679187228598,0.596883116257379,0.4133333500106668,0.2156862747481737,-1.0,-0.5152396369576072,0.5476751935534533,-0.06299275062782131,-0.30377184769073345,-0.24793036525746232,-0.3173711337171766,0.28262243955891436,0.3580554650313769,fezouata trophic species
-0.9326984093512805,0.11047618878019054,0.15908289339112947,1.4228571532754288,-0.6812030082822319,0.4683982672469107,0.009523824464761967,-0.39215686262591315,-1.0,-0.4919945836929878,0.35507117955031414,-0.09924871868728095,-0.3647004668818212,-0.22177720940977252,-0.24481232569723096,0.26331317977334096,0.5009273362755973,fezouata trophic species
-1.0,0.9999999894,0.06172839598262465,2.40000001272,-0.9210526309916897,0.4727272706247933,3.2000000381600007,-1.0,-1.0,-1.0,0.47168815833811845,-0.06168444040818947,-0.3031615267687974,-0.12641118616985134,-0.06504001474369782,0.34201132470598766,1.265909282821194,fezouata trophic species
-1.0,0.4269230755776924,0.1324786325625198,2.6692307925507692,-0.8658906884595675,0.5195804173094722,3.076923098123077,-1.0,-1.0,-1.0,0.5163903662440286,-0.0627715715604435,-0.5983752546399128,-0.19661714202716482,-0.16074595544422254,0.3738579069814254,0.869390387895496,fezouata trophic species
-1.0,0.11047618878019054,0.17154614961981404,2.432380977740191,-0.9468671680470386,0.5234632011604881,1.4228571532754288,-1.0,-1.0,-1.0,0.36749847251012024,-0.07742118182444074,-0.46716121062442706,-0.33809529534373,-0.3642771998117119,0.2575535663003995,0.48976235690267433,fezouata trophic species
-0.730793651538455,-0.29333333248533333,0.17154614961981404,2.2304762043672377,-0.9734335826287824,0.6886580067557654,1.2209524011024764,0.42609351451492017,0.3071116217626775,-0.2811858752859332,0.8515736221925992,-0.08660968206208644,-0.17658728513777142,-0.3032415130583309,-0.26253489811584757,0.28766724690619533,0.425028912044114,fezouata trophic species
-0.8666666633688889,0.19999999364000012,0.13580246932967535,0.80000000424,-0.7368421042354572,0.43636363531239675,0.2000000169600002,0.2156862747481737,-1.0,-0.2988452134161717,0.3298108306764788,-0.051837176744076466,-0.3430839800027954,-0.19688355283706424,-0.2483557015789055,0.283904079278716,0.15716999764532838,fezouata trophic species
-1.0,0.0,0.18518518533058992,3.2000000381600007,-0.9210526309916897,0.5636363627603306,4.0000000424,-1.0,-1.0,-1.0,0.858985566446218,-0.07186525560434398,-0.40518977679320967,-0.18598305245128616,-0.12793440995376604,0.3484251662860672,0.8463637606099624,fezouata trophic species
-1.0,0.49999999469999995,0.12345679065660721,3.2000000381600007,-0.8684210535124653,0.5090909078644628,5.20000003816,-1.0,-1.0,-1.0,0.4127365288950562,-0.06442339860027502,-0.5013467016541097,-0.16527233022442223,-0.14158713194460934,0.41375767157205845,1.1463776138458912,fezouata trophic species
-1.0,0.09999999682000006,0.17283950665752176,2.0000000212,-0.8421052619833795,0.5090909078644628,1.8000000254400002,-1.0,-1.0,-1.0,0.5613565054935644,-0.06872507503075581,-0.3754768672816914,-0.17194641328792126,-0.17577482924438115,0.2899600371404054,0.37262994629496987,fezouata trophic species
-1.0,0.19999999364000012,0.1604938279844536,3.2000000381600007,-0.8947368422520776,0.5636363627603306,7.000000063600001,-1.0,-1.0,-1.0,0.6229641767865552,-0.10289497610239592,-0.41897068142656335,-0.19598978509665094,-0.1552148174984217,0.681620333694741,0.8662647259053982,fezouata trophic species
-1.0,0.29999999046000003,0.14814814931138545,3.2000000381600007,-0.9210526309916897,0.5454545431768595,2.60000002968,-1.0,-1.0,-1.0,0.3735979067431181,-0.06180371433820019,-0.3686474843567335,-0.14005117197705294,-0.16580408749104175,0.2770617149581771,0.8350735192429601,fezouata trophic species
-1.0,0.0,0.18518518533058992,2.2000000169600002,-0.9210526309916897,0.5454545431768595,2.0000000212,-1.0,-1.0,-1.0,0.6881888963686236,-0.10356365448728352,-0.32477355143465775,-0.2309139736942663,-0.20330501001896728,0.31742732613784336,0.6396565583738085,fezouata trophic species
-1.0,0.0,0.18518518533058992,2.60000002968,-0.8947368422520776,0.5454545431768595,5.800000046640001,-1.0,-1.0,-1.0,0.7271473283735987,-0.1083458666754112,-0.3986916868801681,-0.22613727088655874,-0.1613606659019007,0.4877943849657151,0.8719250868047516,fezouata trophic species
-0.9333333352177778,0.29999999046000003,0.13580246932967535,0.40000001272000013,-0.9210526309916897,0.581818180416529,0.80000000424,0.13970588257641284,0.2729707555002218,-0.2988452134161717,0.5620567136190106,-0.10407793633437591,-0.09470074452301261,-0.27551769021660044,-0.1812504082050087,0.2949821939316968,0.25516512585567036,fezouata trophic species
-1.0,0.19999999364000012,0.1604938279844536,1.8000000254400002,-1.0,0.5454545431768595,2.80000002544,-1.0,-1.0,-1.0,0.7117904529455829,-0.11058498262228629,-0.3213600041294007,-0.20518984215992847,-0.19773081734902745,0.3042965724946945,0.5133287508705004,fezouata trophic species
-1.0,-0.0914285718525714,0.19647266338582542,2.432380977740191,-0.9468671680470386,0.5601731596725698,3.845714327750857,-1.0,-1.0,-1.0,0.8429063349172784,-0.07894774569541882,-0.40767708992599105,-0.1897578962570747,-0.17017000565056312,0.4129030251289941,0.7151548248973535,fezouata trophic species
-1.0,0.19999999364000012,0.1604938279844536,2.2000000169600002,-0.9210526309916897,0.5999999980727273,3.40000003392,-1.0,-1.0,-1.0,0.5696450934840621,-0.13126145194998382,-0.38714037854199124,-0.23893261405606914,-0.12822644643655287,0.46634688016278075,0.5189509846106197,fezouata trophic species
-1.0,-0.30000000105999997,0.2222222226584363,2.80000002544,-0.9473684197313019,0.6181818176561984,2.60000002968,-1.0,-1.0,-1.0,0.5121635979199342,-0.05370132355912358,-0.42334494780296406,-0.26008666635596367,-0.33704047754093086,0.22801607723235512,0.6109344717489975,fezouata trophic species
-1.0,-0.10000000742000001,0.19753086531230002,2.80000002544,-0.8684210535124653,0.5272727255206612,4.20000003816,-1.0,-1.0,-1.0,0.5928331649716049,-0.05938470606641471,-0.36305139994283653,-0.23234973150969546,-0.2246379427342776,0.32187022167135215,0.76979251900336,fezouata trophic species
-1.0,0.09999999682000006,0.17283950665752176,2.0000000212,-0.9736842112603877,0.5999999980727273,2.60000002968,-1.0,-1.0,-1.0,0.786536701779489,-0.08615690063855526,-0.4207473081659034,-0.17066715617754338,-0.16492968249743598,0.39643570089298974,0.777850355742801,fezouata trophic species
-1.0,0.29999999046000003,0.14814814931138545,2.40000001272,-0.7368421042354572,0.43636363531239675,6.80000004664,-1.0,-1.0,-1.0,0.3831253935642614,-0.10174304163751301,-0.47722807336470663,-0.17917184493222285,-0.19942163318112313,0.5303207020775648,0.8992821596081126,fezouata trophic species
-1.0,-0.20000000423999992,0.20987654398536817,1.8000000254400002,-0.9473684197313019,0.5999999980727273,2.0000000212,-1.0,-1.0,-1.0,0.6470129228953518,-0.06330961785165812,-0.26649333813656634,-0.18664339800334032,-0.19679175966077928,0.29984535048050887,0.5245359548497452,fezouata trophic species
-1.0,0.49999999469999995,0.12345679065660721,2.60000002968,-0.8157894732437673,0.45454545296859494,4.20000003816,0.05359477124580284,-0.04847657778362195,-0.40253927035666687,0.3966651638748824,-0.060890491304987776,-0.28455336332006176,-0.17856235424002892,-0.1339085058047645,0.34009685318227767,0.7669883153428719,fezouata trophic species
-1.0,-0.10000000742000001,0.19753086531230002,2.0000000212,-0.8684210535124653,0.5272727255206612,1.6000000084800001,-1.0,-1.0,-1.0,0.7517999702160197,-0.09716198483043063,-0.5060603960002744,-0.2799830664348507,-0.2870977725904479,0.46928168052503033,0.2891964864458264,fezouata trophic species
-0.7999999985866667,-0.20000000423999992,0.17283950665752176,0.80000000424,-0.9473684197313019,0.6545454529685949,0.6000000084800001,0.18805704150746214,0.3574221062165591,-0.3180420070786196,0.8722581037417959,-0.12000199874489201,-0.12944479480191257,-0.1821834708912675,-0.1308710623410812,0.4197208910485122,0.36669206715787545,fezouata trophic species
-1.0,0.29999999046000003,0.14814814931138545,2.0000000212,-0.8684210535124653,0.5636363627603306,1.0000000212000002,-1.0,-1.0,-1.0,0.647473520248692,-0.0632524772416661,-0.18006291212557435,-0.1567432556060208,-0.13198450972471482,0.27569128848168795,0.5568990471538627,fezouata trophic species
-1.0,0.49999999469999995,0.12345679065660721,2.40000001272,-0.8947368422520776,0.4727272706247933,2.0000000212,-1.0,-1.0,-1.0,0.37974634901723736,-0.10616721687597788,-0.41556901962652754,-0.09461759964221075,-0.09850515951836865,0.3341614623907558,0.7612489198553702,fezouata trophic species
-1.0,-0.10000000742000001,0.19753086531230002,3.0000000212,-0.8421052619833795,0.581818180416529,4.4000000339200005,-1.0,-1.0,-1.0,0.7650031238759799,-0.08016584111761788,-0.32271811417517,-0.29924764191006625,-0.2259415090734998,0.3668523811053163,0.6845261870722239,fezouata trophic species
-1.0,0.39999999788,0.13580246932967535,2.60000002968,-0.8157894732437673,0.5090909078644628,2.80000002544,-1.0,-1.0,-1.0,0.36027345583685444,-0.047538171564449255,-0.2874474243452296,-0.25500876012117474,-0.2861185928911544,0.29737689933347533,0.5029802164212396,fezouata trophic species
-1.0,0.00952380316380952,0.1840094071571407,3.2400000288320006,-0.9203007506758212,0.6519480501709564,4.047619079923809,-1.0,-1.0,-1.0,0.6621635119333376,-0.09466493652487658,-0.4133245584407237,-0.27435996005214236,-0.24506073602018066,0.3787928049379532,0.8123047826743245,fezouata trophic species
-1.0,0.0,0.18518518533058992,1.8000000254400002,-0.8947368422520776,0.5454545431768595,2.0000000212,-1.0,-1.0,-1.0,0.9549745166309752,-0.14272716271332817,-0.35708250791638385,-0.08629194446325025,-0.07739303087039315,0.3163505058166642,0.7884308001761261,fezouata trophic species
-0.5999999971733333,-0.10000000742000001,0.12345679065660721,3.40000003392,-1.0,0.7090909078644627,4.0000000424,0.4931798808614076,0.2931052573998597,-0.15531001533709496,0.8984048718007365,-0.07278548705359708,-0.13516885091276487,-0.23240526488006388,-0.07397167128874117,0.3560415988261045,0.9717034366073508,fezouata trophic species
-1.0,-0.10000000742000001,0.19753086531230002,2.0000000212,-0.9210526309916897,0.5999999980727273,2.2000000169600002,-1.0,-1.0,-1.0,0.6714054553862755,-0.06616113472843851,-0.41955918327027775,-0.21477559943052127,-0.21562631310648273,0.29584558314092685,0.7778198043254874,fezouata trophic species
-1.0,0.19999999364000012,0.1604938279844536,3.40000003392,-1.0,0.6363636353123968,5.4000000339200005,-1.0,-1.0,-1.0,0.554559422372639,-0.06680941824517472,-0.5996257704288488,-0.2544270984745081,-0.2324724657280413,0.4752898195184318,0.8847346371012971,fezouata trophic species
-1.0,-0.10000000742000001,0.19753086531230002,3.2000000381600007,-0.9736842112603877,0.7454545431768596,2.60000002968,-1.0,-1.0,-1.0,0.8125515740911391,-0.09754687017892218,-0.36948627059273914,-0.3237670503070525,-0.32411807664497877,0.26732160199659644,0.6983132131460739,fezouata trophic species
-1.0,0.5142857100457142,0.12169312208779158,1.624761926648381,-0.9203007506758212,0.37662337482125136,3.0380952554590475,-1.0,-1.0,-1.0,0.4736581065331005,-0.13519911351615002,-0.39257481413526346,-0.060973533775927596,-0.031384691899400526,0.42693635663475715,0.6325735275640509,fezouata trophic species
-0.798095235120508,-0.0914285718525714,0.15908289339112947,2.8361905032860952,-0.9734335826287824,0.633593072842188,3.2400000288320006,0.2156862747481737,-0.32556361877565126,-0.3390697152541096,0.8453016438534983,-0.06673801922035823,-0.3817156156538731,-0.2533669726405115,-0.22803865017002953,0.2864248089450619,0.7745342354205534,fezouata trophic species
-1.0,0.0,0.18518518533058992,2.40000001272,-0.8684210535124653,0.5272727255206612,2.2000000169600002,-1.0,-1.0,-1.0,0.4797394615751807,-0.09998046400883052,-0.5809021889761966,-0.22352160638082197,-0.24168279241512042,0.3616980976125502,0.5975447363532177,fezouata trophic species
-1.0,0.7999999957599999,0.08641975332876095,2.80000002544,-0.8947368422520776,0.5272727255206612,2.40000001272,0.11437908498321145,-0.2028347923414873,-0.362314768518729,0.32556986356113715,-0.08252332380097309,-0.4010115709100397,-0.16222088421671937,-0.15344254252234882,0.4331848133863963,0.8052577139627318,fezouata trophic species
-1.0,-0.30000000105999997,0.2222222226584363,2.40000001272,-0.9736842112603877,0.7454545431768596,2.0000000212,0.12885154075075508,-0.21430539249964997,-0.5706856183695599,0.8572792374024353,-0.1025885434915259,-0.38701329471104007,-0.31734521186216136,-0.30084574864279295,0.34348990909058047,0.5392169579066854,fezouata trophic species
-1.0,-0.30000000105999997,0.2222222226584363,3.40000003392,-0.9736842112603877,0.6545454529685949,4.0000000424,-1.0,-1.0,-1.0,0.8183435053653436,-0.09019306379354454,-0.4824934528634994,-0.20323156257471503,-0.20120734510638105,0.36721269315572486,0.8486740858406251,fezouata trophic species
-1.0,0.09999999682000006,0.17283950665752176,2.2000000169600002,-0.8684210535124653,0.5636363627603306,2.0000000212,-1.0,-1.0,-1.0,0.48832200403128284,-0.07778660214669364,-0.47594322370585573,-0.266754118436305,-0.2732194550111015,0.31054777518876203,0.5694111716930339,fezouata trophic species
-1.0,-0.30000000105999997,0.2222222226584363,1.4000000127200003,-0.8947368422520776,0.6545454529685949,1.8000000254400002,-1.0,-1.0,-1.0,0.7061532527110693,-0.08727807860044028,-0.24217986444890222,-0.22662388794637411,-0.20196101296205818,0.26487097711927593,0.40570798593304996,fezouata trophic species
-1.0,0.39999999788,0.13580246932967535,1.2000000169600002,-0.8157894732437673,0.49090909020826434,1.6000000084800001,0.1751633987206202,0.6605254814930835,-0.40253927035666687,0.35885939813429035,-0.08208482973186598,-0.3608598445869735,-0.14749585516411198,-0.0998897416462854,0.4335138608547915,0.7602390154857628,fezouata trophic species
-1.0,0.49999999469999995,0.12345679065660721,1.4000000127200003,-0.8684210535124653,0.5090909078644628,2.60000002968,-1.0,-1.0,-1.0,0.3340638161719318,-0.07727080034150836,-0.41643834799541446,-0.16618576819879746,-0.1691543033282984,0.29927592049835544,0.5520350422508709,fezouata trophic species
-1.0,-0.10000000742000001,0.19753086531230002,2.40000001272,-0.9210526309916897,0.6181818176561984,3.0000000212,-1.0,-1.0,-1.0,0.6307743370818305,-0.08343602466315204,-0.48511285208260607,-0.19333660639018344,-0.20074616694111314,0.3290506121215622,0.7064639976529947,fezouata trophic species
-0.9333333352177778,0.09999999682000006,0.1604938279844536,0.6000000084800001,-0.9736842112603877,0.581818180416529,1.2000000169600002,0.2156862747481737,-0.07035360439195171,-0.47096687551749783,0.6940448567053152,-0.08486749301033797,-0.30484643100028636,-0.13122826433022533,-0.15018319973957636,0.27588070840081796,0.48233812587676084,fezouata trophic species
-1.0,0.0,0.18518518533058992,3.0000000212,-0.8947368422520776,0.5272727255206612,1.0000000212000002,0.38146167601597286,0.6344096061433091,-0.47096687551749783,0.6325536467609255,-0.12451006484918818,-0.29644476552750587,-0.2170319599713471,-0.18507438857139766,0.3444979436310147,0.4601263305641109,fezouata trophic species
-1.0,0.0,0.18518518533058992,2.80000002544,-0.9473684197313019,0.6545454529685949,2.60000002968,-1.0,-1.0,-1.0,0.49495366794361356,-0.07860709389556467,-0.46224102335948225,-0.13528431319494696,-0.16388381723742518,0.298466137296608,0.8545745476745736,fezouata trophic species
-1.0,-0.30000000105999997,0.2222222226584363,2.2000000169600002,-0.8684210535124653,0.6181818176561984,1.4000000127200003,-1.0,-1.0,-1.0,0.8472725113502891,-0.10540841302894276,-0.2929129558434786,-0.22340359982475144,-0.22394774036631862,0.31474826536939643,0.5209262932603849,fezouata trophic species
-1.0,-0.30000000105999997,0.2222222226584363,1.6000000084800001,-0.8421052619833795,0.5090909078644628,2.40000001272,-1.0,-1.0,-1.0,0.6392680104058565,-0.05309984418240194,-0.40656529175863854,-0.13031436162281657,-0.11419408916930571,0.31306091072853204,0.8381203635453816,fezouata trophic species
-0.46158730307691004,-0.19238095746895242,0.10922986585910686,2.2304762043672377,-0.9468671680470386,0.6886580067557654,1.2209524011024764,0.2890466532919699,0.40813456320620783,-0.10416902778059067,0.79025976675013,-0.07386808727117208,-0.33211929480217456,-0.22919883560232698,-0.24219905501120328,0.3022000030510642,0.5003753364067156,fezouata trophic species
-1.0,-0.0914285718525714,0.19647266338582542,2.2304762043672377,-0.9203007506758212,0.6152380935861471,2.0285714521942855,-1.0,-1.0,-1.0,0.5543820723952461,-0.0618926444690661,-0.46247635132856874,-0.25566502404029084,-0.26811710730612476,0.32759160857292813,0.6752145709603772,fezouata trophic species
-0.5999999971733333,0.09999999682000006,0.09876543331047105,0.80000000424,-0.8684210535124653,0.49090909020826434,1.4000000127200003,-0.025521319554023834,0.21209235046900538,-0.08592525532716713,0.5850839866749248,-0.041676651981866646,-0.1555407990801818,-0.13885017412782116,-0.12462558379525276,0.2665873653602928,0.7189740202294156,fezouata trophic species
-1.0,-0.39999999787999996,0.23456790133150432,2.2000000169600002,-0.8684210535124653,0.45454545296859494,2.0000000212,-1.0,-1.0,-1.0,0.7777957839821187,-0.11021344723684531,-0.1317833697841611,-0.2906643731839044,-0.1657659605787695,0.382657499199878,0.3023776858410731,fezouata trophic species
-1.0,-0.39428571810171426,0.2338624346891633,2.8361905032860952,-0.9734335826287824,0.6703030294269972,2.634285729913143,-1.0,-1.0,-1.0,1.0978471063439492,-0.12975732004330967,-0.4249216239145189,-0.15431513389330642,-0.133553486598901,0.35482909256252076,0.8864227853014547,fezouata trophic species
-0.6634920608897354,-0.39428571810171426,0.17154614961981404,3.2400000288320006,-0.9734335826287824,0.633593072842188,3.4419048022049528,0.013071895826092523,0.008343092019799814,-0.362314768518729,1.0208869800867182,-0.09235276193006857,-0.3837126391105538,-0.28497181519613857,-0.2458457950719434,0.31630515382534746,0.8366615382982108,fezouata trophic species
-0.20000000141333324,0.5999999915200002,-0.037037036019204314,0.6000000084800001,-0.8421052619833795,0.45454545296859494,1.0000000212000002,0.2017662031179933,0.2753356005137022,0.0755852861593673,0.42188977185741305,-0.09566586793456065,-0.22179052966834112,-0.19441618568171098,-0.10599422171775681,0.2643994451497232,0.4915049589520983,fezouata trophic species
-1.0,0.19999999364000012,0.1604938279844536,1.2000000169600002,-0.8947368422520776,0.5636363627603306,1.0000000212000002,-1.0,-1.0,-1.0,0.5056352010101549,-0.13258782173791564,-0.28014633056914023,-0.22086112112081224,-0.15105317118035316,0.3615704714197498,0.45886999965343234,fezouata trophic species
-1.0,-0.20000000423999992,0.20987654398536817,1.8000000254400002,-0.8157894732437673,0.5090909078644628,3.40000003392,-1.0,-1.0,-1.0,0.502592652596821,-0.09579295429817929,-0.47039627855632504,-0.1942312323277006,-0.2157703477434993,0.3197113905656669,0.5801430363172941,fezouata trophic species
-1.0,-0.39999999787999996,0.23456790133150432,3.0000000212,-0.9473684197313019,0.5090909078644628,4.800000046640001,-1.0,-1.0,-1.0,1.4456961361264147,-0.08138113568988758,-0.4845736748567279,-0.20184420380944107,-0.18233087652382124,0.5277344082176187,0.8632312032355681,fezouata trophic species
-1.0,0.0,0.18518518533058992,2.60000002968,-0.9210526309916897,0.6181818176561984,4.20000003816,-1.0,-1.0,-1.0,0.7071815713746911,-0.11561881833641302,-0.28021852917815676,-0.23621936452188202,-0.13970996239271655,0.5148778225101461,0.7402568781466243,fezouata trophic species
-1.0,0.5999999915200002,0.11111111198353919,2.0000000212,-0.8947368422520776,0.4181818176561984,2.0000000212,-1.0,-1.0,-1.0,0.5529714578584274,-0.07803115182799228,-0.30675688523324357,-0.2091727512507247,-0.1422290430699213,0.3455376081596138,0.5499400518646097,fezouata trophic species
-1.0,0.0,0.18518518533058992,1.8000000254400002,-0.789473684504155,0.49090909020826434,1.2000000169600002,0.09411764727335635,-0.1235209725062921,-0.4919945836929878,0.501523503359308,-0.12585010545225142,-0.28841407701572597,-0.2089286045681093,-0.20109682484463823,0.32265815605212556,0.44031847472559754,fezouata trophic species
-1.0,-0.20000000423999992,0.20987654398536817,1.6000000084800001,-0.8421052619833795,0.5999999980727273,2.80000002544,0.13970588257641284,-0.2650499911610403,-0.5412253951913708,0.6834650214527797,-0.08426056040648523,-0.17462563902239192,-0.25807652820631893,-0.2113958662587918,0.3590889612427503,0.6849433813262826,fezouata trophic species
-1.0,0.19999999364000012,0.1604938279844536,2.40000001272,-0.8421052619833795,0.581818180416529,3.60000002968,-1.0,-1.0,-1.0,0.5879740161313989,-0.12460844690488301,-0.4569389896399287,-0.22302835982261884,-0.16684145839224374,0.3769762553247145,0.8226429650556303,fezouata trophic species
-1.0,-0.5000000053,0.24691358131321456,2.40000001272,-0.9210526309916897,0.6909090902082644,2.80000002544,-1.0,-1.0,-1.0,0.9897549662397888,-0.04625169941821104,-0.2831623564658484,-0.30902707258932366,-0.3196576121503518,0.2671791105573475,0.6201326568015704,fezouata trophic species
-0.5999999971733333,-0.30000000105999997,0.14814814931138545,2.2000000169600002,-0.8421052619833795,0.5272727255206612,3.0000000212,0.16205305681608878,0.3890735020933798,-0.22200041520400282,0.7894246236285949,-0.13541091237857558,-0.31803172399694873,-0.22779087416748375,-0.12527550651473232,0.36043333749842377,0.7246119693946018,fezouata trophic species
-1.0,-0.20000000423999992,0.20987654398536817,1.6000000084800001,-0.9736842112603877,0.6363636353123968,1.4000000127200003,-1.0,-1.0,-1.0,1.0293431487761928,-0.09539595332346602,-0.36482331961936565,-0.21675772590791925,-0.19750275046533622,0.3446387884298854,0.6248236106211569,fezouata trophic species
-1.0,-0.30000000105999997,0.2222222226584363,2.60000002968,-0.8684210535124653,0.5636363627603306,4.0000000424,-1.0,-1.0,-1.0,1.0372778392986295,-0.11510663775588932,-0.453098676267531,-0.2140841034022804,-0.15077261103116701,0.41785244142739636,0.8791755095674323,fezouata trophic species
-0.5999999971733333,0.0,0.11111111198353919,2.80000002544,-0.763157895764543,0.38181818041652893,1.8000000254400002,0.2156862747481737,0.5109283606767697,-0.11993458674352993,-0.30432299347479125,-0.11891816293224486,-0.31449949097474944,-0.1327458567331428,-0.10753525407266779,0.379732922500876,0.612572161012208,fezouata trophic species
-1.0,-0.39999999787999996,0.23456790133150432,2.80000002544,-0.9210526309916897,0.7272727255206611,2.2000000169600002,0.2156862747481737,0.31471854227993823,-0.6046949502939282,0.9665995466249448,-0.06303040985440965,-0.3291070377593553,-0.2280679931391686,-0.26350643075753954,0.294927099318142,0.7703279003524843,fezouata trophic species
-1.0,0.09999999682000006,0.17283950665752176,1.6000000084800001,-0.8421052619833795,0.5636363627603306,2.0000000212,-1.0,-1.0,-1.0,0.667635685770544,-0.09492306391129088,-0.3927064974782466,-0.20094075833767472,-0.18350964327707825,0.3429279121171008,0.7904467086505002,fezouata trophic species
-1.0,0.39999999788,0.13580246932967535,2.40000001272,-0.8684210535124653,0.5090909078644628,3.60000002968,-1.0,-1.0,-1.0,0.45083338219583546,-0.11126049201088764,-0.45925811852603377,-0.1749880761455959,-0.17814447620245774,0.36853415058253824,0.7139547658562563,fezouata trophic species
-1.0,-0.10000000742000001,0.19753086531230002,1.2000000169600002,-0.9473684197313019,0.5636363627603306,1.8000000254400002,-1.0,-1.0,-1.0,0.754387162735946,-0.07188071186693706,-0.35527225439629206,-0.14910775570792273,-0.14717567126309233,0.29878594245625095,0.6673804177616656,fezouata trophic species
-1.0,0.39999999788,0.13580246932967535,2.60000002968,-0.8157894732437673,0.5090909078644628,2.60000002968,-1.0,-1.0,-1.0,0.280123226850517,-0.08912585440990303,-0.5864523926854953,-0.23330551809616756,-0.23623177697922185,0.2835863617137099,0.6235130230434587,fezouata trophic species
-0.06666666478222216,0.39999999788,-0.037037036019204314,2.0000000212,-0.789473684504155,0.43636363531239675,2.60000002968,0.17038119648438832,0.17483534684456942,0.12107949785446677,0.1936526218839058,-0.10973870317381869,-0.12988081710097846,-0.07439821604400282,0.03806546979842892,0.3703810982872542,0.5886933475489639,fezouata trophic species
-1.0,-0.30000000105999997,0.2222222226584363,1.8000000254400002,-0.9210526309916897,0.6545454529685949,1.2000000169600002,-1.0,-1.0,-1.0,0.6536237867302036,-0.14356076410074994,-0.24008056477815562,-0.23980947323486124,-0.1631813799057149,0.31142739876115955,0.5686419203683123,fezouata trophic species
-0.7999999985866667,0.0,0.14814814931138545,3.0000000212,-0.9210526309916897,0.6181818176561984,3.80000002544,0.39803921596039965,0.7392091545201848,-0.24961440191778875,0.5582071728742037,-0.08731031731422738,-0.48202002577653497,-0.19172907255516508,-0.2147950203089971,0.3981231719396112,0.8503570560349827,fezouata trophic species
-1.0,-0.10000000742000001,0.19753086531230002,2.60000002968,-0.8684210535124653,0.4727272706247933,2.60000002968,-1.0,-1.0,-1.0,0.7363436748681444,-0.08303225811338462,-0.4127935825338121,-0.16216095889646717,-0.19602702270153924,0.3341553183252993,0.7045965595231445,fezouata trophic species
-1.0,-0.30000000105999997,0.2222222226584363,3.0000000212,-0.8421052619833795,0.6363636353123968,2.40000001272,-1.0,-1.0,-1.0,0.7186096675891572,-0.10480128162262425,-0.49398594923215594,-0.16844073157098227,-0.17035114255653144,0.31202736097122535,0.6778710023014952,fezouata trophic species
-1.0,-0.10000000742000001,0.19753086531230002,1.8000000254400002,-0.9736842112603877,0.6363636353123968,0.40000001272000013,-1.0,-1.0,-1.0,0.8074268268244305,-0.09817158805400206,-0.32754155379374517,-0.28301944648059624,-0.24549094007174024,0.3176374847833103,0.4523509613368045,fezouata trophic species
-1.0,0.29999999046000003,0.14814814931138545,3.0000000212,-0.8684210535124653,0.4727272706247933,2.2000000169600002,-1.0,-1.0,-1.0,0.5791112840575802,-0.15667887943767148,-0.6235742739809272,-0.14783461436548628,-0.1481685851238161,0.41448780702539745,0.6668081278395918,fezouata trophic species
-1.0,0.4269230755776924,0.1324786325625198,0.630769243489231,-0.8927125518834433,0.5381118865653528,1.446153854633846,-1.0,-1.0,-1.0,0.4107283003146454,-0.0677536443971021,-0.32999505021567604,-0.2608936062271245,-0.2399905676984592,0.26845052815569986,0.45481584589977087,fezouata trophic species
-1.0,-0.10000000742000001,0.19753086531230002,2.60000002968,-0.6315789464875347,0.4181818176561984,4.60000002968,0.2156862747481737,-1.0,-0.5152396369576072,0.48959531189674216,-0.12286960981369695,-0.3301514542195957,-0.1755456370043949,-0.05818819858681154,0.40546369508301033,0.7467500422088316,fezouata trophic species
-1.0,-0.30000000105999997,0.2222222226584363,1.8000000254400002,-0.8947368422520776,0.6181818176561984,1.0000000212000002,0.29166666691993454,0.33221002258022075,-0.5412253951913708,0.69341352546836,-0.13775135341258538,-0.4449129910652145,-0.14955359652715133,-0.15084352324558126,0.28207095996122156,0.6757091750208707,fezouata trophic species
-1.0,-0.20000000423999992,0.20987654398536817,1.4000000127200003,-0.8947368422520776,0.5454545431768595,1.4000000127200003,-1.0,-1.0,-1.0,0.6607913863215524,-0.0999205728786473,-0.4076580145367875,-0.23137918185436124,-0.25642685642360347,0.30707963217085127,0.4502077125674704,fezouata trophic species
-1.0,0.6999999883400001,0.09876543331047105,2.60000002968,-0.8421052619833795,0.43636363531239675,2.80000002544,-1.0,-1.0,-1.0,0.44042275523836494,-0.0677036166373576,-0.3793993746205961,-0.27017624471723817,-0.25344483729645195,0.37125420236635615,0.6703174828200233,fezouata trophic species
-1.0,0.29999999046000003,0.14814814931138545,2.80000002544,-0.8157894732437673,0.4727272706247933,2.40000001272,-1.0,-1.0,-1.0,0.4274549876753977,-0.13260231544426626,-0.6482792988647565,-0.1980273024064903,-0.14694481780934515,0.3532020677106833,0.8118200140642997,fezouata trophic species
-1.0,0.5999999915200002,0.11111111198353919,2.40000001272,-0.8421052619833795,0.49090909020826434,3.0000000212,-1.0,-1.0,-1.0,0.42227512960204816,-0.08747775680367018,-0.5470590732652817,-0.22434828627013825,-0.2118083738663374,0.358496718815806,1.075414527166989,fezouata trophic species
-0.33333333097777773,0.0,0.06172839598262465,1.8000000254400002,-0.8421052619833795,0.5999999980727273,1.0000000212000002,0.1071428570994397,0.0780148406342765,-0.022455700224609874,0.6993817475691038,-0.11451752439583698,-0.28684857474360026,-0.16106041613624184,-0.1476428626396416,0.3240796013988737,0.4386443856196342,fezouata trophic species
0.2910256428557266,0.12115384433961547,-0.06885090109742878,2.057692323592308,-0.7317813769191349,0.48251748072498407,3.484615424895385,0.04146371934146341,0.24660630707946554,0.11552891688268317,0.4176391391164772,-0.07607337282629038,-0.26681484173929215,-0.23558813828055106,-0.18928294680456642,0.25775980800777576,0.703208471435178,fezouata trophic species
-0.7333333338044444,0.0,0.13580246932967535,2.0000000212,-0.9473684197313019,0.5999999980727273,1.0000000212000002,0.2156862747481737,0.25353494519486386,-0.1601590885814678,0.5738258403667815,-0.08531051675588083,-0.2839545274483192,-0.25470959231386686,-0.2429850598875695,0.27000251754816595,0.6009969282003123,fezouata trophic species
-0.6634920608897354,0.00952380316380952,0.12169312208779158,1.4228571532754288,-0.8671679187228598,0.5601731596725698,0.615238102183619,0.3169934645131358,0.7568665525330357,-0.20938990007985078,0.7047043939850451,-0.11860282699069198,-0.1616833284066305,-0.24283052302957606,-0.1529110087998551,0.3315741925726079,0.6245058474868513,fezouata trophic species
-1.0,0.0,0.18518518533058992,2.60000002968,-0.9210526309916897,0.5999999980727273,2.80000002544,-1.0,-1.0,-1.0,1.0866412282049525,-0.09376909486674243,-0.3538945998568582,-0.19796083667405484,-0.18619187377221888,0.3602517938549233,0.8068022109524767,fezouata trophic species
-1.0,0.29999999046000003,0.14814814931138545,4.20000003816,-0.9473684197313019,0.5454545431768595,3.40000003392,-1.0,-1.0,-1.0,0.5883896511942176,-0.10080346217866254,-0.3928783338747753,-0.14790120184906796,-0.11671394325517082,0.35884137236464014,0.7918937384556695,fezouata trophic species
-0.8666666633688889,0.0,0.1604938279844536,2.40000001272,-0.8684210535124653,0.5999999980727273,3.2000000381600007,0.28322440105553415,0.05261726575147257,-0.272859455182408,0.6446229220530203,-0.09135955990992453,-0.4017026693318421,-0.20143081115544517,-0.22698496215236044,0.31437112305085224,0.6792385518866388,fezouata trophic species
-1.0,0.09999999682000006,0.17283950665752176,3.0000000212,-0.8684210535124653,0.5272727255206612,3.2000000381600007,-1.0,-1.0,-1.0,0.689562993029298,-0.07079724723610907,-0.2937276873180509,-0.1496888279008693,-0.12067757560950199,0.3961646789963505,0.7937316386849546,fezouata trophic species
-1.0,0.09999999682000006,0.17283950665752176,3.40000003392,-0.8947368422520776,0.581818180416529,4.0000000424,-1.0,-1.0,-1.0,0.794612446105042,-0.09461443189086283,-0.3245824382772545,-0.28663438648832035,-0.2361965597912505,0.3896854682601314,0.718253390103101,fezouata trophic species
-1.0,0.19999999364000012,0.1604938279844536,2.80000002544,-0.9473684197313019,0.6181818176561984,3.60000002968,-1.0,-1.0,-1.0,0.8431532017982017,-0.07697626819722957,-0.40517701944018547,-0.3106495016377408,-0.25117094194302797,0.3529229660210647,0.8337074209191528,fezouata trophic species
-1.0,-0.30000000105999997,0.2222222226584363,2.80000002544,-0.8684210535124653,0.5999999980727273,6.4000000551200005,-1.0,-1.0,-1.0,0.6691503479966404,-0.08590437495199953,-0.45855277534681876,-0.19611939958517274,-0.2179434323158759,0.43186567251123864,0.7965255533758065,fezouata trophic species
-1.0,0.11047618878019054,0.17154614961981404,4.249523853296762,-0.7874686721881546,0.5051082238317197,4.653333378842667,-1.0,-1.0,-1.0,0.4734675297153214,-0.05037117464704253,-0.5859818420097869,-0.1871059632727007,-0.14779253117286414,0.32188704885589164,1.0699280612910569,fezouata trophic species
-1.0,0.09999999682000006,0.17283950665752176,2.80000002544,-0.8947368422520776,0.5999999980727273,3.2000000381600007,-1.0,-1.0,-1.0,0.5299915302852853,-0.12965084874044686,-0.4083359940518836,-0.2258866476368735,-0.18222033163122944,0.4055128190833958,0.6600172659085097,fezouata trophic species
-1.0,0.49999999469999995,0.12345679065660721,2.2000000169600002,-0.8684210535124653,0.49090909020826434,1.8000000254400002,0.2156862747481737,-0.21430539249964997,-0.40253927035666687,0.5081798111412442,-0.07141202876262998,-0.31580760134992153,-0.1565053598054237,-0.13437633265721916,0.3315903074464221,0.6671197743806027,fezouata trophic species
-1.0,-0.19238095746895242,0.20893592092315208,3.2400000288320006,-0.8671679187228598,0.5234632011604881,3.2400000288320006,-1.0,-1.0,-1.0,0.7309905680962991,-0.07989254812284834,-0.40585634448417446,-0.1526389502290713,-0.1262215183126954,0.37131448744323803,0.9969080088503591,fezouata trophic species
-0.7999999985866667,-0.10000000742000001,0.1604938279844536,2.60000002968,-0.9473684197313019,0.5999999980727273,2.60000002968,0.08543417405596737,0.4264839633876716,-0.26483588199980895,0.9365853412566796,-0.08230235863498261,-0.3318781339195708,-0.2352401215377551,-0.22476244346594107,0.3511560692449622,0.5569058144485716,fezouata trophic species
-1.0,0.0,0.18518518533058992,1.6000000084800001,-0.9473684197313019,0.581818180416529,0.6000000084800001,0.09411764727335635,0.6397421156975,-0.4919945836929878,0.8870018850709305,-0.08072257484061629,-0.37046058225167894,-0.2579247297680972,-0.25537935895932884,0.2911870023866364,0.3843884402870082,fezouata trophic species
-1.0,0.49999999469999995,0.12345679065660721,1.8000000254400002,-0.8947368422520776,0.5636363627603306,1.8000000254400002,-1.0,-1.0,-1.0,0.41304444029532433,-0.11362187021597753,-0.30137190926835977,-0.24610882111805343,-0.21765542872410698,0.35309188310896805,0.4895451133341245,fezouata trophic species
-1.0,0.0,0.18518518533058992,2.80000002544,-0.8421052619833795,0.581818180416529,4.20000003816,0.2156862747481737,-0.07035360439195171,-0.47096687551749783,0.5200373776022599,-0.10104245168213641,-0.3898514201779435,-0.2825315213383442,-0.2891870383835082,0.3610233605069931,0.45149107716418024,fezouata trophic species
-1.0,-0.39999999787999996,0.23456790133150432,2.2000000169600002,-0.8947368422520776,0.5636363627603306,3.40000003392,0.013071895826092523,0.07346319368343761,-0.6046949502939282,0.9622544343373151,-0.1433211177941929,-0.40899902858534715,-0.24737416890236294,-0.1817527116779067,0.5908815673249799,0.5491838973847182,fezouata trophic species
-1.0,0.11047618878019054,0.17154614961981404,2.0285714521942855,-1.0,0.6519480501709564,2.8361905032860952,0.11437908498321145,-0.1908466721877364,-0.45177008185504985,0.7324147512810218,-0.10680965585186872,-0.35902157980977517,-0.21136528004122926,-0.17467027523931095,0.4551036212018643,0.5891699133775232,fezouata trophic species
-1.0,-0.30000000105999997,0.2222222226584363,2.2000000169600002,-0.9210526309916897,0.6545454529685949,3.60000002968,-1.0,-1.0,-1.0,0.771959600768276,-0.10544988599144133,-0.49794475839139724,-0.2744741418404981,-0.26174830702527396,0.4120627775384509,0.5166806518832457,fezouata trophic species
0.06666666478222236,-0.20000000423999992,0.012345679981710093,0.80000000424,-0.8421052619833795,0.581818180416529,2.0000000212,0.09638995821497832,0.15772627178241377,0.03093795098958724,0.6129173889189433,-0.096490689299158,-0.2711521014945075,-0.2822477565358009,-0.27590562644209,0.3288507781271186,0.33643921925862896,fezouata trophic species
-1.0,0.49999999469999995,0.12345679065660721,4.0000000424,-0.9736842112603877,0.5272727255206612,5.4000000339200005,-1.0,-1.0,-1.0,0.561417638035543,-0.030386298834023266,-0.5170142208605449,-0.2424234584656425,-0.25018170957320884,0.3757334527283286,0.8618164324459695,fezouata trophic species
-1.0,-0.20000000423999992,0.20987654398536817,2.0000000212,-0.9210526309916897,0.5454545431768595,1.2000000169600002,-1.0,-1.0,-1.0,0.1556631714155156,-0.07724412306378944,-0.384214960744,-0.20600887399858522,-0.2326798870340591,0.29270413557839886,0.45248121598537216,fezouata trophic species
-1.0,0.29999999046000003,0.14814814931138545,2.40000001272,-0.9473684197313019,0.581818180416529,3.40000003392,-1.0,-1.0,-1.0,0.5662152397224848,-0.08936049542399876,-0.3793061212303821,-0.3126261003161472,-0.2663613415671415,0.3850779441501536,0.6350499591193878,fezouata trophic species
-0.9326984093512805,-0.19238095746895242,0.19647266338582542,1.8266666788213333,-0.8140350867698984,0.5601731596725698,2.0285714521942855,-0.06060606069815817,0.4292497394818974,-0.47096687551749783,0.8287883743614157,-0.08207543065326205,-0.29360695813631016,-0.26838207231417355,-0.24410072404761762,0.29131869121744863,0.5367472108295138,fezouata trophic species
-1.0,0.19999999364000012,0.1604938279844536,3.60000002968,-0.9473684197313019,0.6545454529685949,3.40000003392,-1.0,-1.0,-1.0,0.5195140131184006,-0.07318820548656695,-0.4412153609633313,-0.20864914856832545,-0.22569325146181415,0.3345339153303577,0.8350672922276072,fezouata trophic species
-1.0,1.0999999968200003,0.04938271600091455,3.2000000381600007,-0.8684210535124653,0.43636363531239675,3.40000003392,-1.0,-1.0,-1.0,0.24842067085580996,-0.04869058416184486,-0.5203480158308065,-0.1788276054444993,-0.1825135750256195,0.4865778191477158,0.7700506147897948,fezouata trophic species
-1.0,0.19999999364000012,0.1604938279844536,1.6000000084800001,-0.8684210535124653,0.5636363627603306,1.8000000254400002,-1.0,-1.0,-1.0,0.5389895650759163,-0.12485165781514623,-0.4031043969392247,-0.17059381299011778,-0.17156911669530583,0.37082557401272653,0.57921246625285,fezouata trophic species
-1.0,-0.30000000105999997,0.2222222226584363,2.0000000212,-0.8947368422520776,0.5636363627603306,2.0000000212,0.3676470590916954,0.469900015599167,-0.5412253951913708,0.7154312780401886,-0.11580698487027925,-0.2738421364038656,-0.2600985846053608,-0.246402550783864,0.3520802353646702,0.2834301952998661,fezouata trophic species
-0.533333332391111,-0.20000000423999992,0.12345679065660721,2.60000002968,-0.9473684197313019,0.6181818176561984,3.40000003392,0.1270424840837338,0.48481007813155635,-0.14592034548529886,0.5052540535444078,-0.05965064840292403,-0.2173412500561581,-0.23848534785756803,-0.23942369691786214,0.3570041757620516,0.5676854760494475,fezouata trophic species
-1.0,0.7999999957599999,0.08641975332876095,2.2000000169600002,-0.8684210535124653,0.39999999807272735,2.80000002544,-1.0,-1.0,-1.0,0.31197149238756794,-0.06819673357130454,-0.3923918839903112,-0.11580165320625342,-0.06646748903214961,0.3664647129310956,0.7526318308840115,fezouata trophic species
-1.0,-0.10000000742000001,0.19753086531230002,1.2000000169600002,-0.9473684197313019,0.6363636353123968,1.2000000169600002,0.28322440105553415,-0.307082488045858,-0.5152396369576072,0.6616764436237546,-0.1146849815006882,-0.30839316507111614,-0.3401105054679532,-0.32625643007813865,0.31221867730202696,0.24900183586136468,fezouata trophic species
-0.7333333338044444,0.19999999364000012,0.11111111198353919,1.2000000169600002,-0.9473684197313019,0.5454545431768595,1.2000000169600002,0.3483065955192758,0.5846923581674576,-0.1158863276493639,0.4711397316714816,-0.09552616516382526,-0.3457773672928137,-0.20036609589714482,-0.1919987540731316,0.2929882080251145,0.4304546418443978,fezouata trophic species
-1.0,0.39999999788,0.13580246932967535,2.2000000169600002,-0.8947368422520776,0.5636363627603306,3.60000002968,-1.0,-1.0,-1.0,0.3763581591653295,-0.07871381684711835,-0.4645494681054493,-0.1710473746137395,-0.15983479465560815,0.44321234218388744,0.6872665549521445,fezouata trophic species
-0.5961904773076826,0.31238094941295247,0.07184009455576898,1.624761926648381,-0.9734335826287824,0.541818180416529,2.0285714521942855,0.2607116922864139,-0.08335629090313294,-0.030479273407208962,0.32750514071000675,-0.08183098540617009,-0.22313319587992927,-0.21049018179974685,-0.1577125875650288,0.3768691982604592,0.3994113613034824,fezouata trophic species
-1.0,-0.0914285718525714,0.19647266338582542,1.8266666788213333,-0.9203007506758212,0.5234632011604881,2.0285714521942855,0.08061002213345282,-0.08335629090313294,-0.5152396369576072,0.7098827597868237,-0.11129220855364115,-0.3144037456101062,-0.17920085436996042,-0.1529823775060051,0.3411623705815343,0.5962064604444287,fezouata trophic species
-1.0,0.39999999788,0.13580246932967535,2.80000002544,-0.8157894732437673,0.38181818041652893,5.60000005088,-1.0,-1.0,-1.0,0.3775018302568917,-0.11507783404673264,-0.368879858111873,-0.1778758307067713,-0.12359294365912495,0.7432248598114484,0.7174406127692287,fezouata trophic species
-1.0,0.39999999788,0.13580246932967535,1.2000000169600002,-0.8947368422520776,0.45454545296859494,1.8000000254400002,-1.0,-1.0,-1.0,0.5499939281452325,-0.05353836341637825,-0.20154936553633102,-0.13129578721895457,-0.04535080367709989,0.3781303081675673,0.7948141889379148,fezouata trophic species
-1.0,-0.20000000423999992,0.20987654398536817,3.0000000212,-0.9473684197313019,0.6181818176561984,3.60000002968,-1.0,-1.0,-1.0,0.748989070228298,-0.0912492962612903,-0.44663256783715605,-0.13858706247702976,-0.12013459511042672,0.36145107534524434,0.8985370591649747,fezouata trophic species
-1.0,0.29999999046000003,0.14814814931138545,2.40000001272,-0.8947368422520776,0.581818180416529,3.0000000212,-1.0,-1.0,-1.0,0.6084024521778099,-0.10057376102836853,-0.3549901464150309,-0.27778035657593747,-0.2538431920181336,0.244180521397436,0.5479841025678316,fezouata trophic species
-1.0,0.21142856379657146,0.15908289339112947,3.4419048022049528,-0.9203007506758212,0.5785281370013381,5.057142904388572,-1.0,-1.0,-1.0,0.6089770289705281,-0.09071274350505608,-0.4549273827552976,-0.12787816276089073,-0.07311668033035645,0.4459760754207732,1.0623172248740953,fezouata trophic species
-1.0,-0.10000000742000001,0.19753086531230002,2.2000000169600002,-0.789473684504155,0.5636363627603306,1.4000000127200003,-1.0,-1.0,-1.0,0.36155323747912266,-0.0771817104137238,-0.32198535241228926,-0.22208489385823416,-0.21205482685781601,0.26157187067862175,0.6095243623477123,fezouata trophic species
-1.0,-0.39999999787999996,0.23456790133150432,2.40000001272,-0.9473684197313019,0.6363636353123968,2.80000002544,-1.0,-1.0,-1.0,0.9733660665597865,-0.09985506872441448,-0.4003435524277176,-0.15233927166085737,-0.1458807749827356,0.37203562033743043,0.7263566181957474,fezouata trophic species
-1.0,-0.30000000105999997,0.2222222226584363,3.40000003392,-0.8421052619833795,0.581818180416529,3.60000002968,-1.0,-1.0,-1.0,0.651466801132236,-0.1111717619407309,-0.4685094099803402,-0.2356208225242257,-0.19820610078051792,0.3734761801262099,0.8849144475921215,fezouata trophic species
-1.0,-0.20000000423999992,0.20987654398536817,3.0000000212,-0.8947368422520776,0.6727272706247933,2.40000001272,0.29166666691993454,-0.2650499911610403,-0.5412253951913708,0.6946577204645937,-0.1135763444513126,-0.2648360561487285,-0.303122382531313,-0.26664685744315636,0.33097777649818816,0.6839301603512846,fezouata trophic species
-0.5961904773076826,0.00952380316380952,0.10922986585910686,1.8266666788213333,-0.9203007506758212,0.6152380935861471,3.643809554377905,0.42191876761214075,0.3311564775339515,-0.11191101356093072,0.5510515303761788,-0.11393457013749352,-0.3446888458599835,-0.272733716629401,-0.19947462727388193,0.31726807843676774,0.8034708050624599,fezouata trophic species
-1.0,-0.30000000105999997,0.2222222226584363,3.60000002968,-0.9473684197313019,0.6727272706247933,5.0000000424,-1.0,-1.0,-1.0,0.9363102643555098,-0.12820989827058885,-0.30459906420891103,-0.1898411933430875,-0.08335722019390358,0.45693519795035265,0.825366994414584,fezouata trophic species
-0.46158730307691004,-0.39428571810171426,0.1341563796251181,1.4228571532754288,-0.840601504141116,0.6152380935861471,2.0285714521942855,0.3129411767280277,0.9409769335777096,-0.13691403582485387,0.6468076594599517,-0.12590754426594206,-0.1608036637214008,-0.2789744457900074,-0.20380968297954385,0.30970180598544395,0.5307239872723748,fezouata trophic species
-1.0,0.19999999364000012,0.1604938279844536,2.60000002968,-0.9473684197313019,0.6181818176561984,2.80000002544,-1.0,-1.0,-1.0,0.6522126284273934,-0.0884956594010664,-0.24836573902754536,-0.29072417526824035,-0.1953636055608936,0.35404169626928667,0.7310197180511558,fezouata trophic species
-1.0,-0.10000000742000001,0.19753086531230002,2.0000000212,-0.9473684197313019,0.6181818176561984,2.0000000212,-1.0,-1.0,-1.0,0.7661469084920609,-0.11480603710343018,-0.35299971330394825,-0.2021889035758881,-0.13776757856282285,0.3266634877410758,0.6509500414169477,fezouata trophic species
-1.0,-0.30000000105999997,0.2222222226584363,3.40000003392,-0.9473684197313019,0.6727272706247933,3.60000002968,-1.0,-1.0,-1.0,0.7863925556672012,-0.11427319113241238,-0.333417883500946,-0.24305742707730327,-0.22990841076252824,0.33350346150364973,0.7395228948385589,fezouata trophic species
-1.0,0.49999999469999995,0.12345679065660721,2.0000000212,-0.8684210535124653,0.49090909020826434,4.0000000424,-1.0,-1.0,-1.0,0.48782810203926114,-0.06218675258530077,-0.4411884595387299,-0.16753690154376633,-0.14018659231062164,0.4699547756156036,0.8063896899176662,fezouata trophic species
-1.0,0.39999999788,0.13580246932967535,3.2000000381600007,-0.8947368422520776,0.5272727255206612,5.800000046640001,-1.0,-1.0,-1.0,0.3415716919343858,-0.11040844351618175,-0.39946485341118315,-0.2522839501671787,-0.2226625075890724,0.4366328282300206,0.8065270312961824,fezouata trophic species
-1.0,0.49999999469999995,0.12345679065660721,2.60000002968,-0.8421052619833795,0.45454545296859494,2.2000000169600002,0.2562091507757271,-0.04847657778362195,-0.40253927035666687,0.46198248038871026,-0.08260799351950253,-0.30764480386867193,-0.2864564620358479,-0.18183845823167522,0.37574893006862553,0.5482776398912999,fezouata trophic species
-0.533333332391111,-0.30000000105999997,0.13580246932967535,3.60000002968,-1.0,0.6727272706247933,2.40000001272,0.1742424245831847,0.5785364027641747,-0.16511713914774687,0.7890620612782507,-0.117622325679976,-0.34520942366606244,-0.30696297047128024,-0.3140254220411829,0.34584720121949514,0.6703068980770172,fezouata trophic species
-1.0,0.49999999469999995,0.12345679065660721,1.4000000127200003,-0.9210526309916897,0.49090909020826434,2.2000000169600002,-1.0,-1.0,-1.0,0.4327683880128791,-0.04858592724604315,-0.4531941882241009,-0.15844677537211824,-0.13621460024612297,0.3297284528667089,0.7149742611703466,fezouata trophic species
-1.0,0.19999999364000012,0.1604938279844536,4.60000002968,-0.9473684197313019,0.6181818176561984,6.0000000424,0.16503268016961423,-0.39991583047823764,-0.45177008185504985,0.699410290759133,-0.060670131354098905,-0.3719266000533603,-0.17491952134166408,-0.11718289984256851,0.354391153290123,1.2347206040351593,fezouata trophic species
-1.0,0.19999999364000012,0.1604938279844536,3.2000000381600007,-0.8421052619833795,0.45454545296859494,2.60000002968,-1.0,-1.0,-1.0,0.585886870735048,-0.1469323545192431,-0.4434459755584356,-0.09312366259613841,-0.05111721385096734,0.4515929846863269,0.858612489103906,fezouata trophic species
-1.0,0.11047618878019054,0.17154614961981404,3.0380952554590475,-0.8671679187228598,0.5234632011604881,5.6628571821074285,-1.0,-1.0,-1.0,0.6902553930535201,-0.10759085014117366,-0.2660547643668956,-0.2359225129558921,-0.15623748870891088,0.41591430176094607,0.8442747093529737,fezouata trophic species
-1.0,-0.20000000423999992,0.20987654398536817,2.2000000169600002,-0.9736842112603877,0.6727272706247933,2.2000000169600002,-1.0,-1.0,-1.0,0.876277847766489,-0.08660562422694613,-0.26595686112173184,-0.3278076159894254,-0.2742020042105451,0.32918257616333674,0.5989409956734901,fezouata trophic species
-1.0,0.5999999915200002,0.11111111198353919,1.0000000212000002,-0.789473684504155,0.38181818041652893,0.40000001272000013,0.29166666691993454,0.49419752919016025,-0.3883005267524926,0.32258077450175404,-0.13091249448508738,-0.08609639846331542,-0.18156280136517416,-0.005277712781984401,0.38782257527939296,0.21314485949589704,fezouata trophic species
-1.0,-0.19238095746895242,0.20893592092315208,3.643809554377905,-0.8937343360940774,0.633593072842188,4.249523853296762,0.29166666691993454,-0.2650499911610403,-0.5412253951913708,0.7081375765652079,-0.12084885446886187,-0.4241332698405404,-0.27452852896836827,-0.23580810995500015,0.4243295483800987,0.7882024236979238,fezouata trophic species
-1.0,0.0,0.18518518533058992,1.6000000084800001,-0.8947368422520776,0.5454545431768595,0.0,-1.0,-1.0,-1.0,0.8152915850094092,-0.11060565430399777,-0.4823416415066684,-0.11017517194116308,-0.12499546197131964,0.3510046877978284,0.5941360350224695,fezouata trophic species
-1.0,0.0,0.18518518533058992,2.40000001272,-0.9736842112603877,0.6727272706247933,2.0000000212,-1.0,-1.0,-1.0,0.752241922401132,-0.09438112587307212,-0.4807133501745191,-0.22537925418938987,-0.20246181723727735,0.33683607661346193,0.8080998239383379,fezouata trophic species
-0.798095235120508,-0.39428571810171426,0.19647266338582542,2.2304762043672377,-0.8937343360940774,0.6152380935861471,4.653333378842667,0.2156862747481737,0.4260124773670361,-0.362314768518729,0.6903075250755083,-0.09567765012626704,-0.250393714225393,-0.24336022811698613,-0.24133263698091603,0.47475533207767606,0.7098725530688805,fezouata trophic species
-1.0,0.49999999469999995,0.12345679065660721,3.0000000212,-0.8684210535124653,0.49090909020826434,3.2000000381600007,0.4056372551775758,0.25157476470168677,-0.3883005267524926,0.32017361664955896,-0.07080568627495726,-0.25756266013066703,-0.2142057803099779,-0.17438686447986151,0.30991996425038887,0.7551541546354603,fezouata trophic species
-1.0,-0.19238095746895242,0.20893592092315208,3.2400000288320006,-0.9734335826287824,0.7070129860118064,4.249523853296762,-1.0,-1.0,-1.0,0.6652840274230699,-0.07935738446738767,-0.34068446949522274,-0.2537410084941127,-0.23101000906571237,0.26255728858262484,0.9092255358076571,fezouata trophic species
-0.6634920608897354,-0.19238095746895242,0.1466196358538028,1.4228571532754288,-0.7874686721881546,0.541818180416529,1.2209524011024764,0.19780853523486427,0.19856276047327975,-0.22200041520400282,0.5363412346668421,-0.11943383891308476,-0.2222026619646138,-0.22829320751854953,-0.21113960197910842,0.23911520890623136,0.48161183661996415,fezouata trophic species
-1.0,0.5999999915200002,0.11111111198353919,1.8000000254400002,-0.9736842112603877,0.5272727255206612,1.4000000127200003,-1.0,-1.0,-1.0,0.38877967841619204,-0.08033214063849116,-0.3363888707927712,-0.19863890444173174,-0.20536921310209108,0.35755389848080166,0.47781889018859136,fezouata trophic species
-1.0,0.09999999682000006,0.17283950665752176,2.0000000212,-0.8947368422520776,0.6181818176561984,2.80000002544,-1.0,-1.0,-1.0,0.4596892731834426,-0.09028009020206396,-0.5420380148113395,-0.17716514996438337,-0.2119855681944013,0.29799826401396323,0.5372082032042239,fezouata trophic species
-1.0,0.0,0.18518518533058992,1.6000000084800001,-0.9736842112603877,0.49090909020826434,1.6000000084800001,0.11437908498321145,-0.1908466721877364,-0.45177008185504985,0.4200963863719661,-0.07116288145974915,-0.39435397861532173,-0.11969797941485964,-0.10287772472302002,0.2789543338064178,0.8376317380506099,fezouata trophic species
-0.33333333097777773,-0.10000000742000001,0.0740740746556928,1.6000000084800001,-0.8684210535124653,0.5454545431768595,0.40000001272000013,0.3826761478201326,0.2420798774756646,-0.004796362094371351,0.5315110275864428,-0.08861815191783338,-0.15677733555618067,-0.27053035347165444,-0.1765387895108478,0.29543717161497474,0.47223353741590696,fezouata trophic species
-1.0,0.29999999046000003,0.14814814931138545,2.2000000169600002,-0.9736842112603877,0.6363636353123968,2.0000000212,-1.0,-1.0,-1.0,0.3699168277462703,-0.07809462140255957,-0.3261313250982038,-0.30578752699982,-0.32910819470728864,0.2724603256628669,0.47722399135010374,fezouata trophic species
-1.0,0.0,0.18518518533058992,2.40000001272,-0.8684210535124653,0.6363636353123968,0.6000000084800001,-1.0,-1.0,-1.0,0.8528650479131239,-0.12831469359317052,-0.367667538867633,-0.23146161777372995,-0.1739842190642755,0.36277006743688467,0.5099645851220063,fezouata trophic species
-1.0,-0.20000000423999992,0.20987654398536817,2.0000000212,-0.9736842112603877,0.6909090902082644,1.2000000169600002,0.2156862747481737,-1.0,-0.5412253951913708,0.8999781060973308,-0.07804065156607251,-0.37894878948840977,-0.28154023241459375,-0.31711976440822764,0.3415589696212897,0.42002825590046966,fezouata trophic species
-1.0,0.09999999682000006,0.17283950665752176,4.0000000424,-0.8684210535124653,0.5999999980727273,3.80000002544,-1.0,-1.0,-1.0,0.5274076180480995,-0.08919698542886378,-0.46476964285628886,-0.16415695015683124,-0.1460088159884357,0.323326224109971,0.9288470070992391,fezouata trophic species
-1.0,0.0,0.18518518533058992,2.0000000212,-0.9210526309916897,0.49090909020826434,2.0000000212,0.03333333353594762,0.40305102792223857,-0.4919945836929878,0.6761234994195958,-0.10450544216339636,-0.29146943217277976,-0.1518816714626299,-0.0839895351404259,0.34214079797292035,0.7999650269679849,fezouata trophic species
-1.0,0.19999999364000012,0.1604938279844536,2.40000001272,-0.9210526309916897,0.5090909078644628,-0.1999999957599999,0.2156862747481737,0.25353494519486386,-0.45177008185504985,0.5915041885486084,-0.12292699074818865,-0.38202285161604166,-0.1322910375092668,-0.1093616660128955,0.3820063053514145,0.7711914087348043,fezouata trophic species
-0.7999999985866667,0.29999999046000003,0.11111111198353919,2.0000000212,-0.8157894732437673,0.4727272706247933,0.80000000424,0.16640169609145122,0.02523443646237892,-0.20334503034600585,0.3846425442807126,-0.12597855952650508,-0.32893505948733115,-0.20733885233951652,-0.19461610034364873,0.39519080530567363,0.5009593152923775,fezouata trophic species
-0.9333333352177778,-0.30000000105999997,0.20987654398536817,1.6000000084800001,-0.7105263154958449,0.5272727255206612,1.6000000084800001,0.3025210087455923,-0.21430539249964997,-0.5706856183695599,0.6793652623858245,-0.09724063637051802,-0.35851205685077425,-0.2707521335778506,-0.33468767479949113,0.3390975020487818,0.270476382527943,fezouata trophic species
-1.0,-0.10000000742000001,0.19753086531230002,2.0000000212,-0.763157895764543,0.5090909078644628,3.60000002968,-1.0,-1.0,-1.0,0.574147677441339,-0.10508853734500663,-0.35589973081161325,-0.20410080933732938,-0.15479612918982127,0.3487289290364071,0.7606392362920202,fezouata trophic species
-1.0,-0.10000000742000001,0.19753086531230002,2.60000002968,-0.9210526309916897,0.5272727255206612,2.60000002968,-1.0,-1.0,-1.0,0.8113689213123214,-0.11412288136935696,-0.448364366496542,-0.21239175207669195,-0.17371962463144344,0.35315270087709605,0.6448585849151384,fezouata trophic species
-1.0,0.21142856379657146,0.15908289339112947,2.2304762043672377,-0.8671679187228598,0.39497835407729237,1.0190476277295237,-1.0,-1.0,-1.0,0.4793576629887339,-0.08087326459319492,-0.34947002717572484,-0.18617591220594934,-0.19760141179428986,0.27567582887206915,0.6841663846829082,fezouata trophic species
-1.0,-0.69999999894,0.2716049386593507,1.4000000127200003,-0.9473684197313019,0.7999999980727274,0.6000000084800001,-1.0,-1.0,-1.0,1.0135122870940867,-0.0665381485058798,-0.34173400262655934,-0.25979925792765474,-0.3072452241830503,0.2530008130263741,0.4475620000532865,fezouata trophic species
-1.0,0.29999999046000003,0.14814814931138545,3.60000002968,-0.9210526309916897,0.5999999980727273,3.60000002968,-1.0,-1.0,-1.0,0.5281023222909942,-0.05845104161004302,-0.3795182205195495,-0.1843516865717839,-0.17098205847082776,0.3439140870439744,0.9436608163430196,fezouata trophic species
-1.0,-0.20000000423999992,0.20987654398536817,4.20000003816,-0.8157894732437673,0.5636363627603306,4.20000003816,-1.0,-1.0,-1.0,0.6955663686553585,-0.11573594570309059,-0.48856339685579053,-0.2481256526111992,-0.21697695392440894,0.4250066182261916,0.721788189480655,fezouata trophic species
-1.0,0.49999999469999995,0.12345679065660721,1.6000000084800001,-0.9210526309916897,0.5454545431768595,2.0000000212,-1.0,-1.0,-1.0,0.30131043610041985,-0.08875973072955923,-0.3943702599725894,-0.27927116818100073,-0.25995147345064173,0.30887940933338315,0.47581428814424703,fezouata trophic species
-1.0,0.39999999788,0.13580246932967535,1.6000000084800001,-0.8684210535124653,0.49090909020826434,2.0000000212,0.08543417405596737,-0.11483533532828023,-0.4177607499306818,0.5348005148618264,-0.11699561978023833,-0.3831753451674629,-0.16332659397680782,-0.14427404886929582,0.4012327975601101,0.6452537381376539,fezouata trophic species
-1.0,-0.30000000105999997,0.2222222226584363,3.80000002544,-0.9736842112603877,0.6545454529685949,3.40000003392,-1.0,-1.0,-1.0,-0.6889774820978858,-0.07325715093664757,-0.3740772563651692,-0.23989932261121774,-0.2736750830250502,0.2938179790975209,0.7070841989173874,fezouata trophic species
-1.0,-0.30000000105999997,0.2222222226584363,2.0000000212,-0.8947368422520776,0.6181818176561984,3.0000000212,-1.0,-1.0,-1.0,1.0605158665102319,-0.15841821101853507,-0.47200846930804774,-0.09047913267536128,-0.02577458416743298,0.536039398541444,0.6141080569123489,fezouata trophic species
-1.0,0.29999999046000003,0.14814814931138545,1.4000000127200003,-0.9210526309916897,0.5090909078644628,2.2000000169600002,-1.0,-1.0,-1.0,0.7174238147351393,-0.07878202874126504,-0.4146970299479423,-0.18928046101540696,-0.18951912544787805,0.41788032330436303,0.7671629872643455,fezouata trophic species
-1.0,-0.30000000105999997,0.2222222226584363,4.4000000339200005,-0.8947368422520776,0.5999999980727273,7.000000063600001,-1.0,-1.0,-1.0,0.7611825022683402,-0.08839758309853099,-0.4288222686972275,-0.2684322501188792,-0.23436713303509912,0.3866529487338616,0.9791957388884924,fezouata trophic species
-1.0,0.0,0.18518518533058992,1.6000000084800001,-0.789473684504155,0.5090909078644628,0.80000000424,-1.0,-1.0,-1.0,0.5431857311384585,-0.07339731044975684,-0.3401746902450041,-0.25146706827559145,-0.29817397476410235,0.25297707473181996,0.3267413034071466,fezouata trophic species
-0.4666666676088888,0.19999999364000012,0.06172839598262465,1.6000000084800001,-0.8684210535124653,0.581818180416529,2.2000000169600002,0.037385621321055884,0.6662761196477659,-0.04745872248853292,0.5070837134041328,-0.07359834000645675,-0.169219331390263,-0.30965171536013936,-0.2937991697942439,0.2719158550793684,0.45186298654344736,fezouata trophic species
-1.0,-0.39999999787999996,0.23456790133150432,2.60000002968,-0.9210526309916897,0.6909090902082644,2.0000000212,-1.0,-1.0,-1.0,1.0289387394784588,-0.09637032824680272,-0.39734665683975967,-0.2548623662460282,-0.22736351202934948,0.35439503399595823,0.5932727041041718,fezouata trophic species
-0.7999999985866667,0.0,0.14814814931138545,2.40000001272,-0.763157895764543,0.49090909020826434,2.40000001272,0.09411764727335635,0.5960077773699103,-0.3390697152541096,1.1410194775797686,-0.10038207644580399,-0.4235076492482329,-0.1383914915322085,-0.13759657971432324,0.39357948289665673,0.6773767689436256,fezouata trophic species
-0.40000000282666665,0.39999999788,0.024691358654778246,1.4000000127200003,-0.8684210535124653,0.49090909020826434,2.2000000169600002,0.36180241330623564,0.6512344221896641,0.024663861083817885,0.5049588679958891,-0.12273345906423314,-0.30067981542977434,-0.17425625970118144,-0.10204290314589384,0.41286797389083,0.407828700715224,fezouata trophic species
-1.0,0.09999999682000006,0.17283950665752176,2.0000000212,-0.8684210535124653,0.5272727255206612,1.8000000254400002,-1.0,-1.0,-1.0,-0.4364135356769291,-0.06370546879185424,-0.4556398219976029,-0.2874030905604937,-0.29247278379440544,0.2728848235393681,0.4383379920136772,fezouata trophic species
-1.0,0.19999999364000012,0.1604938279844536,1.2000000169600002,-0.9210526309916897,0.5090909078644628,0.40000001272000013,-1.0,-1.0,-1.0,0.5842800813054541,-0.10381354541204578,-0.2803660705402355,-0.07235566090929706,-0.06882211117230602,0.323209341937279,0.44920471352014457,fezouata trophic species
-0.8666666633688889,0.39999999788,0.11111111198353919,1.6000000084800001,-0.8421052619833795,0.45454545296859494,1.0000000212000002,0.38935574274301094,0.246884845368282,-0.26483588199980895,0.3959044895470237,-0.05027390613680487,-0.2878638037531099,-0.22577225501116688,-0.2079133712677418,0.32920054273667726,0.37461505884604424,fezouata trophic species
-0.8666666633688889,0.19999999364000012,0.13580246932967535,2.80000002544,-0.8684210535124653,0.5636363627603306,3.2000000381600007,-0.005347593608891745,0.02350699726085482,-0.3180420070786196,0.47230836705148976,-0.07320917159724664,-0.34772157874044585,-0.27261455343744145,-0.22391564637000677,0.2747165529258691,0.8095931679096271,fezouata trophic species
-0.7999999985866667,0.09999999682000006,0.13580246932967535,1.4000000127200003,-0.9736842112603877,0.581818180416529,1.0000000212000002,0.14417531730277935,-0.3201752261169829,-0.22200041520400282,0.4071438331511031,-0.08733580051890809,-0.26540638648744463,-0.23072123123643906,-0.2068881762162534,0.28593556325705805,0.49915085831617934,fezouata trophic species
-0.5999999971733333,-0.10000000742000001,0.12345679065660721,0.80000000424,-0.8947368422520776,0.49090909020826434,0.40000001272000013,0.4252873564755465,0.5355700554042223,-0.10416902778059067,0.814703003157503,-0.1379992726698547,-0.31159917369789225,-0.20250876313896984,-0.12889411814585758,0.3928439735060158,0.35394038985075504,fezouata trophic species
-0.8666666633688889,0.19999999364000012,0.13580246932967535,2.60000002968,-0.9736842112603877,0.5454545431768595,0.40000001272000013,0.16892911028802524,0.3045661227598872,-0.2811858752859332,1.0851197257152858,-0.08274521503414602,-0.20343432565806968,-0.20746348393966454,-0.18278353405737463,0.2233557442245163,0.5245582916546587,fezouata trophic species
-0.8666666633688889,0.19999999364000012,0.13580246932967535,2.40000001272,-0.9210526309916897,0.5272727255206612,2.60000002968,0.1913725492532102,-0.5842494924117643,-0.28983890375572663,0.5625637087721843,-0.09376561330710424,-0.3918359563027043,-0.2734333967102986,-0.22455911252292213,0.3242072861800022,0.6457116899621189,fezouata trophic species
-1.0,0.29999999046000003,0.14814814931138545,2.2000000169600002,-0.9473684197313019,0.581818180416529,1.6000000084800001,0.25910364144296155,0.2799459888537581,-0.4177607499306818,0.6508289660920596,-0.11469624026311759,-0.2726657231015634,-0.1828261001667794,-0.11661648719576394,0.3097016895796868,0.7598222471453568,fezouata trophic species
-1.0,0.29999999046000003,0.14814814931138545,3.2000000381600007,-0.8421052619833795,0.5454545431768595,6.20000005936,-1.0,-1.0,-1.0,0.5775127954914323,-0.08251218708815881,-0.45943436450449565,-0.1357749911009192,-0.11051356543600895,0.5246429395825266,1.0373693247617,fezouata trophic species
-0.7999999985866667,0.39999999788,0.09876543331047105,2.40000001272,-0.9473684197313019,0.581818180416529,5.4000000339200005,0.09411764727335635,0.17214497957740998,-0.18614484732323686,0.3584883091054249,-0.060385504102292625,-0.31619483449673114,-0.17799556701998012,-0.19688465572899871,0.4707870413173469,0.7982188440889596,fezouata trophic species
-0.5999999971733333,-0.10000000742000001,0.12345679065660721,3.0000000212,-0.9473684197313019,0.6363636353123968,4.20000003816,0.4056372551775758,1.6488154693263735,-0.14592034548529886,0.8202202071531496,-0.09013153443038387,-0.34887663062741514,-0.29768205728399455,-0.29681186582285857,0.5394932113168497,0.7935533425537854,fezouata trophic species
-1.0,0.0,0.18518518533058992,2.40000001272,-0.9473684197313019,0.5454545431768595,2.60000002968,-1.0,-1.0,-1.0,0.7178110110833916,-0.05944158747825505,-0.3859469127204538,-0.23354921043913981,-0.2135586436418693,0.321288774914753,0.569500022013426,fezouata trophic species
-1.0,0.09999999682000006,0.17283950665752176,1.8000000254400002,-0.9210526309916897,0.5636363627603306,3.40000003392,-1.0,-1.0,-1.0,0.5782826883392629,-0.1242167896901202,-0.3385751927735012,-0.23470197107815485,-0.17791228611463553,0.44229535544706455,0.47373825880283454,fezouata trophic species
-0.9333333352177778,0.49999999469999995,0.11111111198353919,2.80000002544,-0.8421052619833795,0.4727272706247933,3.80000002544,-0.39215686262591315,-1.0,-1.0,0.4260943761645217,-0.04393224840150675,-0.49930066021372826,-0.17474411357446992,-0.12685613706463209,0.251844782827449,0.9645327149088122,fezouata trophic species
-1.0,0.0,0.18518518533058992,2.60000002968,-0.8947368422520776,0.5999999980727273,3.80000002544,-1.0,-1.0,-1.0,0.6100605847162515,-0.08924455080616821,-0.3618615633880069,-0.17420530536172615,-0.1637891362536778,0.33280146232396507,0.8106058486052691,fezouata trophic species
-1.0,0.19999999364000012,0.1604938279844536,1.8000000254400002,-0.8157894732437673,0.4181818176561984,2.60000002968,-1.0,-1.0,-1.0,0.46039580454231394,-0.07072136760635156,-0.40257898621304045,-0.19252966948856284,-0.2166126456043405,0.33676959042459387,0.4896045637815238,fezouata trophic species
-1.0,-0.30000000105999997,0.2222222226584363,1.8000000254400002,-0.9473684197313019,0.6545454529685949,2.60000002968,-1.0,-1.0,-1.0,0.8302301571370971,-0.14612524670599594,-0.36884766152764864,-0.2270672670168174,-0.1811962531782313,0.3662010854981777,0.4476999842459271,fezouata trophic species
-1.0,-0.10000000742000001,0.19753086531230002,2.40000001272,-0.9736842112603877,0.6363636353123968,1.6000000084800001,-1.0,-1.0,-1.0,0.6120321025111004,-0.09670257372213856,-0.26409512739159785,-0.24489869935670683,-0.2523613919290176,0.2891447952024603,0.4173442742558336,fezouata trophic species
-1.0,0.29999999046000003,0.14814814931138545,1.8000000254400002,-0.9473684197313019,0.5272727255206612,1.8000000254400002,-1.0,-1.0,-1.0,0.38211698940460903,-0.08342021231766127,-0.41201917344805417,-0.13612210064919888,-0.11425136246157278,0.3392278140538846,0.457064046891768,fezouata trophic species
-1.0,0.0,0.18518518533058992,2.80000002544,-0.9736842112603877,0.6181818176561984,2.40000001272,-1.0,-1.0,-1.0,0.7534001517782503,-0.11550231631673218,-0.34397778189465894,-0.11095394869352958,-0.1384745775277772,0.37875241676564175,0.8518578456079098,fezouata trophic species
-1.0,0.19999999364000012,0.1604938279844536,2.40000001272,-0.9736842112603877,0.581818180416529,2.40000001272,0.3676470590916954,0.29211424746618925,-0.45177008185504985,0.6302942513527866,-0.13703350413174564,-0.2575585205698382,-0.2364460161586963,-0.16110940661074405,0.38359657142368436,0.5304915448962443,fezouata trophic species
-1.0,0.19999999364000012,0.1604938279844536,1.2000000169600002,-0.789473684504155,0.45454545296859494,-0.5999999872799999,0.06372549040465199,-0.05984879058416397,-0.45177008185504985,0.5259865921612216,-0.12362215012481638,-0.1988894356917955,-0.17169365642363735,-0.147283869656798,0.3823791761183035,0.27624834463532005,fezouata trophic species
-1.0,0.29999999046000003,0.14814814931138545,2.60000002968,-0.9736842112603877,0.5999999980727273,3.60000002968,-1.0,-1.0,-1.0,0.5241061185624151,-0.034516280395698484,-0.41100605655277617,-0.25125485899730265,-0.24862973455309345,0.29672035159108534,0.6865000562915876,fezouata trophic species
-1.0,0.09999999682000006,0.17283950665752176,2.0000000212,-0.763157895764543,0.5454545431768595,1.8000000254400002,-1.0,-1.0,-1.0,0.36528312214729775,-0.09107893764703344,-0.36340796509947026,-0.19510316058507152,-0.22003942561483994,0.2375487559057237,0.597482249299218,fezouata trophic species
-1.0,-0.18461538689846144,0.2079772085029018,2.873076955936923,-0.8927125518834433,0.5937062924057216,3.484615424895385,-1.0,-1.0,-1.0,0.7211326854390612,-0.0627383476420317,-0.26641728600602654,-0.16744869432311368,-0.16995075496877496,0.2625156754517174,0.9227226448240897,fezouata trophic species
-1.0,0.39999999788,0.13580246932967535,1.2000000169600002,-0.789473684504155,0.45454545296859494,1.4000000127200003,-1.0,-1.0,-1.0,0.4670820285028419,-0.11223123816010198,-0.4214020406945649,-0.09226309282984588,-0.059023374848164036,0.39990707320703556,0.7520412858295323,fezouata trophic species
-0.8666666633688889,0.39999999788,0.11111111198353919,2.40000001272,-0.9210526309916897,0.49090909020826434,2.40000001272,0.12563543967169316,-0.05199492050165344,-0.272859455182408,0.45636986314833566,-0.07841961184613765,-0.3883738349467487,-0.1956771741810784,-0.18905025917359344,0.32734759820822423,0.5067516423822006,fezouata trophic species
-1.0,0.0,0.18518518533058992,2.40000001272,-0.9473684197313019,0.581818180416529,1.8000000254400002,-1.0,-1.0,-1.0,1.0815538897350674,-0.10564601846461688,-0.384402684907712,-0.1592334110124948,-0.151331389756823,0.3756354097867058,0.7975388532237033,fezouata trophic species
-1.0,0.0,0.18518518533058992,3.2000000381600007,-0.8947368422520776,0.581818180416529,3.60000002968,-1.0,-1.0,-1.0,0.6325256897029222,-0.08414203764781673,-0.2902875314924413,-0.10756756825216704,-0.05350237003366227,0.3314030429610456,0.9576673180884533,fezouata trophic species
-1.0,0.4133333244293334,0.1341563796251181,2.0285714521942855,-0.9203007506758212,0.48675324457567876,4.047619079923809,-1.0,-1.0,-1.0,0.54377643046943,-0.11132688071026886,-0.4715236601450399,-0.10926540134887477,-0.03350295312796212,0.45880235785735207,0.9078453113476915,fezouata trophic species
-1.0,0.0,0.18518518533058992,2.0000000212,-0.7368421042354572,0.49090909020826434,3.40000003392,-1.0,-1.0,-1.0,0.3807180789988719,-0.049970185040578936,-0.5305299762109805,-0.11271132107026989,-0.12521621841901293,0.3173089646098677,0.736422152740807,fezouata trophic species
-1.0,0.0,0.18518518533058992,1.8000000254400002,-0.9210526309916897,0.5272727255206612,3.2000000381600007,-1.0,-1.0,-1.0,0.9131279920787956,-0.10898939529013354,-0.5149247952666234,-0.23326411082829857,-0.20296167568789297,0.37144532057610113,0.5941806415903325,fezouata trophic species
-1.0,-0.30000000105999997,0.2222222226584363,2.60000002968,-0.8947368422520776,0.5999999980727273,3.40000003392,-1.0,-1.0,-1.0,1.0934753293680177,-0.08783761317336804,-0.5031794493051841,-0.27662757811968164,-0.27916188708461803,0.29927036308707894,0.6824540934884569,fezouata trophic species
-1.0,0.39999999788,0.13580246932967535,3.60000002968,-0.8421052619833795,0.45454545296859494,6.60000005088,-1.0,-1.0,-1.0,0.527174645992411,-0.048274148358735676,-0.4497465976648634,-0.10388505041922098,-0.0614928260065902,0.571594654361169,1.1240397678101748,fezouata trophic species
-0.33333333097777773,0.09999999682000006,0.04938271600091455,2.40000001272,-0.8947368422520776,0.49090909020826434,4.0000000424,0.3647798745617214,1.065073304786504,0.028866349098358383,0.7113689989285411,-0.09178010010318163,-0.21751161048987047,-0.16844188078302078,-0.0834644103648549,0.4479650520253059,0.6916170381298881,fezouata trophic species
-1.0,-0.10000000742000001,0.19753086531230002,2.2000000169600002,-0.789473684504155,0.5636363627603306,2.60000002968,-1.0,-1.0,-1.0,0.5366166027830815,-0.0468029987877302,-0.4763268436041585,-0.16660825506950652,-0.17828737946247453,0.30769135213328097,0.8074184054736149,fezouata trophic species
-0.9333333352177778,0.0,0.17283950665752176,1.6000000084800001,-0.789473684504155,0.4727272706247933,1.4000000127200003,-0.1642156861106306,0.07585665064685036,-0.5412253951913708,0.31429453432992477,-0.09521335577512863,-0.18528904931997028,-0.2862623684372519,-0.24308492977018326,0.2405358910629164,0.35799402698692995,fezouata trophic species
-1.0,0.19999999364000012,0.1604938279844536,1.6000000084800001,-0.8947368422520776,0.5999999980727273,3.60000002968,-1.0,-1.0,-1.0,0.4678380442122283,-0.08296943527595287,-0.4714240223575278,-0.23822806838363375,-0.21763961407696042,0.4090734854057064,0.7010341822365579,fezouata trophic species
-1.0,-0.10000000742000001,0.19753086531230002,2.2000000169600002,-0.9473684197313019,0.6363636353123968,3.80000002544,-1.0,-1.0,-1.0,0.5281217288138744,-0.04154241502069696,-0.37625959896708144,-0.20982134484763035,-0.21213509222664273,0.3238712528243844,0.6432250956337839,fezouata trophic species
-0.9333333352177778,0.0,0.17283950665752176,4.0000000424,-0.9210526309916897,0.581818180416529,4.4000000339200005,-0.39215686262591315,-1.0,-1.0,0.7365847223835246,-0.09095506735368394,-0.29369376992136476,-0.22977379945118243,-0.17807199418193065,0.3362250257914108,0.7283351290852,fezouata trophic species
-1.0,0.29999999046000003,0.14814814931138545,3.0000000212,-0.9210526309916897,0.5090909078644628,6.0000000424,-1.0,-1.0,-1.0,0.6204279259264542,-0.09178262413955104,-0.5907033623913495,-0.1648706464672429,-0.08766117863161185,0.4591954493064141,1.1558137150537648,fezouata trophic species
-1.0,0.09999999682000006,0.17283950665752176,2.80000002544,-0.8947368422520776,0.5999999980727273,5.0000000424,-1.0,-1.0,-1.0,0.551838231433903,-0.08570875206742296,-0.2215794303725857,-0.2719360075738003,-0.19609454406906765,0.4288776824269956,0.6232528095196936,fezouata trophic species
-1.0,0.0,0.18518518533058992,2.2000000169600002,-0.8684210535124653,0.49090909020826434,2.2000000169600002,-1.0,-1.0,-1.0,0.44361128219779367,-0.07415697871004508,-0.48862353604768816,-0.12759093102022068,-0.1069924706203848,0.30879460812480225,0.8145526760620166,fezouata trophic species
-1.0,-0.20000000423999992,0.20987654398536817,3.0000000212,-0.8684210535124653,0.6363636353123968,5.20000003816,0.28322440105553415,0.2491748116365932,-0.5152396369576072,0.45416456587522547,-0.11209839029970586,-0.40352247656473683,-0.25363021643583966,-0.2513997608886436,0.6792822030326998,0.676423183767339,fezouata trophic species
-1.0,-0.20000000423999992,0.20987654398536817,3.60000002968,-0.8421052619833795,0.6181818176561984,4.4000000339200005,-1.0,-1.0,-1.0,0.6530682084302117,-0.06862064963174971,-0.36624279768188894,-0.29324423394403754,-0.3393448823060444,0.49587220598555914,0.48942792003758245,fezouata trophic species
-1.0,-0.2865384675111538,0.2205603049291795,3.8923077304676923,-0.9463562759417218,0.7234265714150667,5.115384647184616,-1.0,-1.0,-1.0,1.1718850703587556,-0.12389720088569166,-0.44582565324472384,-0.25000838412542464,-0.26074643081960924,0.4556448825326031,0.9643185986506958,fezouata trophic species
-1.0,-0.10000000742000001,0.19753086531230002,2.60000002968,-0.8947368422520776,0.5454545431768595,2.2000000169600002,-1.0,-1.0,-1.0,0.5752989230039559,-0.11823523871496726,-0.3184047055214024,-0.1563607610172988,-0.06882686328411598,0.4214806223179126,0.5420435614704058,fezouata trophic species
-0.5999999971733333,-0.30000000105999997,0.14814814931138545,2.0000000212,-0.8684210535124653,0.6363636353123968,2.80000002544,0.36041083120792367,-0.103890239654204,-0.17538056866348808,0.7246983034192984,-0.11693589222170431,-0.31158372528708217,-0.25132453183310144,-0.21202385110205102,0.33649235122708837,0.5760977321028676,fezouata trophic species
-1.0,0.19999999364000012,0.1604938279844536,2.2000000169600002,-0.8684210535124653,0.5272727255206612,3.2000000381600007,-1.0,-1.0,-1.0,0.6375889926465467,-0.05753078877065123,-0.5446508831810236,-0.2282045147780822,-0.24170383537049192,0.35975632238616356,0.6980919036795956,fezouata trophic species
-1.0,0.32499999496500004,0.1450617289887975,3.076923098123077,-0.8658906884595675,0.44545454414049585,4.911538504998462,-1.0,-1.0,-1.0,0.5197199268518584,-0.06483245606376792,-0.4713093389025476,-0.14707329108535902,-0.10735637992069863,0.38881813898583906,1.1049227557477794,fezouata trophic species
-1.0,0.09999999682000006,0.17283950665752176,2.0000000212,-0.9210526309916897,0.49090909020826434,1.2000000169600002,-1.0,-1.0,-1.0,0.48741588587426543,-0.06136012186661614,-0.3766021916757212,-0.21664526793762118,-0.25994617124986963,0.272605659406926,0.5471496154685908,fezouata trophic species
-0.8666666633688889,0.09999999682000006,0.14814814931138545,2.40000001272,-0.9210526309916897,0.49090909020826434,2.60000002968,0.18369453064386157,-0.15883004364750464,-0.3503862445699041,0.6770620152531076,-0.07637438240787207,-0.28977156921659547,-0.154384649343477,-0.15681033821760051,0.3535386044633833,0.5639117115070399,fezouata trophic species
-1.0,0.0,0.18518518533058992,3.0000000212,-0.8684210535124653,0.5999999980727273,4.20000003816,-1.0,-1.0,-1.0,0.4223615452060307,-0.04822648609668535,-0.4286796563644607,-0.25204320212326636,-0.24616359870694932,0.30916957959161195,0.8368925767367444,fezouata trophic species
-1.0,0.19999999364000012,0.1604938279844536,4.0000000424,-0.9473684197313019,0.5999999980727273,5.0000000424,0.2663398693267333,-0.39991583047823764,-0.45177008185504985,0.5385778745788004,-0.04699917907415706,-0.34590432984309927,-0.2518841001010427,-0.19281771502552644,0.30074138495195696,1.1437390629909097,fezouata trophic species
-1.0,0.6999999883400001,0.09876543331047105,2.40000001272,-0.8684210535124653,0.45454545296859494,2.0000000212,-1.0,-1.0,-1.0,0.4445740244103801,-0.06483663846501017,-0.3160201331305188,-0.1710447391468553,-0.14356861478428448,0.31655898698579094,0.754970992046441,fezouata trophic species
-1.0,0.29999999046000003,0.14814814931138545,1.6000000084800001,-0.7368421042354572,0.4181818176561984,0.6000000084800001,-1.0,-1.0,-1.0,0.39138734977211503,-0.06763379544983279,-0.38728163390429293,-0.10533105314817184,-0.09927636289651261,0.2644464484068126,0.7070455985207608,fezouata trophic species
-1.0,0.22307691435230773,0.15764482541507518,3.6884615670815384,-0.9463562759417218,0.612237761661602,6.3384615851015385,-1.0,-1.0,-1.0,0.4960111319707981,-0.061464252836653854,-0.5263150291511008,-0.16270764826877235,-0.16465519303151233,0.4580814022699421,0.9158859577388596,fezouata trophic species
-1.0,-0.20000000423999992,0.20987654398536817,2.40000001272,-0.9210526309916897,0.6363636353123968,2.40000001272,-1.0,-1.0,-1.0,1.0003707443421022,-0.10536650219772216,-0.39713786416496355,-0.20919361078551718,-0.1829576396769677,0.3764780217246462,0.5746813601934252,fezouata trophic species
-1.0,0.6999999883400001,0.09876543331047105,2.60000002968,-0.9210526309916897,0.4727272706247933,3.60000002968,-1.0,-1.0,-1.0,0.3288244515074089,-0.07067622057296642,-0.5155813607351544,-0.21311093906684309,-0.15908462766460937,0.39527152229106927,0.9357980007329183,fezouata trophic species
-1.0,0.0,0.18518518533058992,2.2000000169600002,-0.763157895764543,0.45454545296859494,1.4000000127200003,-1.0,-1.0,-1.0,0.6260000918306412,-0.13505822170535037,-0.39841367955839024,-0.16648242229036733,-0.13884648035963593,0.32350004103225843,0.613063267059644,fezouata trophic species
-1.0,-0.6000000021199999,0.2592592599862826,3.40000003392,-0.9473684197313019,0.6181818176561984,5.20000003816,-1.0,-1.0,-1.0,0.9580928574680618,-0.046772215861619795,-0.4454812825157612,-0.2741720356732106,-0.24404135877523783,0.4153425606234302,0.8437501059854575,fezouata trophic species
-1.0,0.19999999364000012,0.1604938279844536,1.4000000127200003,-0.8947368422520776,0.5454545431768595,2.80000002544,-1.0,-1.0,-1.0,0.560597210324079,-0.10101196570148122,-0.37724883501282375,-0.18378306863023172,-0.13209079348042102,0.38186934973826864,0.7233908631204853,fezouata trophic species
-1.0,-0.20000000423999992,0.20987654398536817,1.8000000254400002,-0.8421052619833795,0.5999999980727273,2.0000000212,0.06372549040465199,-0.03772455872402221,-0.5412253951913708,0.6166019542702121,-0.103459366236814,-0.4110980422167882,-0.24833029995549272,-0.23759618972588006,0.2917085179090192,0.3979905764553575,fezouata trophic species
-1.0,0.29999999046000003,0.14814814931138545,2.0000000212,-0.8421052619833795,0.4727272706247933,1.6000000084800001,-1.0,-1.0,-1.0,0.5094594150929614,-0.10367883535133723,-0.34055196922398306,-0.20425243257268222,-0.11386667293494393,0.370176946487212,0.6732178167694539,fezouata trophic species
-0.8666666633688889,-0.5000000053,0.2222222226584363,2.40000001272,-0.9473684197313019,0.6545454529685949,0.6000000084800001,0.3676470590916954,1.1936861546106998,-0.45177008185504985,2.0110374529985817,-0.13550171855043194,-0.28026374398325193,-0.2303700964764843,-0.22919771717021656,0.3525354651319386,0.34314839647216655,fezouata trophic species
-1.0,-0.10000000742000001,0.19753086531230002,3.2000000381600007,-0.8947368422520776,0.5090909078644628,5.800000046640001,-0.39215686262591315,-1.0,-1.0,0.6364891827399393,-0.03020318288938282,-0.5260417815233661,-0.18771160989516875,-0.1777210489185,0.5210640492065913,0.9124337737790549,fezouata trophic species
-0.46158730307691004,-0.19238095746895242,0.10922986585910686,2.0285714521942855,-0.8937343360940774,0.541818180416529,1.0190476277295237,0.12563543967169316,0.6847943685828766,-0.11993458674352993,0.595102697378883,-0.14021469337599773,-0.31541872290502687,-0.1390644620842157,-0.1694711381499083,0.2958745381093759,0.5126389639912248,fezouata trophic species
-0.20000000141333324,0.29999999046000003,0.0,2.2000000169600002,-0.763157895764543,0.4181818176561984,1.0000000212000002,0.12822683057416207,0.07815375535137688,0.08866312562608843,0.41417552291625737,-0.08547396887181687,-0.1887491523825865,-0.22495777250802193,-0.16600153658730768,0.2536917498046414,0.4184254324021319,fezouata trophic species
-1.0,-0.10000000742000001,0.19753086531230002,2.40000001272,-0.9736842112603877,0.5454545431768595,2.0000000212,-1.0,-1.0,-1.0,0.5536992943966217,-0.07178465378690248,-0.40547720739386706,-0.2529325764290259,-0.288672747897406,0.26714905474505024,0.8173804745501526,fezouata trophic species
-0.5999999971733333,0.09999999682000006,0.09876543331047105,2.40000001272,-0.9210526309916897,0.49090909020826434,1.4000000127200003,0.13007456551570087,0.37421444175450863,-0.05955073172442293,-0.41531629255146213,-0.14652639988410873,-0.2451699706079053,-0.12510612969463944,-0.09677687031252866,0.38298025304840067,0.36952866786150684,fezouata trophic species
-0.9333333352177778,0.5999999915200002,0.09876543331047105,1.2000000169600002,-0.8157894732437673,0.43636363531239675,0.0,-0.39215686262591315,-1.0,-1.0,0.32902500984509514,-0.0807630827303853,-0.4094861191978555,-0.15570562106912977,-0.16160539309188926,0.2740146501085659,0.4322918953159135,fezouata trophic species
-0.32698412884613753,-0.19238095746895242,0.08430335209309564,1.8266666788213333,-0.8937343360940774,0.633593072842188,2.634285729913143,0.24685771751899152,-0.0006793508806669105,-0.03880569351073403,0.6631341626094035,-0.08133308211412285,-0.2712025061967613,-0.3737382061984628,-0.3041705848531887,0.36212904405963386,0.4496257962081096,fezouata trophic species
-1.0,0.09999999682000006,0.17283950665752176,3.2000000381600007,-0.9210526309916897,0.4727272706247933,5.60000005088,-1.0,-1.0,-1.0,0.9255598552231191,-0.12883640536786076,-0.49673998371987843,-0.18814450648887804,-0.11950758400673316,0.47832694439564716,1.0173379312973199,fezouata trophic species
-1.0,0.09999999682000006,0.17283950665752176,2.80000002544,-0.9210526309916897,0.5454545431768595,2.60000002968,-1.0,-1.0,-1.0,0.726128176814859,-0.12615005685108818,-0.2587966611542621,-0.21032759502215578,-0.09733249957361942,0.4248943653023159,0.5932926786657688,fezouata trophic species
-1.0,0.11047618878019054,0.17154614961981404,1.4228571532754288,-0.7874686721881546,0.4316883106621016,2.2304762043672377,-1.0,-1.0,-1.0,0.4198163600485752,-0.08510977785341887,-0.36274757814581815,-0.17531764610497225,-0.15972029240660232,0.3134925170652053,0.6113687932530102,fezouata trophic species
-1.0,-0.29333333248533333,0.22139917715183663,2.8361905032860952,-0.8937343360940774,0.6152380935861471,4.249523853296762,-1.0,-1.0,-1.0,0.7529560027291738,-0.13393677447936606,-0.4581941529955001,-0.24598703879168057,-0.21215744882729692,0.3608195479025344,0.73149691880655,fezouata trophic species
-1.0,0.19999999364000012,0.1604938279844536,2.80000002544,-0.9473684197313019,0.5272727255206612,2.60000002968,0.30920060366847063,0.4317142689945822,-0.43411074372481145,0.7567586352251335,-0.0837540570204276,-0.22958923343843698,-0.27430750461014053,-0.1894964158050542,0.3214565418212687,0.7160054848844741,fezouata trophic species
-1.0,-0.10000000742000001,0.19753086531230002,1.8000000254400002,-0.8684210535124653,0.5636363627603306,1.8000000254400002,-1.0,-1.0,-1.0,0.5783123252310858,-0.11189430195316848,-0.43896379227286514,-0.11178155953368317,-0.13084103733608954,0.32533107969320757,0.7983763059439357,fezouata trophic species
-1.0,0.00952380316380952,0.1840094071571407,1.624761926648381,-0.8671679187228598,0.541818180416529,2.634285729913143,-1.0,-1.0,-1.0,0.7035713045303206,-0.09513602413242493,-0.3911422720855805,-0.298799844163878,-0.3096222998052003,0.35201958411073786,0.47984817550658593,fezouata trophic species
-0.46158730307691004,0.11047618878019054,0.07184009455576898,1.4228571532754288,-0.840601504141116,0.5601731596725698,1.624761926648381,0.17604433119138116,0.27030312562832254,-0.15531001533709496,0.4511483831200299,-0.09939944870365025,-0.1994382924877711,-0.17329945753197748,-0.14478876957422804,0.25238117978516034,0.46542532739075454,fezouata trophic species
-1.0,-0.39999999787999996,0.23456790133150432,2.0000000212,-1.0,0.7454545431768596,1.2000000169600002,-1.0,-1.0,-1.0,1.049805432815956,-0.1113341470662178,-0.4317614324000827,-0.2844212372110054,-0.2750018664025867,0.3604786116289362,0.6223980560291301,fezouata trophic species
-0.6666666690222222,0.19999999364000012,0.09876543331047105,1.0000000212000002,-0.8684210535124653,0.45454545296859494,1.8000000254400002,0.3025210087455923,0.5570383285860064,-0.11191101356093072,0.6003479431070574,-0.09073682628477218,-0.4034505845898557,-0.16069253168506403,-0.06425697542155719,0.39358391710801227,0.873812878086113,fezouata trophic species
-0.5999999971733333,0.0,0.11111111198353919,1.4000000127200003,-0.9210526309916897,0.6363636353123968,1.8000000254400002,0.2404961990079403,0.27008091945453166,-0.14137123673911994,0.7556146741524642,-0.11959764585367495,-0.1754773405051183,-0.25495317329908346,-0.19364328853986276,0.4310600475389857,0.5531531168574083,fezouata trophic species
-1.0,-0.10000000742000001,0.19753086531230002,1.8000000254400002,-0.9210526309916897,0.5636363627603306,2.0000000212,-1.0,-1.0,-1.0,0.794111871668304,-0.13328935789236995,-0.39582625038037794,-0.1983286736125904,-0.15558735744824276,0.39136355515257476,0.5715752350203367,fezouata trophic species
-0.8666666633688889,0.19999999364000012,0.13580246932967535,1.8000000254400002,-0.8947368422520776,0.5090909078644628,2.40000001272,0.32620320892670657,0.2894601232495289,-0.16511713914774687,0.5280023968579699,-0.1363773339450376,-0.21982542362152263,-0.2402752812420669,-0.09494564878850985,0.42476460603183447,0.5108452641343743,fezouata trophic species
-1.0,-0.20000000423999992,0.20987654398536817,3.2000000381600007,-0.9473684197313019,0.6727272706247933,4.60000002968,-1.0,-1.0,-1.0,0.8360026674921962,-0.06657258159625123,-0.4616978553132141,-0.2392432739837624,-0.21495935569180039,0.46957301792442596,1.0869476734001353,fezouata trophic species
-1.0,0.09999999682000006,0.17283950665752176,2.40000001272,-0.9736842112603877,0.5454545431768595,3.80000002544,0.16042780765890727,0.12119574020117467,-0.47096687551749783,1.0299269523152974,-0.09277729956278022,-0.3513688041400753,-0.14033430278277406,-0.04818416906200991,0.42414607286357,0.8839299087467378,fezouata trophic species
-1.0,0.31238094941295247,0.1466196358538028,1.8266666788213333,-0.9468671680470386,0.5051082238317197,2.634285729913143,0.26244343920832214,0.025964400809839635,-0.43411074372481145,0.5857865928001671,-0.13277375488965043,-0.38232533703742494,-0.15192784038813145,-0.14606913693775858,0.4707136154951992,0.44303389510765756,fezouata trophic species
-1.0,0.7161904706784763,0.09676660832178022,3.4419048022049528,-0.840601504141116,0.5051082238317197,5.6628571821074285,-1.0,-1.0,-1.0,0.3412021856676499,-0.06681388500943772,-0.5354437561954827,-0.18163511263739737,-0.15520311456100996,0.36072560845657325,0.9603772331421837,fezouata trophic species
-1.0,0.39999999788,0.13580246932967535,2.80000002544,-0.9210526309916897,0.5454545431768595,4.0000000424,-1.0,-1.0,-1.0,0.36065678577034094,-0.044406973590881534,-0.49301792586130766,-0.23778990085615606,-0.24566095204422128,0.29770455995447337,0.758147594098168,fezouata trophic species
-1.0,0.31238094941295247,0.1466196358538028,1.0190476277295237,-0.8140350867698984,0.5234632011604881,2.432380977740191,-1.0,-1.0,-1.0,0.2507020369601964,-0.08513147122881516,-0.24165833012738577,-0.2941145913146685,-0.33576899370362423,0.31188084543891725,0.2811978043804146,fezouata trophic species
-1.0,0.0,0.18518518533058992,2.40000001272,-0.8421052619833795,0.4727272706247933,2.80000002544,-1.0,-1.0,-1.0,0.5100559313215524,-0.07370623689915339,-0.3269343655742827,-0.16011843939624304,-0.13493571894381834,0.29377580243940543,0.6645832771692567,fezouata trophic species
-1.0,-0.39999999787999996,0.23456790133150432,3.0000000212,-0.9473684197313019,0.6727272706247933,4.0000000424,-1.0,-1.0,-1.0,0.8569071677849734,-0.12239576665298357,-0.5182012473652376,-0.28391890682947957,-0.3117231092561819,0.34998445840526693,0.6472355380269825,fezouata trophic species
-1.0,-0.10000000742000001,0.19753086531230002,1.0000000212000002,-0.9736842112603877,0.6909090902082644,0.40000001272000013,-1.0,-1.0,-1.0,0.4205602479665387,-0.05719880752644089,-0.30746988053595875,-0.2309611433547987,-0.2802144010318158,0.2193893907335086,0.37638056164160727,fezouata trophic species
-1.0,0.29999999046000003,0.14814814931138545,2.0000000212,-0.9473684197313019,0.6363636353123968,2.2000000169600002,-1.0,-1.0,-1.0,0.6807440727819476,-0.0645388436954542,-0.4718969711867734,-0.3165016887411071,-0.28200228211384665,0.40898777761983857,0.584093456434578,fezouata trophic species
-1.0,0.29999999046000003,0.14814814931138545,2.80000002544,-0.9210526309916897,0.5272727255206612,2.40000001272,-1.0,-1.0,-1.0,0.5717143924970227,-0.03629054710607185,-0.5908033548676003,-0.22597026246368224,-0.2267022722557599,0.35543531755649715,0.8214015490100968,fezouata trophic species
-1.0,0.6999999883400001,0.09876543331047105,1.8000000254400002,-0.8684210535124653,0.45454545296859494,1.8000000254400002,-1.0,-1.0,-1.0,0.36801718002079026,-0.08591129025802458,-0.2966914824375791,-0.1864801638659961,-0.12716668280945143,0.33143301011995197,0.5554412196488605,fezouata trophic species
-1.0,-0.20000000423999992,0.20987654398536817,2.2000000169600002,-0.8947368422520776,0.4727272706247933,3.80000002544,-1.0,-1.0,-1.0,0.878388157511816,-0.08857422663884237,-0.42696087363763113,-0.22503795603118598,-0.2048663644664008,0.3957432045859373,0.7171078480095894,fezouata trophic species
-1.0,0.0,0.18518518533058992,2.40000001272,-0.8947368422520776,0.6181818176561984,2.0000000212,-1.0,-1.0,-1.0,0.614840422283947,-0.10991691826020451,-0.43625601834993866,-0.28347393757028544,-0.2842369930705457,0.3452944265113923,0.37801553373345764,fezouata trophic species
-1.0,0.39999999788,0.13580246932967535,3.0000000212,-0.789473684504155,0.5090909078644628,3.60000002968,-1.0,-1.0,-1.0,0.3817135479445285,-0.057792539898214076,-0.5049844145305963,-0.23758011917694102,-0.21596691998153897,0.31290528316941174,0.7572791127795847,fezouata trophic species
-1.0,0.09999999682000006,0.17283950665752176,2.40000001272,-0.9210526309916897,0.5636363627603306,3.80000002544,-1.0,-1.0,-1.0,0.554202824995373,-0.12339421177360192,-0.49193252568937884,-0.22456837819275846,-0.2208174615905103,0.4352863682342053,0.7436399063488439,fezouata trophic species
-1.0,0.29999999046000003,0.14814814931138545,2.2000000169600002,-0.8947368422520776,0.4181818176561984,1.4000000127200003,0.29673202619543754,0.33027788238002814,-0.40253927035666687,0.38079958754666754,-0.10341159702407,-0.36063300626447364,-0.09403069972671749,-0.05369817214715499,0.40894426422276436,0.7006667252324229,fezouata trophic species
-1.0,0.0,0.18518518533058992,2.40000001272,-0.9210526309916897,0.5454545431768595,2.2000000169600002,-1.0,-1.0,-1.0,0.4831321685512333,-0.10360790439308579,-0.21190775953675123,-0.2000555547510577,-0.13057373843603193,0.3538115736510315,0.367796969990329,fezouata trophic species
-1.0,0.09999999682000006,0.17283950665752176,4.0000000424,-0.9210526309916897,0.5454545431768595,5.4000000339200005,-1.0,-1.0,-1.0,0.8435809880977247,-0.06350375223422824,-0.37176788485185247,-0.19634347217636572,-0.14159361642613583,0.4513373013681552,0.9742392910045723,fezouata trophic species
-1.0,0.19999999364000012,0.1604938279844536,2.60000002968,-0.8684210535124653,0.5090909078644628,3.60000002968,-1.0,-1.0,-1.0,0.5286974301574404,-0.09823431274844435,-0.3146997985795878,-0.25865436508527057,-0.2367380361664773,0.43245882922446033,0.5856258898144657,fezouata trophic species
-1.0,0.49999999469999995,0.12345679065660721,2.40000001272,-0.9210526309916897,0.5090909078644628,2.0000000212,-1.0,-1.0,-1.0,0.41904808739306,-0.1326339980144465,-0.4341620596051039,-0.23968612744559878,-0.1927198336734593,0.33044911397068055,0.7348085512608612,fezouata trophic species
-1.0,0.0,0.18518518533058992,1.4000000127200003,-0.8947368422520776,0.5454545431768595,2.0000000212,0.2764705884855824,-0.3426407288600309,-0.4919945836929878,0.6000190987727178,-0.06836046124255711,-0.3192370501522485,-0.22059206742017828,-0.20032066081349567,0.30765036805600116,0.48489398638473913,fezouata trophic species
-0.06666666478222216,-0.20000000423999992,0.0370370373278464,3.0000000212,-0.8157894732437673,0.5999999980727273,3.40000003392,0.18754538893873435,0.2831380048408785,0.03299028118734284,0.6603738176400302,-0.09090077792335957,-0.30990312995169084,-0.26789058520850995,-0.23450757321021096,0.30078228962663417,0.7629043673517243,fezouata trophic species
-1.0,0.5999999915200002,0.11111111198353919,1.6000000084800001,-0.9210526309916897,0.5636363627603306,3.0000000212,-1.0,-1.0,-1.0,0.3777060752621894,-0.07292056200490742,-0.40380301705060395,-0.2484887353159524,-0.2251096563347124,0.3404178863841128,0.5489403063243554,fezouata trophic species
-1.0,-0.39999999787999996,0.23456790133150432,2.2000000169600002,-0.9210526309916897,0.6727272706247933,1.6000000084800001,-1.0,-1.0,-1.0,0.8191991096360847,-0.11881382057730693,-0.38369083605053317,-0.3132170402910162,-0.2350701910642054,0.38324574914062426,0.594630879645304,fezouata trophic species
-1.0,-0.30000000105999997,0.2222222226584363,2.80000002544,-0.9473684197313019,0.5636363627603306,2.2000000169600002,-1.0,-1.0,-1.0,1.006129352468193,-0.10789562438717085,-0.6649642667457119,-0.12158530926200926,-0.1171022370960439,0.4012529735301379,0.9089089991469262,fezouata trophic species
-1.0,0.09999999682000006,0.17283950665752176,3.0000000212,-0.8421052619833795,0.581818180416529,4.0000000424,-1.0,-1.0,-1.0,0.7015927091398463,-0.13014883130183172,-0.4618846412680041,-0.21797252914931428,-0.13651360725919062,0.4821248764868428,0.8345654831278169,fezouata trophic species
-1.0,-0.20000000423999992,0.20987654398536817,3.0000000212,-0.9473684197313019,0.5454545431768595,3.2000000381600007,-1.0,-1.0,-1.0,0.6475309023683476,-0.09697155471659008,-0.48478387713322135,-0.2574022718434263,-0.24555920364885334,0.30747021357259513,0.5777271870354532,fezouata trophic species
-1.0,0.29999999046000003,0.14814814931138545,2.80000002544,-0.9473684197313019,0.45454545296859494,1.6000000084800001,-1.0,-1.0,-1.0,0.5207850389765066,-0.11679207373662966,-0.5400709705621871,-0.1320738705836956,-0.13932507581929524,0.3726030560037325,0.7036151953119336,fezouata trophic species
-1.0,0.49999999469999995,0.12345679065660721,2.2000000169600002,-0.8684210535124653,0.45454545296859494,3.80000002544,-1.0,-1.0,-1.0,0.314201029202016,-0.03992938717602345,-0.31772688390000287,-0.21917042382908808,-0.22702446346600982,0.3642412720048384,0.6636021653513215,fezouata trophic species
-1.0,0.0,0.18518518533058992,2.2000000169600002,-0.9210526309916897,0.5999999980727273,2.40000001272,-1.0,-1.0,-1.0,0.5131539730697968,-0.08805101377971096,-0.2920404352759424,-0.188648802705984,-0.16181830215107518,0.3229137376116224,0.7301073360771531,fezouata trophic species
-0.7999999985866667,0.19999999364000012,0.12345679065660721,0.6000000084800001,-0.9210526309916897,0.45454545296859494,0.80000000424,0.4110644257864833,0.9642365197902512,-0.26483588199980895,0.5603859959005054,-0.12185600915067113,-0.22734841982585655,-0.1168013607763327,-0.05130880408927264,0.4122313384709917,0.4896667550621531,fezouata trophic species
-1.0,0.39999999788,0.13580246932967535,3.0000000212,-0.8421052619833795,0.5090909078644628,4.0000000424,-1.0,-1.0,-1.0,0.4482955210151166,-0.052030284399987844,-0.40540801563002976,-0.22989925955303261,-0.16811736100386998,0.3440818470123986,1.048096934193075,fezouata trophic species
-1.0,0.0,0.18518518533058992,2.0000000212,-0.8421052619833795,0.5636363627603306,2.2000000169600002,-1.0,-1.0,-1.0,0.5751325997124191,-0.1481737966487375,-0.33702619840177306,-0.2810551209116349,-0.2668410437729515,0.35415193714663284,0.565241200974913,fezouata trophic species
-1.0,-0.30000000105999997,0.2222222226584363,2.2000000169600002,-0.789473684504155,0.581818180416529,1.4000000127200003,-1.0,-1.0,-1.0,0.6078412165726381,-0.12169298357926606,-0.42754773933651824,-0.16135284902648675,-0.15359229315840156,0.3547624352340628,0.7398343954647072,fezouata trophic species
-1.0,-0.08269230628576925,0.1953941120766241,2.057692323592308,-0.8927125518834433,0.5195804173094722,1.446153854633846,-1.0,-1.0,-1.0,0.6281502968065429,-0.043124607093034804,-0.4218193216983361,-0.2673241305769581,-0.29236636703211427,0.23485176402529273,0.5206536138749794,fezouata trophic species
-0.7999999985866667,0.29999999046000003,0.11111111198353919,2.0000000212,-0.8157894732437673,0.38181818041652893,1.2000000169600002,0.2156862747481737,-0.16289958838849658,-0.19746137613102582,0.5074966423879361,-0.07389632351253085,-0.4407632838501277,-0.13267776072316426,-0.10720374583325051,0.3838931463112495,0.6458886491976551,fezouata trophic species
-0.8666666633688889,0.49999999469999995,0.09876543331047105,1.4000000127200003,-0.8684210535124653,0.36363636276033057,2.0000000212,0.2956656347050324,0.09902205273940287,-0.19746137613102582,0.4924483948808822,-0.10556652390141517,-0.25444422529765537,-0.1485096086591067,-0.07886054178294717,0.40842885422088526,0.642321058412464,fezouata trophic species
-1.0,0.00952380316380952,0.1840094071571407,2.0285714521942855,-0.8937343360940774,0.5601731596725698,2.432380977740191,-1.0,-1.0,-1.0,0.6937923909267542,-0.1154380754389274,-0.39823311553057306,-0.22843746629432735,-0.1861857226281828,0.34764720965174306,0.8446811414000043,fezouata trophic species
-1.0,0.7999999957599999,0.08641975332876095,2.2000000169600002,-0.789473684504155,0.38181818041652893,8.400000055120001,-1.0,-1.0,-1.0,0.27257023825415827,0.004439426407374969,-0.47893946483588273,-0.1289500019460139,-0.1282933011291002,1.0315155767234465,1.1144937217251503,fezouata trophic species
-1.0,0.29999999046000003,0.14814814931138545,1.0000000212000002,-0.8157894732437673,0.45454545296859494,0.6000000084800001,-1.0,-1.0,-1.0,0.5519671854154053,-0.1345792096805265,-0.4310153457821957,-0.14609949720740964,-0.1471046999346404,0.3458711476567937,0.6081776076023124,fezouata trophic species
-1.0,-0.6000000021199999,0.2592592599862826,3.0000000212,-0.8684210535124653,0.581818180416529,3.60000002968,-1.0,-1.0,-1.0,1.3008908354945417,-0.1485559830650194,-0.5217458670335213,-0.2718387402861461,-0.22193492872870882,0.48184926311544113,0.6756413995390129,fezouata trophic species
-0.7333333338044444,0.9999999894,0.012345679981710093,1.6000000084800001,-0.8684210535124653,0.4181818176561984,2.40000001272,0.35814951007022533,0.21393065785838808,-0.0824507903827416,0.19568891940155556,-0.07095531532830399,-0.33400006044353775,-0.11609842756419933,-0.07795537614299149,0.39614543118878304,0.373549379506117,fezouata trophic species
-1.0,0.39999999788,0.13580246932967535,2.80000002544,-0.8157894732437673,0.45454545296859494,2.80000002544,-1.0,-1.0,-1.0,0.36634185880078923,-0.08830456870941242,-0.4528140396988094,-0.11485253620696098,-0.09731063394788968,0.325516338299247,0.8540154847376128,fezouata trophic species
-1.0,0.39999999788,0.13580246932967535,1.2000000169600002,-0.9210526309916897,0.5454545431768595,0.6000000084800001,-1.0,-1.0,-1.0,0.48584777951308455,-0.12096205108298806,-0.25450341941568766,-0.1113492360612232,-0.0666806394736565,0.3469222677453275,0.6669075826212147,fezouata trophic species
-1.0,-0.19238095746895242,0.20893592092315208,2.8361905032860952,-0.6546365909110143,0.5051082238317197,2.2304762043672377,-1.0,-1.0,-1.0,0.5092745634482811,-0.08477044846743514,-0.4981286267452714,-0.20171769545991744,-0.24005896264010054,0.2939118391408793,0.7653632536307443,fezouata trophic species
-1.0,0.29999999046000003,0.14814814931138545,2.80000002544,-0.8157894732437673,0.5090909078644628,3.60000002968,-1.0,-1.0,-1.0,0.526130421967876,-0.06196488022577981,-0.3942878188681224,-0.14085467015117853,-0.08611431369164606,0.3825659364356989,0.8772419128501475,fezouata trophic species
-1.0,-0.39428571810171426,0.2338624346891633,3.0380952554590475,-0.8937343360940774,0.5601731596725698,2.432380977740191,-1.0,-1.0,-1.0,0.752998957363262,-0.12188836613934294,-0.44901483589539465,-0.2303281101482857,-0.20676893334983373,0.4185554551102355,0.6774888512763314,fezouata trophic species
-1.0,-0.20000000423999992,0.20987654398536817,2.40000001272,-0.9736842112603877,0.6545454529685949,2.0000000212,-1.0,-1.0,-1.0,0.9010728978911569,-0.08926497964689288,-0.4523314662190132,-0.1731228084970001,-0.14098521146581455,0.4003435277278563,0.8229404105312292,fezouata trophic species
-1.0,-0.10000000742000001,0.19753086531230002,2.60000002968,-0.9210526309916897,0.6363636353123968,6.0000000424,-1.0,-1.0,-1.0,0.6032774902016854,-0.05895547392737485,-0.5506044549422751,-0.2798274848024763,-0.2855298039390163,0.35227591729681174,0.7915894625870425,fezouata trophic species
-1.0,0.0,0.18518518533058992,1.6000000084800001,-0.9473684197313019,0.581818180416529,0.80000000424,-1.0,-1.0,-1.0,0.7698191580783378,-0.08453240516303885,-0.3247497895774733,-0.14373596893206525,-0.1168224273667254,0.3523163085527193,0.567178871477416,fezouata trophic species
-0.9333333352177778,0.19999999364000012,0.14814814931138545,2.0000000212,-0.8684210535124653,0.49090909020826434,2.80000002544,-0.39215686262591315,-1.0,-1.0,0.5317162412520355,-0.09448586331645487,-0.13991950611382592,-0.198320067885232,-0.08778079752899383,0.3767242538204222,0.45968470542967815,fezouata trophic species
-1.0,0.29999999046000003,0.14814814931138545,2.2000000169600002,-0.8157894732437673,0.5090909078644628,1.4000000127200003,-1.0,-1.0,-1.0,0.3778144924114734,-0.0690605969720467,-0.3622594028722635,-0.2424019352386262,-0.20326424596378995,0.2593666221991278,0.7625042569675252,fezouata trophic species
-1.0,-0.10000000742000001,0.19753086531230002,3.40000003392,-0.8947368422520776,0.6181818176561984,3.40000003392,-1.0,-1.0,-1.0,0.7471176358136296,-0.05363104311273808,-0.42461015685894365,-0.2541844380467384,-0.25730832061854686,0.2986382875351418,0.7340011057349415,fezouata trophic species
-0.32698412884613753,0.31238094941295247,0.021987067023746382,1.2209524011024764,-0.9203007506758212,0.541818180416529,-0.3942857010811428,0.28060156156482374,0.9068223184459682,0.022532212444376216,0.5153525189246123,-0.09881768726010157,-0.24646705588408724,-0.12035012606655614,-0.0780245379250665,0.33584886328556346,0.5796317585260142,fezouata trophic species
-1.0,0.0,0.18518518533058992,3.2000000381600007,-0.789473684504155,0.5454545431768595,6.60000005088,-1.0,-1.0,-1.0,0.5530064077799879,-0.07092001782467942,-0.47550483986628383,-0.270605107190652,-0.233269475667763,0.40155301977614094,0.9180191383826741,fezouata trophic species
-1.0,0.09999999682000006,0.17283950665752176,4.0000000424,-0.9210526309916897,0.581818180416529,5.60000005088,-1.0,-1.0,-1.0,0.4984695243431709,-0.02368174607108508,-0.5098539430903841,-0.19557603758260708,-0.18146147487668585,0.3593296829520919,1.0566340184396317,fezouata trophic species
-1.0,0.29999999046000003,0.14814814931138545,3.80000002544,-0.9473684197313019,0.581818180416529,4.60000002968,-1.0,-1.0,-1.0,0.4933033661290353,-0.1355324159159875,-0.49160817084685615,-0.2433525266146039,-0.18500856016422726,0.39095297431668624,0.6674060948338392,fezouata trophic species
-1.0,0.19999999364000012,0.1604938279844536,2.0000000212,-0.9473684197313019,0.5999999980727273,2.0000000212,-1.0,-1.0,-1.0,0.6708041254713011,-0.04692440669863948,-0.44292507738833453,-0.1591336003137011,-0.14033789633222096,0.28414412876408296,0.7771688978416288,fezouata trophic species
-1.0,0.0,0.18518518533058992,2.60000002968,-0.8947368422520776,0.5272727255206612,2.2000000169600002,-1.0,-1.0,-1.0,0.6265095989194509,-0.1309130342715294,-0.41628922311974054,-0.24876005923003208,-0.2090526367073494,0.40927116011190123,0.7778032252421794,fezouata trophic species
-1.0,-0.39428571810171426,0.2338624346891633,2.8361905032860952,-0.8671679187228598,0.6152380935861471,3.2400000288320006,-1.0,-1.0,-1.0,1.351430077636864,-0.12017827487811476,-0.34713352540636244,-0.20512583372196821,-0.12570071378804787,0.45760630874676234,0.8072811350807075,fezouata trophic species
-1.0,0.19999999364000012,0.1604938279844536,1.8000000254400002,-0.7368421042354572,0.4181818176561984,1.2000000169600002,-1.0,-1.0,-1.0,0.36022952143681164,-0.1370277401184813,-0.3661740773108271,-0.14295211426604015,-0.13991434589401816,0.3172461586930809,0.3781966692889802,fezouata trophic species
-0.6666666690222222,0.0,0.12345679065660721,1.6000000084800001,-0.6842105267562326,0.38181818041652893,3.40000003392,0.4643493763459508,0.12688506347099815,-0.16511713914774687,0.630148695644392,-0.134782096404565,-0.398353830982427,-0.1588965820122188,-0.06903605636920869,0.4201867006343908,0.6633645331384561,fezouata trophic species
-1.0,0.0,0.18518518533058992,0.6000000084800001,-0.8421052619833795,0.49090909020826434,1.4000000127200003,-1.0,-1.0,-1.0,0.8960948456912365,-0.08625841068747753,-0.37256539218360624,-0.23639204328167723,-0.25526456278219095,0.3513912420229167,0.2288820416521151,fezouata trophic species
-0.730793651538455,0.4133333244293334,0.08430335209309564,3.643809554377905,-0.9734335826287824,0.5051082238317197,4.047619079923809,0.33725490222299115,0.7160495417534505,-0.1158863276493639,0.15960829528050766,-0.1243941139401404,-0.3444219094034848,-0.26629271425714374,-0.18913832595334248,0.3916807508189216,0.7201986560657494,fezouata trophic species
-1.0,0.0,0.18518518533058992,1.6000000084800001,-0.8947368422520776,0.6363636353123968,4.20000003816,-1.0,-1.0,-1.0,0.5112832909607249,-0.06985095253194272,-0.40469208213156876,-0.30954439469430306,-0.33212450654454384,0.3702192750124409,0.6035019866742343,fezouata trophic species
-1.0,0.09999999682000006,0.17283950665752176,3.0000000212,-0.8157894732437673,0.6181818176561984,5.20000003816,-1.0,-1.0,-1.0,0.465427360518823,-0.03700938159153628,-0.39378116316711953,-0.1925952116940112,-0.20209873224937833,0.30008162795680704,1.0237864532988596,fezouata trophic species
-1.0,0.49999999469999995,0.12345679065660721,1.4000000127200003,-0.8157894732437673,0.39999999807272735,2.2000000169600002,-1.0,-1.0,-1.0,0.3439099284754523,-0.10382900544936927,-0.529229696447835,-0.12851518405982684,-0.12865930897775313,0.34612578871944516,0.6213834626656947,fezouata trophic species
-1.0,0.09999999682000006,0.17283950665752176,1.8000000254400002,-0.8157894732437673,0.5272727255206612,1.6000000084800001,0.16042780765890727,-0.3732325263631918,-0.47096687551749783,0.33331064556796436,-0.07249613132288944,-0.42713620200200103,-0.17267241091840937,-0.19227275749030062,0.2823288364872005,0.450493106264147,fezouata trophic species
-1.0,-0.10000000742000001,0.19753086531230002,4.4000000339200005,-0.9736842112603877,0.5999999980727273,6.80000004664,-1.0,-1.0,-1.0,0.8173406100240916,-0.050720679447841505,-0.5350064524403282,-0.19697929081154064,-0.1393662421783405,0.4976375864032235,1.2136179430859786,fezouata trophic species
-1.0,0.09999999682000006,0.17283950665752176,1.6000000084800001,-0.8947368422520776,0.5636363627603306,3.40000003392,-1.0,-1.0,-1.0,0.48521635696292953,-0.07677226541124703,-0.33022386793016983,-0.20037862141750282,-0.19569082310640634,0.38893408759977727,0.7213016383431194,fezouata trophic species
-1.0,-0.30000000105999997,0.2222222226584363,3.2000000381600007,-0.9210526309916897,0.6727272706247933,3.0000000212,-1.0,-1.0,-1.0,0.6215466870239053,-0.14875663892341348,-0.5329397429438903,-0.2438979732343558,-0.2696561691931117,0.3588536882479185,0.6057406361581982,fezouata trophic species
-0.9333333352177778,0.0,0.17283950665752176,1.0000000212000002,-0.8684210535124653,0.5090909078644628,-0.1999999957599999,-0.39215686262591315,-1.0,-1.0,0.6662806904327758,-0.07891003110611851,-0.2380546605048796,-0.14120355251492867,-0.11612913136412596,0.24327642794728283,0.46442093623676656,fezouata trophic species
-0.4666666676088888,0.29999999046000003,0.04938271600091455,1.8000000254400002,-0.9210526309916897,0.5454545431768595,3.0000000212,0.2871972321935679,0.28490069760669334,0.020379766571196233,0.5959529281557406,-0.07462165808368054,-0.2225221701571445,-0.22908265976775968,-0.16269127034515302,0.3921398080999906,0.5488452092703858,fezouata trophic species
-1.0,-0.10000000742000001,0.19753086531230002,2.80000002544,-0.8947368422520776,0.5636363627603306,1.6000000084800001,-1.0,-1.0,-1.0,0.5734769297511269,-0.09001908143813914,-0.23496309734838156,-0.3553396852301991,-0.2728991932173604,0.3203109256976571,0.5189630561077665,fezouata trophic species
-1.0,0.29999999046000003,0.14814814931138545,1.2000000169600002,-0.763157895764543,0.45454545296859494,1.8000000254400002,-1.0,-1.0,-1.0,0.4239490840032971,-0.09398952150453443,-0.48892745166559876,-0.24773341793078096,-0.20296692041668393,0.30938708644685686,0.5281576524434484,fezouata trophic species
-1.0,0.09999999682000006,0.17283950665752176,1.6000000084800001,-0.763157895764543,0.4727272706247933,1.4000000127200003,-1.0,-1.0,-1.0,0.3568314516612144,-0.1035167433965753,-0.477483437815063,-0.14733962320244437,-0.1319860746046578,0.3099556576474645,0.6081911421917304,fezouata trophic species
-0.8666666633688889,0.09999999682000006,0.14814814931138545,2.0000000212,-0.8684210535124653,0.5272727255206612,1.8000000254400002,0.022281640239662996,-0.008993610602765425,-0.3180420070786196,0.5506761097288133,-0.14519382443946002,-0.49455190660197,-0.17681736781525947,-0.14350516735918892,0.44378350823070917,0.4965718564997207,fezouata trophic species
-1.0,-0.19238095746895242,0.20893592092315208,2.0285714521942855,-0.8937343360940774,0.5234632011604881,1.624761926648381,-1.0,-1.0,-1.0,0.7371051825317814,-0.09212482609534109,-0.3602166726228822,-0.2245741494940424,-0.24810071481925944,0.3295153093001067,0.5520239093412186,fezouata trophic species
-1.0,-0.39428571810171426,0.2338624346891633,1.8266666788213333,-0.9468671680470386,0.633593072842188,1.8266666788213333,-1.0,-1.0,-1.0,0.7123894453249069,-0.10348470977647131,-0.27276486661315574,-0.25381975921415395,-0.1713945923512789,0.36691104806508495,0.753489447460798,fezouata trophic species
-1.0,0.7999999957599999,0.08641975332876095,2.0000000212,-0.763157895764543,0.38181818041652893,2.0000000212,-1.0,-1.0,-1.0,0.3062263689999548,-0.11315641828086102,-0.472272412649254,-0.12936076210266564,-0.06968200202759502,0.3813508245333144,0.7649152555660957,fezouata trophic species
-1.0,0.09999999682000006,0.17283950665752176,1.4000000127200003,-0.8157894732437673,0.5090909078644628,2.0000000212,-1.0,-1.0,-1.0,0.44360747377924914,-0.08177848016506395,-0.3651581045991233,-0.16338491574537836,-0.1644277681919531,0.2937982409981552,0.6275715857921578,fezouata trophic species
-1.0,0.6999999883400001,0.09876543331047105,2.0000000212,-0.8947368422520776,0.4181818176561984,2.0000000212,0.394463668057738,0.2220311241182168,-0.3749252836428811,0.4617889564579739,-0.10872290939245195,-0.3288263485330493,-0.18813394234979003,-0.13375721163550472,0.46607372364666266,0.5326040214041485,fezouata trophic species
-1.0,-0.20000000423999992,0.20987654398536817,2.80000002544,-0.9210526309916897,0.6909090902082644,1.8000000254400002,0.29166666691993454,0.33221002258022075,-0.5412253951913708,1.0476421474298443,-0.07523236164316588,-0.25179128396543127,-0.35064673681768754,-0.28370738055427797,0.38036872612063577,0.3510487634693416,fezouata trophic species
-1.0,-0.10000000742000001,0.19753086531230002,3.60000002968,-0.9736842112603877,0.5454545431768595,3.40000003392,-1.0,-1.0,-1.0,1.045908354501601,-0.06981391487762084,-0.39255726505179384,-0.2819720822453996,-0.2591606097287863,0.34633727562398126,0.8069256667571758,fezouata trophic species
-0.8666666633688889,-0.39999999787999996,0.20987654398536817,2.2000000169600002,-0.8684210535124653,0.6727272706247933,1.4000000127200003,0.10516934056964097,0.25353494519486386,-0.47096687551749783,0.7463770956350045,-0.11333932913181849,-0.23727551918485185,-0.2433296804574502,-0.1662621687375559,0.29618173752769617,0.6860257343969962,fezouata trophic species
-1.0,-0.10000000742000001,0.19753086531230002,1.8000000254400002,-0.8947368422520776,0.5454545431768595,2.0000000212,-1.0,-1.0,-1.0,0.6132906690532833,-0.043712521347075255,-0.3834720731897055,-0.13759591312166633,-0.15621659682274688,0.20932615466275895,0.6433625198288438,fezouata trophic species
-1.0,-0.20000000423999992,0.20987654398536817,1.4000000127200003,-0.789473684504155,0.4181818176561984,1.2000000169600002,-1.0,-1.0,-1.0,0.5698525467909742,-0.08000178881955405,-0.46842157760704367,-0.2094709257468519,-0.19602760727368998,0.3285443041248078,0.6566446292106947,fezouata trophic species
-0.533333332391111,-0.10000000742000001,0.11111111198353919,1.2000000169600002,-0.8947368422520776,0.6181818176561984,3.60000002968,0.2060379709031446,0.4695236491371626,-0.08592525532716713,0.7897902338654732,-0.12087723540821799,-0.24358769956753532,-0.28023944613811924,-0.22989179643381585,0.614363548736382,0.504885320303867,fezouata trophic species
-1.0,0.0,0.18518518533058992,1.6000000084800001,-0.8947368422520776,0.6363636353123968,3.80000002544,-1.0,-1.0,-1.0,0.60792427168634,-0.09118246591845652,-0.3655053860640584,-0.21168908760794225,-0.1720959327891782,0.3018520369489974,0.7235605897112101,fezouata trophic species
-0.46158730307691004,0.6152380850620952,0.009523809486419729,2.0285714521942855,-0.9734335826287824,0.4500432879908697,3.0380952554590475,0.03690888143860953,0.12736185031060543,0.054389097987559025,0.30392408723696707,-0.04862587647571845,-0.21769738729799074,-0.20716346832864355,-0.16267852470179814,0.3094696790296496,1.01021023870867,fezouata trophic species
-1.0,-0.20000000423999992,0.20987654398536817,1.2000000169600002,-0.9736842112603877,0.5999999980727273,2.0000000212,-1.0,-1.0,-1.0,0.6362897954323423,-0.09458696317801103,-0.41257730935909925,-0.23802466527666352,-0.1896262482945086,0.34428018854627473,0.6579454365489534,fezouata trophic species
-1.0,-0.10000000742000001,0.19753086531230002,1.4000000127200003,-0.8157894732437673,0.49090909020826434,0.80000000424,0.48583877997761543,0.5101787063852695,-0.5152396369576072,0.6035761555234934,-0.12232391088579309,-0.36135649577722806,-0.20699402488284296,-0.1928337710549936,0.35512300013936077,0.4852314914055908,fezouata trophic species
-1.0,0.0,0.18518518533058992,2.0000000212,-0.9210526309916897,0.6363636353123968,5.60000005088,-1.0,-1.0,-1.0,0.5759296607051126,-0.06280919933094553,-0.4373062471288662,-0.29201420141597684,-0.2299030198906996,0.5523561769848889,0.8004140109438669,fezouata trophic species
-1.0,0.29999999046000003,0.14814814931138545,3.2000000381600007,-0.9736842112603877,0.5272727255206612,2.40000001272,-1.0,-1.0,-1.0,0.567828632906235,-0.11836608596827099,-0.24567138149220297,-0.24969291057314616,-0.15013718110326843,0.4184375314529223,0.6504158825977533,fezouata trophic species
-1.0,0.4133333244293334,0.1341563796251181,1.8266666788213333,-0.9203007506758212,0.541818180416529,1.8266666788213333,0.2156862747481737,0.11113997020162293,-0.40253927035666687,0.42084583164417455,-0.10854567321947359,-0.18484518725561988,-0.29711835690093286,-0.24685344803273854,0.3268490215580771,0.2752501647221053,fezouata trophic species
-1.0,0.19999999364000012,0.1604938279844536,2.40000001272,-0.8684210535124653,0.5454545431768595,2.80000002544,-1.0,-1.0,-1.0,0.6531902308349443,-0.07287074688830669,-0.4015476108568155,-0.2142616878424055,-0.20665549843762004,0.35948952501633763,0.6220616157924111,fezouata trophic species
-1.0,0.09999999682000006,0.17283950665752176,1.4000000127200003,-0.9210526309916897,0.5454545431768595,2.40000001272,-1.0,-1.0,-1.0,0.5889515827540474,-0.08280560317049361,-0.376031618775674,-0.1449038074111981,-0.17418216406163547,0.2998285826551964,0.6458846148488864,fezouata trophic species
-1.0,0.5999999915200002,0.11111111198353919,1.2000000169600002,-0.8684210535124653,0.45454545296859494,0.6000000084800001,-1.0,-1.0,-1.0,0.41923738911660763,-0.09917409226800414,-0.3259696991607233,-0.188408158595977,-0.16150372844140806,0.30620109864971556,0.4859291379692224,fezouata trophic species
-1.0,0.09999999682000006,0.17283950665752176,1.6000000084800001,-0.8947368422520776,0.5454545431768595,1.6000000084800001,0.418300653670255,0.02350699726085482,-0.45177008185504985,0.4165426292360046,-0.07106995388942886,-0.3915690518826078,-0.20304957727608577,-0.22936072084511458,0.25412550078248136,0.568491292850009,fezouata trophic species
-1.0,-0.29333333248533333,0.22139917715183663,1.2209524011024764,-0.9468671680470386,0.6519480501709564,-0.19238094890819052,0.12885154075075508,-0.21430539249964997,-0.5706856183695599,0.7037858403687066,-0.10167458564413624,-0.2950965913430515,-0.23810105669705456,-0.24492370968074711,0.31083290916347434,0.2508930383955952,fezouata trophic species
-1.0,0.09999999682000006,0.17283950665752176,1.6000000084800001,-0.9736842112603877,0.581818180416529,0.40000001272000013,-1.0,-1.0,-1.0,0.46252464058418125,-0.07457938613658857,-0.28395471737841804,-0.29115836658145555,-0.26059152412582215,0.3007635174637825,0.44687423232021756,fezouata trophic species
-1.0,-0.10000000742000001,0.19753086531230002,2.40000001272,-0.9210526309916897,0.6545454529685949,3.2000000381600007,-1.0,-1.0,-1.0,0.9071488309035088,-0.11434273424813382,-0.49938322031054627,-0.1974789070333682,-0.18015433049612492,0.38894425730009086,0.8605847532597812,fezouata trophic species
-1.0,0.21142856379657146,0.15908289339112947,3.2400000288320006,-0.9734335826287824,0.48675324457567876,7.076190532118096,-1.0,-1.0,-1.0,0.6104239906853921,-0.10818295434591717,-0.49790393943834865,-0.25085593691246405,-0.2228419745234753,0.603495605063253,0.7349882355550477,fezouata trophic species
-1.0,0.11047618878019054,0.17154614961981404,3.0380952554590475,-0.9203007506758212,0.5601731596725698,2.634285729913143,-1.0,-1.0,-1.0,0.49014831656299024,-0.06794003303296735,-0.4405432258033248,-0.14748855454965007,-0.20528088687739868,0.2744788462027256,0.7359194602645511,fezouata trophic species
-1.0,0.19999999364000012,0.1604938279844536,1.8000000254400002,-0.9473684197313019,0.6181818176561984,3.40000003392,-1.0,-1.0,-1.0,0.6135539143139481,-0.10357367513815392,-0.38880249116161997,-0.1949496962348249,-0.1425085736496171,0.3975627298695225,0.6670027664353728,fezouata trophic species
-1.0,0.39999999788,0.13580246932967535,3.2000000381600007,-0.789473684504155,0.43636363531239675,3.0000000212,-1.0,-1.0,-1.0,0.4114170831844579,-0.0697463245557405,-0.3862751920222476,-0.16124243261504279,-0.12540313700628172,0.371591199345791,0.7854118808234916,fezouata trophic species
-1.0,0.11047618878019054,0.17154614961981404,2.634285729913143,-0.8937343360940774,0.5601731596725698,2.8361905032860952,-1.0,-1.0,-1.0,0.3414991600499788,-0.09093839059494016,-0.32553309791810314,-0.16800657440747882,-0.14711515490903374,0.2820411708799966,0.6355063532041032,fezouata trophic species
-1.0,0.29999999046000003,0.14814814931138545,3.0000000212,-0.763157895764543,0.45454545296859494,4.60000002968,-1.0,-1.0,-1.0,0.4610729161867025,-0.09558751963114584,-0.4835816539323074,-0.2485357208649957,-0.24563069550924854,0.3595384555210607,0.8258703809723486,fezouata trophic species
-1.0,0.0,0.18518518533058992,2.40000001272,-0.9210526309916897,0.5090909078644628,3.60000002968,0.2156862747481737,-1.0,-0.47096687551749783,0.6169080924668574,-0.13213244833286847,-0.41313170845265756,-0.20851453782849919,-0.12325028749742784,0.41915507581202077,0.7929479496761249,fezouata trophic species
-1.0,-0.39428571810171426,0.2338624346891633,3.0380952554590475,-0.760902254816937,0.5234632011604881,2.2304762043672377,-1.0,-1.0,-1.0,0.8787344513050516,-0.057024680473038124,-0.3465875450216428,-0.31587686779788243,-0.30063190525339967,0.3436642286390508,0.6175682543586621,fezouata trophic species
-1.0,0.7999999957599999,0.08641975332876095,1.4000000127200003,-0.8684210535124653,0.4181818176561984,1.6000000084800001,-1.0,-1.0,-1.0,0.34213020994356175,-0.07082122054864454,-0.3198557897830234,-0.19735005571666525,-0.1798974816442907,0.3135685562351444,0.6060172828504085,fezouata trophic species
-1.0,-0.30000000105999997,0.2222222226584363,3.60000002968,-0.8157894732437673,0.5999999980727273,5.60000005088,-1.0,-1.0,-1.0,0.6099192067924079,-0.07414547836487247,-0.41567394799703367,-0.2724070063371902,-0.2434706849915476,0.39419826506531536,0.9856002537561992,fezouata trophic species
-1.0,0.09999999682000006,0.17283950665752176,2.0000000212,-0.8947368422520776,0.5636363627603306,1.2000000169600002,0.16042780765890727,-0.3732325263631918,-0.47096687551749783,0.7207870304269036,-0.08001058268305652,-0.36590512027267447,-0.23096454644781206,-0.25588824872126276,0.26046895002818876,0.6365356918559518,fezouata trophic species
-1.0,-0.10000000742000001,0.19753086531230002,2.80000002544,-0.9473684197313019,0.581818180416529,5.0000000424,-1.0,-1.0,-1.0,1.0052464833922203,-0.12575253244709778,-0.3915590359302873,-0.22459077743411934,-0.17876948235503848,0.48669592242450843,0.7482625010271221,fezouata trophic species
-1.0,0.6999999883400001,0.09876543331047105,2.40000001272,-0.8947368422520776,0.5090909078644628,3.2000000381600007,-1.0,-1.0,-1.0,0.2520048867023925,-0.0743906043216731,-0.4590378957205909,-0.17101959605039463,-0.19236814127427412,0.31899251409300416,0.7713478136929377,fezouata trophic species
-1.0,0.5288461455903848,0.11989553744488417,2.057692323592308,-0.9195344125178457,0.5010489499808646,1.0384615490615385,0.2156862747481737,0.07346319368343761,-0.3883005267524926,0.34562803034087713,-0.13777922979631618,-0.3902131203121891,-0.10467820271545945,-0.06326360014292781,0.3331710968566275,0.422445666865705,fezouata trophic species
-0.7999999985866667,0.09999999682000006,0.13580246932967535,1.8000000254400002,-0.8684210535124653,0.5454545431768595,2.80000002544,0.3676470590916954,0.49341990944076713,-0.23537565882161982,0.7812308800262696,-0.08558202052845833,-0.31496502795351144,-0.1954617919491381,-0.1618628035270817,0.3680552804248954,0.6580882517066398,fezouata trophic species
-1.0,0.0,0.18518518533058992,2.80000002544,-0.9736842112603877,0.6363636353123968,6.0000000424,-1.0,-1.0,-1.0,0.6346948853564566,-0.0822738329976293,-0.4860836031242714,-0.30046158992389776,-0.30642381164014676,0.4671730388022225,0.6649038836715604,fezouata trophic species
-1.0,0.19999999364000012,0.1604938279844536,1.6000000084800001,-0.763157895764543,0.43636363531239675,3.80000002544,-1.0,-1.0,-1.0,0.48217151502526184,-0.07741634262011532,-0.38606394627436774,-0.2617748039040776,-0.220934353031874,0.3679567649221529,0.6437230636234071,fezouata trophic species
-1.0,0.09999999682000006,0.17283950665752176,2.40000001272,-0.9210526309916897,0.6545454529685949,4.0000000424,-1.0,-1.0,-1.0,0.619634006190098,-0.09142170958710825,-0.6179880956802576,-0.1316457267389985,-0.09453333494364351,0.33369200799415233,0.8403969114571733,fezouata trophic species
-1.0,0.0,0.18518518533058992,2.40000001272,-0.8684210535124653,0.4727272706247933,3.2000000381600007,-1.0,-1.0,-1.0,0.5466290470158738,-0.0679077754455284,-0.6078303182071255,-0.13609449283441283,-0.11041764141541303,0.3834260963487939,0.868618711229139,fezouata trophic species
-1.0,0.0,0.18518518533058992,1.8000000254400002,-0.8947368422520776,0.6181818176561984,1.0000000212000002,-1.0,-1.0,-1.0,0.6590769464444962,-0.12093041380957216,-0.20005383076663896,-0.2828780740978456,-0.2298984385527763,0.30611189098214475,0.6988028442703041,fezouata trophic species
-1.0,0.0,0.18518518533058992,1.4000000127200003,-0.9736842112603877,0.581818180416529,3.0000000212,-1.0,-1.0,-1.0,1.4092846349240298,-0.06778743704155538,-0.39734255618027636,-0.07524133530759651,-0.05522283812390071,0.3071862159030876,0.7146021191160282,fezouata trophic species
-1.0,0.29999999046000003,0.14814814931138545,2.0000000212,-0.8684210535124653,0.5272727255206612,3.60000002968,-1.0,-1.0,-1.0,0.5022602688476874,-0.06452751824612168,-0.2482335614086424,-0.3034020746095389,-0.2155316583956412,0.3149003236658992,0.7575474186627569,fezouata trophic species
-0.7999999985866667,0.19999999364000012,0.12345679065660721,1.8000000254400002,-0.9473684197313019,0.5999999980727273,1.8000000254400002,0.2549019610107649,0.8542879575032138,-0.24238018177519907,0.45274415450150296,-0.08044624067141756,-0.4283231918936626,-0.22551908686557212,-0.2503696495196848,0.30242309738264883,0.5373116292362968,fezouata trophic species
-1.0,0.09999999682000006,0.17283950665752176,1.8000000254400002,-0.9210526309916897,0.5454545431768595,2.80000002544,-1.0,-1.0,-1.0,0.5107478278892136,-0.07488782564576824,-0.3048525934310835,-0.2060321997364733,-0.20540903790089135,0.30565394919200606,0.6345169676190942,fezouata trophic species
-1.0,0.09999999682000006,0.17283950665752176,2.0000000212,-0.8947368422520776,0.581818180416529,4.0000000424,-1.0,-1.0,-1.0,0.529728996198145,-0.05589471242238117,-0.26513031050305735,-0.1667020658124247,-0.1279514889844972,0.2866322486295671,0.9300885611723451,fezouata trophic species
-0.8666666633688889,-0.20000000423999992,0.18518518533058992,1.4000000127200003,-0.8684210535124653,0.6181818176561984,1.4000000127200003,0.29166666691993454,0.11565988083746487,-0.2988452134161717,0.4879915691197197,-0.11572397477486608,-0.18470991125895997,-0.2753879183424506,-0.20505196448221705,0.3705341919011857,0.30159215120641364,fezouata trophic species
-1.0,0.09999999682000006,0.17283950665752176,2.60000002968,-0.7105263154958449,0.45454545296859494,5.4000000339200005,-1.0,-1.0,-1.0,0.47947539079383134,-0.04307581744484943,-0.5151044554102354,-0.20779100937064673,-0.2131575713165092,0.3873742859163031,0.7809759151981307,fezouata trophic species
-1.0,0.0,0.18518518533058992,3.0000000212,-0.9473684197313019,0.6363636353123968,3.0000000212,-1.0,-1.0,-1.0,0.7090880634769481,-0.14229188219800334,-0.40863150011421323,-0.20588670414722254,-0.1282357536133805,0.39960874452412376,0.8207050263852718,fezouata trophic species
-0.8666666633688889,0.29999999046000003,0.12345679065660721,2.40000001272,-1.0,0.6181818176561984,3.80000002544,0.36041083120792367,0.12036120628604535,-0.32830543659436084,0.4808731355166484,-0.16111478905459156,-0.3661098946673072,-0.31811703989057377,-0.22823662800852165,0.43158695010395426,0.5535290487545094,fezouata trophic species
-1.0,-0.19238095746895242,0.20893592092315208,2.2304762043672377,-0.9468671680470386,0.5785281370013381,2.2304762043672377,-1.0,-1.0,-1.0,0.7416493139949641,-0.08990996908226562,-0.39460783277814515,-0.2891507955992716,-0.3057582828147093,0.30377661418839974,0.6352176902257753,fezouata trophic species
-1.0,0.39999999788,0.13580246932967535,1.6000000084800001,-0.9210526309916897,0.39999999807272735,1.4000000127200003,-1.0,-1.0,-1.0,0.5806073484173314,-0.05741377212939759,-0.37172095838755337,-0.1700279879010778,-0.15449016478292524,0.3431149021624143,0.636071706254736,fezouata trophic species
-1.0,0.0,0.18518518533058992,2.2000000169600002,-0.8684210535124653,0.5999999980727273,0.0,-1.0,-1.0,-1.0,0.7137690368190768,-0.11018403705434361,-0.1679353741740452,-0.21758551789002206,-0.18147041259077767,0.29811385261804346,0.5418666771641234,fezouata trophic species
-0.8666666633688889,0.29999999046000003,0.12345679065660721,3.0000000212,-0.9473684197313019,0.5272727255206612,2.0000000212,0.14997350320587713,0.17834527477232714,-0.20334503034600585,0.8266852401060455,-0.1116921575927681,-0.3684068223266786,-0.09609383971375193,-0.04638521559230271,0.49178592604149746,0.8533587929266342,fezouata trophic species
-1.0,-0.20000000423999992,0.20987654398536817,2.40000001272,-0.8947368422520776,0.5272727255206612,1.6000000084800001,-1.0,-1.0,-1.0,0.9393090795046332,-0.09196103173718538,-0.363289007073109,-0.06278426581964576,-0.02086221584323358,0.44501675861692325,1.0362424085032174,fezouata trophic species
-1.0,-0.30000000105999997,0.2222222226584363,3.0000000212,-0.8421052619833795,0.581818180416529,6.80000004664,-1.0,-1.0,-1.0,0.5967271168371687,-0.0587140094590263,-0.5282096802845091,-0.11828768392145746,-0.09357766128462632,0.7620549796247102,1.1057171951327027,fezouata trophic species
-1.0,0.29999999046000003,0.14814814931138545,1.8000000254400002,-0.8684210535124653,0.5272727255206612,2.60000002968,-1.0,-1.0,-1.0,0.6886445068695572,-0.12239415861784887,-0.39381067784681584,-0.21014769137117253,-0.17410019588011116,0.4240000121617034,0.6157854389618331,fezouata trophic species
-1.0,0.21142856379657146,0.15908289339112947,2.0285714521942855,-0.9468671680470386,0.5785281370013381,1.2209524011024764,0.12217194582787677,-0.21935814353728478,-0.43411074372481145,0.44470078481848396,-0.09361779989906217,-0.21047417172736754,-0.20982757197332744,-0.18720385847833354,0.30800606550467563,0.5826515454805345,fezouata trophic species
-1.0,-0.19238095746895242,0.20893592092315208,3.643809554377905,-0.9734335826287824,0.633593072842188,4.047619079923809,-1.0,-1.0,-1.0,-0.7708718841021509,-0.10556355696334993,-0.5617412625787301,-0.18953106941739156,-0.144601044737167,0.405367518487996,0.8386441032546569,fezouata trophic species
-0.7333333338044444,-0.30000000105999997,0.17283950665752176,1.4000000127200003,-0.8947368422520776,0.581818180416529,0.2000000169600002,0.11764705878777384,0.4298407038834034,-0.24238018177519907,0.9591185181771924,-0.15060140627277693,-0.24297576080728747,-0.23898461664319784,-0.2185273919795436,0.3620388635174575,0.39252149022265503,fezouata trophic species
-1.0,-0.10000000742000001,0.19753086531230002,2.80000002544,-0.8947368422520776,0.4181818176561984,3.2000000381600007,-1.0,-1.0,-1.0,0.6030680802421094,-0.08737317789896268,-0.49140899595766735,-0.15727991387169504,-0.10112951244441214,0.4097499963499857,0.8481477157201779,fezouata trophic species
-1.0,0.29999999046000003,0.14814814931138545,2.0000000212,-0.8684210535124653,0.5272727255206612,0.80000000424,-1.0,-1.0,-1.0,0.39825660816238323,-0.04820685624055422,-0.4934459825377947,-0.1375707373602641,-0.21439531089061775,0.28337544296177614,0.6450011634541287,fezouata trophic species
-1.0,0.39999999788,0.13580246932967535,2.60000002968,-0.9473684197313019,0.5636363627603306,1.8000000254400002,-1.0,-1.0,-1.0,0.6565535925455642,-0.12200746769000041,-0.3825351686069785,-0.1739502218627336,-0.12722585596120858,0.37677787139139035,0.5977271181005398,fezouata trophic species
-1.0,-0.10000000742000001,0.19753086531230002,2.60000002968,-0.9210526309916897,0.5999999980727273,1.2000000169600002,-1.0,-1.0,-1.0,0.6302178892498371,-0.055930013700736136,-0.43111356481475266,-0.26105455233378216,-0.21959020162164417,0.28981710474689787,0.8590281058999908,fezouata trophic species
-1.0,0.29999999046000003,0.14814814931138545,2.0000000212,-0.7105263154958449,0.4181818176561984,5.20000003816,-1.0,-1.0,-1.0,0.3552410085283456,-0.0631089204712301,-0.47536490714973073,-0.1861275354273453,-0.2035374973190347,0.4512758699643807,0.7131597625301073,fezouata trophic species
-1.0,-0.10000000742000001,0.19753086531230002,3.40000003392,-0.9736842112603877,0.581818180416529,2.80000002544,-1.0,-1.0,-1.0,1.1453748420363394,-0.11742346910972173,-0.2067127983383378,-0.19768001765534154,-0.09421402554273237,0.4080169913798708,0.9209799481271874,fezouata trophic species
-1.0,0.0,0.18518518533058992,2.40000001272,-0.9736842112603877,0.5999999980727273,2.0000000212,-1.0,-1.0,-1.0,0.5420656953580968,-0.09898036052333932,-0.24802191520573488,-0.23583670215414146,-0.2043840907999501,0.3598271325478229,0.6814753754629975,fezouata trophic species
-1.0,-0.30000000105999997,0.2222222226584363,2.60000002968,-0.8684210535124653,0.6363636353123968,3.60000002968,-1.0,-1.0,-1.0,0.7962657867570979,-0.13490767790901234,-0.5388234776366313,-0.2399629093744764,-0.1996112940029194,0.3739193931190326,0.7171979248035562,fezouata trophic species
-1.0,0.09999999682000006,0.17283950665752176,2.60000002968,-0.763157895764543,0.5454545431768595,4.800000046640001,-1.0,-1.0,-1.0,0.5154635302736761,-0.08536435321856173,-0.40683392614445457,-0.1982089655100132,-0.1864019305790849,0.33640090101417097,0.8949896361799828,fezouata trophic species
-1.0,0.19999999364000012,0.1604938279844536,2.80000002544,-0.8421052619833795,0.5272727255206612,2.40000001272,0.16892911028802524,-0.4234577798842655,-0.43411074372481145,0.4825008776237086,-0.07483562489957794,-0.33317510249171606,-0.25599370907670227,-0.2709955553550787,0.338092329085634,0.5360028991153629,fezouata trophic species
-1.0,0.09999999682000006,0.17283950665752176,1.6000000084800001,-0.8421052619833795,0.5636363627603306,3.2000000381600007,-1.0,-1.0,-1.0,0.5500577083586844,-0.07626947258513621,-0.5058104342603199,-0.2514685678933678,-0.22305688524966083,0.4246516824257822,0.4601276359105846,fezouata trophic species
-1.0,0.49999999469999995,0.12345679065660721,2.2000000169600002,-0.7368421042354572,0.3272727255206611,3.2000000381600007,-1.0,-1.0,-1.0,0.3661659710685552,-0.06736635832009967,-0.5909567497380264,-0.18855490584640142,-0.19294796788147128,0.3915615143205203,0.7126758339164536,fezouata trophic species
-1.0,-0.20000000423999992,0.20987654398536817,2.2000000169600002,-0.8157894732437673,0.5636363627603306,3.80000002544,-1.0,-1.0,-1.0,0.6384121873124926,-0.10427454442357731,-0.3736043578788413,-0.2545554583323161,-0.2555677241984651,0.3499800465499839,0.46809924090987076,fezouata trophic species
-1.0,-0.20000000423999992,0.20987654398536817,2.40000001272,-0.8947368422520776,0.581818180416529,1.2000000169600002,-1.0,-1.0,-1.0,0.9178560020018354,-0.15500722248099952,-0.36526981553364096,-0.2221055277079751,-0.1858502504641252,0.33044364598369413,0.5697790901036265,fezouata trophic species
-1.0,-0.39999999787999996,0.23456790133150432,2.80000002544,-0.8947368422520776,0.6181818176561984,3.80000002544,-1.0,-1.0,-1.0,0.6519963234985913,-0.07134927764507519,-0.37499327550196754,-0.3122279473422076,-0.26574021395225766,0.42432437410565166,0.8394683211024865,fezouata trophic species
-1.0,0.21142856379657146,0.15908289339112947,2.634285729913143,-0.7874686721881546,0.4683982672469107,1.8266666788213333,-1.0,-1.0,-1.0,0.466326589053784,-0.0747966457756059,-0.48512114722246485,-0.24718386146745977,-0.22356786206553753,0.3299540194715579,0.6520550428405246,fezouata trophic species
-1.0,-0.5961904787344762,0.25878894845517453,2.2304762043672377,-0.9734335826287824,0.7620779199253838,1.4228571532754288,-1.0,-1.0,-1.0,0.846232065717886,-0.10840659453749149,-0.3118841947034404,-0.2782635675731994,-0.3088801361980861,0.29116851083104034,0.3501253866132593,fezouata trophic species
-0.06666666478222216,-0.20000000423999992,0.0370370373278464,2.0000000212,-0.8421052619833795,0.581818180416529,2.2000000169600002,0.3200633793176595,0.36217150281757976,0.0137934880329004,0.671606337844689,-0.10125292938893499,-0.27047298468713293,-0.20565135175776508,-0.13732348435445596,0.445412008583335,0.5553223700214459,fezouata trophic species
-1.0,0.19999999364000012,0.1604938279844536,2.2000000169600002,-0.9473684197313019,0.6363636353123968,1.2000000169600002,-1.0,-1.0,-1.0,0.5416746136743251,-0.08840828194262323,-0.25843773216880794,-0.22421493164579587,-0.21722814917535788,0.2878548891321081,0.6285615786984871,fezouata trophic species
-1.0,0.09999999682000006,0.17283950665752176,1.8000000254400002,-0.8947368422520776,0.581818180416529,2.0000000212,-1.0,-1.0,-1.0,0.5798456996706876,-0.07407439767564986,-0.3815391179608224,-0.16972251576002892,-0.13393859649202025,0.37178046739780757,0.6839571506572217,fezouata trophic species
-1.0,-0.0914285718525714,0.19647266338582542,3.2400000288320006,-0.7874686721881546,0.5601731596725698,4.249523853296762,-1.0,-1.0,-1.0,0.44521056337896864,-0.07573928276605055,-0.4896816801062769,-0.27915397379416157,-0.3071817110756906,0.3228230660067491,0.6156439133760405,fezouata trophic species
-0.46158730307691004,1.019047606327619,-0.04032921804560273,1.624761926648381,-0.8671679187228598,0.4316883106621016,0.615238102183619,0.08258193821227096,0.09055371795794473,0.08546562117058999,0.2804648262403774,-0.0738607391293987,-0.27584593098298554,-0.22471728578364294,-0.247230820555143,0.25941196956505036,0.33583646467943024,fezouata trophic species
-1.0,0.09999999682000006,0.17283950665752176,3.40000003392,-0.9473684197313019,0.6363636353123968,3.80000002544,-1.0,-1.0,-1.0,0.5743990194916938,-0.08888871200782014,-0.5727726773168467,-0.2591042207227836,-0.26416344551948884,0.34945347161711315,0.6944370360883421,fezouata trophic species
-1.0,0.19999999364000012,0.1604938279844536,2.60000002968,-0.8947368422520776,0.5272727255206612,0.80000000424,-1.0,-1.0,-1.0,0.3688637060319246,-0.06472278127307043,-0.4521181930245361,-0.07562142902310622,-0.10127826963621972,0.3366091092850326,0.8103504778774846,fezouata trophic species
-1.0,0.00952380316380952,0.1840094071571407,3.0380952554590475,-0.8937343360940774,0.633593072842188,3.0380952554590475,-1.0,-1.0,-1.0,0.7418902619707298,-0.08209745243019999,-0.5645362807781411,-0.20301649808357097,-0.2066102318632364,0.304347326946578,0.8156363029300445,fezouata trophic species
-1.0,0.0,0.18518518533058992,2.2000000169600002,-0.9473684197313019,0.6181818176561984,2.2000000169600002,-1.0,-1.0,-1.0,1.1153837730472413,-0.09888858550402328,-0.30550573558120653,-0.22493176379060723,-0.18271885180571337,0.4133149311403555,0.7479257334678735,fezouata trophic species
-1.0,0.09999999682000006,0.17283950665752176,2.40000001272,-0.8157894732437673,0.4727272706247933,3.60000002968,0.49197861019450545,0.08559310762655409,-0.47096687551749783,0.4370949740039691,-0.05430187309393251,-0.46409260612674363,-0.16610788309971056,-0.17756986312497605,0.39526670571378303,0.76007129621031,fezouata trophic species
-1.0,0.39999999788,0.13580246932967535,2.0000000212,-0.8684210535124653,0.5090909078644628,2.2000000169600002,0.3459383754403799,-0.11483533532828023,-0.4177607499306818,0.4381255302523064,-0.07423984662394789,-0.3817628739237665,-0.2375427831486193,-0.2381007231116453,0.35516580199660863,0.4125119368216723,fezouata trophic species
-1.0,0.39999999788,0.13580246932967535,3.0000000212,-0.8947368422520776,0.5090909078644628,4.0000000424,-1.0,-1.0,-1.0,0.5687665362831948,-0.13287805949728482,-0.4666384955326576,-0.1891171006726063,-0.15216196825968625,0.4781634760222538,0.7441697902569285,fezouata trophic species
-0.7999999985866667,0.19999999364000012,0.12345679065660721,3.2000000381600007,-0.9210526309916897,0.5454545431768595,6.20000005936,0.16892911028802524,0.4609462276587709,-0.19173056194961224,0.5057429974764729,-0.0977852859233809,-0.4113952622266363,-0.22846451732033515,-0.2076320508463483,0.5717453134758896,0.8267114224094719,fezouata trophic species
-0.40000000282666665,0.29999999046000003,0.0370370373278464,1.0000000212000002,-0.8947368422520776,0.4181818176561984,1.2000000169600002,0.3917903611748608,0.5379202847086084,0.03093795098958724,0.502789592546135,-0.1430433643263777,-0.0922882569842292,-0.14605143371529145,-0.04558273596203539,0.4229171318030649,0.40031679851875424,fezouata trophic species
-1.0,-0.39999999787999996,0.23456790133150432,2.80000002544,-0.8947368422520776,0.5999999980727273,2.60000002968,-1.0,-1.0,-1.0,0.8343535856548728,-0.1111010952136048,-0.40251492256187177,-0.2919739418753763,-0.21605612306445754,0.35470913373170637,0.7777897300892109,fezouata trophic species
-0.7999999985866667,0.0,0.14814814931138545,2.0000000212,-0.9210526309916897,0.5454545431768595,1.6000000084800001,0.418300653670255,0.173787790684362,-0.2988452134161717,0.8895144981519064,-0.11793320869794405,-0.34449686314309164,-0.21364469906132974,-0.17869984109243517,0.4600759293476599,0.4609251947186516,fezouata trophic species
-1.0,0.0,0.18518518533058992,3.0000000212,-0.8421052619833795,0.43636363531239675,2.40000001272,-1.0,-1.0,-1.0,0.552916835289481,-0.08211077722838135,-0.43146438859044683,-0.1359061022376773,-0.12585001942676113,0.3306094185743583,0.6648845361495078,fezouata trophic species
-1.0,0.39999999788,0.13580246932967535,2.40000001272,-0.8684210535124653,0.5090909078644628,2.80000002544,-1.0,-1.0,-1.0,0.535002304282427,-0.07913490437627813,-0.5621144248800246,-0.03037792210564495,0.02536981885677226,0.3808435328693675,1.1124426635434679,fezouata trophic species
-1.0,-0.0914285718525714,0.19647266338582542,3.0380952554590475,-0.8671679187228598,0.5051082238317197,2.2304762043672377,-1.0,-1.0,-1.0,0.3934615323959816,-0.048723732585649424,-0.5478221574828572,-0.15706789909828628,-0.1717900324224897,0.27358156210391177,0.916914511605366,fezouata trophic species
-1.0,0.39999999788,0.13580246932967535,2.40000001272,-0.9210526309916897,0.5454545431768595,4.4000000339200005,-1.0,-1.0,-1.0,0.4700644994118437,-0.10599906396249639,-0.4329170495007197,-0.16545210321563888,-0.12242966970992025,0.37424420835162414,0.8264322360099233,fezouata trophic species
-1.0,0.49999999469999995,0.12345679065660721,2.80000002544,-0.8157894732437673,0.4727272706247933,2.80000002544,-1.0,-1.0,-1.0,0.36498517499146643,-0.05180290345062368,-0.41920695904614397,-0.19366996399802275,-0.19903746582849416,0.29319935727586527,0.7932680080117827,fezouata trophic species
-1.0,0.39999999788,0.13580246932967535,2.40000001272,-0.8421052619833795,0.5272727255206612,3.60000002968,0.08543417405596737,-0.11483533532828023,-0.4177607499306818,0.5450197378355504,-0.05371370341647092,-0.3069472455351947,-0.19276307682922117,-0.13906414645680185,0.4047370880346391,0.9244242329661867,fezouata trophic species
-0.798095235120508,0.6152380850620952,0.07184009455576898,2.2304762043672377,-0.9203007506758212,0.5234632011604881,4.249523853296762,0.04549019628342937,0.03213907330097412,-0.13691403582485387,0.3386717200334727,-0.053925324866569424,-0.4077831853368637,-0.1570897875787411,-0.14430604762632462,0.37087391246697643,0.9597406657513097,fezouata trophic species
-1.0,-0.30000000105999997,0.2222222226584363,2.80000002544,-0.8947368422520776,0.5999999980727273,2.2000000169600002,-1.0,-1.0,-1.0,0.5944325946395598,-0.07099540673948965,-0.1894322165323767,-0.2117213635398461,-0.20243567569615253,0.290104035687304,0.6125689706034552,fezouata trophic species
-1.0,-0.39999999787999996,0.23456790133150432,3.0000000212,-0.8684210535124653,0.6363636353123968,3.80000002544,-1.0,-1.0,-1.0,0.8000083730091002,-0.12182213597863682,-0.448616692065317,-0.324618454587668,-0.30860900473791614,0.3687929228932173,0.5162695268987422,fezouata trophic species
-1.0,0.29999999046000003,0.14814814931138545,1.8000000254400002,-0.8421052619833795,0.5090909078644628,1.4000000127200003,-1.0,-1.0,-1.0,0.4307750212727157,-0.056294981055345424,-0.3682049746862194,-0.2688125190372579,-0.28438325762042954,0.26890981053929264,0.3713884750384075,fezouata trophic species
-1.0,0.0,0.18518518533058992,3.2000000381600007,-0.9210526309916897,0.5272727255206612,3.0000000212,-1.0,-1.0,-1.0,1.1035990638253217,-0.09837574812041641,-0.6023382422613284,-0.16148451843679315,-0.11679468482041253,0.36082180509496303,0.9530623396721009,fezouata trophic species
-1.0,-0.39428571810171426,0.2338624346891633,2.2304762043672377,-0.8671679187228598,0.596883116257379,5.864761955480382,-1.0,-1.0,-1.0,1.1640625256079282,-0.08471075236498742,-0.3808480538637367,-0.2224632296059744,-0.19968962502906745,0.7200936336148884,0.7792192264489979,fezouata trophic species
-1.0,0.19999999364000012,0.1604938279844536,2.60000002968,-0.8947368422520776,0.5454545431768595,4.0000000424,-1.0,-1.0,-1.0,0.5635781445388717,-0.058959282630311124,-0.41782086291472686,-0.22477052221470453,-0.23665214511172755,0.3483812504796871,0.7608327312307699,fezouata trophic species
-1.0,0.19999999364000012,0.1604938279844536,3.40000003392,-0.9736842112603877,0.6181818176561984,3.80000002544,-1.0,-1.0,-1.0,0.8858642908316824,-0.08991591554083084,-0.46802848866357244,-0.18845926883629027,-0.1338202386941097,0.42004833967227057,0.9077123592459883,fezouata trophic species
-1.0,-0.20000000423999992,0.20987654398536817,3.2000000381600007,-0.9736842112603877,0.6909090902082644,3.80000002544,-1.0,-1.0,-1.0,0.7301338051350904,-0.08540534427381709,-0.3129049934703062,-0.35114099301954205,-0.314456993925893,0.30977629410648727,0.7945070894195144,fezouata trophic species
-1.0,-0.20000000423999992,0.20987654398536817,3.2000000381600007,-0.9736842112603877,0.5454545431768595,3.40000003392,-1.0,-1.0,-1.0,1.052961994396967,-0.0393222708686264,-0.4271361081811088,-0.24726702640893578,-0.273458540094601,0.3052259105761522,0.7475399937258185,fezouata trophic species
-0.798095235120508,-0.0914285718525714,0.15908289339112947,2.0285714521942855,-0.8671679187228598,0.5785281370013381,3.0380952554590475,0.09411764727335635,0.006603068050411066,-0.24961440191778875,0.7099547388561831,-0.07077052214513885,-0.355638149010913,-0.19074692833031032,-0.17777692810471088,0.3262977092454789,0.7400824231256221,fezouata trophic species
-1.0,-0.20000000423999992,0.20987654398536817,2.80000002544,-0.8684210535124653,0.6181818176561984,1.6000000084800001,-1.0,-1.0,-1.0,0.7448184385447194,-0.13421012535333454,-0.47848073101596206,-0.3194326144770015,-0.3123486375827626,0.34096457176059186,0.7011195818676316,fezouata trophic species
-1.0,0.0,0.18518518533058992,2.60000002968,-0.9736842112603877,0.6363636353123968,4.0000000424,0.2764705884855824,0.17999600384769612,-0.4919945836929878,0.917716631734425,-0.13274944562611252,-0.27808344942276686,-0.23073583395013278,-0.1388768321338917,0.4286571181861045,0.6719529044873961,fezouata trophic species
-0.8666666633688889,-0.10000000742000001,0.17283950665752176,2.40000001272,-0.9210526309916897,0.581818180416529,2.0000000212,0.23468137279111392,0.23651820416293848,-0.23537565882161982,0.7792649660649076,-0.0948937292233964,-0.496806356280321,-0.2413649525157984,-0.2486231384117179,0.32420221828962464,0.5327170817607981,fezouata trophic species
