Top,Bas,Int,Can,Herb,Omn,Loop,ChLen,ChSD,ChNum,TL,MxSim,VulSD,GenSD,LinkSD,Path,Clust,network
-0.7480566986739826,1.1781305114638445,0.5346566610183165,Inf,-0.8237351031185328,2.354320987654321,Inf,0.6901918690460217,0.3493883786592665,0.17606388292942807,0.18025906542551004,-0.381042308650688,-0.6623226464884976,-0.380751122311676,-0.5682557782022897,0.9253135528865838,-0.2940398066218906,fezouata
-0.8283649503161699,1.2232868757259,0.6143790849673202,Inf,-0.7736500775412378,1.961991869918699,Inf,0.7859748010610078,0.22684416178932146,0.13864001559460423,0.15464424399576954,-0.38283223208756295,-0.6591359981653083,-0.357166918667129,-0.5348176170706179,1.0209017124855484,-0.3136016994600252,fezouata
-0.9480874316939891,0.7715163934426229,0.8757232401157179,Inf,-0.8244575002368995,2.5683401639344265,Inf,0.7899040170636331,-0.010265615282908706,0.003685825171601999,0.26530887308998713,-0.38055683609348995,-0.6909640487087432,-0.42408716461131546,-0.5759101307366076,0.859237910901724,-0.47752969727433386,fezouata
-0.6264288980338363,1.1781305114638445,0.3951424191075606,Inf,-0.8472370893693951,2.4813786008230454,Inf,0.6918376254910519,0.20566111671786738,0.23989714240358462,0.15056527796611213,-0.3509010744799274,-0.570362097728172,-0.4350083481730955,-0.577684791152083,0.7815622058411029,-0.6872775343762193,fezouata
-0.801814058956916,1.0883381924198252,0.6209683873549418,Inf,-0.8659667335142149,2.5789795918367346,Inf,0.9081519148259969,0.5082249030105264,0.14613393066250155,0.26929187996692705,-0.36928393748520955,-0.6399187564427313,-0.40065851368285166,-0.5601573134170997,1.0808996740778987,-0.5737691906382469,fezouata
-0.8080808080808082,1.1506788665879575,0.6110435909901148,Inf,-0.8171069603019157,2.3426652892561983,Inf,0.7552423112767939,0.23491049489928129,0.12932664376734146,0.203372377871332,-0.3407737549418727,-0.5904892099278147,-0.41929643499286556,-0.5759091782322461,0.86398017489741,-0.7105408051705523,fezouata
-0.7871148459383753,1.0385654261704682,0.6177706376668314,Inf,-0.7960363336085878,2.139390756302521,Inf,0.6926208059545268,0.19557741316932264,0.12962523153281844,0.164380775906847,-0.36569973948860895,-0.6204681115512521,-0.3572227404159304,-0.5292858504112358,0.7992935751715814,-0.2944685383397478,fezouata
-0.7731864095500458,1.4058441558441555,0.5009722897423431,Inf,-0.8230067357760473,2.2661157024793392,Inf,0.8907976983897005,0.451645911089,0.18974728260288615,0.16904030490494104,-0.38836373848040573,-0.63053454995186,-0.4011117586604729,-0.5579148065286903,0.9747939832229503,-0.4148593990935902,fezouata
-0.8168044077134986,1.1871310507674142,0.6110435909901145,Inf,-0.8643051640949696,2.444731404958678,Inf,0.72368154158215,0.34675572218144424,0.15384436664417836,0.19993379805827793,-0.34856831081858075,-0.6706347307429797,-0.3455023865615533,-0.5139531251791446,1.011296805344917,-0.027887633770291898,fezouata
-0.8096539162112932,1.241510538641686,0.5879138540662165,Inf,-0.8244575002368995,2.3911885245901643,Inf,0.8627275720938984,0.3469051647717414,0.1671222166891619,0.1872872361751514,-0.38230419036431945,-0.6621437706028419,-0.3661560176362053,-0.532121723832329,0.9390648284562758,-0.3554970023137332,fezouata
-0.8448979591836735,1.7364431486880465,0.49247699079631846,Inf,-0.8426566002123392,1.8732653061224487,Inf,0.8207698476343223,0.2595638445652724,0.10501879194834633,0.0844831255466848,-0.34401640800427125,-0.6517853979149428,-0.3604267137683946,-0.5291087759204407,0.9434967221515214,-0.2467069713125446,fezouata
-0.6539162112932604,0.9161299765807962,0.4985936997749919,Inf,-0.8361603335544394,2.4418032786885244,Inf,0.7898602050326188,0.3558644451815147,0.20828072725082503,0.19092731523637144,-0.3700585849943169,-0.552749836631406,-0.4495947010312122,-0.5918070592332147,0.8875476087652333,-0.4896988763209797,fezouata
-0.8001828989483311,1.1781305114638445,0.5944484789800691,Inf,-0.7767311306168081,2.176440329218107,Inf,0.7723253757736517,0.3153918405068932,0.13864001559460423,0.1150056478946524,-0.38263778719495056,-0.5594799657585517,-0.4235672781937895,-0.5516635568575693,0.8447527654076183,-0.44538179123322647,fezouata
-0.7663934426229507,1.3499707259953162,0.5085181613629056,Inf,-0.7952004169430493,1.960963114754098,Inf,0.7309380274897513,0.13217923673904425,0.16272359540927794,0.10863643135615318,-0.34892669578817964,-0.6408729941462734,-0.4111445230863884,-0.561236740180528,0.8459751693918124,-0.5761448154793494,fezouata
-0.7712962962962963,1.0950892857142855,0.5841094771241825,Inf,-0.9107658959537572,2.4477083333333334,Inf,0.7990938837150766,0.41994336423270595,0.1551404399064937,0.3262529353160936,-0.363525124851949,-0.6411344648373416,-0.3593011969232314,-0.5302400925638464,1.029387126735617,-0.42104291918816866,fezouata
-0.8793650793650793,1.3763848396501457,0.6308523409363742,Inf,-0.790208800283119,1.898469387755102,Inf,0.9391786518800899,0.32243350188315945,0.13081456850994058,0.08235653028905345,-0.3490965770419289,-0.6449105110455626,-0.39085753503061127,-0.5540407206612517,0.9192449829509347,-0.17938145320155152,fezouata
-0.8034188034188035,1.5,0.5098039215686272,Inf,-0.7976878612716762,1.95,Inf,1.007440476190476,0.7302130536465127,0.15175069476448452,0.1257644367922373,-0.3832547877636903,-0.6309719545255474,-0.36657598417049536,-0.531135552588133,1.279645241792788,-0.12917880737590628,fezouata
-0.8541102077687444,1.581881533101045,0.5454726606089587,Inf,-0.8026692983692842,2.263211382113821,Inf,0.6854142474882615,0.11520948357972965,0.1546231494529991,0.054722599626770146,-0.3289769295327117,-0.6578364755759399,-0.374235230402881,-0.5656017357275885,0.8489376832469588,-0.473000334447206,fezouata
-0.7692307692307693,1.0,0.6078431372549016,Inf,-0.8208092485549133,2.4,Inf,0.9689700604243331,0.32457299429003494,0.17328871686233369,0.24626823108554363,-0.36466814051615337,-0.6856286040411528,-0.36519512706938617,-0.5342464391421748,0.959051827002407,-0.07593377993312937,fezouata
-0.879855465221319,1.1157084785133566,0.7029730591423559,Inf,-0.8200808308661122,2.363617886178862,Inf,0.7515067681059184,0.31694119811908195,0.035839562973590304,0.2372555009637661,-0.36942994974648025,-0.6446390674672797,-0.33053914713137145,-0.47805632936406156,0.9955172504105798,-0.41280919028238305,fezouata
-0.8160442600276626,1.1962062833432128,0.607680416564966,Inf,-0.8281965797615907,2.3052904564315355,Inf,0.7739750814248046,0.3467710718623699,0.1504294547993386,0.20074382292822998,-0.36177343215319735,-0.664498451665458,-0.3393490452838142,-0.536255239968482,1.0462846900277336,-0.14701486428021887,fezouata
-0.6934071000461042,0.7569650266745701,0.587584411357904,Inf,-0.8696663708536205,2.715248962655602,Inf,0.9318486590038313,0.5332425052006335,0.16395644506079418,0.4680161442985057,-0.39706134014117306,-0.5868818252491625,-0.427039016366213,-0.5703030884440395,1.205820272086878,-0.14672215130697905,fezouata
-0.8096539162112932,1.2053571428571428,0.5978383156541303,Inf,-0.7542405003316592,2.0621926229508194,Inf,0.8559638213680043,0.44018806572717395,0.13462560522097972,0.1652076457634667,-0.35837678977475135,-0.6840381575894106,-0.43824777526996045,-0.5953596327331889,0.9718658271731367,-0.48211723713118976,fezouata
-0.7208448117539027,1.1871310507674142,0.5009722897423429,Inf,-0.8407060621984427,2.4192148760330583,Inf,0.8546103123986594,0.5507360588504853,0.21429748426811365,0.1563225618251168,-0.3876779998194242,-0.6399712079511152,-0.3450587047050673,-0.5322708475861212,1.0082310026261683,-0.5726340512576956,fezouata
-0.8369467028003614,1.1515679442508708,0.6439104096923319,Inf,-0.8200808308661122,2.1377032520325208,Inf,0.5982236154649947,0.22981858775390918,0.0581911827684731,0.20084572370423687,-0.35430635251355447,-0.5590728834020725,-0.3617425124585724,-0.5158670484450493,0.8160609626498726,-0.6117829210925548,fezouata
-0.6671277086214845,0.9033787788974512,0.5172483931331866,Inf,-0.8637421149833305,2.6127593360995855,Inf,0.8868711820275726,0.3251531038654103,0.2278170285307446,0.2876454563544924,-0.3782161443168499,-0.5982733474833312,-0.4422825474152494,-0.567772339394571,1.0050329016576787,-0.5113182974010735,fezouata
-0.7404371584699454,1.3861241217798594,0.46882031501125015,Inf,-0.8771202501658295,2.618954918032787,Inf,0.9270229749989868,0.4934992708103931,0.19352941923769099,0.16058692697080412,-0.3698028154349849,-0.5932178605192019,-0.4232124742508175,-0.5681194111504803,1.0656656524502386,-0.6264404640003763,fezouata
-0.8160442600276626,0.9033787788974512,0.6880644373932142,Inf,-0.7985753004101407,2.3052904564315355,Inf,0.731645569620253,0.34246351962483396,0.057743867210190425,0.16876017536916357,-0.34814693843567296,-0.6332569511423883,-0.3980534492016687,-0.5609535568986335,0.8348372675903782,-0.01334479927916313,fezouata
-0.7459658828953434,1.269413159454653,0.5072003905296556,Inf,-0.8518936032427507,2.4334024896265563,Inf,0.7243446622012735,0.3253942499860296,0.18995953602852605,0.12348059115633885,-0.3541880539220615,-0.6312951254437947,-0.38804234659633,-0.585833098079672,0.8251841058788595,-0.5629918174854276,fezouata
-0.7863247863247863,1.214285714285714,0.5686274509803921,Inf,-0.8670520231213873,2.7250000000000005,Inf,0.9546819754400637,0.32019329706676014,0.2048041549354129,0.19756861447791627,-0.38378783640131187,-0.6146818031770963,-0.43973992560240327,-0.5628447395996392,0.999932961166232,-0.35744180077106824,fezouata
-0.5863945578231293,1.0883381924198252,0.37386954781912723,Inf,-0.8076914002595258,2.4277551020408166,Inf,0.7149137931034483,0.15222007477104438,0.25432824542604704,0.13113827258601765,-0.3841970833020108,-0.5916318823116399,-0.3892357378881309,-0.5377371171917112,0.7923546201559817,-0.4360020064420737,fezouata
-0.8888888888888888,1.7142857142857142,0.5490196078431371,Inf,-0.7803468208092486,1.9000000000000001,Inf,0.8423489676962465,0.22362047762484424,0.14117342226165916,0.10615311208174506,-0.3453629555155031,-0.704630959689535,-0.35645119846951034,-0.5447415051509601,0.9987235860047662,-0.538288224776398,fezouata
-0.6872427983539094,1.4685479129923573,0.38517711611393496,Inf,-0.8237351031185328,1.9731481481481479,Inf,0.8239641921140197,0.26352654966875505,0.25000033405847294,0.10175404984064634,-0.34858559144528184,-0.6277608392518389,-0.30430080201495047,-0.48405645983992635,0.9171425858591684,-0.56408995158346,fezouata
-0.67722681359045,1.1506788665879575,0.46094636201588046,Inf,-0.8761047150432331,2.3426652892561983,Inf,0.7130028735632183,0.28908716498593073,0.19621153675214864,0.22222988114240166,-0.3409337461451401,-0.5785650648810506,-0.38833989537119606,-0.537607614965879,0.8565436137971377,-0.6580191615196521,fezouata
-0.8523090992226794,1.4685479129923573,0.5745178729928181,Inf,-0.8296105996812483,2.0493827160493825,Inf,0.7430970861432752,0.14698145539769972,0.11371571013612206,0.08558913971784933,-0.38132758802827027,-0.6434882648406266,-0.4300835418649049,-0.5965706444144652,0.9205361590388936,-0.5059908838091685,fezouata
-0.8541102077687444,1.0439895470383276,0.6931292842340186,Inf,-0.8549038958597678,2.4138211382113823,Inf,0.7193146641710458,0.3368675541002443,0.09185535798187723,0.27054920446992514,-0.3679942006899935,-0.6369630903682623,-0.3260798479809445,-0.5064929392261126,0.9285968847452087,-0.6179001210078194,fezouata
-0.7339656729900632,1.3308652729384434,0.4765662362505978,Inf,-0.7736500775412378,1.736077235772358,Inf,0.8459117297335104,0.4752801711745176,0.21957886777856592,0.13545918932015735,-0.3498914327656182,-0.6460231122358935,-0.3586229454275843,-0.5380730110224246,1.0510146098761848,-0.6984351890070193,fezouata
-0.7673469387755102,1.1963556851311952,0.5517807122849138,Inf,-0.848484133537808,2.5789795918367346,Inf,0.7527137432396148,0.2923549622354773,0.2032368072836134,0.17350946192220348,-0.37747359167060923,-0.6681204227942208,-0.3244424503118229,-0.5120380028611797,0.8723939283851899,-0.41915925179685276,fezouata
-0.7219935985368083,1.1055261610817166,0.5246913580246909,Inf,-0.8472370893693951,2.60843621399177,Inf,0.7540516265083764,0.3827056752330108,0.20005982926650437,0.1812967854762158,-0.34305382870676365,-0.6264577331666399,-0.41415340096297504,-0.5973465562740412,0.889915834080316,-0.5131600523896392,fezouata
-0.8702185792349726,1.1692037470725993,0.6772340083574412,Inf,-0.8010518336018194,2.1887295081967215,Inf,0.5471541337764853,0.12182924171672992,0.02700505631761032,0.12495451686471125,-0.3784059463542813,-0.6385688624664776,-0.3282231750979228,-0.517988778743689,0.8037743031513049,-0.34285960795079634,fezouata
-0.8096539162112932,1.6391978922716626,0.4787447765991639,Inf,-0.7893490002842792,2.0621926229508194,Inf,0.8692097084504956,0.272227405761226,0.20961448958680318,0.05157854579967314,-0.3645829977957024,-0.6865683187797973,-0.2901427804390094,-0.48601226284723315,0.9066546624233949,-0.5179488351105118,fezouata
-0.8175582990397805,0.9603174603174602,0.6741709029290728,Inf,-0.8002331168676704,2.2018518518518517,Inf,0.7879001675632771,0.49465264830398753,0.055943208316178654,0.2667286655125214,-0.37146355273126636,-0.5962458666522639,-0.37080429229505313,-0.5379159519301332,0.8874522875114244,-0.5446646040065033,fezouata
-0.8283649503161699,1.008130081300813,0.6734417344173439,Inf,-0.8374923633629401,2.263211382113821,Inf,0.8249572022499387,0.09306902006172921,0.1207547771364274,0.2721642187561631,-0.385224949949327,-0.6378239198302702,-0.4048206565014339,-0.544784285977428,0.954108713280441,-0.4072821545543704,fezouata
-0.736111111111111,1.242113095238095,0.5033905228758168,Inf,-0.8572254335260115,2.370520833333333,Inf,0.9380126944062951,0.5308308518629719,0.20904410797811174,0.23332062422635821,-0.36673923387120855,-0.6424614914728739,-0.34873836815110953,-0.5323779134594046,1.1643863348308283,-0.4374541083864277,fezouata
-0.6971766848816029,1.5307377049180324,0.37950016072002557,Inf,-0.8654174168482895,2.3658811475409838,Inf,0.7189538111642528,0.2435674255971181,0.22747417336713924,0.07636876302104914,-0.33706834179933953,-0.6550917724739115,-0.33358826648203843,-0.5278919861420919,0.8115260679170455,-0.4757268060355295,fezouata
-0.9572649572649572,1.4642857142857144,0.6960784313725489,Inf,-0.7919075144508672,2.2,Inf,0.6628899835796386,0.6432560465771822,-0.054026047606988634,0.09341675721621545,-0.32837700685073634,-0.6237528909878984,-0.3634290291522893,-0.5526901482839492,1.0481187098025084,-0.46805986440380176,fezouata
-0.8175582990397805,1.1055261610817166,0.6343096909545709,Inf,-0.7943576203049549,2.2018518518518517,Inf,0.8356812447434818,0.1794801820140309,0.14748751958439243,0.1980310477006502,-0.3879762663971969,-0.6580558488130421,-0.4325568096128575,-0.5761562311302904,0.9683519967946175,-0.4025154017399243,fezouata
-0.9145299145299145,1.0714285714285714,0.7549019607843134,Inf,-0.7861271676300579,2.35,Inf,0.8451794510907811,0.3005000618797998,0.005500335529798099,0.2255999475056328,-0.38829303290012435,-0.6920051280114095,-0.39985489792679724,-0.5608860061532327,0.9836180671542392,-0.4285208857617749,fezouata
-0.8190476190476191,1.0163265306122449,0.660504201680672,Inf,-0.848484133537808,2.4277551020408166,Inf,0.924823302634397,0.420067826732728,0.0933265781782266,0.27172188618015886,-0.42418152010917526,-0.6659156987415678,-0.4201196916606959,-0.5611472023860287,1.063213804504376,-0.216592380469758,fezouata
-0.8190476190476191,0.8723032069970844,0.7000400160064022,Inf,-0.7552436003303056,2.1757142857142857,Inf,0.7070881226053639,0.12335994292234823,0.11306168643728313,0.16028202784708673,-0.3746451086417643,-0.6561046433296409,-0.36215840782480463,-0.5376500362578799,0.8350396576317731,-0.3858417594745539,fezouata
-0.8712737127371274,1.438443670150987,0.6045353100589826,Inf,-0.8491000516941585,2.1377032520325208,Inf,0.9104488703923899,0.549893564474449,0.08622667932898889,0.1381275543869911,-0.3732874211307106,-0.621900659660195,-0.3796454203883088,-0.5381431294110897,1.0989273914259137,-0.446472472443537,fezouata
-0.9036422314430613,1.4890337877889743,0.6277764217720282,Inf,-0.8578178591130405,2.407780082987552,Inf,0.8574475648773552,0.34394136581638507,0.09405762553685484,0.1412089212680489,-0.3564849156687125,-0.6335047267609009,-0.3803986283598012,-0.5358902327789,0.944691454748323,-0.4121677224168158,fezouata
-0.8175582990397805,1.4685479129923573,0.5346566610183165,Inf,-0.8002331168676704,2.0493827160493825,Inf,0.5355603448275861,0.05718789726130208,0.15175069476448452,0.06540057808688886,-0.3657078330355099,-0.6525079733952712,-0.3398306220079118,-0.5349884588400269,0.788913890434635,-0.5997867469523663,fezouata
-0.7759637188208617,1.3763848396501457,0.5122448979591836,Inf,-0.7668986669812434,1.8228571428571425,Inf,0.819498652074196,0.32978293962800603,0.19477237429701783,0.09904792627629302,-0.360279091120612,-0.6676989616616483,-0.3971680700665709,-0.563251519968154,0.8946123243990322,-0.6218056583910416,fezouata
-0.781005071461503,1.3426200355660936,0.5272963957367176,Inf,-0.8578178591130405,2.382157676348548,Inf,0.8725586128615601,0.32207450303148266,0.19965866535526744,0.20913263969951976,-0.34194667870296047,-0.6542008617843071,-0.34784286376752926,-0.5165511071004087,1.0516501286195876,-0.3583092716120086,fezouata
-0.7317850637522768,0.8799765807962527,0.5978383156541303,Inf,-0.7834975836255094,2.3405737704918037,Inf,0.7978582137502676,0.31824935004590993,0.18369837854347962,0.16057402851255137,-0.36311957876395834,-0.6330679105749953,-0.3228931820955277,-0.5254334901353374,0.8851675120356804,-0.49582029234129876,fezouata
-0.8541102077687444,0.9722706155632984,0.7128168340506931,Inf,-0.8200808308661122,2.338516260162602,Inf,0.7405653396477727,0.44710710194603415,0.08698759753019572,0.21805878961953643,-0.38815342947870957,-0.6450806405243092,-0.2476964420480905,-0.4382758570350525,0.9343966835680815,-0.39247922880791125,fezouata
-0.789764868603043,1.2328097213989329,0.567488406150842,Inf,-0.8400450915021705,2.407780082987552,Inf,0.7915148116998411,0.25780142111571164,0.16832489439397763,0.22594594529582762,-0.3716075873601045,-0.6294081693259681,-0.39087008668936624,-0.5498983620675678,0.9090984891003164,-0.5871668551600838,fezouata
-0.6421845574387948,1.0558414043583535,0.44678464606181423,Inf,-0.8306064465562849,2.1921610169491523,Inf,0.7682854074692756,0.3237438353254964,0.19682475472850253,0.2340200502146258,-0.3732455521181506,-0.6068647453897591,-0.401293898616905,-0.5405469495486854,0.9224561855054273,-0.11574457537942173,fezouata
-0.8010018214936248,1.1692037470725993,0.5978383156541303,Inf,-0.8127546669193594,2.289959016393443,Inf,0.7672125475723677,0.3608082251995895,0.13111065763185736,0.1410106620261518,-0.3762486825740188,-0.666622661295961,-0.35624663909237825,-0.5459650568960281,0.8906727655712717,-0.01566466748812461,fezouata
-0.965672990063234,0.9722706155632984,0.8407859078590785,Inf,-0.8897269608534235,2.7150406504065043,Inf,0.673908710384692,-0.03118817806104823,-0.08831464684858462,0.3010120684947296,-0.3738891599468681,-0.6553950808280609,-0.4092288851425102,-0.574694240909555,0.8786959238417409,-0.6926991288330723,fezouata
-0.9569160997732425,1.232361516034985,0.7593437374949978,Inf,-0.8601392001887461,2.251326530612245,Inf,0.9375,0.22450708693560117,0.011417716881769261,0.23925209212425305,-0.36501715861994755,-0.6362983304728405,-0.3830849851611428,-0.54455488714945,1.029558685160886,-0.38793020230700326,fezouata
-0.7587301587301587,0.8002915451895044,0.6506202480992394,Inf,-0.8310015335614015,2.402551020408163,Inf,0.6528008347958069,0.1963792004020876,0.16566812733294992,0.2564696425227807,-0.3574857447364472,-0.6476950117984503,-0.3924130943163507,-0.5697809136696531,0.7139263812910759,-0.6400316919069351,fezouata
-0.6653116531165312,0.9722706155632984,0.4962537860672723,Inf,-0.8374923633629401,2.4389227642276423,Inf,0.8674864562731103,0.2981279426158515,0.2547699765145918,0.2764678131132924,-0.3581471754183432,-0.5880374269999781,-0.44217227080309784,-0.5836016152426217,1.0294352862013838,-0.48404192276732394,fezouata
-0.8888888888888888,1.1428571428571428,0.7058823529411764,Inf,-0.815028901734104,2.125,Inf,0.6908940739211232,0.44578058234679335,0.028067601307732126,0.14035504635242593,-0.4041521629842172,-0.5851910223243825,-0.35017226342743535,-0.513734076908805,0.8661146648818913,-0.3899700780159036,fezouata
-0.7133058984910837,1.0692239858906525,0.5246913580246915,Inf,-0.8707390756202573,2.7609053497942386,Inf,0.8361471689097713,0.4291442376268128,0.19662058481657504,0.17611570259077577,-0.37487350178790174,-0.5954684524083407,-0.4361847107711748,-0.5844912012667492,0.9597666320526343,-0.6423083950941592,fezouata
-0.6704172526957336,1.0099457504520795,0.49176801522296665,Inf,-0.8072242140435599,2.439240506329114,Inf,0.9669911950661338,0.5460537249576036,0.20125789169421923,0.1896795825380675,-0.37745811347747843,-0.6093389815781379,-0.3718688409087769,-0.5181979757793913,0.9460674208345784,-0.02005695563138769,fezouata
-0.9221311475409837,0.6630562060889928,0.8757232401157182,Inf,-0.7425376670141193,2.1887295081967215,Inf,0.5934047539337127,0.2882215844890098,-0.057428329560047314,0.2335743382530328,-0.38739241299856003,-0.6540642305107242,-0.39463938886730987,-0.5710158690778873,0.8643481694428209,-0.33227969123146334,fezouata
-0.7993572084481175,1.332939787485242,0.5510046994004211,Inf,-0.8643051640949696,2.444731404958678,Inf,0.7777923182621211,0.2563405299702032,0.10875056080045362,0.1681815397410337,-0.41066749346140535,-0.6236387471397588,-0.4137385342292815,-0.5521405952617698,0.9675582517551898,-0.8079244355248425,fezouata
-0.7663934426229507,1.0607435597189696,0.5879138540662165,Inf,-0.8127546669193594,2.264651639344262,Inf,0.8932676518883413,0.4407678879013015,0.1821532751933942,0.21930715275791576,-0.3905981711048803,-0.6658524867157257,-0.3544791670012256,-0.5182781491314711,1.0192631395954301,-0.28398901819604555,fezouata
-0.6264288980338363,1.3233392122281011,0.3552812071330588,Inf,-0.8531125859321107,2.583024691358025,Inf,0.7462217524212209,0.2586864133152909,0.2553572408183325,0.11071923179323877,-0.3716427809982678,-0.5881883344547207,-0.4251631427890319,-0.5718260475168705,0.8776805007788211,-0.5691262266745114,fezouata
-0.8104308390022675,0.9803206997084548,0.660504201680672,Inf,-0.7727262003067122,2.352142857142857,Inf,0.6344460748349229,0.1969887657037472,0.04902264370333099,0.139661715253005,-0.38549028428848736,-0.5866157602395905,-0.41426838983890424,-0.5643290395434598,0.8009037799944209,-0.5574726133143947,fezouata
-0.9145299145299145,1.3214285714285712,0.6862745098039211,Inf,-0.8208092485549133,2.3750000000000004,Inf,0.7970443349753694,0.24706815563883072,0.036345752758264384,0.15228699694609643,-0.34865467035014724,-0.6425269292509,-0.3351640995003081,-0.513203956471861,0.8435751111393706,-0.35043851465465947,fezouata
-0.8001828989483311,1.4322457378012934,0.5246913580246909,Inf,-0.8237351031185328,2.2526748971193418,Inf,0.8657773068772875,0.34852151106789675,0.16297085360333452,0.11511538901844291,-0.35384846733381864,-0.5911246389030683,-0.38379551934723866,-0.5295305745088783,0.9191964285714286,-0.3812047672221487,fezouata
-0.6555090655509066,1.5836820083682006,0.3171712199524158,Inf,-0.8327327254698044,2.022907949790795,Inf,0.8907140917730112,0.5703770402806625,0.26435840061404,0.10215536311806589,-0.3471493589673591,-0.6354257542846391,-0.3526520405931943,-0.5449172236719098,1.0342577421788148,-0.5430214820964195,fezouata
-0.8523090992226794,0.9603174603174602,0.7140321149035743,Inf,-0.7943576203049549,2.2780864197530866,Inf,0.8327778489937187,0.25643894464775085,0.11240523592880836,0.22788247630162545,-0.40070368042648447,-0.6251624288039687,-0.4366581195936619,-0.5982094101312079,0.9780990975583055,-0.22503310702002804,fezouata
-0.7663934426229507,1.0968969555035126,0.5779893924783028,Inf,-0.8127546669193594,2.4418032786885244,Inf,0.8235000996611521,0.3403021546306253,0.15693913726463032,0.2158181293852118,-0.3896773907069005,-0.6300017678400692,-0.44480317282373705,-0.5943735667585764,1.0381254533688167,-0.43608654487491727,fezouata
-0.7948717948717949,1.3571428571428572,0.5392156862745093,Inf,-0.8208092485549133,2.35,Inf,0.8071621559738059,0.29708351489744295,0.17188463640457002,0.15254107037563275,-0.3617922976655855,-0.6794303900420673,-0.43973312400801307,-0.6093120170715864,0.9933768222932181,-0.6070372320313432,fezouata
-0.7923497267759563,1.6030444964871193,0.46882031501125015,Inf,-0.8303089168956695,2.11280737704918,Inf,0.8177822853279241,0.3354578559187178,0.20693683314511818,0.1108143247841249,-0.3538438647423053,-0.6825548221585773,-0.32495516732837265,-0.5213368176744398,0.9371373838465441,-0.3320967269846157,fezouata
-0.7219935985368083,0.8877131099353321,0.5844831759864435,Inf,-0.8824900687456886,2.405144032921811,Inf,0.7924926425676051,0.35642010125785223,0.1377874201658907,0.30885498617538976,-0.38645557647017914,-0.6281178894302976,-0.39814328770866386,-0.5559086810323353,0.8877898527832188,-0.6412414089087443,fezouata
-0.7914951989026063,1.1055261610817166,0.6044137819736946,Inf,-0.8178596065558172,2.4559670781893006,Inf,0.8050897496457249,0.2498618607629455,0.12691962420094008,0.17663312577979673,-0.3542411217269707,-0.6364611096251804,-0.4406605721137163,-0.5760602694839695,0.8690970258545327,-0.5907902181797476,fezouata
-0.7819100091827365,1.6245572609208971,0.4509398800842649,Inf,-0.8053074093536521,2.0109504132231404,Inf,0.881012519218098,0.49405646212705656,0.13977045528143736,0.07951146139246706,-0.3546658264539498,-0.6422262447678359,-0.37450413635575686,-0.5399722529782509,0.957436972019183,-0.43271248679385904,fezouata
-0.7470156106519743,1.0777744982290436,0.5610111813320366,Inf,-0.8761047150432331,2.623347107438017,Inf,0.8993464614326252,0.3922066871209342,0.1830378430814954,0.23076152103278572,-0.3649875620006837,-0.6683563178218979,-0.44713121170064507,-0.5980485030716364,1.0629940775265192,-0.38331431995923754,fezouata
-0.8436213991769548,1.6863609641387418,0.5047607520374401,Inf,-0.8296105996812483,1.9985596707818931,Inf,0.6727247598645567,0.2935571125458648,0.09909208096109025,0.06854245631748022,-0.3638599333116531,-0.6774674739586422,-0.3375373163281083,-0.5281075732641195,0.862138099110912,-0.6685700186978251,fezouata
-0.9485094850948509,1.3667247386759582,0.7128168340506931,Inf,-0.8084731425348936,2.1628048780487807,Inf,0.6277733226410049,0.16300188106059266,-0.01760810010826114,0.13761997320842762,-0.34534379006944166,-0.677303430235609,-0.3442805238660509,-0.5270117911528588,0.9249427008605979,-0.08867886097358708,fezouata
-0.7480566986739826,0.851410934744268,0.6243443879609453,Inf,-0.7943576203049549,2.0747942386831273,Inf,0.8004344284550637,0.569834481296248,0.1022544668156907,0.3832233522185961,-0.38749824446793973,-0.5950187431614253,-0.41195672206763645,-0.5459645235327469,0.9837502174228799,-0.4523390059693205,fezouata
-0.655328798185941,1.160349854227405,0.4331732693077228,Inf,-0.7727262003067122,1.999285714285714,Inf,0.6556703597659652,0.299078997178117,0.18932201026096182,0.20262643674571112,-0.38243083325277455,-0.6109349253627483,-0.34161666378692257,-0.5169229939536756,0.7956874393882027,-0.6746287020710593,fezouata
-0.7470156106519743,1.2235832349468712,0.520985253605574,Inf,-0.8230067357760473,2.3426652892561983,Inf,0.8855304857859134,0.3955627091093271,0.16615415293822294,0.1403595864712924,-0.3538532680673047,-0.6299367265914515,-0.3897432782351321,-0.5564598449248249,0.9711318888788996,-0.4438992021488965,fezouata
-0.8523090992226794,1.831569664902998,0.47486484305656396,Inf,-0.8296105996812483,2.100205761316873,Inf,0.7483133433283359,0.3490971871990511,0.11695004535630553,0.02090374705220036,-0.3551752472168,-0.6553345672740244,-0.3519579731301271,-0.5565529446398022,0.9274795084440308,-0.43796253562712933,fezouata
-0.8197831978319783,1.079849012775842,0.6439104096923322,Inf,-0.7794539217068471,2.0372967479674795,Inf,0.7337195699403931,0.1980187561076308,0.13721673189988884,0.17810893674178854,-0.382295734691317,-0.6163443203483128,-0.33416745730290454,-0.503464445684367,0.8691482924788435,-0.25087270113493126,fezouata
-0.638095238095238,1.0163265306122449,0.45294117647058796,Inf,-0.8426566002123392,2.402551020408163,Inf,0.8055197000430265,0.34548590261454215,0.24243812984156116,0.20554757859299294,-0.37914746289566403,-0.6409092595836977,-0.343613336961113,-0.527007345711956,0.9421591444414733,-0.4649258439693761,fezouata
-0.9396825396825397,1.052332361516035,0.7889955982392953,Inf,-0.8135189335849946,2.301734693877551,Inf,0.8845995329028713,0.5742563549515717,-0.02247438908513387,0.2996003537254761,-0.39876251203830665,-0.6824139965815058,-0.3695122152904675,-0.5236316209684823,1.209373496976252,-0.2669631541961601,fezouata
-0.7414965986394558,0.9443148688046648,0.591316526610644,Inf,-0.8601392001887461,2.4781632653061223,Inf,0.7757431629013077,0.5106810789860028,0.16518076281247265,0.3364574890540905,-0.3828544673519871,-0.5948482899891188,-0.358428207351258,-0.528329620877083,0.9034712637089564,-0.5123449417140346,fezouata
-0.7284462886122637,1.1229994072317726,0.5272963957367176,Inf,-0.739332741707241,1.9978215767634853,Inf,0.8545549231856563,0.33365569822414287,0.208662829362753,0.11258358247730592,-0.37586570185338103,-0.6649836055945826,-0.3559719817317339,-0.5245231778223868,0.8434777791129228,-0.4531029326362197,fezouata
-0.9829059829059829,1.25,0.784313725490196,Inf,-0.8208092485549133,2.4250000000000003,Inf,0.6875653082549633,0.2170319366387627,-0.18706260134474176,0.13114659164750123,-0.3641977739840701,-0.6867334504438374,-0.38681562840066924,-0.5438443817697961,0.9152497802199914,-0.02412290808250555,fezouata
-0.699674569967457,0.7347579199043636,0.6008696365575515,Inf,-0.826758894236583,2.5913179916317994,Inf,0.7490184363263912,0.2844583529913076,0.1843564569552908,0.27701144747259593,-0.35482553924109916,-0.6389086709321714,-0.39897931126984776,-0.5744661894914408,0.8480413626430611,-0.5034422739721895,fezouata
-0.7836976320582878,1.0968969555035126,0.5978383156541303,Inf,-0.8595660001895196,2.3911885245901643,Inf,0.8738556000219286,0.4653135339073578,0.140051940160311,0.3092784504906568,-0.3760623970669009,-0.6240869527234205,-0.4220013948138028,-0.5681379775197677,1.0863297071311684,-0.39123781095984467,fezouata
-0.869684499314129,1.5774544385655496,0.5645525699991927,Inf,-0.7826066271795238,2.100205761316873,Inf,0.9199191612984714,0.34748327547196595,0.1150165484165253,0.05098500409110867,-0.3681460499870684,-0.6412993132789487,-0.3764651399153031,-0.5462863071680544,0.9729630346967637,-0.48841011684623775,fezouata
-1.0,1.3928571428571428,0.7647058823529409,Inf,-0.8381502890173411,2.325,Inf,0.6280041797283176,-0.22805728322213895,-0.13616784272123061,0.1547255963306374,-0.3623286682278458,-0.7036411070788553,-0.3918632056551463,-0.5707066567238235,0.8571666832233351,-0.49353551277887137,fezouata
-0.7121212121212122,1.1506788665879575,0.5009722897423431,Inf,-0.8230067357760473,2.2150826446280996,Inf,0.7945290920431255,0.39657784204173757,0.17675092538144274,0.1905985427064449,-0.39254194668523995,-0.6105176285101234,-0.38707042704046835,-0.5476411602948564,0.9457285489426983,-0.6059527081240542,fezouata
-0.339356295878035,-0.05454545454545457,0.21558441558441566,Inf,-0.6405529953917051,0.67666815942678,Inf,0.19248890406282004,-0.08709464207469132,0.043190681039409005,0.07198065469573561,-0.09853616367743004,-0.3297728500616484,-0.15084903557257787,-0.3361140367840615,0.4086463374043064,0.047838080375893696,fezouata trophic species
-0.6036137775268211,0.14805194805194793,0.2915584415584417,Inf,-0.7059069962295769,0.39722346618898324,Inf,0.23146909285523126,0.0008937917495076442,-0.012818793939911723,0.1870042556827548,-0.14126955706010122,-0.3484985827618677,0.05581143052378614,-0.14542607260151807,0.44333079992399765,0.3598141128917874,fezouata trophic species
-0.8260869565217391,0.2,0.3999999999999999,Inf,-0.6774193548387097,0.41379310344827586,Inf,0.259185918591859,-0.11055851064774226,-0.2020720736289122,-0.04044936543104735,-0.13719243461580258,-0.42272511417621295,0.26853855116961495,0.03871437763028605,0.2822859586473761,-0.00021278480413139213,fezouata trophic species
-0.5091533180778032,-0.11052631578947371,0.3342105263157896,Inf,-0.7682512733446519,0.5217785843920144,Inf,0.12450495049504946,-0.20886598191033612,0.0035229992421188594,0.06406915345958232,-0.10186577881849564,-0.34478057928798844,-0.018876509634832825,-0.28206666952223397,0.2083995186522261,-0.05586720715556583,fezouata trophic species
-0.9565217391304347,0.2,0.4750000000000001,Inf,-0.7096774193548387,0.4482758620689654,Inf,0.40198019801980184,0.0647333443612042,-0.325280105844614,0.15510158251875591,-0.2320940126913165,-0.36827942722886686,-0.05028011852956983,-0.18521437309581792,0.47153541200936705,-0.15117180428970287,fezouata trophic species
-1.0,0.7333333333333332,0.30000000000000027,Inf,-0.5806451612903226,0.24137931034482762,Inf,0.21325209444021329,-0.45320343226526527,-0.3170589140785215,-0.09169542409308129,-0.048617256569712816,-0.5984161573421088,0.2908528149351888,0.04453954853000554,0.34032433671422824,0.9248040113092579,fezouata trophic species
-1.0,0.08051948051948053,0.5448051948051948,Inf,-0.7712609970674488,0.6417375727720555,Inf,0.20482673267326726,-0.20018345642367572,-0.4188279166430286,0.1897323603733588,-0.11409880018140721,-0.37442049433717617,-0.0018955828959815,-0.1613335262554138,0.44240236297998026,0.6527536716066017,fezouata trophic species
-0.6956521739130435,0.2,0.3250000000000002,Inf,-0.6451612903225806,0.5172413793103448,Inf,0.5577557755775576,0.5951134779348511,-0.07124089148115047,0.0752101032959454,-0.1734571320267422,-0.304868789240404,0.11629883540666326,-0.07066876909961486,0.44722940769587916,-0.2591112057756779,fezouata trophic species
-0.9130434782608695,0.06666666666666657,0.5,Inf,-0.6451612903225806,0.6206896551724137,Inf,0.2214221422142213,-0.054266803386439265,-0.2670847400946981,0.08047573455021141,-0.11982550275449474,-0.44740017299977436,0.05157447278102524,-0.1524930761968668,0.34659378415039127,0.28430952865894676,fezouata trophic species
-0.391304347826087,0.0,0.2250000000000001,Inf,-0.7741935483870968,0.6551724137931035,Inf,0.3072076438413072,0.1215897777006096,0.04027933534084011,0.15341320380314805,-0.15701315593061116,-0.38520281033877596,0.01431844434424819,-0.1898166779726297,0.3757094764124974,-0.11162397830286462,fezouata trophic species
-0.782608695652174,0.2,0.375,Inf,-0.8709677419354839,0.5862068965517241,Inf,0.5245109876841343,0.2914287495035537,-0.0762920641064546,0.13231554370752577,-0.034794840910410074,-0.27958685827047214,0.017890059058500257,-0.15165681718996823,0.3699376264503804,0.250701298280241,fezouata trophic species
-1.0,0.06666666666666657,0.5500000000000003,Inf,-0.7741935483870968,0.7241379310344829,Inf,0.13180693069306923,-0.6514842038943786,-0.4188279166430286,0.18530731055281693,-0.08252113960595805,-0.4275069674271844,0.00838899772943423,-0.2074841030067966,0.39694197187238767,0.7143628884273859,fezouata trophic species
-1.0,-0.2,0.6500000000000001,Inf,-0.48387096774193544,0.5517241379310343,Inf,0.36303630363036304,-0.3136107364401589,-0.4791299686748169,0.13388576479828607,-0.10799172086714458,-0.41931375293114653,-0.17359251185173613,-0.385538280185263,0.3075896750405608,0.012174830416274896,fezouata trophic species
-1.0,0.0,0.5750000000000002,Inf,-0.8064516129032258,0.6551724137931035,Inf,0.09042904290429038,-0.10788254578023639,-0.43235606327560955,0.29761055849369145,-0.12106596289613339,-0.44620406956609565,-0.06445997854017549,-0.25525827028318515,0.3958154759079482,0.12798400175767857,fezouata trophic species
-0.20722755505364204,0.08051948051948053,0.0889610389610392,Inf,-0.673229995810641,0.5718763994626063,Inf,0.11997268692386477,0.23496226091355032,0.043190681039409005,0.14514242613171938,-0.061541517601320046,-0.23048238702349325,0.03882632437729579,-0.17868439846222806,0.299573159331906,-0.047596429511854485,fezouata trophic species
-0.7357425183512141,0.5532467532467531,0.21558441558441566,Inf,-0.7059069962295769,0.29243170622480963,Inf,0.06839499739447624,-0.13648592300621445,-0.09221973758716237,-0.041554542708703505,-0.022662913325566976,-0.3173795380257796,0.09866621076999568,-0.09916896572274957,0.3455759960223955,0.642754726513751,fezouata trophic species
-1.0,0.38666666666666655,0.4300000000000002,Inf,-0.832258064516129,0.5420689655172414,Inf,0.08865886588658854,-0.10835419130842758,-0.35207570890215273,-0.01480520459632888,-0.08321959312822792,-0.2650398148517893,0.03181310413958632,-0.09481931999686963,0.3648847228106788,0.15571226031067226,fezouata trophic species
-0.4573913043478261,0.31733333333333336,0.1440000000000001,Inf,-0.664516129032258,0.2551724137931034,Inf,0.02782303546810374,-0.21981020449952116,-0.08410465238908632,-0.09517429527607527,-0.052632103748292094,-0.21944096071938687,0.13815085378761957,-0.11885081846862272,0.10571896391864422,-0.3429658550274977,fezouata trophic species
-0.782608695652174,-0.06666666666666672,0.4750000000000001,Inf,-0.8709677419354839,0.8620689655172413,Inf,0.34449159201634433,-0.22281272354121906,-0.13154294351293874,0.19506319466993827,-0.08176580274314817,-0.5276526399337015,-0.048572624173592295,-0.2553083713906314,0.48009170202113355,0.1735209171645088,fezouata trophic species
-0.6382608695652173,0.9413333333333334,0.014000000000000125,Inf,-0.664516129032258,0.2551724137931034,Inf,0.12527357998957783,0.08064254776109808,-0.04544583218795506,-0.15460317487176975,-0.0551027764680784,-0.3634444503187222,0.2451062914984601,0.04462757501602325,0.5877157796215368,0.5347732140270709,fezouata trophic species
-0.779785431959345,0.08051948051948053,0.4181818181818183,Inf,-0.8366149979053206,0.5369458128078817,Inf,0.33058305830583046,0.2294481659642236,-0.2488459790281195,0.32673219165030254,-0.10562771979528357,-0.42681996639766123,-0.040604196811725606,-0.22378028189562774,0.4230152646588528,-0.22453763363651316,fezouata trophic species
-0.3752860411899314,0.026315789473684167,0.20592105263157912,Inf,-0.7682512733446519,0.6279491833030852,Inf,0.16003089670669188,0.10506993317924927,0.037326983426922276,0.22972260731235486,-0.05318890384603711,-0.3212212537600741,0.02564952135463961,-0.16023706545024052,0.3076108903248422,0.5833402602996496,fezouata trophic species
-0.5652173913043479,-0.06666666666666672,0.3500000000000001,Inf,-0.7096774193548387,0.689655172413793,Inf,0.2548588192152549,0.10830444189861216,-0.018561989381422006,0.15840167994289384,-0.1557422217325746,-0.3699212098256113,0.012010913987499702,-0.1777711362902954,0.491741691551158,0.10900252852701711,fezouata trophic species
-0.7322654462242563,0.2315789473684209,0.3342105263157896,Inf,-0.5365025466893039,0.2386569872958257,Inf,0.20077007700770058,-0.09718362811421788,-0.10355295818887661,0.03392873310881301,-0.09714070000304655,-0.4627846501743644,0.2713998332815821,0.04456073654753641,0.33589841028564177,0.38781179264477555,fezouata trophic species
-0.10755148741418771,0.5052631578947369,-0.12763157894736823,Inf,-0.702037351443124,0.5217785843920144,Inf,0.29329956251439093,0.2932158859701132,0.12575834516187392,-0.04047698324878907,-0.14712984314131838,-0.27685057980718686,0.21804514793622903,-0.008495672245985294,0.46378194217382585,0.11060926767400966,fezouata trophic species
-1.0,0.6666666666666667,0.3250000000000002,Inf,-0.6774193548387097,0.3448275862068965,Inf,-1.0,-1.0,-1.0,-0.020210404945626,-0.014805244586087108,-0.4005728242649706,-0.01509072840960813,-0.14884796881951273,0.44461635436364677,0.24067337321877774,fezouata trophic species
-0.782608695652174,0.2,0.375,Inf,-0.7096774193548387,0.4482758620689654,Inf,0.32478783592644966,-0.06045852319100008,-0.15623186028860497,0.14231351061591632,-0.0868573232774186,-0.36895206389077356,0.048502181476959526,-0.13522124959353501,0.38150367827947795,0.16601577989629412,fezouata trophic species
-1.0,0.026315789473684167,0.5651315789473684,Inf,-0.8013582342954161,0.663339382940109,Inf,-1.0,-1.0,-1.0,0.3207157975841326,-0.14202005659519532,-0.5680688544855476,0.04422889037342243,-0.11076285986142002,0.4927461085239615,1.1762767261140574,fezouata trophic species
-0.779785431959345,0.35064935064935043,0.316883116883117,Inf,-0.8692919983242563,0.6417375727720555,Inf,0.026702670267026638,0.010038678803011345,-0.12179171925545525,0.07490811800011682,-0.050170748616669994,-0.39215689015800226,0.2649132343000352,-0.013447838795510607,0.32144148101375863,0.14513857082496817,fezouata trophic species
-0.7391304347826086,0.2,0.3500000000000001,Inf,-0.5806451612903226,0.5172413793103448,Inf,0.43159949797796665,0.12488602210522559,-0.10648466360973256,0.052202666334743776,-0.10091454453425833,-0.46158551700418315,0.05099698187341086,-0.16635890931030647,0.38726230421421876,0.5644621827562379,fezouata trophic species
-1.0,0.06666666666666657,0.5500000000000003,Inf,-0.7096774193548387,0.689655172413793,Inf,-1.0,-1.0,-1.0,0.0785372283108796,-0.12871151418765792,-0.45043434666891125,0.055442821692322945,-0.17160196275136308,0.3941972469965828,0.46247244840137697,fezouata trophic species
-0.776887871853547,-0.04210526315789484,0.46250000000000013,Inf,-0.7351443123938879,0.6987295825771324,Inf,0.26942117288651923,-0.01536420386348638,-0.17176589323927863,0.15850014417869523,-0.11032588306065753,-0.35313031792770283,-0.03658026019816809,-0.2235968325423605,0.3489771359807459,-0.1376442711428968,fezouata trophic species
-0.823828345567476,-0.5272727272727273,0.6714285714285715,Inf,-0.673229995810641,0.6417375727720555,Inf,0.3143564356435643,-0.15252283913348785,-0.3338369478355741,0.4620198075722676,-0.1320810730442406,-0.36659677604756913,-0.15869343764524674,-0.32267528728312084,0.33944489013682755,-0.04827851874261634,fezouata trophic species
-0.5026086956521739,-0.09866666666666668,0.326,Inf,-0.664516129032258,0.5062068965517242,Inf,0.25560487083191064,0.05289681411042095,-0.06388527639158657,0.30660420747388256,-0.15501225396602888,-0.42044753195402185,-0.047718285097121796,-0.22088817553446174,0.414198453681157,-0.03148110241301429,fezouata trophic species
-0.8695652173913042,0.6666666666666667,0.25,Inf,-0.5483870967741935,0.24137931034482762,Inf,-0.09130913091309135,-0.15402763598966152,-0.2488459790281195,-0.10894522021241361,-0.05647484766310006,-0.4336154597019144,0.13703688188540294,-0.04491655239859993,0.36494737919924725,0.5274113157845957,fezouata trophic species
-0.8215102974828375,0.2315789473684209,0.385526315789474,Inf,-0.8013582342954161,0.6279491833030852,Inf,0.15686274509803919,-0.05490345880536612,-0.17583618657988628,0.12338738994207495,-0.11401273939422267,-0.455810250295041,0.05800613971522726,-0.16155196727262466,0.4645069799679384,0.3973710469202005,fezouata trophic species
-0.391304347826087,0.06666666666666657,0.20000000000000018,Inf,-0.7096774193548387,0.4482758620689654,Inf,0.2867273213807866,-0.052412827523652145,0.04748325809187655,0.1123884295074473,-0.1626981603683536,-0.4086344347316679,-0.020034663479793945,-0.171319333900743,0.43320223600746743,0.282031080058407,fezouata trophic species
-0.5930434782608696,0.45600000000000007,0.17000000000000007,Inf,-0.6309677419354839,0.5062068965517242,Inf,0.10773744041070771,-0.12701100941183924,0.028211916017785194,-0.06203832437287117,-0.028579590366099302,-0.35065623631247617,-0.08777430540695337,-0.29398637833363145,0.2628989489153701,-0.061408208120605184,fezouata trophic species
-0.8260869565217391,-0.06666666666666672,0.5,Inf,-0.5806451612903226,0.48275862068965525,Inf,0.213954207920792,-0.24233351449485235,-0.12824187496454295,0.10059188465404321,-0.09079759566977473,-0.5091419688599222,-0.168623440596899,-0.35546930260818826,0.37766202748152194,0.27965471298430505,fezouata trophic species
-0.776887871853547,-0.11052631578947371,0.4881578947368423,Inf,-0.8013582342954161,0.486388384754991,Inf,0.12219906201146423,0.04430726525167379,-0.23751275842640523,0.29146841828327585,-0.11931808769034093,-0.359527933426921,-0.0026173328304290792,-0.10830743937033634,0.5050465628082954,0.07979991256401989,fezouata trophic species
-0.16318464144551104,0.08051948051948053,0.06363636363636366,Inf,-0.6405529953917051,0.5718763994626063,Inf,0.14668133480014664,-0.08641302706608091,0.09874104613375874,0.09491637626073841,-0.03836615243889091,-0.25066707006447236,-0.030435422377295348,-0.1763423069635696,0.270541026027095,0.022120672138998168,fezouata trophic species
-0.647656691134952,0.28311688311688304,0.2662337662337663,Inf,-0.8366149979053206,0.6068069861173309,Inf,0.39253925392539235,0.04828585241217188,-0.03680075044800075,0.06928382728989471,-0.0985183159869813,-0.3184419395147656,0.021585339942054013,-0.10036941444831717,0.3535484870716476,-0.3383048740082162,fezouata trophic species
-1.0,0.2,0.5,Inf,-0.6774193548387097,0.5862068965517241,Inf,-1.0,-1.0,-1.0,-0.014639683316483878,-0.036004559983701064,-0.4457847047042968,0.01297276279207628,-0.19823192896155428,0.24005138765050582,0.5947405470963476,fezouata trophic species
-0.16318464144551104,0.28311688311688304,-0.012337662337662137,Inf,-0.7059069962295769,0.6068069861173309,Inf,0.31630363036303627,0.1276288461509906,0.13528787344878088,0.06932630432972635,-0.06583281888871059,-0.23033382644391492,-0.0017785137489212865,-0.06576124576857756,0.4136161055515704,0.39172575630143963,fezouata trophic species
-0.691699604743083,0.08051948051948053,0.36753246753246765,Inf,-0.7712609970674488,0.7814599193909538,Inf,0.3920370760480302,-0.0387976442752159,-0.04766398538053222,0.15223880155738675,-0.1632635422029825,-0.39276803560082274,-0.22141005572952963,-0.3288562073445143,0.4378247920994424,-0.047550087979367876,fezouata trophic species
-0.691699604743083,0.35064935064935043,0.2662337662337663,Inf,-0.7712609970674488,0.5369458128078817,Inf,0.08774325708432902,-0.09373639569010608,-0.06388527639158657,0.014138922618776752,-0.06523376668680511,-0.32276599681716467,0.04111043202555609,-0.15630174432330415,0.288890994127512,0.5868938249744289,fezouata trophic species
-0.6036137775268211,0.14805194805194793,0.2915584415584417,Inf,-0.6405529953917051,0.6417375727720555,Inf,0.19906201146430436,0.1388849621684173,-0.04544583218795506,0.05925968541325784,-0.11710440551881006,-0.34717591795814245,0.0233209306569917,-0.14252846697285335,0.41508695656176986,1.0999755729950014,fezouata trophic species
-0.7357425183512141,0.14805194805194793,0.36753246753246765,Inf,-0.7712609970674488,0.67666815942678,Inf,0.37801472454937796,0.23006212263967607,-0.08677492443182414,0.13965619345766098,-0.09777817978742642,-0.37695876997199795,0.05647354311460473,-0.061257420768451434,0.4088658377585404,0.47636469383129737,fezouata trophic species
-1.0,0.01298701298701298,0.5701298701298704,Inf,-0.8692919983242563,0.9211822660098522,Inf,0.1293729372937293,-0.17246061811450425,-0.43235606327560955,0.2642313157295436,-0.061265965708167086,-0.4987296601311572,0.1621992010208277,-0.04656218163411638,0.3812922028856877,0.9997528288535044,fezouata trophic species
-0.911914172783738,0.01298701298701298,0.5194805194805197,Inf,-0.7712609970674488,0.6417375727720555,Inf,0.5128205128205128,-0.3053240468080811,-0.232067945271067,0.1816499523552123,-0.1330476291990749,-0.546110309329469,-0.05590242150250568,-0.14622759458420792,0.38774621571980483,0.3562051876261943,fezouata trophic species
-1.0,0.14805194805194793,0.5194805194805197,Inf,-0.5425219941348973,0.36229287953425865,Inf,-1.0,-1.0,-1.0,0.020820114933512074,-0.08192488625188049,-0.641875480050502,0.15761982038275404,-0.070937166915712,0.24948540122870347,0.8934007066669354,fezouata trophic species
-0.911914172783738,0.08051948051948053,0.4941558441558441,Inf,-0.7385839966485128,0.67666815942678,Inf,0.2851485148514852,0.10266875278951214,-0.2267609904045785,0.12631135669516666,-0.16476101614114622,-0.42802692870871123,-0.15708459827203844,-0.3143790295379529,0.5218529041078331,0.1805518430916073,fezouata trophic species
-0.8678712591756069,0.08051948051948053,0.46883116883116904,Inf,-0.8692919983242563,0.7814599193909538,Inf,0.18222536539368211,-0.05159235682511226,-0.21653391232039323,0.11199368426918342,-0.18209912820034085,-0.5093657734884764,-0.0060229835941313075,-0.2010709874411501,0.4041011052999283,0.496543497248562,fezouata trophic species
-0.8678712591756069,0.35064935064935043,0.36753246753246765,Inf,-0.6405529953917051,0.43215405284370784,Inf,0.23322332233223317,-0.10708494396314651,-0.30914803105990774,0.0027544845387772222,-0.10766910618263738,-0.2748372220403349,0.11913957585471772,-0.0136935320743211,0.24496721661774462,-0.015346000376203026,fezouata trophic species
-0.4500587544065805,-0.15675675675675677,0.31756756756756765,Inf,-0.6599825632083696,0.635601118359739,Inf,0.3254014477077959,0.08436433641157175,0.0017689009670827252,0.17998282985165787,-0.1732803865062795,-0.43606735622450177,0.028379204603116992,-0.17130463119373193,0.3694344163658242,0.07637210745826452,fezouata trophic species
-0.9130434782608695,0.39999999999999986,0.375,Inf,-0.7096774193548387,0.41379310344827586,Inf,0.29462135402729456,-0.1861239434338495,-0.2431027835866092,0.08875118631867523,-0.02462678307651211,-0.6264357581418142,-0.014431702031214811,-0.1941409209588277,0.29874701447308577,0.8883650037782662,fezouata trophic species
-0.9130434782608695,0.46666666666666656,0.3500000000000001,Inf,-0.7096774193548387,0.4482758620689654,Inf,0.37960817358331583,-0.017445262447978515,-0.192957006219775,0.017342513853618707,-0.12752281814815963,-0.43284750064037275,0.06807466912238466,-0.06339801964805807,0.433908192546666,0.3539966706293036,fezouata trophic species
-1.0,0.5333333333333333,0.375,Inf,-0.8387096774193549,0.5517241379310343,Inf,-1.0,-1.0,-1.0,0.08243232449605699,-0.04512565077489249,-0.35641873305446875,0.14160954311281607,-0.03016937648207787,0.47554020823523246,0.8998185634542812,fezouata trophic species
-0.782608695652174,0.06666666666666657,0.42500000000000027,Inf,-0.7741935483870968,0.6551724137931035,Inf,0.1488448844884487,-0.15001987304630687,-0.1417700215971239,0.18645649694337466,-0.08460772221038958,-0.22501284119382078,0.015530663776819683,-0.15531387504720906,0.2715904438707668,0.1912501303488483,fezouata trophic species
-0.9565217391304347,0.13333333333333328,0.5000000000000002,Inf,-0.5806451612903226,0.41379310344827586,Inf,-0.4158415841584159,-1.0,-0.8547069791607571,0.12171531208944548,-0.15395918762673963,-0.4675168134331724,0.05069618428583897,-0.11593938056537746,0.526526875548713,0.7507943407848988,fezouata trophic species
-1.0,0.0,0.5750000000000002,Inf,-0.9354838709677419,0.7931034482758619,Inf,0.13180693069306923,-0.6514842038943786,-0.4188279166430286,0.1196670531363649,-0.0379263146502009,-0.3595692020714144,0.08445009643878708,-0.16024800225092012,0.21223636709101265,0.4750147326240882,fezouata trophic species
-0.9565217391304347,-0.06666666666666672,0.5750000000000002,Inf,-0.8709677419354839,0.8275862068965517,Inf,0.0014144271570012993,-0.21847157470973624,-0.3618269331596361,0.29316347520312985,-0.1320461568226949,-0.2856434316965624,-0.1656996476898467,-0.2677808542805527,0.3371719775181382,0.01230800460598779,fezouata trophic species
-0.35840188014101054,0.2648648648648649,0.1067567567567568,Inf,-0.7279860505666957,0.417520969245107,Inf,0.33621865180530025,0.16637497215819932,0.07280070163723935,0.006146749446968567,-0.15420797524148797,-0.26942626857445207,0.03726679661328598,-0.09774134051013773,0.39099683194577456,0.05049919272951786,fezouata trophic species
-0.9107551487414187,0.7789473684210526,0.2315789473684211,Inf,-0.702037351443124,0.3448275862068965,Inf,0.5004853426519122,-0.0239605434882632,-0.17583618657988628,-0.13678516056424717,0.010559698666964662,-0.5327570879840537,0.22455324861225617,0.02357004931139324,0.3507088139473451,0.5759793374475861,fezouata trophic species
-0.5217391304347826,-0.2666666666666667,0.40000000000000036,Inf,-0.7419354838709676,0.8275862068965517,Inf,0.18329525260218318,-0.021331410643925887,-0.08677492443182414,0.2522879936846174,-0.16308459041820828,-0.1260357977382206,-0.01972361869447968,-0.08664482458325119,0.3436522262334536,-0.06848977652416922,fezouata trophic species
-0.5983981693363846,0.16315789473684206,0.28289473684210525,Inf,-0.7351443123938879,0.6279491833030852,Inf,0.13038446701813036,-0.08591703001959272,-0.0894796525477291,0.056666623397837575,-0.10729218403863446,-0.42621505093811507,-0.009235808474632304,-0.15699832238890854,0.38156240458358015,1.1509570508557965,fezouata trophic species
-1.0,0.06666666666666657,0.5500000000000003,Inf,-0.7419354838709676,0.689655172413793,Inf,0.20267909143855542,-0.08179636066342136,-0.4061201762265837,0.09788688867339748,-0.11603400244390841,-0.448392167632703,-0.04135710899324587,-0.1713971009092611,0.4498120027906931,0.17632952538789745,fezouata trophic species
-0.8191304347826087,-0.029333333333333343,0.48200000000000015,Inf,-0.7651612903225806,0.6855172413793104,Inf,0.36693069306930676,-0.22305237341813974,-0.1799870850053712,0.1270813907010391,-0.10736397769715314,-0.2546809885019127,-0.04675429835754496,-0.1879628939476868,0.4312797592166328,0.40886929776598463,fezouata trophic species
-0.6956521739130435,0.06666666666666657,0.375,Inf,-0.8709677419354839,0.7241379310344829,Inf,0.16831683168316824,-0.16771317159823582,-0.030543165740643415,0.16954881700121177,-0.10117540103959667,-0.45354440893964315,0.1320645721871776,-0.12085925237685338,0.414734019816602,-0.027656974019490417,fezouata trophic species
-0.779785431959345,0.418181818181818,0.2915584415584417,Inf,-0.7385839966485128,0.6417375727720555,Inf,0.2183875530410184,-0.028846909771655,-0.10945795488939766,0.05525962151673981,-0.05142535119906539,-0.3713888717503304,-0.0966853800542509,-0.20225987149362915,0.33775416474666664,0.2766841455462865,fezouata trophic species
-1.0,0.06666666666666657,0.5500000000000003,Inf,-0.7096774193548387,0.379310344827586,Inf,0.24133663366336627,-0.5238367728195311,-0.4188279166430286,0.19338726981958898,-0.1863258822573396,-0.6957251174376786,-0.02986644578415059,-0.20966932563612034,0.4205010716396442,0.3237029246769714,fezouata trophic species
-1.0,0.0,0.5750000000000002,Inf,-0.7096774193548387,0.689655172413793,Inf,0.16831683168316824,-0.47309364315819,-0.43235606327560955,0.18330551573097592,-0.07879210603501015,-0.4880690945701657,0.07339449647305402,-0.09039242587199174,0.4220368555904281,0.5872490562712452,fezouata trophic species
-1.0,0.13333333333333328,0.5250000000000001,Inf,-0.7741935483870968,0.7586206896551724,Inf,-1.0,-1.0,-1.0,0.16686933038028837,-0.13180094487671265,-0.5604523339179018,0.15358998073396357,-0.07212435532782611,0.4170217524463782,0.42622964213869646,fezouata trophic species
-0.4347826086956522,-0.13333333333333344,0.30000000000000027,Inf,-0.8387096774193549,0.8965517241379312,Inf,0.2716679360243715,0.23310311425419986,0.020301032999171558,0.19598556809015244,-0.07263034630567983,-0.4271473411644785,-0.05774708191147016,-0.28646469809316866,0.4631612976871082,0.15036832798026822,fezouata trophic species
-0.9559570863918689,0.28311688311688304,0.4435064935064937,Inf,-0.7059069962295769,0.36229287953425865,Inf,-0.016154247003647846,-0.33424152068950225,-0.3828057792656481,0.11991718695142768,-0.15874385397273227,-0.3746633882297451,0.10069781903656264,-0.04436455060961867,0.6693416010570554,0.12094519580337673,fezouata trophic species
-0.5478260869565218,-0.029333333333333343,0.32600000000000023,Inf,-0.8993548387096775,0.6855172413793104,Inf,0.23010281797410506,0.16422399061692514,-0.02647287240003586,0.2260474627238701,-0.11305283456409435,-0.4040601455474802,-0.010909806526501455,-0.20356145012708834,0.37315067514680006,0.2916008124250477,fezouata trophic species
-0.8260869565217391,0.33333333333333315,0.3500000000000001,Inf,-0.7741935483870968,0.31034482758620685,Inf,0.3352192362093351,0.2669680215806426,-0.15623186028860497,0.13487582679216029,-0.09477628272410567,-0.49189125426098634,0.0258684197453527,-0.16569870175024887,0.41651257667811326,0.5411318361531068,fezouata trophic species
-0.5091533180778032,-0.17894736842105272,0.35986842105263184,Inf,-0.43718166383701185,0.30943738656987296,Inf,0.06400282885431392,-0.1574062344563195,-0.07124089148115047,0.03974368409267063,-0.09627642601472464,-0.34043802501639825,0.1022869292645547,-0.14691661639831788,0.17047337971721543,0.3670118005877939,fezouata trophic species
-0.647656691134952,-0.12207792207792212,0.4181818181818183,Inf,-0.8366149979053206,0.6417375727720555,Inf,0.1133372160745485,-0.02312429647793544,-0.06876022914889071,0.21824218246669808,-0.04318786662762412,-0.3835003183488093,-0.009869427212806656,-0.22276483927082538,0.43276349974132716,0.32639949060450013,fezouata trophic species
-0.8661327231121281,0.2315789473684209,0.411184210526316,Inf,-0.7351443123938879,0.486388384754991,Inf,0.31746366125974285,-0.059514373586171544,-0.192957006219775,0.13488104224507802,-0.09949899185058925,-0.3930863316930543,-0.024035721049238703,-0.16750426580762295,0.30592958333472986,0.1464188308251234,fezouata trophic species
-0.691699604743083,-0.05454545454545457,0.4181818181818183,Inf,-0.7385839966485128,0.7465293327362292,Inf,0.3036706109635354,-0.171667987122492,-0.0762920641064546,0.19262334403088752,-0.1472642434621298,-0.4223643235264996,-0.058790640289776895,-0.25732111453723416,0.35219107327677984,-0.13185394300160538,fezouata trophic species
-0.9565217391304347,0.06666666666666657,0.5250000000000004,Inf,-0.7096774193548387,0.6551724137931035,Inf,0.21004243281471008,-0.3507028682207466,-0.30152488112784787,0.14251750242023736,-0.19894271679476824,-0.47152982829911694,-0.15013188749985273,-0.3472909632281527,0.5380314297281806,0.07548990717769062,fezouata trophic species
-0.9095652173913044,-0.23733333333333337,0.6120000000000001,Inf,-0.7316129032258064,0.5779310344827586,Inf,0.18995232856619,-0.2785722780777286,-0.30914803105990774,0.2560136439778386,-0.12070815118693135,-0.43180580693277804,-0.10580199178523866,-0.22992222963511963,0.43266372947753323,0.054811057857486085,fezouata trophic species
-0.47148503670242803,-0.18961038961038967,0.3422077922077921,Inf,-0.673229995810641,0.67666815942678,Inf,0.41701793941770404,0.2829401425706969,-0.03260834028445743,0.23243835121430034,-0.17190766346761963,-0.3791785977573697,-0.04255517977634317,-0.1870673701093372,0.45907833830871203,0.14551085818894027,fezouata trophic species
-0.55957086391869,0.35064935064935043,0.19025974025974032,Inf,-0.8692919983242563,0.6417375727720555,Inf,0.48096499790824154,0.5545099896818404,0.038808357229510204,0.09979310391167552,-0.1543817537795702,-0.3503339166980421,0.07320894159630552,-0.10160847126596732,0.5166925596003171,0.4407871808979533,fezouata trophic species
-0.46453089244851264,0.09473684210526304,0.2315789473684211,Inf,-0.8675721561969439,0.7695099818511797,Inf,0.14782004516241085,-0.11190668662890677,-0.007228768779707761,0.0036903914735029347,-0.14571449120128632,-0.11184966221302078,-0.035934176664809234,-0.13278708590983693,0.266321820500386,-0.23016224139374208,fezouata trophic species
-1.0,0.26666666666666655,0.4750000000000001,Inf,-0.7741935483870968,0.7586206896551724,Inf,0.38073807380738073,0.18176333674073003,-0.35207570890215273,0.060856124343567054,-0.05435063553493289,-0.5453077794966179,0.034631035872416976,-0.1484626580697084,0.5177587064138868,0.2574886488016051,fezouata trophic species
-1.0,0.13333333333333328,0.5250000000000001,Inf,-0.7096774193548387,0.689655172413793,Inf,0.07095709570957084,-0.4654011726534392,-0.3941389998673624,-0.003474013698855655,-0.030163318901732794,-0.49984227094173395,-0.0066756833307215,-0.28370858635819285,0.2261812206063454,0.45042213935734543,fezouata trophic species
-0.8661327231121281,0.09473684210526304,0.46250000000000013,Inf,-0.8675721561969439,0.6987295825771324,Inf,0.4395332390381895,0.2856627078052386,-0.30152488112784787,0.13444740365076047,-0.06654464055453346,-0.34150515360745076,-0.07345718341069264,-0.2026805397628161,0.4276278429487091,-0.03941845617004819,fezouata trophic species
-0.9565217391304347,0.26666666666666655,0.4500000000000002,Inf,-0.7741935483870968,0.48275862068965525,Inf,0.27140361094933,-0.0011569056657137417,-0.2608271553873408,0.13624519970666135,-0.04182872077743037,-0.5425500538455584,-0.08364468423929491,-0.27615269812553467,0.39720368850314725,0.39770699103964935,fezouata trophic species
-0.7322654462242563,0.3684210526315788,0.2828947368421055,Inf,-0.6358234295415959,0.41560798548094363,Inf,0.24997338443521758,-0.18839246733312562,-0.04990586258656235,-0.06976081013210379,-0.119722135867046,-0.4182081269033239,0.018624948798455117,-0.04716459253147235,0.341683197401357,0.11921384963743052,fezouata trophic species
-0.6521739130434783,0.13333333333333328,0.3250000000000002,Inf,-0.7741935483870968,0.4482758620689654,Inf,0.373021917576373,0.3112813133804477,-0.001783955624369524,0.13509244427726122,-0.12389851738535664,-0.46340147826704775,0.08496427426621557,-0.10532419301480958,0.45895331251829435,0.11949239860043019,fezouata trophic species
-0.6521739130434783,0.0,0.3750000000000002,Inf,-0.8064516129032258,0.6206896551724137,Inf,0.5011512779184895,0.5500150349855271,-0.06630858107657626,0.130809762010856,-0.1935510230935809,-0.35686446337958877,-0.03699542730886301,-0.1596378417627572,0.5463297232250299,0.48782335054204884,fezouata trophic species
-0.5875440658049353,0.12432432432432433,0.29121621621621635,Inf,-0.7279860505666957,0.5629077353215283,Inf,0.21282413955681284,0.053474899052826624,-0.024466986081943056,0.15795361488553364,-0.09921891200339956,-0.3689767669934148,-0.08998594699760577,-0.30713063704317833,0.3347048054826084,0.02625202471499811,fezouata trophic species
-0.6876430205949656,0.2315789473684209,0.30855263157894763,Inf,-0.8013582342954161,0.5925589836660615,Inf,0.41040049950941043,-0.08936678325722819,-0.012818793939911723,0.08648289735140945,-0.12311643794660757,-0.39320428223656,-0.15141618352795444,-0.2559098692280667,0.3827388015113645,-0.4295007826931987,fezouata trophic species
-0.7357425183512141,-0.18961038961038967,0.4941558441558441,Inf,-0.673229995810641,0.67666815942678,Inf,0.3143564356435643,-0.1395655223391555,-0.12824187496454295,0.1649339903627262,-0.17159064959734552,-0.3767724340045496,0.006369175496286288,-0.14990634549789866,0.36056020254853893,-0.027332854581098034,fezouata trophic species
-0.47826086956521735,0.46666666666666656,0.10000000000000009,Inf,-0.6451612903225806,0.379310344827586,Inf,0.369027671997969,0.3201723008277915,0.10529200180662594,-0.01591994972703275,-0.038354108428145316,-0.41185202663687925,0.2240410266375172,-0.028434696174583544,0.35090320249364254,0.3997642600954832,fezouata trophic species
-0.8695652173913042,0.0,0.5000000000000002,Inf,-0.7096774193548387,0.6551724137931035,Inf,0.39890568004168836,0.35739070986705995,-0.23751275842640523,0.2119046116585225,-0.14953238494504298,-0.36021794611939784,-0.10141154788305747,-0.18087936810225852,0.5892879509266259,0.39165946582271044,fezouata trophic species
-0.18608695652173918,0.2479999999999999,0.014000000000000125,Inf,-0.6309677419354839,0.32689655172413795,Inf,0.24910469770381274,0.27492881630197946,0.09762903545871075,-0.00794687855023402,-0.11926339690740088,-0.20506180277162608,0.07018598413682653,-0.14105964553987557,0.3473742415017027,-0.0404487009986268,fezouata trophic species
-0.09565217391304351,-0.3066666666666667,0.1700000000000003,Inf,-0.8658064516129031,0.6855172413793104,Inf,0.3601936836019367,-0.012662553460698514,0.031294523347198094,0.2960417361539872,-0.1663033643357368,-0.14675833633091476,-0.12851557974926478,-0.18512446107003847,0.2883368263965851,-0.46250922585540927,fezouata trophic species
-0.24479166666666663,0.04423868312757197,0.037769274376417465,0.40972222222222227,-0.8561507936507937,1.0586419753086418,-0.4965277777777778,0.06640918356399522,0.09047219114642616,0.1050554202717176,0.35553055340382467,-0.38806429005309695,-0.5663740559694231,-0.374829321354609,-0.5141653051719132,0.218461533870813,-0.40990025931242186,burgess
-0.55,0.0,0.11224489795918374,0.0,-0.7959183673469387,1.0,-0.5,-0.0813618548425178,-0.005366647054854408,0.04896659444408129,0.2766138314678039,-0.36692698437151033,-0.51421123936693,-0.37541587941760834,-0.5407924746185496,0.17919826951081716,-0.5011790149752603,burgess
-0.55,0.14814814814814814,0.07142857142857158,0.4,-0.7346938775510203,1.0222222222222224,-1.0,-0.004949782727560446,0.357253183031795,0.06708062432957125,0.12486369696431393,-0.3329457648720906,-0.5885101890313681,-0.29955897759160627,-0.482719190022075,0.1216952610924651,-0.3103268713631672,burgess
-0.2902097902097902,0.16420616420616407,0.013986013986014121,0.013986013986014074,-0.6895961181675467,0.9603729603729605,0.013986013986014,-0.23727750333254924,-0.11097128564518614,0.08649777326881013,0.11689010762071711,-0.30515611973937035,-0.47953972085519125,-0.3124321921325898,-0.5473260657885772,0.0032522169909428808,-0.6305590021468594,burgess
-0.7,-0.18518518518518526,0.1938775510204084,-0.2,-0.8163265306122449,1.2222222222222223,-0.25,0.07575757575757577,0.5162200756262578,-0.09655103730650651,0.4599863759156041,-0.3368426504157486,-0.5663770544222695,-0.33871368420113485,-0.49449127646982294,0.21784060238812875,-0.3868201623804529,burgess
-0.35,0.37037037037037035,-0.030612244897959086,1.0,-0.7346938775510203,0.9555555555555555,-0.5,0.0990283693866755,0.4809537007141081,0.15557861100163767,0.10650830351384656,-0.33962222842597833,-0.6007255944502102,-0.3475372936365646,-0.5164562713984169,0.28371682756075733,-0.17293753738597265,burgess
-1.0,0.17240479916536242,0.15658235125035955,0.021126760563380344,-0.7082494969818914,0.7926447574334899,-1.0,-0.11502849002849004,-0.3643322972912839,-0.30067456702631057,0.11191892754100805,-0.37444897971096075,-0.4873069948873626,-0.2445046931148397,-0.43344938413985845,0.1905001071466839,-0.4688664657718979,burgess
-0.3409090909090909,0.16420616420616407,0.024332810047095876,-0.1888111888111888,-0.7930640787783645,1.1181041181041178,-1.0,0.03772001717207192,0.12395691245289396,0.14547052112346465,0.13890389247271043,-0.35729447466211844,-0.5771769001058067,-0.3284935743551571,-0.503373074144523,0.19811801116790823,-0.49418901265125603,burgess
-0.8993055555555555,0.19341563786008217,0.13024376417233585,0.2083333333333333,-0.8767006802721088,1.0586419753086418,-1.0,-0.05261639438854628,-0.22410548512389278,-0.11832115978196796,0.22187587553829904,-0.352041696030954,-0.6040850633823813,-0.2952785282068665,-0.4785062852074216,0.18914816729463457,-0.5690190240572927,burgess
-0.25,0.03703703703703696,0.0408163265306125,0.0,-0.7755102040816327,1.0444444444444445,0.0,0.010741386145916906,0.15433244720892192,0.15688889266301814,0.3276019378947123,-0.32154566074288465,-0.6466664085643802,-0.2213793962878901,-0.4305806228274196,0.20305674907675764,-0.320155217482485,burgess
-0.9,0.2222222222222222,0.12244897959183683,-0.4,-0.7959183673469387,0.8666666666666668,-1.0,-0.06690561529271201,-0.16796371996757983,-0.16721581744567088,0.31974281801729715,-0.32589462240350814,-0.6112173481877506,-0.2903527158515556,-0.46166075854551797,0.1771091278123292,-0.5372041502029876,burgess
-0.3409090909090909,-0.1737891737891738,0.11745397459683184,1.0279720279720281,-0.8344512630226916,1.0505050505050504,0.013986013986014,-0.002623339257002651,0.2349908307986297,0.07111641219589582,0.23806067849745377,-0.3736449615172474,-0.5358706815774281,-0.24136208299182238,-0.42525578809513676,0.2175205105013168,-0.2972734453690658,burgess
-0.14409722222222224,0.23070987654320976,-0.03415532879818579,-0.19444444444444448,-0.5684523809523809,0.7901234567901235,-1.0,-0.048174886362588584,-0.031537902770296965,0.15688889266301814,0.06271079943982556,-0.3643040659793051,-0.48507207463255264,-0.3438090812079379,-0.4995767884640739,0.086436428419659,-0.6505890725219416,burgess
-0.49652777777777773,0.4171810699588477,-0.013605442176870503,-0.19444444444444448,-0.7739512471655329,0.8124999999999999,-1.0,0.06945763427244911,0.24037968854133804,0.08463801202254398,0.1607609435108468,-0.38710314005091484,-0.5120854603618717,-0.23240811927939403,-0.3978031558837001,0.2849289232163881,-0.3901409766635455,burgess
-1.0,0.44444444444444425,0.08163265306122466,0.2,-0.6938775510204083,0.7999999999999999,-0.5,-1.0,-1.0,-1.0,0.005603413908927555,-0.29500776567606196,-0.5973468785774686,-0.12050208544344451,-0.36965312974075226,0.05167076656486266,-0.3091402960086107,burgess
0.6848591549295775,0.1345852895148669,-0.17684679505605058,-0.18309859154929575,-0.49985628054038517,0.8834115805946792,-1.0,-0.08858106559255989,0.1384674288261042,0.2626888539794003,-0.010026940088931261,-0.3358924435612688,-0.41619652421666925,-0.3343533363606469,-0.4847702305671243,0.1104074180255472,-0.5333777367516098,burgess
-0.1381118881118881,-0.06112406112406123,0.04502640216925955,0.21678321678321685,-0.7309833024118738,0.9153069153069151,-1.0,-0.010276760276760215,0.250387286467256,0.0919763722494398,0.20626678618585598,-0.3792542804978232,-0.47865212864551626,-0.3085166801711276,-0.4867772438364948,0.10419551129157988,-0.4861008257216622,burgess
-0.7972027972027972,-0.1737891737891738,0.2105751391465678,0.6223776223776224,-0.7309833024118738,1.1406371406371407,-0.23951048951048948,0.11137308838458265,-0.008126077184325921,-0.09885715002811443,0.244312934435281,-0.3774718397458623,-0.6060307347878278,-0.3471699420703384,-0.5203706251309962,0.22177136767071845,-0.36158580244648675,burgess
-0.75,0.44444444444444425,0.030612244897959412,0.6,-0.6938775510204083,0.688888888888889,-1.0,0.16138535186154235,0.02716489637431341,0.006982795964277605,0.007886810241044106,-0.3441470989532594,-0.5403624180850037,-0.303580620971924,-0.4897562615693737,0.2325134077005679,-0.5972941286249834,burgess
-0.04340277777777774,0.08153292181069956,-0.013605442176870503,-0.19444444444444448,-0.6506519274376418,0.9243827160493826,-1.0,-0.1700698967579997,0.026206455151170756,0.15819072083549102,0.15332021709979435,-0.3442032044057126,-0.4353658171730094,-0.2826207759154621,-0.47594159584978046,0.13839217357400355,-0.3606594435813561,burgess
0.05729166666666675,0.6409465020576132,-0.18827947845804988,-0.7986111111111112,-0.5479024943310657,0.4992283950617284,-1.0,0.045584045584045524,0.23148234896324624,0.2797301731894758,-0.07278179295607376,-0.3257929607048628,-0.5622915117058304,-0.10810776386058511,-0.35526422282722797,0.13564668448827966,-0.44141687075438274,burgess
-0.8489583333333334,0.3425925925925925,0.07886904761904771,0.006944444444444503,-0.5479024943310657,0.655864197530864,-0.4965277777777778,-0.2521799188465856,-0.0383321933954972,-0.29446537967794334,0.062279832192190146,-0.29150305079937855,-0.7050621618989846,-0.07590963118378188,-0.34938004133404454,0.050907267074858424,-0.13998186492041395,burgess
-0.9499999999999998,0.48148148148148134,0.0612244897959185,-0.2,-0.7346938775510203,0.8444444444444444,-1.0,-0.0379403794037941,-0.16117977959759017,-0.1108004383435423,-0.057230658120086375,-0.3053503308109676,-0.5757073135951969,-0.3150773017161866,-0.5096718867916601,0.13610499080269253,-0.5799202782164966,burgess
-0.9496527777777778,0.3425925925925925,0.099418934240363,-0.19444444444444448,-0.7123015873015873,0.8348765432098764,-1.0,-0.15295584045584046,-0.4248648369466046,-0.16080948043157275,0.061597759606064784,-0.34664926048866157,-0.5300197949903014,-0.35018999875271783,-0.5313326285156043,0.25985884746740145,-0.42289479401235364,burgess
-0.55,0.11111111111111102,0.08163265306122466,0.2,-0.6938775510204083,0.8888888888888886,-0.5,0.08118825077889405,0.29990636376841995,0.03749858434151018,0.09015855585567548,-0.3528409091814534,-0.5500808689414514,-0.27204351621293843,-0.49351424301037494,0.18905656132275853,-0.3812736984715767,burgess
-0.546875,-0.06764403292181079,0.13024376417233569,0.006944444444444503,-0.7328514739229025,1.0586419753086418,-1.0,-0.06216006216006211,-0.003366180532656865,0.016369728779768132,0.38941397630129154,-0.3335551520025566,-0.4996756847092605,-0.25991394506563226,-0.44348346226460517,0.1077861328929996,-0.2890823643958149,burgess
-0.2951388888888889,0.11882716049382715,0.02749433106575974,0.2083333333333333,-0.691751700680272,1.103395061728395,-0.4965277777777778,-0.04992207431231831,-0.05170705644389161,0.14198541433747025,0.17002293176608396,-0.3549002680353749,-0.638708212951371,-0.3817589823311279,-0.5458188165523579,0.16866948823627262,-0.3920508733031287,burgess
-1.0,0.2222222222222222,0.142857142857143,0.8,-0.7142857142857143,0.8666666666666668,-0.5,-0.09569297804591921,-0.4188210434984682,-0.28844156916101005,0.13566567811668456,-0.3319772983749095,-0.6825182745355625,-0.2563059332537367,-0.47635216822351,0.1813314903251657,-0.16090388001438197,burgess
-0.1888111888111888,-0.0235690235690236,0.045026402169259384,0.013986013986014074,-0.7516768945340374,1.0054390054390054,-1.0,-0.04303792675885702,0.062276675764650895,0.15159592907813355,0.13934197191046419,-0.35041056458921876,-0.5074399717015824,-0.30418180346190404,-0.49070742589797944,0.11853913349394866,-0.6318224225847117,burgess
-0.5404929577464789,0.17240479916536242,0.06280540385168157,0.021126760563380344,-0.7707674619143432,1.0876369327073552,-1.0,0.035086368419701766,0.2002538378474206,0.09016665010245656,0.1648836373492118,-0.32731866871780624,-0.5548536495783168,-0.22876237238918143,-0.44782185341361697,0.198459319316268,-0.4037799681887072,burgess
-0.65,0.1851851851851851,0.08163265306122466,-0.2,-0.5510204081632654,0.7333333333333332,-1.0,-0.10530352838045141,-0.11906468038943989,0.01897341221866388,0.16203772358352875,-0.33870539254487403,-0.575535732272295,-0.25151181392786187,-0.45233269136035226,0.07515545707955114,-0.43958810085878747,burgess
-0.15,0.33333333333333326,-0.06122448979591833,-0.8,-0.7551020408163266,0.9333333333333332,-1.0,-0.07653432409767692,-0.1111440136598302,0.25917950175428706,0.11882718025966663,-0.2647105409220504,-0.6283621548041411,-0.24000825665601513,-0.46649076129181855,0.10045211242016404,-0.49863056994945126,burgess
-0.645104895104895,0.1266511266511266,0.09676038247466832,0.013986013986014074,-0.7102897102897102,1.027972027972028,-1.0,0.03754094230284703,-0.13370525675776715,0.006982795964277605,0.13820645479654292,-0.38247462142163596,-0.44172536916101585,-0.3549615778248151,-0.47703419201106345,0.16572059399391498,-0.6503872542699229,burgess
-0.3,0.37037037037037035,-0.040816326530612165,-0.6,-0.6530612244897959,0.7999999999999999,-0.5,-0.040540540540540605,0.2203424306349342,0.14821590587915548,0.08703172760558879,-0.3156378475738801,-0.5111385544569275,-0.2444872826951891,-0.44388647429152644,0.18292463324699895,-0.39349106445247656,burgess
-0.2395104895104895,0.05154105154105149,0.03467960610817763,-0.7972027972027972,-0.6895961181675467,1.0054390054390054,-1.0,-0.01981991488164334,-0.10164256128726286,0.16645384284058296,0.1511052967760453,-0.3819329911969848,-0.5252382511952907,-0.28187793741810696,-0.46273384163935344,0.16705814468044583,-0.5229965565739956,burgess
-0.25,0.40740740740740744,-0.06122448979591833,0.2,-0.6938775510204083,0.7111111111111109,-1.0,-0.020900667959491567,0.49547044319776273,0.1860252009327793,0.14051722747378637,-0.3259674143135733,-0.6044326721811867,-0.25029313610753434,-0.4783806285168049,0.2794367752957657,-0.49331202285124626,burgess
-0.49300699300699297,0.3144263144263144,0.013986013986014121,0.41958041958041964,-0.6482089339232197,0.8477078477078477,-1.0,-0.029885458456887,0.017344608069129724,0.1468478825590155,0.0675708142040631,-0.30371194466355805,-0.6032919242764074,-0.25649325386058935,-0.48883533343778307,0.10958728238603616,-0.31314702973936065,burgess
-0.8,0.07407407407407407,0.142857142857143,0.0,-0.7142857142857143,1.111111111111111,-0.5,-0.16789691789691796,-0.3413313188762241,-0.09655103730650651,0.06623182287390034,-0.32459475450948827,-0.5225059040049541,-0.30295415402543974,-0.5258261805803933,0.048179717763434826,-0.5081881051692164,burgess
-1.0,0.40740740740740744,0.09183673469387758,-0.2,-0.7959183673469387,0.8888888888888886,-0.5,-0.020542810016494252,0.20042318583243954,-0.2659981638893055,0.11812256965968264,-0.31770770708827517,-0.6069780638886274,-0.3052018013904519,-0.4942662763482585,0.27427618712393076,-0.47704340135332457,burgess
-1.0,0.1851851851851851,0.1530612244897961,0.2,-0.7959183673469387,1.0,-0.5,-1.0,-1.0,-1.0,0.23127432130308379,-0.34121840194693465,-0.6059748234248375,-0.24204938811523008,-0.4352912915004967,0.17126494640419224,-0.26542993627143047,burgess
-0.8479020979020979,0.08909608909608897,0.14849436278007727,0.013986013986014074,-0.8344512630226916,1.0730380730380729,-1.0,-0.00742065858344933,-0.18071664789665562,-0.1011899236028791,0.12668599342890677,-0.3374987420804378,-0.6028132674585345,-0.26015174789496065,-0.4547839394631958,0.12451994036012154,-0.33650897517399725,burgess
-0.4423076923076923,-0.06112406112406123,0.10710717853575025,0.21678321678321685,-0.8551448551448552,0.9603729603729605,-1.0,0.002095818187772117,0.08320303652445263,0.04100793656662358,0.26249954912226664,-0.3449639664556009,-0.4751436472625377,-0.39904134748400333,-0.5442199590234962,0.18208822060225938,-0.616881865094901,burgess
-1.0,0.33333333333333326,0.11224489795918374,0.0,-0.7755102040816327,0.9555555555555555,-1.0,-0.20212092434314655,-0.39754275701806335,-0.2769079919849706,0.04368523725600101,-0.33814459346994913,-0.5673219036245077,-0.2898806144681375,-0.49062251721423683,0.11601028989695787,-0.49015301843488096,burgess
-0.08741258741258731,0.05154105154105149,0.0036392179249323665,-0.39160839160839156,-0.7723704866562009,1.0730380730380729,-1.0,-0.08849495269248366,0.09161266779965715,0.16645384284058296,0.2158132250782702,-0.3168104479746732,-0.4552733760526103,-0.26763571139972736,-0.47045400549786315,0.11605528978121402,-0.6256752925936289,burgess
-0.5944055944055945,0.08909608909608897,0.09676038247466832,0.21678321678321685,-0.7516768945340374,1.0505050505050504,-0.493006993006993,-0.0003303191708989483,0.18946764827912027,-0.005765611291909336,0.23233870677603521,-0.3631984633447987,-0.5427250733961101,-0.30776084151947924,-0.5041721614345662,0.22944143609524523,-0.3198342321084162,burgess
0.021126760563380344,0.1345852895148669,-0.041391204369071406,0.021126760563380344,-0.7082494969818914,0.9287949921752737,-1.0,-0.053465254552211176,0.0790728722112892,0.1921487310795275,0.17476860573908592,-0.343348503887026,-0.49056499351538563,-0.29621547239379487,-0.4623307368223209,0.1740157247534648,-0.4230262226958793,burgess
-0.3,0.03703703703703696,0.05102040816326558,0.2,-0.6326530612244898,0.7333333333333332,0.0,-0.1009813232035454,0.29947234631001596,0.03749858434151018,0.18428102495176532,-0.3499169770744374,-0.5641613027850112,-0.28862674837448965,-0.47074122918346156,0.12196689077932647,-0.3499762850495432,burgess
-0.39583333333333337,0.2680041152263373,0.006944444444444619,-0.19444444444444448,-0.691751700680272,0.8796296296296297,-1.0,-0.06910975807296887,0.0860342994470978,0.15025070631698725,0.0406686285645358,-0.3097850773171825,-0.5132033710460103,-0.3018990325622251,-0.5243050037432532,0.1502268944212795,-0.455269139424393,burgess
-0.4,0.0,0.08163265306122466,1.0,-0.6938775510204083,1.0,0.5,-0.08751584522509626,-0.03637042165929334,0.09466088191285851,0.31250997730512764,-0.35581088900627345,-0.5489679414371731,-0.2879183585294104,-0.4831775094876805,0.1716519096461237,-0.29508388824752196,burgess
0.12323943661971824,0.36150234741784026,-0.12474849094567395,-0.3873239436619718,-0.729088818626042,0.9061032863849764,-1.0,-0.026257692924359522,0.15835768422223703,0.238050646192545,0.10240560042461784,-0.3210934458888911,-0.5692904032821096,-0.2813830795840745,-0.48885156031715443,0.1637045659063344,-0.5124924185484039,burgess
0.21678321678321685,-0.0986790986790987,-0.017054374197231142,-0.39160839160839156,-0.5033537890680748,0.8927738927738926,-1.0,-0.11048199376275084,-0.0440886016248027,0.16204655790888883,0.10482049655988822,-0.3257956591062496,-0.503964601245832,-0.36123603910136876,-0.5386834035033673,0.022987373990679294,-0.5292022489585223,burgess
-0.9,0.11111111111111102,0.1530612244897961,0.2,-0.7346938775510203,1.0,-0.5,0.152991452991453,0.3109351862769036,-0.17383223533957173,0.28589278016773545,-0.3129084842120339,-0.5529125598738953,-0.2684978325530344,-0.4744411667106022,0.17813895714514452,-0.139566253789025,burgess
-0.5972222222222222,0.3425925925925925,0.02749433106575974,0.40972222222222227,-0.7945011337868482,0.9691358024691359,-0.4965277777777778,0.006867372539014234,0.04806121816921455,0.12816426310425558,0.11034366005322156,-0.3583177501800309,-0.6027460619564657,-0.29464098740197997,-0.48775342539794336,0.18391349794522563,-0.5045534070498675,burgess
-0.5972222222222222,0.3052983539094649,0.037769274376417306,0.40972222222222227,-0.7739512471655329,0.9691358024691359,-0.4965277777777778,-0.048506413313280275,0.04534391161142016,0.09992507611920871,0.1454585417284707,-0.34028353622444146,-0.6183302628461316,-0.2900553800729258,-0.467332939701359,0.1860179567193948,-0.3607616055417229,burgess
-0.2,0.2592592592592592,-0.030612244897959086,0.2,-0.673469387755102,0.8444444444444444,-1.0,0.027578347578347578,0.14913402892797856,0.18202937398683972,0.07323839145797656,-0.35880786278303944,-0.5527201176505897,-0.36093078680452917,-0.50575577127633,0.26046278148284047,-0.3070352202308278,burgess
-0.55,0.1851851851851851,0.0612244897959185,-0.2,-0.5918367346938775,0.8666666666666668,-0.5,-0.08323245662301455,-0.06422322503949404,0.09992507611920871,0.07556583990409099,-0.3447532499212033,-0.6244849511843602,-0.2957266906096305,-0.5160177729580592,0.11069542409947418,-0.4290053071940228,burgess
-1.0,0.23070987654320976,0.14051870748299342,0.2083333333333333,-0.5273526077097506,0.655864197530864,-1.0,0.07882241215574541,0.20100778199797373,-0.29446537967794334,0.07731541662701835,-0.3685060393658362,-0.5254115128054133,-0.32192315582607395,-0.499500413300496,0.09235453017314434,-0.5049422999520138,burgess
-0.6,0.11111111111111102,0.09183673469387775,0.4,-0.7142857142857143,0.9555555555555555,-1.0,-0.010231324696733468,0.04829259261172899,0.022817007798028963,0.23372553218974407,-0.3700055245120216,-0.569893119738795,-0.30589121003591946,-0.4973214218371215,0.16297612282036567,-0.3811607929512782,burgess
-1.0,0.1851851851851851,0.1530612244897961,0.8,-0.6122448979591837,0.911111111111111,-0.25,-1.0,-1.0,-1.0,0.1296366587230646,-0.3630959153187645,-0.6436075670129622,-0.23617276647576782,-0.44774048572430325,0.08673456903497521,-0.09209336997111793,burgess
-0.8,-0.03703703703703711,0.1734693877551021,-0.2,-0.6530612244897959,1.0666666666666664,-1.0,0.11993607115558325,0.24218554049250504,-0.1108004383435423,0.20461466737231035,-0.37768242681594805,-0.47465342837386326,-0.374965716073759,-0.5003175759994481,0.2297403077397226,-0.5862466252887019,burgess
-0.6,0.1851851851851851,0.07142857142857158,-0.4,-0.7551020408163266,0.9777777777777777,-0.5,-0.17235379830799685,0.18223933168563367,-0.016269682832543198,0.17850950765498322,-0.31824597504863744,-0.6208522666080403,-0.17072288771310823,-0.41435880808011943,0.16163929776102187,-0.2534970964678352,burgess
-0.23415492957746478,0.17240479916536242,0.0002874389192297823,0.6338028169014085,-0.5832135671169877,0.8834115805946792,-1.0,-0.06899700489444088,-0.05733393513865429,0.15883849881340179,0.06837128090013414,-0.3157876894482355,-0.5482004160931575,-0.34617256816914094,-0.5179126743031179,0.08524427196076179,-0.3967933512339668,burgess
-0.8,0.1851851851851851,0.11224489795918374,-0.2,-0.6122448979591837,0.9777777777777777,-1.0,-0.1023860398860399,-0.32376463686865325,-0.02094439383683484,0.029531451333696227,-0.33455756218258065,-0.6387083328553393,-0.3151142666336283,-0.513203194838462,0.08629591466399969,-0.6789841764031782,burgess
-0.19444444444444448,0.4544753086419751,-0.08553004535147377,0.2083333333333333,-0.6301020408163266,0.655864197530864,-0.4965277777777778,-0.06419475521771968,-0.0656616641014551,0.24534220538320542,0.018194511831504688,-0.30734270883770776,-0.5994881445247525,-0.23129889175756904,-0.45657480656805854,0.14848648387878297,-0.4514871681520906,burgess
-0.65,0.44444444444444425,0.010204081632653248,0.0,-0.6122448979591837,0.688888888888889,-1.0,-0.17261281132248885,-0.07267214395038549,0.017675770017766865,0.03716844453101778,-0.32648560663944953,-0.5128533595105881,-0.13133333871863323,-0.36440214560986095,0.0930015172636624,-0.4907765636744848,burgess
0.06468531468531467,0.6148666148666146,-0.18260311117453956,-0.1888111888111888,-0.4619666048237477,0.5547785547785546,-1.0,-0.012756729174639707,0.08251393057509282,0.2680293496989935,-0.0745793016095366,-0.3021177124586512,-0.5682755964219057,-0.24827860563721776,-0.460047111901014,0.15925139784521428,-0.5666470413164245,burgess
-0.5,0.2962962962962963,0.020408163265306166,-0.6,-0.8367346938775511,1.0444444444444445,-1.0,0.11090432864626416,0.24756517464728828,0.11251435574380493,0.13857119314541638,-0.38802340512143,-0.5612854018789826,-0.343922572006353,-0.49864310904317455,0.22943306135325262,-0.630845659904436,burgess
-0.3409090909090909,-0.06112406112406123,0.08641358641358657,-0.1888111888111888,-0.6895961181675467,0.9603729603729605,-0.493006993006993,0.02150997150997146,0.24713319349864438,0.06910860790056506,0.1786789955856249,-0.35943778529704307,-0.5806070130992215,-0.3271745314492052,-0.5173606190012531,0.16855677340325992,-0.6595347614088674,burgess
-0.24479166666666663,0.2680041152263373,-0.023880385487528064,0.006944444444444503,-0.8767006802721088,1.0586419753086418,-1.0,-0.004694379694379628,0.14699464343185065,0.1831791358829693,0.16742470996978642,-0.34309753817053873,-0.5750533278575568,-0.3402823639345893,-0.5418854111986092,0.17508324974005912,-0.5709591001680513,burgess
-0.5,0.0,0.10204081632653067,0.0,-0.7346938775510203,0.9333333333333332,-0.5,-0.11603097506181204,-0.13770801675009078,0.09466088191285851,0.28869931349126193,-0.34871189885777776,-0.5272881287912228,-0.2423669519390583,-0.41106034229936117,0.14977833207182825,-0.26798411840833686,burgess
-0.3409090909090909,0.1266511266511266,0.03467960610817763,0.41958041958041964,-0.8344512630226916,0.9603729603729605,-1.0,-0.01397951577163052,0.13527687557018447,0.13628093078514478,0.2365438494975075,-0.3884197573704141,-0.610534558164647,-0.32100527336703144,-0.4929791765111934,0.192325112341578,-0.2983259072378245,burgess
-0.14409722222222224,0.08153292181069956,0.006944444444444619,0.40972222222222227,-0.7739512471655329,1.0586419753086418,-1.0,0.04510921177587849,0.16994403302501274,0.17379220306747878,0.17585120476668903,-0.3707616189215463,-0.5640431256143689,-0.3502385359652128,-0.5250583071043671,0.15110916876405042,-0.2664913155910191,burgess
-0.1888111888111888,-0.13623413623413633,0.07606679035250481,-0.1888111888111888,-0.7309833024118738,1.0955710955710953,-1.0,-0.013991256906236626,0.12466245019036466,0.11169907113236799,0.26341095130022557,-0.3690041209910164,-0.3824882631042763,-0.38844100542320603,-0.49259031921099256,0.17475814183161373,-0.6177511751684234,burgess
-0.1773049645390071,0.06645652744943524,0.017875235200463295,0.028368794326241224,-0.7271674627297728,1.0795902285263987,-1.0,-0.07798317100642681,-0.05193153924141166,0.17854024958659662,0.20076669166725294,-0.3531362227200889,-0.5537210968629172,-0.3859191136980035,-0.5699493467017692,0.2571905975085519,-0.493659417056217,burgess
-0.2951388888888889,0.23070987654320976,-0.0033304988662129424,0.611111111111111,-0.6095521541950113,0.611111111111111,-1.0,0.23083829750496418,0.3506489506488914,0.17015638097497024,0.0824460406078446,-0.37629201093473935,-0.5614141270715292,-0.21040047958401067,-0.37951482071410303,0.2427621051574148,-0.30437455363166743,burgess
-0.0499999999999999,0.14814814814814814,-0.030612244897959086,-0.4,-0.6530612244897959,1.0222222222222224,-1.0,0.01686301686301688,0.3400008465437829,0.17198248092049534,0.10515580270280586,-0.3832295608711063,-0.504229294454228,-0.3067952095571426,-0.49541768954070226,0.2597995482345944,-0.5246515427639372,burgess
-0.45,-0.11111111111111117,0.12244897959183683,-0.2,-0.7346938775510203,1.2222222222222223,-1.0,-0.0418353576248314,0.002598915514247095,0.03749858434151018,0.2003314808623414,-0.34547566461837903,-0.50947040339755,-0.2964015894802177,-0.46383130360756003,0.07524787030026336,-0.5196173405059903,burgess
-0.14409722222222224,-0.030349794238683205,0.037769274376417306,-0.19444444444444448,-0.8561507936507937,0.9691358024691359,-1.0,0.11526911526911518,0.40537471899319555,0.12127158537069223,0.1796443249083188,-0.36363357196834734,-0.5672022534332365,-0.31296799321897023,-0.4784510093630801,0.2491625498995274,-0.6518533484434902,burgess
-0.39160839160839156,-0.0235690235690236,0.0864135864135864,0.21678321678321685,-0.8551448551448552,1.1631701631701632,-1.0,0.09784728871865805,0.21747141653468527,0.10673695222638153,0.3427695936243647,-0.36370577482642036,-0.5667028820589538,-0.3275133320661208,-0.4973105016007661,0.20396032063365135,-0.4358543631935105,burgess
-0.24479166666666663,0.11882716049382715,0.01721938775510218,-0.39583333333333337,-0.5479024943310657,0.7006172839506173,-1.0,-0.08658297720797722,0.01780634041624612,0.11892069275790307,0.09057997300032626,-0.3207480625011383,-0.5088194974616236,-0.09281720293234966,-0.3467089930688577,0.1089133865170508,-0.34678449753836693,burgess
-0.23415492957746478,-0.01669274908711531,0.05238574302960643,0.22535211267605634,-0.6457315320494394,0.9968701095461656,0.02112676056338032,0.012110778895231182,-0.04638532321289288,0.1391533304182269,0.1558500775756341,-0.3582026919437672,-0.5439551686297323,-0.36594077534864766,-0.5223686527404372,0.19464024552774062,-0.4801788759308143,burgess
-1.0,0.11111111111111102,0.17346938775510223,0.6,-0.7959183673469387,1.1777777777777778,-0.5,-0.17783291976840365,-0.45072032645229265,-0.3070809040404088,0.1391192601233449,-0.3745350941338667,-0.6268354558524707,-0.3057630511648768,-0.4918596174996685,0.16859244573369253,-0.23874341544886388,burgess
-0.39583333333333337,0.08153292181069956,0.058319160997732426,0.611111111111111,-0.7534013605442178,1.0138888888888888,-0.24479166666666669,-0.12246522540640195,-0.10846878350852614,0.1311536906232036,0.11051926533685177,-0.3467745587865405,-0.5291876503777284,-0.31445946939722175,-0.506585586858794,0.09451975782966382,-0.5396109426412343,burgess
-0.24479166666666663,0.19341563786008217,-0.0033304988662129424,0.2083333333333333,-0.8356009070294784,1.0138888888888888,-1.0,-0.014300695082453976,0.19419988172744423,0.15557861100163767,0.23244814535920405,-0.3353063057954006,-0.5279188603861693,-0.3280722129468616,-0.4886470391630219,0.2245192325546562,-0.47795948506231717,burgess
-0.75,0.2592592592592592,0.08163265306122466,0.2,-0.7755102040816327,0.911111111111111,0.0,-0.01137714382747504,0.041323057230210604,0.01240010567346317,0.18299367623897617,-0.4046242434468748,-0.6157414162802081,-0.30925611040858336,-0.4826647146030106,0.34277620265736614,-0.3329350239770949,burgess
0.06468531468531467,-0.13623413623413633,0.024332810047095876,-0.1888111888111888,-0.6895961181675467,1.0054390054390054,-1.0,-0.052049494853922906,0.11757896743350683,0.13041047554053706,0.26500310244988706,-0.34628290095537173,-0.48196805596888487,-0.32522281155449145,-0.49846034727402017,0.14707373857082676,-0.4575195698837228,burgess
-0.9496527777777778,0.2680041152263373,0.11996882086167812,0.40972222222222227,-0.7534013605442178,0.8796296296296297,-1.0,-0.1724941724941725,-0.1789623066045968,-0.23641612390124442,0.18565725091809934,-0.3789775359925051,-0.6208586109824579,-0.2379037168641684,-0.44675113945994693,0.15741747377167192,-0.19470634453012897,burgess
0.6500000000000001,-0.11111111111111117,-0.1020408163265305,0.0,-0.5306122448979591,0.7777777777777777,-0.5,0.005120045692838022,0.2813123296520783,0.2183376961593596,0.1685452330378143,-0.388081136415703,-0.49739397358264537,-0.32647090747670626,-0.5245649589794317,0.18914559305000453,-0.5065867990342985,burgess
-1.0,-0.03703703703703711,0.2142857142857144,-0.2,-0.7551020408163266,1.1555555555555554,-1.0,-0.2658014139495621,-0.4656787722838786,-0.3349572477616695,0.20254683314384164,-0.31958747641582685,-0.6198855989048707,-0.26887515924531186,-0.4737432572203726,0.08587710629906392,-0.31499770724417203,burgess
-0.4461805555555555,0.11882716049382715,0.05831916099773259,0.2083333333333333,-0.7739512471655329,0.8348765432098764,-1.0,0.027128838239949278,0.23039390420019373,0.04784868207320506,0.15891347258669206,-0.3830447288477402,-0.4070795788708891,-0.3226293736340826,-0.44596907932047697,0.2028950954890456,-0.5171371359431357,burgess
-0.8,0.1851851851851851,0.11224489795918374,0.0,-0.7959183673469387,1.0222222222222224,-1.0,-0.07866991078669917,-0.09259545586133619,-0.007233128064498266,0.17550425580972706,-0.3232245420424897,-0.5840034098389764,-0.30560136299384166,-0.5325739725936575,0.1750946235898833,-0.4330268426393708,burgess
0.013986013986014074,-0.06112406112406123,0.013986013986014121,-0.39160839160839156,-0.7309833024118738,1.0730380730380729,-1.0,-0.016417378917378968,0.12220264223186858,0.16394719362660293,0.27709334647355754,-0.33346325106618263,-0.5852892129549763,-0.3565811490307628,-0.530245049817476,0.14404882470216934,-0.5721643784124703,burgess
-0.2395104895104895,0.013986013986013873,0.045026402169259384,-0.1888111888111888,-0.6068217496788926,0.9603729603729605,-1.0,-0.03194953194953199,0.11559060064835737,0.033927116472740874,0.12502078896129157,-0.3198235990646844,-0.4225471989481926,-0.36061844751285205,-0.5005374838615685,0.13429803615435237,-0.6995110709504858,burgess
-0.85,0.14814814814814814,0.13265306122448992,0.2,-0.5510204081632654,0.8888888888888886,-1.0,-0.08492741826075162,-0.24106995253931846,-0.10593797012199704,0.11275769108570222,-0.35227353416987506,-0.6131473719034798,-0.35821312182749476,-0.5333950431888187,0.22141875193693727,-0.38321373270780223,burgess
0.12323943661971824,0.2858633281168491,-0.10390916930152334,0.22535211267605634,-0.6040528887611383,0.7926447574334899,-0.4894366197183098,-0.04822898762292703,0.2182375437101952,0.18938832323133642,0.05766937160295338,-0.33581237042943857,-0.4879951202589168,-0.3335666188286928,-0.5051671833429905,0.07603651133939558,-0.49290944421004695,burgess
-0.7972027972027972,0.2393162393162393,0.09676038247466832,0.21678321678321685,-0.7516768945340374,1.027972027972028,-1.0,-0.007522187378302563,0.05590476829795652,-0.004308690400690493,0.131087342436098,-0.3249032841050466,-0.5296904848162125,-0.33481053198814903,-0.5249539901808475,0.14757365564463906,-0.39883395773882213,burgess
-0.5972222222222222,-0.030349794238683205,0.13024376417233569,-0.19444444444444448,-0.8150510204081632,1.2376543209876543,0.006944444444444402,-0.08974358974358976,0.04726542505130348,0.04784868207320506,0.3376001847595207,-0.3322045133994619,-0.5993098360485999,-0.30511512052164147,-0.5332436822488834,0.14131850295661585,-0.5376878245920473,burgess
-1.0,0.2962962962962963,0.12244897959183683,0.4,-0.7755102040816327,0.7333333333333332,0.25,-1.0,-1.0,-1.0,0.16835446192750167,-0.328610041179032,-0.5675997747129706,-0.249805389781967,-0.43209980594124625,0.26618486518630274,-0.04001894350483955,burgess
-0.43838028169014087,0.4371413667188313,-0.03097154354699611,-0.5915492957746479,-0.8124461052026444,0.8607198748043818,-1.0,-0.02016528257663002,-0.10050161001737228,0.13843905474557303,0.05364440645623638,-0.3651501065482464,-0.5132887289770166,-0.2619331404933466,-0.46059882460639867,0.18772718945775813,-0.7121437307323679,burgess
-0.14409722222222224,0.49176954732510286,-0.10607993197278905,0.006944444444444503,-0.6095521541950113,0.767746913580247,-1.0,-0.09419627658621373,0.14434411350359105,0.16268209439276687,-0.056474902543310515,-0.3719569696935953,-0.4500523848281681,-0.23671606188786767,-0.42676401886065385,0.11126375163050642,-0.5702631609481513,burgess
-0.8723404255319148,1.2127659574468086,-0.008760951188986265,0.22553191489361687,-0.6170212765957447,-0.05728314238952538,-0.48936170212765956,-0.12337662337662343,-0.33560802878369217,-0.22407992436900007,-0.16083125720143812,-0.06188441930586417,-0.4198506323928041,0.013041637357114255,-0.186363184584078,0.158294951154399,-0.23879169816554266,burgess trophic species
-0.7446808510638298,1.3829787234042552,-0.06883604505632036,0.021276595744680816,-0.7446808510638298,0.02127659574468096,-0.48936170212765956,0.15530303030303014,0.009344801890323074,-0.06560735125732699,-0.014997669867493704,-0.06264841923366332,-0.461453446127154,0.04760807330828071,-0.06922040085554138,0.18543098404603686,0.004677220187866627,burgess trophic species
-1.0,0.33333333333333326,0.1764705882352941,1.0,-0.12499999999999989,0.15384615384615394,0.5000000000000001,-1.0,-1.0,-1.0,0.006382800759616864,-0.040586070704882765,-0.4272218488786804,-0.0026698205185120977,-0.2112083232099406,0.008993773850170696,0.2012004321769284,burgess trophic species
-1.0,0.8333333333333333,0.08823529411764705,-0.20000000000000007,-0.12499999999999989,0.07692307692307707,-0.5,-1.0,-1.0,-1.0,-0.07556878594978515,0.07453492048070831,-0.31086222221757565,0.03766019448406023,-0.17579697789314203,-0.033029817671193784,0.28703976365665923,burgess trophic species
-1.0,0.16666666666666674,0.20588235294117635,0.19999999999999996,-0.625,0.11538461538461539,-1.0,0.022727272727272645,-0.3520153011959545,-0.38861485872848145,0.22102735138031315,-0.10231126964519567,-0.2757650282530387,-0.06987184138438596,-0.19432559081984999,0.16092197619612766,-0.20273209306083395,burgess trophic species
-0.08695652173913032,0.5652173913043479,-0.07928388746803072,-0.37391304347826093,-0.34782608695652173,0.16387959866220747,-0.21739130434782605,0.013986013986013936,0.02285249312782647,0.1617213807951558,0.050770439521338036,0.032881173924505194,-0.15736837257645664,-0.1870715677184651,-0.222639570291677,0.07822625518983009,-0.1703956431841004,burgess trophic species
-1.0,0.0,0.23529411764705876,0.5999999999999999,-0.8749999999999999,0.46153846153846156,-0.24999999999999994,-0.09090909090909098,-0.1146843592346381,-0.4731974454383393,0.29064394892255946,-0.02191293613953203,-0.36616518304891943,-0.2334764031092738,-0.31363083654197443,0.1046176198096522,0.0030027602171807293,burgess trophic species
-1.0,-0.16666666666666663,0.2647058823529412,1.1999999999999997,0.2500000000000001,0.11538461538461539,-0.24999999999999994,-0.09090909090909098,-0.1146843592346381,-0.4731974454383393,0.05158760924810639,-0.1153333549446311,-0.41975773183355203,-0.08598322860234975,-0.2708949277679718,0.04394811318972387,0.014243391335946324,burgess trophic species
0.021276595744680882,0.02127659574468077,-0.008760951188986265,0.6340425531914893,-0.36170212765957444,0.2176759410801964,-0.48936170212765956,0.05488850771869638,0.12433158968139153,0.16732181876838076,0.10770792181365738,-0.1077562458359701,-0.253201463199945,-0.15811010368066128,-0.23558196071274326,0.19700993815344386,-0.16586032948753526,burgess trophic species
-1.0,-0.33333333333333337,0.29411764705882343,0.7999999999999999,-0.625,0.3076923076923079,0.0,-1.0,-1.0,-1.0,0.533252794220984,-0.1129831588638248,-0.4966203288460148,0.05556671401077758,-0.12056947821978202,0.22984116623150572,0.2833707457465495,burgess trophic species
-1.0,-0.5,0.3235294117647058,1.0,-0.8749999999999999,0.3461538461538462,1.0,-1.0,-1.0,-1.0,0.32652019918163994,0.004355554001215359,-0.7818934473716754,0.05924354577349044,-0.13066023836913782,-0.02900579597429779,0.3554805134653492,burgess trophic species
-1.0,-0.16666666666666663,0.2647058823529412,0.4,-0.37499999999999994,0.15384615384615394,-1.0,-0.09090909090909098,0.05815458213397101,-0.38861485872848145,0.24067012968380222,0.04741985935827449,-0.249007796289492,-0.09047580779680003,-0.22553912141433285,0.030249963351386855,-0.03815822251360615,burgess trophic species
-1.0,0.33333333333333326,0.1764705882352941,1.0,-0.75,0.19230769230769246,0.2500000000000001,-1.0,-1.0,-1.0,0.3800403666469593,-0.10918830026789629,-0.33236985605247876,-0.1133735775273051,-0.11200339271791353,0.282908272049197,0.24926578860026002,burgess trophic species
-1.0,0.9130434782608696,0.07416879795396421,1.0869565217391304,-0.6086956521739131,0.20401337792642152,2.652173913043479,-1.0,-1.0,-1.0,0.014220536955668293,-0.08201847462541276,-0.5053002096038895,-0.04928014020151877,-0.13387506032608268,0.18646076679950532,0.3456526212579987,burgess trophic species
-0.7391304347826086,0.21739130434782616,0.13554987212276212,0.4608695652173913,-0.7391304347826086,0.20401337792642152,-0.47826086956521735,0.14832535885167447,0.1775050305813612,-0.13429341236070766,0.13894536984759467,-0.028068147614082807,-0.3013276155054273,0.0717168035621825,-0.12097927688537637,0.17971098581837594,0.06995395421143057,burgess trophic species
0.148936170212766,1.0425531914893615,-0.21902377972465567,0.021276595744680816,-0.23404255319148937,0.02127659574468096,-0.48936170212765956,-0.04368358913813465,0.05498549870037845,0.2771400581670678,-0.09041661749442458,0.01078478378933431,-0.2099164888211655,-0.007505270316694788,-0.15640853986772174,0.04003481288076592,-0.2657630393970637,burgess trophic species
-0.75,0.8333333333333333,0.029411764705882405,0.0,-0.12499999999999989,0.07692307692307707,-1.0,-0.15289256198347118,-0.10468047513915393,-0.09118992328291978,-0.0661225374621788,-0.10153511976357986,-0.27225028819356456,-0.04979023472261241,-0.187740740858298,0.03109701370757179,-0.3589045829839431,burgess trophic species
-1.0,0.6666666666666667,0.1176470588235293,0.4,-0.24999999999999994,0.15384615384615394,-0.24999999999999994,-1.0,-1.0,-1.0,-0.046053950397687865,0.01941770005411353,-0.44251033655353533,0.06458045509778654,-0.18512563493539821,0.12983517557884086,0.16897536476746736,burgess trophic species
-1.0,0.5,0.14705882352941171,0.0,-0.625,0.23076923076923078,-1.0,-0.040404040404040456,0.29896586264316866,-0.35398498505769105,0.15966522528659974,0.026211837979199827,-0.2788547807165038,0.04459876235803483,-0.20304997335648337,0.12566642172573916,-0.18132223997541255,burgess trophic species
-0.625,1.0,-0.029411764705882405,-0.20000000000000007,-0.8749999999999999,0.0,-1.0,-0.019138755980861302,0.0704591187103282,-0.13429341236070766,0.14008368873602384,-0.034049890286216855,-0.19910078858818236,0.025216630266534843,-0.02643819313609583,0.07331592689295037,-0.0849071475151173,burgess trophic species
-1.0,0.33333333333333326,0.1764705882352941,-0.4,0.0,-0.038461538461538325,0.0,-0.09090909090909098,-0.2517717194294514,-0.38861485872848145,-0.020467379641066326,-0.04806400440577265,-0.44274228185401304,0.05812249016642815,-0.22243807277062125,0.11258640650658559,-0.30458072114491,burgess trophic species
-0.75,0.0,0.1764705882352941,0.5999999999999999,-0.37499999999999994,0.19230769230769246,-0.24999999999999994,-0.055944055944055944,-0.3091279226193704,-0.24586871338585667,0.18737841280473777,-0.10294145184218759,-0.3943101048437309,-0.10828543781979483,-0.2292742114983228,0.1535425287513037,-0.02163700026189183,burgess trophic species
0.375,0.33333333333333326,-0.14705882352941171,-0.6,0.12500000000000006,-0.038461538461538325,-1.0,-0.10958904109589046,-0.1447561409183621,0.2614555874589249,-0.02570750835445067,0.032079531653069954,-0.1674395829499623,-0.15565783386098447,-0.3366485049083046,0.00944555367839042,-0.5512468070917782,burgess trophic species
-1.0,0.8333333333333333,0.08823529411764705,-0.4,-0.37499999999999994,0.19230769230769246,-1.0,-0.17355371900826455,-0.1558846568562374,-0.29498497037342586,-0.06190075506667786,-0.19963357044752594,-0.2631969530278956,-0.1407390749015456,-0.24496378545437542,0.18173215550854388,-0.27091910919219553,burgess trophic species
-1.0,0.33333333333333326,0.1764705882352941,-0.20000000000000007,-0.625,0.3076923076923079,-0.5,-0.31818181818181823,-0.2517717194294514,-0.38861485872848145,0.05291609480208775,-0.015145959736844083,-0.40752011751106537,0.08834292727301114,-0.19357258453940887,0.02619196773559274,-0.15270231118677347,burgess trophic species
-0.34782608695652173,0.04347826086956519,0.07416879795396406,0.04347826086956514,-0.8695652173913042,0.28428093645484953,0.30434782608695654,0.00649350649350647,0.16539429299437408,-0.020284877278493825,0.4873897158479992,-0.07429613045838579,-0.4450235533492715,-0.22277612586199363,-0.3257484778297254,0.17281733967595408,-0.0005996741130400297,burgess trophic species
0.375,0.33333333333333326,-0.14705882352941171,1.0,-0.37499999999999994,0.19230769230769246,-0.5,-0.12204234122042351,0.05189504967191992,0.2614555874589249,-0.028025884676690226,-0.0639675077528684,-0.25154115960597523,-0.0912690022750823,-0.27125328379982244,0.11645252730330653,-0.1199364250962435,burgess trophic species
-1.0,0.5,0.14705882352941171,0.0,-0.5,-0.038461538461538325,0.0,0.1111111111111111,0.5823254259961043,-0.35398498505769105,0.25332479656006,-0.11454718157784921,-0.41021144773983415,0.03208913426534372,-0.1474113313512475,0.238879967969878,-0.2018832649757054,burgess trophic species
-0.10638297872340424,0.36170212765957444,-0.03879849812265339,-0.38723404255319155,-0.8723404255319148,0.29623567921440275,-1.0,0.057082452431289614,0.5491798144929835,0.10584588121006804,0.09187929381878737,-0.043675507824865574,-0.23482075381181114,-0.1578965087901361,-0.2498528962327915,0.15827793892058958,-0.18020009886521274,burgess trophic species
-1.0,0.5319148936170213,0.1414267834793492,0.8382978723404254,-0.36170212765957444,-0.01800327332242221,-0.48936170212765956,-0.09090909090909098,-0.01018702285243338,-0.35398498505769105,-0.6922538130610737,0.03398049373384154,-0.5098884382122002,-0.10596291957178906,-0.3104876946033458,0.033763246169927104,0.07993842853459573,burgess trophic species
-0.08695652173913032,1.0869565217391304,-0.17135549872122774,0.2521739130434782,-0.08695652173913032,0.0033444816053511857,-0.47826086956521735,-0.1396103896103897,0.01960420451753822,0.3027226301926606,-0.12039893243671386,0.008043269378721532,-0.3461603233685016,0.13358727857426075,-0.13427040437597457,0.08579634464751956,0.22893290039361316,burgess trophic species
-1.0,0.6666666666666667,0.1176470588235293,0.0,-0.12499999999999989,0.15384615384615394,0.0,0.22727272727272727,-0.32382901037739953,-0.3230075074711545,-0.07476721066117659,-0.049005810202088725,-0.539458110454899,-0.11388870359398394,-0.26589449512567326,0.09657158904608651,-0.17996810502851937,burgess trophic species
-0.37499999999999994,0.33333333333333326,0.029411764705882405,1.0,-0.24999999999999994,0.19230769230769246,0.0,-0.329004329004329,-0.22782237847428655,0.09892758310215453,-0.08711387041643921,0.09188228901819595,-0.36462436878621096,-0.08331213413820727,-0.3680560625578555,-0.039592852480417766,-0.0017123962137959453,burgess trophic species
-1.0,0.6666666666666667,0.1176470588235293,0.4,0.375,-0.038461538461538325,-1.0,-0.18181818181818185,-0.40978957282309203,-0.3230075074711545,-0.1591745345167977,-0.08115665648811912,-0.28282399565481836,0.1489896743834897,-0.1105867036046523,0.06296143200238591,0.015750120337236908,burgess trophic species
-1.0,0.8723404255319149,0.08135168961201496,0.8382978723404254,-0.48936170212765956,0.09983633387888709,-0.23404255319148937,-1.0,-1.0,-1.0,-0.0007187878741314832,-0.04486284657691202,-0.5271188685567464,-0.06868856875284259,-0.20971427622012054,0.06037327144376751,0.32000843754481506,burgess trophic species
-0.37499999999999994,0.8333333333333333,-0.05882352941176465,0.0,-0.24999999999999994,-0.038461538461538325,-1.0,-0.09090909090909098,0.06509337505300054,0.07713879408529778,-0.040193456458739875,-0.05547443978798009,-0.4019051491359018,0.09457746095165635,-0.1777539044914827,0.03667986187147313,-0.3817904468317145,burgess trophic species
0.0,1.0,-0.1764705882352941,-0.4,-0.625,0.03846153846153853,-0.24999999999999994,-0.11888111888111895,-0.2627337045296387,0.22732873205248263,-0.12007316656507097,-0.10900403517070517,-0.3422629937134372,-0.019567116570703848,-0.22353009850192926,0.02079007421722413,-0.2876786918222752,burgess trophic species
-0.8749999999999999,1.1666666666666665,-1.5673736818237503e-16,0.19999999999999996,-0.625,0.15384615384615394,-1.0,0.10909090909090897,-0.08922862116527633,-0.05360510912332122,-0.01835317259111243,-0.08747170241675005,-0.1919219831587821,0.0071638478406759595,-0.09586802508785097,0.28957217583475164,-0.3560948713230439,burgess trophic species
-1.0,0.6666666666666667,0.1176470588235293,0.19999999999999996,-0.24999999999999994,0.11538461538461539,-1.0,-0.29752066115702486,-0.26897466911328305,-0.29498497037342586,-0.13758508481328613,-0.032364101266932774,-0.25270901930717615,0.19261267702691562,-0.0031220110002805135,0.08861128917100518,-0.09076980710671036,burgess trophic species
-0.7446808510638298,0.7021276595744681,0.05131414267834799,-0.1829787234042554,-0.7446808510638298,0.29623567921440275,-1.0,0.21212121212121196,-0.1918210884011184,-0.1048674639883517,-0.07152323350334994,-0.029787460742951664,-0.26658804182739143,-0.09617874877272709,-0.1840814660489305,0.13338427901250285,-0.2783371173408705,burgess trophic species
-0.12499999999999989,-0.33333333333333337,0.0882352941176469,0.0,-0.8749999999999999,0.3076923076923079,-1.0,-0.09090909090909098,0.47552606794226987,-0.13429341236070766,0.8366141572602087,0.006262105557367068,-0.27552875221598067,-0.09153842127220067,-0.24609104470679802,0.1275820471295899,-0.13144772364484408,burgess trophic species
-1.0,0.5,0.14705882352941171,0.5999999999999999,-0.5,0.0,0.0,-1.0,-1.0,-1.0,0.19478359516371674,-0.18940917141135227,-0.43166311506553867,0.18058118637018297,0.04545652432672758,0.26039862471886877,0.2677624295631795,burgess trophic species
-1.0,0.0,0.23529411764705876,0.5999999999999999,-0.625,0.26923076923076933,0.5000000000000001,0.13636363636363627,-0.2332941647294985,-0.4731974454383393,0.15640626524210577,-0.049643135573402115,-0.3812655350994306,-0.1137667890578303,-0.2680079239754208,0.07750782293265304,-0.16995609005787732,burgess trophic species
-1.0,1.0,0.05882352941176465,0.4,0.12500000000000006,-0.07692307692307686,0.2500000000000001,-0.015151515151515298,0.004698218082678189,-0.2694023983478331,-0.07042228226671833,0.019643856377540795,-0.4143953914029092,0.0777711062185367,-0.028473769168684902,0.086877325712876,0.1401191586907947,burgess trophic species
-0.36170212765957444,0.7021276595744681,-0.03879849812265339,-0.1829787234042554,-0.6170212765957447,0.06055646481178413,0.021276595744680882,0.05651105651105633,-0.0072190612371989624,0.061660793964147816,0.03642558908716396,-0.16217928066718196,-0.38292404237078254,0.015770413080317288,-0.1711051510132967,0.35977122964068137,-0.3261978053360406,burgess trophic species
-0.8749999999999999,0.5,0.1176470588235293,1.1999999999999997,-0.24999999999999994,0.07692307692307707,0.5000000000000001,-0.09090909090909098,-0.19182108840111853,-0.4278749714595062,-0.026888150846107357,0.03240768639222646,-0.41852434012634704,0.0023180492480946936,-0.22130233974564736,-0.01221338151040062,0.17810183292270662,burgess trophic species
-1.0,1.0,0.05882352941176465,1.1999999999999997,-0.625,0.23076923076923078,1.2500000000000002,-1.0,-1.0,-1.0,0.03731435776249948,-0.03966968776617978,-0.3134755732697691,-0.08016471796585643,-0.27517014537695694,0.024544932688924666,0.21889032527218238,burgess trophic species
-0.48936170212765956,1.0425531914893615,-0.06883604505632052,1.2468085106382978,-0.7446808510638298,0.09983633387888709,-1.0,-0.22924901185770757,0.09902685770047943,0.1256745689419675,-0.12398325443688209,-0.06803671783174592,-0.40747564284861687,0.23121369939098635,-0.054855438149245206,0.12029836909221633,0.18170828262176908,burgess trophic species
-0.7446808510638298,-0.14893617021276595,0.2015018773466833,-0.1829787234042554,-0.6170212765957447,0.3355155482815059,-1.0,-0.12587412587412591,-0.30912792261937017,-0.24586871338585667,0.29116987090730884,-0.09771319788134489,-0.3344926822395092,-0.25092898501768984,-0.3579748597396581,0.12118551128491532,-0.1863165693829062,burgess trophic species
-0.625,0.5,0.05882352941176465,0.19999999999999996,-0.8749999999999999,0.11538461538461539,-1.0,-0.2045454545454546,-0.09642850784155386,-0.020284877278493825,-0.03372958786899033,-0.03744105879779168,-0.34755312309941766,-0.16378351074122574,-0.37240994941559136,0.022425757847864065,-0.16889744042435043,burgess trophic species
-0.5,0.16666666666666674,0.0882352941176469,0.19999999999999996,0.0,0.15384615384615394,-0.5,-0.09090909090909098,-0.19182108840111853,-0.24586871338585667,0.04471975261777703,-0.0049286488218332385,-0.18164425324805725,0.025026057206558795,-0.1545308504111749,-0.05519729046735248,0.07985063362845493,burgess trophic species
-0.48936170212765956,0.8723404255319149,-0.03879849812265339,0.021276595744680816,0.27659574468085113,0.02127659574468096,0.021276595744680882,-0.13223140495867772,-0.1558846568562374,0.11260512380758647,-0.052237478590828876,-0.04773751714953816,-0.3773715592535115,-0.029677134981055564,-0.24293335771415234,0.13155787641427322,-0.13901172086189323,burgess trophic species
-1.0,1.0,0.05882352941176465,0.0,-0.37499999999999994,0.03846153846153853,-1.0,-0.16666666666666677,-0.19182108840111853,-0.2694023983478331,-0.07420303638333849,-0.09669502198037469,-0.4901514444379219,0.13778151434826083,-0.06711184518226017,0.13411690944070354,0.22706729789832056,burgess trophic species
-0.24999999999999994,0.5,-0.029411764705882405,0.4,0.0,0.07692307692307707,0.5000000000000001,0.08879492600422816,-0.128518267177561,0.10584588121006804,-0.037033566198621554,-0.07058879146295534,-0.3974728082834894,-0.08761448716899653,-0.1658643969190202,0.09478958685301794,-0.06089971939397876,burgess trophic species
-1.0,1.2127659574468086,0.021276595744680705,0.021276595744680816,0.7872340425531915,-0.25368248772504093,-0.23404255319148937,0.013986013986013936,-0.38614405043273664,-0.24586871338585667,-0.22020441741535832,-0.08865362684830336,-0.42168484134341894,0.09465102951188806,-0.13390585586644901,0.008879585005923488,-0.3413737456195156,burgess trophic species
-0.8749999999999999,1.5,-0.05882352941176481,0.19999999999999996,-0.37499999999999994,0.03846153846153853,0.2500000000000001,0.06060606060606059,-0.3169641542803436,-0.20379504709050608,-0.1897039424034563,0.11799750926896799,-0.5509789547428064,0.13995902379449024,-0.10410081718605504,-0.03513602012942817,0.18362355196974559,burgess trophic species
-1.0,0.0,0.23529411764705876,0.19999999999999996,-0.5,0.3461538461538462,-1.0,0.06060606060606059,-0.27714280627324317,-0.4731974454383393,0.17820298211236993,-0.04081200591304839,-0.360778687404439,-0.016572527298854632,-0.21555373062835573,0.14684919906852026,-0.0750822589915392,burgess trophic species
0.12500000000000006,0.6666666666666667,-0.14705882352941185,0.0,-0.75,0.19230769230769246,-0.5,0.004398826979471975,0.27079582729622154,0.21343571746141152,0.38987221362914953,-0.11152687602659214,-0.25360746024051045,0.05338289416437414,-0.11942381771277942,0.22400076973203709,0.04486530297493659,burgess trophic species
-1.0,1.1666666666666665,0.029411764705882405,0.5999999999999999,-0.37499999999999994,0.03846153846153853,1.0,-1.0,-1.0,-1.0,-0.08856594315433934,-0.010058441619762862,-0.448462388270515,-0.09770591552472067,-0.25394356850534916,0.12381539502949417,0.03627266516589329,burgess trophic species
-0.10638297872340424,1.0425531914893615,-0.15894868585732175,-0.38723404255319155,-0.6170212765957447,0.25695581014729957,-0.48936170212765956,0.0023310023310023223,-0.007389308300587993,0.280933841175804,-0.06279804086467043,-0.030480236075170294,-0.23917669929511695,-0.2544588260248714,-0.2277280490598173,0.14840818834061031,-0.2997789518269902,burgess trophic species
-0.5,0.33333333333333326,0.05882352941176465,0.4,0.0,0.15384615384615394,-0.24999999999999994,-0.20821114369501473,0.14109264084720116,0.009640670370905265,0.02214623246991548,-0.08705536754438957,-0.38348201438563134,-0.12981519883857348,-0.29609171573144255,0.06846741927606739,-0.049391250005877484,burgess trophic species
-1.0,0.0,0.23529411764705876,0.7999999999999999,-0.75,0.23076923076923078,0.2500000000000001,-1.0,-1.0,-1.0,0.40838638383135034,-0.07505096881261793,-0.4548693044221868,-0.11631618043094694,-0.29766862531531674,0.09760816859380825,0.21849865729288412,burgess trophic species
-1.0,0.6666666666666667,0.1176470588235293,0.0,-0.5,0.11538461538461539,-0.5,-0.13223140495867772,-0.5779423284281187,-0.29498497037342586,-0.09799405739257373,-0.054540202324849824,-0.44492984105097944,0.02321405492514758,-0.20215951026720655,0.07206356663384136,-0.030449638331534443,burgess trophic species
-1.0,0.0,0.23529411764705876,0.5999999999999999,-0.75,0.46153846153846156,0.5000000000000001,-1.0,-1.0,-1.0,0.24765393901618057,-0.026108513153121335,-0.18518198972600716,-0.13926748876931216,-0.24090549793420804,0.03441300308141035,0.23275386254413363,burgess trophic species
-0.625,2.0,-0.20588235294117652,0.5999999999999999,-0.37499999999999994,-0.07692307692307686,1.2500000000000002,-0.05525846702317291,-0.12165545701301363,0.1560121896844616,-0.2137866085839366,0.04566119109686527,-0.5418217687047402,-0.01988632035050159,-0.14992996982008713,0.2078441109099937,0.05229828517670485,burgess trophic species
-1.0,1.0425531914893615,0.05131414267834799,0.6340425531914893,-0.36170212765957444,0.09983633387888709,0.27659574468085113,-1.0,-1.0,-1.0,-0.11362815046281426,-0.056094193382515915,-0.5306433763126821,0.08015337714471517,-0.09322409790059742,0.14248600340334885,0.11399245480743472,burgess trophic species
-0.48936170212765956,0.1914893617021276,0.08135168961201496,0.021276595744680816,-0.10638297872340424,0.17839607201309343,-0.23404255319148937,-0.009740259740259907,-0.33425900816378457,-0.020284877278493825,0.0728831610219728,-0.03226937280083374,-0.3845735096824361,-0.16478426265644605,-0.2256148543756051,0.059448796054540204,0.06457867592602234,burgess trophic species
0.27659574468085113,0.7021276595744681,-0.1889862327909887,0.22553191489361687,-0.6170212765957447,0.2176759410801964,0.27659574468085113,-0.19126328217237312,-0.16185583776049445,0.2771400581670678,-0.0637923746621798,0.03126556530953,-0.2990498826204564,0.007318768515444072,-0.19339391490942875,0.02648387069339437,0.16813169851529,burgess trophic species
-1.0,1.0425531914893615,0.05131414267834799,0.22553191489361687,-0.6170212765957447,0.06055646481178413,-0.23404255319148937,0.36363636363636354,0.14293757760706488,-0.24586871338585667,0.07876435296927216,0.00490139872700338,-0.43531248256809796,0.12877141839288925,-0.06183107493122461,0.33691162324487295,-0.00028531064000489423,burgess trophic species
-0.625,0.5,0.05882352941176465,0.5999999999999999,-1.0,0.3076923076923079,0.0,-0.18495297805642638,-0.2170987527571805,-0.009967534333192283,0.10254900492136283,0.09919709342434489,-0.4711219726179072,0.01817689074584789,-0.18415992602746892,0.0388824197362997,0.24369983608647286,burgess trophic species
-1.0,0.8333333333333333,0.08823529411764705,0.4,0.0,0.07692307692307707,-0.5,-1.0,-1.0,-1.0,-0.11696046416808105,-0.020707000785444945,-0.5223198319443598,0.044156390775004786,-0.17295954433448357,0.12237836088853739,-0.07460407370834718,burgess trophic species
-1.0,0.5,0.14705882352941171,0.0,-0.24999999999999994,-0.038461538461538325,0.5000000000000001,-1.0,-1.0,-1.0,0.04287464819730928,0.032883334564286715,-0.4273157027105544,-0.05919110459420194,-0.21594696488490853,-0.0028422611766695067,0.16073838529289064,burgess trophic species
-0.37499999999999994,0.8333333333333333,-0.05882352941176465,0.0,-0.37499999999999994,-0.038461538461538325,-0.5,-0.06611570247933886,0.24674478317438892,0.17821247506491344,-0.02905225852460224,-0.029601187418690184,0.0061047214898521185,-0.02658636956029288,-0.19284309429507387,0.11238506073334084,-0.3797800047727151,burgess trophic species
-0.75,0.5,0.08823529411764705,0.0,-0.625,0.19230769230769246,-1.0,0.007905138339920903,-0.060362574386192816,-0.07812047814853876,-0.03452632198335929,-0.07333521702535867,-0.29694987204746176,-0.035489936440736995,-0.2535299117032282,0.05240279443934801,-0.32082796567830507,burgess trophic species
-0.47826086956521735,0.3913043478260869,0.04347826086956525,0.8782608695652174,-0.34782608695652173,-0.03678929765886284,-1.0,0.1279461279461278,0.2502406020848795,-0.030977477586536503,0.029609423885385542,-0.11247923297932541,-0.20420897041076974,0.06684279643075976,-0.017593537667664912,0.1032331005534249,-0.37598760621041916,burgess trophic species
-0.625,0.33333333333333326,0.08823529411764705,0.19999999999999996,-0.24999999999999994,0.26923076923076933,1.2500000000000002,-0.09090909090909098,-0.38907416716071586,-0.09118992328291978,0.1017401638114512,-0.007570174776442246,-0.43643580457049286,-0.04111487188002636,-0.20729150373174243,0.12918065398483153,0.29525601103225096,burgess trophic species
-1.0,0.16666666666666674,0.20588235294117635,0.4,-0.24999999999999994,0.03846153846153853,0.2500000000000001,-1.0,-1.0,-1.0,-0.05022490113839787,0.09203865610234233,-0.5474444078561271,0.030536916257630654,-0.19551099072529807,-0.04823248949937563,0.07229813936613087,burgess trophic species
-0.7446808510638298,0.5319148936170213,0.08135168961201496,0.42978723404255303,-0.8723404255319148,0.29623567921440275,-0.48936170212765956,-0.030303030303030394,0.040369204834553786,-0.20379504709050608,0.08616693609638004,-0.1138801637117635,-0.34139912097792224,-0.07522287058613675,-0.23263695622471026,0.15462547489876644,-0.043806953749873805,burgess trophic species
-0.8749999999999999,-0.16666666666666663,0.23529411764705876,0.4,-0.5,0.3076923076923079,-0.24999999999999994,-0.09090909090909098,-1.0,-0.4731974454383393,0.040701967861200304,-0.07522885170454637,-0.4210746435049122,-0.08363801041529093,-0.3024861778443116,0.017253097931949086,-0.1626691998638272,burgess trophic species
-1.0,0.5,0.14705882352941171,1.7999999999999998,-0.625,0.19230769230769246,1.0,-1.0,-1.0,-1.0,0.10312125798548703,-0.01382326533209528,-0.5576096919335811,0.009111259937801972,-0.23095543116544182,0.06950246591238751,0.4196994688773882,burgess trophic species
-1.0,1.1666666666666665,0.029411764705882405,0.5999999999999999,-0.12499999999999989,-0.1153846153846153,-0.5,-0.18831168831168835,-0.4039407703200922,-0.22407992436900007,-0.2157534990428921,0.010974961669822402,-0.5307300062796317,0.11738409552898839,-0.10038702383674987,0.009412602950344746,0.07451415304456992,burgess trophic species
-0.75,0.6666666666666667,0.05882352941176465,0.4,-0.24999999999999994,0.03846153846153853,-0.5,0.08391608391608381,0.3448910025469749,-0.24586871338585667,0.03675985801985032,0.07746888292588153,-0.36220628035919894,-0.004477348216667394,-0.1861165032847834,0.05696989301970938,-0.10285831318332132,burgess trophic species
-1.0,0.02127659574468077,0.23153942428035043,0.22553191489361687,-0.7446808510638298,0.3355155482815059,0.7872340425531915,-1.0,-1.0,-1.0,0.21733023206021015,0.000502246107680675,-0.5462199005389573,-0.01735671642314457,-0.19429828440047553,0.024994746009638802,0.16900971945113208,burgess trophic species
-0.36170212765957444,0.5319148936170213,-0.008760951188986265,-0.38723404255319155,-0.6170212765957447,0.13911620294599025,-0.48936170212765956,-0.19696969696969707,-0.3978267586378383,0.0,-0.04220713261826771,-0.05417772080685183,-0.1835922954850975,-0.0027139313904558887,-0.17797911709287118,0.015944919664819368,-0.30939316144539303,burgess trophic species
-1.0,1.5,-0.029411764705882405,0.4,-0.625,-0.038461538461538325,-0.5,-0.06060606060606059,-0.014911694111147433,-0.20379504709050608,-0.12874446140368642,-0.05306482337894326,-0.20696192318558204,0.20263285846648316,0.06430372096959264,0.06420159691450977,-0.10846721507223472,burgess trophic species
-1.0,0.16666666666666674,0.20588235294117635,1.0,-0.75,0.26923076923076933,1.2500000000000002,-1.0,-1.0,-1.0,0.14560276943165018,0.051060602038264534,-0.660833399130798,0.031213459522337898,-0.21773363358072115,0.015428762287163186,0.33382791812721135,burgess trophic species
-0.625,0.33333333333333326,0.08823529411764705,0.0,-0.37499999999999994,0.26923076923076933,1.2500000000000002,-0.11067193675889334,-0.10684570085990874,-0.07812047814853876,0.05475393197321704,-0.0701382613268348,-0.39396913382829407,-0.15403545173420838,-0.3472245908871721,0.1979261083077422,-0.14777981867682213,burgess trophic species
-0.75,0.33333333333333326,0.11764705882352945,0.19999999999999996,-0.75,0.3461538461538462,-0.24999999999999994,-0.11483253588516751,-0.43356627664622066,-0.13429341236070766,0.2172019679620216,-0.049654387744993506,-0.35843484066176917,-0.10922067835126895,-0.28309882505898554,0.03834369936388655,0.01009685137472737,burgess trophic species
-1.0,0.8723404255319149,0.08135168961201496,0.021276595744680816,-0.6170212765957447,0.2176759410801964,0.021276595744680882,-1.0,-1.0,-1.0,-0.05629941281748615,-0.09466287016109154,-0.570035837286795,-0.036169054349066226,-0.22862085234719806,0.09910627657308738,0.020958639778719344,burgess trophic species
-1.0,0.5,0.14705882352941171,0.19999999999999996,-0.75,0.15384615384615394,0.2500000000000001,-1.0,-1.0,-1.0,0.0030547668962125642,0.042339523504592094,-0.46058742916749107,0.06051602813717248,-0.20518710261671494,-0.058006685403535554,0.26690376681581973,burgess trophic species
-0.625,-0.16666666666666663,0.1764705882352941,0.7999999999999999,-0.8749999999999999,0.3846153846153847,-0.5,0.030303030303030193,-0.014911694111147433,-0.20379504709050608,0.3373257602456825,-0.15935403186584976,-0.37875823432807887,-0.18397495277540135,-0.28757895365344366,0.21865575027303039,-0.061045076221410435,burgess trophic species
-0.625,1.1666666666666665,-0.05882352941176465,0.5999999999999999,-0.625,0.03846153846153853,-1.0,0.05194805194805196,0.06126223811188317,0.04532247397883316,-0.09057731037905772,-0.05680065582176318,-0.3431978609665321,-0.06162670434257939,-0.17832626222474313,0.13641013185612125,-0.13506827002388627,burgess trophic species
-0.75,1.1666666666666665,-0.029411764705882405,1.1999999999999997,0.12500000000000006,0.03846153846153853,0.7500000000000002,-0.009324009324009492,-0.1581660538473645,0.07713879408529778,-0.15479503211964818,-0.03961125298179682,-0.29155892027750746,-0.08772981014842157,-0.2168526697107438,0.008275360541118305,0.12211678659760623,burgess trophic species
0.021276595744680882,0.1914893617021276,-0.03879849812265339,0.42978723404255303,-0.7446808510638298,0.3355155482815059,-1.0,0.11570247933884291,0.23216821832025725,0.23181758418823484,0.11133022313808975,-0.10757580752334717,-0.3530459942643151,-0.15106970000192993,-0.23708639383514538,0.24804177545691905,-0.22053276164625563,burgess trophic species
-0.37499999999999994,0.6666666666666667,-0.029411764705882405,0.19999999999999996,-0.5,0.07692307692307707,1.2500000000000002,-0.04255319148936186,0.020914134452669708,0.1319976965960449,0.06402669170969377,-0.0008790206757208018,-0.4169555839260393,0.0030202953348215824,-0.17078475062684761,0.1368465640797734,0.23678624924986005,burgess trophic species
-0.48936170212765956,1.3829787234042552,-0.1289111389236546,-0.7957446808510638,-0.23404255319148937,-0.05728314238952538,-1.0,0.03896103896103882,0.7292757373422056,0.09892758310215453,-0.07328870356381945,-0.06471623554173335,-0.23399357439103513,0.11785614384579476,-0.08136093858712808,0.19181132183743155,-0.3912981116837053,burgess trophic species
-1.0,0.6666666666666667,0.1176470588235293,-0.20000000000000007,-0.5,0.07692307692307707,-0.5,0.03305785123966943,-0.09478714138037189,-0.29498497037342586,-0.09600312295354084,-0.06025203337858544,-0.3073768133699211,-0.07481758850472947,-0.287903058968128,0.06729089763212392,-0.41385419996084344,burgess trophic species
-0.75,0.0,0.1764705882352941,-0.20000000000000007,0.12500000000000006,0.07692307692307707,-0.5,-0.09090909090909098,-1.0,-0.2694023983478331,0.04306188057750579,-0.1167192622404573,-0.4738497371410441,-0.03530719061605175,-0.27348920032418317,0.12443380408578654,-0.335194750962827,burgess trophic species
-0.18181818181818182,0.4545454545454546,-0.037433155080213866,0.09090909090909083,-0.4545454545454545,0.09090909090909104,-0.18181818181818182,-0.09090909090909098,0.5273145820982104,0.10584588121006804,0.22405565183396436,-0.09902180852174759,-0.14619809062441635,0.05436594908267402,-0.1139292860024974,0.1444097351734427,-0.05366812410530788,burgess trophic species
-0.7446808510638298,0.5319148936170213,0.08135168961201496,0.42978723404255303,-0.7446808510638298,0.06055646481178413,2.0638297872340425,0.36363636363636354,0.46205066177343396,-0.2694023983478331,0.19809908054395417,-0.07633703339723494,-0.4028349407080489,0.10895654136704766,0.025181951376217766,0.32231075562641215,0.16184834121744104,burgess trophic species
-1.0,2.5,0.31481481481481494,-0.3499999999999999,-0.8,0.7352941176470587,-0.5652173913043478,-1.0,-1.0,-1.0,-0.15557871692951825,-0.21895353477639187,-0.6754026663328049,-0.1252105743493316,-0.5681905025550446,0.13381141555969023,-0.2623206800979132,chengjiang
-1.0,3.096385542168675,0.2706381079875057,-0.641566265060241,-0.8537005163511189,0.716867469879518,-0.8664222105814562,0.00694444444444442,-0.1325698501118001,-0.3081212382196916,-0.0796834816714268,-0.33355940001917445,-0.5459551425849566,-0.029645110310082785,-0.47408090043340706,0.2942116477272727,-0.41319312978173783,chengjiang
-0.8148148148148148,3.2500000000000004,0.1666666666666668,-0.6,-0.6285714285714286,0.5294117647058824,-0.8260869565217391,0.26666666666666655,0.2033648856797545,0.07739684073358304,-0.267704434428757,-0.2589324683525469,-0.5843760250408676,-0.03094338276088604,-0.5240106672187731,0.15361142068672717,-0.42843833306227114,chengjiang
-0.34733514001806687,0.5548780487804877,0.13256549232159007,-0.6890243902439024,-0.9703832752613241,0.8292682926829267,-0.9098621420996819,0.2929292929292928,-0.015825536839552526,0.172969690445077,0.06488650682348711,-0.30198429219309175,-0.3722780658203931,-0.007299885422401211,-0.4599233421121057,0.22031435680332745,-0.45434345312250474,chengjiang
-1.0,3.2500000000000004,0.2592592592592594,-0.7499999999999999,-0.8857142857142857,0.6470588235294117,-0.8260869565217391,-1.0,-1.0,-1.0,-0.030876410858029453,-0.26671346314252503,-0.5513864306489322,-0.023495442868142025,-0.4829458450004993,0.27389187843156304,-0.3030840364508742,chengjiang
-0.4625112917795844,2.1097560975609753,0.07497741644083104,-0.27439024390243894,-0.9111498257839722,0.6158536585365854,-0.5493107104984093,0.212121212121212,0.2853686868139589,0.27415047311679364,0.0278017911057315,-0.3052225085742486,-0.43354023617608756,-0.15277758428052607,-0.5087433738024426,0.37148202744920356,-0.2563753207651026,chengjiang
-0.9629629629629629,3.5,0.22222222222222232,-0.6,-0.8857142857142857,0.6176470588235294,-0.9130434782608695,0.3194444444444444,-0.16862534547665203,-0.0794677448563741,-0.17549713056012628,-0.27411476273710855,-0.5335151625088649,0.03441152486225085,-0.43559042746205806,0.36835134909662975,-0.5719027084817447,chengjiang
-0.6928635953026197,2.8871951219512195,0.1325654923215899,-0.7926829268292683,-0.8815331010452961,0.676829268292683,-1.0,0.1378205128205127,-0.14686098263924743,0.1589729838927643,-0.10638965850601836,-0.21061551381850108,-0.5697049353434096,-0.10290928429391245,-0.5741143636265926,0.2501909424763153,-0.4493832728322366,chengjiang
-0.6160794941282746,3.4054878048780486,0.05578139114724493,-0.6890243902439024,-0.8519163763066202,0.676829268292683,-0.7295864262990456,0.2820512820512819,0.021190682011735112,0.23844072874913838,-0.1662369183191008,-0.27200000784449246,-0.5378395182612549,-0.007516127033699449,-0.46208559554815165,0.36113947088068177,-0.29913358807199525,chengjiang
-1.0,2.7500000000000004,0.29629629629629634,-0.7499999999999999,-0.8285714285714286,0.7058823529411764,-1.0,0.11111111111111108,-1.0,-0.32422634307481163,-0.16316232540800407,-0.23045205029184399,-0.3752275750353421,-0.015533973539687695,-0.49747924180422254,0.1216801844783715,-0.49444227454644907,chengjiang
-0.7001763668430335,2.2886904761904763,0.18055555555555564,-0.7470238095238094,-0.7397959183673469,0.6369047619047619,-1.0,0.265432098765432,-0.047494414497763766,0.12289382048705916,-0.11416370324732183,-0.2542643965203648,-0.49098324868734,0.13991631993102643,-0.383042336375645,0.1452828176262038,-0.3399555347402785,chengjiang
-0.7037037037037037,3.7500000000000004,0.07407407407407417,-0.65,-0.8571428571428571,0.7058823529411764,-0.7826086956521738,0.06837606837606838,-0.04410386266847358,0.21465678681100492,-0.18442421669062434,-0.2697940257876132,-0.5281774474377011,0.04952911556582784,-0.454221988581883,0.24992234095427435,-0.2682518532509893,chengjiang
-0.31726907630522083,2.072289156626506,0.005131637661758118,-0.8975903614457832,-0.8537005163511189,0.7469879518072289,-0.9109481403876375,0.2508520790729379,0.05419752909539456,0.2711072340023722,-0.020395653506407638,-0.30063707855211463,-0.42879340269467114,0.001719966630952089,-0.4799377163887207,0.2977138544743464,-0.537365201974058,chengjiang
-0.9259259259259258,3.0,0.24074074074074078,-0.44999999999999996,-0.9428571428571428,0.7058823529411764,-0.7826086956521738,0.1538461538461539,-0.34649183090574376,-0.35993608744246697,-0.11043619277908513,-0.32403811828385437,-0.6210788430886552,-0.10390337762807973,-0.5253952449710162,0.35129922609717873,-0.3830672143145592,chengjiang
-1.0,2.7500000000000004,0.29629629629629634,-0.8,-0.8285714285714286,0.47058823529411764,-0.9130434782608695,-1.0,-1.0,-1.0,-0.06657538311340049,-0.25961745095812994,-0.5933624496082087,0.09341457756563634,-0.41813669305795287,0.22533273893469294,-0.1675760667834493,chengjiang
-1.0,2.2500000000000004,0.33333333333333337,-0.4,-0.7428571428571428,0.6764705882352939,-0.7391304347826086,-1.0,-1.0,-1.0,-0.1412762106451719,-0.28377731771636533,-0.5388796541922684,0.002671861115023975,-0.5045531553277388,0.23916024000321615,-0.30043931975512506,chengjiang
-1.0,3.2500000000000004,0.2592592592592594,-0.65,-0.8857142857142857,0.7647058823529412,-1.0,0.04575163398692807,-0.5602582534408164,-0.29299281764317353,-0.16390346505469064,-0.19560135462883219,-0.5652152124603447,-0.0723547141467889,-0.5892139180091486,0.12748579545454547,-0.4259344185295815,chengjiang
-0.8518518518518519,2.2500000000000004,0.25925925925925924,-0.6,-0.9142857142857144,0.8529411764705882,-0.8695652173913044,0.4120370370370369,-0.01675405461653977,-0.03397076510289797,-0.0730469360556403,-0.30786399941370834,-0.4494550714801596,-0.12659619238651904,-0.4923976776684613,0.2743200699030491,-0.5176939920221133,chengjiang
-0.9259259259259258,2.5,0.27777777777777785,-0.5,-0.9428571428571428,0.7352941176470587,-0.7391304347826086,0.5509259259259258,0.17001281320352143,-0.2069404555479751,-0.03675001660442935,-0.2957861192648262,-0.4752076432358488,-0.040759283042400285,-0.5010564299036416,0.26245857007575757,-0.4474213019694305,chengjiang
-0.888888888888889,2.5,0.2592592592592594,-0.65,-0.8,0.6764705882352939,-0.9130434782608695,0.047008547008546966,-0.43433742964241007,-0.013996706552312712,-0.17130399633997376,-0.265257510762086,-0.5461048262253587,-0.12249723572423186,-0.5770377428226899,0.1349891999843619,-0.5066954010073629,chengjiang
-0.6252204585537919,0.7708333333333333,0.25551146384479717,-0.3928571428571429,-0.826530612244898,0.8452380952380952,-0.8240165631469979,0.20243531202435322,-0.08973123804000707,0.07065203785881247,-0.6817697422190057,-0.3083291608657776,-0.5060447456816932,-0.18032819060697258,-0.5826999000403872,0.2494477598709796,-0.41851801683793016,chengjiang
-0.6207050423917894,2.3283132530120483,0.1378848728246321,-0.4879518072289157,-0.7074010327022375,0.5662650602409638,-0.5102147721320062,0.029239766081871312,-0.11558630875570153,0.13638589084185776,0.0036968873949513614,-0.2601994506260198,-0.6117617630297991,0.0735265353352043,-0.4641740624145687,0.236135326501323,-0.07657406907842247,chengjiang
-0.8148148148148148,2.5,0.22222222222222232,-0.7,-0.9142857142857144,0.6176470588235294,-0.9130434782608695,0.19241192411924124,-0.13370032054636224,-0.07330588821780783,-0.12688063073498265,-0.3395202743174254,-0.5598042191831285,0.03867978710615228,-0.4391895843568557,0.29213141071225396,-0.28878423243137086,chengjiang
-1.0,2.5416666666666665,0.3117283950617285,-0.44345238095238093,-0.826530612244898,0.5773809523809522,-0.8240165631469979,-1.0,-1.0,-1.0,-0.13464051903690963,-0.2872122711278386,-0.6532287225114355,-0.05557797834974987,-0.5103878760750887,0.27235008988186954,-0.21512662474090827,chengjiang
-1.0,2.2500000000000004,0.33333333333333337,-0.5499999999999999,-0.8571428571428571,0.7647058823529412,-0.7391304347826086,-1.0,-1.0,-1.0,0.0018539265615567975,-0.3164754396335316,-0.6408530250816293,0.09097852230474852,-0.39928749970212624,0.34660977986385605,-0.19977495331297834,chengjiang
-1.0,3.0,0.27777777777777785,-0.7,-0.7142857142857142,0.5588235294117646,-0.6956521739130435,-1.0,-1.0,-1.0,-0.22117109151653405,-0.3210503060365723,-0.5446439124886073,-0.05159584467066669,-0.5063334511533998,0.20722742530806793,-0.3812083222650766,chengjiang
-0.7376543209876544,1.7827380952380953,0.23677248677248683,-0.49404761904761907,-0.7108843537414965,0.6964285714285714,-0.6920289855072465,-0.0652557319223986,-0.21753920356404832,0.03388825807135465,-0.1387463481129156,-0.2597885960839372,-0.5444486690662542,0.12283720550024457,-0.44398712756823533,0.11099105408880965,-0.26814203532955805,chengjiang
-0.6666666666666666,2.2500000000000004,0.1666666666666668,-0.65,-0.8857142857142857,0.7647058823529412,-0.7826086956521738,0.17084826762246108,-0.20788410729512694,0.1310762753285545,0.005171613106629015,-0.28565096037756416,-0.4937657221110899,-0.055838761943449285,-0.5142583265529308,0.3435102623527788,-0.31953719651094803,chengjiang
-0.7407407407407408,2.2500000000000004,0.2037037037037037,-0.5,-0.8857142857142857,0.7058823529411764,-0.7391304347826086,0.6255144032921811,0.42869394230850677,-0.004578890204541832,-0.006971456535269712,-0.2696371215929259,-0.5265618729270394,-0.014173566150964406,-0.41914480141583843,0.3088449530310347,-0.2091954191692218,chengjiang
-1.0,2.0,0.351851851851852,-0.4,-0.8285714285714286,0.6176470588235294,-0.5217391304347825,-1.0,-1.0,-1.0,0.014751182525935632,-0.28841752863160874,-0.569902414373947,-0.027499514691703572,-0.49494283575246056,0.41355423308918554,-0.18204217072479129,chengjiang
-0.9629629629629629,2.2500000000000004,0.31481481481481494,-0.65,-0.8,0.6470588235294117,-0.7826086956521738,-0.4444444444444445,-1.0,-0.8270303095549228,-0.056376647855897036,-0.2529412533526888,-0.45075608746776574,0.1431791926049586,-0.36719087790506355,0.21580301800472257,-0.2753779390630611,chengjiang
-1.0,2.7500000000000004,0.29629629629629634,-0.8,-0.7428571428571428,0.5882352941176469,-1.0,0.2222222222222223,-0.25769251104190977,-0.32422634307481163,-0.07706882515271422,-0.3346078962071556,-0.4538269909744405,-0.060011967105585595,-0.4773268434723502,0.201174804980498,-0.599308004245702,chengjiang
-1.0,4.25,0.18518518518518523,-0.5,-0.6571428571428571,0.4999999999999999,-0.608695652173913,-1.0,-1.0,-1.0,-0.23778072657479485,-0.2233212783470046,-0.5792973542726512,-0.03985286034505999,-0.48966397555147,0.29044684129429893,-0.28692626695575735,chengjiang
-0.7001763668430335,2.5416666666666665,0.1618165784832453,-0.5952380952380952,-0.7397959183673469,0.6071428571428572,-0.7360248447204969,0.2980269989615784,-0.16763726933584372,0.1660694577835132,-0.07279938811107144,-0.2581423514152276,-0.4626830022669426,-0.13681077360349211,-0.5456341929119773,0.19736299486803516,-0.5271371023447275,chengjiang
-0.9259259259259258,3.7500000000000004,0.18518518518518523,-0.7499999999999999,-0.8285714285714286,0.6176470588235294,-0.9130434782608695,0.07843137254901958,-0.44096359430173554,-0.12002312719809638,-0.6395421383457788,-0.3055586871117031,-0.40611945324639165,0.08473342747642597,-0.3832199504242892,0.2444856337767923,-0.4421149849093217,chengjiang
-1.0,3.2500000000000004,0.2592592592592594,-0.65,-0.7714285714285715,0.6470588235294117,-0.9130434782608695,0.07843137254901958,-0.6788580345770872,-0.29299281764317353,-0.19971544400995325,-0.2763925155581856,-0.5024317000913028,0.04460088096867052,-0.45225733857476624,0.32541725852272735,-0.45293923461456026,chengjiang
-1.0,2.5,0.31481481481481494,-0.7,-0.7142857142857142,0.6176470588235294,-0.8695652173913044,-1.0,-1.0,-1.0,-0.24711651248868235,-0.2643817102155724,-0.5532053309215782,-0.12680740582129535,-0.5686227556914009,0.10408161588572103,-0.5214163334391808,chengjiang
-0.5827755466309683,3.096385542168675,0.06202588130298972,-0.6927710843373494,-0.6488812392426849,0.44578313253012036,-1.0,0.2945492662473793,-0.0037262690360714843,0.16372631836489904,-0.21320673019254732,-0.39284652301310746,-0.45577449542223014,0.00469615651197073,-0.42227864726355746,0.27211389462809915,-0.5621351243654423,chengjiang
-1.0,2.5,0.31481481481481494,-0.5499999999999999,-0.7714285714285715,0.6176470588235294,-0.9130434782608695,0.3492063492063491,-0.32000386169549905,-0.34144299771715564,-0.08656428820400958,-0.27432638824860406,-0.5978499525081523,-0.036261238637436966,-0.5105669147351715,0.2993686612887383,-0.35581870312962227,chengjiang
-1.0,3.0,0.27777777777777785,-0.5,-0.8285714285714286,0.47058823529411764,-0.7826086956521738,-1.0,-1.0,-1.0,-0.05607505002950602,-0.30100300433396465,-0.6769187034937222,0.06546719966199338,-0.40226144968139665,0.3660860309045792,-0.260779036037491,chengjiang
-0.888888888888889,2.5,0.2592592592592594,-0.5,-0.8857142857142857,0.7941176470588235,-0.8260869565217391,0.3773148148148147,-0.09452137262904609,-0.03397076510289797,-0.03060248653625742,-0.22223767309981737,-0.5802414167008426,-0.12282730260324473,-0.5352584787874902,0.32179389926348834,-0.37680695190636154,chengjiang
-0.8464317976513098,3.9237804878048785,0.1325654923215899,-0.5853658536585366,-0.7334494773519163,0.5243902439024389,-0.8197242841993637,0.03909465020576134,-0.10725925777127791,-0.004578890204541832,-0.25968012470862206,-0.2750932294644751,-0.5626389647481591,-0.1857103985849604,-0.6037699396613226,0.22413720855454,-0.36223442242103104,chengjiang
-0.7407407407407408,2.2500000000000004,0.2037037037037037,-0.5499999999999999,-0.8,0.6176470588235294,-0.8260869565217391,0.20370370370370358,-0.1621111752880557,0.08718407611940379,-0.14034640183578728,-0.28539762871580393,-0.5411746167053768,-0.14517343549591477,-0.5583027920579093,0.20915603292056786,-0.4836014975112109,chengjiang
-1.0,2.0,0.351851851851852,-0.7499999999999999,-0.7142857142857142,0.7352941176470587,-0.9130434782608695,0.01851851851851845,-0.2355292128435617,-0.3799101459930521,-0.10503907518767576,-0.2640961532899196,-0.5368112409202302,-0.0887675127499072,-0.506893664268456,0.2297572067953222,-0.4187972826567645,chengjiang
-0.6626984126984127,2.5416666666666665,0.14307760141093495,-0.7470238095238094,-0.7108843537414965,0.5773809523809522,-0.8680124223602484,0.24149659863945572,-0.07242626930930009,0.14414431412061177,-0.174308303877706,-0.2536553484060862,-0.609433024357627,-0.09041136068741706,-0.5283582138819813,0.17453063241106714,-0.5195912033238389,chengjiang
-0.7751322751322751,4.059523809523809,0.08686067019400358,-0.7470238095238094,-0.8843537414965986,0.5476190476190476,-0.8680124223602484,0.23138602520045823,-0.2067624567803017,0.14158488127759639,-0.17146746566212834,-0.3513843116131,-0.5664100555445639,-0.007654322264603956,-0.4264452080194085,0.3159381456611571,-0.5672289940335292,chengjiang
-0.7751322751322751,2.794642857142857,0.18055555555555564,-0.7976190476190477,-0.826530612244898,0.726190476190476,-0.912008281573499,0.2882447665056361,-0.10618761034367763,0.05658958436510258,-0.13978298291712768,-0.2846043128357021,-0.6034600053056534,0.004562145118286549,-0.48101005606901287,0.25113808858116543,-0.42168424952981287,chengjiang
-0.6296296296296297,2.0,0.1666666666666668,-0.5,-0.6857142857142857,0.5882352941176469,-0.9130434782608695,0.09410430839002269,-0.05978682800911813,0.14414431412061177,-0.12731829367417646,-0.27747441835162384,-0.5516815224741738,-0.010862096221248372,-0.524464183928487,0.2755221415805237,-0.2588726789979056,chengjiang
-0.6502057613168725,2.4104938271604937,0.1465477823502514,-0.6327160493827161,-0.7901234567901234,0.7283950617283949,-1.0,0.15432098765432106,-0.17613482265650776,0.12289382048705916,-0.13679843192475308,-0.3269951417765187,-0.5294273851180048,-0.150500472230219,-0.578646601158236,0.19471219449329852,-0.5454807824751011,chengjiang
-0.9625220458553791,2.0357142857142856,0.33046737213403904,-0.6964285714285714,-0.8843537414965986,0.7559523809523807,-0.912008281573499,0.02564102564102567,-0.2655202252883068,-0.35993608744246697,-0.0014677912040586272,-0.29474675352025287,-0.5872803236208407,0.022434449159000832,-0.46339046884464186,0.2814903568123988,-0.22029761430011247,chengjiang
-0.888888888888889,3.7500000000000004,0.1666666666666668,-0.5499999999999999,-0.7428571428571428,0.4411764705882351,-0.8260869565217391,0.16487455197132608,-0.14525047921134177,0.029895492656838003,-0.23847147646771472,-0.25818131481922113,-0.5841997462939452,0.0846958229661262,-0.465532795894866,0.18270163525498892,-0.3020479417040816,chengjiang
-0.8500881834215167,1.0238095238095237,0.3492063492063492,-0.6964285714285714,-0.8554421768707483,0.7857142857142857,-0.7360248447204969,0.05555555555555548,-0.46694569920582796,-0.1512566526297346,-0.025204840086887784,-0.23946898439716544,-0.5446176821808206,0.07761610470617972,-0.4783530962308294,0.10219505262044527,-0.2462725616974568,chengjiang
-0.888888888888889,2.5,0.2592592592592594,-0.5,-0.8571428571428571,0.8529411764705882,-0.7391304347826086,0.22004357298474952,-0.2500572978342255,-0.018842344526379874,-0.1388727974559616,-0.28085294198228367,-0.45281407281647773,-0.20107620461803652,-0.57400650419004,0.1698130498533725,-0.29302314917940886,chengjiang
-0.7407407407407408,1.7500000000000002,0.24074074074074078,-0.5499999999999999,-0.9428571428571428,0.8235294117647057,-0.9130434782608695,0.2222222222222223,-0.08742550562038622,0.041687096365927656,0.20432097702450422,-0.3432600606718919,-0.5133011856413123,-0.05152203904525169,-0.478155223823862,0.256094267874053,-0.32127913345924286,chengjiang
-0.8126102292768959,2.2886904761904763,0.23677248677248683,-0.5446428571428571,-0.913265306122449,0.7857142857142857,-0.912008281573499,0.400304414003044,-0.0352918555596855,0.07065203785881247,-0.13539991656533798,-0.24664747797317127,-0.5095374914670326,0.018460031363055726,-0.4657498949303424,0.24014614491348063,-0.3764918459040105,chengjiang
-0.8148148148148148,2.2500000000000004,0.24074074074074078,-0.5,-0.7714285714285715,0.7058823529411764,-0.9130434782608695,0.019786910197869084,-0.17387330094211217,0.07065203785881247,-0.03348446704020775,-0.33241051672569355,-0.4913103250759712,-0.016090029099223052,-0.5002327322451676,0.27129961871630653,-0.3463059223823848,chengjiang
-0.7407407407407408,1.5,0.25925925925925924,-0.5,-0.8285714285714286,0.8235294117647057,-0.7826086956521738,0.15497076023391812,0.12613209927415284,-0.09226760252145987,0.05129485918372136,-0.30436938586257933,-0.5474271063012426,-0.03556517281427302,-0.525178025152463,0.23028053778106355,-0.3773857992042382,chengjiang
-0.6626984126984127,3.5535714285714284,0.06812169312169324,-0.8482142857142858,-0.9421768707482993,0.6666666666666665,-0.912008281573499,0.18357487922705318,0.0790568042155314,0.1283784921384632,-0.1267920508894606,-0.3001862366463895,-0.4518846640972542,0.18074427734222684,-0.4003301362117386,0.2245848587866108,-0.3692029277080185,chengjiang
-0.6626984126984127,3.300595238095238,0.08686067019400358,-0.8482142857142858,-0.7976190476190477,0.5773809523809522,-0.912008281573499,0.42424242424242414,0.31223261754726356,0.172969690445077,-0.22083265226791893,-0.2924055713275903,-0.5005956331143947,-0.06217866315092909,-0.48878446003718323,0.26880730589153334,-0.450607788658168,chengjiang
-0.6252204585537919,1.5297619047619047,0.19929453262786595,-0.6964285714285714,-0.7976190476190477,0.726190476190476,-0.7800207039337473,0.26512651265126497,-0.18122048319918851,0.15166877908943577,-0.13826792094150242,-0.3308038999045543,-0.5056609927473328,-0.010686900823122646,-0.46762319330117375,0.22366240530303028,-0.4673352236319174,chengjiang
-0.5877425044091711,1.5297619047619047,0.18055555555555564,-0.6458333333333334,-0.826530612244898,0.8154761904761904,-0.912008281573499,0.25730994152046777,-0.09887288622083414,0.08070208792361726,-0.04264944432235348,-0.32389981172538734,-0.464102872742377,-0.046400710632709403,-0.4902984659999959,0.21284965034965042,-0.49832622566054074,chengjiang
-0.5925925925925926,4.0,0.0,-0.7499999999999999,-0.7142857142857142,0.47058823529411764,-0.9130434782608695,0.11516626115166252,-0.029955217962712815,0.22774441215890806,-0.30542382298801646,-0.2703617442359475,-0.3794814227903105,0.13819210474379198,-0.4050499921235483,0.12793889100333475,-0.5555748424014132,chengjiang
-1.0,3.5,0.24074074074074078,-0.5499999999999999,-0.6285714285714286,0.41176470588235287,-0.7826086956521738,0.14035087719298253,-0.3058195230935161,-0.265237292966537,-0.26015034751271016,-0.24651242054362468,-0.48948641351257244,0.027157726881032178,-0.45533707966378506,0.225060436936668,-0.44456487126125854,chengjiang
-0.400352733686067,2.2886904761904763,0.030643738977072378,-0.5952380952380952,-0.8843537414965986,0.6369047619047619,-0.8240165631469979,0.3347763347763348,0.05450556322657437,0.25693381847444974,-0.08697440837542679,-0.3469584445316873,-0.350107731940316,-0.0777149945498214,-0.42558085574701504,0.33008814321183005,-0.5016244131738167,chengjiang
-1.0,2.7500000000000004,0.29629629629629634,-0.5499999999999999,-0.8,0.5882352941176469,-0.8260869565217391,0.07407407407407406,-0.21399061031823327,-0.32422634307481163,-0.07052409221594343,-0.31459305283497974,-0.5543256618616302,0.05193432733831725,-0.4736870644006075,0.263259342492085,-0.30408243588676315,chengjiang
-0.9629629629629629,2.7500000000000004,0.27777777777777785,-0.6,-0.8285714285714286,0.5294117647058824,-0.9130434782608695,0.18055555555555552,-0.18019641249996832,-0.3081212382196916,-0.09803786064390219,-0.2855905620937539,-0.48690225532546844,-0.0161018099437206,-0.46519509374446044,0.17933890413908177,-0.5129272587907991,chengjiang
-0.8875661375661376,1.7827380952380953,0.3117283950617285,-0.5952380952380952,-0.8843537414965986,0.7559523809523807,-0.8680124223602484,0.5053763440860214,0.5363218661510709,-0.14307419778823913,0.0070803485592142905,-0.2878536732141745,-0.5037280216538143,0.04439721275069506,-0.41369608239304917,0.2999022720719303,-0.39395967947590493,chengjiang
-0.6586345381526104,3.352409638554217,0.08099062918340032,-0.4879518072289157,-0.9707401032702238,0.7771084337349395,-0.821896280775275,0.11620795107033646,0.07352152701388874,0.1706907475318882,-0.11250256844163069,-0.26155886745094165,-0.4055711085778418,-0.032020944628939195,-0.4672102191199759,0.3079444670323612,-0.2482662116979925,chengjiang
-0.5069165551093262,2.8403614457831328,0.043061133422579306,-0.539156626506024,-0.7951807228915663,0.716867469879518,-0.5547407019381875,0.2582781456953642,0.12043345136928046,0.2520246270772378,-0.11358671230551079,-0.3203744955611243,-0.5245943115123944,-0.07529236898906043,-0.48858561883064033,0.30141945873355486,-0.25005649583544587,chengjiang
-1.0,2.7500000000000004,0.29629629629629634,-0.3499999999999999,-0.8285714285714286,0.6764705882352939,-0.8260869565217391,0.041666666666666644,-0.33794887787143785,-0.3081212382196916,-0.1447023844431674,-0.2558300312314102,-0.6035070071733897,0.04996676662937538,-0.4865246570247797,0.17666577189214988,-0.22529920617068358,chengjiang
-0.9629629629629629,2.5,0.2962962962962965,-0.7,-0.9142857142857144,0.7058823529411764,-0.8260869565217391,0.1965811965811965,-0.28035973022480315,-0.18696639699738984,-0.02389051875400446,-0.28249427214287665,-0.5540730024591775,-0.11422655565012813,-0.5562470692091285,0.1622564935064935,-0.5078897932643333,chengjiang
-1.0,3.864457831325301,0.21374386434627413,-0.7951807228915663,-0.8244406196213425,0.6566265060240963,-1.0,0.19883040935672514,-0.5039458499781195,-0.265237292966537,-0.27164451227051506,-0.30072013764663275,-0.38006257437358454,0.009224751226862426,-0.46727234887954394,0.197059441432984,-0.4899680252119933,chengjiang
-1.0,2.7500000000000004,0.29629629629629634,-0.8,-0.7428571428571428,0.6176470588235294,-0.8695652173913044,0.29629629629629634,-0.3539042616190779,-0.32422634307481163,-0.144856654125421,-0.29756977534856427,-0.5948397923470735,0.12885494933309158,-0.3924213242150294,0.30218153535998143,-0.32515816698262323,chengjiang
-0.8126102292768959,2.0357142857142856,0.25551146384479734,-0.6458333333333334,-0.8843537414965986,0.7857142857142857,-1.0,0.2777777777777776,0.14279916364989878,-0.023783941938133605,0.06615195355782362,-0.29841571186768123,-0.4093328421442335,0.017235222363032886,-0.4605949079244274,0.24449838873812751,-0.504157666575164,chengjiang
-0.6666666666666666,2.5,0.14814814814814833,-0.7,-0.7428571428571428,0.6764705882352939,-0.9130434782608695,0.10082304526748964,0.007617545548337989,0.1683908002405353,-0.16165081142417054,-0.3023841736480508,-0.46464873004188556,-0.08462311237811271,-0.5499241626999638,0.1958822285926415,-0.4989136372549198,chengjiang
-0.6666666666666666,2.7500000000000004,0.1296296296296297,-0.7499999999999999,-0.8285714285714286,0.7058823529411764,-1.0,0.23888888888888885,-0.0067227155157069144,0.14918574850694352,-0.11858684173454516,-0.31476567717729914,-0.488805686589381,-0.05580263100692086,-0.49698953377479227,0.2726360686785892,-0.5360803556232399,chengjiang
-0.8875661375661376,3.5535714285714284,0.18055555555555564,-0.7470238095238094,-0.826530612244898,0.6071428571428572,-0.7800207039337473,0.003316749585406336,-0.26245383659039223,0.04924956948570923,-0.21959989700900126,-0.28166579816236376,-0.6104137591168673,0.0905633028744823,-0.44907805010906066,0.1766182896574079,-0.3103255628615937,chengjiang
-1.0,4.500000000000001,0.1666666666666668,-0.7,-0.8285714285714286,0.5294117647058824,-1.0,0.08585858585858586,-0.503342255169534,-0.22865349336331764,-0.2423152718584458,-0.25286724938786365,-0.5784818043762568,0.1320234558337597,-0.41218007473331914,0.17775204009160486,-0.31931184783699373,chengjiang
-0.7777777777777778,3.0,0.1666666666666668,-0.7,-0.8,0.6470588235294117,-1.0,0.160968660968661,-0.1414619474147121,0.08718407611940379,-0.13594057937562867,-0.294559117552718,-0.45680763842645805,-0.029267221879939135,-0.44298934247342014,0.18540313852813858,-0.6028415535578185,chengjiang
-0.7001763668430335,3.300595238095238,0.10559964726631392,-0.5952380952380952,-0.7976190476190477,0.6369047619047619,-0.8680124223602484,0.11111111111111108,-0.2536043643235095,0.1683908002405353,-0.24885334324903619,-0.2737174490914824,-0.4326232345517,-0.11431242720458828,-0.5670104055484394,0.21226804086259013,-0.4990009518279209,chengjiang
-0.888888888888889,2.7500000000000004,0.24074074074074078,-0.6,-0.7714285714285715,0.7058823529411764,-0.9130434782608695,0.14987080103359177,-0.39422890232978586,-0.06142066510614597,-0.19035100314995967,-0.26970804700926576,-0.48998308985054634,-0.04399454207864866,-0.503575812448985,0.14976808595835553,-0.30326020402084214,chengjiang
-0.9629629629629629,1.5,0.37037037037037046,-0.7,-0.7428571428571428,0.5882352941176469,-0.8260869565217391,-0.16666666666666669,-0.06371832410146101,-0.8270303095549228,0.11275642381853897,-0.3505582244291755,-0.5789816746262872,0.008721577498592783,-0.4748772731945145,0.2753664505975245,-0.32146854751204795,chengjiang
-0.6626984126984127,3.300595238095238,0.08686067019400358,-0.7470238095238094,-0.8554421768707483,0.6369047619047619,-1.0,0.21304791029561657,0.19746943152534233,0.1706907475318882,-0.13962426753469886,-0.2913766347665481,-0.5091499621595819,-0.02373788589844768,-0.5063377357068867,0.3452789379474941,-0.44278071501882926,chengjiang
-0.6296296296296297,1.5,0.2037037037037037,-0.8,-0.8571428571428571,0.9705882352941175,-0.9130434782608695,0.08730158730158724,-0.006169714303815461,0.06018018609123914,0.06882221832960174,-0.25120713161152514,-0.4579222257324509,-0.11696859239702678,-0.5636848595406923,0.17893365184508395,-0.4907747390005069,chengjiang
-1.0,3.806547619047619,0.2180335097001765,-0.6964285714285714,-0.826530612244898,0.5773809523809522,-0.8680124223602484,0.11111111111111108,-0.39246022382818796,-0.25243743530145113,-0.22652303253791325,-0.254503521290214,-0.5561986641369944,0.041990087505397705,-0.44387037562896764,0.21938586417082362,-0.381618846477699,chengjiang
-1.0,2.2500000000000004,0.33333333333333337,-0.5499999999999999,-0.9714285714285714,0.7352941176470587,-0.6956521739130435,-1.0,-1.0,-1.0,0.13271511319144924,-0.28724277406911125,-0.6850265895345218,0.022875665850992398,-0.4534479664739159,0.31847845797241625,-0.1564249557133443,chengjiang
-1.0,3.0,0.27777777777777785,-0.7,-0.8,0.5882352941176469,-0.8695652173913044,-0.018518518518518576,-0.247485183509873,-0.1512566526297346,-0.12337179460334799,-0.26237505264609684,-0.4861343392169866,0.007026295570562245,-0.4704576823549667,0.1428725197244465,-0.4623856364840577,chengjiang
-0.7037037037037037,2.0,0.2037037037037037,-0.7,-0.8857142857142857,0.9705882352941175,-0.9130434782608695,0.0855683269476373,-0.30320095742215175,0.11443394203207737,-0.059747440613373164,-0.2983669515772485,-0.5022281574759896,-0.1149562321933295,-0.5278733484096184,0.19956322490138997,-0.42830586511341323,chengjiang
-0.9259259259259258,1.5,0.35185185185185186,-0.65,-0.9142857142857144,0.7941176470588235,-0.9130434782608695,0.18773946360153243,-0.4159203831801125,-0.15971653108471626,-0.045041527635268364,-0.29294302015198925,-0.5170779508424144,-0.16563729243380432,-0.5639469482373958,0.18916790074951645,-0.4895427601281831,chengjiang
-0.7751322751322751,3.806547619047619,0.10559964726631409,-0.5952380952380952,-0.8554421768707483,0.6666666666666665,-0.7800207039337473,-0.004329004329004392,-0.08018241288311938,0.08396412802937261,-0.2689003219969856,-0.2767536044593162,-0.49668458007955274,-0.033462538137776054,-0.5107987202399622,0.15825517981014967,-0.3101516636128089,chengjiang
-0.8148148148148148,3.7500000000000004,0.1296296296296297,-0.7499999999999999,-0.8,0.5588235294117646,-1.0,0.3233458177278402,-0.0742981176958193,0.12010560695909486,-0.1753607143585391,-0.26948408419226033,-0.4529122787748835,-0.07193019843371284,-0.48497146291562715,0.30607402403513967,-0.5821814148644334,chengjiang
-1.0,2.5416666666666665,0.3117283950617285,-0.5446428571428571,-0.7976190476190477,0.7857142857142857,-0.6480331262939959,0.03174603174603176,-0.519170119424222,-0.34144299771715564,-0.09090613017839938,-0.2475031209295096,-0.5406422030517005,-0.022246650813218142,-0.5017152095436909,0.13823816440124717,-0.2511125394256897,chengjiang
-0.9259259259259258,1.7500000000000002,0.33333333333333337,-0.6,-0.8571428571428571,0.8235294117647057,-0.7826086956521738,0.18055555555555552,-0.10004234995179148,-0.2069404555479751,-0.030538753793189138,-0.3747650676649347,-0.5032171119964955,-0.15299151889162582,-0.5289079847311231,0.2835125811688312,-0.5079164920044459,chengjiang
-0.962070504239179,3.096385542168675,0.25167336010709496,-0.6927710843373494,-0.8537005163511189,0.7771084337349395,-1.0,0.3020833333333333,-0.2034502422648237,-0.13515154777461447,-0.16870125977283493,-0.28262147136662275,-0.4323185944903578,-0.05533533080048767,-0.5011099733130744,0.19031813713358628,-0.5411135029510056,chengjiang
-0.8148148148148148,4.500000000000001,0.07407407407407417,-0.5,-0.7714285714285715,0.5294117647058824,-0.6521739130434783,0.19119119119119107,-0.07490396499363808,0.17522800915769823,-0.2933297142591408,-0.2784706030935566,-0.6171067364792859,0.12517364382189683,-0.3811510492307429,0.24041147770867236,-0.25899232150986196,chengjiang
-0.7407407407407408,1.5,0.25925925925925924,-0.7,-0.7714285714285715,0.7058823529411764,-0.9130434782608695,0.40572390572390565,-0.03618741362131282,0.045496979753476136,-0.0699804030140192,-0.3126364591086612,-0.509058513469229,-0.022178093065427236,-0.472178060766483,0.20671614335867378,-0.5281874117285649,chengjiang
-1.0,2.2500000000000004,0.33333333333333337,-0.65,-0.8857142857142857,0.7941176470588235,-0.8695652173913044,-1.0,-1.0,-1.0,-0.07682985421456584,-0.317224984113993,-0.541558266804763,-0.17909515893306777,-0.5594510090588849,0.2282156582128359,-0.41808401601936296,chengjiang
-0.9250440917107583,0.5178571428571428,0.42416225749559094,-0.49404761904761907,-0.826530612244898,0.6964285714285714,-1.0,0.06837606837606838,-0.3464918309057437,-0.35993608744246697,-0.033278548122318216,-0.3071907235883714,-0.5761544824165419,-0.12267832943390311,-0.5434836159488531,0.18782520033366154,-0.33146204459721207,chengjiang
-0.7407407407407408,3.7500000000000004,0.09259259259259262,-0.6,-0.7714285714285715,0.5588235294117646,-0.9130434782608695,0.14678899082568794,-0.04186278268650948,0.1706907475318882,-0.2635195961603021,-0.2614570970054629,-0.4885704136146356,-0.01123994674719751,-0.47023888410624637,0.22064090978339154,-0.3974883362590266,chengjiang
-1.0,1.2767857142857142,0.4054232804232806,-0.6964285714285714,-0.913265306122449,0.8452380952380952,-1.0,0.16666666666666669,-0.24837837648517253,-0.4254071257465282,-0.005225654664848944,-0.2769190313908172,-0.4651689873971615,-0.07063373773764003,-0.5044021731954629,0.23804617477592827,-0.4642983358527723,chengjiang
-0.8888888888888888,0.75,0.24999999999999994,-0.25,-0.8888888888888888,0.4666666666666666,-0.7142857142857143,-0.24705882352941172,-0.3030003006757564,-0.27547322483774606,-0.09472751234084241,0.002320370335071883,-0.5287174306532617,0.05982980746876333,-0.47036625071923377,0.01327646281388929,-0.007080949579286617,chengjiang trophic species
-1.0,2.2499999999999996,0.0,-0.5,-0.44444444444444436,-0.13333333333333333,-1.0,-0.16742081447963805,-0.19131397340089146,-0.1929182152396971,-0.3545701252240518,0.054759892740994194,-0.6088199181868731,0.27516675628519455,-0.39574197970114744,-0.043376356514480185,-0.11551439345589964,chengjiang trophic species
-1.0,1.2499999999999998,0.2,-0.625,-0.6666666666666666,0.3333333333333334,-0.2857142857142857,-0.058823529411764705,-0.0455938552644838,-0.3086257519131893,-0.22833018836081154,0.04905239983302934,-0.6231703012341568,0.21344285200930002,-0.299911092429498,0.005889912186763805,-0.1818805968303132,chengjiang trophic species
-0.08333333333333326,0.546875,-0.07187500000000002,-0.484375,-0.7708333333333334,0.23750000000000004,-1.0,-0.0473457675753228,0.022943747076862073,0.1685050867428925,-0.0656525307142285,0.05288536725431725,-0.3531480360944642,0.04131571789562394,-0.4728515219924492,0.044309318555008186,-0.3069391277188711,chengjiang trophic species
-0.65625,0.28906249999999994,0.23749999999999996,-0.484375,-0.65625,0.30625,-1.0,-0.10160427807486627,-0.05431007568902669,-0.24548311614475074,-0.11001693446570736,0.02347496470225109,-0.1974977934252938,-0.05017383227390069,-0.3733363597629772,-0.07878449439247981,-0.4247144215060334,chengjiang trophic species
-0.65625,0.8046875,0.13437499999999997,-0.09765625000000003,-0.31249999999999994,-0.03749999999999997,-0.11607142857142859,-0.19327731092436978,-0.36723488756063644,-0.16959955038699756,-0.1685061436393119,-0.14279273615723348,-0.5158598410242281,0.301213501632831,-0.27807094700347357,-0.05965517241379303,0.013262829076917074,chengjiang trophic species
-1.0,2.3515625,-0.02031250000000003,-0.484375,0.14583333333333343,-0.44999999999999996,-0.7053571428571429,-0.16742081447963805,-0.19131397340089146,-0.1929182152396971,-0.39967885780807205,0.1550741681208089,-0.42803788986330804,0.5043680079800249,-0.0904455938170983,0.060121137036272344,-0.15121479821152659,chengjiang trophic species
-0.4270833333333333,1.0625,-0.02031250000000003,-0.7421875,-0.5416666666666666,0.16875000000000004,-1.0,-0.1708683473389356,-0.1565768767528889,-0.0420167183291237,-0.1980574366262882,-0.02839950367102389,-0.24930246514321627,0.26509207432986015,-0.3008762612565133,-0.11205343274308795,-0.2851019097219295,chengjiang trophic species
-0.31249999999999994,0.8046875,-0.02031250000000003,-0.22656250000000003,-0.4270833333333333,0.031250000000000035,-0.41071428571428575,-0.058823529411764705,0.0454995489863653,0.08053147863426222,-0.2481216328938251,-0.03527118383652173,-0.22624076461809117,0.18005660392620773,-0.1898696901435648,-0.007251047373509447,-0.06530821547554207,chengjiang trophic species
-1.0,0.75,0.29999999999999993,-0.75,0.11111111111111123,-0.13333333333333333,-1.0,-0.1260504201680672,-0.48984845693827367,-0.3877038423725291,-0.27011037357945694,0.019205654144579642,-0.3973135597387194,0.29799261114459275,-0.3453747502355556,-0.14962643678160914,-0.5284441909117568,chengjiang trophic species
-1.0,2.0,0.049999999999999954,-0.75,-0.44444444444444436,-0.06666666666666661,-1.0,-0.058823529411764705,-0.003155292968361193,-0.21810429198553147,-0.30163955477649823,0.1520978061655632,-0.5184569491830705,0.3981930297891279,-0.24524037437717844,-0.06255747126436781,-0.5485497300533978,chengjiang trophic species
-0.31249999999999994,0.8046875,-0.02031250000000003,-0.7421875,-0.4270833333333333,-0.03749999999999997,-0.7053571428571429,-0.030303030303030328,0.06382008409182219,0.10020400789865458,-0.10589113434661902,0.011693156751061612,-0.39004073316706284,-0.06622099287411086,-0.5092129333159713,0.08399113696163962,-0.430698817951757,chengjiang trophic species
-0.14444444444444438,0.9249999999999999,-0.12000000000000022,-0.45,-0.14444444444444438,0.026666666666666717,-0.6857142857142856,0.004769475357710629,0.06288465187391322,0.13620413794214664,-0.22654655505569013,-0.02296411624021707,-0.2977173528894435,0.11794732234798898,-0.31004594886615433,0.006971514242878562,-0.21581078850034854,chengjiang trophic species
-0.8888888888888888,1.2499999999999998,0.15000000000000005,-0.5,-0.44444444444444436,0.19999999999999996,-1.0,0.024221453287197145,-0.14165849127355143,-0.10850681099192551,-0.21960489678197742,0.07036732063035454,-0.5601911213636905,0.3027390306099979,-0.29542274107115085,-0.03749216300940436,0.011516161066085525,chengjiang trophic species
-0.4086021505376344,1.9274193548387097,-0.20161290322580644,-0.467741935483871,-0.6451612903225806,-0.21935483870967734,-1.0,-0.15686274509803919,-0.111867758783756,0.0,-0.39902618765694753,0.05511032982403252,-0.2239140679546679,0.3365054932854328,-0.19911789415847542,-0.17163553639846746,-0.4947325020382814,chengjiang trophic species
-1.0,1.129032258064516,0.22419354838709676,-0.33467741935483875,-0.17204301075268813,0.13548387096774195,-1.0,-0.058823529411764705,0.02030308612345232,-0.3456871240434053,-0.2803259192036433,0.08847735095792832,-0.4148200353616324,0.1651517926855843,-0.39578640624664024,-0.09937632080820573,-0.2226868098766886,chengjiang trophic species
-0.6666666666666666,1.5,-1.8318679906315082e-16,-0.5,-0.6666666666666666,0.13333333333333333,-1.0,-0.23809523809523808,-0.0969693230109978,-0.0420167183291237,-0.24040799390903497,0.09133252345974141,-0.36239764280944786,0.38763413742096664,-0.30865994408449327,-0.107227636181909,-0.18818176988151836,chengjiang trophic species
0.14583333333333343,0.031249999999999972,-0.07187500000000002,-0.7421875,-0.5416666666666666,0.10000000000000003,-1.0,-0.09368191721132903,0.17940255260423751,0.03706137213021608,-0.09664282454009651,-0.00534834598162876,-0.10869616864213226,0.05317328393504481,-0.2792880873105567,-0.0070307485850983524,-0.31500980419938845,chengjiang trophic species
-0.33333333333333326,1.7499999999999998,-0.2000000000000001,-1.0,-0.33333333333333326,0.06666666666666674,-1.0,-0.14637482900136803,-0.1537113312725202,0.18349163245034517,-0.357536125324592,0.0795648744484878,-0.22699389496268568,0.37195628518470064,-0.271389489842977,-0.12634881538822426,-0.4788363178182827,chengjiang trophic species
-0.6451612903225806,1.129032258064516,0.06451612903225801,-0.6008064516129032,-0.17204301075268813,0.06451612903225813,-0.695852534562212,0.11764705882352941,-0.1268584091776623,0.0,-0.2641447742620355,-0.051715073765643195,-0.4015460329312811,-0.07072384719056805,-0.45419347828655215,0.09354474548440066,-0.6133170821936351,chengjiang trophic species
0.10000000000000005,1.4749999999999999,-0.3400000000000001,-0.8625,-0.5111111111111111,0.026666666666666717,-1.0,-0.03001200480192084,0.2747713897190901,0.22459231525494183,-0.29889694441134534,0.03191692689272732,-0.14893479439370033,0.2038420543106589,-0.3013727861506213,0.01668408220132357,-0.6470288624787776,chengjiang trophic species
-0.7777777777777778,0.75,0.2,-0.875,-0.5555555555555555,0.13333333333333333,-1.0,-0.14438502673796794,-0.18607970499276616,-0.24548311614475074,-0.09893562547274416,-0.02634101193677183,-0.25898478947746567,-0.009538519174310122,-0.3932190659694161,-0.056444118366348786,-0.41988339686709153,chengjiang trophic species
-0.44444444444444436,0.75,0.049999999999999954,-0.25,-0.33333333333333326,0.06666666666666674,-0.5714285714285714,-0.17647058823529413,-0.2574848034604036,-0.05736893285221446,-0.2058864049364961,-0.09453388791946084,-0.44193445704391254,0.07315424038276817,-0.4238310279211755,-0.04310344827586211,-0.08258320786750802,chengjiang trophic species
-0.5555555555555555,2.0,-0.15000000000000005,-0.625,-0.7777777777777778,-0.06666666666666661,-1.0,-0.12156862745098038,0.10584694336965482,0.07021389920565922,-0.38139687673188366,-0.015268639448356248,-0.4455770385186723,0.36120038795111936,-0.313757605260403,-0.05231057940417543,-0.18126464623565552,chengjiang trophic species
-1.0,1.0625,0.23749999999999996,-0.484375,-0.1979166666666666,0.031250000000000035,-0.5580357142857143,-1.0,-1.0,-1.0,-0.28640032606545973,0.029835852582562765,-0.4503152885271298,0.1684450656334232,-0.38780224800512303,-0.06967406707605102,-0.2159422703315878,chengjiang trophic species
-1.0,0.5,0.34999999999999987,-0.375,-0.7777777777777778,0.19999999999999996,-0.2857142857142857,-1.0,-1.0,-1.0,-0.04103363345524953,0.036560924415268266,-0.5506715276470838,0.3379284843591193,-0.23959639100328828,-0.01781959629941122,0.1896752768494383,chengjiang trophic species
-1.0,2.609375,-0.07187500000000002,-0.7421875,-0.5416666666666666,-0.17499999999999996,-1.0,0.1294117647058823,-0.0055315650180798705,-0.14789039277987223,-0.43581024419316455,-0.057973454198103076,-0.4074305463970362,0.3608201720402044,-0.22015282992149768,-0.06636892397174904,-0.506543525347382,chengjiang trophic species
-0.4270833333333333,2.09375,-0.22656250000000003,-0.7421875,-0.4270833333333333,-0.10624999999999997,-1.0,-0.04812834224598921,-0.1518982497243196,0.19072546782631233,-0.3363636049049296,0.059089453077842954,-0.3420327768204041,0.3295099486263251,-0.23602222679196466,-0.03016348968372959,-0.5851974685267642,chengjiang trophic species
-0.44444444444444436,0.75,0.049999999999999954,-0.75,-0.22222222222222215,0.0,-1.0,0.02231237322515219,0.14466033428512015,0.059546505421467236,-0.19520363256502377,-0.011540720896502998,-0.39458408629818925,0.1029374076873331,-0.3183859689716724,-0.04556812502839485,-0.3473794102550699,chengjiang trophic species
-0.5555555555555555,1.5,-0.050000000000000135,-0.5,-0.6666666666666666,-0.06666666666666661,-1.0,0.0039215686274509665,0.003153913731390709,-0.14789039277987223,-0.20947827031594543,0.03022449369533916,-0.23315830450105332,0.25683012278308964,-0.17328043723831976,0.15225596157145307,-0.2686365006575147,chengjiang trophic species
-0.7555555555555556,1.2,0.10000000000000009,-0.45,-0.6333333333333333,-0.0466666666666666,-0.5285714285714286,-0.058823529411764705,1.061752914999334,-0.3877038423725291,-0.16457929646466077,0.07801404663720451,-0.5515997017961313,0.18740637801728027,-0.29875465907022103,-0.021725128814902905,-0.5752746079346969,chengjiang trophic species
-0.5555555555555555,2.7499999999999996,-0.3,-0.625,-0.8888888888888888,0.06666666666666674,-0.7142857142857143,0.16470588235294123,0.5581640142173185,0.160735359133317,-0.35374129367346857,0.2144046064304187,-0.4175147719837794,0.41014498754326834,-0.2004866916471997,0.21115163572060133,-0.21918612721700767,chengjiang trophic species
-0.8888888888888888,1.0,0.2,-0.625,-0.6666666666666666,0.0,-1.0,-0.2605042016806723,-0.3068405486293356,-0.16959955038699756,-0.18375393517540511,0.06954641732240198,-0.41744631647976566,0.41880201980888654,-0.2656392452041714,-0.10091829085457264,-0.22796273166122538,chengjiang trophic species
-0.3678160919540229,0.9913793103448276,-0.03275862068965528,-0.5732758620689656,-0.3678160919540229,0.21379310344827587,-1.0,-0.032679738562091595,0.17778351640647402,-0.09052145992765777,-0.22782178224881283,-0.1533795462851816,-0.41202347896997793,0.131724692164637,-0.3011690253362797,-0.02415458937198071,-0.1266356764083172,chengjiang trophic species
-0.31249999999999994,0.546875,0.031249999999999972,-0.22656250000000003,-0.7708333333333334,0.5125000000000001,-0.41071428571428575,-0.10160427807486627,-0.02414384793507994,0.10020400789865458,-0.021720303111181526,0.01989581776831144,-0.3877218888153994,-0.06353871348419499,-0.4435854233045038,0.003711685823754846,-0.1276041730836995,chengjiang trophic species
-1.0,1.0,0.24999999999999994,-0.625,-0.44444444444444436,0.19999999999999996,-1.0,-0.29411764705882354,-0.2785367689365448,-0.3456871240434053,-0.16055837258228703,-0.0005575971236266348,-0.4823389075265598,0.25629600799479285,-0.30664693871910204,0.030262544004750373,-0.17424188877327593,chengjiang trophic species
-1.0,1.0,0.24999999999999994,-0.5,-0.6666666666666666,0.4666666666666666,-0.7142857142857143,-1.0,-1.0,-1.0,-0.22734903431891432,-0.05615001627907858,-0.3780083335990328,0.0921934178422538,-0.37937978184178417,-0.049325730835369716,-0.1783526964051713,chengjiang trophic species
-0.6451612903225806,1.9274193548387097,-0.09516129032258074,-0.33467741935483875,-0.5268817204301075,-0.07741935483870961,-0.543778801843318,0.18767507002801118,0.6319534434198374,-0.0420167183291237,-0.32021999248812416,-0.03552078705676596,-0.4304551276800335,0.4150053071126583,-0.13588019988234767,0.09586801426872775,0.006925804965180091,chengjiang trophic species
-0.5416666666666666,1.3203125,-0.02031250000000003,-0.87109375,-0.7708333333333334,0.031250000000000035,-1.0,0.04411764705882353,0.40244915125150116,0.09052145992765794,-0.11670045624541363,-0.03126286946427156,-0.536157026669115,0.2482884034703633,-0.3428016727712135,0.09925897856932338,-0.1896775687433622,chengjiang trophic species
-1.0,2.0,0.049999999999999954,-0.75,-0.33333333333333326,-0.13333333333333333,-1.0,-0.2760180995475113,-0.2996573572796739,-0.1929182152396971,-0.384981146943585,0.0661698804127929,-0.3798763445376777,0.7457618805123685,-0.025728105518584888,-0.19352049638897367,-0.3029239578749543,chengjiang trophic species
-0.1979166666666666,0.28906249999999994,0.031249999999999972,-0.7421875,-0.5416666666666666,0.10000000000000003,-1.0,0.08061002178649236,0.44086954524067734,0.03706137213021608,-0.066661330963627,-0.19030368254699923,-0.18200780207611703,-0.04229451113847131,-0.3379341924452246,0.16675330676370348,-0.7137747461319153,chengjiang trophic species
-0.1979166666666666,1.0625,-0.12343750000000002,-0.7421875,-0.31249999999999994,-0.24374999999999997,-1.0,-0.09019607843137255,0.2747336752710935,0.07021389920565922,-0.27751314247670006,-0.1629115655605056,-0.30350363805116887,0.40639363772457443,-0.20905752803707617,0.04411970843846374,-0.4147904032812496,chengjiang trophic species
-1.0,1.5,0.15000000000000005,-0.375,-0.7777777777777778,0.19999999999999996,-1.0,-0.15294117647058822,-0.43090212859410204,-0.27547322483774606,-0.1042715587242007,0.12338173093708027,-0.5270301327709338,0.21232967596641975,-0.2982087916426883,0.06381660470879805,0.15238163295311666,chengjiang trophic species
-0.33333333333333326,0.5,0.049999999999999774,-0.625,-0.7777777777777778,0.4,-1.0,-0.058823529411764705,0.12926857954716664,-0.0420167183291237,0.03246098681849461,0.0014476701501360007,-0.2403085194343838,-0.0072451892348100325,-0.384487446985114,0.1038251366120218,-0.40572855191492474,chengjiang trophic species
-0.5555555555555555,1.0,0.049999999999999954,-0.625,-0.5555555555555555,0.26666666666666683,-0.42857142857142855,0.18767507002801118,0.17814452285676222,-0.0420167183291237,-0.08897622115511072,-0.06731561042826138,-0.44980522921204136,0.08651187333501568,-0.258895116004875,0.16940579417893392,0.15652963919038793,chengjiang trophic species
-0.44444444444444436,1.5,-0.10000000000000009,-0.75,-0.33333333333333326,0.06666666666666674,-0.5714285714285714,0.28342245989304804,0.453816627656361,-0.027378824159219273,-0.18977268938818448,-0.02532093140528311,-0.3585706481673545,0.11491644824184609,-0.2541134368809149,0.12276725487021746,-0.2637665374635613,chengjiang trophic species
-0.5416666666666666,0.546875,0.13437499999999997,-0.87109375,-0.4270833333333333,0.031250000000000035,-1.0,-0.058823529411764705,0.1340034790540538,-0.09052145992765777,-0.1179546484023359,0.13008702331625863,-0.28677006230662805,0.15094547143443846,-0.3719376736692426,-0.04408410873928118,-0.35243755641251256,chengjiang trophic species
-0.8888888888888888,1.2499999999999998,0.15000000000000005,-0.625,-0.33333333333333326,-0.13333333333333333,-1.0,0.042016806722689135,-0.2185927288099946,-0.16959955038699756,-0.15347916807563503,-0.15212158459450467,-0.4834866726548084,0.09776861655905074,-0.3814076482505289,0.1459720783385131,-0.5161343712293515,chengjiang trophic species
-0.4270833333333333,1.578125,-0.12343750000000002,-0.7421875,-0.4270833333333333,0.031250000000000035,-1.0,-0.18207282913165265,-0.10272828110526232,0.17608757365640793,-0.31577936954403124,0.03428203328994105,-0.29529901307647644,0.17584332752898285,-0.45781906622528357,-0.10347836552927729,-0.45004540179044444,chengjiang trophic species
-0.5555555555555555,1.2499999999999998,0.0,-0.5,-0.33333333333333326,0.13333333333333333,-1.0,0.12217194570135745,0.1501713505245221,0.025186076745834514,-0.2688192003248666,0.048343375146785376,-0.4845408722951851,0.2556909591307483,-0.3360008607990005,0.016473330155198893,-0.38248554576196536,chengjiang trophic species
-0.5416666666666666,0.28906249999999994,0.18593749999999998,-0.87109375,-0.5416666666666666,0.37500000000000006,-1.0,0.11455108359133118,-0.07680134538043314,-0.07350877727452719,-0.12429399285613409,-0.049564754501088014,-0.1741467316774236,-0.06928112238118109,-0.3912285486628756,-0.05712118560009335,-0.45207789425633466,chengjiang trophic species
-1.0,1.0,0.24999999999999994,-0.875,-0.6666666666666666,0.3333333333333334,-1.0,-0.11764705882352941,-0.522796927632242,-0.3456871240434053,-0.15143239279706075,0.05136225071694029,-0.39929273272437865,0.30287620966953094,-0.24756171070115465,0.002794292508917975,-0.10545221223697696,chengjiang trophic species
-0.5555555555555555,1.2499999999999998,0.0,-1.0,-0.5555555555555555,0.13333333333333333,-1.0,-0.1484593837535014,0.011764834877069544,-0.0420167183291237,-0.2195502410013397,-0.0338970650102251,-0.2837712977665979,0.10372089025738583,-0.41297907918596694,-0.06700968887284108,-0.3561894694130334,chengjiang trophic species
-0.7555555555555556,0.9249999999999999,0.1549999999999999,-0.31250000000000006,-0.26666666666666655,-0.11999999999999993,-1.0,-0.20361990950226244,0.013741583426973696,-0.1929182152396971,-0.3177552117832095,0.006871461381875802,-0.433084076088029,0.37124748395733387,-0.26385616964073977,-0.16296018657338,-0.43027303499161773,chengjiang trophic species
-0.7777777777777778,0.0,0.35000000000000003,-0.375,-0.6666666666666666,0.06666666666666674,-0.7142857142857143,-0.13122171945701352,-0.49312920828651324,-0.1929182152396971,-0.05418655922768316,-0.05129824842282319,-0.44028529705958014,0.1339567434581746,-0.42666275711493284,-0.05056580237013274,-0.21185571963993985,chengjiang trophic species
-0.4270833333333333,1.3203125,-0.07187500000000002,-0.35546875,-0.7708333333333334,0.031250000000000035,-0.7053571428571429,-0.2,-0.113296647796008,-0.05736893285221446,-0.16382696188538867,0.10214355677740072,-0.12018190818710438,0.17079820074662735,-0.27553717884469414,0.01262689822971726,-0.6561784244161833,chengjiang trophic species
-0.6333333333333333,1.2,0.04499999999999992,-0.7250000000000001,-0.8777777777777778,0.24666666666666667,-0.6857142857142856,0.09803921568627458,0.7322189270361569,-0.09052145992765777,-0.19020635791773013,0.11593439629771457,-0.3114703549120761,0.21677227185091508,-0.31448687785679635,0.10308775501548122,-0.2929990274858455,chengjiang trophic species
-0.22222222222222215,1.0,-0.10000000000000009,-0.75,-0.33333333333333326,0.13333333333333333,-1.0,-0.10588235294117651,-0.03903428566306126,0.07021389920565922,-0.21125377684346408,-0.004508834175600906,-0.34341895222840235,0.14933118278885235,-0.30865994408449327,-0.06253178720374328,-0.36979932860382597,chengjiang trophic species
-0.5111111111111111,1.2,-0.00999999999999988,-0.31250000000000006,-0.5111111111111111,0.17333333333333337,-0.37142857142857144,-0.16112531969309465,-0.00677361600439427,-0.013391722321498937,-0.18470214876291283,-0.042052749189975196,-0.4937948431578489,0.18943032015342767,-0.3521975538106523,-0.05891415994130592,0.07456483277109878,chengjiang trophic species
-0.5416666666666666,0.28906249999999994,0.18593749999999998,-1.0,-0.1979166666666666,0.23750000000000004,-1.0,-0.09019607843137255,-0.19877510086677794,-0.14789039277987223,-0.17364355538497256,-0.006621389337021072,-0.3961615385704809,0.34483962527913614,-0.2755278473955507,-0.11403508771929818,-0.34179371933385666,chengjiang trophic species
-0.6666666666666666,0.75,0.14999999999999986,-0.75,-0.44444444444444436,0.26666666666666683,-1.0,-0.24296675191815856,-0.32646799293838036,-0.013391722321498937,-0.2435466338805357,0.18368992782994328,-0.19055999929164588,-0.029199044660303507,-0.42955802661591236,-0.12674193876513076,-0.5070425138176684,chengjiang trophic species
-0.7777777777777778,1.2499999999999998,0.10000000000000009,-0.75,0.11111111111111123,-0.4,-1.0,-0.2525951557093426,-0.3152803480640901,-0.10850681099192551,-0.24545576532829844,0.05727674798889327,-0.17612585977211204,0.5091212405552371,-0.09314445829084264,-0.10109355044699868,-0.5106447847523475,chengjiang trophic species
-0.4270833333333333,1.0625,-0.02031250000000003,-0.87109375,-0.1979166666666666,0.031250000000000035,-1.0,-0.2436974789915966,-0.2347726854074107,0.04850474159853407,-0.27420608305728467,0.029970383720527648,-0.23237286301385285,0.19881483120416035,-0.4095874907233796,-0.1738429726935474,-0.2559362301975501,chengjiang trophic species
-0.7777777777777778,1.2499999999999998,0.10000000000000009,-0.625,-0.5555555555555555,-0.13333333333333333,-1.0,-0.24705882352941172,0.33031246661833924,-0.14789039277987223,-0.18410965663358153,-0.00909060594472051,-0.5715377174348355,0.5710850015579524,-0.1890841892415764,0.08593191442556242,0.19920404368065306,chengjiang trophic species
-0.44444444444444436,1.0,0.0,-0.625,-0.7777777777777778,-0.06666666666666661,-1.0,-0.004524886877828038,0.16590298873094916,0.025186076745834514,-0.26358515408631883,-0.017390895703871246,-0.36781464886879983,0.11553429036391913,-0.3569751736855418,0.07875400199443656,-0.5768811865329787,chengjiang trophic species
-0.7471264367816092,2.129310344827586,-0.08965517241379314,-0.4310344827586207,-0.49425287356321834,-0.16551724137931037,-1.0,0.05476673427991878,0.4721727450703938,0.059546505421467236,-0.39872431706165107,0.00813695315447618,-0.30776424743923125,0.4279422002124467,-0.20738453068503937,0.037088122605363975,-0.19832074766444088,chengjiang trophic species
-0.44444444444444436,1.0,0.0,-0.5,-0.22222222222222215,0.06666666666666674,-1.0,0.0,0.014113121494579706,0.09052145992765794,-0.2189584941398147,0.0013289927592274075,-0.44609864983372977,0.2599109366199315,-0.33521344181111246,0.014775413711583953,-0.06298496826684048,chengjiang trophic species
-1.0,1.3203125,0.18593749999999998,-0.35546875,0.14583333333333343,-0.17499999999999996,-0.7053571428571429,-0.16339869281045757,-0.40482319976131953,-0.3086257519131893,-0.2521162943001514,0.24912922935940895,-0.5335817933105538,0.25888608925959566,-0.29366678523730255,-0.10313274735181424,-0.25461017603820385,chengjiang trophic species
-0.8888888888888888,1.0,0.2,-0.25,-0.7777777777777778,0.4,-0.14285714285714285,-0.058823529411764705,-1.0,-1.0,-0.19601948972266067,-0.07096694981288232,-0.42352590312591243,0.11818415477396738,-0.2865247374070847,0.004641909814323661,-0.04360625333172311,chengjiang trophic species
-0.3888888888888889,1.7499999999999998,-0.17500000000000002,-0.7250000000000001,-0.14444444444444438,-0.19333333333333336,-1.0,0.07352941176470588,0.04180426004926043,0.09052145992765794,-0.30209027514844705,-0.01259872620785293,-0.24840812676395194,0.02695380644823262,-0.3018689427200267,0.021179225202213745,-0.5986020930410205,chengjiang trophic species
-1.0,1.7499999999999998,0.10000000000000009,-0.625,-0.6666666666666666,0.13333333333333333,-0.2857142857142857,0.15508021390374332,-0.07198808164331139,-0.24548311614475074,-0.12812845162712566,0.1666140075548012,-0.3227448227786424,0.0896323131191439,-0.32083850606055053,-0.07903430174676436,-0.24386232102427471,chengjiang trophic species
-0.6206896551724138,0.7068965517241379,0.13793103448275867,-0.8577586206896551,-0.3678160919540229,0.06206896551724146,-1.0,-0.21568627450980388,-0.023134167217957035,-0.14789039277987223,-0.1401766054454629,-0.03691913303217374,-0.29679211683861917,0.1727065653060516,-0.3627800647260914,-0.021614978674184864,-0.40572444501393456,chengjiang trophic species
0.06451612903225822,1.661290322580645,-0.3612903225806451,-0.7338709677419355,-0.5268817204301075,0.13548387096774195,-1.0,-0.06737967914438497,0.054844982194214686,0.26093936703197157,-0.3187679287079797,0.10728739994439672,-0.20501705684775567,0.4410351625649148,-0.1655523227922422,-0.05634752456174146,-0.17060165059919974,chengjiang trophic species
0.0,1.0,-0.2,-0.875,0.11111111111111123,-0.13333333333333333,-1.0,-0.13725490196078435,-0.10497634624741294,0.2181042919855316,-0.28059900516802433,-0.04669857099288871,-0.28949419849788643,0.31492422025167416,-0.3027057079997987,-0.07071933516809668,-0.23895756996311174,chengjiang trophic species
-1.0,1.7499999999999998,0.10000000000000009,-0.375,-0.6666666666666666,0.19999999999999996,-0.42857142857142855,-1.0,-1.0,-1.0,-0.2973574115020153,0.03953789498003045,-0.4778853611005564,0.30138647955814296,-0.25785221215424836,-0.07306424307226234,0.3596275615768201,chengjiang trophic species
-0.7777777777777778,0.75,0.2,-0.125,-0.5555555555555555,0.3333333333333334,-0.42857142857142855,-0.30434782608695654,-0.3106180124542886,-0.013391722321498937,-0.16202440237051294,0.09555528256182748,-0.5474895200096007,0.278596779025274,-0.40632336579228046,-0.12536163890843693,0.09358721018631179,chengjiang trophic species
0.031250000000000076,1.8359375,-0.38125000000000003,-0.61328125,-0.5416666666666666,-0.10624999999999997,-1.0,-0.02894491129785237,-0.034177979528971794,0.3036704057142816,-0.30993035166624033,0.20049742644234425,-0.23742839978780747,0.03517781126391262,-0.3271323877661391,0.0017077175697865737,-0.6667165526796297,chengjiang trophic species
-0.29032258064516125,0.596774193548387,0.011290322580644968,-0.6008064516129032,-0.6451612903225806,-0.006451612903225801,-1.0,-0.18158567774936063,-0.2700319970515605,-0.013391722321498937,-0.2779702277375881,-0.038906938073536824,0.0930623980526953,0.10418420313435903,-0.17450141067194827,-0.11469445133548328,-0.5845288058432881,chengjiang trophic species
-1.0,1.9274193548387097,0.06451612903225801,-0.06854838709677424,-0.7634408602150538,0.13548387096774195,-0.543778801843318,-0.09803921568627448,0.07028713505075156,-0.21810429198553147,-0.2822612556095899,0.1990443903735949,-0.5515399190749533,0.4287432406867063,-0.11900401242029333,-0.05518236552719313,0.03131691157312483,chengjiang trophic species
-0.24137931034482754,0.42241379310344834,0.024137931034482762,-0.004310344827586191,-0.7471264367816092,0.21379310344827587,-0.5123152709359606,-0.058823529411764705,0.058818551526710526,0.03706137213021608,-0.16033845635661775,-0.09586024490141948,-0.37460548166982677,-0.04553484185545749,-0.48575760105551086,0.011353219095973461,-0.16570436311779685,chengjiang trophic species
-0.6666666666666666,0.75,0.14999999999999986,-0.375,-0.7777777777777778,0.3333333333333334,-1.0,-0.021176470588235262,0.6494023319994672,0.012844966353444764,-0.1882335927641817,-0.19868706490047822,-0.39211117037730425,0.3179932209370535,-0.30857470669164205,0.14748297147722436,-0.10415265186703818,chengjiang trophic species
-0.29032258064516125,2.725806451612903,-0.41451612903225815,-0.7338709677419355,-0.6451612903225806,-0.07741935483870961,-1.0,-0.25394548063127687,0.04443650900736929,0.1685050867428925,-0.42718442805497914,0.23203439387486532,-0.30257584923105063,0.33651543322278316,-0.3059532916320685,-0.1268714382304646,-0.22259325202252284,chengjiang trophic species
-1.0,2.7499999999999996,-0.10000000000000009,-0.5,-0.6666666666666666,-0.19999999999999996,-1.0,-0.1294117647058823,-0.3394934594972587,-0.05736893285221446,-0.3701179282494656,0.19634053206440416,-0.29159071684753496,0.44327233808519534,-0.14559440268971546,-0.1064437478230582,-0.48146268100139383,chengjiang trophic species
-1.0,1.2499999999999998,0.2,-0.625,-0.7777777777777778,0.4666666666666666,-1.0,0.25490196078431365,-0.045593855264483944,-0.3086257519131893,-0.17123994249543154,0.008541032902839819,-0.5088833159342003,-0.03706284773441616,-0.35919396686489724,0.1227750410509032,-0.11980589964541007,chengjiang trophic species
-0.22222222222222215,1.0,-0.10000000000000009,-0.5,-0.7777777777777778,0.06666666666666674,-1.0,-0.2893157262905163,-0.16785630816342373,0.22459231525494183,-0.28261055294312887,0.13992993383405927,-0.3945320086457137,0.29074422279052037,-0.39096715470828897,-0.16361024033437824,-0.3243534010527485,chengjiang trophic species
-0.7708333333333334,1.3203125,0.08281249999999997,-0.61328125,-0.5416666666666666,0.16875000000000004,-1.0,-0.031141868512110826,-0.110993827707643,-0.10850681099192551,-0.2578765589814439,-0.006303092414675437,-0.3935119577437313,0.18976276454664096,-0.3041084762653036,0.08384604378308774,-0.3255559046824035,chengjiang trophic species
-1.0,2.3515625,-0.02031250000000003,-0.22656250000000003,0.031250000000000076,-0.38125,-0.5580357142857143,-1.0,-1.0,-1.0,-0.42449571115312223,0.16628834046999358,-0.5926260083502088,0.3585061382355243,-0.20544127401226064,-0.10451683705885755,0.04648585829713111,chengjiang trophic species
-1.0,1.5,0.15000000000000005,-0.5,-0.33333333333333326,-0.06666666666666661,-0.5714285714285714,-1.0,-1.0,-1.0,-0.2770074890893189,0.08529096512231658,-0.5856968370602793,0.2992831141452577,-0.2684702592067651,-0.0645483043602166,-0.1350258693693358,chengjiang trophic species
-0.6666666666666666,1.2499999999999998,0.049999999999999954,-0.5,-0.6666666666666666,0.06666666666666674,-1.0,0.16262975778546718,0.44093576015053687,-0.10850681099192551,-0.06981589776245185,-0.08682418961285099,-0.47328645404129005,0.0773768580133114,-0.3796091314823069,0.3028660342317925,-0.12464896263787886,chengjiang trophic species
-0.8888888888888888,1.5,0.10000000000000009,-0.75,-0.5555555555555555,0.0,-1.0,0.20261437908496724,0.32749644553821144,-0.09052145992765777,-0.08162384926963827,0.12157460475045129,-0.4926942679838568,0.14716174135491514,-0.3488919175163345,0.2332032097158969,-0.47693564404010635,chengjiang trophic species
-0.1979166666666666,1.578125,-0.22656250000000003,-0.7421875,-0.8854166666666666,0.37500000000000006,-1.0,-0.12097669256381796,-0.24953850293421215,0.24928403529195067,-0.271687457200703,0.0026503546664818187,-0.27400325859768476,-0.07996874900127607,-0.4319206893305529,-0.044222868485435954,-0.5467762033630589,chengjiang trophic species
-1.0,-0.25,0.4999999999999999,-0.5,-0.8888888888888888,0.4,-0.5714285714285714,-1.0,-1.0,-1.0,0.12593200450211364,-0.08113171814485515,-0.46135038719715754,0.018618549166141148,-0.4607098473809228,0.10851692209450838,-0.25547141884394015,chengjiang trophic species
-0.8888888888888888,1.5,0.10000000000000009,-0.5,-0.5555555555555555,0.06666666666666674,-0.5714285714285714,-0.10835913312693503,-0.11209596565871757,-0.07350877727452719,-0.13276358381465764,-0.01628653541536729,-0.45266371134569017,0.13809950060502266,-0.320091720908454,0.09240625588844918,-0.27476358624451,chengjiang trophic species
-0.8888888888888888,1.7499999999999998,0.050000000000000135,-0.625,-0.44444444444444436,0.13333333333333333,-0.7142857142857143,0.04812834224598921,-0.07496726081891776,-0.027378824159219273,-0.30305695294982615,-0.030811075176136106,-0.5046150691120793,0.1094607318490824,-0.33725751194665965,0.07177750410509039,-0.6013924037116528,chengjiang trophic species
-0.6666666666666666,1.7499999999999998,-0.050000000000000135,-0.625,-0.6666666666666666,0.13333333333333333,-0.7142857142857143,0.08377896613190738,-0.01709786364004381,0.10020400789865458,-0.29781310702866665,0.10165393991561078,-0.5224969807211192,0.33072005692329415,-0.20655618049723454,0.00011649580615102395,-0.0036792721495258556,chengjiang trophic species
-0.4086021505376344,1.661290322580645,-0.1483870967741936,-0.7338709677419355,-0.4086021505376344,-0.07741935483870961,-1.0,0.28976034858387806,0.5772142325366899,0.2551656641157477,-0.33771656742041156,-0.10942762194351335,-0.28333841842113916,0.10915394481963489,-0.28919623303223574,0.29400056069526226,-0.3947668092344223,chengjiang trophic species
-0.33333333333333326,1.7499999999999998,-0.2000000000000001,-1.0,-0.44444444444444436,0.0,-1.0,-0.07002801120448175,-0.034572633791112355,0.17608757365640793,-0.3293044804288025,0.10797770511990384,-0.38152587106716146,0.16942425834986755,-0.4012860844866229,-0.0031895047240777176,-0.522877491964848,chengjiang trophic species
-0.8888888888888888,1.2499999999999998,0.15000000000000005,0.12499999999999989,-0.5555555555555555,-0.06666666666666661,-0.42857142857142855,-0.5294117647058824,-1.0,-1.0,-0.2236198491039607,0.01188555625061699,-0.5988545127812821,0.2765355065518729,-0.26975228552304736,0.10287356321839077,0.17286615450229195,chengjiang trophic species
-0.5555555555555555,1.0,0.049999999999999954,-0.375,-0.5555555555555555,0.06666666666666674,-1.0,0.01437908496732021,0.18493054903677977,0.1977967312635331,-0.321945464620549,0.2276071218223782,-0.18059144064857982,0.14095602975160848,-0.2676878510980997,-0.016248903660619488,-0.37707511439772684,chengjiang trophic species
-1.0,1.7499999999999998,0.10000000000000009,-0.625,-0.11111111111111102,-0.13333333333333333,-0.2857142857142857,-1.0,-1.0,-1.0,-0.3072078056837153,-0.032720947332609426,-0.6436993541212012,0.5684321379697492,-0.14077166255706322,-0.036379593454504214,0.024128900408687017,chengjiang trophic species
