Cons._sp.,Resource_sp.,Certainty level
Zooplankton,phytoplankton,3
Zooplankton,bacterioplankton,3
Zooplankton,Zooplankton,2
Wapkiids,phytoplankton,2
Wapkiids,bacterioplankton,2
Wapkiids,suspended organic matter,2
Leptomitids,phytoplankton,2
Leptomitids,bacterioplankton,2
Leptomitids,suspended organic matter,2
leptomitid A,phytoplankton,2
leptomitid A,bacterioplankton,2
leptomitid A,suspended organic matter,2
leptomitid B,phytoplankton,2
leptomitid B,bacterioplankton,2
leptomitid B,suspended organic matter,2
Choia sp.,phytoplankton,2
Choia sp.,bacterioplankton,2
Choia sp.,suspended organic matter,2
Choia sp. B,phytoplankton,2
Choia sp. B,bacterioplankton,2
Choia sp. B,suspended organic matter,2
Choiaella sp.,phytoplankton,2
Choiaella sp.,bacterioplankton,2
Choiaella sp.,suspended organic matter,2
Choiid A,phytoplankton,2
Choiid A,bacterioplankton,2
Choiid A,suspended organic matter,2
Choiid B,phytoplankton,2
Choiid B,bacterioplankton,2
Choiid B,suspended organic matter,2
Choiid C,phytoplankton,2
Choiid C,bacterioplankton,2
Choiid C,suspended organic matter,2
Choiid 2,phytoplankton,2
Choiid 2,bacterioplankton,2
Choiid 2,suspended organic matter,2
Hamptonia sp.,phytoplankton,2
Hamptonia sp.,bacterioplankton,2
Hamptonia sp.,suspended organic matter,2
Pirania auraeum,phytoplankton,2
Pirania auraeum,bacterioplankton,2
Pirania auraeum,suspended organic matter,2
Pellipirania gloria,phytoplankton,2
Pellipirania gloria,bacterioplankton,2
Pellipirania gloria,suspended organic matter,2
piraniid A,phytoplankton,2
piraniid A,bacterioplankton,2
piraniid A,suspended organic matter,2
Hamptonia' christi,phytoplankton,2
Hamptonia' christi,bacterioplankton,2
Hamptonia' christi,suspended organic matter,2
hazeliid,phytoplankton,2
hazeliid,bacterioplankton,2
hazeliid,suspended organic matter,2
Hexactinellids,phytoplankton,2
Hexactinellids,bacterioplankton,2
Hexactinellids,suspended organic matter,2
species ressembling Valospongia,phytoplankton,2
species ressembling Valospongia,bacterioplankton,2
species ressembling Valospongia,suspended organic matter,2
reticulosan A,phytoplankton,2
reticulosan A,bacterioplankton,2
reticulosan A,suspended organic matter,2
reticulosan B,phytoplankton,2
reticulosan B,bacterioplankton,2
reticulosan B,suspended organic matter,2
reticulosan C,phytoplankton,2
reticulosan C,bacterioplankton,2
reticulosan C,suspended organic matter,2
reticulosan D,phytoplankton,2
reticulosan D,bacterioplankton,2
reticulosan D,suspended organic matter,2
reticulosan E,phytoplankton,2
reticulosan E,bacterioplankton,2
reticulosan E,suspended organic matter,2
Archaeoconularia sp.,Zooplankton,2
Eoconularia sp.,Zooplankton,2
Sphenothallus sp. 1,Zooplankton,2
?Sphenothallus sp. 2,Zooplankton,2
Octocorallia?,Zooplankton,2
Ranorthis fasciata,phytoplankton,2
Ranorthis fasciata,suspended organic matter,1
undet. Athyridida,phytoplankton,2
undet. Athyridida,suspended organic matter,1
Acrothele sp.,phytoplankton,2
Acrothele sp.,suspended organic matter,1
Plectorthis simplex,phytoplankton,2
Plectorthis simplex,suspended organic matter,1
Angusticardinia sp.,phytoplankton,2
Angusticardinia sp.,suspended organic matter,1
Lingula salteri,phytoplankton,2
Lingula salteri,suspended organic matter,1
Orbithele vana,phytoplankton,2
Orbithele vana,suspended organic matter,1
Paurorthis tadristensis,phytoplankton,2
Paurorthis tadristensis,suspended organic matter,1
Tarfaya marocana,phytoplankton,2
Tarfaya marocana,suspended organic matter,1
Wosekella sp.,phytoplankton,2
Wosekella sp.,suspended organic matter,1
Monobolina sp.,phytoplankton,2
Monobolina sp.,suspended organic matter,1
Elliptoglossa sp.,phytoplankton,2
Elliptoglossa sp.,suspended organic matter,1
Celdobolus sp.,phytoplankton,2
Celdobolus sp.,suspended organic matter,1
Discinoidea?,phytoplankton,2
Discinoidea?,suspended organic matter,1
undet. Dalmanelloidea,phytoplankton,2
undet. Dalmanelloidea,suspended organic matter,1
Bryozoan,phytoplankton,2
Bryozoan,suspended organic matter,2
Bryozoan,Zooplankton,1
Babinka prima,phytoplankton,2
Babinka prima,bacterioplankton,2
Babinka prima,suspended organic matter,2
Babinka prima,Zooplankton,1
Ctenodonta escosurae,Benthic detritus,2
Praenucula sp.,Benthic detritus,2
Redonia michelae,phytoplankton,2
Redonia michelae,bacterioplankton,2
Redonia michelae,suspended organic matter,2
Redonia michelae,Zooplankton,1
Coxiconcha guirandi,phytoplankton,2
Coxiconcha guirandi,bacterioplankton,2
Coxiconcha guirandi,suspended organic matter,2
Coxiconcha guirandi,Zooplankton,1
Alococoncha?,Benthic detritus,2
Cardiolaria?,Benthic detritus,2
Cienagomya?,phytoplankton,2
Cienagomya?,bacterioplankton,2
Cienagomya?,suspended organic matter,2
Cienagomya?,Zooplankton,1
Ekaterodonta courtessolei,Benthic detritus,2
Glyptarca sp.,phytoplankton,2
Glyptarca sp.,bacterioplankton,2
Glyptarca sp.,suspended organic matter,2
Glyptarca sp.,Zooplankton,1
Pelecyogyra fezouataensis,Benthic detritus,1
Sinuites sp.,Benthic detritus,1
Lesueurilla prima,phytoplankton,2
Lesueurilla prima,suspended organic matter,2
undet. Platyceratoidea,Ranorthis fasciata,1
undet. Platyceratoidea,undet. Athyridida,1
undet. Platyceratoidea,Acrothele sp.,1
undet. Platyceratoidea,Plectorthis simplex,1
undet. Platyceratoidea,Angusticardinia sp.,1
undet. Platyceratoidea,Lingula salteri,1
undet. Platyceratoidea,Orbithele vana,1
undet. Platyceratoidea,Paurorthis tadristensis,1
undet. Platyceratoidea,Tarfaya marocana,1
undet. Platyceratoidea,Wosekella sp.,1
undet. Platyceratoidea,Monobolina sp.,1
undet. Platyceratoidea,Elliptoglossa sp.,1
undet. Platyceratoidea,Celdobolus sp.,1
undet. Platyceratoidea,Discinoidea?,1
undet. Platyceratoidea,undet. Dalmanelloidea,1
undet. Platyceratoidea,Babinka prima,1
undet. Platyceratoidea,Ctenodonta escosurae,1
undet. Platyceratoidea,Praenucula sp.,1
undet. Platyceratoidea,Redonia michelae,1
undet. Platyceratoidea,Coxiconchia guiraudi,1
undet. Platyceratoidea,Alococoncha?,1
undet. Platyceratoidea,Cardiolaria? sp.,1
undet. Platyceratoidea,Cienagomya? sp.,1
undet. Platyceratoidea,Ekaterodonta courtessolei,1
undet. Platyceratoidea,Glyptarca sp.,1
undet. Monoplacophora,phytoplankton,2
undet. Monoplacophora,Benthic detritus,2
Thoralispira laevis,Benthic detritus,2
Thoralispira? cf. occitana,Benthic detritus,2
Carcassonnella courtessolei,Benthic detritus,2
Carcassonnella vizcainoi,Benthic detritus,2
Carcassonnella sp.,Benthic detritus,2
Ribeiria sp.,phytoplankton,2
Ribeiria sp.,suspended organic matter,2
Tolmachovia?,phytoplankton,2
Tolmachovia?,suspended organic matter,2
Wiwaxiid,bacterioplankton,1
Wiwaxiid,Benthic detritus,1
Wiwaxiid,Chaetocladid,1
Wiwaxiid,Alga type 1,1
Wiwaxiid,Alga type 2,1
Halkieriid,Benthic detritus,1
Halkieriid,Bryozoan,1
Halkieriid,Calvapilosa kroegeri,1
Halkieriid,Plumulites bengtsoni,1
Halkieriid,Large plumulitid,1
Halkieriid,Possible phyllodocid,1
Halkieriid,Palaeoscolex cf. tenensis,1
Halkieriid,Priapulid,1
Halkieriid,Enosiaspis hrungnir,1
Halkieriid, 'Synziphosurine'/Synziphosurina?,1
Halkieriid,Chasmataspidid,1
Halkieriid,Tariccoia tazagurtensis,1
Halkieriid,Phyllocarid,1
Halkieriid,Ostracod,1
Halkieriid,Lepadomorph barnacle,1
Halkieriid,undet. Dikelocephalidae,1
Halkieriid,undet. Illaenacea,1
Halkieriid,Orometopus sp.,1
Halkieriid,Toletanaspis aff. borni,1
Halkieriid,Bathycheilus gallicus,1
Halkieriid,Agerina quadrata,1
Halkieriid,Geragnostus aff. occitanus,1
Halkieriid,Geragnostus sp.,1
Halkieriid,Proetidae?,1
Halkieriid,undet. Trinucleidae,1
Halkieriid,Nileus deynouxi,1
Halkieriid,Hospes sp.,1
Halkieriid,Ogygiocaris sp.,1
Halkieriid,cf. Niobella sp.,1
Halkieriid,Hyolithes sp.,1
Helcionelloid,bacterioplankton,2
Helcionelloid,Benthic detritus,2
Helcionelloid,Alga type 1,2
Helcionelloid,Alga type 2,2
Calvapilosa kroegeri,bacterioplankton,1
Calvapilosa kroegeri,Alga type 1,2
Calvapilosa kroegeri,Alga type 2,2
Bactroceras sp.,Ranorthis fasciata,2
Bactroceras sp.,undet. Athyridida,2
Bactroceras sp.,Acrothele sp.,2
Bactroceras sp.,Plectorthis simplex,2
Bactroceras sp.,Angusticardinia sp.,2
Bactroceras sp.,Lingula salteri,2
Bactroceras sp.,Orbithele vana,2
Bactroceras sp.,Paurorthis tadristensis,2
Bactroceras sp.,Tarfaya marocana,2
Bactroceras sp.,Wosekella sp.,2
Bactroceras sp.,Monobolina sp.,2
Bactroceras sp.,Elliptoglossa sp.,2
Bactroceras sp.,Celdobolus sp.,2
Bactroceras sp.,Discinoidea?,2
Bactroceras sp.,undet. Dalmanelloidea,2
Bactroceras sp.,Babinka prima,1
Bactroceras sp.,Ctenodonta escosurae,2
Bactroceras sp.,Praenucula sp.,2
Bactroceras sp.,Redonia michelae,2
Bactroceras sp.,Coxiconchia guiraudi,2
Bactroceras sp.,Alococoncha?,1
Bactroceras sp.,Cardiolaria? sp.,2
Bactroceras sp.,Cienagomya? sp.,2
Bactroceras sp.,Ekaterodonta courtessolei,2
Bactroceras sp.,Glyptarca sp.,2
Bactroceras sp.,Pelecyogyra fezouataensis,2
Bactroceras sp.,Sinuites sp.,2
Bactroceras sp.,Lesueurilla prima,2
Bactroceras sp.,undet. Platyceratoidea,2
Bactroceras sp.,Thoralispira laevis,1
Bactroceras sp.,Thoralispira? cf. occitana,1
Bactroceras sp.,Carcassonnella courtessolei,1
Bactroceras sp.,Carcassonnella vizcainoi,1
Bactroceras sp.,Carcassonnella sp.,1
Bactroceras sp.,Bathmoceras taichoutense,1
Bactroceras sp.,Destombesiceras zagorense,1
Bactroceras sp.,Enosiaspis hrungnir,1
Bactroceras sp., 'Synziphosurine'/Synziphosurina?,1
Bactroceras sp.,Chasmataspidid,1
Bactroceras sp.,Possible pycnogonid,1
Bactroceras sp.,Tariccoia tazagurtensis,1
Bactroceras sp.,Cheloniellid,1
Bactroceras sp.,Phyllocarid,1
Bactroceras sp.,Ostracod,1
Bactroceras sp.,Lepadomorph barnacle,1
Bactroceras sp.,undet. Dikelocephalidae,1
Bactroceras sp.,undet. Illaenacea,1
Bactroceras sp.,Orometopus sp.,1
Bactroceras sp.,Cnemidopyge sp.,1
Bactroceras sp.,Toletanaspis aff. borni,1
Bactroceras sp.,undet. Dalmanitacea,1
Bactroceras sp.,Bathycheilus gallicus,1
Bactroceras sp.,Agerina quadrata,1
Bactroceras sp.,Geragnostus aff. occitanus,1
Bactroceras sp.,Geragnostus sp.,1
Bactroceras sp.,Beltella sp.,1
Bactroceras sp.,Ampyx priscus,1
Bactroceras sp.,Ampyx cf. priscus,1
Bactroceras sp.,Proetidae?,1
Bactroceras sp.,undet. Trinucleidae,1
Bactroceras sp.,Nileus deynouxi,1
Bactroceras sp.,Hospes sp.,1
Bactroceras sp.,Ogygiocaris sp.,1
Bactroceras sp.,cf. Niobella sp.,1
Bactroceras sp.,Somasteroid indet. n. sp. 1,1
Bactroceras sp.,Somasteroid indet. n. sp. 2,1
Bactroceras sp.,Somasteroid indet. n. sp. 3,1
Bactroceras sp.,Somasteroid indet.,1
Bactroceras sp.,undet. Asteroidea,1
Bactroceras sp.,Palaeosphaeronites sp.,1
Bactroceras sp.,Palaeosphaeronites? prokopi,1
Bactroceras sp.,Aristocystites cf. bohemicus (sinuous?),1
Bactroceras sp.,Aristocystites sp.,1
Bactroceras sp.,Ascocystites? sp.,1
Bactroceras sp.,Balantiocystis regnelli,1
Bactroceras sp.,Balantiocystis sp.,1
Bactroceras sp.,Rhopalocystis sp.,1
Bactroceras sp.,Rhopalocystis dehirensis,1
Bactroceras sp.,Rhopalocystis destombesi,1
Bactroceras sp.,Rhopalocystis fraga,1
Bactroceras sp.,Rhopalocystis grandis,1
Bactroceras sp.,Rhopalocystis havliceki,1
Bactroceras sp.,Rhopalocystis lehmani,1
Bactroceras sp.,Rhopalocystis zagoraensis,1
Bactroceras sp.,Rhopalocystis sp. A,1
Bactroceras sp.,Rhopalocystis sp. B,1
Bactroceras sp.,Rhopalocystis sp. C,1
Bactroceras sp.,cf. Rhopalocystis,1
Bactroceras sp.,Lingulocystis aff. deani,1
Bactroceras sp.,Lingulocystis elongata,1
Bactroceras sp.,cf. Pareocrinus,1
Bactroceras sp.,Eocrinoidea indet. sp. 1,1
Bactroceras sp.,Eocrinoidea indet. sp. 2,1
Bactroceras sp.,Eocrinoidea indet.,1
Bactroceras sp.,Ramseyocrinus sp.,1
Bactroceras sp.,Crinoid 2,1
Bactroceras sp.,Aethocrinus cf. moorei,1
Bactroceras sp.,Iocrinus n. sp.,1
Bactroceras sp.,Cystoidea?/undet. Cystoidea,1
Bactroceras sp.,Argodiscus espilezorum,1
Bactroceras sp.,Anedriophus moroccoensis,1
Bactroceras sp.,Rhenopyrgid indet.,1
Bactroceras sp.,Ampelocarpus sp.,1
Bactroceras sp.,Amygdalotheca griffei,1
Bactroceras sp.,Anatifopsis escandei,1
Bactroceras sp.,Anatifopsis trapeziiformis,1
Bactroceras sp.,Anatifopsis sp.,1
Bactroceras sp.,"Anomalocystid n. gen., n. sp. ",1
Bactroceras sp.,Aspidocarpus sp.,1
Bactroceras sp.,Arauricystis? sp.,1
Bactroceras sp.,Balanocystites primus,1
Bactroceras sp.,Bohemiaecystis,1
Bactroceras sp.,Chauvelicystis ubaghsi,1
Bactroceras sp.,Chauvelicystis spinosa,1
Bactroceras sp.,Chauvelicystis vizcainoi,1
Bactroceras sp.,Chauvelicystis sp.,1
Bactroceras sp.,"Chauvelicystid n. gen., n. sp. 1",1
Bactroceras sp.,"Chauvelicystid n. gen., n. sp. 2",1
Bactroceras sp.,Chinianocarpos sp.,1
Bactroceras sp.,"Cornuta n. gen. 1, n. sp.",1
Bactroceras sp.,"Cornuta n. gen. 2, n. sp.",1
Bactroceras sp.,Flabellicarpus rushtoni,1
Bactroceras sp.,Flabellicarpus?,1
Bactroceras sp.,Galliaecystis n. sp.,1
Bactroceras sp.,Galliaecystis ubaghsi,1
Bactroceras sp.,Hanusia n. sp.,1
Bactroceras sp.,Lagynocystis pyramidalis,1
Bactroceras sp.,Kirkocystidae?,1
Bactroceras sp.,Lyricocarpus courtessolei,1
Bactroceras sp.,Milonicystis sp.,1
Bactroceras sp.,Mitrocystitid indet. cf. Ovocarpus,1
Bactroceras sp.,Nanocarpus cf. dolambii,1
Bactroceras sp.,Phyllocystis blayaci,1
Bactroceras sp.,Phyllocystis sp.,1
Bactroceras sp.,Procothurnocystis n. sp.,1
Bactroceras sp.,Prokopicystis sp.,1
Bactroceras sp.,Thoralicystis zagoraensis,1
Bactroceras sp.,Thoralicystis n. sp.,1
Bactroceras sp.,Vizcainocarpus sp.,1
Bactroceras sp.,Cothurnocystid indetl.,1
Bactroceras sp.,Hanusiid indet.,1
Bactroceras sp.,Peltocystis cornuta,1
Bactroceras sp.,Scotiaevystis? sp.,1
Bactroceras sp.,Macrocystella sp.,1
Bactroceras sp.,Macrocystella bohemica,1
Bactroceras sp.,Macrocystella cf. mariae,1
Bactroceras sp.,Macrocystella tasseftensis,1
Bactroceras sp.,undet. Ophiuroidea,1
Bactroceras sp.,Clonograptus rigidus,1
Bactroceras sp.,Clonograptus flexibilis,1
Bactroceras sp.,Clonograptus flexilis,1
Bactroceras sp.,Clonograptus persistens,1
Bactroceras sp.,Clonograptus multiplex,1
Bactroceras sp.,Didymograptus cf. arcuatus,1
Bactroceras sp.,Didymograptus deflexus,1
Bactroceras sp.,Didymograptus extensus,1
Bactroceras sp.,Didymograptus v-fractus,1
Bactroceras sp.,Didymograptus intendus,1
Bactroceras sp.,Didymograptus pennatulus,1
Bactroceras sp.,Didymograptus nanus,1
Bactroceras sp.,Didymograptus nitidus,1
Bactroceras sp.,Didymograptus patulus,1
Bactroceras sp.,Didymograptus sparsus,1
Bactroceras sp.,"""Didymograptus sp. 1""",1
Bactroceras sp.,Didymograptus sp.,1
Bactroceras sp.,Didymograptid indet.,1
Bactroceras sp.,Dichograptidae?,1
Bactroceras sp.,Hunnegraptus copiosus,1
Bactroceras sp., 'Kiaerograptus' supremus,1
Bactroceras sp.,Koremagraptus sp.,1
Bactroceras sp.,Paradelograptus norvegicus,1
Bactroceras sp.,Paradelograptus tenuis,1
Bactroceras sp.,Paratemnograptus magnificus,1
Bactroceras sp.,Tetragraptus cf. approximatus,1
Bactroceras sp.,Tetragraptus quadribrachiatus,1
Bactroceras sp.,Tetragraptus reclinatus,1
Bactroceras sp.,Tetragraptus serra,1
Bactroceras sp.,Tetragraptus tornquisti,1
Bactroceras sp., 'Tetragraptus' bulmani,1
Bactroceras sp.,Tetragraptus sp.,1
Bactroceras sp.,Araneograptus murrayi,1
Bactroceras sp.,Dictyonema sp.,1
Bactroceras sp.,Tuboid,1
Bactroceras sp.,Anisograptus cf. matanensis,1
Bactroceras sp.,Bryograptus divergens,1
Bactroceras sp.,Bryograptus kjerulfi cumbrensis,1
Bactroceras sp.,Bryograptus lapworthi,1
Bactroceras sp.,Rhabdinopora flabelliforme cf. anglica,1
Bactroceras sp.,Rhabdinopora flabelliforme flabelliforme,1
Bactroceras sp.,Rhabdinopora flabelliforme multithecatum,1
Bactroceras sp.,Rhabdinopora flabelliformis socialis,1
Bactroceras sp.,Rhabdinopora flabelliformis canadenisis,1
Bactroceras sp.,Rhabdinopora flabelliforme norvegicum,1
Bactroceras sp.,Acrograptus nicholsoni,1
Bactroceras sp.,Adelograptus sp.,1
Bactroceras sp.,Azygograptus eivionicus,1
Bactroceras sp.,Azygograptus sp.,1
Bactroceras sp.,Etagraptus putillus,1
Bactroceras sp.,Hermannograptus sp.,1
Bactroceras sp.,Isograptus caduceus arcuatus,1
Bactroceras sp.,Isograptus caduceus gracilis,1
Bactroceras sp.,Isograptus furcula,1
Bactroceras sp.,Pterograptus sp.,1
Bactroceras sp.,Schizograptus sp.,1
Bactroceras sp.,Temnograptus multiflex,1
Bactroceras sp.,Temnograptus cf. noveboracensis,1
Bactroceras sp.,Temnograptus ramulus,1
Bactroceras sp.,Adelograptus tenellus,1
Bactroceras sp.,Choristograptus louai,1
Bactroceras sp.,Ancoragraptus bulmani,1
Bactroceras sp.,?Cymatograptus protobalticus,1
Bactroceras sp.,?Baltograptus jacksoni,1
Bactroceras sp.,Baltograptus minutus,1
Bactroceras sp.,Baltograptus deflexus,1
Bactroceras sp.,?Baltograptus kurcki,1
Bactroceras sp.,Expansograptus sp.,1
Bactroceras sp.,Webbyites felix,1
Bactroceras sp.,Rhabdopleura-like epibiont,1
Bactroceras sp.,Hyolithes sp.,1
Bactroceras sp.,Drepanoistodus? cf. pervetus,1
Bactroceras sp.,Drepanoistodus cf. forceps,1
Bactroceras sp.,Acodus deltatus,1
Bactroceras sp.,Cornuodus longibasis,1
Bactroceras sp.,Drepanodus arcuatus,1
Bactroceras sp.,Paltodus cf. inaequalis,1
Bactroceras sp.,Parapaltodus aff. flexuosus,1
Bactroceras sp.,Parapaltodus aff. simplicissimus,1
Bactroceras sp.,Paroistodus cf. proteus,1
Bactroceras sp.,Paroistodus cf. parallellus,1
Bactroceras sp.,Periodon cf. selenopsis,1
Bactroceras sp.,Periodon cf. primus,1
Bactroceras sp.,Prioniodus sp.,1
Bactroceras sp.,Prioniodus cf. gilberti,1
Bactroceras sp.,Protopanderodus cf. leonardii,1
Bactroceras sp.,Scalpellodus aff. gracilis,1
Bactroceras sp.,Scolopodus aff. krummi,1
Bactroceras sp.,Semiacontiodus sp.,1
Bactroceras sp.,Semiacontiodus cf. cornuformis,1
Bactroceras sp.,Stolodus cf. stola,1
Bactroceras sp.,Tripodus sp.,1
Bactroceras sp.,Tripodus aff. Laevis,1
Bactroceras sp.,Tropodus sp.,1
Bactroceras sp.,Tropodus cf. sweeti,1
Bathmoceras australe,Ranorthis fasciata,2
Bathmoceras australe,undet. Athyridida,2
Bathmoceras australe,Acrothele sp.,2
Bathmoceras australe,Plectorthis simplex,2
Bathmoceras australe,Angusticardinia sp.,2
Bathmoceras australe,Lingula salteri,2
Bathmoceras australe,Orbithele vana,2
Bathmoceras australe,Paurorthis tadristensis,2
Bathmoceras australe,Tarfaya marocana,2
Bathmoceras australe,Wosekella sp.,2
Bathmoceras australe,Monobolina sp.,2
Bathmoceras australe,Elliptoglossa sp.,2
Bathmoceras australe,Celdobolus sp.,2
Bathmoceras australe,Discinoidea?,2
Bathmoceras australe,undet. Dalmanelloidea,2
Bathmoceras australe,Babinka prima,2
Bathmoceras australe,Ctenodonta escosurae,2
Bathmoceras australe,Praenucula sp.,2
Bathmoceras australe,Redonia michelae,2
Bathmoceras australe,Coxiconchia guiraudi,2
Bathmoceras australe,Alococoncha?,1
Bathmoceras australe,Cardiolaria? sp.,2
Bathmoceras australe,Cienagomya? sp.,2
Bathmoceras australe,Ekaterodonta courtessolei,2
Bathmoceras australe,Glyptarca sp.,2
Bathmoceras australe,Pelecyogyra fezouataensis,2
Bathmoceras australe,Sinuites sp.,2
Bathmoceras australe,Lesueurilla prima,2
Bathmoceras australe,undet. Platyceratoidea,2
Bathmoceras australe,Thoralispira laevis,1
Bathmoceras australe,Thoralispira? cf. occitana,1
Bathmoceras australe,Carcassonnella courtessolei,1
Bathmoceras australe,Carcassonnella vizcainoi,1
Bathmoceras australe,Carcassonnella sp.,1
Bathmoceras australe,Ribeiria sp.,1
Bathmoceras australe,Bactroceras sp.,1
Bathmoceras australe,Bathmoceras taichoutense,1
Bathmoceras australe,Rioceras sp.,1
Bathmoceras australe,Destombesiceras zagorense,1
Bathmoceras australe,Polymeres sp.,1
Bathmoceras australe,Protocyptendoceras longicameratum,1
Bathmoceras australe,Hurdia sp.,1
Bathmoceras australe,Furca sp. 1,1
Bathmoceras australe,Furca sp. 2,1
Bathmoceras australe,Furca sp. 3,1
Bathmoceras australe,Enosiaspis hrungnir,1
Bathmoceras australe,Leanchoilia sp.,1
Bathmoceras australe,Possible waptiid,1
Bathmoceras australe, 'Synziphosurine'/Synziphosurina?,1
Bathmoceras australe,Chasmataspidid,1
Bathmoceras australe,Possible pycnogonid,1
Bathmoceras australe,Possible helmetiid,1
Bathmoceras australe,Possible retifaciid,1
Bathmoceras australe,Naraoiid,1
Bathmoceras australe,Tariccoia tazagurtensis,1
Bathmoceras australe,Chlupacaris? sp.,1
Bathmoceras australe,Cheloniellid,1
Bathmoceras australe,Phyllocarid,1
Bathmoceras australe,Ostracod,1
Bathmoceras australe,Lepadomorph barnacle,1
Bathmoceras australe,Asaphellus sp aff. jujuanus,1
Bathmoceras australe,Kierarges morrisoni,1
Bathmoceras australe,Symphysurus sicardi,1
Bathmoceras australe,Symphysurus ebbestadi,1
Bathmoceras australe,Apatokephalus cf. incisus,1
Bathmoceras australe,undet. Dikelocephalidae,1
Bathmoceras australe,undet. Illaenacea,1
Bathmoceras australe,Orometopus sp.,1
Bathmoceras australe,Cnemidopyge sp.,1
Bathmoceras australe,Parvilichas marochii,1
Bathmoceras australe,Selenopeltis aff. Gallica,1
Bathmoceras australe,Selenopeltis binodosa,1
Bathmoceras australe,Selenopeltis sp. 1,1
Bathmoceras australe,Selenopeltis sp. 2,1
Bathmoceras australe,Foulonia peregrina,1
Bathmoceras australe,Foulonia sp.,1
Bathmoceras australe,Toletanaspis aff. borni,1
Bathmoceras australe,undet. Dalmanitacea,1
Bathmoceras australe,Bathycheilus gallicus,1
Bathmoceras australe,Bavarilla aff. zemmourensis,1
Bathmoceras australe,Bavarilla zemmourensis,1
Bathmoceras australe,Bavarilla sp.,1
Bathmoceras australe,Colpocoryphe thorali,1
Bathmoceras australe,Colpocoryphe pradesensis,1
Bathmoceras australe,Colpocoryphe sp.,1
Bathmoceras australe,Pharostoma sp.,1
Bathmoceras australe,Pharostomina sp. ,1
Bathmoceras australe,Prionocheilus aff. languedocensis,1
Bathmoceras australe,Prionocheilus sp.,1
Bathmoceras australe,Agerina quadrata,1
Bathmoceras australe,Euloma sp.,1
Bathmoceras australe,Geragnostus aff. occitanus,1
Bathmoceras australe,Geragnostus sp.,1
Bathmoceras australe,Beltella sp.,1
Bathmoceras australe,Ampyx priscus,1
Bathmoceras australe,Ampyx cf. priscus,1
Bathmoceras australe,Ceraurinella? sp.,1
Bathmoceras australe,Megalaspidella sp.,1
Bathmoceras australe,Platycoryphe sp.,1
Bathmoceras australe,Parabathycheilus gallicus,1
Bathmoceras australe,Proetidae?,1
Bathmoceras australe,undet. Trinucleidae,1
Bathmoceras australe,Anacheirurus adserai,1
Bathmoceras australe,Eoharpes sp.,1
Bathmoceras australe,Nileus deynouxi,1
Bathmoceras australe,Hospes sp.,1
Bathmoceras australe,Ogygiocaris sp.,1
Bathmoceras australe,Ormathops clariondi,1
Bathmoceras australe,Pterygometopus sp.,1
Bathmoceras australe,Iberocoryphe sp.,1
Bathmoceras australe,cf. Niobella sp.,1
Bathmoceras australe,Somasteroid indet. n. sp. 1,1
Bathmoceras australe,Somasteroid indet. n. sp. 2,1
Bathmoceras australe,Somasteroid indet. n. sp. 3,1
Bathmoceras australe,Somasteroid indet.,1
Bathmoceras australe,undet. Asteroidea,1
Bathmoceras australe,undet. Stelleroidea,1
Bathmoceras australe,Palaeosphaeronites sp.,1
Bathmoceras australe,Palaeosphaeronites? prokopi,1
Bathmoceras australe,Aristocystites cf. bohemicus (sinuous?),1
Bathmoceras australe,Aristocystites sp.,1
Bathmoceras australe,Ascocystites? sp.,1
Bathmoceras australe,Balantiocystis regnelli,1
Bathmoceras australe,Balantiocystis sp.,1
Bathmoceras australe,Rhopalocystis sp.,1
Bathmoceras australe,Rhopalocystis dehirensis,1
Bathmoceras australe,Rhopalocystis destombesi,1
Bathmoceras australe,Rhopalocystis fraga,1
Bathmoceras australe,Rhopalocystis grandis,1
Bathmoceras australe,Rhopalocystis havliceki,1
Bathmoceras australe,Rhopalocystis lehmani,1
Bathmoceras australe,Rhopalocystis zagoraensis,1
Bathmoceras australe,Rhopalocystis sp. A,1
Bathmoceras australe,Rhopalocystis sp. B,1
Bathmoceras australe,Rhopalocystis sp. C,1
Bathmoceras australe,cf. Rhopalocystis,1
Bathmoceras australe,Lingulocystis aff. deani,1
Bathmoceras australe,Lingulocystis elongata,1
Bathmoceras australe,cf. Pareocrinus,1
Bathmoceras australe,Eocrinoidea indet. sp. 1,1
Bathmoceras australe,Eocrinoidea indet. sp. 2,1
Bathmoceras australe,Eocrinoidea indet.,1
Bathmoceras australe,Ramseyocrinus sp.,1
Bathmoceras australe,Crinoid 2,1
Bathmoceras australe,Aethocrinus cf. moorei,1
Bathmoceras australe,Iocrinus n. sp.,1
Bathmoceras australe,Cystoidea?/undet. Cystoidea,1
Bathmoceras australe,Argodiscus espilezorum,1
Bathmoceras australe,Anedriophus moroccoensis,1
Bathmoceras australe,Rhenopyrgid indet.,1
Bathmoceras australe,Ampelocarpus sp.,1
Bathmoceras australe,Amygdalotheca griffei,1
Bathmoceras australe,Anatifopsis escandei,1
Bathmoceras australe,Anatifopsis trapeziiformis,1
Bathmoceras australe,Anatifopsis sp.,1
Bathmoceras australe,"Anomalocystid n. gen., n. sp. ",1
Bathmoceras australe,Aspidocarpus sp.,1
Bathmoceras australe,Arauricystis? sp.,1
Bathmoceras australe,Balanocystites primus,1
Bathmoceras australe,Bohemiaecystis,1
Bathmoceras australe,Chauvelicystis ubaghsi,1
Bathmoceras australe,Chauvelicystis spinosa,1
Bathmoceras australe,Chauvelicystis vizcainoi,1
Bathmoceras australe,Chauvelicystis sp.,1
Bathmoceras australe,"Chauvelicystid n. gen., n. sp. 1",1
Bathmoceras australe,"Chauvelicystid n. gen., n. sp. 2",1
Bathmoceras australe,Chinianocarpos sp.,1
Bathmoceras australe,"Cornuta n. gen. 1, n. sp.",1
Bathmoceras australe,"Cornuta n. gen. 2, n. sp.",1
Bathmoceras australe,Flabellicarpus rushtoni,1
Bathmoceras australe,Flabellicarpus?,1
Bathmoceras australe,Galliaecystis n. sp.,1
Bathmoceras australe,Galliaecystis ubaghsi,1
Bathmoceras australe,Hanusia n. sp.,1
Bathmoceras australe,Lagynocystis pyramidalis,1
Bathmoceras australe,Kirkocystidae?,1
Bathmoceras australe,Lyricocarpus courtessolei,1
Bathmoceras australe,Milonicystis sp.,1
Bathmoceras australe,Mitrocystitid indet. cf. Ovocarpus,1
Bathmoceras australe,Nanocarpus cf. dolambii,1
Bathmoceras australe,Phyllocystis blayaci,1
Bathmoceras australe,Phyllocystis sp.,1
Bathmoceras australe,Procothurnocystis n. sp.,1
Bathmoceras australe,Prokopicystis sp.,1
Bathmoceras australe,Thoralicystis zagoraensis,1
Bathmoceras australe,Thoralicystis n. sp.,1
Bathmoceras australe,Vizcainocarpus sp.,1
Bathmoceras australe,Cothurnocystid indetl.,1
Bathmoceras australe,Hanusiid indet.,1
Bathmoceras australe,Peltocystis cornuta,1
Bathmoceras australe,Scotiaevystis? sp.,1
Bathmoceras australe,Macrocystella sp.,1
Bathmoceras australe,Macrocystella bohemica,1
Bathmoceras australe,Macrocystella cf. mariae,1
Bathmoceras australe,Macrocystella tasseftensis,1
Bathmoceras australe,undet. Ophiuroidea,1
Bathmoceras australe,Clonograptus rigidus,1
Bathmoceras australe,Clonograptus flexibilis,1
Bathmoceras australe,Clonograptus flexilis,1
Bathmoceras australe,Clonograptus persistens,1
Bathmoceras australe,Clonograptus multiplex,1
Bathmoceras australe,Didymograptus cf. arcuatus,1
Bathmoceras australe,Didymograptus deflexus,1
Bathmoceras australe,Didymograptus extensus,1
Bathmoceras australe,Didymograptus v-fractus,1
Bathmoceras australe,Didymograptus intendus,1
Bathmoceras australe,Didymograptus pennatulus,1
Bathmoceras australe,Didymograptus nanus,1
Bathmoceras australe,Didymograptus nitidus,1
Bathmoceras australe,Didymograptus patulus,1
Bathmoceras australe,Didymograptus sparsus,1
Bathmoceras australe,"""Didymograptus sp. 1""",1
Bathmoceras australe,Didymograptus sp.,1
Bathmoceras australe,Didymograptid indet.,1
Bathmoceras australe,Dichograptidae?,1
Bathmoceras australe,Hunnegraptus copiosus,1
Bathmoceras australe, 'Kiaerograptus' supremus,1
Bathmoceras australe,Koremagraptus sp.,1
Bathmoceras australe,Paradelograptus norvegicus,1
Bathmoceras australe,Paradelograptus tenuis,1
Bathmoceras australe,Paratemnograptus magnificus,1
Bathmoceras australe,Tetragraptus cf. approximatus,1
Bathmoceras australe,Tetragraptus quadribrachiatus,1
Bathmoceras australe,Tetragraptus reclinatus,1
Bathmoceras australe,Tetragraptus serra,1
Bathmoceras australe,Tetragraptus tornquisti,1
Bathmoceras australe, 'Tetragraptus' bulmani,1
Bathmoceras australe,Tetragraptus sp.,1
Bathmoceras australe,Araneograptus murrayi,1
Bathmoceras australe,Dictyonema sp.,1
Bathmoceras australe,Tuboid,1
Bathmoceras australe,Anisograptus cf. matanensis,1
Bathmoceras australe,Bryograptus divergens,1
Bathmoceras australe,Bryograptus kjerulfi cumbrensis,1
Bathmoceras australe,Bryograptus lapworthi,1
Bathmoceras australe,Rhabdinopora flabelliforme cf. anglica,1
Bathmoceras australe,Rhabdinopora flabelliforme flabelliforme,1
Bathmoceras australe,Rhabdinopora flabelliforme multithecatum,1
Bathmoceras australe,Rhabdinopora flabelliformis socialis,1
Bathmoceras australe,Rhabdinopora flabelliformis canadenisis,1
Bathmoceras australe,Rhabdinopora flabelliforme norvegicum,1
Bathmoceras australe,Acrograptus nicholsoni,1
Bathmoceras australe,Adelograptus sp.,1
Bathmoceras australe,Azygograptus eivionicus,1
Bathmoceras australe,Azygograptus sp.,1
Bathmoceras australe,Etagraptus putillus,1
Bathmoceras australe,Hermannograptus sp.,1
Bathmoceras australe,Isograptus caduceus arcuatus,1
Bathmoceras australe,Isograptus caduceus gracilis,1
Bathmoceras australe,Isograptus furcula,1
Bathmoceras australe,Pterograptus sp.,1
Bathmoceras australe,Schizograptus sp.,1
Bathmoceras australe,Temnograptus multiflex,1
Bathmoceras australe,Temnograptus cf. noveboracensis,1
Bathmoceras australe,Temnograptus ramulus,1
Bathmoceras australe,Adelograptus tenellus,1
Bathmoceras australe,Choristograptus louai,1
Bathmoceras australe,Ancoragraptus bulmani,1
Bathmoceras australe,?Cymatograptus protobalticus,1
Bathmoceras australe,?Baltograptus jacksoni,1
Bathmoceras australe,Baltograptus minutus,1
Bathmoceras australe,Baltograptus deflexus,1
Bathmoceras australe,?Baltograptus kurcki,1
Bathmoceras australe,Expansograptus sp.,1
Bathmoceras australe,Webbyites felix,1
Bathmoceras australe,Rhabdopleura-like epibiont,1
Bathmoceras australe,Elegantilites sp.,1
Bathmoceras australe,Gamalites? sp.,1
Bathmoceras australe,Gompholites sp.,1
Bathmoceras australe,Nephrotheca sp.,1
Bathmoceras australe,Hyolithes sp.,1
Bathmoceras australe,Pauxillites thaddei,1
Bathmoceras australe,Pauxillites sp.,1
Bathmoceras australe,Drepanoistodus? cf. pervetus,1
Bathmoceras australe,Drepanoistodus cf. forceps,1
Bathmoceras australe,Acodus deltatus,1
Bathmoceras australe,Cornuodus longibasis,1
Bathmoceras australe,Drepanodus arcuatus,1
Bathmoceras australe,Paltodus cf. inaequalis,1
Bathmoceras australe,Parapaltodus aff. flexuosus,1
Bathmoceras australe,Parapaltodus aff. simplicissimus,1
Bathmoceras australe,Paroistodus cf. proteus,1
Bathmoceras australe,Paroistodus cf. parallellus,1
Bathmoceras australe,Periodon cf. selenopsis,1
Bathmoceras australe,Periodon cf. primus,1
Bathmoceras australe,Prioniodus sp.,1
Bathmoceras australe,Prioniodus cf. gilberti,1
Bathmoceras australe,Protopanderodus cf. leonardii,1
Bathmoceras australe,Scalpellodus aff. gracilis,1
Bathmoceras australe,Scolopodus aff. krummi,1
Bathmoceras australe,Semiacontiodus sp.,1
Bathmoceras australe,Semiacontiodus cf. cornuformis,1
Bathmoceras australe,Stolodus cf. stola,1
Bathmoceras australe,Tripodus sp.,1
Bathmoceras australe,Tripodus aff. Laevis,1
Bathmoceras australe,Tropodus sp.,1
Bathmoceras australe,Tropodus cf. sweeti,1
Bathmoceras taichoutense,Ranorthis fasciata,2
Bathmoceras taichoutense,undet. Athyridida,2
Bathmoceras taichoutense,Acrothele sp.,2
Bathmoceras taichoutense,Plectorthis simplex,2
Bathmoceras taichoutense,Angusticardinia sp.,2
Bathmoceras taichoutense,Lingula salteri,2
Bathmoceras taichoutense,Orbithele vana,2
Bathmoceras taichoutense,Paurorthis tadristensis,2
Bathmoceras taichoutense,Tarfaya marocana,2
Bathmoceras taichoutense,Wosekella sp.,2
Bathmoceras taichoutense,Monobolina sp.,2
Bathmoceras taichoutense,Elliptoglossa sp.,2
Bathmoceras taichoutense,Celdobolus sp.,2
Bathmoceras taichoutense,Discinoidea?,2
Bathmoceras taichoutense,undet. Dalmanelloidea,2
Bathmoceras taichoutense,Ctenodonta escosurae,2
Bathmoceras taichoutense,Praenucula sp.,1
Bathmoceras taichoutense,Redonia michelae,2
Bathmoceras taichoutense,Coxiconchia guiraudi,2
Bathmoceras taichoutense,Alococoncha?,1
Bathmoceras taichoutense,Cardiolaria? sp.,2
Bathmoceras taichoutense,Cienagomya? sp.,2
Bathmoceras taichoutense,Ekaterodonta courtessolei,2
Bathmoceras taichoutense,Glyptarca sp.,2
Bathmoceras taichoutense,Pelecyogyra fezouataensis,2
Bathmoceras taichoutense,Sinuites sp.,2
Bathmoceras taichoutense,Lesueurilla prima,2
Bathmoceras taichoutense,undet. Platyceratoidea,1
Bathmoceras taichoutense,Thoralispira? cf. occitana,1
Bathmoceras taichoutense,Carcassonnella courtessolei,1
Bathmoceras taichoutense,Carcassonnella vizcainoi,1
Bathmoceras taichoutense,Carcassonnella sp.,1
Bathmoceras taichoutense,Enosiaspis hrungnir,1
Bathmoceras taichoutense, 'Synziphosurine'/Synziphosurina?,1
Bathmoceras taichoutense,Possible pycnogonid,1
Bathmoceras taichoutense,Tariccoia tazagurtensis,1
Bathmoceras taichoutense,Ostracod,1
Bathmoceras taichoutense,Lepadomorph barnacle,1
Bathmoceras taichoutense,undet. Dikelocephalidae,1
Bathmoceras taichoutense,undet. Illaenacea,1
Bathmoceras taichoutense,Orometopus sp.,1
Bathmoceras taichoutense,Agerina quadrata,1
Bathmoceras taichoutense,Geragnostus aff. occitanus,1
Bathmoceras taichoutense,Geragnostus sp.,1
Bathmoceras taichoutense,Ampyx priscus,1
Bathmoceras taichoutense,Ampyx cf. priscus,1
Bathmoceras taichoutense,Proetidae?,1
Bathmoceras taichoutense,undet. Trinucleidae,1
Bathmoceras taichoutense,Nileus deynouxi,1
Bathmoceras taichoutense,Hospes sp.,1
Bathmoceras taichoutense,Ogygiocaris sp.,1
Bathmoceras taichoutense,Palaeosphaeronites sp.,1
Bathmoceras taichoutense,Palaeosphaeronites? prokopi,1
Bathmoceras taichoutense,Aristocystites cf. bohemicus (sinuous?),1
Bathmoceras taichoutense,Aristocystites sp.,1
Bathmoceras taichoutense,Ascocystites? sp.,1
Bathmoceras taichoutense,Balantiocystis regnelli,1
Bathmoceras taichoutense,Balantiocystis sp.,1
Bathmoceras taichoutense,Rhopalocystis sp.,1
Bathmoceras taichoutense,Rhopalocystis dehirensis,1
Bathmoceras taichoutense,Rhopalocystis destombesi,1
Bathmoceras taichoutense,Rhopalocystis fraga,1
Bathmoceras taichoutense,Rhopalocystis grandis,1
Bathmoceras taichoutense,Rhopalocystis havliceki,1
Bathmoceras taichoutense,Rhopalocystis lehmani,1
Bathmoceras taichoutense,Rhopalocystis zagoraensis,1
Bathmoceras taichoutense,Rhopalocystis sp. A,1
Bathmoceras taichoutense,Rhopalocystis sp. B,1
Bathmoceras taichoutense,Rhopalocystis sp. C,1
Bathmoceras taichoutense,cf. Rhopalocystis,1
Bathmoceras taichoutense,Lingulocystis aff. deani,1
Bathmoceras taichoutense,Lingulocystis elongata,1
Bathmoceras taichoutense,cf. Pareocrinus,1
Bathmoceras taichoutense,Eocrinoidea indet. sp. 1,1
Bathmoceras taichoutense,Eocrinoidea indet. sp. 2,1
Bathmoceras taichoutense,Eocrinoidea indet.,1
Bathmoceras taichoutense,Ramseyocrinus sp.,1
Bathmoceras taichoutense,Crinoid 2,1
Bathmoceras taichoutense,Aethocrinus cf. moorei,1
Bathmoceras taichoutense,Iocrinus n. sp.,1
Bathmoceras taichoutense,Cystoidea?/undet. Cystoidea,1
Bathmoceras taichoutense,Argodiscus espilezorum,1
Bathmoceras taichoutense,Anedriophus moroccoensis,1
Bathmoceras taichoutense,Rhenopyrgid indet.,1
Bathmoceras taichoutense,Ampelocarpus sp.,1
Bathmoceras taichoutense,Amygdalotheca griffei,1
Bathmoceras taichoutense,Anatifopsis escandei,1
Bathmoceras taichoutense,Anatifopsis trapeziiformis,1
Bathmoceras taichoutense,Anatifopsis sp.,1
Bathmoceras taichoutense,"Anomalocystid n. gen., n. sp. ",1
Bathmoceras taichoutense,Aspidocarpus sp.,1
Bathmoceras taichoutense,Arauricystis? sp.,1
Bathmoceras taichoutense,Balanocystites primus,1
Bathmoceras taichoutense,Bohemiaecystis,1
Bathmoceras taichoutense,Chauvelicystis ubaghsi,1
Bathmoceras taichoutense,Chauvelicystis spinosa,1
Bathmoceras taichoutense,Chauvelicystis vizcainoi,1
Bathmoceras taichoutense,Chauvelicystis sp.,1
Bathmoceras taichoutense,"Chauvelicystid n. gen., n. sp. 1",1
Bathmoceras taichoutense,"Chauvelicystid n. gen., n. sp. 2",1
Bathmoceras taichoutense,Chinianocarpos sp.,1
Bathmoceras taichoutense,"Cornuta n. gen. 1, n. sp.",1
Bathmoceras taichoutense,"Cornuta n. gen. 2, n. sp.",1
Bathmoceras taichoutense,Flabellicarpus rushtoni,1
Bathmoceras taichoutense,Flabellicarpus?,1
Bathmoceras taichoutense,Galliaecystis n. sp.,1
Bathmoceras taichoutense,Galliaecystis ubaghsi,1
Bathmoceras taichoutense,Hanusia n. sp.,1
Bathmoceras taichoutense,Lagynocystis pyramidalis,1
Bathmoceras taichoutense,Kirkocystidae?,1
Bathmoceras taichoutense,Lyricocarpus courtessolei,1
Bathmoceras taichoutense,Milonicystis sp.,1
Bathmoceras taichoutense,Mitrocystitid indet. cf. Ovocarpus,1
Bathmoceras taichoutense,Nanocarpus cf. dolambii,1
Bathmoceras taichoutense,Phyllocystis blayaci,1
Bathmoceras taichoutense,Phyllocystis sp.,1
Bathmoceras taichoutense,Procothurnocystis n. sp.,1
Bathmoceras taichoutense,Prokopicystis sp.,1
Bathmoceras taichoutense,Thoralicystis zagoraensis,1
Bathmoceras taichoutense,Thoralicystis n. sp.,1
Bathmoceras taichoutense,Vizcainocarpus sp.,1
Bathmoceras taichoutense,Cothurnocystid indetl.,1
Bathmoceras taichoutense,Hanusiid indet.,1
Bathmoceras taichoutense,Peltocystis cornuta,1
Bathmoceras taichoutense,Scotiaevystis? sp.,1
Bathmoceras taichoutense,Macrocystella sp.,1
Bathmoceras taichoutense,Macrocystella bohemica,1
Bathmoceras taichoutense,Macrocystella cf. mariae,1
Bathmoceras taichoutense,Macrocystella tasseftensis,1
Bathmoceras taichoutense,undet. Ophiuroidea,1
Bathmoceras taichoutense,Clonograptus rigidus,1
Bathmoceras taichoutense,Clonograptus flexibilis,1
Bathmoceras taichoutense,Clonograptus flexilis,1
Bathmoceras taichoutense,Clonograptus persistens,1
Bathmoceras taichoutense,Clonograptus multiplex,1
Bathmoceras taichoutense,Didymograptus cf. arcuatus,1
Bathmoceras taichoutense,Didymograptus deflexus,1
Bathmoceras taichoutense,Didymograptus extensus,1
Bathmoceras taichoutense,Didymograptus v-fractus,1
Bathmoceras taichoutense,Didymograptus intendus,1
Bathmoceras taichoutense,Didymograptus pennatulus,1
Bathmoceras taichoutense,Didymograptus nanus,1
Bathmoceras taichoutense,Didymograptus nitidus,1
Bathmoceras taichoutense,Didymograptus patulus,1
Bathmoceras taichoutense,Didymograptus sparsus,1
Bathmoceras taichoutense,"""Didymograptus sp. 1""",1
Bathmoceras taichoutense,Didymograptus sp.,1
Bathmoceras taichoutense,Didymograptid indet.,1
Bathmoceras taichoutense,Dichograptidae?,1
Bathmoceras taichoutense,Hunnegraptus copiosus,1
Bathmoceras taichoutense, 'Kiaerograptus' supremus,1
Bathmoceras taichoutense,Koremagraptus sp.,1
Bathmoceras taichoutense,Paradelograptus norvegicus,1
Bathmoceras taichoutense,Paradelograptus tenuis,1
Bathmoceras taichoutense,Paratemnograptus magnificus,1
Bathmoceras taichoutense,Tetragraptus cf. approximatus,1
Bathmoceras taichoutense,Tetragraptus quadribrachiatus,1
Bathmoceras taichoutense,Tetragraptus reclinatus,1
Bathmoceras taichoutense,Tetragraptus serra,1
Bathmoceras taichoutense,Tetragraptus tornquisti,1
Bathmoceras taichoutense, 'Tetragraptus' bulmani,1
Bathmoceras taichoutense,Tetragraptus sp.,1
Bathmoceras taichoutense,Araneograptus murrayi,1
Bathmoceras taichoutense,Dictyonema sp.,1
Bathmoceras taichoutense,Tuboid,1
Bathmoceras taichoutense,Anisograptus cf. matanensis,1
Bathmoceras taichoutense,Bryograptus divergens,1
Bathmoceras taichoutense,Bryograptus kjerulfi cumbrensis,1
Bathmoceras taichoutense,Bryograptus lapworthi,1
Bathmoceras taichoutense,Rhabdinopora flabelliforme cf. anglica,1
Bathmoceras taichoutense,Rhabdinopora flabelliforme flabelliforme,1
Bathmoceras taichoutense,Rhabdinopora flabelliforme multithecatum,1
Bathmoceras taichoutense,Rhabdinopora flabelliformis socialis,1
Bathmoceras taichoutense,Rhabdinopora flabelliformis canadenisis,1
Bathmoceras taichoutense,Rhabdinopora flabelliforme norvegicum,1
Bathmoceras taichoutense,Acrograptus nicholsoni,1
Bathmoceras taichoutense,Adelograptus sp.,1
Bathmoceras taichoutense,Azygograptus eivionicus,1
Bathmoceras taichoutense,Azygograptus sp.,1
Bathmoceras taichoutense,Etagraptus putillus,1
Bathmoceras taichoutense,Hermannograptus sp.,1
Bathmoceras taichoutense,Isograptus caduceus arcuatus,1
Bathmoceras taichoutense,Isograptus caduceus gracilis,1
Bathmoceras taichoutense,Isograptus furcula,1
Bathmoceras taichoutense,Pterograptus sp.,1
Bathmoceras taichoutense,Schizograptus sp.,1
Bathmoceras taichoutense,Temnograptus multiflex,1
Bathmoceras taichoutense,Temnograptus cf. noveboracensis,1
Bathmoceras taichoutense,Temnograptus ramulus,1
Bathmoceras taichoutense,Adelograptus tenellus,1
Bathmoceras taichoutense,Choristograptus louai,1
Bathmoceras taichoutense,Ancoragraptus bulmani,1
Bathmoceras taichoutense,?Cymatograptus protobalticus,1
Bathmoceras taichoutense,?Baltograptus jacksoni,1
Bathmoceras taichoutense,Baltograptus minutus,1
Bathmoceras taichoutense,Baltograptus deflexus,1
Bathmoceras taichoutense,?Baltograptus kurcki,1
Bathmoceras taichoutense,Expansograptus sp.,1
Bathmoceras taichoutense,Webbyites felix,1
Bathmoceras taichoutense,Rhabdopleura-like epibiont,1
Bathmoceras taichoutense,Elegantilites sp.,1
Bathmoceras taichoutense,Gamalites? sp.,1
Bathmoceras taichoutense,Gompholites sp.,1
Bathmoceras taichoutense,Nephrotheca sp.,1
Bathmoceras taichoutense,Hyolithes sp.,1
Bathmoceras taichoutense,Pauxillites thaddei,1
Bathmoceras taichoutense,Pauxillites sp.,1
Bathmoceras taichoutense,Drepanoistodus? cf. pervetus,1
Bathmoceras taichoutense,Drepanoistodus cf. forceps,1
Bathmoceras taichoutense,Acodus deltatus,1
Bathmoceras taichoutense,Cornuodus longibasis,1
Bathmoceras taichoutense,Drepanodus arcuatus,1
Bathmoceras taichoutense,Paltodus cf. inaequalis,1
Bathmoceras taichoutense,Parapaltodus aff. flexuosus,1
Bathmoceras taichoutense,Parapaltodus aff. simplicissimus,1
Bathmoceras taichoutense,Paroistodus cf. proteus,1
Bathmoceras taichoutense,Paroistodus cf. parallellus,1
Bathmoceras taichoutense,Periodon cf. selenopsis,1
Bathmoceras taichoutense,Periodon cf. primus,1
Bathmoceras taichoutense,Prioniodus sp.,1
Bathmoceras taichoutense,Prioniodus cf. gilberti,1
Bathmoceras taichoutense,Protopanderodus cf. leonardii,1
Bathmoceras taichoutense,Scalpellodus aff. gracilis,1
Bathmoceras taichoutense,Scolopodus aff. krummi,1
Bathmoceras taichoutense,Semiacontiodus sp.,1
Bathmoceras taichoutense,Semiacontiodus cf. cornuformis,1
Bathmoceras taichoutense,Stolodus cf. stola,1
Bathmoceras taichoutense,Tripodus sp.,1
Bathmoceras taichoutense,Tripodus aff. Laevis,1
Bathmoceras taichoutense,Tropodus sp.,1
Bathmoceras taichoutense,Tropodus cf. sweeti,1
Rioceras sp.,Ranorthis fasciata,2
Rioceras sp.,undet. Athyridida,2
Rioceras sp.,Acrothele sp.,2
Rioceras sp.,Plectorthis simplex,2
Rioceras sp.,Angusticardinia sp.,2
Rioceras sp.,Lingula salteri,2
Rioceras sp.,Orbithele vana,2
Rioceras sp.,Paurorthis tadristensis,2
Rioceras sp.,Tarfaya marocana,2
Rioceras sp.,Wosekella sp.,2
Rioceras sp.,Monobolina sp.,2
Rioceras sp.,Elliptoglossa sp.,2
Rioceras sp.,Celdobolus sp.,2
Rioceras sp.,Discinoidea?,2
Rioceras sp.,undet. Dalmanelloidea,2
Rioceras sp.,Babinka prima,2
Rioceras sp.,Ctenodonta escosurae,2
Rioceras sp.,Praenucula sp.,2
Rioceras sp.,Redonia michelae,2
Rioceras sp.,Coxiconchia guiraudi,2
Rioceras sp.,Alococoncha?,1
Rioceras sp.,Cardiolaria? sp.,2
Rioceras sp.,Cienagomya? sp.,2
Rioceras sp.,Ekaterodonta courtessolei,2
Rioceras sp.,Glyptarca sp.,2
Rioceras sp.,Pelecyogyra fezouataensis,2
Rioceras sp.,Sinuites sp.,2
Rioceras sp.,Lesueurilla prima,2
Rioceras sp.,undet. Platyceratoidea,2
Rioceras sp.,Thoralispira laevis,1
Rioceras sp.,Thoralispira? cf. occitana,1
Rioceras sp.,Carcassonnella courtessolei,1
Rioceras sp.,Carcassonnella vizcainoi,1
Rioceras sp.,Carcassonnella sp.,1
Rioceras sp.,Ribeiria sp.,1
Rioceras sp.,Bactroceras sp.,1
Rioceras sp.,Bathmoceras taichoutense,1
Rioceras sp.,Destombesiceras zagorense,1
Rioceras sp.,Polymeres sp.,1
Rioceras sp.,Protocyptendoceras longicameratum,1
Rioceras sp.,Furca sp. 1,1
Rioceras sp.,Furca sp. 2,1
Rioceras sp.,Furca sp. 3,1
Rioceras sp.,Enosiaspis hrungnir,1
Rioceras sp.,Leanchoilia sp.,1
Rioceras sp.,Possible waptiid,1
Rioceras sp., 'Synziphosurine'/Synziphosurina?,1
Rioceras sp.,Chasmataspidid,1
Rioceras sp.,Possible pycnogonid,1
Rioceras sp.,Possible helmetiid,1
Rioceras sp.,Possible retifaciid,1
Rioceras sp.,Tariccoia tazagurtensis,1
Rioceras sp.,Chlupacaris? sp.,1
Rioceras sp.,Cheloniellid,1
Rioceras sp.,Phyllocarid,1
Rioceras sp.,Ostracod,1
Rioceras sp.,Lepadomorph barnacle,1
Rioceras sp.,Asaphellus sp aff. jujuanus,1
Rioceras sp.,Kierarges morrisoni,1
Rioceras sp.,Symphysurus sicardi,1
Rioceras sp.,Symphysurus ebbestadi,1
Rioceras sp.,Apatokephalus cf. incisus,1
Rioceras sp.,undet. Dikelocephalidae,1
Rioceras sp.,undet. Illaenacea,1
Rioceras sp.,Orometopus sp.,1
Rioceras sp.,Cnemidopyge sp.,1
Rioceras sp.,Parvilichas marochii,1
Rioceras sp.,Selenopeltis aff. Gallica,1
Rioceras sp.,Selenopeltis binodosa,1
Rioceras sp.,Selenopeltis sp. 1,1
Rioceras sp.,Selenopeltis sp. 2,1
Rioceras sp.,Foulonia peregrina,1
Rioceras sp.,Foulonia sp.,1
Rioceras sp.,Toletanaspis aff. borni,1
Rioceras sp.,undet. Dalmanitacea,1
Rioceras sp.,Bathycheilus gallicus,1
Rioceras sp.,Bavarilla aff. zemmourensis,1
Rioceras sp.,Bavarilla zemmourensis,1
Rioceras sp.,Bavarilla sp.,1
Rioceras sp.,Colpocoryphe thorali,1
Rioceras sp.,Colpocoryphe pradesensis,1
Rioceras sp.,Pharostoma sp.,1
Rioceras sp.,Pharostomina sp. ,1
Rioceras sp.,Agerina quadrata,1
Rioceras sp.,Euloma sp.,1
Rioceras sp.,Geragnostus aff. occitanus,1
Rioceras sp.,Geragnostus sp.,1
Rioceras sp.,Beltella sp.,1
Rioceras sp.,Ampyx priscus,1
Rioceras sp.,Ampyx cf. priscus,1
Rioceras sp.,Ceraurinella? sp.,1
Rioceras sp.,Megalaspidella sp.,1
Rioceras sp.,Platycoryphe sp.,1
Rioceras sp.,Parabathycheilus gallicus,1
Rioceras sp.,Proetidae?,1
Rioceras sp.,undet. Trinucleidae,1
Rioceras sp.,Nileus deynouxi,1
Rioceras sp.,Hospes sp.,1
Rioceras sp.,Ogygiocaris sp.,1
Rioceras sp.,Ormathops clariondi,1
Rioceras sp.,Pterygometopus sp.,1
Rioceras sp.,Iberocoryphe sp.,1
Rioceras sp.,cf. Niobella sp.,1
Rioceras sp.,Somasteroid indet. n. sp. 1,1
Rioceras sp.,Somasteroid indet. n. sp. 2,1
Rioceras sp.,Somasteroid indet. n. sp. 3,1
Rioceras sp.,Somasteroid indet.,1
Rioceras sp.,undet. Asteroidea,1
Rioceras sp.,undet. Stelleroidea,1
Rioceras sp.,Palaeosphaeronites sp.,1
Rioceras sp.,Palaeosphaeronites? prokopi,1
Rioceras sp.,Aristocystites cf. bohemicus (sinuous?),1
Rioceras sp.,Aristocystites sp.,1
Rioceras sp.,Ascocystites? sp.,1
Rioceras sp.,Balantiocystis regnelli,1
Rioceras sp.,Balantiocystis sp.,1
Rioceras sp.,Rhopalocystis sp.,1
Rioceras sp.,Rhopalocystis dehirensis,1
Rioceras sp.,Rhopalocystis destombesi,1
Rioceras sp.,Rhopalocystis fraga,1
Rioceras sp.,Rhopalocystis grandis,1
Rioceras sp.,Rhopalocystis havliceki,1
Rioceras sp.,Rhopalocystis lehmani,1
Rioceras sp.,Rhopalocystis zagoraensis,1
Rioceras sp.,Rhopalocystis sp. A,1
Rioceras sp.,Rhopalocystis sp. B,1
Rioceras sp.,Rhopalocystis sp. C,1
Rioceras sp.,cf. Rhopalocystis,1
Rioceras sp.,Lingulocystis aff. deani,1
Rioceras sp.,Lingulocystis elongata,1
Rioceras sp.,cf. Pareocrinus,1
Rioceras sp.,Eocrinoidea indet. sp. 1,1
Rioceras sp.,Eocrinoidea indet. sp. 2,1
Rioceras sp.,Eocrinoidea indet.,1
Rioceras sp.,Ramseyocrinus sp.,1
Rioceras sp.,Crinoid 2,1
Rioceras sp.,Aethocrinus cf. moorei,1
Rioceras sp.,Iocrinus n. sp.,1
Rioceras sp.,Cystoidea?/undet. Cystoidea,1
Rioceras sp.,Argodiscus espilezorum,1
Rioceras sp.,Anedriophus moroccoensis,1
Rioceras sp.,Rhenopyrgid indet.,1
Rioceras sp.,Ampelocarpus sp.,1
Rioceras sp.,Amygdalotheca griffei,1
Rioceras sp.,Anatifopsis escandei,1
Rioceras sp.,Anatifopsis trapeziiformis,1
Rioceras sp.,Anatifopsis sp.,1
Rioceras sp.,"Anomalocystid n. gen., n. sp. ",1
Rioceras sp.,Aspidocarpus sp.,1
Rioceras sp.,Arauricystis? sp.,1
Rioceras sp.,Balanocystites primus,1
Rioceras sp.,Bohemiaecystis,1
Rioceras sp.,Chauvelicystis ubaghsi,1
Rioceras sp.,Chauvelicystis spinosa,1
Rioceras sp.,Chauvelicystis vizcainoi,1
Rioceras sp.,Chauvelicystis sp.,1
Rioceras sp.,"Chauvelicystid n. gen., n. sp. 1",1
Rioceras sp.,"Chauvelicystid n. gen., n. sp. 2",1
Rioceras sp.,Chinianocarpos sp.,1
Rioceras sp.,"Cornuta n. gen. 1, n. sp.",1
Rioceras sp.,"Cornuta n. gen. 2, n. sp.",1
Rioceras sp.,Flabellicarpus rushtoni,1
Rioceras sp.,Flabellicarpus?,1
Rioceras sp.,Galliaecystis n. sp.,1
Rioceras sp.,Galliaecystis ubaghsi,1
Rioceras sp.,Hanusia n. sp.,1
Rioceras sp.,Lagynocystis pyramidalis,1
Rioceras sp.,Kirkocystidae?,1
Rioceras sp.,Lyricocarpus courtessolei,1
Rioceras sp.,Milonicystis sp.,1
Rioceras sp.,Mitrocystitid indet. cf. Ovocarpus,1
Rioceras sp.,Nanocarpus cf. dolambii,1
Rioceras sp.,Phyllocystis blayaci,1
Rioceras sp.,Phyllocystis sp.,1
Rioceras sp.,Procothurnocystis n. sp.,1
Rioceras sp.,Prokopicystis sp.,1
Rioceras sp.,Thoralicystis zagoraensis,1
Rioceras sp.,Thoralicystis n. sp.,1
Rioceras sp.,Vizcainocarpus sp.,1
Rioceras sp.,Cothurnocystid indetl.,1
Rioceras sp.,Hanusiid indet.,1
Rioceras sp.,Peltocystis cornuta,1
Rioceras sp.,Scotiaevystis? sp.,1
Rioceras sp.,Macrocystella sp.,1
Rioceras sp.,Macrocystella bohemica,1
Rioceras sp.,Macrocystella cf. mariae,1
Rioceras sp.,Macrocystella tasseftensis,1
Rioceras sp.,undet. Ophiuroidea,1
Rioceras sp.,Clonograptus rigidus,1
Rioceras sp.,Clonograptus flexibilis,1
Rioceras sp.,Clonograptus flexilis,1
Rioceras sp.,Clonograptus persistens,1
Rioceras sp.,Clonograptus multiplex,1
Rioceras sp.,Didymograptus cf. arcuatus,1
Rioceras sp.,Didymograptus deflexus,1
Rioceras sp.,Didymograptus extensus,1
Rioceras sp.,Didymograptus v-fractus,1
Rioceras sp.,Didymograptus intendus,1
Rioceras sp.,Didymograptus pennatulus,1
Rioceras sp.,Didymograptus nanus,1
Rioceras sp.,Didymograptus nitidus,1
Rioceras sp.,Didymograptus patulus,1
Rioceras sp.,Didymograptus sparsus,1
Rioceras sp.,"""Didymograptus sp. 1""",1
Rioceras sp.,Didymograptus sp.,1
Rioceras sp.,Didymograptid indet.,1
Rioceras sp.,Dichograptidae?,1
Rioceras sp.,Hunnegraptus copiosus,1
Rioceras sp., 'Kiaerograptus' supremus,1
Rioceras sp.,Koremagraptus sp.,1
Rioceras sp.,Paradelograptus norvegicus,1
Rioceras sp.,Paradelograptus tenuis,1
Rioceras sp.,Paratemnograptus magnificus,1
Rioceras sp.,Tetragraptus cf. approximatus,1
Rioceras sp.,Tetragraptus quadribrachiatus,1
Rioceras sp.,Tetragraptus reclinatus,1
Rioceras sp.,Tetragraptus serra,1
Rioceras sp.,Tetragraptus tornquisti,1
Rioceras sp., 'Tetragraptus' bulmani,1
Rioceras sp.,Tetragraptus sp.,1
Rioceras sp.,Araneograptus murrayi,1
Rioceras sp.,Dictyonema sp.,1
Rioceras sp.,Tuboid,1
Rioceras sp.,Anisograptus cf. matanensis,1
Rioceras sp.,Bryograptus divergens,1
Rioceras sp.,Bryograptus kjerulfi cumbrensis,1
Rioceras sp.,Bryograptus lapworthi,1
Rioceras sp.,Rhabdinopora flabelliforme cf. anglica,1
Rioceras sp.,Rhabdinopora flabelliforme flabelliforme,1
Rioceras sp.,Rhabdinopora flabelliforme multithecatum,1
Rioceras sp.,Rhabdinopora flabelliformis socialis,1
Rioceras sp.,Rhabdinopora flabelliformis canadenisis,1
Rioceras sp.,Rhabdinopora flabelliforme norvegicum,1
Rioceras sp.,Acrograptus nicholsoni,1
Rioceras sp.,Adelograptus sp.,1
Rioceras sp.,Azygograptus eivionicus,1
Rioceras sp.,Azygograptus sp.,1
Rioceras sp.,Etagraptus putillus,1
Rioceras sp.,Hermannograptus sp.,1
Rioceras sp.,Isograptus caduceus arcuatus,1
Rioceras sp.,Isograptus caduceus gracilis,1
Rioceras sp.,Isograptus furcula,1
Rioceras sp.,Pterograptus sp.,1
Rioceras sp.,Schizograptus sp.,1
Rioceras sp.,Temnograptus multiflex,1
Rioceras sp.,Temnograptus cf. noveboracensis,1
Rioceras sp.,Temnograptus ramulus,1
Rioceras sp.,Adelograptus tenellus,1
Rioceras sp.,Choristograptus louai,1
Rioceras sp.,Ancoragraptus bulmani,1
Rioceras sp.,?Cymatograptus protobalticus,1
Rioceras sp.,?Baltograptus jacksoni,1
Rioceras sp.,Baltograptus minutus,1
Rioceras sp.,Baltograptus deflexus,1
Rioceras sp.,?Baltograptus kurcki,1
Rioceras sp.,Expansograptus sp.,1
Rioceras sp.,Webbyites felix,1
Rioceras sp.,Rhabdopleura-like epibiont,1
Rioceras sp.,Elegantilites sp.,1
Rioceras sp.,Gamalites? sp.,1
Rioceras sp.,Gompholites sp.,1
Rioceras sp.,Nephrotheca sp.,1
Rioceras sp.,Hyolithes sp.,1
Rioceras sp.,Pauxillites thaddei,1
Rioceras sp.,Pauxillites sp.,1
Rioceras sp.,Drepanoistodus? cf. pervetus,1
Rioceras sp.,Drepanoistodus cf. forceps,1
Rioceras sp.,Acodus deltatus,1
Rioceras sp.,Cornuodus longibasis,1
Rioceras sp.,Drepanodus arcuatus,1
Rioceras sp.,Paltodus cf. inaequalis,1
Rioceras sp.,Parapaltodus aff. flexuosus,1
Rioceras sp.,Parapaltodus aff. simplicissimus,1
Rioceras sp.,Paroistodus cf. proteus,1
Rioceras sp.,Paroistodus cf. parallellus,1
Rioceras sp.,Periodon cf. selenopsis,1
Rioceras sp.,Periodon cf. primus,1
Rioceras sp.,Prioniodus sp.,1
Rioceras sp.,Prioniodus cf. gilberti,1
Rioceras sp.,Protopanderodus cf. leonardii,1
Rioceras sp.,Scalpellodus aff. gracilis,1
Rioceras sp.,Scolopodus aff. krummi,1
Rioceras sp.,Semiacontiodus sp.,1
Rioceras sp.,Semiacontiodus cf. cornuformis,1
Rioceras sp.,Stolodus cf. stola,1
Rioceras sp.,Tripodus sp.,1
Rioceras sp.,Tripodus aff. Laevis,1
Rioceras sp.,Tropodus sp.,1
Rioceras sp.,Tropodus cf. sweeti,1
Destombesiceras zagorense,Ranorthis fasciata,2
Destombesiceras zagorense,undet. Athyridida,2
Destombesiceras zagorense,Acrothele sp.,2
Destombesiceras zagorense,Plectorthis simplex,2
Destombesiceras zagorense,Angusticardinia sp.,2
Destombesiceras zagorense,Lingula salteri,2
Destombesiceras zagorense,Orbithele vana,2
Destombesiceras zagorense,Paurorthis tadristensis,2
Destombesiceras zagorense,Tarfaya marocana,2
Destombesiceras zagorense,Wosekella sp.,2
Destombesiceras zagorense,Monobolina sp.,2
Destombesiceras zagorense,Elliptoglossa sp.,2
Destombesiceras zagorense,Celdobolus sp.,2
Destombesiceras zagorense,Discinoidea?,2
Destombesiceras zagorense,undet. Dalmanelloidea,2
Destombesiceras zagorense,Ctenodonta escosurae,2
Destombesiceras zagorense,Praenucula sp.,1
Destombesiceras zagorense,Redonia michelae,2
Destombesiceras zagorense,Coxiconchia guiraudi,2
Destombesiceras zagorense,Alococoncha?,1
Destombesiceras zagorense,Cardiolaria? sp.,2
Destombesiceras zagorense,Cienagomya? sp.,2
Destombesiceras zagorense,Ekaterodonta courtessolei,2
Destombesiceras zagorense,Glyptarca sp.,2
Destombesiceras zagorense,Pelecyogyra fezouataensis,2
Destombesiceras zagorense,Sinuites sp.,2
Destombesiceras zagorense,Lesueurilla prima,2
Destombesiceras zagorense,undet. Platyceratoidea,1
Destombesiceras zagorense,Thoralispira? cf. occitana,1
Destombesiceras zagorense,Carcassonnella courtessolei,1
Destombesiceras zagorense,Carcassonnella vizcainoi,1
Destombesiceras zagorense,Carcassonnella sp.,1
Destombesiceras zagorense,Enosiaspis hrungnir,1
Destombesiceras zagorense, 'Synziphosurine'/Synziphosurina?,1
Destombesiceras zagorense,Possible pycnogonid,1
Destombesiceras zagorense,Tariccoia tazagurtensis,1
Destombesiceras zagorense,Ostracod,1
Destombesiceras zagorense,Lepadomorph barnacle,1
Destombesiceras zagorense,undet. Dikelocephalidae,1
Destombesiceras zagorense,undet. Illaenacea,1
Destombesiceras zagorense,Orometopus sp.,1
Destombesiceras zagorense,Agerina quadrata,1
Destombesiceras zagorense,Geragnostus aff. occitanus,1
Destombesiceras zagorense,Geragnostus sp.,1
Destombesiceras zagorense,Ampyx priscus,1
Destombesiceras zagorense,Ampyx cf. priscus,1
Destombesiceras zagorense,Proetidae?,1
Destombesiceras zagorense,undet. Trinucleidae,1
Destombesiceras zagorense,Nileus deynouxi,1
Destombesiceras zagorense,Hospes sp.,1
Destombesiceras zagorense,Ogygiocaris sp.,1
Destombesiceras zagorense,Palaeosphaeronites sp.,1
Destombesiceras zagorense,Palaeosphaeronites? prokopi,1
Destombesiceras zagorense,Aristocystites cf. bohemicus (sinuous?),1
Destombesiceras zagorense,Aristocystites sp.,1
Destombesiceras zagorense,Ascocystites? sp.,1
Destombesiceras zagorense,Balantiocystis regnelli,1
Destombesiceras zagorense,Balantiocystis sp.,1
Destombesiceras zagorense,Rhopalocystis sp.,1
Destombesiceras zagorense,Rhopalocystis dehirensis,1
Destombesiceras zagorense,Rhopalocystis destombesi,1
Destombesiceras zagorense,Rhopalocystis fraga,1
Destombesiceras zagorense,Rhopalocystis grandis,1
Destombesiceras zagorense,Rhopalocystis havliceki,1
Destombesiceras zagorense,Rhopalocystis lehmani,1
Destombesiceras zagorense,Rhopalocystis zagoraensis,1
Destombesiceras zagorense,Rhopalocystis sp. A,1
Destombesiceras zagorense,Rhopalocystis sp. B,1
Destombesiceras zagorense,Rhopalocystis sp. C,1
Destombesiceras zagorense,cf. Rhopalocystis,1
Destombesiceras zagorense,Lingulocystis aff. deani,1
Destombesiceras zagorense,Lingulocystis elongata,1
Destombesiceras zagorense,cf. Pareocrinus,1
Destombesiceras zagorense,Eocrinoidea indet. sp. 1,1
Destombesiceras zagorense,Eocrinoidea indet. sp. 2,1
Destombesiceras zagorense,Eocrinoidea indet.,1
Destombesiceras zagorense,Ramseyocrinus sp.,1
Destombesiceras zagorense,Crinoid 2,1
Destombesiceras zagorense,Aethocrinus cf. moorei,1
Destombesiceras zagorense,Iocrinus n. sp.,1
Destombesiceras zagorense,Cystoidea?/undet. Cystoidea,1
Destombesiceras zagorense,Argodiscus espilezorum,1
Destombesiceras zagorense,Anedriophus moroccoensis,1
Destombesiceras zagorense,Rhenopyrgid indet.,1
Destombesiceras zagorense,Ampelocarpus sp.,1
Destombesiceras zagorense,Amygdalotheca griffei,1
Destombesiceras zagorense,Anatifopsis escandei,1
Destombesiceras zagorense,Anatifopsis trapeziiformis,1
Destombesiceras zagorense,Anatifopsis sp.,1
Destombesiceras zagorense,"Anomalocystid n. gen., n. sp. ",1
Destombesiceras zagorense,Aspidocarpus sp.,1
Destombesiceras zagorense,Arauricystis? sp.,1
Destombesiceras zagorense,Balanocystites primus,1
Destombesiceras zagorense,Bohemiaecystis,1
Destombesiceras zagorense,Chauvelicystis ubaghsi,1
Destombesiceras zagorense,Chauvelicystis spinosa,1
Destombesiceras zagorense,Chauvelicystis vizcainoi,1
Destombesiceras zagorense,Chauvelicystis sp.,1
Destombesiceras zagorense,"Chauvelicystid n. gen., n. sp. 1",1
Destombesiceras zagorense,"Chauvelicystid n. gen., n. sp. 2",1
Destombesiceras zagorense,Chinianocarpos sp.,1
Destombesiceras zagorense,"Cornuta n. gen. 1, n. sp.",1
Destombesiceras zagorense,"Cornuta n. gen. 2, n. sp.",1
Destombesiceras zagorense,Flabellicarpus rushtoni,1
Destombesiceras zagorense,Flabellicarpus?,1
Destombesiceras zagorense,Galliaecystis n. sp.,1
Destombesiceras zagorense,Galliaecystis ubaghsi,1
Destombesiceras zagorense,Hanusia n. sp.,1
Destombesiceras zagorense,Lagynocystis pyramidalis,1
Destombesiceras zagorense,Kirkocystidae?,1
Destombesiceras zagorense,Lyricocarpus courtessolei,1
Destombesiceras zagorense,Milonicystis sp.,1
Destombesiceras zagorense,Mitrocystitid indet. cf. Ovocarpus,1
Destombesiceras zagorense,Nanocarpus cf. dolambii,1
Destombesiceras zagorense,Phyllocystis blayaci,1
Destombesiceras zagorense,Phyllocystis sp.,1
Destombesiceras zagorense,Procothurnocystis n. sp.,1
Destombesiceras zagorense,Prokopicystis sp.,1
Destombesiceras zagorense,Thoralicystis zagoraensis,1
Destombesiceras zagorense,Thoralicystis n. sp.,1
Destombesiceras zagorense,Vizcainocarpus sp.,1
Destombesiceras zagorense,Cothurnocystid indetl.,1
Destombesiceras zagorense,Hanusiid indet.,1
Destombesiceras zagorense,Peltocystis cornuta,1
Destombesiceras zagorense,Scotiaevystis? sp.,1
Destombesiceras zagorense,Macrocystella sp.,1
Destombesiceras zagorense,Macrocystella bohemica,1
Destombesiceras zagorense,Macrocystella cf. mariae,1
Destombesiceras zagorense,Macrocystella tasseftensis,1
Destombesiceras zagorense,undet. Ophiuroidea,1
Destombesiceras zagorense,Clonograptus rigidus,1
Destombesiceras zagorense,Clonograptus flexibilis,1
Destombesiceras zagorense,Clonograptus flexilis,1
Destombesiceras zagorense,Clonograptus persistens,1
Destombesiceras zagorense,Clonograptus multiplex,1
Destombesiceras zagorense,Didymograptus cf. arcuatus,1
Destombesiceras zagorense,Didymograptus deflexus,1
Destombesiceras zagorense,Didymograptus extensus,1
Destombesiceras zagorense,Didymograptus v-fractus,1
Destombesiceras zagorense,Didymograptus intendus,1
Destombesiceras zagorense,Didymograptus pennatulus,1
Destombesiceras zagorense,Didymograptus nanus,1
Destombesiceras zagorense,Didymograptus nitidus,1
Destombesiceras zagorense,Didymograptus patulus,1
Destombesiceras zagorense,Didymograptus sparsus,1
Destombesiceras zagorense,"""Didymograptus sp. 1""",1
Destombesiceras zagorense,Didymograptus sp.,1
Destombesiceras zagorense,Didymograptid indet.,1
Destombesiceras zagorense,Dichograptidae?,1
Destombesiceras zagorense,Hunnegraptus copiosus,1
Destombesiceras zagorense, 'Kiaerograptus' supremus,1
Destombesiceras zagorense,Koremagraptus sp.,1
Destombesiceras zagorense,Paradelograptus norvegicus,1
Destombesiceras zagorense,Paradelograptus tenuis,1
Destombesiceras zagorense,Paratemnograptus magnificus,1
Destombesiceras zagorense,Tetragraptus cf. approximatus,1
Destombesiceras zagorense,Tetragraptus quadribrachiatus,1
Destombesiceras zagorense,Tetragraptus reclinatus,1
Destombesiceras zagorense,Tetragraptus serra,1
Destombesiceras zagorense,Tetragraptus tornquisti,1
Destombesiceras zagorense, 'Tetragraptus' bulmani,1
Destombesiceras zagorense,Tetragraptus sp.,1
Destombesiceras zagorense,Araneograptus murrayi,1
Destombesiceras zagorense,Dictyonema sp.,1
Destombesiceras zagorense,Tuboid,1
Destombesiceras zagorense,Anisograptus cf. matanensis,1
Destombesiceras zagorense,Bryograptus divergens,1
Destombesiceras zagorense,Bryograptus kjerulfi cumbrensis,1
Destombesiceras zagorense,Bryograptus lapworthi,1
Destombesiceras zagorense,Rhabdinopora flabelliforme cf. anglica,1
Destombesiceras zagorense,Rhabdinopora flabelliforme flabelliforme,1
Destombesiceras zagorense,Rhabdinopora flabelliforme multithecatum,1
Destombesiceras zagorense,Rhabdinopora flabelliformis socialis,1
Destombesiceras zagorense,Rhabdinopora flabelliformis canadenisis,1
Destombesiceras zagorense,Rhabdinopora flabelliforme norvegicum,1
Destombesiceras zagorense,Acrograptus nicholsoni,1
Destombesiceras zagorense,Adelograptus sp.,1
Destombesiceras zagorense,Azygograptus eivionicus,1
Destombesiceras zagorense,Azygograptus sp.,1
Destombesiceras zagorense,Etagraptus putillus,1
Destombesiceras zagorense,Hermannograptus sp.,1
Destombesiceras zagorense,Isograptus caduceus arcuatus,1
Destombesiceras zagorense,Isograptus caduceus gracilis,1
Destombesiceras zagorense,Isograptus furcula,1
Destombesiceras zagorense,Pterograptus sp.,1
Destombesiceras zagorense,Schizograptus sp.,1
Destombesiceras zagorense,Temnograptus multiflex,1
Destombesiceras zagorense,Temnograptus cf. noveboracensis,1
Destombesiceras zagorense,Temnograptus ramulus,1
Destombesiceras zagorense,Adelograptus tenellus,1
Destombesiceras zagorense,Choristograptus louai,1
Destombesiceras zagorense,Ancoragraptus bulmani,1
Destombesiceras zagorense,?Cymatograptus protobalticus,1
Destombesiceras zagorense,?Baltograptus jacksoni,1
Destombesiceras zagorense,Baltograptus minutus,1
Destombesiceras zagorense,Baltograptus deflexus,1
Destombesiceras zagorense,?Baltograptus kurcki,1
Destombesiceras zagorense,Expansograptus sp.,1
Destombesiceras zagorense,Webbyites felix,1
Destombesiceras zagorense,Rhabdopleura-like epibiont,1
Destombesiceras zagorense,Elegantilites sp.,1
Destombesiceras zagorense,Gamalites? sp.,1
Destombesiceras zagorense,Gompholites sp.,1
Destombesiceras zagorense,Nephrotheca sp.,1
Destombesiceras zagorense,Hyolithes sp.,1
Destombesiceras zagorense,Pauxillites thaddei,1
Destombesiceras zagorense,Pauxillites sp.,1
Destombesiceras zagorense,Drepanoistodus? cf. pervetus,1
Destombesiceras zagorense,Drepanoistodus cf. forceps,1
Destombesiceras zagorense,Acodus deltatus,1
Destombesiceras zagorense,Cornuodus longibasis,1
Destombesiceras zagorense,Drepanodus arcuatus,1
Destombesiceras zagorense,Paltodus cf. inaequalis,1
Destombesiceras zagorense,Parapaltodus aff. flexuosus,1
Destombesiceras zagorense,Parapaltodus aff. simplicissimus,1
Destombesiceras zagorense,Paroistodus cf. proteus,1
Destombesiceras zagorense,Paroistodus cf. parallellus,1
Destombesiceras zagorense,Periodon cf. selenopsis,1
Destombesiceras zagorense,Periodon cf. primus,1
Destombesiceras zagorense,Prioniodus sp.,1
Destombesiceras zagorense,Prioniodus cf. gilberti,1
Destombesiceras zagorense,Protopanderodus cf. leonardii,1
Destombesiceras zagorense,Scalpellodus aff. gracilis,1
Destombesiceras zagorense,Scolopodus aff. krummi,1
Destombesiceras zagorense,Semiacontiodus sp.,1
Destombesiceras zagorense,Semiacontiodus cf. cornuformis,1
Destombesiceras zagorense,Stolodus cf. stola,1
Destombesiceras zagorense,Tripodus sp.,1
Destombesiceras zagorense,Tripodus aff. Laevis,1
Destombesiceras zagorense,Tropodus sp.,1
Destombesiceras zagorense,Tropodus cf. sweeti,1
Destombesiceras zagorense,Rhabdopleura-like epibiont,1
Polymeres sp.,Ranorthis fasciata,2
Polymeres sp.,undet. Athyridida,2
Polymeres sp.,Acrothele sp.,2
Polymeres sp.,Plectorthis simplex,2
Polymeres sp.,Angusticardinia sp.,2
Polymeres sp.,Lingula salteri,2
Polymeres sp.,Orbithele vana,2
Polymeres sp.,Paurorthis tadristensis,2
Polymeres sp.,Tarfaya marocana,2
Polymeres sp.,Wosekella sp.,2
Polymeres sp.,Monobolina sp.,2
Polymeres sp.,Elliptoglossa sp.,2
Polymeres sp.,Celdobolus sp.,2
Polymeres sp.,Discinoidea?,2
Polymeres sp.,undet. Dalmanelloidea,2
Polymeres sp.,Babinka prima,1
Polymeres sp.,Ctenodonta escosurae,2
Polymeres sp.,Praenucula sp.,2
Polymeres sp.,Redonia michelae,2
Polymeres sp.,Coxiconchia guiraudi,2
Polymeres sp.,Alococoncha?,1
Polymeres sp.,Cardiolaria? sp.,2
Polymeres sp.,Cienagomya? sp.,2
Polymeres sp.,Ekaterodonta courtessolei,2
Polymeres sp.,Glyptarca sp.,2
Polymeres sp.,Pelecyogyra fezouataensis,2
Polymeres sp.,Sinuites sp.,2
Polymeres sp.,Lesueurilla prima,2
Polymeres sp.,undet. Platyceratoidea,2
Polymeres sp.,Thoralispira laevis,1
Polymeres sp.,Thoralispira? cf. occitana,1
Polymeres sp.,Carcassonnella courtessolei,1
Polymeres sp.,Carcassonnella vizcainoi,1
Polymeres sp.,Carcassonnella sp.,1
Polymeres sp.,Ribeiria sp.,1
Polymeres sp.,Bathmoceras taichoutense,1
Polymeres sp.,Destombesiceras zagorense,1
Polymeres sp.,Enosiaspis hrungnir,1
Polymeres sp., 'Synziphosurine'/Synziphosurina?,1
Polymeres sp.,Chasmataspidid,1
Polymeres sp.,Possible pycnogonid,1
Polymeres sp.,Tariccoia tazagurtensis,1
Polymeres sp.,Cheloniellid,1
Polymeres sp.,Phyllocarid,1
Polymeres sp.,Ostracod,1
Polymeres sp.,Lepadomorph barnacle,1
Polymeres sp.,undet. Dikelocephalidae,1
Polymeres sp.,undet. Illaenacea,1
Polymeres sp.,Orometopus sp.,1
Polymeres sp.,Cnemidopyge sp.,1
Polymeres sp.,Toletanaspis aff. borni,1
Polymeres sp.,undet. Dalmanitacea,1
Polymeres sp.,Bathycheilus gallicus,1
Polymeres sp.,Agerina quadrata,1
Polymeres sp.,Geragnostus aff. occitanus,1
Polymeres sp.,Geragnostus sp.,1
Polymeres sp.,Beltella sp.,1
Polymeres sp.,Ampyx priscus,1
Polymeres sp.,Ampyx cf. priscus,1
Polymeres sp.,Proetidae?,1
Polymeres sp.,undet. Trinucleidae,1
Polymeres sp.,Nileus deynouxi,1
Polymeres sp.,Hospes sp.,1
Polymeres sp.,Ogygiocaris sp.,1
Polymeres sp.,cf. Niobella sp.,1
Polymeres sp.,Somasteroid indet. n. sp. 1,1
Polymeres sp.,Somasteroid indet. n. sp. 2,1
Polymeres sp.,Somasteroid indet. n. sp. 3,1
Polymeres sp.,Somasteroid indet.,1
Polymeres sp.,undet. Asteroidea,1
Polymeres sp.,Palaeosphaeronites sp.,1
Polymeres sp.,Palaeosphaeronites? prokopi,1
Polymeres sp.,Aristocystites cf. bohemicus (sinuous?),1
Polymeres sp.,Aristocystites sp.,1
Polymeres sp.,Ascocystites? sp.,1
Polymeres sp.,Balantiocystis regnelli,1
Polymeres sp.,Balantiocystis sp.,1
Polymeres sp.,Rhopalocystis sp.,1
Polymeres sp.,Rhopalocystis dehirensis,1
Polymeres sp.,Rhopalocystis destombesi,1
Polymeres sp.,Rhopalocystis fraga,1
Polymeres sp.,Rhopalocystis grandis,1
Polymeres sp.,Rhopalocystis havliceki,1
Polymeres sp.,Rhopalocystis lehmani,1
Polymeres sp.,Rhopalocystis zagoraensis,1
Polymeres sp.,Rhopalocystis sp. A,1
Polymeres sp.,Rhopalocystis sp. B,1
Polymeres sp.,Rhopalocystis sp. C,1
Polymeres sp.,cf. Rhopalocystis,1
Polymeres sp.,Lingulocystis aff. deani,1
Polymeres sp.,Lingulocystis elongata,1
Polymeres sp.,cf. Pareocrinus,1
Polymeres sp.,Eocrinoidea indet. sp. 1,1
Polymeres sp.,Eocrinoidea indet. sp. 2,1
Polymeres sp.,Eocrinoidea indet.,1
Polymeres sp.,Ramseyocrinus sp.,1
Polymeres sp.,Crinoid 2,1
Polymeres sp.,Aethocrinus cf. moorei,1
Polymeres sp.,Iocrinus n. sp.,1
Polymeres sp.,Cystoidea?/undet. Cystoidea,1
Polymeres sp.,Argodiscus espilezorum,1
Polymeres sp.,Anedriophus moroccoensis,1
Polymeres sp.,Rhenopyrgid indet.,1
Polymeres sp.,Ampelocarpus sp.,1
Polymeres sp.,Amygdalotheca griffei,1
Polymeres sp.,Anatifopsis escandei,1
Polymeres sp.,Anatifopsis trapeziiformis,1
Polymeres sp.,Anatifopsis sp.,1
Polymeres sp.,"Anomalocystid n. gen., n. sp. ",1
Polymeres sp.,Aspidocarpus sp.,1
Polymeres sp.,Arauricystis? sp.,1
Polymeres sp.,Balanocystites primus,1
Polymeres sp.,Bohemiaecystis,1
Polymeres sp.,Chauvelicystis ubaghsi,1
Polymeres sp.,Chauvelicystis spinosa,1
Polymeres sp.,Chauvelicystis vizcainoi,1
Polymeres sp.,Chauvelicystis sp.,1
Polymeres sp.,"Chauvelicystid n. gen., n. sp. 1",1
Polymeres sp.,"Chauvelicystid n. gen., n. sp. 2",1
Polymeres sp.,Chinianocarpos sp.,1
Polymeres sp.,"Cornuta n. gen. 1, n. sp.",1
Polymeres sp.,"Cornuta n. gen. 2, n. sp.",1
Polymeres sp.,Flabellicarpus rushtoni,1
Polymeres sp.,Flabellicarpus?,1
Polymeres sp.,Galliaecystis n. sp.,1
Polymeres sp.,Galliaecystis ubaghsi,1
Polymeres sp.,Hanusia n. sp.,1
Polymeres sp.,Lagynocystis pyramidalis,1
Polymeres sp.,Kirkocystidae?,1
Polymeres sp.,Lyricocarpus courtessolei,1
Polymeres sp.,Milonicystis sp.,1
Polymeres sp.,Mitrocystitid indet. cf. Ovocarpus,1
Polymeres sp.,Nanocarpus cf. dolambii,1
Polymeres sp.,Phyllocystis blayaci,1
Polymeres sp.,Phyllocystis sp.,1
Polymeres sp.,Procothurnocystis n. sp.,1
Polymeres sp.,Prokopicystis sp.,1
Polymeres sp.,Thoralicystis zagoraensis,1
Polymeres sp.,Thoralicystis n. sp.,1
Polymeres sp.,Vizcainocarpus sp.,1
Polymeres sp.,Cothurnocystid indetl.,1
Polymeres sp.,Hanusiid indet.,1
Polymeres sp.,Peltocystis cornuta,1
Polymeres sp.,Scotiaevystis? sp.,1
Polymeres sp.,Macrocystella sp.,1
Polymeres sp.,Macrocystella bohemica,1
Polymeres sp.,Macrocystella cf. mariae,1
Polymeres sp.,Macrocystella tasseftensis,1
Polymeres sp.,cf. Castericystis,1
Polymeres sp.,cf. Minervaecystis,1
Polymeres sp.,Plasiacystis mobilis,1
Polymeres sp.,Plasiacystis sp.,1
Polymeres sp.,Nimchacystis agterbosi,1
Polymeres sp.,undet. Ophiuroidea,1
Polymeres sp.,Clonograptus rigidus,1
Polymeres sp.,Clonograptus flexibilis,1
Polymeres sp.,Clonograptus flexilis,1
Polymeres sp.,Clonograptus persistens,1
Polymeres sp.,Clonograptus multiplex,1
Polymeres sp.,Didymograptus cf. arcuatus,1
Polymeres sp.,Didymograptus deflexus,1
Polymeres sp.,Didymograptus extensus,1
Polymeres sp.,Didymograptus v-fractus,1
Polymeres sp.,Didymograptus intendus,1
Polymeres sp.,Didymograptus pennatulus,1
Polymeres sp.,Didymograptus nanus,1
Polymeres sp.,Didymograptus nitidus,1
Polymeres sp.,Didymograptus patulus,1
Polymeres sp.,Didymograptus sparsus,1
Polymeres sp.,"""Didymograptus sp. 1""",1
Polymeres sp.,Didymograptus sp.,1
Polymeres sp.,Didymograptid indet.,1
Polymeres sp.,Dichograptidae?,1
Polymeres sp.,Hunnegraptus copiosus,1
Polymeres sp., 'Kiaerograptus' supremus,1
Polymeres sp.,Koremagraptus sp.,1
Polymeres sp.,Paradelograptus norvegicus,1
Polymeres sp.,Paradelograptus tenuis,1
Polymeres sp.,Paratemnograptus magnificus,1
Polymeres sp.,Tetragraptus cf. approximatus,1
Polymeres sp.,Tetragraptus quadribrachiatus,1
Polymeres sp.,Tetragraptus reclinatus,1
Polymeres sp.,Tetragraptus serra,1
Polymeres sp.,Tetragraptus tornquisti,1
Polymeres sp., 'Tetragraptus' bulmani,1
Polymeres sp.,Tetragraptus sp.,1
Polymeres sp.,Araneograptus murrayi,1
Polymeres sp.,Dictyonema sp.,1
Polymeres sp.,Tuboid,1
Polymeres sp.,Anisograptus cf. matanensis,1
Polymeres sp.,Bryograptus divergens,1
Polymeres sp.,Bryograptus kjerulfi cumbrensis,1
Polymeres sp.,Bryograptus lapworthi,1
Polymeres sp.,Rhabdinopora flabelliforme cf. anglica,1
Polymeres sp.,Rhabdinopora flabelliforme flabelliforme,1
Polymeres sp.,Rhabdinopora flabelliforme multithecatum,1
Polymeres sp.,Rhabdinopora flabelliformis socialis,1
Polymeres sp.,Rhabdinopora flabelliformis canadenisis,1
Polymeres sp.,Rhabdinopora flabelliforme norvegicum,1
Polymeres sp.,Acrograptus nicholsoni,1
Polymeres sp.,Adelograptus sp.,1
Polymeres sp.,Azygograptus eivionicus,1
Polymeres sp.,Azygograptus sp.,1
Polymeres sp.,Etagraptus putillus,1
Polymeres sp.,Hermannograptus sp.,1
Polymeres sp.,Isograptus caduceus arcuatus,1
Polymeres sp.,Isograptus caduceus gracilis,1
Polymeres sp.,Isograptus furcula,1
Polymeres sp.,Pterograptus sp.,1
Polymeres sp.,Schizograptus sp.,1
Polymeres sp.,Temnograptus multiflex,1
Polymeres sp.,Temnograptus cf. noveboracensis,1
Polymeres sp.,Temnograptus ramulus,1
Polymeres sp.,Adelograptus tenellus,1
Polymeres sp.,Choristograptus louai,1
Polymeres sp.,Ancoragraptus bulmani,1
Polymeres sp.,?Cymatograptus protobalticus,1
Polymeres sp.,?Baltograptus jacksoni,1
Polymeres sp.,Baltograptus minutus,1
Polymeres sp.,Baltograptus deflexus,1
Polymeres sp.,?Baltograptus kurcki,1
Polymeres sp.,Expansograptus sp.,1
Polymeres sp.,Webbyites felix,1
Polymeres sp.,Rhabdopleura-like epibiont,1
Polymeres sp.,Hyolithes sp.,1
Polymeres sp.,Drepanoistodus? cf. pervetus,1
Polymeres sp.,Drepanoistodus cf. forceps,1
Polymeres sp.,Acodus deltatus,1
Polymeres sp.,Cornuodus longibasis,1
Polymeres sp.,Drepanodus arcuatus,1
Polymeres sp.,Paltodus cf. inaequalis,1
Polymeres sp.,Parapaltodus aff. flexuosus,1
Polymeres sp.,Parapaltodus aff. simplicissimus,1
Polymeres sp.,Paroistodus cf. proteus,1
Polymeres sp.,Paroistodus cf. parallellus,1
Polymeres sp.,Periodon cf. selenopsis,1
Polymeres sp.,Periodon cf. primus,1
Polymeres sp.,Prioniodus sp.,1
Polymeres sp.,Prioniodus cf. gilberti,1
Polymeres sp.,Protopanderodus cf. leonardii,1
Polymeres sp.,Scalpellodus aff. gracilis,1
Polymeres sp.,Scolopodus aff. krummi,1
Polymeres sp.,Semiacontiodus sp.,1
Polymeres sp.,Semiacontiodus cf. cornuformis,1
Polymeres sp.,Stolodus cf. stola,1
Polymeres sp.,Tripodus sp.,1
Polymeres sp.,Tripodus aff. Laevis,1
Polymeres sp.,Tropodus sp.,1
Polymeres sp.,Tropodus cf. sweeti,1
Protocyptendoceras longicameratum,Zooplankton,2
Protocyptendoceras longicameratum,Clonograptus rigidus,1
Protocyptendoceras longicameratum,Clonograptus flexibilis,1
Protocyptendoceras longicameratum,Clonograptus flexilis,1
Protocyptendoceras longicameratum,Clonograptus persistens,1
Protocyptendoceras longicameratum,Clonograptus multiplex,1
Protocyptendoceras longicameratum,Dichograptidae?,1
Protocyptendoceras longicameratum,Hunnegraptus copiosus,1
Protocyptendoceras longicameratum, 'Kiaerograptus' supremus,1
Protocyptendoceras longicameratum,Paradelograptus norvegicus,1
Protocyptendoceras longicameratum,Paradelograptus tenuis,1
Protocyptendoceras longicameratum,Paratemnograptus magnificus,1
Protocyptendoceras longicameratum,Tetragraptus cf. approximatus,1
Protocyptendoceras longicameratum,Tetragraptus quadribrachiatus,1
Protocyptendoceras longicameratum,Tetragraptus reclinatus,1
Protocyptendoceras longicameratum,Tetragraptus serra,1
Protocyptendoceras longicameratum,Tetragraptus tornquisti,1
Protocyptendoceras longicameratum, 'Tetragraptus' bulmani,1
Protocyptendoceras longicameratum,Tetragraptus sp.,1
Protocyptendoceras longicameratum,Araneograptus murrayi,1
Protocyptendoceras longicameratum,Anisograptus cf. matanensis,1
Protocyptendoceras longicameratum,Bryograptus divergens,1
Protocyptendoceras longicameratum,Bryograptus kjerulfi cumbrensis,1
Protocyptendoceras longicameratum,Bryograptus lapworthi,1
Protocyptendoceras longicameratum,Rhabdinopora flabelliforme cf. anglica,1
Protocyptendoceras longicameratum,Rhabdinopora flabelliforme flabelliforme,1
Protocyptendoceras longicameratum,Rhabdinopora flabelliforme multithecatum,1
Protocyptendoceras longicameratum,Rhabdinopora flabelliformis socialis,1
Protocyptendoceras longicameratum,Rhabdinopora flabelliformis canadenisis,1
Protocyptendoceras longicameratum,Rhabdinopora flabelliforme norvegicum,1
Protocyptendoceras longicameratum,Acrograptus nicholsoni,1
Protocyptendoceras longicameratum,Adelograptus sp.,1
Protocyptendoceras longicameratum,Azygograptus eivionicus,1
Protocyptendoceras longicameratum,Azygograptus sp.,1
Protocyptendoceras longicameratum,Etagraptus putillus,1
Protocyptendoceras longicameratum,Hermannograptus sp.,1
Protocyptendoceras longicameratum,Isograptus caduceus arcuatus,1
Protocyptendoceras longicameratum,Isograptus caduceus gracilis,1
Protocyptendoceras longicameratum,Isograptus furcula,1
Protocyptendoceras longicameratum,Pterograptus sp.,1
Protocyptendoceras longicameratum,Schizograptus sp.,1
Protocyptendoceras longicameratum,Temnograptus multiflex,1
Protocyptendoceras longicameratum,Temnograptus cf. noveboracensis,1
Protocyptendoceras longicameratum,Temnograptus ramulus,1
Protocyptendoceras longicameratum,Adelograptus tenellus,1
Protocyptendoceras longicameratum,Choristograptus louai,1
Protocyptendoceras longicameratum,Ancoragraptus bulmani,1
Protocyptendoceras longicameratum,?Baltograptus jacksoni,1
Protocyptendoceras longicameratum,Baltograptus minutus,1
Protocyptendoceras longicameratum,Baltograptus deflexus,1
Protocyptendoceras longicameratum,?Baltograptus kurcki,1
Protocyptendoceras longicameratum,Expansograptus sp.,1
Plumulites bengtsoni,Benthic detritus,2
Plumulites bengtsoni,Bryozoan,1
Plumulites bengtsoni,Coxiconchia guiraudi,1
Plumulites bengtsoni,Cienagomya? sp.,1
Plumulites bengtsoni,Carcassonnella courtessolei,1
Plumulites bengtsoni,Carcassonnella vizcainoi,1
Plumulites bengtsoni,Carcassonnella sp.,1
Plumulites bengtsoni,Large plumulitid,1
Plumulites bengtsoni,Possible phyllodocid,1
Plumulites bengtsoni, 'Synziphosurine'/Synziphosurina?,1
Plumulites bengtsoni,Ostracod,1
Plumulites bengtsoni,undet. Dikelocephalidae,1
Plumulites bengtsoni,undet. Illaenacea,1
Plumulites bengtsoni,Orometopus sp.,1
Plumulites bengtsoni,Proetidae?,1
Plumulites bengtsoni,undet. Trinucleidae,1
Plumulites bengtsoni,Didymograptus cf. arcuatus,1
Plumulites bengtsoni,Didymograptus deflexus,1
Plumulites bengtsoni,Didymograptus extensus,1
Plumulites bengtsoni,Didymograptus v-fractus,1
Plumulites bengtsoni,Didymograptus intendus,1
Plumulites bengtsoni,Didymograptus pennatulus,1
Plumulites bengtsoni,Didymograptus nanus,1
Plumulites bengtsoni,Didymograptus nitidus,1
Plumulites bengtsoni,Didymograptus patulus,1
Plumulites bengtsoni,Didymograptus sparsus,1
Plumulites bengtsoni,"""Didymograptus sp. 1""",1
Plumulites bengtsoni,Didymograptus sp.,1
Plumulites bengtsoni,Didymograptid indet.,1
Plumulites bengtsoni,Koremagraptus sp.,1
Plumulites bengtsoni,Dictyonema sp.,1
Plumulites bengtsoni,Tuboid,1
Plumulites bengtsoni,?Cymatograptus protobalticus,1
Plumulites bengtsoni,Webbyites felix,1
Plumulites bengtsoni,Rhabdopleura-like epibiont,1
Large plumulitid,Benthic detritus,1
Large plumulitid,Bryozoan,1
Large plumulitid,Coxiconchia guiraudi,1
Large plumulitid,Cienagomya? sp.,1
Large plumulitid,Carcassonnella courtessolei,1
Large plumulitid,Carcassonnella vizcainoi,1
Large plumulitid,Carcassonnella sp.,1
Large plumulitid,Plumulites bengtsoni,1
Large plumulitid,Possible phyllodocid,1
Large plumulitid,Enosiaspis hrungnir,1
Large plumulitid, 'Synziphosurine'/Synziphosurina?,1
Large plumulitid,Ostracod,1
Large plumulitid,undet. Dikelocephalidae,1
Large plumulitid,undet. Illaenacea,1
Large plumulitid,Orometopus sp.,1
Large plumulitid,Geragnostus sp.,1
Large plumulitid,Proetidae?,1
Large plumulitid,undet. Trinucleidae,1
Large plumulitid,Didymograptus cf. arcuatus,1
Large plumulitid,Didymograptus deflexus,1
Large plumulitid,Didymograptus extensus,1
Large plumulitid,Didymograptus v-fractus,1
Large plumulitid,Didymograptus intendus,1
Large plumulitid,Didymograptus pennatulus,1
Large plumulitid,Didymograptus nanus,1
Large plumulitid,Didymograptus nitidus,1
Large plumulitid,Didymograptus patulus,1
Large plumulitid,Didymograptus sparsus,1
Large plumulitid,"""Didymograptus sp. 1""",1
Large plumulitid,Didymograptus sp.,1
Large plumulitid,Didymograptid indet.,1
Large plumulitid,Koremagraptus sp.,1
Large plumulitid,Dictyonema sp.,1
Large plumulitid,Tuboid,1
Large plumulitid,?Cymatograptus protobalticus,1
Large plumulitid,Webbyites felix,1
Large plumulitid,Rhabdopleura-like epibiont,1
Possible phyllodocid,Benthic detritus,1
Possible phyllodocid,Bryozoan,1
Possible phyllodocid,Coxiconchia guiraudi,1
Possible phyllodocid,Cienagomya? sp.,1
Possible phyllodocid,Carcassonnella courtessolei,1
Possible phyllodocid,Carcassonnella vizcainoi,1
Possible phyllodocid,Carcassonnella sp.,1
Possible phyllodocid,Plumulites bengtsoni,1
Possible phyllodocid,Large plumulitid,1
Possible phyllodocid, 'Synziphosurine'/Synziphosurina?,1
Possible phyllodocid,Ostracod,1
Possible phyllodocid,undet. Dikelocephalidae,1
Possible phyllodocid,undet. Illaenacea,1
Possible phyllodocid,Orometopus sp.,1
Possible phyllodocid,Proetidae?,1
Possible phyllodocid,undet. Trinucleidae,1
Possible phyllodocid,Didymograptus cf. arcuatus,1
Possible phyllodocid,Didymograptus deflexus,1
Possible phyllodocid,Didymograptus extensus,1
Possible phyllodocid,Didymograptus v-fractus,1
Possible phyllodocid,Didymograptus intendus,1
Possible phyllodocid,Didymograptus pennatulus,1
Possible phyllodocid,Didymograptus nanus,1
Possible phyllodocid,Didymograptus nitidus,1
Possible phyllodocid,Didymograptus patulus,1
Possible phyllodocid,Didymograptus sparsus,1
Possible phyllodocid,"""Didymograptus sp. 1""",1
Possible phyllodocid,Didymograptus sp.,1
Possible phyllodocid,Didymograptid indet.,1
Possible phyllodocid,Koremagraptus sp.,1
Possible phyllodocid,Dictyonema sp.,1
Possible phyllodocid,Tuboid,1
Possible phyllodocid,?Cymatograptus protobalticus,1
Possible phyllodocid,Webbyites felix,1
Possible phyllodocid,Rhabdopleura-like epibiont,1
Palaeoscolex cf. tenensis,Benthic detritus,2
Palaeoscolex cf. tenensis,Ranorthis fasciata,2
Palaeoscolex cf. tenensis,undet. Athyridida,2
Palaeoscolex cf. tenensis,Acrothele sp.,2
Palaeoscolex cf. tenensis,Plectorthis simplex,2
Palaeoscolex cf. tenensis,Angusticardinia sp.,2
Palaeoscolex cf. tenensis,Lingula salteri,2
Palaeoscolex cf. tenensis,Orbithele vana,2
Palaeoscolex cf. tenensis,Paurorthis tadristensis,2
Palaeoscolex cf. tenensis,Tarfaya marocana,2
Palaeoscolex cf. tenensis,Wosekella sp.,2
Palaeoscolex cf. tenensis,Monobolina sp.,2
Palaeoscolex cf. tenensis,Elliptoglossa sp.,2
Palaeoscolex cf. tenensis,Celdobolus sp.,2
Palaeoscolex cf. tenensis,Discinoidea?,2
Palaeoscolex cf. tenensis,undet. Dalmanelloidea,2
Palaeoscolex cf. tenensis,Plumulites bengtsoni,1
Palaeoscolex cf. tenensis,Large plumulitid,1
Palaeoscolex cf. tenensis,Possible phyllodocid,1
Palaeoscolex cf. tenensis,Enosiaspis hrungnir,1
Palaeoscolex cf. tenensis, 'Synziphosurine'/Synziphosurina?,1
Palaeoscolex cf. tenensis,Tariccoia tazagurtensis,1
Palaeoscolex cf. tenensis,Phyllocarid,1
Palaeoscolex cf. tenensis,Ostracod,1
Palaeoscolex cf. tenensis,Lepadomorph barnacle,1
Palaeoscolex cf. tenensis,undet. Dikelocephalidae,1
Palaeoscolex cf. tenensis,undet. Illaenacea,1
Palaeoscolex cf. tenensis,Orometopus sp.,1
Palaeoscolex cf. tenensis,Geragnostus sp.,1
Palaeoscolex cf. tenensis,Ampyx priscus,1
Palaeoscolex cf. tenensis,Ampyx cf. priscus,1
Palaeoscolex cf. tenensis,Proetidae?,1
Palaeoscolex cf. tenensis,undet. Trinucleidae,1
Palaeoscolex cf. tenensis,Nileus deynouxi,1
Palaeoscolex cf. tenensis,cf. Niobella sp.,1
Palaeoscolex cf. tenensis,Gamalites? sp.,1
Palaeoscolex cf. tenensis,Nephrotheca sp.,1
Palaeoscolex cf. tenensis,Hyolithes sp.,1
Priapulid,Benthic detritus,2
Priapulid,Ranorthis fasciata,2
Priapulid,Acrothele sp.,1
Priapulid,Plectorthis simplex,1
Priapulid,Angusticardinia sp.,1
Priapulid,Lingula salteri,2
Priapulid,Orbithele vana,2
Priapulid,Paurorthis tadristensis,2
Priapulid,Tarfaya marocana,2
Priapulid,Wosekella sp.,2
Priapulid,Monobolina sp.,2
Priapulid,Elliptoglossa sp.,2
Priapulid,Celdobolus sp.,2
Priapulid,Discinoidea?,2
Priapulid,undet. Dalmanelloidea,2
Priapulid,Plumulites bengtsoni,1
Priapulid,Possible phyllodocid,1
Priapulid,Ostracod,1
Priapulid,undet. Dikelocephalidae,1
Priapulid,undet. Illaenacea,1
Priapulid,Orometopus sp.,1
Priapulid,Proetidae?,1
Large taxon with spinose limbs,Zooplankton,1
Small taxon with spinose limbs,Zooplankton,1
Armoured lobopodian 1,Wapkiids,1
Armoured lobopodian 1,Leptomitids,1
Armoured lobopodian 1,leptomitid A,1
Armoured lobopodian 1,leptomitid B,1
Armoured lobopodian 1,Choia sp.,1
Armoured lobopodian 1,Choia sp. B,1
Armoured lobopodian 1,Choiaella sp.,1
Armoured lobopodian 1,Choiid A,1
Armoured lobopodian 1,Choiid B,1
Armoured lobopodian 1,Choiid C,1
Armoured lobopodian 1,Choiid 2,1
Armoured lobopodian 1,Hamptonia sp.,1
Armoured lobopodian 1,Pirania auraeum,1
Armoured lobopodian 1,Pellipirania gloria,1
Armoured lobopodian 1,piraniid A,1
Armoured lobopodian 1,Hamptonia' christi,1
Armoured lobopodian 1,hazeliid,1
Armoured lobopodian 1,Hexactinellids,1
Armoured lobopodian 1,species ressembling Valospongia,1
Armoured lobopodian 1,reticulosan A,1
Armoured lobopodian 1,reticulosan B,1
Armoured lobopodian 1,reticulosan C,1
Armoured lobopodian 1,reticulosan D,1
Armoured lobopodian 1,reticulosan E,1
Armoured lobopodian 2,Wapkiids,1
Armoured lobopodian 2,Leptomitids,1
Armoured lobopodian 2,leptomitid A,1
Armoured lobopodian 2,leptomitid B,1
Armoured lobopodian 2,Choia sp.,1
Armoured lobopodian 2,Choia sp. B,1
Armoured lobopodian 2,Choiaella sp.,1
Armoured lobopodian 2,Choiid A,1
Armoured lobopodian 2,Choiid B,1
Armoured lobopodian 2,Choiid C,1
Armoured lobopodian 2,Choiid 2,1
Armoured lobopodian 2,Hamptonia sp.,1
Armoured lobopodian 2,Pirania auraeum,1
Armoured lobopodian 2,Pellipirania gloria,1
Armoured lobopodian 2,piraniid A,1
Armoured lobopodian 2,Hamptonia' christi,1
Armoured lobopodian 2,hazeliid,1
Armoured lobopodian 2,Hexactinellids,1
Armoured lobopodian 2,species ressembling Valospongia,1
Armoured lobopodian 2,reticulosan A,1
Armoured lobopodian 2,reticulosan B,1
Armoured lobopodian 2,reticulosan C,1
Armoured lobopodian 2,reticulosan D,1
Armoured lobopodian 2,reticulosan E,1
Armoured lobopodian 3,Wapkiids,1
Armoured lobopodian 3,Leptomitids,1
Armoured lobopodian 3,leptomitid A,1
Armoured lobopodian 3,leptomitid B,1
Armoured lobopodian 3,Choia sp.,1
Armoured lobopodian 3,Choia sp. B,1
Armoured lobopodian 3,Choiaella sp.,1
Armoured lobopodian 3,Choiid A,1
Armoured lobopodian 3,Choiid B,1
Armoured lobopodian 3,Choiid C,1
Armoured lobopodian 3,Choiid 2,1
Armoured lobopodian 3,Hamptonia sp.,1
Armoured lobopodian 3,Pirania auraeum,1
Armoured lobopodian 3,Pellipirania gloria,1
Armoured lobopodian 3,piraniid A,1
Armoured lobopodian 3,Hamptonia' christi,1
Armoured lobopodian 3,hazeliid,1
Armoured lobopodian 3,Hexactinellids,1
Armoured lobopodian 3,species ressembling Valospongia,1
Armoured lobopodian 3,reticulosan A,1
Armoured lobopodian 3,reticulosan B,1
Armoured lobopodian 3,reticulosan C,1
Armoured lobopodian 3,reticulosan D,1
Armoured lobopodian 3,reticulosan E,1
Diania-like lobopodian,Wapkiids,1
Diania-like lobopodian,Leptomitids,1
Diania-like lobopodian,leptomitid A,1
Diania-like lobopodian,leptomitid B,1
Diania-like lobopodian,Choia sp.,1
Diania-like lobopodian,Choia sp. B,1
Diania-like lobopodian,Choiaella sp.,1
Diania-like lobopodian,Choiid A,1
Diania-like lobopodian,Choiid B,1
Diania-like lobopodian,Choiid C,1
Diania-like lobopodian,Choiid 2,1
Diania-like lobopodian,Hamptonia sp.,1
Diania-like lobopodian,Pirania auraeum,1
Diania-like lobopodian,Pellipirania gloria,1
Diania-like lobopodian,piraniid A,1
Diania-like lobopodian,Hamptonia' christi,1
Diania-like lobopodian,hazeliid,1
Diania-like lobopodian,Hexactinellids,1
Diania-like lobopodian,species ressembling Valospongia,1
Diania-like lobopodian,reticulosan A,1
Diania-like lobopodian,reticulosan B,1
Diania-like lobopodian,reticulosan C,1
Diania-like lobopodian,reticulosan D,1
Diania-like lobopodian,reticulosan E,1
Aegirocassis benmoulai,Zooplankton,2
Aegirocassis benmoulai,Clonograptus rigidus,1
Aegirocassis benmoulai,Clonograptus flexibilis,1
Aegirocassis benmoulai,Clonograptus flexilis,1
Aegirocassis benmoulai,Clonograptus persistens,1
Aegirocassis benmoulai,Clonograptus multiplex,1
Aegirocassis benmoulai,Dichograptidae?,1
Aegirocassis benmoulai,Hunnegraptus copiosus,1
Aegirocassis benmoulai, 'Kiaerograptus' supremus,1
Aegirocassis benmoulai,Paradelograptus norvegicus,1
Aegirocassis benmoulai,Paradelograptus tenuis,1
Aegirocassis benmoulai,Paratemnograptus magnificus,1
Aegirocassis benmoulai,Tetragraptus cf. approximatus,1
Aegirocassis benmoulai,Tetragraptus quadribrachiatus,1
Aegirocassis benmoulai,Tetragraptus reclinatus,1
Aegirocassis benmoulai,Tetragraptus serra,1
Aegirocassis benmoulai,Tetragraptus tornquisti,1
Aegirocassis benmoulai, 'Tetragraptus' bulmani,1
Aegirocassis benmoulai,Tetragraptus sp.,1
Aegirocassis benmoulai,Araneograptus murrayi,1
Aegirocassis benmoulai,Anisograptus cf. matanensis,1
Aegirocassis benmoulai,Bryograptus divergens,1
Aegirocassis benmoulai,Bryograptus kjerulfi cumbrensis,1
Aegirocassis benmoulai,Bryograptus lapworthi,1
Aegirocassis benmoulai,Rhabdinopora flabelliforme cf. anglica,1
Aegirocassis benmoulai,Rhabdinopora flabelliforme flabelliforme,1
Aegirocassis benmoulai,Rhabdinopora flabelliforme multithecatum,1
Aegirocassis benmoulai,Rhabdinopora flabelliformis socialis,1
Aegirocassis benmoulai,Rhabdinopora flabelliformis canadenisis,1
Aegirocassis benmoulai,Rhabdinopora flabelliforme norvegicum,1
Aegirocassis benmoulai,Acrograptus nicholsoni,1
Aegirocassis benmoulai,Adelograptus sp.,1
Aegirocassis benmoulai,Azygograptus eivionicus,1
Aegirocassis benmoulai,Azygograptus sp.,1
Aegirocassis benmoulai,Etagraptus putillus,1
Aegirocassis benmoulai,Hermannograptus sp.,1
Aegirocassis benmoulai,Isograptus caduceus arcuatus,1
Aegirocassis benmoulai,Isograptus caduceus gracilis,1
Aegirocassis benmoulai,Isograptus furcula,1
Aegirocassis benmoulai,Pterograptus sp.,1
Aegirocassis benmoulai,Schizograptus sp.,1
Aegirocassis benmoulai,Temnograptus multiflex,1
Aegirocassis benmoulai,Temnograptus cf. noveboracensis,1
Aegirocassis benmoulai,Temnograptus ramulus,1
Aegirocassis benmoulai,Adelograptus tenellus,1
Aegirocassis benmoulai,Choristograptus louai,1
Aegirocassis benmoulai,Ancoragraptus bulmani,1
Aegirocassis benmoulai,?Baltograptus jacksoni,1
Aegirocassis benmoulai,Baltograptus minutus,1
Aegirocassis benmoulai,Baltograptus deflexus,1
Aegirocassis benmoulai,?Baltograptus kurcki,1
Aegirocassis benmoulai,Expansograptus sp.,1
Hurdiid 2,Benthic detritus,1
Hurdiid 2,Ranorthis fasciata,1
Hurdiid 2,undet. Athyridida,1
Hurdiid 2,Acrothele sp.,1
Hurdiid 2,Plectorthis simplex,1
Hurdiid 2,Angusticardinia sp.,1
Hurdiid 2,Lingula salteri,1
Hurdiid 2,Orbithele vana,1
Hurdiid 2,Paurorthis tadristensis,1
Hurdiid 2,Tarfaya marocana,1
Hurdiid 2,Wosekella sp.,1
Hurdiid 2,Monobolina sp.,1
Hurdiid 2,Elliptoglossa sp.,1
Hurdiid 2,Celdobolus sp.,1
Hurdiid 2,Discinoidea?,1
Hurdiid 2,undet. Dalmanelloidea,1
Hurdiid 2,Babinka prima,1
Hurdiid 2,Ctenodonta escosurae,1
Hurdiid 2,Praenucula sp.,1
Hurdiid 2,Redonia michelae,1
Hurdiid 2,Coxiconchia guiraudi,1
Hurdiid 2,Alococoncha?,1
Hurdiid 2,Cardiolaria? sp.,1
Hurdiid 2,Cienagomya? sp.,1
Hurdiid 2,Ekaterodonta courtessolei,1
Hurdiid 2,Glyptarca sp.,1
Hurdiid 2,Pelecyogyra fezouataensis,1
Hurdiid 2,Sinuites sp.,1
Hurdiid 2,Lesueurilla prima,1
Hurdiid 2,undet. Platyceratoidea,1
Hurdiid 2,undet. Monoplacophora,1
Hurdiid 2,Thoralispira laevis,1
Hurdiid 2,Thoralispira? cf. occitana,1
Hurdiid 2,Carcassonnella courtessolei,1
Hurdiid 2,Carcassonnella vizcainoi,1
Hurdiid 2,Carcassonnella sp.,1
Hurdiid 2,Ribeiria sp.,1
Hurdiid 2,Tolmachovia?,1
Hurdiid 2,Wiwaxiid,1
Hurdiid 2,Halkieriid,1
Hurdiid 2,Helcionelloid,1
Hurdiid 2,Calvapilosa kroegeri,1
Hurdiid 2,Plumulites bengtsoni,1
Hurdiid 2,Large plumulitid,1
Hurdiid 2,Possible phyllodocid,1
Hurdiid 2,Palaeoscolex cf. tenensis,1
Hurdiid 2,Priapulid,1
Hurdiid 2,Phyllocarid,1
Hurdiid 2,Elegantilites sp.,1
Hurdiid 2,Gamalites? sp.,1
Hurdiid 2,Gompholites sp.,1
Hurdiid 2,Nephrotheca sp.,1
Hurdiid 2,Hyolithes sp.,1
Hurdiid 2,Pauxillites thaddei,1
Hurdiid 2,Pauxillites sp.,1
Hurdiid 3,Benthic detritus,1
Hurdiid 3,Ranorthis fasciata,1
Hurdiid 3,undet. Athyridida,1
Hurdiid 3,Acrothele sp.,1
Hurdiid 3,Plectorthis simplex,1
Hurdiid 3,Angusticardinia sp.,1
Hurdiid 3,Lingula salteri,1
Hurdiid 3,Orbithele vana,1
Hurdiid 3,Paurorthis tadristensis,1
Hurdiid 3,Tarfaya marocana,1
Hurdiid 3,Wosekella sp.,1
Hurdiid 3,Monobolina sp.,1
Hurdiid 3,Elliptoglossa sp.,1
Hurdiid 3,Celdobolus sp.,1
Hurdiid 3,Discinoidea?,1
Hurdiid 3,undet. Dalmanelloidea,1
Hurdiid 3,Babinka prima,1
Hurdiid 3,Ctenodonta escosurae,1
Hurdiid 3,Praenucula sp.,1
Hurdiid 3,Redonia michelae,1
Hurdiid 3,Coxiconchia guiraudi,1
Hurdiid 3,Alococoncha?,1
Hurdiid 3,Cardiolaria? sp.,1
Hurdiid 3,Cienagomya? sp.,1
Hurdiid 3,Ekaterodonta courtessolei,1
Hurdiid 3,Glyptarca sp.,1
Hurdiid 3,Pelecyogyra fezouataensis,1
Hurdiid 3,Sinuites sp.,1
Hurdiid 3,Lesueurilla prima,1
Hurdiid 3,undet. Platyceratoidea,1
Hurdiid 3,undet. Monoplacophora,1
Hurdiid 3,Thoralispira laevis,1
Hurdiid 3,Thoralispira? cf. occitana,1
Hurdiid 3,Carcassonnella courtessolei,1
Hurdiid 3,Carcassonnella vizcainoi,1
Hurdiid 3,Carcassonnella sp.,1
Hurdiid 3,Ribeiria sp.,1
Hurdiid 3,Tolmachovia?,1
Hurdiid 3,Wiwaxiid,1
Hurdiid 3,Halkieriid,1
Hurdiid 3,Helcionelloid,1
Hurdiid 3,Calvapilosa kroegeri,1
Hurdiid 3,Plumulites bengtsoni,1
Hurdiid 3,Large plumulitid,1
Hurdiid 3,Possible phyllodocid,1
Hurdiid 3,Palaeoscolex cf. tenensis,1
Hurdiid 3,Priapulid,1
Hurdiid 3,Phyllocarid,1
Hurdiid 3,Elegantilites sp.,1
Hurdiid 3,Gamalites? sp.,1
Hurdiid 3,Gompholites sp.,1
Hurdiid 3,Nephrotheca sp.,1
Hurdiid 3,Hyolithes sp.,1
Hurdiid 3,Pauxillites thaddei,1
Hurdiid 3,Pauxillites sp.,1
Hurdiid 4,Benthic detritus,1
Hurdiid 4,Ranorthis fasciata,1
Hurdiid 4,undet. Athyridida,1
Hurdiid 4,Acrothele sp.,1
Hurdiid 4,Plectorthis simplex,1
Hurdiid 4,Angusticardinia sp.,1
Hurdiid 4,Lingula salteri,1
Hurdiid 4,Orbithele vana,1
Hurdiid 4,Paurorthis tadristensis,1
Hurdiid 4,Tarfaya marocana,1
Hurdiid 4,Wosekella sp.,1
Hurdiid 4,Monobolina sp.,1
Hurdiid 4,Elliptoglossa sp.,1
Hurdiid 4,Celdobolus sp.,1
Hurdiid 4,Discinoidea?,1
Hurdiid 4,undet. Dalmanelloidea,1
Hurdiid 4,Babinka prima,1
Hurdiid 4,Ctenodonta escosurae,1
Hurdiid 4,Praenucula sp.,1
Hurdiid 4,Redonia michelae,1
Hurdiid 4,Coxiconchia guiraudi,1
Hurdiid 4,Alococoncha?,1
Hurdiid 4,Cardiolaria? sp.,1
Hurdiid 4,Cienagomya? sp.,1
Hurdiid 4,Ekaterodonta courtessolei,1
Hurdiid 4,Glyptarca sp.,1
Hurdiid 4,Pelecyogyra fezouataensis,1
Hurdiid 4,Sinuites sp.,1
Hurdiid 4,Lesueurilla prima,1
Hurdiid 4,undet. Platyceratoidea,1
Hurdiid 4,undet. Monoplacophora,1
Hurdiid 4,Thoralispira laevis,1
Hurdiid 4,Thoralispira? cf. occitana,1
Hurdiid 4,Carcassonnella courtessolei,1
Hurdiid 4,Carcassonnella vizcainoi,1
Hurdiid 4,Carcassonnella sp.,1
Hurdiid 4,Ribeiria sp.,1
Hurdiid 4,Tolmachovia?,1
Hurdiid 4,Wiwaxiid,1
Hurdiid 4,Halkieriid,1
Hurdiid 4,Helcionelloid,1
Hurdiid 4,Calvapilosa kroegeri,1
Hurdiid 4,Plumulites bengtsoni,1
Hurdiid 4,Large plumulitid,1
Hurdiid 4,Possible phyllodocid,1
Hurdiid 4,Palaeoscolex cf. tenensis,1
Hurdiid 4,Priapulid,1
Hurdiid 4,Phyllocarid,1
Hurdiid 4,Elegantilites sp.,1
Hurdiid 4,Gamalites? sp.,1
Hurdiid 4,Gompholites sp.,1
Hurdiid 4,Nephrotheca sp.,1
Hurdiid 4,Hyolithes sp.,1
Hurdiid 4,Pauxillites thaddei,1
Hurdiid 4,Pauxillites sp.,1
Hurdia sp.,Benthic detritus,1
Hurdia sp.,Ranorthis fasciata,1
Hurdia sp.,undet. Athyridida,1
Hurdia sp.,Acrothele sp.,1
Hurdia sp.,Plectorthis simplex,1
Hurdia sp.,Angusticardinia sp.,1
Hurdia sp.,Lingula salteri,1
Hurdia sp.,Orbithele vana,1
Hurdia sp.,Paurorthis tadristensis,1
Hurdia sp.,Tarfaya marocana,1
Hurdia sp.,Wosekella sp.,1
Hurdia sp.,Monobolina sp.,1
Hurdia sp.,Elliptoglossa sp.,1
Hurdia sp.,Celdobolus sp.,1
Hurdia sp.,Discinoidea?,1
Hurdia sp.,undet. Dalmanelloidea,1
Hurdia sp.,Ctenodonta escosurae,1
Hurdia sp.,Praenucula sp.,1
Hurdia sp.,Redonia michelae,1
Hurdia sp.,Coxiconchia guiraudi,1
Hurdia sp.,Alococoncha?,1
Hurdia sp.,Cardiolaria? sp.,1
Hurdia sp.,Cienagomya? sp.,1
Hurdia sp.,Ekaterodonta courtessolei,1
Hurdia sp.,Glyptarca sp.,1
Hurdia sp.,Pelecyogyra fezouataensis,1
Hurdia sp.,Sinuites sp.,1
Hurdia sp.,Lesueurilla prima,1
Hurdia sp.,undet. Platyceratoidea,1
Hurdia sp.,undet. Monoplacophora,1
Hurdia sp.,Thoralispira? cf. occitana,1
Hurdia sp.,Carcassonnella courtessolei,1
Hurdia sp.,Carcassonnella vizcainoi,1
Hurdia sp.,Carcassonnella sp.,1
Hurdia sp.,Ribeiria sp.,1
Hurdia sp.,Tolmachovia?,1
Hurdia sp.,Wiwaxiid,1
Hurdia sp.,Helcionelloid,1
Hurdia sp.,Plumulites bengtsoni,1
Hurdia sp.,Large plumulitid,1
Hurdia sp.,Possible phyllodocid,1
Hurdia sp.,Priapulid,1
Hurdia sp.,Phyllocarid,1
Hurdia sp.,Hyolithes sp.,1
Anomalocaris-like taxon,Bactroceras sp.,1
Anomalocaris-like taxon,Bathmoceras australe,1
Anomalocaris-like taxon,Bathmoceras taichoutense,1
Anomalocaris-like taxon,Rioceras sp.,1
Anomalocaris-like taxon,Destombesiceras zagorense,1
Anomalocaris-like taxon,Polymeres sp.,1
Anomalocaris-like taxon,Protocyptendoceras longicameratum,1
Anomalocaris-like taxon,Large taxon with spinose limbs,2
Anomalocaris-like taxon,Small taxon with spinose limbs,2
Anomalocaris-like taxon,Armoured lobopodian 1,2
Anomalocaris-like taxon,Armoured lobopodian 2,2
Anomalocaris-like taxon,Armoured lobopodian 3,2
Anomalocaris-like taxon,Diania-like lobopodian,2
Anomalocaris-like taxon,Hurdiid 2,2
Anomalocaris-like taxon,Hurdiid 3,2
Anomalocaris-like taxon,Hurdiid 4,2
Anomalocaris-like taxon,Hurdia sp.,2
Anomalocaris-like taxon,Canadaspidid,2
Anomalocaris-like taxon,Furca sp. 1,2
Anomalocaris-like taxon,Furca sp. 2,2
Anomalocaris-like taxon,Furca sp. 3,2
Anomalocaris-like taxon,Marrella sp.,2
Anomalocaris-like taxon,Enosiaspis hrungnir,2
Anomalocaris-like taxon,Leanchoilia sp.,2
Anomalocaris-like taxon,Possible waptiid,2
Anomalocaris-like taxon,Chasmataspidid,2
Anomalocaris-like taxon,Possible pycnogonid,2
Anomalocaris-like taxon,Xiphosurid,2
Anomalocaris-like taxon,Possible helmetiid,1
Anomalocaris-like taxon,Possible retifaciid,1
Anomalocaris-like taxon,Naraoiid,2
Anomalocaris-like taxon,Chlupacaris? sp.,2
Anomalocaris-like taxon,Tremaglaspis sp.,2
Anomalocaris-like taxon,Brachyaglaspis singularis,2
Anomalocaris-like taxon,Cheloniellid,2
Anomalocaris-like taxon,Pseudoangustidontus duplospineus,2
Anomalocaris-like taxon,Pseudoangustidontus sp.,2
Anomalocaris-like taxon,Phyllocarid,2
Anomalocaris-like taxon,Angustidontid,2
Anomalocaris-like taxon,Eoduslia,2
Anomalocaris-like taxon,Asaphellus fezouataensis ,1
Anomalocaris-like taxon,Asaphellus sp aff. jujuanus,2
Anomalocaris-like taxon,Asaphellus tataensis,2
Anomalocaris-like taxon,Asaphellus sp.,2
Anomalocaris-like taxon,Kierarges morrisoni,1
Anomalocaris-like taxon,Platypeltoides magrebiensis,1
Anomalocaris-like taxon,Playpeltoides carmenae,2
Anomalocaris-like taxon,Symphysurus sicardi,2
Anomalocaris-like taxon,Symphysurus ebbestadi,2
Anomalocaris-like taxon,Symphysurus sp.,2
Anomalocaris-like taxon,Apatokephalus cf. incisus,2
Anomalocaris-like taxon,Dikelokephalina brenchleyi,2
Anomalocaris-like taxon,Cnemidopyge sp.,2
Anomalocaris-like taxon,Parvilichas marochii,2
Anomalocaris-like taxon,Selenopeltis aff. Gallica,2
Anomalocaris-like taxon,Selenopeltis binodosa,2
Anomalocaris-like taxon,Selenopeltis sp. 1,2
Anomalocaris-like taxon,Selenopeltis sp. 2,2
Anomalocaris-like taxon,Harpides sp.,2
Anomalocaris-like taxon,Foulonia peregrina,2
Anomalocaris-like taxon,Foulonia sp.,2
Anomalocaris-like taxon,Pilekia sp.,1
Anomalocaris-like taxon,Toletanaspis aff. borni,2
Anomalocaris-like taxon,undet. Dalmanitacea,2
Anomalocaris-like taxon,Bathycheilus gallicus,2
Anomalocaris-like taxon,Bavarilla aff. zemmourensis,2
Anomalocaris-like taxon,Bavarilla zemmourensis,2
Anomalocaris-like taxon,Bavarilla sp.,2
Anomalocaris-like taxon,Colpocoryphe thorali,2
Anomalocaris-like taxon,Colpocoryphe pradesensis,2
Anomalocaris-like taxon,Colpocoryphe sp.,2
Anomalocaris-like taxon,Pharostoma sp.,2
Anomalocaris-like taxon,Pharostomina sp. ,2
Anomalocaris-like taxon,Prionocheilus aff. languedocensis,2
Anomalocaris-like taxon,Prionocheilus sp.,2
Anomalocaris-like taxon,Agerina quadrata,2
Anomalocaris-like taxon,Euloma sp.,2
Anomalocaris-like taxon,Beltella sp.,2
Anomalocaris-like taxon,Ampyx priscus,2
Anomalocaris-like taxon,Ampyx cf. priscus,2
Anomalocaris-like taxon,Ceraurinella? sp.,2
Anomalocaris-like taxon,Megalaspidella sp.,2
Anomalocaris-like taxon,Megistaspis (Ekeraspis) sp. indet.,2
Anomalocaris-like taxon,Neseuretus cf. attenuatus,2
Anomalocaris-like taxon,Neseuretus aff. attenuatus,2
Anomalocaris-like taxon,Platycoryphe sp.,2
Anomalocaris-like taxon,Parabathycheilus gallicus,2
Anomalocaris-like taxon,Anacheirurus adserai,2
Anomalocaris-like taxon,Eoharpes sp.,2
Anomalocaris-like taxon,Ormathops clariondi,2
Anomalocaris-like taxon,Pterygometopus sp.,2
Anomalocaris-like taxon,Megalaspides? sp.,2
Anomalocaris-like taxon,Iberocoryphe sp.,2
Anomalocaris-like taxon,cf. Niobella sp.,2
Anomalocaris-like taxon,Somasteroid indet. n. sp. 1,1
Anomalocaris-like taxon,Somasteroid indet. n. sp. 2,1
Anomalocaris-like taxon,Somasteroid indet. n. sp. 3,1
Anomalocaris-like taxon,Somasteroid indet.,1
Anomalocaris-like taxon,undet. Asteroidea,1
Anomalocaris-like taxon,undet. Stelleroidea,1
Anomalocaris-like taxon,Villebrunaster fezouataensis,1
Anomalocaris-like taxon,Palaeosphaeronites sp.,1
Anomalocaris-like taxon,Palaeosphaeronites? prokopi,1
Anomalocaris-like taxon,Aristocystites cf. bohemicus (sinuous?),1
Anomalocaris-like taxon,Aristocystites sp.,1
Anomalocaris-like taxon,Ascocystites? sp.,1
Anomalocaris-like taxon,Balantiocystis regnelli,1
Anomalocaris-like taxon,Balantiocystis sp.,1
Anomalocaris-like taxon,Rhopalocystis sp.,1
Anomalocaris-like taxon,Rhopalocystis dehirensis,1
Anomalocaris-like taxon,Rhopalocystis destombesi,1
Anomalocaris-like taxon,Rhopalocystis fraga,1
Anomalocaris-like taxon,Rhopalocystis grandis,1
Anomalocaris-like taxon,Rhopalocystis havliceki,1
Anomalocaris-like taxon,Rhopalocystis lehmani,1
Anomalocaris-like taxon,Rhopalocystis zagoraensis,1
Anomalocaris-like taxon,Rhopalocystis sp. A,1
Anomalocaris-like taxon,Rhopalocystis sp. B,1
Anomalocaris-like taxon,Rhopalocystis sp. C,1
Anomalocaris-like taxon,cf. Rhopalocystis,1
Anomalocaris-like taxon,Lingulocystis aff. deani,1
Anomalocaris-like taxon,Lingulocystis elongata,1
Anomalocaris-like taxon,cf. Pareocrinus,1
Anomalocaris-like taxon,Eocrinoidea indet. sp. 1,1
Anomalocaris-like taxon,Eocrinoidea indet. sp. 2,1
Anomalocaris-like taxon,Eocrinoidea indet.,1
Anomalocaris-like taxon,Ramseyocrinus sp.,1
Anomalocaris-like taxon,Crinoid 2,1
Anomalocaris-like taxon,Aethocrinus cf. moorei,1
Anomalocaris-like taxon,Iocrinus n. sp.,1
Anomalocaris-like taxon,Cystoidea?/undet. Cystoidea,1
Anomalocaris-like taxon,Argodiscus espilezorum,1
Anomalocaris-like taxon,Anedriophus moroccoensis,1
Anomalocaris-like taxon,Rhenopyrgid indet.,1
Anomalocaris-like taxon,Ampelocarpus sp.,1
Anomalocaris-like taxon,Amygdalotheca griffei,1
Anomalocaris-like taxon,Anatifopsis escandei,1
Anomalocaris-like taxon,Anatifopsis trapeziiformis,1
Anomalocaris-like taxon,Anatifopsis sp.,1
Anomalocaris-like taxon,"Anomalocystid n. gen., n. sp. ",1
Anomalocaris-like taxon,Aspidocarpus sp.,1
Anomalocaris-like taxon,Arauricystis? sp.,1
Anomalocaris-like taxon,Balanocystites primus,1
Anomalocaris-like taxon,Bohemiaecystis,1
Anomalocaris-like taxon,Chauvelicystis ubaghsi,1
Anomalocaris-like taxon,Chauvelicystis spinosa,1
Anomalocaris-like taxon,Chauvelicystis vizcainoi,1
Anomalocaris-like taxon,Chauvelicystis sp.,1
Anomalocaris-like taxon,"Chauvelicystid n. gen., n. sp. 1",1
Anomalocaris-like taxon,"Chauvelicystid n. gen., n. sp. 2",1
Anomalocaris-like taxon,Chinianocarpos sp.,1
Anomalocaris-like taxon,"Cornuta n. gen. 1, n. sp.",1
Anomalocaris-like taxon,"Cornuta n. gen. 2, n. sp.",1
Anomalocaris-like taxon,Flabellicarpus rushtoni,1
Anomalocaris-like taxon,Flabellicarpus?,1
Anomalocaris-like taxon,Galliaecystis n. sp.,1
Anomalocaris-like taxon,Galliaecystis ubaghsi,1
Anomalocaris-like taxon,Hanusia n. sp.,1
Anomalocaris-like taxon,Lagynocystis pyramidalis,1
Anomalocaris-like taxon,Kirkocystidae?,1
Anomalocaris-like taxon,Lyricocarpus courtessolei,1
Anomalocaris-like taxon,Milonicystis sp.,1
Anomalocaris-like taxon,Mitrocystitid indet. cf. Ovocarpus,1
Anomalocaris-like taxon,Nanocarpus cf. dolambii,1
Anomalocaris-like taxon,Phyllocystis blayaci,1
Anomalocaris-like taxon,Phyllocystis sp.,1
Anomalocaris-like taxon,Procothurnocystis n. sp.,1
Anomalocaris-like taxon,Prokopicystis sp.,1
Anomalocaris-like taxon,Thoralicystis zagoraensis,1
Anomalocaris-like taxon,Thoralicystis n. sp.,1
Anomalocaris-like taxon,Vizcainocarpus sp.,1
Anomalocaris-like taxon,Cothurnocystid indetl.,1
Anomalocaris-like taxon,Hanusiid indet.,1
Anomalocaris-like taxon,Peltocystis cornuta,1
Anomalocaris-like taxon,Scotiaevystis? sp.,1
Anomalocaris-like taxon,Macrocystella sp.,1
Anomalocaris-like taxon,Macrocystella bohemica,1
Anomalocaris-like taxon,Macrocystella cf. mariae,1
Anomalocaris-like taxon,Macrocystella tasseftensis,1
Anomalocaris-like taxon,cf. Castericystis,1
Anomalocaris-like taxon,cf. Minervaecystis,1
Anomalocaris-like taxon,Plasiacystis mobilis,1
Anomalocaris-like taxon,Plasiacystis sp.,1
Anomalocaris-like taxon,Nimchacystis agterbosi,1
Anomalocaris-like taxon,undet. Ophiuroidea,1
Anomalocaris-like taxon,Clonograptus rigidus,1
Anomalocaris-like taxon,Clonograptus flexibilis,1
Anomalocaris-like taxon,Clonograptus flexilis,1
Anomalocaris-like taxon,Clonograptus persistens,1
Anomalocaris-like taxon,Clonograptus multiplex,1
Anomalocaris-like taxon,Didymograptus cf. arcuatus,1
Anomalocaris-like taxon,Didymograptus deflexus,1
Anomalocaris-like taxon,Didymograptus extensus,1
Anomalocaris-like taxon,Didymograptus v-fractus,1
Anomalocaris-like taxon,Didymograptus intendus,1
Anomalocaris-like taxon,Didymograptus pennatulus,1
Anomalocaris-like taxon,Didymograptus nanus,1
Anomalocaris-like taxon,Didymograptus nitidus,1
Anomalocaris-like taxon,Didymograptus patulus,1
Anomalocaris-like taxon,Didymograptus sparsus,1
Anomalocaris-like taxon,"""Didymograptus sp. 1""",1
Anomalocaris-like taxon,Didymograptus sp.,1
Anomalocaris-like taxon,Didymograptid indet.,1
Anomalocaris-like taxon,Dichograptidae?,1
Anomalocaris-like taxon,Hunnegraptus copiosus,1
Anomalocaris-like taxon, 'Kiaerograptus' supremus,1
Anomalocaris-like taxon,Koremagraptus sp.,1
Anomalocaris-like taxon,Paradelograptus norvegicus,1
Anomalocaris-like taxon,Paradelograptus tenuis,1
Anomalocaris-like taxon,Paratemnograptus magnificus,1
Anomalocaris-like taxon,Tetragraptus cf. approximatus,1
Anomalocaris-like taxon,Tetragraptus quadribrachiatus,1
Anomalocaris-like taxon,Tetragraptus reclinatus,1
Anomalocaris-like taxon,Tetragraptus serra,1
Anomalocaris-like taxon,Tetragraptus tornquisti,1
Anomalocaris-like taxon, 'Tetragraptus' bulmani,1
Anomalocaris-like taxon,Tetragraptus sp.,1
Anomalocaris-like taxon,Araneograptus murrayi,1
Anomalocaris-like taxon,Dictyonema sp.,1
Anomalocaris-like taxon,Tuboid,1
Anomalocaris-like taxon,Anisograptus cf. matanensis,1
Anomalocaris-like taxon,Bryograptus divergens,1
Anomalocaris-like taxon,Bryograptus kjerulfi cumbrensis,1
Anomalocaris-like taxon,Bryograptus lapworthi,1
Anomalocaris-like taxon,Rhabdinopora flabelliforme cf. anglica,1
Anomalocaris-like taxon,Rhabdinopora flabelliforme flabelliforme,1
Anomalocaris-like taxon,Rhabdinopora flabelliforme multithecatum,1
Anomalocaris-like taxon,Rhabdinopora flabelliformis socialis,1
Anomalocaris-like taxon,Rhabdinopora flabelliformis canadenisis,1
Anomalocaris-like taxon,Rhabdinopora flabelliforme norvegicum,1
Anomalocaris-like taxon,Acrograptus nicholsoni,1
Anomalocaris-like taxon,Adelograptus sp.,1
Anomalocaris-like taxon,Azygograptus eivionicus,1
Anomalocaris-like taxon,Azygograptus sp.,1
Anomalocaris-like taxon,Etagraptus putillus,1
Anomalocaris-like taxon,Hermannograptus sp.,1
Anomalocaris-like taxon,Isograptus caduceus arcuatus,1
Anomalocaris-like taxon,Isograptus caduceus gracilis,1
Anomalocaris-like taxon,Isograptus furcula,1
Anomalocaris-like taxon,Pterograptus sp.,1
Anomalocaris-like taxon,Schizograptus sp.,1
Anomalocaris-like taxon,Temnograptus multiflex,1
Anomalocaris-like taxon,Temnograptus cf. noveboracensis,1
Anomalocaris-like taxon,Temnograptus ramulus,1
Anomalocaris-like taxon,Adelograptus tenellus,1
Anomalocaris-like taxon,Choristograptus louai,1
Anomalocaris-like taxon,Ancoragraptus bulmani,1
Anomalocaris-like taxon,?Cymatograptus protobalticus,1
Anomalocaris-like taxon,?Baltograptus jacksoni,1
Anomalocaris-like taxon,Baltograptus minutus,1
Anomalocaris-like taxon,Baltograptus deflexus,1
Anomalocaris-like taxon,?Baltograptus kurcki,1
Anomalocaris-like taxon,Expansograptus sp.,1
Anomalocaris-like taxon,Webbyites felix,1
Anomalocaris-like taxon,Rhabdopleura-like epibiont,1
Anomalocaris-like taxon,Drepanoistodus? cf. pervetus,1
Anomalocaris-like taxon,Drepanoistodus cf. forceps,1
Anomalocaris-like taxon,Acodus deltatus,1
Anomalocaris-like taxon,Cornuodus longibasis,1
Anomalocaris-like taxon,Drepanodus arcuatus,1
Anomalocaris-like taxon,Paltodus cf. inaequalis,1
Anomalocaris-like taxon,Parapaltodus aff. flexuosus,1
Anomalocaris-like taxon,Parapaltodus aff. simplicissimus,1
Anomalocaris-like taxon,Paroistodus cf. proteus,1
Anomalocaris-like taxon,Paroistodus cf. parallellus,1
Anomalocaris-like taxon,Periodon cf. selenopsis,1
Anomalocaris-like taxon,Periodon cf. primus,1
Anomalocaris-like taxon,Prioniodus sp.,1
Anomalocaris-like taxon,Prioniodus cf. gilberti,1
Anomalocaris-like taxon,Protopanderodus cf. leonardii,1
Anomalocaris-like taxon,Scalpellodus aff. gracilis,1
Anomalocaris-like taxon,Scolopodus aff. krummi,1
Anomalocaris-like taxon,Semiacontiodus sp.,1
Anomalocaris-like taxon,Semiacontiodus cf. cornuformis,1
Anomalocaris-like taxon,Stolodus cf. stola,1
Anomalocaris-like taxon,Tripodus sp.,1
Anomalocaris-like taxon,Tripodus aff. Laevis,1
Anomalocaris-like taxon,Tropodus sp.,1
Anomalocaris-like taxon,Tropodus cf. sweeti,1
amplectobeluids,Bactroceras sp.,1
amplectobeluids,Bathmoceras taichoutense,1
amplectobeluids,Destombesiceras zagorense,1
amplectobeluids,Polymeres sp.,1
amplectobeluids,Protocyptendoceras longicameratum,1
amplectobeluids,Large taxon with spinose limbs,2
amplectobeluids,Small taxon with spinose limbs,2
amplectobeluids,Armoured lobopodian 1,2
amplectobeluids,Armoured lobopodian 2,2
amplectobeluids,Armoured lobopodian 3,2
amplectobeluids,Diania-like lobopodian,2
amplectobeluids,Canadaspidid,2
amplectobeluids,Furca sp. 1,2
amplectobeluids,Furca sp. 2,2
amplectobeluids,Furca sp. 3,2
amplectobeluids,Marrella sp.,2
amplectobeluids,Enosiaspis hrungnir,2
amplectobeluids,Leanchoilia sp.,2
amplectobeluids,Possible waptiid,1
amplectobeluids, 'Synziphosurine'/Synziphosurina?,2
amplectobeluids,Chasmataspidid,2
amplectobeluids,Possible pycnogonid,2
amplectobeluids,Xiphosurid,2
amplectobeluids,Possible helmetiid,1
amplectobeluids,Possible retifaciid,1
amplectobeluids,Tariccoia tazagurtensis,2
amplectobeluids,Chlupacaris? sp.,2
amplectobeluids,Cheloniellid,2
amplectobeluids,Pseudoangustidontus duplospineus,1
amplectobeluids,Pseudoangustidontus sp.,1
amplectobeluids,Phyllocarid,2
amplectobeluids,Lepadomorph barnacle,2
amplectobeluids,Eoduslia,2
amplectobeluids,Symphysurus sicardi,2
amplectobeluids,Symphysurus ebbestadi,2
amplectobeluids,Apatokephalus cf. incisus,2
amplectobeluids,Dikelokephalina brenchleyi,2
amplectobeluids,Orometopus sp.,2
amplectobeluids,Cnemidopyge sp.,2
amplectobeluids,Parvilichas marochii,2
amplectobeluids,Selenopeltis aff. Gallica,2
amplectobeluids,Selenopeltis binodosa,2
amplectobeluids,Selenopeltis sp. 1,2
amplectobeluids,Selenopeltis sp. 2,2
amplectobeluids,Foulonia peregrina,2
amplectobeluids,Foulonia sp.,2
amplectobeluids,Toletanaspis aff. borni,2
amplectobeluids,undet. Dalmanitacea,2
amplectobeluids,Bathycheilus gallicus,2
amplectobeluids,Bavarilla aff. zemmourensis,2
amplectobeluids,Bavarilla zemmourensis,2
amplectobeluids,Bavarilla sp.,2
amplectobeluids,Colpocoryphe thorali,2
amplectobeluids,Colpocoryphe pradesensis,2
amplectobeluids,Pharostoma sp.,2
amplectobeluids,Pharostomina sp. ,2
amplectobeluids,Agerina quadrata,2
amplectobeluids,Euloma sp.,2
amplectobeluids,Geragnostus aff. occitanus,2
amplectobeluids,Geragnostus sp.,2
amplectobeluids,Beltella sp.,2
amplectobeluids,Ampyx priscus,2
amplectobeluids,Ampyx cf. priscus,2
amplectobeluids,Ceraurinella? sp.,2
amplectobeluids,Megalaspidella sp.,2
amplectobeluids,Platycoryphe sp.,2
amplectobeluids,Parabathycheilus gallicus,2
amplectobeluids,Proetidae?,2
amplectobeluids,undet. Trinucleidae,2
amplectobeluids,Nileus deynouxi,2
amplectobeluids,Hospes sp.,2
amplectobeluids,Ogygiocaris sp.,2
amplectobeluids,Ormathops clariondi,2
amplectobeluids,Pterygometopus sp.,2
amplectobeluids,Iberocoryphe sp.,2
amplectobeluids,cf. Niobella sp.,2
amplectobeluids,Somasteroid indet. n. sp. 1,1
amplectobeluids,Somasteroid indet. n. sp. 2,1
amplectobeluids,Somasteroid indet. n. sp. 3,1
amplectobeluids,Somasteroid indet.,1
amplectobeluids,undet. Asteroidea,1
amplectobeluids,undet. Stelleroidea,1
amplectobeluids,Palaeosphaeronites sp.,1
amplectobeluids,Palaeosphaeronites? prokopi,1
amplectobeluids,Aristocystites cf. bohemicus (sinuous?),1
amplectobeluids,Aristocystites sp.,1
amplectobeluids,Ascocystites? sp.,1
amplectobeluids,Balantiocystis regnelli,1
amplectobeluids,Balantiocystis sp.,1
amplectobeluids,Rhopalocystis sp.,1
amplectobeluids,Rhopalocystis dehirensis,1
amplectobeluids,Rhopalocystis destombesi,1
amplectobeluids,Rhopalocystis fraga,1
amplectobeluids,Rhopalocystis grandis,1
amplectobeluids,Rhopalocystis havliceki,1
amplectobeluids,Rhopalocystis lehmani,1
amplectobeluids,Rhopalocystis zagoraensis,1
amplectobeluids,Rhopalocystis sp. A,1
amplectobeluids,Rhopalocystis sp. B,1
amplectobeluids,Rhopalocystis sp. C,1
amplectobeluids,cf. Rhopalocystis,1
amplectobeluids,Lingulocystis aff. deani,1
amplectobeluids,Lingulocystis elongata,1
amplectobeluids,cf. Pareocrinus,1
amplectobeluids,Eocrinoidea indet. sp. 1,1
amplectobeluids,Eocrinoidea indet. sp. 2,1
amplectobeluids,Eocrinoidea indet.,1
amplectobeluids,Ramseyocrinus sp.,1
amplectobeluids,Crinoid 2,1
amplectobeluids,Aethocrinus cf. moorei,1
amplectobeluids,Iocrinus n. sp.,1
amplectobeluids,Cystoidea?/undet. Cystoidea,1
amplectobeluids,Argodiscus espilezorum,1
amplectobeluids,Anedriophus moroccoensis,1
amplectobeluids,Rhenopyrgid indet.,1
amplectobeluids,Ampelocarpus sp.,1
amplectobeluids,Amygdalotheca griffei,1
amplectobeluids,Anatifopsis escandei,1
amplectobeluids,Anatifopsis trapeziiformis,1
amplectobeluids,Anatifopsis sp.,1
amplectobeluids,"Anomalocystid n. gen., n. sp. ",1
amplectobeluids,Aspidocarpus sp.,1
amplectobeluids,Arauricystis? sp.,1
amplectobeluids,Balanocystites primus,1
amplectobeluids,Bohemiaecystis,1
amplectobeluids,Chauvelicystis ubaghsi,1
amplectobeluids,Chauvelicystis spinosa,1
amplectobeluids,Chauvelicystis vizcainoi,1
amplectobeluids,Chauvelicystis sp.,1
amplectobeluids,"Chauvelicystid n. gen., n. sp. 1",1
amplectobeluids,"Chauvelicystid n. gen., n. sp. 2",1
amplectobeluids,Chinianocarpos sp.,1
amplectobeluids,"Cornuta n. gen. 1, n. sp.",1
amplectobeluids,"Cornuta n. gen. 2, n. sp.",1
amplectobeluids,Flabellicarpus rushtoni,1
amplectobeluids,Flabellicarpus?,1
amplectobeluids,Galliaecystis n. sp.,1
amplectobeluids,Galliaecystis ubaghsi,1
amplectobeluids,Hanusia n. sp.,1
amplectobeluids,Lagynocystis pyramidalis,1
amplectobeluids,Kirkocystidae?,1
amplectobeluids,Lyricocarpus courtessolei,1
amplectobeluids,Milonicystis sp.,1
amplectobeluids,Mitrocystitid indet. cf. Ovocarpus,1
amplectobeluids,Nanocarpus cf. dolambii,1
amplectobeluids,Phyllocystis blayaci,1
amplectobeluids,Phyllocystis sp.,1
amplectobeluids,Procothurnocystis n. sp.,1
amplectobeluids,Prokopicystis sp.,1
amplectobeluids,Thoralicystis zagoraensis,1
amplectobeluids,Thoralicystis n. sp.,1
amplectobeluids,Vizcainocarpus sp.,1
amplectobeluids,Cothurnocystid indetl.,1
amplectobeluids,Hanusiid indet.,1
amplectobeluids,Peltocystis cornuta,1
amplectobeluids,Scotiaevystis? sp.,1
amplectobeluids,Macrocystella sp.,1
amplectobeluids,Macrocystella bohemica,1
amplectobeluids,Macrocystella cf. mariae,1
amplectobeluids,Macrocystella tasseftensis,1
amplectobeluids,undet. Ophiuroidea,1
amplectobeluids,Clonograptus rigidus,1
amplectobeluids,Clonograptus flexibilis,1
amplectobeluids,Clonograptus flexilis,1
amplectobeluids,Clonograptus persistens,1
amplectobeluids,Clonograptus multiplex,1
amplectobeluids,Didymograptus cf. arcuatus,1
amplectobeluids,Didymograptus deflexus,1
amplectobeluids,Didymograptus extensus,1
amplectobeluids,Didymograptus v-fractus,1
amplectobeluids,Didymograptus intendus,1
amplectobeluids,Didymograptus pennatulus,1
amplectobeluids,Didymograptus nanus,1
amplectobeluids,Didymograptus nitidus,1
amplectobeluids,Didymograptus patulus,1
amplectobeluids,Didymograptus sparsus,1
amplectobeluids,"""Didymograptus sp. 1""",1
amplectobeluids,Didymograptus sp.,1
amplectobeluids,Didymograptid indet.,1
amplectobeluids,Dichograptidae?,1
amplectobeluids,Hunnegraptus copiosus,1
amplectobeluids, 'Kiaerograptus' supremus,1
amplectobeluids,Koremagraptus sp.,1
amplectobeluids,Paradelograptus norvegicus,1
amplectobeluids,Paradelograptus tenuis,1
amplectobeluids,Paratemnograptus magnificus,1
amplectobeluids,Tetragraptus cf. approximatus,1
amplectobeluids,Tetragraptus quadribrachiatus,1
amplectobeluids,Tetragraptus reclinatus,1
amplectobeluids,Tetragraptus serra,1
amplectobeluids,Tetragraptus tornquisti,1
amplectobeluids, 'Tetragraptus' bulmani,1
amplectobeluids,Tetragraptus sp.,1
amplectobeluids,Araneograptus murrayi,1
amplectobeluids,Dictyonema sp.,1
amplectobeluids,Tuboid,1
amplectobeluids,Anisograptus cf. matanensis,1
amplectobeluids,Bryograptus divergens,1
amplectobeluids,Bryograptus kjerulfi cumbrensis,1
amplectobeluids,Bryograptus lapworthi,1
amplectobeluids,Rhabdinopora flabelliforme cf. anglica,1
amplectobeluids,Rhabdinopora flabelliforme flabelliforme,1
amplectobeluids,Rhabdinopora flabelliforme multithecatum,1
amplectobeluids,Rhabdinopora flabelliformis socialis,1
amplectobeluids,Rhabdinopora flabelliformis canadenisis,1
amplectobeluids,Rhabdinopora flabelliforme norvegicum,1
amplectobeluids,Acrograptus nicholsoni,1
amplectobeluids,Adelograptus sp.,1
amplectobeluids,Azygograptus eivionicus,1
amplectobeluids,Azygograptus sp.,1
amplectobeluids,Etagraptus putillus,1
amplectobeluids,Hermannograptus sp.,1
amplectobeluids,Isograptus caduceus arcuatus,1
amplectobeluids,Isograptus caduceus gracilis,1
amplectobeluids,Isograptus furcula,1
amplectobeluids,Pterograptus sp.,1
amplectobeluids,Schizograptus sp.,1
amplectobeluids,Temnograptus multiflex,1
amplectobeluids,Temnograptus cf. noveboracensis,1
amplectobeluids,Temnograptus ramulus,1
amplectobeluids,Adelograptus tenellus,1
amplectobeluids,Choristograptus louai,1
amplectobeluids,Ancoragraptus bulmani,1
amplectobeluids,?Cymatograptus protobalticus,1
amplectobeluids,?Baltograptus jacksoni,1
amplectobeluids,Baltograptus minutus,1
amplectobeluids,Baltograptus deflexus,1
amplectobeluids,?Baltograptus kurcki,1
amplectobeluids,Expansograptus sp.,1
amplectobeluids,Webbyites felix,1
amplectobeluids,Rhabdopleura-like epibiont,1
amplectobeluids,Drepanoistodus? cf. pervetus,1
amplectobeluids,Drepanoistodus cf. forceps,1
amplectobeluids,Acodus deltatus,1
amplectobeluids,Cornuodus longibasis,1
amplectobeluids,Drepanodus arcuatus,1
amplectobeluids,Paltodus cf. inaequalis,1
amplectobeluids,Parapaltodus aff. flexuosus,1
amplectobeluids,Parapaltodus aff. simplicissimus,1
amplectobeluids,Paroistodus cf. proteus,1
amplectobeluids,Paroistodus cf. parallellus,1
amplectobeluids,Periodon cf. selenopsis,1
amplectobeluids,Periodon cf. primus,1
amplectobeluids,Prioniodus sp.,1
amplectobeluids,Prioniodus cf. gilberti,1
amplectobeluids,Protopanderodus cf. leonardii,1
amplectobeluids,Scalpellodus aff. gracilis,1
amplectobeluids,Scolopodus aff. krummi,1
amplectobeluids,Semiacontiodus sp.,1
amplectobeluids,Semiacontiodus cf. cornuformis,1
amplectobeluids,Stolodus cf. stola,1
amplectobeluids,Tripodus sp.,1
amplectobeluids,Tripodus aff. Laevis,1
amplectobeluids,Tropodus sp.,1
amplectobeluids,Tropodus cf. sweeti,1
Canadaspidid,Furca sp. 1,1
Canadaspidid,Furca sp. 2,1
Canadaspidid,Furca sp. 3,1
Canadaspidid,Enosiaspis hrungnir,1
Canadaspidid, 'Synziphosurine'/Synziphosurina?,1
Canadaspidid,Tariccoia tazagurtensis,1
Canadaspidid,Ostracod,1
Canadaspidid,Lepadomorph barnacle,1
Canadaspidid,undet. Dikelocephalidae,1
Canadaspidid,undet. Illaenacea,1
Canadaspidid,Orometopus sp.,1
Canadaspidid,Toletanaspis aff. borni,1
Canadaspidid,Agerina quadrata,1
Canadaspidid,Geragnostus aff. occitanus,1
Canadaspidid,Geragnostus sp.,1
Canadaspidid,Ampyx priscus,1
Canadaspidid,Ampyx cf. priscus,1
Canadaspidid,Parabathycheilus gallicus,1
Canadaspidid,Proetidae?,1
Canadaspidid,undet. Trinucleidae,1
Canadaspidid,Nileus deynouxi,1
Furca sp. 1,suspended organic matter,2
Furca sp. 1,Zooplankton,2
Furca sp. 2,suspended organic matter,2
Furca sp. 2,Zooplankton,2
Furca sp. 3,suspended organic matter,2
Furca sp. 3,Zooplankton,2
Marrella sp.,suspended organic matter,2
Marrella sp.,Zooplankton,2
Enosiaspis hrungnir,Benthic detritus,1
Leanchoilia sp.,Bryozoan,1
Leanchoilia sp.,Coxiconchia guiraudi,1
Leanchoilia sp.,Cienagomya? sp.,1
Leanchoilia sp.,Ekaterodonta courtessolei,1
Leanchoilia sp.,Glyptarca sp.,1
Leanchoilia sp.,Carcassonnella courtessolei,1
Leanchoilia sp.,Carcassonnella vizcainoi,1
Leanchoilia sp.,Carcassonnella sp.,1
Leanchoilia sp., 'Synziphosurine'/Synziphosurina?,1
Leanchoilia sp.,Tariccoia tazagurtensis,1
Leanchoilia sp.,Ostracod,1
Leanchoilia sp.,Lepadomorph barnacle,1
Leanchoilia sp.,undet. Dikelocephalidae,1
Leanchoilia sp.,undet. Illaenacea,1
Leanchoilia sp.,Orometopus sp.,1
Leanchoilia sp.,Agerina quadrata,1
Leanchoilia sp.,Geragnostus aff. occitanus,1
Leanchoilia sp.,Geragnostus sp.,1
Leanchoilia sp.,Proetidae?,1
Leanchoilia sp.,undet. Trinucleidae,1
Leanchoilia sp.,Nileus deynouxi,1
Leanchoilia sp.,Didymograptus cf. arcuatus,1
Leanchoilia sp.,Didymograptus deflexus,1
Leanchoilia sp.,Didymograptus extensus,1
Leanchoilia sp.,Didymograptus v-fractus,1
Leanchoilia sp.,Didymograptus intendus,1
Leanchoilia sp.,Didymograptus pennatulus,1
Leanchoilia sp.,Didymograptus nanus,1
Leanchoilia sp.,Didymograptus nitidus,1
Leanchoilia sp.,Didymograptus patulus,1
Leanchoilia sp.,Didymograptus sparsus,1
Leanchoilia sp.,"""Didymograptus sp. 1""",1
Leanchoilia sp.,Didymograptus sp.,1
Leanchoilia sp.,Didymograptid indet.,1
Leanchoilia sp.,Koremagraptus sp.,1
Leanchoilia sp.,Dictyonema sp.,1
Leanchoilia sp.,Tuboid,1
Leanchoilia sp.,?Cymatograptus protobalticus,1
Leanchoilia sp.,Webbyites felix,1
Leanchoilia sp.,Rhabdopleura-like epibiont,1
Leanchoilia sp.,Hyolithes sp.,1
Possible waptiid,Benthic detritus,1
Possible waptiid,Archaeoconularia sp.,1
Possible waptiid,Eoconularia sp.,1
Possible waptiid,Sphenothallus sp. 1,1
Possible waptiid,?Sphenothallus sp. 2,1
Possible waptiid,Octocorallia?,1
Possible waptiid,Bryozoan,1
Possible waptiid,Plumulites bengtsoni,1
Possible waptiid,Possible phyllodocid,1
Possible waptiid,Priapulid,1
Possible waptiid,Large taxon with spinose limbs,1
Possible waptiid,Small taxon with spinose limbs,1
Possible waptiid,Didymograptus cf. arcuatus,1
Possible waptiid,Didymograptus deflexus,1
Possible waptiid,Didymograptus extensus,1
Possible waptiid,Didymograptus v-fractus,1
Possible waptiid,Didymograptus intendus,1
Possible waptiid,Didymograptus pennatulus,1
Possible waptiid,Didymograptus nanus,1
Possible waptiid,Didymograptus nitidus,1
Possible waptiid,Didymograptus patulus,1
Possible waptiid,Didymograptus sparsus,1
Possible waptiid,"""Didymograptus sp. 1""",1
Possible waptiid,Didymograptus sp.,1
Possible waptiid,Didymograptid indet.,1
Possible waptiid,Koremagraptus sp.,1
Possible waptiid,Dictyonema sp.,1
Possible waptiid,Tuboid,1
Possible waptiid,?Cymatograptus protobalticus,1
Possible waptiid,Webbyites felix,1
Possible waptiid,Rhabdopleura-like epibiont,1
Possible waptiid,Hyolithes sp.,1
 'Synziphosurine'/Synziphosurina?,Bryozoan,1
 'Synziphosurine'/Synziphosurina?,Carcassonnella sp.,1
 'Synziphosurine'/Synziphosurina?,Ostracod,1
 'Synziphosurine'/Synziphosurina?,undet. Dikelocephalidae,1
 'Synziphosurine'/Synziphosurina?,undet. Illaenacea,1
 'Synziphosurine'/Synziphosurina?,Proetidae?,1
 'Synziphosurine'/Synziphosurina?,Didymograptus cf. arcuatus,1
 'Synziphosurine'/Synziphosurina?,Didymograptus deflexus,1
 'Synziphosurine'/Synziphosurina?,Didymograptus extensus,1
 'Synziphosurine'/Synziphosurina?,Didymograptus v-fractus,1
 'Synziphosurine'/Synziphosurina?,Didymograptus intendus,1
 'Synziphosurine'/Synziphosurina?,Didymograptus pennatulus,1
 'Synziphosurine'/Synziphosurina?,Didymograptus nanus,1
 'Synziphosurine'/Synziphosurina?,Didymograptus nitidus,1
 'Synziphosurine'/Synziphosurina?,Didymograptus patulus,1
 'Synziphosurine'/Synziphosurina?,Didymograptus sparsus,1
 'Synziphosurine'/Synziphosurina?,"""Didymograptus sp. 1""",1
 'Synziphosurine'/Synziphosurina?,Didymograptus sp.,1
 'Synziphosurine'/Synziphosurina?,Didymograptid indet.,1
 'Synziphosurine'/Synziphosurina?,Koremagraptus sp.,1
 'Synziphosurine'/Synziphosurina?,Dictyonema sp.,1
 'Synziphosurine'/Synziphosurina?,Tuboid,1
 'Synziphosurine'/Synziphosurina?,?Cymatograptus protobalticus,1
 'Synziphosurine'/Synziphosurina?,Webbyites felix,1
 'Synziphosurine'/Synziphosurina?,Rhabdopleura-like epibiont,1
Chasmataspidid,Bryozoan,1
Chasmataspidid,Coxiconchia guiraudi,1
Chasmataspidid,Cienagomya? sp.,1
Chasmataspidid,Carcassonnella courtessolei,1
Chasmataspidid,Carcassonnella vizcainoi,1
Chasmataspidid,Carcassonnella sp.,1
Chasmataspidid, 'Synziphosurine'/Synziphosurina?,1
Chasmataspidid,Tariccoia tazagurtensis,1
Chasmataspidid,Ostracod,1
Chasmataspidid,undet. Dikelocephalidae,1
Chasmataspidid,undet. Illaenacea,1
Chasmataspidid,Geragnostus aff. occitanus,1
Chasmataspidid,Geragnostus sp.,1
Chasmataspidid,Proetidae?,1
Chasmataspidid,undet. Trinucleidae,1
Chasmataspidid,Didymograptus cf. arcuatus,1
Chasmataspidid,Didymograptus deflexus,1
Chasmataspidid,Didymograptus extensus,1
Chasmataspidid,Didymograptus v-fractus,1
Chasmataspidid,Didymograptus intendus,1
Chasmataspidid,Didymograptus pennatulus,1
Chasmataspidid,Didymograptus nanus,1
Chasmataspidid,Didymograptus nitidus,1
Chasmataspidid,Didymograptus patulus,1
Chasmataspidid,Didymograptus sparsus,1
Chasmataspidid,"""Didymograptus sp. 1""",1
Chasmataspidid,Didymograptus sp.,1
Chasmataspidid,Didymograptid indet.,1
Chasmataspidid,Koremagraptus sp.,1
Chasmataspidid,Dictyonema sp.,1
Chasmataspidid,Tuboid,1
Chasmataspidid,?Cymatograptus protobalticus,1
Chasmataspidid,Webbyites felix,1
Chasmataspidid,Rhabdopleura-like epibiont,1
Eurypterid 1,Ranorthis fasciata,1
Eurypterid 1,undet. Athyridida,1
Eurypterid 1,Acrothele sp.,1
Eurypterid 1,Plectorthis simplex,1
Eurypterid 1,Angusticardinia sp.,1
Eurypterid 1,Lingula salteri,1
Eurypterid 1,Orbithele vana,1
Eurypterid 1,Paurorthis tadristensis,1
Eurypterid 1,Tarfaya marocana,1
Eurypterid 1,Wosekella sp.,1
Eurypterid 1,Monobolina sp.,1
Eurypterid 1,Elliptoglossa sp.,1
Eurypterid 1,Celdobolus sp.,1
Eurypterid 1,Discinoidea?,1
Eurypterid 1,undet. Dalmanelloidea,1
Eurypterid 1,Babinka prima,1
Eurypterid 1,Ctenodonta escosurae,1
Eurypterid 1,Praenucula sp.,1
Eurypterid 1,Redonia michelae,1
Eurypterid 1,Coxiconchia guiraudi,1
Eurypterid 1,Alococoncha?,1
Eurypterid 1,Cardiolaria? sp.,1
Eurypterid 1,Cienagomya? sp.,1
Eurypterid 1,Ekaterodonta courtessolei,1
Eurypterid 1,Glyptarca sp.,1
Eurypterid 1,Pelecyogyra fezouataensis,1
Eurypterid 1,Sinuites sp.,1
Eurypterid 1,Lesueurilla prima,1
Eurypterid 1,undet. Platyceratoidea,1
Eurypterid 1,undet. Monoplacophora,1
Eurypterid 1,Thoralispira laevis,1
Eurypterid 1,Thoralispira? cf. occitana,1
Eurypterid 1,Carcassonnella courtessolei,1
Eurypterid 1,Carcassonnella vizcainoi,1
Eurypterid 1,Carcassonnella sp.,1
Eurypterid 1,Ribeiria sp.,1
Eurypterid 1,Tolmachovia?,1
Eurypterid 1,Wiwaxiid,1
Eurypterid 1,Halkieriid,1
Eurypterid 1,Helcionelloid,1
Eurypterid 1,Calvapilosa kroegeri,1
Eurypterid 1,Bactroceras sp.,1
Eurypterid 1,Bathmoceras taichoutense,1
Eurypterid 1,Destombesiceras zagorense,1
Eurypterid 1,Polymeres sp.,1
Eurypterid 1,Protocyptendoceras longicameratum,1
Eurypterid 1,Large taxon with spinose limbs,1
Eurypterid 1,Small taxon with spinose limbs,1
Eurypterid 1,Armoured lobopodian 1,1
Eurypterid 1,Armoured lobopodian 2,1
Eurypterid 1,Armoured lobopodian 3,1
Eurypterid 1,Diania-like lobopodian,1
Eurypterid 1,Furca sp. 1,1
Eurypterid 1,Furca sp. 2,1
Eurypterid 1,Furca sp. 3,1
Eurypterid 1,Marrella sp.,1
Eurypterid 1,Enosiaspis hrungnir,1
Eurypterid 1,Leanchoilia sp.,1
Eurypterid 1,Possible waptiid,1
Eurypterid 1, 'Synziphosurine'/Synziphosurina?,1
Eurypterid 1,Chasmataspidid,1
Eurypterid 1,Possible pycnogonid,1
Eurypterid 1,Possible helmetiid,1
Eurypterid 1,Possible retifaciid,1
Eurypterid 1,Tariccoia tazagurtensis,1
Eurypterid 1,Chlupacaris? sp.,1
Eurypterid 1,Cheloniellid,1
Eurypterid 1,Phyllocarid,1
Eurypterid 1,Lepadomorph barnacle,1
Eurypterid 1,Eoduslia,1
Eurypterid 1,Symphysurus sicardi,1
Eurypterid 1,Apatokephalus cf. incisus,1
Eurypterid 1,Dikelokephalina brenchleyi,1
Eurypterid 1,Orometopus sp.,1
Eurypterid 1,Cnemidopyge sp.,1
Eurypterid 1,Parvilichas marochii,1
Eurypterid 1,Selenopeltis aff. Gallica,1
Eurypterid 1,Selenopeltis binodosa,1
Eurypterid 1,Selenopeltis sp. 1,1
Eurypterid 1,Selenopeltis sp. 2,1
Eurypterid 1,Foulonia peregrina,1
Eurypterid 1,Foulonia sp.,1
Eurypterid 1,Toletanaspis aff. borni,1
Eurypterid 1,undet. Dalmanitacea,1
Eurypterid 1,Bathycheilus gallicus,1
Eurypterid 1,Bavarilla aff. zemmourensis,1
Eurypterid 1,Bavarilla zemmourensis,1
Eurypterid 1,Bavarilla sp.,1
Eurypterid 1,Colpocoryphe thorali,1
Eurypterid 1,Colpocoryphe pradesensis,1
Eurypterid 1,Pharostoma sp.,1
Eurypterid 1,Pharostomina sp. ,1
Eurypterid 1,Agerina quadrata,1
Eurypterid 1,Geragnostus aff. occitanus,1
Eurypterid 1,Geragnostus sp.,1
Eurypterid 1,Beltella sp.,1
Eurypterid 1,Ampyx priscus,1
Eurypterid 1,Ampyx cf. priscus,1
Eurypterid 1,Ceraurinella? sp.,1
Eurypterid 1,Megalaspidella sp.,1
Eurypterid 1,Platycoryphe sp.,1
Eurypterid 1,Parabathycheilus gallicus,1
Eurypterid 1,Nileus deynouxi,1
Eurypterid 1,Hospes sp.,1
Eurypterid 1,Ogygiocaris sp.,1
Eurypterid 1,Ormathops clariondi,1
Eurypterid 1,cf. Niobella sp.,1
Eurypterid 1,Somasteroid indet. n. sp. 1,1
Eurypterid 1,Somasteroid indet. n. sp. 2,1
Eurypterid 1,Somasteroid indet. n. sp. 3,1
Eurypterid 1,Somasteroid indet.,1
Eurypterid 1,undet. Asteroidea,1
Eurypterid 1,Palaeosphaeronites sp.,1
Eurypterid 1,Palaeosphaeronites? prokopi,1
Eurypterid 1,Aristocystites cf. bohemicus (sinuous?),1
Eurypterid 1,Aristocystites sp.,1
Eurypterid 1,Ascocystites? sp.,1
Eurypterid 1,Balantiocystis regnelli,1
Eurypterid 1,Balantiocystis sp.,1
Eurypterid 1,Rhopalocystis sp.,1
Eurypterid 1,Rhopalocystis dehirensis,1
Eurypterid 1,Rhopalocystis destombesi,1
Eurypterid 1,Rhopalocystis fraga,1
Eurypterid 1,Rhopalocystis grandis,1
Eurypterid 1,Rhopalocystis havliceki,1
Eurypterid 1,Rhopalocystis lehmani,1
Eurypterid 1,Rhopalocystis zagoraensis,1
Eurypterid 1,Rhopalocystis sp. A,1
Eurypterid 1,Rhopalocystis sp. B,1
Eurypterid 1,Rhopalocystis sp. C,1
Eurypterid 1,cf. Rhopalocystis,1
Eurypterid 1,Lingulocystis aff. deani,1
Eurypterid 1,Lingulocystis elongata,1
Eurypterid 1,cf. Pareocrinus,1
Eurypterid 1,Eocrinoidea indet. sp. 1,1
Eurypterid 1,Eocrinoidea indet. sp. 2,1
Eurypterid 1,Eocrinoidea indet.,1
Eurypterid 1,Ramseyocrinus sp.,1
Eurypterid 1,Crinoid 2,1
Eurypterid 1,Aethocrinus cf. moorei,1
Eurypterid 1,Iocrinus n. sp.,1
Eurypterid 1,Cystoidea?/undet. Cystoidea,1
Eurypterid 1,Argodiscus espilezorum,1
Eurypterid 1,Anedriophus moroccoensis,1
Eurypterid 1,Rhenopyrgid indet.,1
Eurypterid 1,Ampelocarpus sp.,1
Eurypterid 1,Amygdalotheca griffei,1
Eurypterid 1,Anatifopsis escandei,1
Eurypterid 1,Anatifopsis trapeziiformis,1
Eurypterid 1,Anatifopsis sp.,1
Eurypterid 1,"Anomalocystid n. gen., n. sp. ",1
Eurypterid 1,Aspidocarpus sp.,1
Eurypterid 1,Arauricystis? sp.,1
Eurypterid 1,Balanocystites primus,1
Eurypterid 1,Bohemiaecystis,1
Eurypterid 1,Chauvelicystis ubaghsi,1
Eurypterid 1,Chauvelicystis spinosa,1
Eurypterid 1,Chauvelicystis vizcainoi,1
Eurypterid 1,Chauvelicystis sp.,1
Eurypterid 1,"Chauvelicystid n. gen., n. sp. 1",1
Eurypterid 1,"Chauvelicystid n. gen., n. sp. 2",1
Eurypterid 1,Chinianocarpos sp.,1
Eurypterid 1,"Cornuta n. gen. 1, n. sp.",1
Eurypterid 1,"Cornuta n. gen. 2, n. sp.",1
Eurypterid 1,Flabellicarpus rushtoni,1
Eurypterid 1,Flabellicarpus?,1
Eurypterid 1,Galliaecystis n. sp.,1
Eurypterid 1,Galliaecystis ubaghsi,1
Eurypterid 1,Hanusia n. sp.,1
Eurypterid 1,Lagynocystis pyramidalis,1
Eurypterid 1,Kirkocystidae?,1
Eurypterid 1,Lyricocarpus courtessolei,1
Eurypterid 1,Milonicystis sp.,1
Eurypterid 1,Mitrocystitid indet. cf. Ovocarpus,1
Eurypterid 1,Nanocarpus cf. dolambii,1
Eurypterid 1,Phyllocystis blayaci,1
Eurypterid 1,Phyllocystis sp.,1
Eurypterid 1,Procothurnocystis n. sp.,1
Eurypterid 1,Prokopicystis sp.,1
Eurypterid 1,Thoralicystis zagoraensis,1
Eurypterid 1,Thoralicystis n. sp.,1
Eurypterid 1,Vizcainocarpus sp.,1
Eurypterid 1,Cothurnocystid indetl.,1
Eurypterid 1,Hanusiid indet.,1
Eurypterid 1,Peltocystis cornuta,1
Eurypterid 1,Scotiaevystis? sp.,1
Eurypterid 1,Macrocystella sp.,1
Eurypterid 1,Macrocystella bohemica,1
Eurypterid 1,Macrocystella cf. mariae,1
Eurypterid 1,Macrocystella tasseftensis,1
Eurypterid 1,undet. Ophiuroidea,1
Eurypterid 1,Clonograptus rigidus,1
Eurypterid 1,Clonograptus flexibilis,1
Eurypterid 1,Clonograptus flexilis,1
Eurypterid 1,Clonograptus persistens,1
Eurypterid 1,Clonograptus multiplex,1
Eurypterid 1,Didymograptus cf. arcuatus,1
Eurypterid 1,Didymograptus deflexus,1
Eurypterid 1,Didymograptus extensus,1
Eurypterid 1,Didymograptus v-fractus,1
Eurypterid 1,Didymograptus intendus,1
Eurypterid 1,Didymograptus pennatulus,1
Eurypterid 1,Didymograptus nanus,1
Eurypterid 1,Didymograptus nitidus,1
Eurypterid 1,Didymograptus patulus,1
Eurypterid 1,Didymograptus sparsus,1
Eurypterid 1,"""Didymograptus sp. 1""",1
Eurypterid 1,Didymograptus sp.,1
Eurypterid 1,Didymograptid indet.,1
Eurypterid 1,Dichograptidae?,1
Eurypterid 1,Hunnegraptus copiosus,1
Eurypterid 1, 'Kiaerograptus' supremus,1
Eurypterid 1,Koremagraptus sp.,1
Eurypterid 1,Paradelograptus norvegicus,1
Eurypterid 1,Paradelograptus tenuis,1
Eurypterid 1,Paratemnograptus magnificus,1
Eurypterid 1,Tetragraptus cf. approximatus,1
Eurypterid 1,Tetragraptus quadribrachiatus,1
Eurypterid 1,Tetragraptus reclinatus,1
Eurypterid 1,Tetragraptus serra,1
Eurypterid 1,Tetragraptus tornquisti,1
Eurypterid 1, 'Tetragraptus' bulmani,1
Eurypterid 1,Tetragraptus sp.,1
Eurypterid 1,Araneograptus murrayi,1
Eurypterid 1,Dictyonema sp.,1
Eurypterid 1,Tuboid,1
Eurypterid 1,Anisograptus cf. matanensis,1
Eurypterid 1,Bryograptus divergens,1
Eurypterid 1,Bryograptus kjerulfi cumbrensis,1
Eurypterid 1,Bryograptus lapworthi,1
Eurypterid 1,Rhabdinopora flabelliforme cf. anglica,1
Eurypterid 1,Rhabdinopora flabelliforme flabelliforme,1
Eurypterid 1,Rhabdinopora flabelliforme multithecatum,1
Eurypterid 1,Rhabdinopora flabelliformis socialis,1
Eurypterid 1,Rhabdinopora flabelliformis canadenisis,1
Eurypterid 1,Rhabdinopora flabelliforme norvegicum,1
Eurypterid 1,Acrograptus nicholsoni,1
Eurypterid 1,Adelograptus sp.,1
Eurypterid 1,Azygograptus eivionicus,1
Eurypterid 1,Azygograptus sp.,1
Eurypterid 1,Etagraptus putillus,1
Eurypterid 1,Hermannograptus sp.,1
Eurypterid 1,Isograptus caduceus arcuatus,1
Eurypterid 1,Isograptus caduceus gracilis,1
Eurypterid 1,Isograptus furcula,1
Eurypterid 1,Pterograptus sp.,1
Eurypterid 1,Schizograptus sp.,1
Eurypterid 1,Temnograptus multiflex,1
Eurypterid 1,Temnograptus cf. noveboracensis,1
Eurypterid 1,Temnograptus ramulus,1
Eurypterid 1,Adelograptus tenellus,1
Eurypterid 1,Choristograptus louai,1
Eurypterid 1,Ancoragraptus bulmani,1
Eurypterid 1,?Cymatograptus protobalticus,1
Eurypterid 1,?Baltograptus jacksoni,1
Eurypterid 1,Baltograptus minutus,1
Eurypterid 1,Baltograptus deflexus,1
Eurypterid 1,?Baltograptus kurcki,1
Eurypterid 1,Expansograptus sp.,1
Eurypterid 1,Webbyites felix,1
Eurypterid 1,Rhabdopleura-like epibiont,1
Eurypterid 1,Drepanoistodus? cf. pervetus,1
Eurypterid 1,Drepanoistodus cf. forceps,1
Eurypterid 1,Acodus deltatus,1
Eurypterid 1,Cornuodus longibasis,1
Eurypterid 1,Drepanodus arcuatus,1
Eurypterid 1,Paltodus cf. inaequalis,1
Eurypterid 1,Parapaltodus aff. flexuosus,1
Eurypterid 1,Parapaltodus aff. simplicissimus,1
Eurypterid 1,Paroistodus cf. proteus,1
Eurypterid 1,Paroistodus cf. parallellus,1
Eurypterid 1,Periodon cf. selenopsis,1
Eurypterid 1,Periodon cf. primus,1
Eurypterid 1,Prioniodus sp.,1
Eurypterid 1,Prioniodus cf. gilberti,1
Eurypterid 1,Protopanderodus cf. leonardii,1
Eurypterid 1,Scalpellodus aff. gracilis,1
Eurypterid 1,Scolopodus aff. krummi,1
Eurypterid 1,Semiacontiodus sp.,1
Eurypterid 1,Semiacontiodus cf. cornuformis,1
Eurypterid 1,Stolodus cf. stola,1
Eurypterid 1,Tripodus sp.,1
Eurypterid 1,Tripodus aff. Laevis,1
Eurypterid 1,Tropodus sp.,1
Eurypterid 1,Tropodus cf. sweeti,1
Eurypterid 2,Ranorthis fasciata,1
Eurypterid 2,undet. Athyridida,1
Eurypterid 2,Acrothele sp.,1
Eurypterid 2,Plectorthis simplex,1
Eurypterid 2,Angusticardinia sp.,1
Eurypterid 2,Lingula salteri,1
Eurypterid 2,Orbithele vana,1
Eurypterid 2,Paurorthis tadristensis,1
Eurypterid 2,Tarfaya marocana,1
Eurypterid 2,Wosekella sp.,1
Eurypterid 2,Monobolina sp.,1
Eurypterid 2,Elliptoglossa sp.,1
Eurypterid 2,Celdobolus sp.,1
Eurypterid 2,Discinoidea?,1
Eurypterid 2,undet. Dalmanelloidea,1
Eurypterid 2,Babinka prima,1
Eurypterid 2,Ctenodonta escosurae,1
Eurypterid 2,Praenucula sp.,1
Eurypterid 2,Redonia michelae,1
Eurypterid 2,Coxiconchia guiraudi,1
Eurypterid 2,Alococoncha?,1
Eurypterid 2,Cardiolaria? sp.,1
Eurypterid 2,Cienagomya? sp.,1
Eurypterid 2,Ekaterodonta courtessolei,1
Eurypterid 2,Glyptarca sp.,1
Eurypterid 2,Pelecyogyra fezouataensis,1
Eurypterid 2,Sinuites sp.,1
Eurypterid 2,Lesueurilla prima,1
Eurypterid 2,undet. Platyceratoidea,1
Eurypterid 2,undet. Monoplacophora,1
Eurypterid 2,Thoralispira laevis,1
Eurypterid 2,Thoralispira? cf. occitana,1
Eurypterid 2,Carcassonnella courtessolei,1
Eurypterid 2,Carcassonnella vizcainoi,1
Eurypterid 2,Carcassonnella sp.,1
Eurypterid 2,Ribeiria sp.,1
Eurypterid 2,Tolmachovia?,1
Eurypterid 2,Wiwaxiid,1
Eurypterid 2,Halkieriid,1
Eurypterid 2,Helcionelloid,1
Eurypterid 2,Calvapilosa kroegeri,1
Eurypterid 2,Bactroceras sp.,1
Eurypterid 2,Bathmoceras taichoutense,1
Eurypterid 2,Destombesiceras zagorense,1
Eurypterid 2,Polymeres sp.,1
Eurypterid 2,Protocyptendoceras longicameratum,1
Eurypterid 2,Large taxon with spinose limbs,1
Eurypterid 2,Small taxon with spinose limbs,1
Eurypterid 2,Armoured lobopodian 1,1
Eurypterid 2,Armoured lobopodian 2,1
Eurypterid 2,Armoured lobopodian 3,1
Eurypterid 2,Diania-like lobopodian,1
Eurypterid 2,Furca sp. 1,1
Eurypterid 2,Furca sp. 2,1
Eurypterid 2,Furca sp. 3,1
Eurypterid 2,Marrella sp.,1
Eurypterid 2,Enosiaspis hrungnir,1
Eurypterid 2,Leanchoilia sp.,1
Eurypterid 2,Possible waptiid,1
Eurypterid 2, 'Synziphosurine'/Synziphosurina?,1
Eurypterid 2,Chasmataspidid,1
Eurypterid 2,Possible pycnogonid,1
Eurypterid 2,Possible helmetiid,1
Eurypterid 2,Possible retifaciid,1
Eurypterid 2,Tariccoia tazagurtensis,1
Eurypterid 2,Chlupacaris? sp.,1
Eurypterid 2,Cheloniellid,1
Eurypterid 2,Phyllocarid,1
Eurypterid 2,Lepadomorph barnacle,1
Eurypterid 2,Eoduslia,1
Eurypterid 2,Symphysurus sicardi,1
Eurypterid 2,Apatokephalus cf. incisus,1
Eurypterid 2,Dikelokephalina brenchleyi,1
Eurypterid 2,Orometopus sp.,1
Eurypterid 2,Cnemidopyge sp.,1
Eurypterid 2,Parvilichas marochii,1
Eurypterid 2,Selenopeltis aff. Gallica,1
Eurypterid 2,Selenopeltis binodosa,1
Eurypterid 2,Selenopeltis sp. 1,1
Eurypterid 2,Selenopeltis sp. 2,1
Eurypterid 2,Foulonia peregrina,1
Eurypterid 2,Foulonia sp.,1
Eurypterid 2,Toletanaspis aff. borni,1
Eurypterid 2,undet. Dalmanitacea,1
Eurypterid 2,Bathycheilus gallicus,1
Eurypterid 2,Bavarilla aff. zemmourensis,1
Eurypterid 2,Bavarilla zemmourensis,1
Eurypterid 2,Bavarilla sp.,1
Eurypterid 2,Colpocoryphe thorali,1
Eurypterid 2,Colpocoryphe pradesensis,1
Eurypterid 2,Pharostoma sp.,1
Eurypterid 2,Pharostomina sp. ,1
Eurypterid 2,Agerina quadrata,1
Eurypterid 2,Geragnostus aff. occitanus,1
Eurypterid 2,Geragnostus sp.,1
Eurypterid 2,Beltella sp.,1
Eurypterid 2,Ampyx priscus,1
Eurypterid 2,Ampyx cf. priscus,1
Eurypterid 2,Ceraurinella? sp.,1
Eurypterid 2,Megalaspidella sp.,1
Eurypterid 2,Platycoryphe sp.,1
Eurypterid 2,Parabathycheilus gallicus,1
Eurypterid 2,Nileus deynouxi,1
Eurypterid 2,Hospes sp.,1
Eurypterid 2,Ogygiocaris sp.,1
Eurypterid 2,Ormathops clariondi,1
Eurypterid 2,cf. Niobella sp.,1
Eurypterid 2,Somasteroid indet. n. sp. 1,1
Eurypterid 2,Somasteroid indet. n. sp. 2,1
Eurypterid 2,Somasteroid indet. n. sp. 3,1
Eurypterid 2,Somasteroid indet.,1
Eurypterid 2,undet. Asteroidea,1
Eurypterid 2,Palaeosphaeronites sp.,1
Eurypterid 2,Palaeosphaeronites? prokopi,1
Eurypterid 2,Aristocystites cf. bohemicus (sinuous?),1
Eurypterid 2,Aristocystites sp.,1
Eurypterid 2,Ascocystites? sp.,1
Eurypterid 2,Balantiocystis regnelli,1
Eurypterid 2,Balantiocystis sp.,1
Eurypterid 2,Rhopalocystis sp.,1
Eurypterid 2,Rhopalocystis dehirensis,1
Eurypterid 2,Rhopalocystis destombesi,1
Eurypterid 2,Rhopalocystis fraga,1
Eurypterid 2,Rhopalocystis grandis,1
Eurypterid 2,Rhopalocystis havliceki,1
Eurypterid 2,Rhopalocystis lehmani,1
Eurypterid 2,Rhopalocystis zagoraensis,1
Eurypterid 2,Rhopalocystis sp. A,1
Eurypterid 2,Rhopalocystis sp. B,1
Eurypterid 2,Rhopalocystis sp. C,1
Eurypterid 2,cf. Rhopalocystis,1
Eurypterid 2,Lingulocystis aff. deani,1
Eurypterid 2,Lingulocystis elongata,1
Eurypterid 2,cf. Pareocrinus,1
Eurypterid 2,Eocrinoidea indet. sp. 1,1
Eurypterid 2,Eocrinoidea indet. sp. 2,1
Eurypterid 2,Eocrinoidea indet.,1
Eurypterid 2,Ramseyocrinus sp.,1
Eurypterid 2,Crinoid 2,1
Eurypterid 2,Aethocrinus cf. moorei,1
Eurypterid 2,Iocrinus n. sp.,1
Eurypterid 2,Cystoidea?/undet. Cystoidea,1
Eurypterid 2,Argodiscus espilezorum,1
Eurypterid 2,Anedriophus moroccoensis,1
Eurypterid 2,Rhenopyrgid indet.,1
Eurypterid 2,Ampelocarpus sp.,1
Eurypterid 2,Amygdalotheca griffei,1
Eurypterid 2,Anatifopsis escandei,1
Eurypterid 2,Anatifopsis trapeziiformis,1
Eurypterid 2,Anatifopsis sp.,1
Eurypterid 2,"Anomalocystid n. gen., n. sp. ",1
Eurypterid 2,Aspidocarpus sp.,1
Eurypterid 2,Arauricystis? sp.,1
Eurypterid 2,Balanocystites primus,1
Eurypterid 2,Bohemiaecystis,1
Eurypterid 2,Chauvelicystis ubaghsi,1
Eurypterid 2,Chauvelicystis spinosa,1
Eurypterid 2,Chauvelicystis vizcainoi,1
Eurypterid 2,Chauvelicystis sp.,1
Eurypterid 2,"Chauvelicystid n. gen., n. sp. 1",1
Eurypterid 2,"Chauvelicystid n. gen., n. sp. 2",1
Eurypterid 2,Chinianocarpos sp.,1
Eurypterid 2,"Cornuta n. gen. 1, n. sp.",1
Eurypterid 2,"Cornuta n. gen. 2, n. sp.",1
Eurypterid 2,Flabellicarpus rushtoni,1
Eurypterid 2,Flabellicarpus?,1
Eurypterid 2,Galliaecystis n. sp.,1
Eurypterid 2,Galliaecystis ubaghsi,1
Eurypterid 2,Hanusia n. sp.,1
Eurypterid 2,Lagynocystis pyramidalis,1
Eurypterid 2,Kirkocystidae?,1
Eurypterid 2,Lyricocarpus courtessolei,1
Eurypterid 2,Milonicystis sp.,1
Eurypterid 2,Mitrocystitid indet. cf. Ovocarpus,1
Eurypterid 2,Nanocarpus cf. dolambii,1
Eurypterid 2,Phyllocystis blayaci,1
Eurypterid 2,Phyllocystis sp.,1
Eurypterid 2,Procothurnocystis n. sp.,1
Eurypterid 2,Prokopicystis sp.,1
Eurypterid 2,Thoralicystis zagoraensis,1
Eurypterid 2,Thoralicystis n. sp.,1
Eurypterid 2,Vizcainocarpus sp.,1
Eurypterid 2,Cothurnocystid indetl.,1
Eurypterid 2,Hanusiid indet.,1
Eurypterid 2,Peltocystis cornuta,1
Eurypterid 2,Scotiaevystis? sp.,1
Eurypterid 2,Macrocystella sp.,1
Eurypterid 2,Macrocystella bohemica,1
Eurypterid 2,Macrocystella cf. mariae,1
Eurypterid 2,Macrocystella tasseftensis,1
Eurypterid 2,undet. Ophiuroidea,1
Eurypterid 2,Clonograptus rigidus,1
Eurypterid 2,Clonograptus flexibilis,1
Eurypterid 2,Clonograptus flexilis,1
Eurypterid 2,Clonograptus persistens,1
Eurypterid 2,Clonograptus multiplex,1
Eurypterid 2,Didymograptus cf. arcuatus,1
Eurypterid 2,Didymograptus deflexus,1
Eurypterid 2,Didymograptus extensus,1
Eurypterid 2,Didymograptus v-fractus,1
Eurypterid 2,Didymograptus intendus,1
Eurypterid 2,Didymograptus pennatulus,1
Eurypterid 2,Didymograptus nanus,1
Eurypterid 2,Didymograptus nitidus,1
Eurypterid 2,Didymograptus patulus,1
Eurypterid 2,Didymograptus sparsus,1
Eurypterid 2,"""Didymograptus sp. 1""",1
Eurypterid 2,Didymograptus sp.,1
Eurypterid 2,Didymograptid indet.,1
Eurypterid 2,Dichograptidae?,1
Eurypterid 2,Hunnegraptus copiosus,1
Eurypterid 2, 'Kiaerograptus' supremus,1
Eurypterid 2,Koremagraptus sp.,1
Eurypterid 2,Paradelograptus norvegicus,1
Eurypterid 2,Paradelograptus tenuis,1
Eurypterid 2,Paratemnograptus magnificus,1
Eurypterid 2,Tetragraptus cf. approximatus,1
Eurypterid 2,Tetragraptus quadribrachiatus,1
Eurypterid 2,Tetragraptus reclinatus,1
Eurypterid 2,Tetragraptus serra,1
Eurypterid 2,Tetragraptus tornquisti,1
Eurypterid 2, 'Tetragraptus' bulmani,1
Eurypterid 2,Tetragraptus sp.,1
Eurypterid 2,Araneograptus murrayi,1
Eurypterid 2,Dictyonema sp.,1
Eurypterid 2,Tuboid,1
Eurypterid 2,Anisograptus cf. matanensis,1
Eurypterid 2,Bryograptus divergens,1
Eurypterid 2,Bryograptus kjerulfi cumbrensis,1
Eurypterid 2,Bryograptus lapworthi,1
Eurypterid 2,Rhabdinopora flabelliforme cf. anglica,1
Eurypterid 2,Rhabdinopora flabelliforme flabelliforme,1
Eurypterid 2,Rhabdinopora flabelliforme multithecatum,1
Eurypterid 2,Rhabdinopora flabelliformis socialis,1
Eurypterid 2,Rhabdinopora flabelliformis canadenisis,1
Eurypterid 2,Rhabdinopora flabelliforme norvegicum,1
Eurypterid 2,Acrograptus nicholsoni,1
Eurypterid 2,Adelograptus sp.,1
Eurypterid 2,Azygograptus eivionicus,1
Eurypterid 2,Azygograptus sp.,1
Eurypterid 2,Etagraptus putillus,1
Eurypterid 2,Hermannograptus sp.,1
Eurypterid 2,Isograptus caduceus arcuatus,1
Eurypterid 2,Isograptus caduceus gracilis,1
Eurypterid 2,Isograptus furcula,1
Eurypterid 2,Pterograptus sp.,1
Eurypterid 2,Schizograptus sp.,1
Eurypterid 2,Temnograptus multiflex,1
Eurypterid 2,Temnograptus cf. noveboracensis,1
Eurypterid 2,Temnograptus ramulus,1
Eurypterid 2,Adelograptus tenellus,1
Eurypterid 2,Choristograptus louai,1
Eurypterid 2,Ancoragraptus bulmani,1
Eurypterid 2,?Cymatograptus protobalticus,1
Eurypterid 2,?Baltograptus jacksoni,1
Eurypterid 2,Baltograptus minutus,1
Eurypterid 2,Baltograptus deflexus,1
Eurypterid 2,?Baltograptus kurcki,1
Eurypterid 2,Expansograptus sp.,1
Eurypterid 2,Webbyites felix,1
Eurypterid 2,Rhabdopleura-like epibiont,1
Eurypterid 2,Drepanoistodus? cf. pervetus,1
Eurypterid 2,Drepanoistodus cf. forceps,1
Eurypterid 2,Acodus deltatus,1
Eurypterid 2,Cornuodus longibasis,1
Eurypterid 2,Drepanodus arcuatus,1
Eurypterid 2,Paltodus cf. inaequalis,1
Eurypterid 2,Parapaltodus aff. flexuosus,1
Eurypterid 2,Parapaltodus aff. simplicissimus,1
Eurypterid 2,Paroistodus cf. proteus,1
Eurypterid 2,Paroistodus cf. parallellus,1
Eurypterid 2,Periodon cf. selenopsis,1
Eurypterid 2,Periodon cf. primus,1
Eurypterid 2,Prioniodus sp.,1
Eurypterid 2,Prioniodus cf. gilberti,1
Eurypterid 2,Protopanderodus cf. leonardii,1
Eurypterid 2,Scalpellodus aff. gracilis,1
Eurypterid 2,Scolopodus aff. krummi,1
Eurypterid 2,Semiacontiodus sp.,1
Eurypterid 2,Semiacontiodus cf. cornuformis,1
Eurypterid 2,Stolodus cf. stola,1
Eurypterid 2,Tripodus sp.,1
Eurypterid 2,Tripodus aff. Laevis,1
Eurypterid 2,Tropodus sp.,1
Eurypterid 2,Tropodus cf. sweeti,1
Possible pycnogonid,Benthic detritus,1
Possible pycnogonid,Chaetocladid,1
Possible pycnogonid,Alga type 1,1
Possible pycnogonid,Alga type 2,1
Possible pycnogonid,Bryozoan,1
Xiphosurid,Chaetocladid,2
Xiphosurid,Alga type 1,2
Xiphosurid,Alga type 2,2
Xiphosurid,Bryozoan,1
Xiphosurid,Ctenodonta escosurae,1
Xiphosurid,Praenucula sp.,1
Xiphosurid,Redonia michelae,2
Xiphosurid,Coxiconchia guiraudi,2
Xiphosurid,Alococoncha?,1
Xiphosurid,Cardiolaria? sp.,1
Xiphosurid,Cienagomya? sp.,2
Xiphosurid,Ekaterodonta courtessolei,2
Xiphosurid,Glyptarca sp.,1
Xiphosurid,Pelecyogyra fezouataensis,1
Xiphosurid,Sinuites sp.,1
Xiphosurid,Lesueurilla prima,1
Xiphosurid,Carcassonnella courtessolei,2
Xiphosurid,Carcassonnella vizcainoi,2
Xiphosurid,Carcassonnella sp.,2
Xiphosurid,Ribeiria sp.,1
Xiphosurid,Tolmachovia?,1
Xiphosurid,Plumulites bengtsoni,1
Xiphosurid,Priapulid,1
Xiphosurid,Enosiaspis hrungnir,1
Xiphosurid, 'Synziphosurine'/Synziphosurina?,1
Xiphosurid,Tariccoia tazagurtensis,1
Xiphosurid,Ostracod,1
Xiphosurid,undet. Dikelocephalidae,1
Xiphosurid,undet. Illaenacea,1
Xiphosurid,Orometopus sp.,1
Xiphosurid,Agerina quadrata,1
Xiphosurid,Geragnostus aff. occitanus,1
Xiphosurid,Geragnostus sp.,1
Xiphosurid,Proetidae?,1
Xiphosurid,undet. Trinucleidae,1
Xiphosurid,Hospes sp.,1
Xiphosurid,Didymograptus cf. arcuatus,1
Xiphosurid,Didymograptus deflexus,1
Xiphosurid,Didymograptus extensus,1
Xiphosurid,Didymograptus v-fractus,1
Xiphosurid,Didymograptus intendus,1
Xiphosurid,Didymograptus pennatulus,1
Xiphosurid,Didymograptus nanus,1
Xiphosurid,Didymograptus nitidus,1
Xiphosurid,Didymograptus patulus,1
Xiphosurid,Didymograptus sparsus,1
Xiphosurid,"""Didymograptus sp. 1""",1
Xiphosurid,Didymograptus sp.,1
Xiphosurid,Didymograptid indet.,1
Xiphosurid,Koremagraptus sp.,1
Xiphosurid,Dictyonema sp.,1
Xiphosurid,Tuboid,1
Xiphosurid,?Cymatograptus protobalticus,1
Xiphosurid,Webbyites felix,1
Xiphosurid,Rhabdopleura-like epibiont,1
Xiphosurid,Hyolithes sp.,1
Possible helmetiid,suspended organic matter,1
Possible helmetiid,Benthic detritus,1
Possible helmetiid,Zooplankton,1
Possible retifaciid,Benthic detritus,2
Possible retifaciid,Archaeoconularia sp.,1
Possible retifaciid,Eoconularia sp.,1
Possible retifaciid,Sphenothallus sp. 1,1
Possible retifaciid,?Sphenothallus sp. 2,1
Possible retifaciid,Bryozoan,1
Possible retifaciid,Coxiconchia guiraudi,1
Possible retifaciid,Cienagomya? sp.,1
Possible retifaciid,Ekaterodonta courtessolei,1
Possible retifaciid,Glyptarca sp.,1
Possible retifaciid,Carcassonnella courtessolei,1
Possible retifaciid,Carcassonnella vizcainoi,1
Possible retifaciid,Carcassonnella sp.,1
Possible retifaciid,Priapulid,1
Possible retifaciid,Didymograptus cf. arcuatus,1
Possible retifaciid,Didymograptus deflexus,1
Possible retifaciid,Didymograptus extensus,1
Possible retifaciid,Didymograptus v-fractus,1
Possible retifaciid,Didymograptus intendus,1
Possible retifaciid,Didymograptus pennatulus,1
Possible retifaciid,Didymograptus nanus,1
Possible retifaciid,Didymograptus nitidus,1
Possible retifaciid,Didymograptus patulus,1
Possible retifaciid,Didymograptus sparsus,1
Possible retifaciid,"""Didymograptus sp. 1""",1
Possible retifaciid,Didymograptus sp.,1
Possible retifaciid,Didymograptid indet.,1
Possible retifaciid,Koremagraptus sp.,1
Possible retifaciid,Dictyonema sp.,1
Possible retifaciid,Tuboid,1
Possible retifaciid,?Cymatograptus protobalticus,1
Possible retifaciid,Webbyites felix,1
Possible retifaciid,Rhabdopleura-like epibiont,1
Possible retifaciid,Hyolithes sp.,1
Naraoiid,Benthic detritus,1
Naraoiid,Archaeoconularia sp.,1
Naraoiid,Eoconularia sp.,1
Naraoiid,Sphenothallus sp. 1,1
Naraoiid,?Sphenothallus sp. 2,1
Naraoiid,Bryozoan,1
Naraoiid,Wiwaxiid,1
Naraoiid,Calvapilosa kroegeri,1
Naraoiid,Plumulites bengtsoni,1
Naraoiid,Large plumulitid,1
Naraoiid,Possible phyllodocid,1
Naraoiid,Palaeoscolex cf. tenensis,1
Naraoiid,Priapulid,1
Naraoiid,Large taxon with spinose limbs,1
Naraoiid,Small taxon with spinose limbs,1
Naraoiid,Didymograptus cf. arcuatus,1
Naraoiid,Didymograptus deflexus,1
Naraoiid,Didymograptus extensus,1
Naraoiid,Didymograptus v-fractus,1
Naraoiid,Didymograptus intendus,1
Naraoiid,Didymograptus pennatulus,1
Naraoiid,Didymograptus nanus,1
Naraoiid,Didymograptus nitidus,1
Naraoiid,Didymograptus patulus,1
Naraoiid,Didymograptus sparsus,1
Naraoiid,"""Didymograptus sp. 1""",1
Naraoiid,Didymograptus sp.,1
Naraoiid,Didymograptid indet.,1
Naraoiid,Koremagraptus sp.,1
Naraoiid,Dictyonema sp.,1
Naraoiid,Tuboid,1
Naraoiid,?Cymatograptus protobalticus,1
Naraoiid,Webbyites felix,1
Naraoiid,Rhabdopleura-like epibiont,1
Tariccoita tazagurtensis,Benthic detritus,1
Tariccoita tazagurtensis,Archaeoconularia sp.,1
Tariccoita tazagurtensis,Eoconularia sp.,1
Tariccoita tazagurtensis,Sphenothallus sp. 1,1
Tariccoita tazagurtensis,?Sphenothallus sp. 2,1
Tariccoita tazagurtensis,Bryozoan,1
Tariccoita tazagurtensis,Wiwaxiid,1
Tariccoita tazagurtensis,Priapulid,1
Tariccoita tazagurtensis,Didymograptus cf. arcuatus,1
Tariccoita tazagurtensis,Didymograptus deflexus,1
Tariccoita tazagurtensis,Didymograptus extensus,1
Tariccoita tazagurtensis,Didymograptus v-fractus,1
Tariccoita tazagurtensis,Didymograptus intendus,1
Tariccoita tazagurtensis,Didymograptus pennatulus,1
Tariccoita tazagurtensis,Didymograptus nanus,1
Tariccoita tazagurtensis,Didymograptus nitidus,1
Tariccoita tazagurtensis,Didymograptus patulus,1
Tariccoita tazagurtensis,Didymograptus sparsus,1
Tariccoita tazagurtensis,"""Didymograptus sp. 1""",1
Tariccoita tazagurtensis,Didymograptus sp.,1
Tariccoita tazagurtensis,Didymograptid indet.,1
Tariccoita tazagurtensis,Koremagraptus sp.,1
Tariccoita tazagurtensis,Dictyonema sp.,1
Tariccoita tazagurtensis,Tuboid,1
Tariccoita tazagurtensis,?Cymatograptus protobalticus,1
Tariccoita tazagurtensis,Webbyites felix,1
Tariccoita tazagurtensis,Rhabdopleura-like epibiont,1
Chlupacaris? sp.,suspended organic matter,2
Chlupacaris? sp.,Benthic detritus,2
Chlupacaris? sp.,Zooplankton,1
Tremaglaspis sp.,suspended organic matter,2
Tremaglaspis sp.,Benthic detritus,2
Brachyaglaspis singularis,suspended organic matter,2
Brachyaglaspis singularis,Benthic detritus,2
Cheloniellid,Benthic detritus,1
Cheloniellid,Chaetocladid,2
Cheloniellid,Alga type 1,2
Cheloniellid,Alga type 2,2
Cheloniellid,Bryozoan,1
Cheloniellid,Ctenodonta escosurae,1
Cheloniellid,Praenucula sp.,1
Cheloniellid,Redonia michelae,2
Cheloniellid,Coxiconchia guiraudi,2
Cheloniellid,Alococoncha?,1
Cheloniellid,Cardiolaria? sp.,1
Cheloniellid,Cienagomya? sp.,2
Cheloniellid,Ekaterodonta courtessolei,2
Cheloniellid,Glyptarca sp.,1
Cheloniellid,Sinuites sp.,1
Cheloniellid,Lesueurilla prima,1
Cheloniellid,Carcassonnella courtessolei,2
Cheloniellid,Carcassonnella vizcainoi,2
Cheloniellid,Carcassonnella sp.,2
Cheloniellid,Ribeiria sp.,1
Cheloniellid,Priapulid,1
Cheloniellid,Enosiaspis hrungnir,1
Cheloniellid, 'Synziphosurine'/Synziphosurina?,2
Cheloniellid,Chasmataspidid,1
Cheloniellid,Tariccoia tazagurtensis,2
Cheloniellid,Phyllocarid,1
Cheloniellid,Ostracod,2
Cheloniellid,Lepadomorph barnacle,1
Cheloniellid,undet. Dikelocephalidae,2
Cheloniellid,undet. Illaenacea,2
Cheloniellid,Orometopus sp.,1
Cheloniellid,Cnemidopyge sp.,1
Cheloniellid,Toletanaspis aff. borni,1
Cheloniellid,Agerina quadrata,1
Cheloniellid,Geragnostus aff. occitanus,1
Cheloniellid,Geragnostus sp.,1
Cheloniellid,Ampyx priscus,1
Cheloniellid,Ampyx cf. priscus,1
Cheloniellid,Proetidae?,2
Cheloniellid,undet. Trinucleidae,2
Cheloniellid,Nileus deynouxi,1
Cheloniellid,Hospes sp.,1
Cheloniellid,Ogygiocaris sp.,1
Cheloniellid,cf. Niobella sp.,1
Cheloniellid,Didymograptus cf. arcuatus,1
Cheloniellid,Didymograptus deflexus,1
Cheloniellid,Didymograptus extensus,1
Cheloniellid,Didymograptus v-fractus,1
Cheloniellid,Didymograptus intendus,1
Cheloniellid,Didymograptus pennatulus,1
Cheloniellid,Didymograptus nanus,1
Cheloniellid,Didymograptus nitidus,1
Cheloniellid,Didymograptus patulus,1
Cheloniellid,Didymograptus sparsus,1
Cheloniellid,"""Didymograptus sp. 1""",1
Cheloniellid,Didymograptus sp.,1
Cheloniellid,Didymograptid indet.,1
Cheloniellid,Koremagraptus sp.,1
Cheloniellid,Dictyonema sp.,1
Cheloniellid,Tuboid,1
Cheloniellid,?Cymatograptus protobalticus,1
Cheloniellid,Webbyites felix,1
Cheloniellid,Rhabdopleura-like epibiont,1
Cheloniellid,Hyolithes sp.,1
Pseudoangustidontus duplospineus,Zooplankton,2
Pseudoangustidontus duplospineus,Clonograptus rigidus,1
Pseudoangustidontus duplospineus,Clonograptus flexibilis,1
Pseudoangustidontus duplospineus,Clonograptus flexilis,1
Pseudoangustidontus duplospineus,Clonograptus persistens,1
Pseudoangustidontus duplospineus,Clonograptus multiplex,1
Pseudoangustidontus duplospineus,Dichograptidae?,1
Pseudoangustidontus duplospineus,Hunnegraptus copiosus,1
Pseudoangustidontus duplospineus, 'Kiaerograptus' supremus,1
Pseudoangustidontus duplospineus,Paradelograptus norvegicus,1
Pseudoangustidontus duplospineus,Paradelograptus tenuis,1
Pseudoangustidontus duplospineus,Paratemnograptus magnificus,1
Pseudoangustidontus duplospineus,Tetragraptus cf. approximatus,1
Pseudoangustidontus duplospineus,Tetragraptus quadribrachiatus,1
Pseudoangustidontus duplospineus,Tetragraptus reclinatus,1
Pseudoangustidontus duplospineus,Tetragraptus serra,1
Pseudoangustidontus duplospineus,Tetragraptus tornquisti,1
Pseudoangustidontus duplospineus, 'Tetragraptus' bulmani,1
Pseudoangustidontus duplospineus,Tetragraptus sp.,1
Pseudoangustidontus duplospineus,Araneograptus murrayi,1
Pseudoangustidontus duplospineus,Anisograptus cf. matanensis,1
Pseudoangustidontus duplospineus,Bryograptus divergens,1
Pseudoangustidontus duplospineus,Bryograptus kjerulfi cumbrensis,1
Pseudoangustidontus duplospineus,Bryograptus lapworthi,1
Pseudoangustidontus duplospineus,Rhabdinopora flabelliforme cf. anglica,1
Pseudoangustidontus duplospineus,Rhabdinopora flabelliforme flabelliforme,1
Pseudoangustidontus duplospineus,Rhabdinopora flabelliforme multithecatum,1
Pseudoangustidontus duplospineus,Rhabdinopora flabelliformis socialis,1
Pseudoangustidontus duplospineus,Rhabdinopora flabelliformis canadenisis,1
Pseudoangustidontus duplospineus,Rhabdinopora flabelliforme norvegicum,1
Pseudoangustidontus duplospineus,Acrograptus nicholsoni,1
Pseudoangustidontus duplospineus,Adelograptus sp.,1
Pseudoangustidontus duplospineus,Azygograptus eivionicus,1
Pseudoangustidontus duplospineus,Azygograptus sp.,1
Pseudoangustidontus duplospineus,Etagraptus putillus,1
Pseudoangustidontus duplospineus,Hermannograptus sp.,1
Pseudoangustidontus duplospineus,Isograptus caduceus arcuatus,1
Pseudoangustidontus duplospineus,Isograptus caduceus gracilis,1
Pseudoangustidontus duplospineus,Isograptus furcula,1
Pseudoangustidontus duplospineus,Pterograptus sp.,1
Pseudoangustidontus duplospineus,Schizograptus sp.,1
Pseudoangustidontus duplospineus,Temnograptus multiflex,1
Pseudoangustidontus duplospineus,Temnograptus cf. noveboracensis,1
Pseudoangustidontus duplospineus,Temnograptus ramulus,1
Pseudoangustidontus duplospineus,Adelograptus tenellus,1
Pseudoangustidontus duplospineus,Choristograptus louai,1
Pseudoangustidontus duplospineus,Ancoragraptus bulmani,1
Pseudoangustidontus duplospineus,?Baltograptus jacksoni,1
Pseudoangustidontus duplospineus,Baltograptus minutus,1
Pseudoangustidontus duplospineus,Baltograptus deflexus,1
Pseudoangustidontus duplospineus,?Baltograptus kurcki,1
Pseudoangustidontus duplospineus,Expansograptus sp.,1
Pseudoangustidontus sp.,Zooplankton,2
Pseudoangustidontus sp.,Clonograptus rigidus,1
Pseudoangustidontus sp.,Clonograptus flexibilis,1
Pseudoangustidontus sp.,Clonograptus flexilis,1
Pseudoangustidontus sp.,Clonograptus persistens,1
Pseudoangustidontus sp.,Clonograptus multiplex,1
Pseudoangustidontus sp.,Dichograptidae?,1
Pseudoangustidontus sp.,Hunnegraptus copiosus,1
Pseudoangustidontus sp., 'Kiaerograptus' supremus,1
Pseudoangustidontus sp.,Paradelograptus norvegicus,1
Pseudoangustidontus sp.,Paradelograptus tenuis,1
Pseudoangustidontus sp.,Paratemnograptus magnificus,1
Pseudoangustidontus sp.,Tetragraptus cf. approximatus,1
Pseudoangustidontus sp.,Tetragraptus quadribrachiatus,1
Pseudoangustidontus sp.,Tetragraptus reclinatus,1
Pseudoangustidontus sp.,Tetragraptus serra,1
Pseudoangustidontus sp.,Tetragraptus tornquisti,1
Pseudoangustidontus sp., 'Tetragraptus' bulmani,1
Pseudoangustidontus sp.,Tetragraptus sp.,1
Pseudoangustidontus sp.,Araneograptus murrayi,1
Pseudoangustidontus sp.,Anisograptus cf. matanensis,1
Pseudoangustidontus sp.,Bryograptus divergens,1
Pseudoangustidontus sp.,Bryograptus kjerulfi cumbrensis,1
Pseudoangustidontus sp.,Bryograptus lapworthi,1
Pseudoangustidontus sp.,Rhabdinopora flabelliforme cf. anglica,1
Pseudoangustidontus sp.,Rhabdinopora flabelliforme flabelliforme,1
Pseudoangustidontus sp.,Rhabdinopora flabelliforme multithecatum,1
Pseudoangustidontus sp.,Rhabdinopora flabelliformis socialis,1
Pseudoangustidontus sp.,Rhabdinopora flabelliformis canadenisis,1
Pseudoangustidontus sp.,Rhabdinopora flabelliforme norvegicum,1
Pseudoangustidontus sp.,Acrograptus nicholsoni,1
Pseudoangustidontus sp.,Adelograptus sp.,1
Pseudoangustidontus sp.,Azygograptus eivionicus,1
Pseudoangustidontus sp.,Azygograptus sp.,1
Pseudoangustidontus sp.,Etagraptus putillus,1
Pseudoangustidontus sp.,Hermannograptus sp.,1
Pseudoangustidontus sp.,Isograptus caduceus arcuatus,1
Pseudoangustidontus sp.,Isograptus caduceus gracilis,1
Pseudoangustidontus sp.,Isograptus furcula,1
Pseudoangustidontus sp.,Pterograptus sp.,1
Pseudoangustidontus sp.,Schizograptus sp.,1
Pseudoangustidontus sp.,Temnograptus multiflex,1
Pseudoangustidontus sp.,Temnograptus cf. noveboracensis,1
Pseudoangustidontus sp.,Temnograptus ramulus,1
Pseudoangustidontus sp.,Adelograptus tenellus,1
Pseudoangustidontus sp.,Choristograptus louai,1
Pseudoangustidontus sp.,Ancoragraptus bulmani,1
Pseudoangustidontus sp.,?Baltograptus jacksoni,1
Pseudoangustidontus sp.,Baltograptus minutus,1
Pseudoangustidontus sp.,Baltograptus deflexus,1
Pseudoangustidontus sp.,?Baltograptus kurcki,1
Pseudoangustidontus sp.,Expansograptus sp.,1
Phyllocarid,suspended organic matter,1
Phyllocarid,Benthic detritus,1
Angustidontid,Ranorthis fasciata,1
Angustidontid,undet. Athyridida,1
Angustidontid,Acrothele sp.,1
Angustidontid,Plectorthis simplex,1
Angustidontid,Angusticardinia sp.,1
Angustidontid,Lingula salteri,1
Angustidontid,Orbithele vana,1
Angustidontid,Paurorthis tadristensis,1
Angustidontid,Tarfaya marocana,1
Angustidontid,Wosekella sp.,1
Angustidontid,Monobolina sp.,1
Angustidontid,Elliptoglossa sp.,1
Angustidontid,Celdobolus sp.,1
Angustidontid,Discinoidea?,1
Angustidontid,undet. Dalmanelloidea,1
Angustidontid,Babinka prima,1
Angustidontid,Ctenodonta escosurae,1
Angustidontid,Praenucula sp.,1
Angustidontid,Redonia michelae,1
Angustidontid,Coxiconchia guiraudi,1
Angustidontid,Alococoncha?,1
Angustidontid,Cardiolaria? sp.,1
Angustidontid,Cienagomya? sp.,1
Angustidontid,Ekaterodonta courtessolei,1
Angustidontid,Glyptarca sp.,1
Angustidontid,Pelecyogyra fezouataensis,1
Angustidontid,Sinuites sp.,1
Angustidontid,Lesueurilla prima,1
Angustidontid,undet. Platyceratoidea,1
Angustidontid,undet. Monoplacophora,1
Angustidontid,Thoralispira laevis,1
Angustidontid,Thoralispira? cf. occitana,1
Angustidontid,Carcassonnella courtessolei,1
Angustidontid,Carcassonnella vizcainoi,1
Angustidontid,Carcassonnella sp.,1
Angustidontid,Ribeiria sp.,1
Angustidontid,Tolmachovia?,1
Angustidontid,Wiwaxiid,1
Angustidontid,Halkieriid,1
Angustidontid,Helcionelloid,1
Angustidontid,Calvapilosa kroegeri,1
Angustidontid,Bactroceras sp.,1
Angustidontid,Bathmoceras taichoutense,1
Angustidontid,Destombesiceras zagorense,1
Angustidontid,Polymeres sp.,1
Angustidontid,Protocyptendoceras longicameratum,1
Angustidontid,Large taxon with spinose limbs,1
Angustidontid,Small taxon with spinose limbs,1
Angustidontid,Armoured lobopodian 1,1
Angustidontid,Armoured lobopodian 2,1
Angustidontid,Armoured lobopodian 3,1
Angustidontid,Diania-like lobopodian,1
Angustidontid,Furca sp. 1,1
Angustidontid,Furca sp. 2,1
Angustidontid,Furca sp. 3,1
Angustidontid,Enosiaspis hrungnir,1
Angustidontid,Leanchoilia sp.,1
Angustidontid,Possible waptiid,1
Angustidontid, 'Synziphosurine'/Synziphosurina?,1
Angustidontid,Chasmataspidid,1
Angustidontid,Possible pycnogonid,1
Angustidontid,Possible helmetiid,1
Angustidontid,Possible retifaciid,1
Angustidontid,Tariccoia tazagurtensis,1
Angustidontid,Chlupacaris? sp.,1
Angustidontid,Cheloniellid,1
Angustidontid,Phyllocarid,1
Angustidontid,Ostracod,1
Angustidontid,Lepadomorph barnacle,1
Angustidontid,Eoduslia,1
Angustidontid,Symphysurus sicardi,1
Angustidontid,Apatokephalus cf. incisus,1
Angustidontid,Dikelokephalina brenchleyi,1
Angustidontid,undet. Dikelocephalidae,1
Angustidontid,undet. Illaenacea,1
Angustidontid,Orometopus sp.,1
Angustidontid,Cnemidopyge sp.,1
Angustidontid,Parvilichas marochii,1
Angustidontid,Selenopeltis aff. Gallica,1
Angustidontid,Selenopeltis binodosa,1
Angustidontid,Selenopeltis sp. 1,1
Angustidontid,Selenopeltis sp. 2,1
Angustidontid,Foulonia peregrina,1
Angustidontid,Foulonia sp.,1
Angustidontid,Toletanaspis aff. borni,1
Angustidontid,undet. Dalmanitacea,1
Angustidontid,Bathycheilus gallicus,1
Angustidontid,Bavarilla aff. zemmourensis,1
Angustidontid,Bavarilla zemmourensis,1
Angustidontid,Bavarilla sp.,1
Angustidontid,Colpocoryphe thorali,1
Angustidontid,Colpocoryphe pradesensis,1
Angustidontid,Pharostoma sp.,1
Angustidontid,Pharostomina sp. ,1
Angustidontid,Agerina quadrata,1
Angustidontid,Geragnostus aff. occitanus,1
Angustidontid,Geragnostus sp.,1
Angustidontid,Beltella sp.,1
Angustidontid,Ampyx priscus,1
Angustidontid,Ampyx cf. priscus,1
Angustidontid,Ceraurinella? sp.,1
Angustidontid,Megalaspidella sp.,1
Angustidontid,Platycoryphe sp.,1
Angustidontid,Parabathycheilus gallicus,1
Angustidontid,Proetidae?,1
Angustidontid,undet. Trinucleidae,1
Angustidontid,Nileus deynouxi,1
Angustidontid,Hospes sp.,1
Angustidontid,Ogygiocaris sp.,1
Angustidontid,Ormathops clariondi,1
Angustidontid,Pterygometopus sp.,1
Angustidontid,Iberocoryphe sp.,1
Angustidontid,cf. Niobella sp.,1
Angustidontid,Somasteroid indet. n. sp. 1,1
Angustidontid,Somasteroid indet. n. sp. 2,1
Angustidontid,Somasteroid indet. n. sp. 3,1
Angustidontid,Somasteroid indet.,1
Angustidontid,undet. Asteroidea,1
Angustidontid,Palaeosphaeronites sp.,1
Angustidontid,Palaeosphaeronites? prokopi,1
Angustidontid,Aristocystites cf. bohemicus (sinuous?),1
Angustidontid,Aristocystites sp.,1
Angustidontid,Ascocystites? sp.,1
Angustidontid,Balantiocystis regnelli,1
Angustidontid,Balantiocystis sp.,1
Angustidontid,Rhopalocystis sp.,1
Angustidontid,Rhopalocystis dehirensis,1
Angustidontid,Rhopalocystis destombesi,1
Angustidontid,Rhopalocystis fraga,1
Angustidontid,Rhopalocystis grandis,1
Angustidontid,Rhopalocystis havliceki,1
Angustidontid,Rhopalocystis lehmani,1
Angustidontid,Rhopalocystis zagoraensis,1
Angustidontid,Rhopalocystis sp. A,1
Angustidontid,Rhopalocystis sp. B,1
Angustidontid,Rhopalocystis sp. C,1
Angustidontid,cf. Rhopalocystis,1
Angustidontid,Lingulocystis aff. deani,1
Angustidontid,Lingulocystis elongata,1
Angustidontid,cf. Pareocrinus,1
Angustidontid,Eocrinoidea indet. sp. 1,1
Angustidontid,Eocrinoidea indet. sp. 2,1
Angustidontid,Eocrinoidea indet.,1
Angustidontid,Ramseyocrinus sp.,1
Angustidontid,Crinoid 2,1
Angustidontid,Aethocrinus cf. moorei,1
Angustidontid,Iocrinus n. sp.,1
Angustidontid,Cystoidea?/undet. Cystoidea,1
Angustidontid,Argodiscus espilezorum,1
Angustidontid,Anedriophus moroccoensis,1
Angustidontid,Rhenopyrgid indet.,1
Angustidontid,Ampelocarpus sp.,1
Angustidontid,Amygdalotheca griffei,1
Angustidontid,Anatifopsis escandei,1
Angustidontid,Anatifopsis trapeziiformis,1
Angustidontid,Anatifopsis sp.,1
Angustidontid,"Anomalocystid n. gen., n. sp. ",1
Angustidontid,Aspidocarpus sp.,1
Angustidontid,Arauricystis? sp.,1
Angustidontid,Balanocystites primus,1
Angustidontid,Bohemiaecystis,1
Angustidontid,Chauvelicystis ubaghsi,1
Angustidontid,Chauvelicystis spinosa,1
Angustidontid,Chauvelicystis vizcainoi,1
Angustidontid,Chauvelicystis sp.,1
Angustidontid,"Chauvelicystid n. gen., n. sp. 1",1
Angustidontid,"Chauvelicystid n. gen., n. sp. 2",1
Angustidontid,Chinianocarpos sp.,1
Angustidontid,"Cornuta n. gen. 1, n. sp.",1
Angustidontid,"Cornuta n. gen. 2, n. sp.",1
Angustidontid,Flabellicarpus rushtoni,1
Angustidontid,Flabellicarpus?,1
Angustidontid,Galliaecystis n. sp.,1
Angustidontid,Galliaecystis ubaghsi,1
Angustidontid,Hanusia n. sp.,1
Angustidontid,Lagynocystis pyramidalis,1
Angustidontid,Kirkocystidae?,1
Angustidontid,Lyricocarpus courtessolei,1
Angustidontid,Milonicystis sp.,1
Angustidontid,Mitrocystitid indet. cf. Ovocarpus,1
Angustidontid,Nanocarpus cf. dolambii,1
Angustidontid,Phyllocystis blayaci,1
Angustidontid,Phyllocystis sp.,1
Angustidontid,Procothurnocystis n. sp.,1
Angustidontid,Prokopicystis sp.,1
Angustidontid,Thoralicystis zagoraensis,1
Angustidontid,Thoralicystis n. sp.,1
Angustidontid,Vizcainocarpus sp.,1
Angustidontid,Cothurnocystid indetl.,1
Angustidontid,Hanusiid indet.,1
Angustidontid,Peltocystis cornuta,1
Angustidontid,Scotiaevystis? sp.,1
Angustidontid,Macrocystella sp.,1
Angustidontid,Macrocystella bohemica,1
Angustidontid,Macrocystella cf. mariae,1
Angustidontid,Macrocystella tasseftensis,1
Angustidontid,undet. Ophiuroidea,1
Angustidontid,Clonograptus rigidus,1
Angustidontid,Clonograptus flexibilis,1
Angustidontid,Clonograptus flexilis,1
Angustidontid,Clonograptus persistens,1
Angustidontid,Clonograptus multiplex,1
Angustidontid,Didymograptus cf. arcuatus,1
Angustidontid,Didymograptus deflexus,1
Angustidontid,Didymograptus extensus,1
Angustidontid,Didymograptus v-fractus,1
Angustidontid,Didymograptus intendus,1
Angustidontid,Didymograptus pennatulus,1
Angustidontid,Didymograptus nanus,1
Angustidontid,Didymograptus nitidus,1
Angustidontid,Didymograptus patulus,1
Angustidontid,Didymograptus sparsus,1
Angustidontid,"""Didymograptus sp. 1""",1
Angustidontid,Didymograptus sp.,1
Angustidontid,Didymograptid indet.,1
Angustidontid,Dichograptidae?,1
Angustidontid,Hunnegraptus copiosus,1
Angustidontid, 'Kiaerograptus' supremus,1
Angustidontid,Koremagraptus sp.,1
Angustidontid,Paradelograptus norvegicus,1
Angustidontid,Paradelograptus tenuis,1
Angustidontid,Paratemnograptus magnificus,1
Angustidontid,Tetragraptus cf. approximatus,1
Angustidontid,Tetragraptus quadribrachiatus,1
Angustidontid,Tetragraptus reclinatus,1
Angustidontid,Tetragraptus serra,1
Angustidontid,Tetragraptus tornquisti,1
Angustidontid, 'Tetragraptus' bulmani,1
Angustidontid,Tetragraptus sp.,1
Angustidontid,Araneograptus murrayi,1
Angustidontid,Dictyonema sp.,1
Angustidontid,Tuboid,1
Angustidontid,Anisograptus cf. matanensis,1
Angustidontid,Bryograptus divergens,1
Angustidontid,Bryograptus kjerulfi cumbrensis,1
Angustidontid,Bryograptus lapworthi,1
Angustidontid,Rhabdinopora flabelliforme cf. anglica,1
Angustidontid,Rhabdinopora flabelliforme flabelliforme,1
Angustidontid,Rhabdinopora flabelliforme multithecatum,1
Angustidontid,Rhabdinopora flabelliformis socialis,1
Angustidontid,Rhabdinopora flabelliformis canadenisis,1
Angustidontid,Rhabdinopora flabelliforme norvegicum,1
Angustidontid,Acrograptus nicholsoni,1
Angustidontid,Adelograptus sp.,1
Angustidontid,Azygograptus eivionicus,1
Angustidontid,Azygograptus sp.,1
Angustidontid,Etagraptus putillus,1
Angustidontid,Hermannograptus sp.,1
Angustidontid,Isograptus caduceus arcuatus,1
Angustidontid,Isograptus caduceus gracilis,1
Angustidontid,Isograptus furcula,1
Angustidontid,Pterograptus sp.,1
Angustidontid,Schizograptus sp.,1
Angustidontid,Temnograptus multiflex,1
Angustidontid,Temnograptus cf. noveboracensis,1
Angustidontid,Temnograptus ramulus,1
Angustidontid,Adelograptus tenellus,1
Angustidontid,Choristograptus louai,1
Angustidontid,Ancoragraptus bulmani,1
Angustidontid,?Cymatograptus protobalticus,1
Angustidontid,?Baltograptus jacksoni,1
Angustidontid,Baltograptus minutus,1
Angustidontid,Baltograptus deflexus,1
Angustidontid,?Baltograptus kurcki,1
Angustidontid,Expansograptus sp.,1
Angustidontid,Webbyites felix,1
Angustidontid,Rhabdopleura-like epibiont,1
Angustidontid,Hyolithes sp.,1
Angustidontid,Pauxillites thaddei,1
Angustidontid,Drepanoistodus? cf. pervetus,1
Angustidontid,Drepanoistodus cf. forceps,1
Angustidontid,Acodus deltatus,1
Angustidontid,Cornuodus longibasis,1
Angustidontid,Drepanodus arcuatus,1
Angustidontid,Paltodus cf. inaequalis,1
Angustidontid,Parapaltodus aff. flexuosus,1
Angustidontid,Parapaltodus aff. simplicissimus,1
Angustidontid,Paroistodus cf. proteus,1
Angustidontid,Paroistodus cf. parallellus,1
Angustidontid,Periodon cf. selenopsis,1
Angustidontid,Periodon cf. primus,1
Angustidontid,Prioniodus sp.,1
Angustidontid,Prioniodus cf. gilberti,1
Angustidontid,Protopanderodus cf. leonardii,1
Angustidontid,Scalpellodus aff. gracilis,1
Angustidontid,Scolopodus aff. krummi,1
Angustidontid,Semiacontiodus sp.,1
Angustidontid,Semiacontiodus cf. cornuformis,1
Angustidontid,Stolodus cf. stola,1
Angustidontid,Tripodus sp.,1
Angustidontid,Tripodus aff. Laevis,1
Angustidontid,Tropodus sp.,1
Angustidontid,Tropodus cf. sweeti,1
Ostracod,suspended organic matter,1
Ostracod,Benthic detritus,1
Ostracod,Zooplankton,1
Lepadomorph barnacle,phytoplankton,2
Lepadomorph barnacle,suspended organic matter,2
Lepadomorph barnacle,Zooplankton,2
Eoduslia,Benthic detritus,1
Eoduslia,Archaeoconularia sp.,1
Eoduslia,Eoconularia sp.,1
Eoduslia,Sphenothallus sp. 1,1
Eoduslia,?Sphenothallus sp. 2,1
Eoduslia,Octocorallia?,1
Eoduslia,Ranorthis fasciata,1
Eoduslia,undet. Athyridida,1
Eoduslia,Lingula salteri,1
Eoduslia,Orbithele vana,1
Eoduslia,Wosekella sp.,1
Eoduslia,undet. Dalmanelloidea,1
Eoduslia,Ctenodonta escosurae,1
Eoduslia,Redonia michelae,1
Eoduslia,Coxiconchia guiraudi,1
Eoduslia,Cienagomya? sp.,1
Eoduslia,Ekaterodonta courtessolei,1
Eoduslia,Glyptarca sp.,1
Eoduslia,Carcassonnella courtessolei,1
Eoduslia,Carcassonnella vizcainoi,1
Eoduslia,Carcassonnella sp.,1
Eoduslia,Priapulid,1
Eoduslia,Enosiaspis hrungnir,1
Eoduslia, 'Synziphosurine'/Synziphosurina?,1
Eoduslia,Tariccoia tazagurtensis,1
Eoduslia,Ostracod,1
Eoduslia,undet. Dikelocephalidae,1
Eoduslia,undet. Illaenacea,1
Eoduslia,Orometopus sp.,1
Eoduslia,Agerina quadrata,1
Eoduslia,Geragnostus aff. occitanus,1
Eoduslia,Geragnostus sp.,1
Eoduslia,Proetidae?,1
Eoduslia,undet. Trinucleidae,1
Eoduslia,Hospes sp.,1
Eoduslia,Hyolithes sp.,1
Asaphellus stubbsi,Benthic detritus,1
Asaphellus stubbsi,Ranorthis fasciata,1
Asaphellus stubbsi,Acrothele sp.,1
Asaphellus stubbsi,Plectorthis simplex,1
Asaphellus stubbsi,Angusticardinia sp.,1
Asaphellus stubbsi,Paurorthis tadristensis,1
Asaphellus stubbsi,Tarfaya marocana,1
Asaphellus stubbsi,Monobolina sp.,1
Asaphellus stubbsi,Elliptoglossa sp.,1
Asaphellus stubbsi,Celdobolus sp.,1
Asaphellus stubbsi,Discinoidea?,1
Asaphellus stubbsi,undet. Dalmanelloidea,1
Asaphellus stubbsi,Babinka prima,1
Asaphellus stubbsi,Praenucula sp.,1
Asaphellus stubbsi,Redonia michelae,1
Asaphellus stubbsi,Alococoncha?,1
Asaphellus stubbsi,Cardiolaria? sp.,1
Asaphellus stubbsi,Pelecyogyra fezouataensis,1
Asaphellus stubbsi,Sinuites sp.,1
Asaphellus stubbsi,Lesueurilla prima,1
Asaphellus stubbsi,undet. Platyceratoidea,1
Asaphellus stubbsi,undet. Monoplacophora,1
Asaphellus stubbsi,Thoralispira laevis,1
Asaphellus stubbsi,Thoralispira? cf. occitana,1
Asaphellus stubbsi,Ribeiria sp.,1
Asaphellus stubbsi,Tolmachovia?,1
Asaphellus stubbsi,Wiwaxiid,1
Asaphellus stubbsi,Halkieriid,1
Asaphellus stubbsi,Helcionelloid,1
Asaphellus stubbsi,Calvapilosa kroegeri,1
Asaphellus stubbsi,Plumulites bengtsoni,2
Asaphellus stubbsi,Large plumulitid,2
Asaphellus stubbsi,Possible phyllodocid,2
Asaphellus stubbsi,Palaeoscolex cf. tenensis,2
Asaphellus stubbsi,Priapulid,2
Asaphellus stubbsi,Large taxon with spinose limbs,1
Asaphellus stubbsi,Small taxon with spinose limbs,1
Asaphellus stubbsi,Armoured lobopodian 1,1
Asaphellus stubbsi,Armoured lobopodian 2,1
Asaphellus stubbsi,Armoured lobopodian 3,1
Asaphellus stubbsi,Diania-like lobopodian,1
Asaphellus stubbsi,Furca sp. 1,1
Asaphellus stubbsi,Furca sp. 2,1
Asaphellus stubbsi,Furca sp. 3,1
Asaphellus stubbsi,Marrella sp.,1
Asaphellus stubbsi,Enosiaspis hrungnir,1
Asaphellus stubbsi,Possible waptiid,1
Asaphellus stubbsi,Chasmataspidid,1
Asaphellus stubbsi,Possible pycnogonid,1
Asaphellus stubbsi,Xiphosurid,1
Asaphellus stubbsi,Possible retifaciid,1
Asaphellus stubbsi,Chlupacaris? sp.,1
Asaphellus stubbsi,Tremaglaspis sp.,1
Asaphellus stubbsi,Brachyaglaspis singularis,1
Asaphellus stubbsi,Cheloniellid,1
Asaphellus stubbsi,Phyllocarid,1
Asaphellus stubbsi,Eoduslia,1
Asaphellus stubbsi,Asaphellus fezouataensis ,1
Asaphellus stubbsi,Asaphellus sp aff. jujuanus,1
Asaphellus stubbsi,Asaphellus tataensis,1
Asaphellus stubbsi,Asaphellus sp.,1
Asaphellus stubbsi,Kierarges morrisoni,1
Asaphellus stubbsi,Playpeltoides carmenae,1
Asaphellus stubbsi,Symphysurus sicardi,1
Asaphellus stubbsi,Symphysurus ebbestadi,1
Asaphellus stubbsi,Symphysurus sp.,1
Asaphellus stubbsi,Apatokephalus cf. incisus,1
Asaphellus stubbsi,Cnemidopyge sp.,1
Asaphellus stubbsi,Parvilichas marochii,1
Asaphellus stubbsi,Selenopeltis aff. Gallica,1
Asaphellus stubbsi,Selenopeltis binodosa,1
Asaphellus stubbsi,Selenopeltis sp. 1,1
Asaphellus stubbsi,Selenopeltis sp. 2,1
Asaphellus stubbsi,Harpides sp.,1
Asaphellus stubbsi,Foulonia peregrina,1
Asaphellus stubbsi,Foulonia sp.,1
Asaphellus stubbsi,Toletanaspis aff. borni,1
Asaphellus stubbsi,undet. Dalmanitacea,1
Asaphellus stubbsi,Bathycheilus gallicus,1
Asaphellus stubbsi,Bavarilla aff. zemmourensis,1
Asaphellus stubbsi,Bavarilla zemmourensis,1
Asaphellus stubbsi,Bavarilla sp.,1
Asaphellus stubbsi,Colpocoryphe thorali,1
Asaphellus stubbsi,Colpocoryphe pradesensis,1
Asaphellus stubbsi,Colpocoryphe sp.,1
Asaphellus stubbsi,Pharostoma sp.,1
Asaphellus stubbsi,Pharostomina sp. ,1
Asaphellus stubbsi,Prionocheilus aff. languedocensis,1
Asaphellus stubbsi,Prionocheilus sp.,1
Asaphellus stubbsi,Euloma sp.,1
Asaphellus stubbsi,Beltella sp.,1
Asaphellus stubbsi,Ampyx priscus,1
Asaphellus stubbsi,Ampyx cf. priscus,1
Asaphellus stubbsi,Ceraurinella? sp.,1
Asaphellus stubbsi,Megalaspidella sp.,1
Asaphellus stubbsi,Megistaspis (Ekeraspis) sp. indet.,1
Asaphellus stubbsi,Neseuretus cf. attenuatus,1
Asaphellus stubbsi,Neseuretus aff. attenuatus,1
Asaphellus stubbsi,Platycoryphe sp.,1
Asaphellus stubbsi,Parabathycheilus gallicus,1
Asaphellus stubbsi,Anacheirurus adserai,1
Asaphellus stubbsi,Eoharpes sp.,1
Asaphellus stubbsi,Ormathops clariondi,1
Asaphellus stubbsi,Pterygometopus sp.,1
Asaphellus stubbsi,Megalaspides? sp.,1
Asaphellus stubbsi,Iberocoryphe sp.,1
Asaphellus stubbsi,cf. Niobella sp.,1
Asaphellus stubbsi,Somasteroid indet. n. sp. 1,1
Asaphellus stubbsi,Somasteroid indet. n. sp. 2,1
Asaphellus stubbsi,Somasteroid indet. n. sp. 3,1
Asaphellus stubbsi,Somasteroid indet.,1
Asaphellus stubbsi,undet. Stelleroidea,1
Asaphellus stubbsi,Villebrunaster fezouataensis,1
Asaphellus stubbsi,Palaeosphaeronites sp.,1
Asaphellus stubbsi,Palaeosphaeronites? prokopi,1
Asaphellus stubbsi,Aristocystites cf. bohemicus (sinuous?),1
Asaphellus stubbsi,Aristocystites sp.,1
Asaphellus stubbsi,Ascocystites? sp.,1
Asaphellus stubbsi,Balantiocystis regnelli,1
Asaphellus stubbsi,Balantiocystis sp.,1
Asaphellus stubbsi,Rhopalocystis sp.,1
Asaphellus stubbsi,Rhopalocystis dehirensis,1
Asaphellus stubbsi,Rhopalocystis destombesi,1
Asaphellus stubbsi,Rhopalocystis fraga,1
Asaphellus stubbsi,Rhopalocystis grandis,1
Asaphellus stubbsi,Rhopalocystis havliceki,1
Asaphellus stubbsi,Rhopalocystis lehmani,1
Asaphellus stubbsi,Rhopalocystis zagoraensis,1
Asaphellus stubbsi,Rhopalocystis sp. A,1
Asaphellus stubbsi,Rhopalocystis sp. B,1
Asaphellus stubbsi,Rhopalocystis sp. C,1
Asaphellus stubbsi,cf. Rhopalocystis,1
Asaphellus stubbsi,Lingulocystis aff. deani,1
Asaphellus stubbsi,Lingulocystis elongata,1
Asaphellus stubbsi,cf. Pareocrinus,1
Asaphellus stubbsi,Eocrinoidea indet. sp. 1,1
Asaphellus stubbsi,Eocrinoidea indet. sp. 2,1
Asaphellus stubbsi,Eocrinoidea indet.,1
Asaphellus stubbsi,Ramseyocrinus sp.,1
Asaphellus stubbsi,Crinoid 2,1
Asaphellus stubbsi,Aethocrinus cf. moorei,1
Asaphellus stubbsi,Iocrinus n. sp.,1
Asaphellus stubbsi,Cystoidea?/undet. Cystoidea,1
Asaphellus stubbsi,Argodiscus espilezorum,1
Asaphellus stubbsi,Anedriophus moroccoensis,1
Asaphellus stubbsi,Rhenopyrgid indet.,1
Asaphellus stubbsi,Ampelocarpus sp.,1
Asaphellus stubbsi,Amygdalotheca griffei,1
Asaphellus stubbsi,Anatifopsis escandei,1
Asaphellus stubbsi,Anatifopsis trapeziiformis,1
Asaphellus stubbsi,Anatifopsis sp.,1
Asaphellus stubbsi,"Anomalocystid n. gen., n. sp. ",1
Asaphellus stubbsi,Aspidocarpus sp.,1
Asaphellus stubbsi,Balanocystites primus,1
Asaphellus stubbsi,Bohemiaecystis,1
Asaphellus stubbsi,Chauvelicystis ubaghsi,1
Asaphellus stubbsi,Chauvelicystis spinosa,1
Asaphellus stubbsi,Chauvelicystis vizcainoi,1
Asaphellus stubbsi,Chauvelicystis sp.,1
Asaphellus stubbsi,"Chauvelicystid n. gen., n. sp. 1",1
Asaphellus stubbsi,"Chauvelicystid n. gen., n. sp. 2",1
Asaphellus stubbsi,Chinianocarpos sp.,1
Asaphellus stubbsi,"Cornuta n. gen. 1, n. sp.",1
Asaphellus stubbsi,"Cornuta n. gen. 2, n. sp.",1
Asaphellus stubbsi,Flabellicarpus rushtoni,1
Asaphellus stubbsi,Flabellicarpus?,1
Asaphellus stubbsi,Galliaecystis n. sp.,1
Asaphellus stubbsi,Galliaecystis ubaghsi,1
Asaphellus stubbsi,Hanusia n. sp.,1
Asaphellus stubbsi,Lagynocystis pyramidalis,1
Asaphellus stubbsi,Lyricocarpus courtessolei,1
Asaphellus stubbsi,Milonicystis sp.,1
Asaphellus stubbsi,Mitrocystitid indet. cf. Ovocarpus,1
Asaphellus stubbsi,Nanocarpus cf. dolambii,1
Asaphellus stubbsi,Phyllocystis blayaci,1
Asaphellus stubbsi,Phyllocystis sp.,1
Asaphellus stubbsi,Procothurnocystis n. sp.,1
Asaphellus stubbsi,Prokopicystis sp.,1
Asaphellus stubbsi,Thoralicystis zagoraensis,1
Asaphellus stubbsi,Thoralicystis n. sp.,1
Asaphellus stubbsi,Vizcainocarpus sp.,1
Asaphellus stubbsi,Cothurnocystid indetl.,1
Asaphellus stubbsi,Hanusiid indet.,1
Asaphellus stubbsi,Macrocystella sp.,1
Asaphellus stubbsi,Macrocystella bohemica,1
Asaphellus stubbsi,Macrocystella cf. mariae,1
Asaphellus stubbsi,Macrocystella tasseftensis,1
Asaphellus stubbsi,cf. Castericystis,1
Asaphellus stubbsi,cf. Minervaecystis,1
Asaphellus stubbsi,Plasiacystis mobilis,1
Asaphellus stubbsi,Plasiacystis sp.,1
Asaphellus stubbsi,Nimchacystis agterbosi,1
Asaphellus stubbsi,undet. Ophiuroidea,1
Asaphellus stubbsi,Cavernolites senex,1
Asaphellus stubbsi,Elegantilites sp.,1
Asaphellus stubbsi,Gamalites? sp.,1
Asaphellus stubbsi,Gompholites sp.,1
Asaphellus stubbsi,Nephrotheca sp.,1
Asaphellus stubbsi,Pauxillites thaddei,1
Asaphellus stubbsi,Pauxillites sp.,1
Asaphellus cuervoae,Benthic detritus,1
Asaphellus cuervoae,Ranorthis fasciata,1
Asaphellus cuervoae,undet. Athyridida,1
Asaphellus cuervoae,Acrothele sp.,1
Asaphellus cuervoae,Plectorthis simplex,1
Asaphellus cuervoae,Angusticardinia sp.,1
Asaphellus cuervoae,Lingula salteri,1
Asaphellus cuervoae,Orbithele vana,1
Asaphellus cuervoae,Paurorthis tadristensis,1
Asaphellus cuervoae,Tarfaya marocana,1
Asaphellus cuervoae,Wosekella sp.,1
Asaphellus cuervoae,Monobolina sp.,1
Asaphellus cuervoae,Elliptoglossa sp.,1
Asaphellus cuervoae,Celdobolus sp.,1
Asaphellus cuervoae,Discinoidea?,1
Asaphellus cuervoae,undet. Dalmanelloidea,1
Asaphellus cuervoae,Bryozoan,1
Asaphellus cuervoae,Babinka prima,1
Asaphellus cuervoae,Ctenodonta escosurae,1
Asaphellus cuervoae,Praenucula sp.,1
Asaphellus cuervoae,Redonia michelae,1
Asaphellus cuervoae,Coxiconchia guiraudi,1
Asaphellus cuervoae,Alococoncha?,1
Asaphellus cuervoae,Cardiolaria? sp.,1
Asaphellus cuervoae,Cienagomya? sp.,1
Asaphellus cuervoae,Ekaterodonta courtessolei,1
Asaphellus cuervoae,Glyptarca sp.,1
Asaphellus cuervoae,Pelecyogyra fezouataensis,1
Asaphellus cuervoae,Sinuites sp.,1
Asaphellus cuervoae,Lesueurilla prima,1
Asaphellus cuervoae,undet. Platyceratoidea,1
Asaphellus cuervoae,undet. Monoplacophora,1
Asaphellus cuervoae,Thoralispira? cf. occitana,1
Asaphellus cuervoae,Carcassonnella courtessolei,1
Asaphellus cuervoae,Carcassonnella vizcainoi,1
Asaphellus cuervoae,Carcassonnella sp.,1
Asaphellus cuervoae,Ribeiria sp.,1
Asaphellus cuervoae,Tolmachovia?,1
Asaphellus cuervoae,Wiwaxiid,1
Asaphellus cuervoae,Halkieriid,1
Asaphellus cuervoae,Helcionelloid,1
Asaphellus cuervoae,Calvapilosa kroegeri,1
Asaphellus cuervoae,Possible phyllodocid,2
Asaphellus cuervoae,Palaeoscolex cf. tenensis,2
Asaphellus cuervoae,Priapulid,2
Asaphellus cuervoae,Large taxon with spinose limbs,1
Asaphellus cuervoae,Small taxon with spinose limbs,1
Asaphellus cuervoae,Armoured lobopodian 1,1
Asaphellus cuervoae,Armoured lobopodian 2,1
Asaphellus cuervoae,Armoured lobopodian 3,1
Asaphellus cuervoae,Diania-like lobopodian,1
Asaphellus cuervoae,Furca sp. 1,1
Asaphellus cuervoae,Furca sp. 2,1
Asaphellus cuervoae,Furca sp. 3,1
Asaphellus cuervoae,Enosiaspis hrungnir,1
Asaphellus cuervoae,Possible waptiid,1
Asaphellus cuervoae, 'Synziphosurine'/Synziphosurina?,1
Asaphellus cuervoae,Chasmataspidid,1
Asaphellus cuervoae,Possible pycnogonid,1
Asaphellus cuervoae,Possible retifaciid,1
Asaphellus cuervoae,Tariccoia tazagurtensis,1
Asaphellus cuervoae,Chlupacaris? sp.,1
Asaphellus cuervoae,Cheloniellid,1
Asaphellus cuervoae,Phyllocarid,1
Asaphellus cuervoae,Ostracod,1
Asaphellus cuervoae,Lepadomorph barnacle,1
Asaphellus cuervoae,Eoduslia,1
Asaphellus cuervoae,Apatokephalus cf. incisus,1
Asaphellus cuervoae,undet. Dikelocephalidae,1
Asaphellus cuervoae,undet. Illaenacea,1
Asaphellus cuervoae,Orometopus sp.,1
Asaphellus cuervoae,Cnemidopyge sp.,1
Asaphellus cuervoae,Parvilichas marochii,1
Asaphellus cuervoae,Selenopeltis sp. 1,1
Asaphellus cuervoae,Selenopeltis sp. 2,1
Asaphellus cuervoae,Foulonia peregrina,1
Asaphellus cuervoae,Foulonia sp.,1
Asaphellus cuervoae,Toletanaspis aff. borni,1
Asaphellus cuervoae,undet. Dalmanitacea,1
Asaphellus cuervoae,Bathycheilus gallicus,1
Asaphellus cuervoae,Bavarilla aff. zemmourensis,1
Asaphellus cuervoae,Bavarilla zemmourensis,1
Asaphellus cuervoae,Bavarilla sp.,1
Asaphellus cuervoae,Colpocoryphe thorali,1
Asaphellus cuervoae,Colpocoryphe pradesensis,1
Asaphellus cuervoae,Pharostoma sp.,1
Asaphellus cuervoae,Pharostomina sp. ,1
Asaphellus cuervoae,Agerina quadrata,1
Asaphellus cuervoae,Geragnostus aff. occitanus,1
Asaphellus cuervoae,Geragnostus sp.,1
Asaphellus cuervoae,Beltella sp.,1
Asaphellus cuervoae,Ampyx priscus,1
Asaphellus cuervoae,Ampyx cf. priscus,1
Asaphellus cuervoae,Ceraurinella? sp.,1
Asaphellus cuervoae,Platycoryphe sp.,1
Asaphellus cuervoae,Parabathycheilus gallicus,1
Asaphellus cuervoae,Proetidae?,1
Asaphellus cuervoae,undet. Trinucleidae,1
Asaphellus cuervoae,Eoharpes sp.,1
Asaphellus cuervoae,Nileus deynouxi,1
Asaphellus cuervoae,Hospes sp.,1
Asaphellus cuervoae,Ogygiocaris sp.,1
Asaphellus cuervoae,Pterygometopus sp.,1
Asaphellus cuervoae,Iberocoryphe sp.,1
Asaphellus cuervoae,cf. Niobella sp.,1
Asaphellus cuervoae,Somasteroid indet. n. sp. 1,1
Asaphellus cuervoae,Somasteroid indet. n. sp. 2,1
Asaphellus cuervoae,Somasteroid indet. n. sp. 3,1
Asaphellus cuervoae,Somasteroid indet.,1
Asaphellus cuervoae,undet. Asteroidea,1
Asaphellus cuervoae,Palaeosphaeronites sp.,1
Asaphellus cuervoae,Palaeosphaeronites? prokopi,1
Asaphellus cuervoae,Aristocystites cf. bohemicus (sinuous?),1
Asaphellus cuervoae,Aristocystites sp.,1
Asaphellus cuervoae,Balantiocystis regnelli,1
Asaphellus cuervoae,Balantiocystis sp.,1
Asaphellus cuervoae,Rhopalocystis sp.,1
Asaphellus cuervoae,Rhopalocystis dehirensis,1
Asaphellus cuervoae,Rhopalocystis destombesi,1
Asaphellus cuervoae,Rhopalocystis fraga,1
Asaphellus cuervoae,Rhopalocystis grandis,1
Asaphellus cuervoae,Rhopalocystis havliceki,1
Asaphellus cuervoae,Rhopalocystis lehmani,1
Asaphellus cuervoae,Rhopalocystis zagoraensis,1
Asaphellus cuervoae,Rhopalocystis sp. A,1
Asaphellus cuervoae,Rhopalocystis sp. B,1
Asaphellus cuervoae,Rhopalocystis sp. C,1
Asaphellus cuervoae,cf. Rhopalocystis,1
Asaphellus cuervoae,Lingulocystis aff. deani,1
Asaphellus cuervoae,Lingulocystis elongata,1
Asaphellus cuervoae,cf. Pareocrinus,1
Asaphellus cuervoae,Eocrinoidea indet. sp. 1,1
Asaphellus cuervoae,Eocrinoidea indet. sp. 2,1
Asaphellus cuervoae,Eocrinoidea indet.,1
Asaphellus cuervoae,Ramseyocrinus sp.,1
Asaphellus cuervoae,Crinoid 2,1
Asaphellus cuervoae,Aethocrinus cf. moorei,1
Asaphellus cuervoae,Iocrinus n. sp.,1
Asaphellus cuervoae,Cystoidea?/undet. Cystoidea,1
Asaphellus cuervoae,Argodiscus espilezorum,1
Asaphellus cuervoae,Anedriophus moroccoensis,1
Asaphellus cuervoae,Rhenopyrgid indet.,1
Asaphellus cuervoae,Ampelocarpus sp.,1
Asaphellus cuervoae,Amygdalotheca griffei,1
Asaphellus cuervoae,Anatifopsis escandei,1
Asaphellus cuervoae,Anatifopsis trapeziiformis,1
Asaphellus cuervoae,Anatifopsis sp.,1
Asaphellus cuervoae,"Anomalocystid n. gen., n. sp. ",1
Asaphellus cuervoae,Aspidocarpus sp.,1
Asaphellus cuervoae,Arauricystis? sp.,1
Asaphellus cuervoae,Balanocystites primus,1
Asaphellus cuervoae,Bohemiaecystis,1
Asaphellus cuervoae,Chauvelicystis ubaghsi,1
Asaphellus cuervoae,Chauvelicystis spinosa,1
Asaphellus cuervoae,Chauvelicystis vizcainoi,1
Asaphellus cuervoae,Chauvelicystis sp.,1
Asaphellus cuervoae,"Chauvelicystid n. gen., n. sp. 1",1
Asaphellus cuervoae,"Chauvelicystid n. gen., n. sp. 2",1
Asaphellus cuervoae,Chinianocarpos sp.,1
Asaphellus cuervoae,"Cornuta n. gen. 1, n. sp.",1
Asaphellus cuervoae,"Cornuta n. gen. 2, n. sp.",1
Asaphellus cuervoae,Flabellicarpus rushtoni,1
Asaphellus cuervoae,Flabellicarpus?,1
Asaphellus cuervoae,Galliaecystis n. sp.,1
Asaphellus cuervoae,Galliaecystis ubaghsi,1
Asaphellus cuervoae,Hanusia n. sp.,1
Asaphellus cuervoae,Lagynocystis pyramidalis,1
Asaphellus cuervoae,Kirkocystidae?,1
Asaphellus cuervoae,Lyricocarpus courtessolei,1
Asaphellus cuervoae,Milonicystis sp.,1
Asaphellus cuervoae,Mitrocystitid indet. cf. Ovocarpus,1
Asaphellus cuervoae,Nanocarpus cf. dolambii,1
Asaphellus cuervoae,Phyllocystis blayaci,1
Asaphellus cuervoae,Phyllocystis sp.,1
Asaphellus cuervoae,Procothurnocystis n. sp.,1
Asaphellus cuervoae,Prokopicystis sp.,1
Asaphellus cuervoae,Thoralicystis zagoraensis,1
Asaphellus cuervoae,Thoralicystis n. sp.,1
Asaphellus cuervoae,Vizcainocarpus sp.,1
Asaphellus cuervoae,Cothurnocystid indetl.,1
Asaphellus cuervoae,Hanusiid indet.,1
Asaphellus cuervoae,Peltocystis cornuta,1
Asaphellus cuervoae,Scotiaevystis? sp.,1
Asaphellus cuervoae,Macrocystella sp.,1
Asaphellus cuervoae,Macrocystella bohemica,1
Asaphellus cuervoae,Macrocystella cf. mariae,1
Asaphellus cuervoae,Macrocystella tasseftensis,1
Asaphellus cuervoae,undet. Ophiuroidea,1
Asaphellus cuervoae,Didymograptus cf. arcuatus,1
Asaphellus cuervoae,Didymograptus deflexus,1
Asaphellus cuervoae,Didymograptus extensus,1
Asaphellus cuervoae,Didymograptus v-fractus,1
Asaphellus cuervoae,Didymograptus intendus,1
Asaphellus cuervoae,Didymograptus pennatulus,1
Asaphellus cuervoae,Didymograptus nanus,1
Asaphellus cuervoae,Didymograptus nitidus,1
Asaphellus cuervoae,Didymograptus patulus,1
Asaphellus cuervoae,Didymograptus sparsus,1
Asaphellus cuervoae,"""Didymograptus sp. 1""",1
Asaphellus cuervoae,Didymograptus sp.,1
Asaphellus cuervoae,Didymograptid indet.,1
Asaphellus cuervoae,Koremagraptus sp.,1
Asaphellus cuervoae,Dictyonema sp.,1
Asaphellus cuervoae,Tuboid,1
Asaphellus cuervoae,?Cymatograptus protobalticus,1
Asaphellus cuervoae,Webbyites felix,1
Asaphellus cuervoae,Rhabdopleura-like epibiont,1
Asaphellus cuervoae,Gamalites? sp.,1
Asaphellus cuervoae,Gompholites sp.,1
Asaphellus cuervoae,Hyolithes sp.,1
Asaphellus cuervoae,Pauxillites thaddei,1
Asaphellus fezouataensis ,Benthic detritus,1
Asaphellus fezouataensis ,Ranorthis fasciata,1
Asaphellus fezouataensis ,undet. Athyridida,1
Asaphellus fezouataensis ,Acrothele sp.,1
Asaphellus fezouataensis ,Plectorthis simplex,1
Asaphellus fezouataensis ,Angusticardinia sp.,1
Asaphellus fezouataensis ,Lingula salteri,1
Asaphellus fezouataensis ,Orbithele vana,1
Asaphellus fezouataensis ,Paurorthis tadristensis,1
Asaphellus fezouataensis ,Tarfaya marocana,1
Asaphellus fezouataensis ,Wosekella sp.,1
Asaphellus fezouataensis ,Monobolina sp.,1
Asaphellus fezouataensis ,Elliptoglossa sp.,1
Asaphellus fezouataensis ,Celdobolus sp.,1
Asaphellus fezouataensis ,Discinoidea?,1
Asaphellus fezouataensis ,undet. Dalmanelloidea,1
Asaphellus fezouataensis ,Bryozoan,1
Asaphellus fezouataensis ,Babinka prima,1
Asaphellus fezouataensis ,Ctenodonta escosurae,1
Asaphellus fezouataensis ,Praenucula sp.,1
Asaphellus fezouataensis ,Redonia michelae,1
Asaphellus fezouataensis ,Coxiconchia guiraudi,1
Asaphellus fezouataensis ,Alococoncha?,1
Asaphellus fezouataensis ,Cardiolaria? sp.,1
Asaphellus fezouataensis ,Cienagomya? sp.,1
Asaphellus fezouataensis ,Ekaterodonta courtessolei,1
Asaphellus fezouataensis ,Glyptarca sp.,1
Asaphellus fezouataensis ,Pelecyogyra fezouataensis,1
Asaphellus fezouataensis ,Sinuites sp.,1
Asaphellus fezouataensis ,Lesueurilla prima,1
Asaphellus fezouataensis ,undet. Platyceratoidea,1
Asaphellus fezouataensis ,undet. Monoplacophora,1
Asaphellus fezouataensis ,Thoralispira? cf. occitana,1
Asaphellus fezouataensis ,Carcassonnella courtessolei,1
Asaphellus fezouataensis ,Carcassonnella vizcainoi,1
Asaphellus fezouataensis ,Carcassonnella sp.,1
Asaphellus fezouataensis ,Ribeiria sp.,1
Asaphellus fezouataensis ,Tolmachovia?,1
Asaphellus fezouataensis ,Wiwaxiid,1
Asaphellus fezouataensis ,Halkieriid,1
Asaphellus fezouataensis ,Helcionelloid,1
Asaphellus fezouataensis ,Calvapilosa kroegeri,1
Asaphellus fezouataensis ,Possible phyllodocid,2
Asaphellus fezouataensis ,Palaeoscolex cf. tenensis,2
Asaphellus fezouataensis ,Priapulid,2
Asaphellus fezouataensis ,Large taxon with spinose limbs,1
Asaphellus fezouataensis ,Small taxon with spinose limbs,1
Asaphellus fezouataensis ,Armoured lobopodian 1,1
Asaphellus fezouataensis ,Armoured lobopodian 2,1
Asaphellus fezouataensis ,Armoured lobopodian 3,1
Asaphellus fezouataensis ,Diania-like lobopodian,1
Asaphellus fezouataensis ,Furca sp. 1,1
Asaphellus fezouataensis ,Furca sp. 2,1
Asaphellus fezouataensis ,Furca sp. 3,1
Asaphellus fezouataensis ,Enosiaspis hrungnir,1
Asaphellus fezouataensis ,Possible waptiid,1
Asaphellus fezouataensis , 'Synziphosurine'/Synziphosurina?,1
Asaphellus fezouataensis ,Chasmataspidid,1
Asaphellus fezouataensis ,Possible pycnogonid,1
Asaphellus fezouataensis ,Possible retifaciid,1
Asaphellus fezouataensis ,Tariccoia tazagurtensis,1
Asaphellus fezouataensis ,Chlupacaris? sp.,1
Asaphellus fezouataensis ,Cheloniellid,1
Asaphellus fezouataensis ,Phyllocarid,1
Asaphellus fezouataensis ,Ostracod,1
Asaphellus fezouataensis ,Lepadomorph barnacle,1
Asaphellus fezouataensis ,Eoduslia,1
Asaphellus fezouataensis ,Apatokephalus cf. incisus,1
Asaphellus fezouataensis ,undet. Dikelocephalidae,1
Asaphellus fezouataensis ,undet. Illaenacea,1
Asaphellus fezouataensis ,Orometopus sp.,1
Asaphellus fezouataensis ,Cnemidopyge sp.,1
Asaphellus fezouataensis ,Parvilichas marochii,1
Asaphellus fezouataensis ,Selenopeltis sp. 1,1
Asaphellus fezouataensis ,Selenopeltis sp. 2,1
Asaphellus fezouataensis ,Foulonia peregrina,1
Asaphellus fezouataensis ,Foulonia sp.,1
Asaphellus fezouataensis ,Toletanaspis aff. borni,1
Asaphellus fezouataensis ,undet. Dalmanitacea,1
Asaphellus fezouataensis ,Bathycheilus gallicus,1
Asaphellus fezouataensis ,Bavarilla aff. zemmourensis,1
Asaphellus fezouataensis ,Bavarilla zemmourensis,1
Asaphellus fezouataensis ,Bavarilla sp.,1
Asaphellus fezouataensis ,Colpocoryphe thorali,1
Asaphellus fezouataensis ,Colpocoryphe pradesensis,1
Asaphellus fezouataensis ,Pharostoma sp.,1
Asaphellus fezouataensis ,Pharostomina sp. ,1
Asaphellus fezouataensis ,Agerina quadrata,1
Asaphellus fezouataensis ,Geragnostus aff. occitanus,1
Asaphellus fezouataensis ,Geragnostus sp.,1
Asaphellus fezouataensis ,Beltella sp.,1
Asaphellus fezouataensis ,Ampyx priscus,1
Asaphellus fezouataensis ,Ampyx cf. priscus,1
Asaphellus fezouataensis ,Ceraurinella? sp.,1
Asaphellus fezouataensis ,Platycoryphe sp.,1
Asaphellus fezouataensis ,Parabathycheilus gallicus,1
Asaphellus fezouataensis ,Proetidae?,1
Asaphellus fezouataensis ,undet. Trinucleidae,1
Asaphellus fezouataensis ,Eoharpes sp.,1
Asaphellus fezouataensis ,Nileus deynouxi,1
Asaphellus fezouataensis ,Hospes sp.,1
Asaphellus fezouataensis ,Ogygiocaris sp.,1
Asaphellus fezouataensis ,Pterygometopus sp.,1
Asaphellus fezouataensis ,Iberocoryphe sp.,1
Asaphellus fezouataensis ,cf. Niobella sp.,1
Asaphellus fezouataensis ,Somasteroid indet. n. sp. 1,1
Asaphellus fezouataensis ,Somasteroid indet. n. sp. 2,1
Asaphellus fezouataensis ,Somasteroid indet. n. sp. 3,1
Asaphellus fezouataensis ,Somasteroid indet.,1
Asaphellus fezouataensis ,undet. Asteroidea,1
Asaphellus fezouataensis ,Palaeosphaeronites sp.,1
Asaphellus fezouataensis ,Palaeosphaeronites? prokopi,1
Asaphellus fezouataensis ,Aristocystites cf. bohemicus (sinuous?),1
Asaphellus fezouataensis ,Aristocystites sp.,1
Asaphellus fezouataensis ,Balantiocystis regnelli,1
Asaphellus fezouataensis ,Balantiocystis sp.,1
Asaphellus fezouataensis ,Rhopalocystis sp.,1
Asaphellus fezouataensis ,Rhopalocystis dehirensis,1
Asaphellus fezouataensis ,Rhopalocystis destombesi,1
Asaphellus fezouataensis ,Rhopalocystis fraga,1
Asaphellus fezouataensis ,Rhopalocystis grandis,1
Asaphellus fezouataensis ,Rhopalocystis havliceki,1
Asaphellus fezouataensis ,Rhopalocystis lehmani,1
Asaphellus fezouataensis ,Rhopalocystis zagoraensis,1
Asaphellus fezouataensis ,Rhopalocystis sp. A,1
Asaphellus fezouataensis ,Rhopalocystis sp. B,1
Asaphellus fezouataensis ,Rhopalocystis sp. C,1
Asaphellus fezouataensis ,cf. Rhopalocystis,1
Asaphellus fezouataensis ,Lingulocystis aff. deani,1
Asaphellus fezouataensis ,Lingulocystis elongata,1
Asaphellus fezouataensis ,cf. Pareocrinus,1
Asaphellus fezouataensis ,Eocrinoidea indet. sp. 1,1
Asaphellus fezouataensis ,Eocrinoidea indet. sp. 2,1
Asaphellus fezouataensis ,Eocrinoidea indet.,1
Asaphellus fezouataensis ,Ramseyocrinus sp.,1
Asaphellus fezouataensis ,Crinoid 2,1
Asaphellus fezouataensis ,Aethocrinus cf. moorei,1
Asaphellus fezouataensis ,Iocrinus n. sp.,1
Asaphellus fezouataensis ,Cystoidea?/undet. Cystoidea,1
Asaphellus fezouataensis ,Argodiscus espilezorum,1
Asaphellus fezouataensis ,Anedriophus moroccoensis,1
Asaphellus fezouataensis ,Rhenopyrgid indet.,1
Asaphellus fezouataensis ,Ampelocarpus sp.,1
Asaphellus fezouataensis ,Amygdalotheca griffei,1
Asaphellus fezouataensis ,Anatifopsis escandei,1
Asaphellus fezouataensis ,Anatifopsis trapeziiformis,1
Asaphellus fezouataensis ,Anatifopsis sp.,1
Asaphellus fezouataensis ,"Anomalocystid n. gen., n. sp. ",1
Asaphellus fezouataensis ,Aspidocarpus sp.,1
Asaphellus fezouataensis ,Arauricystis? sp.,1
Asaphellus fezouataensis ,Balanocystites primus,1
Asaphellus fezouataensis ,Bohemiaecystis,1
Asaphellus fezouataensis ,Chauvelicystis ubaghsi,1
Asaphellus fezouataensis ,Chauvelicystis spinosa,1
Asaphellus fezouataensis ,Chauvelicystis vizcainoi,1
Asaphellus fezouataensis ,Chauvelicystis sp.,1
Asaphellus fezouataensis ,"Chauvelicystid n. gen., n. sp. 1",1
Asaphellus fezouataensis ,"Chauvelicystid n. gen., n. sp. 2",1
Asaphellus fezouataensis ,Chinianocarpos sp.,1
Asaphellus fezouataensis ,"Cornuta n. gen. 1, n. sp.",1
Asaphellus fezouataensis ,"Cornuta n. gen. 2, n. sp.",1
Asaphellus fezouataensis ,Flabellicarpus rushtoni,1
Asaphellus fezouataensis ,Flabellicarpus?,1
Asaphellus fezouataensis ,Galliaecystis n. sp.,1
Asaphellus fezouataensis ,Galliaecystis ubaghsi,1
Asaphellus fezouataensis ,Hanusia n. sp.,1
Asaphellus fezouataensis ,Lagynocystis pyramidalis,1
Asaphellus fezouataensis ,Kirkocystidae?,1
Asaphellus fezouataensis ,Lyricocarpus courtessolei,1
Asaphellus fezouataensis ,Milonicystis sp.,1
Asaphellus fezouataensis ,Mitrocystitid indet. cf. Ovocarpus,1
Asaphellus fezouataensis ,Nanocarpus cf. dolambii,1
Asaphellus fezouataensis ,Phyllocystis blayaci,1
Asaphellus fezouataensis ,Phyllocystis sp.,1
Asaphellus fezouataensis ,Procothurnocystis n. sp.,1
Asaphellus fezouataensis ,Prokopicystis sp.,1
Asaphellus fezouataensis ,Thoralicystis zagoraensis,1
Asaphellus fezouataensis ,Thoralicystis n. sp.,1
Asaphellus fezouataensis ,Vizcainocarpus sp.,1
Asaphellus fezouataensis ,Cothurnocystid indetl.,1
Asaphellus fezouataensis ,Hanusiid indet.,1
Asaphellus fezouataensis ,Peltocystis cornuta,1
Asaphellus fezouataensis ,Scotiaevystis? sp.,1
Asaphellus fezouataensis ,Macrocystella sp.,1
Asaphellus fezouataensis ,Macrocystella bohemica,1
Asaphellus fezouataensis ,Macrocystella cf. mariae,1
Asaphellus fezouataensis ,Macrocystella tasseftensis,1
Asaphellus fezouataensis ,undet. Ophiuroidea,1
Asaphellus fezouataensis ,Didymograptus cf. arcuatus,1
Asaphellus fezouataensis ,Didymograptus deflexus,1
Asaphellus fezouataensis ,Didymograptus extensus,1
Asaphellus fezouataensis ,Didymograptus v-fractus,1
Asaphellus fezouataensis ,Didymograptus intendus,1
Asaphellus fezouataensis ,Didymograptus pennatulus,1
Asaphellus fezouataensis ,Didymograptus nanus,1
Asaphellus fezouataensis ,Didymograptus nitidus,1
Asaphellus fezouataensis ,Didymograptus patulus,1
Asaphellus fezouataensis ,Didymograptus sparsus,1
Asaphellus fezouataensis ,"""Didymograptus sp. 1""",1
Asaphellus fezouataensis ,Didymograptus sp.,1
Asaphellus fezouataensis ,Didymograptid indet.,1
Asaphellus fezouataensis ,Koremagraptus sp.,1
Asaphellus fezouataensis ,Dictyonema sp.,1
Asaphellus fezouataensis ,Tuboid,1
Asaphellus fezouataensis ,?Cymatograptus protobalticus,1
Asaphellus fezouataensis ,Webbyites felix,1
Asaphellus fezouataensis ,Rhabdopleura-like epibiont,1
Asaphellus fezouataensis ,Gamalites? sp.,1
Asaphellus fezouataensis ,Gompholites sp.,1
Asaphellus fezouataensis ,Hyolithes sp.,1
Asaphellus fezouataensis ,Pauxillites thaddei,1
Asaphellus sp aff. jujuanus,Benthic detritus,1
Asaphellus sp aff. jujuanus,Ranorthis fasciata,1
Asaphellus sp aff. jujuanus,undet. Athyridida,1
Asaphellus sp aff. jujuanus,Acrothele sp.,1
Asaphellus sp aff. jujuanus,Plectorthis simplex,1
Asaphellus sp aff. jujuanus,Angusticardinia sp.,1
Asaphellus sp aff. jujuanus,Lingula salteri,1
Asaphellus sp aff. jujuanus,Orbithele vana,1
Asaphellus sp aff. jujuanus,Paurorthis tadristensis,1
Asaphellus sp aff. jujuanus,Tarfaya marocana,1
Asaphellus sp aff. jujuanus,Wosekella sp.,1
Asaphellus sp aff. jujuanus,Monobolina sp.,1
Asaphellus sp aff. jujuanus,Elliptoglossa sp.,1
Asaphellus sp aff. jujuanus,Celdobolus sp.,1
Asaphellus sp aff. jujuanus,Discinoidea?,1
Asaphellus sp aff. jujuanus,undet. Dalmanelloidea,1
Asaphellus sp aff. jujuanus,Bryozoan,1
Asaphellus sp aff. jujuanus,Ctenodonta escosurae,1
Asaphellus sp aff. jujuanus,Praenucula sp.,1
Asaphellus sp aff. jujuanus,Redonia michelae,1
Asaphellus sp aff. jujuanus,Coxiconchia guiraudi,1
Asaphellus sp aff. jujuanus,Alococoncha?,1
Asaphellus sp aff. jujuanus,Cardiolaria? sp.,1
Asaphellus sp aff. jujuanus,Cienagomya? sp.,1
Asaphellus sp aff. jujuanus,Ekaterodonta courtessolei,1
Asaphellus sp aff. jujuanus,Glyptarca sp.,1
Asaphellus sp aff. jujuanus,Sinuites sp.,1
Asaphellus sp aff. jujuanus,Lesueurilla prima,1
Asaphellus sp aff. jujuanus,undet. Platyceratoidea,1
Asaphellus sp aff. jujuanus,undet. Monoplacophora,1
Asaphellus sp aff. jujuanus,Carcassonnella courtessolei,1
Asaphellus sp aff. jujuanus,Carcassonnella vizcainoi,1
Asaphellus sp aff. jujuanus,Carcassonnella sp.,1
Asaphellus sp aff. jujuanus,Ribeiria sp.,1
Asaphellus sp aff. jujuanus,Wiwaxiid,1
Asaphellus sp aff. jujuanus,Helcionelloid,1
Asaphellus sp aff. jujuanus,Possible phyllodocid,2
Asaphellus sp aff. jujuanus,Priapulid,2
Asaphellus sp aff. jujuanus,Large taxon with spinose limbs,1
Asaphellus sp aff. jujuanus,Small taxon with spinose limbs,1
Asaphellus sp aff. jujuanus,Armoured lobopodian 1,1
Asaphellus sp aff. jujuanus,Armoured lobopodian 2,1
Asaphellus sp aff. jujuanus,Armoured lobopodian 3,1
Asaphellus sp aff. jujuanus,Diania-like lobopodian,1
Asaphellus sp aff. jujuanus,Furca sp. 1,1
Asaphellus sp aff. jujuanus,Furca sp. 2,1
Asaphellus sp aff. jujuanus,Furca sp. 3,1
Asaphellus sp aff. jujuanus,Enosiaspis hrungnir,1
Asaphellus sp aff. jujuanus, 'Synziphosurine'/Synziphosurina?,1
Asaphellus sp aff. jujuanus,Chasmataspidid,1
Asaphellus sp aff. jujuanus,Possible pycnogonid,1
Asaphellus sp aff. jujuanus,Possible retifaciid,1
Asaphellus sp aff. jujuanus,Tariccoia tazagurtensis,1
Asaphellus sp aff. jujuanus,Cheloniellid,1
Asaphellus sp aff. jujuanus,Phyllocarid,1
Asaphellus sp aff. jujuanus,Ostracod,1
Asaphellus sp aff. jujuanus,Lepadomorph barnacle,1
Asaphellus sp aff. jujuanus,Apatokephalus cf. incisus,1
Asaphellus sp aff. jujuanus,undet. Dikelocephalidae,1
Asaphellus sp aff. jujuanus,undet. Illaenacea,1
Asaphellus sp aff. jujuanus,Orometopus sp.,1
Asaphellus sp aff. jujuanus,Cnemidopyge sp.,1
Asaphellus sp aff. jujuanus,Toletanaspis aff. borni,1
Asaphellus sp aff. jujuanus,Bathycheilus gallicus,1
Asaphellus sp aff. jujuanus,Colpocoryphe thorali,1
Asaphellus sp aff. jujuanus,Agerina quadrata,1
Asaphellus sp aff. jujuanus,Geragnostus aff. occitanus,1
Asaphellus sp aff. jujuanus,Geragnostus sp.,1
Asaphellus sp aff. jujuanus,Ampyx priscus,1
Asaphellus sp aff. jujuanus,Ampyx cf. priscus,1
Asaphellus sp aff. jujuanus,Parabathycheilus gallicus,1
Asaphellus sp aff. jujuanus,Proetidae?,1
Asaphellus sp aff. jujuanus,undet. Trinucleidae,1
Asaphellus sp aff. jujuanus,Nileus deynouxi,1
Asaphellus sp aff. jujuanus,Hospes sp.,1
Asaphellus sp aff. jujuanus,Ogygiocaris sp.,1
Asaphellus sp aff. jujuanus,cf. Niobella sp.,1
Asaphellus sp aff. jujuanus,Somasteroid indet. n. sp. 1,1
Asaphellus sp aff. jujuanus,Somasteroid indet. n. sp. 2,1
Asaphellus sp aff. jujuanus,Somasteroid indet. n. sp. 3,1
Asaphellus sp aff. jujuanus,Somasteroid indet.,1
Asaphellus sp aff. jujuanus,undet. Asteroidea,1
Asaphellus sp aff. jujuanus,Palaeosphaeronites sp.,1
Asaphellus sp aff. jujuanus,Palaeosphaeronites? prokopi,1
Asaphellus sp aff. jujuanus,Aristocystites cf. bohemicus (sinuous?),1
Asaphellus sp aff. jujuanus,Aristocystites sp.,1
Asaphellus sp aff. jujuanus,Balantiocystis regnelli,1
Asaphellus sp aff. jujuanus,Balantiocystis sp.,1
Asaphellus sp aff. jujuanus,Rhopalocystis sp.,1
Asaphellus sp aff. jujuanus,Rhopalocystis dehirensis,1
Asaphellus sp aff. jujuanus,Rhopalocystis destombesi,1
Asaphellus sp aff. jujuanus,Rhopalocystis fraga,1
Asaphellus sp aff. jujuanus,Rhopalocystis grandis,1
Asaphellus sp aff. jujuanus,Rhopalocystis havliceki,1
Asaphellus sp aff. jujuanus,Rhopalocystis lehmani,1
Asaphellus sp aff. jujuanus,Rhopalocystis zagoraensis,1
Asaphellus sp aff. jujuanus,Rhopalocystis sp. A,1
Asaphellus sp aff. jujuanus,Rhopalocystis sp. B,1
Asaphellus sp aff. jujuanus,Rhopalocystis sp. C,1
Asaphellus sp aff. jujuanus,cf. Rhopalocystis,1
Asaphellus sp aff. jujuanus,Lingulocystis aff. deani,1
Asaphellus sp aff. jujuanus,Lingulocystis elongata,1
Asaphellus sp aff. jujuanus,cf. Pareocrinus,1
Asaphellus sp aff. jujuanus,Eocrinoidea indet. sp. 1,1
Asaphellus sp aff. jujuanus,Eocrinoidea indet. sp. 2,1
Asaphellus sp aff. jujuanus,Eocrinoidea indet.,1
Asaphellus sp aff. jujuanus,Ramseyocrinus sp.,1
Asaphellus sp aff. jujuanus,Crinoid 2,1
Asaphellus sp aff. jujuanus,Aethocrinus cf. moorei,1
Asaphellus sp aff. jujuanus,Iocrinus n. sp.,1
Asaphellus sp aff. jujuanus,Cystoidea?/undet. Cystoidea,1
Asaphellus sp aff. jujuanus,Argodiscus espilezorum,1
Asaphellus sp aff. jujuanus,Anedriophus moroccoensis,1
Asaphellus sp aff. jujuanus,Rhenopyrgid indet.,1
Asaphellus sp aff. jujuanus,Ampelocarpus sp.,1
Asaphellus sp aff. jujuanus,Amygdalotheca griffei,1
Asaphellus sp aff. jujuanus,Anatifopsis escandei,1
Asaphellus sp aff. jujuanus,Anatifopsis trapeziiformis,1
Asaphellus sp aff. jujuanus,Anatifopsis sp.,1
Asaphellus sp aff. jujuanus,"Anomalocystid n. gen., n. sp. ",1
Asaphellus sp aff. jujuanus,Aspidocarpus sp.,1
Asaphellus sp aff. jujuanus,Arauricystis? sp.,1
Asaphellus sp aff. jujuanus,Balanocystites primus,1
Asaphellus sp aff. jujuanus,Bohemiaecystis,1
Asaphellus sp aff. jujuanus,Chauvelicystis ubaghsi,1
Asaphellus sp aff. jujuanus,Chauvelicystis spinosa,1
Asaphellus sp aff. jujuanus,Chauvelicystis vizcainoi,1
Asaphellus sp aff. jujuanus,Chauvelicystis sp.,1
Asaphellus sp aff. jujuanus,"Chauvelicystid n. gen., n. sp. 1",1
Asaphellus sp aff. jujuanus,"Chauvelicystid n. gen., n. sp. 2",1
Asaphellus sp aff. jujuanus,Chinianocarpos sp.,1
Asaphellus sp aff. jujuanus,"Cornuta n. gen. 1, n. sp.",1
Asaphellus sp aff. jujuanus,"Cornuta n. gen. 2, n. sp.",1
Asaphellus sp aff. jujuanus,Flabellicarpus rushtoni,1
Asaphellus sp aff. jujuanus,Flabellicarpus?,1
Asaphellus sp aff. jujuanus,Galliaecystis n. sp.,1
Asaphellus sp aff. jujuanus,Galliaecystis ubaghsi,1
Asaphellus sp aff. jujuanus,Hanusia n. sp.,1
Asaphellus sp aff. jujuanus,Lagynocystis pyramidalis,1
Asaphellus sp aff. jujuanus,Kirkocystidae?,1
Asaphellus sp aff. jujuanus,Lyricocarpus courtessolei,1
Asaphellus sp aff. jujuanus,Milonicystis sp.,1
Asaphellus sp aff. jujuanus,Mitrocystitid indet. cf. Ovocarpus,1
Asaphellus sp aff. jujuanus,Nanocarpus cf. dolambii,1
Asaphellus sp aff. jujuanus,Phyllocystis blayaci,1
Asaphellus sp aff. jujuanus,Phyllocystis sp.,1
Asaphellus sp aff. jujuanus,Procothurnocystis n. sp.,1
Asaphellus sp aff. jujuanus,Prokopicystis sp.,1
Asaphellus sp aff. jujuanus,Thoralicystis zagoraensis,1
Asaphellus sp aff. jujuanus,Thoralicystis n. sp.,1
Asaphellus sp aff. jujuanus,Vizcainocarpus sp.,1
Asaphellus sp aff. jujuanus,Cothurnocystid indetl.,1
Asaphellus sp aff. jujuanus,Hanusiid indet.,1
Asaphellus sp aff. jujuanus,Peltocystis cornuta,1
Asaphellus sp aff. jujuanus,Scotiaevystis? sp.,1
Asaphellus sp aff. jujuanus,Macrocystella sp.,1
Asaphellus sp aff. jujuanus,Macrocystella bohemica,1
Asaphellus sp aff. jujuanus,Macrocystella cf. mariae,1
Asaphellus sp aff. jujuanus,Macrocystella tasseftensis,1
Asaphellus sp aff. jujuanus,undet. Ophiuroidea,1
Asaphellus sp aff. jujuanus,Didymograptus cf. arcuatus,1
Asaphellus sp aff. jujuanus,Didymograptus deflexus,1
Asaphellus sp aff. jujuanus,Didymograptus extensus,1
Asaphellus sp aff. jujuanus,Didymograptus v-fractus,1
Asaphellus sp aff. jujuanus,Didymograptus intendus,1
Asaphellus sp aff. jujuanus,Didymograptus pennatulus,1
Asaphellus sp aff. jujuanus,Didymograptus nanus,1
Asaphellus sp aff. jujuanus,Didymograptus nitidus,1
Asaphellus sp aff. jujuanus,Didymograptus patulus,1
Asaphellus sp aff. jujuanus,Didymograptus sparsus,1
Asaphellus sp aff. jujuanus,"""Didymograptus sp. 1""",1
Asaphellus sp aff. jujuanus,Didymograptus sp.,1
Asaphellus sp aff. jujuanus,Didymograptid indet.,1
Asaphellus sp aff. jujuanus,Koremagraptus sp.,1
Asaphellus sp aff. jujuanus,Dictyonema sp.,1
Asaphellus sp aff. jujuanus,Tuboid,1
Asaphellus sp aff. jujuanus,?Cymatograptus protobalticus,1
Asaphellus sp aff. jujuanus,Webbyites felix,1
Asaphellus sp aff. jujuanus,Rhabdopleura-like epibiont,1
Asaphellus sp aff. jujuanus,Hyolithes sp.,1
Asaphellus tataensis,Benthic detritus,1
Asaphellus tataensis,Ranorthis fasciata,1
Asaphellus tataensis,undet. Athyridida,1
Asaphellus tataensis,Acrothele sp.,1
Asaphellus tataensis,Plectorthis simplex,1
Asaphellus tataensis,Angusticardinia sp.,1
Asaphellus tataensis,Lingula salteri,1
Asaphellus tataensis,Orbithele vana,1
Asaphellus tataensis,Paurorthis tadristensis,1
Asaphellus tataensis,Tarfaya marocana,1
Asaphellus tataensis,Wosekella sp.,1
Asaphellus tataensis,Monobolina sp.,1
Asaphellus tataensis,Elliptoglossa sp.,1
Asaphellus tataensis,Celdobolus sp.,1
Asaphellus tataensis,Discinoidea?,1
Asaphellus tataensis,undet. Dalmanelloidea,1
Asaphellus tataensis,Bryozoan,1
Asaphellus tataensis,Ctenodonta escosurae,1
Asaphellus tataensis,Praenucula sp.,1
Asaphellus tataensis,Redonia michelae,1
Asaphellus tataensis,Coxiconchia guiraudi,1
Asaphellus tataensis,Alococoncha?,1
Asaphellus tataensis,Cardiolaria? sp.,1
Asaphellus tataensis,Cienagomya? sp.,1
Asaphellus tataensis,Ekaterodonta courtessolei,1
Asaphellus tataensis,Glyptarca sp.,1
Asaphellus tataensis,Sinuites sp.,1
Asaphellus tataensis,Lesueurilla prima,1
Asaphellus tataensis,undet. Platyceratoidea,1
Asaphellus tataensis,undet. Monoplacophora,1
Asaphellus tataensis,Carcassonnella courtessolei,1
Asaphellus tataensis,Carcassonnella vizcainoi,1
Asaphellus tataensis,Carcassonnella sp.,1
Asaphellus tataensis,Ribeiria sp.,1
Asaphellus tataensis,Tolmachovia?,1
Asaphellus tataensis,Wiwaxiid,1
Asaphellus tataensis,Halkieriid,1
Asaphellus tataensis,Helcionelloid,1
Asaphellus tataensis,Calvapilosa kroegeri,1
Asaphellus tataensis,Possible phyllodocid,2
Asaphellus tataensis,Palaeoscolex cf. tenensis,2
Asaphellus tataensis,Priapulid,2
Asaphellus tataensis,Large taxon with spinose limbs,1
Asaphellus tataensis,Small taxon with spinose limbs,1
Asaphellus tataensis,Armoured lobopodian 1,1
Asaphellus tataensis,Armoured lobopodian 2,1
Asaphellus tataensis,Armoured lobopodian 3,1
Asaphellus tataensis,Diania-like lobopodian,1
Asaphellus tataensis,Furca sp. 1,1
Asaphellus tataensis,Furca sp. 2,1
Asaphellus tataensis,Furca sp. 3,1
Asaphellus tataensis,Enosiaspis hrungnir,1
Asaphellus tataensis,Possible waptiid,1
Asaphellus tataensis, 'Synziphosurine'/Synziphosurina?,1
Asaphellus tataensis,Chasmataspidid,1
Asaphellus tataensis,Possible pycnogonid,1
Asaphellus tataensis,Possible retifaciid,1
Asaphellus tataensis,Tariccoia tazagurtensis,1
Asaphellus tataensis,Chlupacaris? sp.,1
Asaphellus tataensis,Cheloniellid,1
Asaphellus tataensis,Phyllocarid,1
Asaphellus tataensis,Ostracod,1
Asaphellus tataensis,Lepadomorph barnacle,1
Asaphellus tataensis,Eoduslia,1
Asaphellus tataensis,Apatokephalus cf. incisus,1
Asaphellus tataensis,undet. Dikelocephalidae,1
Asaphellus tataensis,undet. Illaenacea,1
Asaphellus tataensis,Orometopus sp.,1
Asaphellus tataensis,Cnemidopyge sp.,1
Asaphellus tataensis,Selenopeltis sp. 1,1
Asaphellus tataensis,Selenopeltis sp. 2,1
Asaphellus tataensis,Foulonia peregrina,1
Asaphellus tataensis,Foulonia sp.,1
Asaphellus tataensis,Toletanaspis aff. borni,1
Asaphellus tataensis,undet. Dalmanitacea,1
Asaphellus tataensis,Bathycheilus gallicus,1
Asaphellus tataensis,Bavarilla aff. zemmourensis,1
Asaphellus tataensis,Bavarilla zemmourensis,1
Asaphellus tataensis,Colpocoryphe thorali,1
Asaphellus tataensis,Colpocoryphe pradesensis,1
Asaphellus tataensis,Pharostoma sp.,1
Asaphellus tataensis,Pharostomina sp. ,1
Asaphellus tataensis,Agerina quadrata,1
Asaphellus tataensis,Geragnostus aff. occitanus,1
Asaphellus tataensis,Geragnostus sp.,1
Asaphellus tataensis,Beltella sp.,1
Asaphellus tataensis,Ampyx priscus,1
Asaphellus tataensis,Ampyx cf. priscus,1
Asaphellus tataensis,Parabathycheilus gallicus,1
Asaphellus tataensis,Proetidae?,1
Asaphellus tataensis,undet. Trinucleidae,1
Asaphellus tataensis,Eoharpes sp.,1
Asaphellus tataensis,Nileus deynouxi,1
Asaphellus tataensis,Hospes sp.,1
Asaphellus tataensis,Ogygiocaris sp.,1
Asaphellus tataensis,cf. Niobella sp.,1
Asaphellus tataensis,Somasteroid indet. n. sp. 1,1
Asaphellus tataensis,Somasteroid indet. n. sp. 2,1
Asaphellus tataensis,Somasteroid indet. n. sp. 3,1
Asaphellus tataensis,Somasteroid indet.,1
Asaphellus tataensis,undet. Asteroidea,1
Asaphellus tataensis,Palaeosphaeronites sp.,1
Asaphellus tataensis,Palaeosphaeronites? prokopi,1
Asaphellus tataensis,Aristocystites cf. bohemicus (sinuous?),1
Asaphellus tataensis,Aristocystites sp.,1
Asaphellus tataensis,Balantiocystis regnelli,1
Asaphellus tataensis,Balantiocystis sp.,1
Asaphellus tataensis,Rhopalocystis sp.,1
Asaphellus tataensis,Rhopalocystis dehirensis,1
Asaphellus tataensis,Rhopalocystis destombesi,1
Asaphellus tataensis,Rhopalocystis fraga,1
Asaphellus tataensis,Rhopalocystis grandis,1
Asaphellus tataensis,Rhopalocystis havliceki,1
Asaphellus tataensis,Rhopalocystis lehmani,1
Asaphellus tataensis,Rhopalocystis zagoraensis,1
Asaphellus tataensis,Rhopalocystis sp. A,1
Asaphellus tataensis,Rhopalocystis sp. B,1
Asaphellus tataensis,Rhopalocystis sp. C,1
Asaphellus tataensis,cf. Rhopalocystis,1
Asaphellus tataensis,Lingulocystis aff. deani,1
Asaphellus tataensis,Lingulocystis elongata,1
Asaphellus tataensis,cf. Pareocrinus,1
Asaphellus tataensis,Eocrinoidea indet. sp. 1,1
Asaphellus tataensis,Eocrinoidea indet. sp. 2,1
Asaphellus tataensis,Eocrinoidea indet.,1
Asaphellus tataensis,Ramseyocrinus sp.,1
Asaphellus tataensis,Crinoid 2,1
Asaphellus tataensis,Aethocrinus cf. moorei,1
Asaphellus tataensis,Iocrinus n. sp.,1
Asaphellus tataensis,Cystoidea?/undet. Cystoidea,1
Asaphellus tataensis,Argodiscus espilezorum,1
Asaphellus tataensis,Anedriophus moroccoensis,1
Asaphellus tataensis,Rhenopyrgid indet.,1
Asaphellus tataensis,Ampelocarpus sp.,1
Asaphellus tataensis,Amygdalotheca griffei,1
Asaphellus tataensis,Anatifopsis escandei,1
Asaphellus tataensis,Anatifopsis trapeziiformis,1
Asaphellus tataensis,Anatifopsis sp.,1
Asaphellus tataensis,"Anomalocystid n. gen., n. sp. ",1
Asaphellus tataensis,Aspidocarpus sp.,1
Asaphellus tataensis,Arauricystis? sp.,1
Asaphellus tataensis,Balanocystites primus,1
Asaphellus tataensis,Bohemiaecystis,1
Asaphellus tataensis,Chauvelicystis ubaghsi,1
Asaphellus tataensis,Chauvelicystis spinosa,1
Asaphellus tataensis,Chauvelicystis vizcainoi,1
Asaphellus tataensis,Chauvelicystis sp.,1
Asaphellus tataensis,"Chauvelicystid n. gen., n. sp. 1",1
Asaphellus tataensis,"Chauvelicystid n. gen., n. sp. 2",1
Asaphellus tataensis,Chinianocarpos sp.,1
Asaphellus tataensis,"Cornuta n. gen. 1, n. sp.",1
Asaphellus tataensis,"Cornuta n. gen. 2, n. sp.",1
Asaphellus tataensis,Flabellicarpus rushtoni,1
Asaphellus tataensis,Flabellicarpus?,1
Asaphellus tataensis,Galliaecystis n. sp.,1
Asaphellus tataensis,Galliaecystis ubaghsi,1
Asaphellus tataensis,Hanusia n. sp.,1
Asaphellus tataensis,Lagynocystis pyramidalis,1
Asaphellus tataensis,Kirkocystidae?,1
Asaphellus tataensis,Lyricocarpus courtessolei,1
Asaphellus tataensis,Milonicystis sp.,1
Asaphellus tataensis,Mitrocystitid indet. cf. Ovocarpus,1
Asaphellus tataensis,Nanocarpus cf. dolambii,1
Asaphellus tataensis,Phyllocystis blayaci,1
Asaphellus tataensis,Phyllocystis sp.,1
Asaphellus tataensis,Procothurnocystis n. sp.,1
Asaphellus tataensis,Prokopicystis sp.,1
Asaphellus tataensis,Thoralicystis zagoraensis,1
Asaphellus tataensis,Thoralicystis n. sp.,1
Asaphellus tataensis,Vizcainocarpus sp.,1
Asaphellus tataensis,Cothurnocystid indetl.,1
Asaphellus tataensis,Hanusiid indet.,1
Asaphellus tataensis,Peltocystis cornuta,1
Asaphellus tataensis,Scotiaevystis? sp.,1
Asaphellus tataensis,Macrocystella sp.,1
Asaphellus tataensis,Macrocystella bohemica,1
Asaphellus tataensis,Macrocystella cf. mariae,1
Asaphellus tataensis,Macrocystella tasseftensis,1
Asaphellus tataensis,undet. Ophiuroidea,1
Asaphellus tataensis,Didymograptus cf. arcuatus,1
Asaphellus tataensis,Didymograptus deflexus,1
Asaphellus tataensis,Didymograptus extensus,1
Asaphellus tataensis,Didymograptus v-fractus,1
Asaphellus tataensis,Didymograptus intendus,1
Asaphellus tataensis,Didymograptus pennatulus,1
Asaphellus tataensis,Didymograptus nanus,1
Asaphellus tataensis,Didymograptus nitidus,1
Asaphellus tataensis,Didymograptus patulus,1
Asaphellus tataensis,Didymograptus sparsus,1
Asaphellus tataensis,"""Didymograptus sp. 1""",1
Asaphellus tataensis,Didymograptus sp.,1
Asaphellus tataensis,Didymograptid indet.,1
Asaphellus tataensis,Koremagraptus sp.,1
Asaphellus tataensis,Dictyonema sp.,1
Asaphellus tataensis,Tuboid,1
Asaphellus tataensis,?Cymatograptus protobalticus,1
Asaphellus tataensis,Webbyites felix,1
Asaphellus tataensis,Rhabdopleura-like epibiont,1
Asaphellus tataensis,Hyolithes sp.,1
Asaphellus tataensis,Pauxillites thaddei,1
Asaphellus sp.,Benthic detritus,1
Asaphellus sp.,Ranorthis fasciata,1
Asaphellus sp.,undet. Athyridida,1
Asaphellus sp.,Acrothele sp.,1
Asaphellus sp.,Plectorthis simplex,1
Asaphellus sp.,Angusticardinia sp.,1
Asaphellus sp.,Lingula salteri,1
Asaphellus sp.,Orbithele vana,1
Asaphellus sp.,Paurorthis tadristensis,1
Asaphellus sp.,Tarfaya marocana,1
Asaphellus sp.,Wosekella sp.,1
Asaphellus sp.,Monobolina sp.,1
Asaphellus sp.,Elliptoglossa sp.,1
Asaphellus sp.,Celdobolus sp.,1
Asaphellus sp.,Discinoidea?,1
Asaphellus sp.,undet. Dalmanelloidea,1
Asaphellus sp.,Bryozoan,1
Asaphellus sp.,Ctenodonta escosurae,1
Asaphellus sp.,Praenucula sp.,1
Asaphellus sp.,Redonia michelae,1
Asaphellus sp.,Coxiconchia guiraudi,1
Asaphellus sp.,Alococoncha?,1
Asaphellus sp.,Cardiolaria? sp.,1
Asaphellus sp.,Cienagomya? sp.,1
Asaphellus sp.,Ekaterodonta courtessolei,1
Asaphellus sp.,Glyptarca sp.,1
Asaphellus sp.,Sinuites sp.,1
Asaphellus sp.,Lesueurilla prima,1
Asaphellus sp.,undet. Platyceratoidea,1
Asaphellus sp.,undet. Monoplacophora,1
Asaphellus sp.,Thoralispira? cf. occitana,1
Asaphellus sp.,Carcassonnella courtessolei,1
Asaphellus sp.,Carcassonnella vizcainoi,1
Asaphellus sp.,Carcassonnella sp.,1
Asaphellus sp.,Ribeiria sp.,1
Asaphellus sp.,Tolmachovia?,1
Asaphellus sp.,Wiwaxiid,1
Asaphellus sp.,Halkieriid,1
Asaphellus sp.,Helcionelloid,1
Asaphellus sp.,Calvapilosa kroegeri,1
Asaphellus sp.,Possible phyllodocid,2
Asaphellus sp.,Palaeoscolex cf. tenensis,2
Asaphellus sp.,Priapulid,2
Asaphellus sp.,Large taxon with spinose limbs,1
Asaphellus sp.,Small taxon with spinose limbs,1
Asaphellus sp.,Armoured lobopodian 1,1
Asaphellus sp.,Armoured lobopodian 2,1
Asaphellus sp.,Armoured lobopodian 3,1
Asaphellus sp.,Diania-like lobopodian,1
Asaphellus sp.,Furca sp. 1,1
Asaphellus sp.,Furca sp. 2,1
Asaphellus sp.,Furca sp. 3,1
Asaphellus sp.,Enosiaspis hrungnir,1
Asaphellus sp.,Possible waptiid,1
Asaphellus sp., 'Synziphosurine'/Synziphosurina?,1
Asaphellus sp.,Chasmataspidid,1
Asaphellus sp.,Possible pycnogonid,1
Asaphellus sp.,Possible retifaciid,1
Asaphellus sp.,Tariccoia tazagurtensis,1
Asaphellus sp.,Chlupacaris? sp.,1
Asaphellus sp.,Cheloniellid,1
Asaphellus sp.,Phyllocarid,1
Asaphellus sp.,Ostracod,1
Asaphellus sp.,Lepadomorph barnacle,1
Asaphellus sp.,Eoduslia,1
Asaphellus sp.,Asaphellus sp aff. jujuanus,1
Asaphellus sp.,Asaphellus sp.,1
Asaphellus sp.,Apatokephalus cf. incisus,1
Asaphellus sp.,undet. Dikelocephalidae,1
Asaphellus sp.,undet. Illaenacea,1
Asaphellus sp.,Orometopus sp.,1
Asaphellus sp.,Cnemidopyge sp.,1
Asaphellus sp.,Selenopeltis sp. 1,1
Asaphellus sp.,Selenopeltis sp. 2,1
Asaphellus sp.,Foulonia peregrina,1
Asaphellus sp.,Foulonia sp.,1
Asaphellus sp.,Toletanaspis aff. borni,1
Asaphellus sp.,undet. Dalmanitacea,1
Asaphellus sp.,Bathycheilus gallicus,1
Asaphellus sp.,Bavarilla aff. zemmourensis,1
Asaphellus sp.,Bavarilla zemmourensis,1
Asaphellus sp.,Colpocoryphe thorali,1
Asaphellus sp.,Colpocoryphe pradesensis,1
Asaphellus sp.,Pharostoma sp.,1
Asaphellus sp.,Pharostomina sp. ,1
Asaphellus sp.,Agerina quadrata,1
Asaphellus sp.,Geragnostus aff. occitanus,1
Asaphellus sp.,Geragnostus sp.,1
Asaphellus sp.,Beltella sp.,1
Asaphellus sp.,Ampyx priscus,1
Asaphellus sp.,Ampyx cf. priscus,1
Asaphellus sp.,Parabathycheilus gallicus,1
Asaphellus sp.,Proetidae?,1
Asaphellus sp.,undet. Trinucleidae,1
Asaphellus sp.,Eoharpes sp.,1
Asaphellus sp.,Nileus deynouxi,1
Asaphellus sp.,Hospes sp.,1
Asaphellus sp.,Ogygiocaris sp.,1
Asaphellus sp.,cf. Niobella sp.,1
Asaphellus sp.,Somasteroid indet. n. sp. 1,1
Asaphellus sp.,Somasteroid indet. n. sp. 2,1
Asaphellus sp.,Somasteroid indet. n. sp. 3,1
Asaphellus sp.,Somasteroid indet.,1
Asaphellus sp.,undet. Asteroidea,1
Asaphellus sp.,Palaeosphaeronites sp.,1
Asaphellus sp.,Palaeosphaeronites? prokopi,1
Asaphellus sp.,Aristocystites cf. bohemicus (sinuous?),1
Asaphellus sp.,Aristocystites sp.,1
Asaphellus sp.,Balantiocystis regnelli,1
Asaphellus sp.,Balantiocystis sp.,1
Asaphellus sp.,Rhopalocystis sp.,1
Asaphellus sp.,Rhopalocystis dehirensis,1
Asaphellus sp.,Rhopalocystis destombesi,1
Asaphellus sp.,Rhopalocystis fraga,1
Asaphellus sp.,Rhopalocystis grandis,1
Asaphellus sp.,Rhopalocystis havliceki,1
Asaphellus sp.,Rhopalocystis lehmani,1
Asaphellus sp.,Rhopalocystis zagoraensis,1
Asaphellus sp.,Rhopalocystis sp. A,1
Asaphellus sp.,Rhopalocystis sp. B,1
Asaphellus sp.,Rhopalocystis sp. C,1
Asaphellus sp.,cf. Rhopalocystis,1
Asaphellus sp.,Lingulocystis aff. deani,1
Asaphellus sp.,Lingulocystis elongata,1
Asaphellus sp.,cf. Pareocrinus,1
Asaphellus sp.,Eocrinoidea indet. sp. 1,1
Asaphellus sp.,Eocrinoidea indet. sp. 2,1
Asaphellus sp.,Eocrinoidea indet.,1
Asaphellus sp.,Ramseyocrinus sp.,1
Asaphellus sp.,Crinoid 2,1
Asaphellus sp.,Aethocrinus cf. moorei,1
Asaphellus sp.,Iocrinus n. sp.,1
Asaphellus sp.,Cystoidea?/undet. Cystoidea,1
Asaphellus sp.,Argodiscus espilezorum,1
Asaphellus sp.,Anedriophus moroccoensis,1
Asaphellus sp.,Rhenopyrgid indet.,1
Asaphellus sp.,Ampelocarpus sp.,1
Asaphellus sp.,Amygdalotheca griffei,1
Asaphellus sp.,Anatifopsis escandei,1
Asaphellus sp.,Anatifopsis trapeziiformis,1
Asaphellus sp.,Anatifopsis sp.,1
Asaphellus sp.,"Anomalocystid n. gen., n. sp. ",1
Asaphellus sp.,Aspidocarpus sp.,1
Asaphellus sp.,Arauricystis? sp.,1
Asaphellus sp.,Balanocystites primus,1
Asaphellus sp.,Bohemiaecystis,1
Asaphellus sp.,Chauvelicystis ubaghsi,1
Asaphellus sp.,Chauvelicystis spinosa,1
Asaphellus sp.,Chauvelicystis vizcainoi,1
Asaphellus sp.,Chauvelicystis sp.,1
Asaphellus sp.,"Chauvelicystid n. gen., n. sp. 1",1
Asaphellus sp.,"Chauvelicystid n. gen., n. sp. 2",1
Asaphellus sp.,Chinianocarpos sp.,1
Asaphellus sp.,"Cornuta n. gen. 1, n. sp.",1
Asaphellus sp.,"Cornuta n. gen. 2, n. sp.",1
Asaphellus sp.,Flabellicarpus rushtoni,1
Asaphellus sp.,Flabellicarpus?,1
Asaphellus sp.,Galliaecystis n. sp.,1
Asaphellus sp.,Galliaecystis ubaghsi,1
Asaphellus sp.,Hanusia n. sp.,1
Asaphellus sp.,Lagynocystis pyramidalis,1
Asaphellus sp.,Kirkocystidae?,1
Asaphellus sp.,Lyricocarpus courtessolei,1
Asaphellus sp.,Milonicystis sp.,1
Asaphellus sp.,Mitrocystitid indet. cf. Ovocarpus,1
Asaphellus sp.,Nanocarpus cf. dolambii,1
Asaphellus sp.,Phyllocystis blayaci,1
Asaphellus sp.,Phyllocystis sp.,1
Asaphellus sp.,Procothurnocystis n. sp.,1
Asaphellus sp.,Prokopicystis sp.,1
Asaphellus sp.,Thoralicystis zagoraensis,1
Asaphellus sp.,Thoralicystis n. sp.,1
Asaphellus sp.,Vizcainocarpus sp.,1
Asaphellus sp.,Cothurnocystid indetl.,1
Asaphellus sp.,Hanusiid indet.,1
Asaphellus sp.,Peltocystis cornuta,1
Asaphellus sp.,Scotiaevystis? sp.,1
Asaphellus sp.,Macrocystella sp.,1
Asaphellus sp.,Macrocystella bohemica,1
Asaphellus sp.,Macrocystella cf. mariae,1
Asaphellus sp.,Macrocystella tasseftensis,1
Asaphellus sp.,undet. Ophiuroidea,1
Asaphellus sp.,Didymograptus cf. arcuatus,1
Asaphellus sp.,Didymograptus deflexus,1
Asaphellus sp.,Didymograptus extensus,1
Asaphellus sp.,Didymograptus v-fractus,1
Asaphellus sp.,Didymograptus intendus,1
Asaphellus sp.,Didymograptus pennatulus,1
Asaphellus sp.,Didymograptus nanus,1
Asaphellus sp.,Didymograptus nitidus,1
Asaphellus sp.,Didymograptus patulus,1
Asaphellus sp.,Didymograptus sparsus,1
Asaphellus sp.,"""Didymograptus sp. 1""",1
Asaphellus sp.,Didymograptus sp.,1
Asaphellus sp.,Didymograptid indet.,1
Asaphellus sp.,Koremagraptus sp.,1
Asaphellus sp.,Dictyonema sp.,1
Asaphellus sp.,Tuboid,1
Asaphellus sp.,?Cymatograptus protobalticus,1
Asaphellus sp.,Webbyites felix,1
Asaphellus sp.,Rhabdopleura-like epibiont,1
Asaphellus sp.,Hyolithes sp.,1
Asaphellus sp.,Pauxillites thaddei,1
Asaphopsis sp.,Benthic detritus,1
Asaphopsis sp.,Ranorthis fasciata,1
Asaphopsis sp.,undet. Athyridida,1
Asaphopsis sp.,Acrothele sp.,1
Asaphopsis sp.,Plectorthis simplex,1
Asaphopsis sp.,Angusticardinia sp.,1
Asaphopsis sp.,Lingula salteri,1
Asaphopsis sp.,Orbithele vana,1
Asaphopsis sp.,Paurorthis tadristensis,1
Asaphopsis sp.,Tarfaya marocana,1
Asaphopsis sp.,Wosekella sp.,1
Asaphopsis sp.,Monobolina sp.,1
Asaphopsis sp.,Elliptoglossa sp.,1
Asaphopsis sp.,Celdobolus sp.,1
Asaphopsis sp.,Discinoidea?,1
Asaphopsis sp.,undet. Dalmanelloidea,1
Asaphopsis sp.,Bryozoan,1
Asaphopsis sp.,Babinka prima,1
Asaphopsis sp.,Ctenodonta escosurae,1
Asaphopsis sp.,Praenucula sp.,1
Asaphopsis sp.,Redonia michelae,1
Asaphopsis sp.,Coxiconchia guiraudi,1
Asaphopsis sp.,Alococoncha?,1
Asaphopsis sp.,Cardiolaria? sp.,1
Asaphopsis sp.,Cienagomya? sp.,1
Asaphopsis sp.,Ekaterodonta courtessolei,1
Asaphopsis sp.,Glyptarca sp.,1
Asaphopsis sp.,Pelecyogyra fezouataensis,1
Asaphopsis sp.,Sinuites sp.,1
Asaphopsis sp.,Lesueurilla prima,1
Asaphopsis sp.,undet. Platyceratoidea,1
Asaphopsis sp.,undet. Monoplacophora,1
Asaphopsis sp.,Thoralispira? cf. occitana,1
Asaphopsis sp.,Carcassonnella courtessolei,1
Asaphopsis sp.,Carcassonnella vizcainoi,1
Asaphopsis sp.,Carcassonnella sp.,1
Asaphopsis sp.,Ribeiria sp.,1
Asaphopsis sp.,Tolmachovia?,1
Asaphopsis sp.,Wiwaxiid,1
Asaphopsis sp.,Halkieriid,1
Asaphopsis sp.,Helcionelloid,1
Asaphopsis sp.,Calvapilosa kroegeri,1
Asaphopsis sp.,Possible phyllodocid,2
Asaphopsis sp.,Palaeoscolex cf. tenensis,2
Asaphopsis sp.,Priapulid,2
Asaphopsis sp.,Large taxon with spinose limbs,1
Asaphopsis sp.,Small taxon with spinose limbs,1
Asaphopsis sp.,Armoured lobopodian 1,1
Asaphopsis sp.,Armoured lobopodian 2,1
Asaphopsis sp.,Armoured lobopodian 3,1
Asaphopsis sp.,Diania-like lobopodian,1
Asaphopsis sp.,Furca sp. 1,1
Asaphopsis sp.,Furca sp. 2,1
Asaphopsis sp.,Furca sp. 3,1
Asaphopsis sp.,Enosiaspis hrungnir,1
Asaphopsis sp.,Possible waptiid,1
Asaphopsis sp., 'Synziphosurine'/Synziphosurina?,1
Asaphopsis sp.,Chasmataspidid,1
Asaphopsis sp.,Possible pycnogonid,1
Asaphopsis sp.,Possible retifaciid,1
Asaphopsis sp.,Tariccoia tazagurtensis,1
Asaphopsis sp.,Chlupacaris? sp.,1
Asaphopsis sp.,Cheloniellid,1
Asaphopsis sp.,Phyllocarid,1
Asaphopsis sp.,Ostracod,1
Asaphopsis sp.,Lepadomorph barnacle,1
Asaphopsis sp.,Eoduslia,1
Asaphopsis sp.,Apatokephalus cf. incisus,1
Asaphopsis sp.,undet. Dikelocephalidae,1
Asaphopsis sp.,undet. Illaenacea,1
Asaphopsis sp.,Orometopus sp.,1
Asaphopsis sp.,Cnemidopyge sp.,1
Asaphopsis sp.,Parvilichas marochii,1
Asaphopsis sp.,Selenopeltis sp. 1,1
Asaphopsis sp.,Selenopeltis sp. 2,1
Asaphopsis sp.,Foulonia peregrina,1
Asaphopsis sp.,Foulonia sp.,1
Asaphopsis sp.,Toletanaspis aff. borni,1
Asaphopsis sp.,undet. Dalmanitacea,1
Asaphopsis sp.,Bathycheilus gallicus,1
Asaphopsis sp.,Bavarilla aff. zemmourensis,1
Asaphopsis sp.,Bavarilla zemmourensis,1
Asaphopsis sp.,Bavarilla sp.,1
Asaphopsis sp.,Colpocoryphe thorali,1
Asaphopsis sp.,Colpocoryphe pradesensis,1
Asaphopsis sp.,Pharostoma sp.,1
Asaphopsis sp.,Pharostomina sp. ,1
Asaphopsis sp.,Agerina quadrata,1
Asaphopsis sp.,Geragnostus aff. occitanus,1
Asaphopsis sp.,Geragnostus sp.,1
Asaphopsis sp.,Beltella sp.,1
Asaphopsis sp.,Ampyx priscus,1
Asaphopsis sp.,Ampyx cf. priscus,1
Asaphopsis sp.,Ceraurinella? sp.,1
Asaphopsis sp.,Platycoryphe sp.,1
Asaphopsis sp.,Parabathycheilus gallicus,1
Asaphopsis sp.,Proetidae?,1
Asaphopsis sp.,undet. Trinucleidae,1
Asaphopsis sp.,Eoharpes sp.,1
Asaphopsis sp.,Nileus deynouxi,1
Asaphopsis sp.,Hospes sp.,1
Asaphopsis sp.,Ogygiocaris sp.,1
Asaphopsis sp.,Pterygometopus sp.,1
Asaphopsis sp.,Iberocoryphe sp.,1
Asaphopsis sp.,cf. Niobella sp.,1
Asaphopsis sp.,Somasteroid indet. n. sp. 1,1
Asaphopsis sp.,Somasteroid indet. n. sp. 2,1
Asaphopsis sp.,Somasteroid indet. n. sp. 3,1
Asaphopsis sp.,Somasteroid indet.,1
Asaphopsis sp.,undet. Asteroidea,1
Asaphopsis sp.,Palaeosphaeronites sp.,1
Asaphopsis sp.,Palaeosphaeronites? prokopi,1
Asaphopsis sp.,Aristocystites cf. bohemicus (sinuous?),1
Asaphopsis sp.,Aristocystites sp.,1
Asaphopsis sp.,Balantiocystis regnelli,1
Asaphopsis sp.,Balantiocystis sp.,1
Asaphopsis sp.,Rhopalocystis sp.,1
Asaphopsis sp.,Rhopalocystis dehirensis,1
Asaphopsis sp.,Rhopalocystis destombesi,1
Asaphopsis sp.,Rhopalocystis fraga,1
Asaphopsis sp.,Rhopalocystis grandis,1
Asaphopsis sp.,Rhopalocystis havliceki,1
Asaphopsis sp.,Rhopalocystis lehmani,1
Asaphopsis sp.,Rhopalocystis zagoraensis,1
Asaphopsis sp.,Rhopalocystis sp. A,1
Asaphopsis sp.,Rhopalocystis sp. B,1
Asaphopsis sp.,Rhopalocystis sp. C,1
Asaphopsis sp.,cf. Rhopalocystis,1
Asaphopsis sp.,Lingulocystis aff. deani,1
Asaphopsis sp.,Lingulocystis elongata,1
Asaphopsis sp.,cf. Pareocrinus,1
Asaphopsis sp.,Eocrinoidea indet. sp. 1,1
Asaphopsis sp.,Eocrinoidea indet. sp. 2,1
Asaphopsis sp.,Eocrinoidea indet.,1
Asaphopsis sp.,Ramseyocrinus sp.,1
Asaphopsis sp.,Crinoid 2,1
Asaphopsis sp.,Aethocrinus cf. moorei,1
Asaphopsis sp.,Iocrinus n. sp.,1
Asaphopsis sp.,Cystoidea?/undet. Cystoidea,1
Asaphopsis sp.,Argodiscus espilezorum,1
Asaphopsis sp.,Anedriophus moroccoensis,1
Asaphopsis sp.,Rhenopyrgid indet.,1
Asaphopsis sp.,Ampelocarpus sp.,1
Asaphopsis sp.,Amygdalotheca griffei,1
Asaphopsis sp.,Anatifopsis escandei,1
Asaphopsis sp.,Anatifopsis trapeziiformis,1
Asaphopsis sp.,Anatifopsis sp.,1
Asaphopsis sp.,"Anomalocystid n. gen., n. sp. ",1
Asaphopsis sp.,Aspidocarpus sp.,1
Asaphopsis sp.,Arauricystis? sp.,1
Asaphopsis sp.,Balanocystites primus,1
Asaphopsis sp.,Bohemiaecystis,1
Asaphopsis sp.,Chauvelicystis ubaghsi,1
Asaphopsis sp.,Chauvelicystis spinosa,1
Asaphopsis sp.,Chauvelicystis vizcainoi,1
Asaphopsis sp.,Chauvelicystis sp.,1
Asaphopsis sp.,"Chauvelicystid n. gen., n. sp. 1",1
Asaphopsis sp.,"Chauvelicystid n. gen., n. sp. 2",1
Asaphopsis sp.,Chinianocarpos sp.,1
Asaphopsis sp.,"Cornuta n. gen. 1, n. sp.",1
Asaphopsis sp.,"Cornuta n. gen. 2, n. sp.",1
Asaphopsis sp.,Flabellicarpus rushtoni,1
Asaphopsis sp.,Flabellicarpus?,1
Asaphopsis sp.,Galliaecystis n. sp.,1
Asaphopsis sp.,Galliaecystis ubaghsi,1
Asaphopsis sp.,Hanusia n. sp.,1
Asaphopsis sp.,Lagynocystis pyramidalis,1
Asaphopsis sp.,Kirkocystidae?,1
Asaphopsis sp.,Lyricocarpus courtessolei,1
Asaphopsis sp.,Milonicystis sp.,1
Asaphopsis sp.,Mitrocystitid indet. cf. Ovocarpus,1
Asaphopsis sp.,Nanocarpus cf. dolambii,1
Asaphopsis sp.,Phyllocystis blayaci,1
Asaphopsis sp.,Phyllocystis sp.,1
Asaphopsis sp.,Procothurnocystis n. sp.,1
Asaphopsis sp.,Prokopicystis sp.,1
Asaphopsis sp.,Thoralicystis zagoraensis,1
Asaphopsis sp.,Thoralicystis n. sp.,1
Asaphopsis sp.,Vizcainocarpus sp.,1
Asaphopsis sp.,Cothurnocystid indetl.,1
Asaphopsis sp.,Hanusiid indet.,1
Asaphopsis sp.,Peltocystis cornuta,1
Asaphopsis sp.,Scotiaevystis? sp.,1
Asaphopsis sp.,Macrocystella sp.,1
Asaphopsis sp.,Macrocystella bohemica,1
Asaphopsis sp.,Macrocystella cf. mariae,1
Asaphopsis sp.,Macrocystella tasseftensis,1
Asaphopsis sp.,undet. Ophiuroidea,1
Asaphopsis sp.,Didymograptus cf. arcuatus,1
Asaphopsis sp.,Didymograptus deflexus,1
Asaphopsis sp.,Didymograptus extensus,1
Asaphopsis sp.,Didymograptus v-fractus,1
Asaphopsis sp.,Didymograptus intendus,1
Asaphopsis sp.,Didymograptus pennatulus,1
Asaphopsis sp.,Didymograptus nanus,1
Asaphopsis sp.,Didymograptus nitidus,1
Asaphopsis sp.,Didymograptus patulus,1
Asaphopsis sp.,Didymograptus sparsus,1
Asaphopsis sp.,"""Didymograptus sp. 1""",1
Asaphopsis sp.,Didymograptus sp.,1
Asaphopsis sp.,Didymograptid indet.,1
Asaphopsis sp.,Koremagraptus sp.,1
Asaphopsis sp.,Dictyonema sp.,1
Asaphopsis sp.,Tuboid,1
Asaphopsis sp.,?Cymatograptus protobalticus,1
Asaphopsis sp.,Webbyites felix,1
Asaphopsis sp.,Rhabdopleura-like epibiont,1
Asaphopsis sp.,Gamalites? sp.,1
Asaphopsis sp.,Gompholites sp.,1
Asaphopsis sp.,Hyolithes sp.,1
Asaphopsis sp.,Pauxillites thaddei,1
Basilicus (Basiliella?) destombesi,Benthic detritus,1
Basilicus (Basiliella?) destombesi,Ranorthis fasciata,1
Basilicus (Basiliella?) destombesi,undet. Athyridida,1
Basilicus (Basiliella?) destombesi,Acrothele sp.,1
Basilicus (Basiliella?) destombesi,Plectorthis simplex,1
Basilicus (Basiliella?) destombesi,Angusticardinia sp.,1
Basilicus (Basiliella?) destombesi,Lingula salteri,1
Basilicus (Basiliella?) destombesi,Orbithele vana,1
Basilicus (Basiliella?) destombesi,Paurorthis tadristensis,1
Basilicus (Basiliella?) destombesi,Tarfaya marocana,1
Basilicus (Basiliella?) destombesi,Wosekella sp.,1
Basilicus (Basiliella?) destombesi,Monobolina sp.,1
Basilicus (Basiliella?) destombesi,Elliptoglossa sp.,1
Basilicus (Basiliella?) destombesi,Celdobolus sp.,1
Basilicus (Basiliella?) destombesi,Discinoidea?,1
Basilicus (Basiliella?) destombesi,undet. Dalmanelloidea,1
Basilicus (Basiliella?) destombesi,Babinka prima,1
Basilicus (Basiliella?) destombesi,Ctenodonta escosurae,1
Basilicus (Basiliella?) destombesi,Praenucula sp.,1
Basilicus (Basiliella?) destombesi,Redonia michelae,1
Basilicus (Basiliella?) destombesi,Alococoncha?,1
Basilicus (Basiliella?) destombesi,Cardiolaria? sp.,1
Basilicus (Basiliella?) destombesi,Pelecyogyra fezouataensis,1
Basilicus (Basiliella?) destombesi,Sinuites sp.,1
Basilicus (Basiliella?) destombesi,Lesueurilla prima,1
Basilicus (Basiliella?) destombesi,undet. Platyceratoidea,1
Basilicus (Basiliella?) destombesi,undet. Monoplacophora,1
Basilicus (Basiliella?) destombesi,Thoralispira laevis,1
Basilicus (Basiliella?) destombesi,Thoralispira? cf. occitana,1
Basilicus (Basiliella?) destombesi,Ribeiria sp.,1
Basilicus (Basiliella?) destombesi,Tolmachovia?,1
Basilicus (Basiliella?) destombesi,Wiwaxiid,1
Basilicus (Basiliella?) destombesi,Halkieriid,1
Basilicus (Basiliella?) destombesi,Helcionelloid,1
Basilicus (Basiliella?) destombesi,Calvapilosa kroegeri,1
Basilicus (Basiliella?) destombesi,Plumulites bengtsoni,2
Basilicus (Basiliella?) destombesi,Large plumulitid,2
Basilicus (Basiliella?) destombesi,Possible phyllodocid,2
Basilicus (Basiliella?) destombesi,Palaeoscolex cf. tenensis,2
Basilicus (Basiliella?) destombesi,Priapulid,2
Basilicus (Basiliella?) destombesi,Large taxon with spinose limbs,1
Basilicus (Basiliella?) destombesi,Small taxon with spinose limbs,1
Basilicus (Basiliella?) destombesi,Armoured lobopodian 1,1
Basilicus (Basiliella?) destombesi,Armoured lobopodian 2,1
Basilicus (Basiliella?) destombesi,Armoured lobopodian 3,1
Basilicus (Basiliella?) destombesi,Diania-like lobopodian,1
Basilicus (Basiliella?) destombesi,Furca sp. 1,1
Basilicus (Basiliella?) destombesi,Furca sp. 2,1
Basilicus (Basiliella?) destombesi,Furca sp. 3,1
Basilicus (Basiliella?) destombesi,Marrella sp.,1
Basilicus (Basiliella?) destombesi,Enosiaspis hrungnir,1
Basilicus (Basiliella?) destombesi,Possible waptiid,1
Basilicus (Basiliella?) destombesi,Chasmataspidid,1
Basilicus (Basiliella?) destombesi,Possible pycnogonid,1
Basilicus (Basiliella?) destombesi,Xiphosurid,1
Basilicus (Basiliella?) destombesi,Possible retifaciid,1
Basilicus (Basiliella?) destombesi,Chlupacaris? sp.,1
Basilicus (Basiliella?) destombesi,Tremaglaspis sp.,1
Basilicus (Basiliella?) destombesi,Brachyaglaspis singularis,1
Basilicus (Basiliella?) destombesi,Cheloniellid,1
Basilicus (Basiliella?) destombesi,Phyllocarid,1
Basilicus (Basiliella?) destombesi,Lepadomorph barnacle,1
Basilicus (Basiliella?) destombesi,Eoduslia,1
Basilicus (Basiliella?) destombesi,Asaphellus fezouataensis ,1
Basilicus (Basiliella?) destombesi,Asaphellus sp aff. jujuanus,1
Basilicus (Basiliella?) destombesi,Asaphellus tataensis,1
Basilicus (Basiliella?) destombesi,Asaphellus sp.,1
Basilicus (Basiliella?) destombesi,Kierarges morrisoni,1
Basilicus (Basiliella?) destombesi,Playpeltoides carmenae,1
Basilicus (Basiliella?) destombesi,Symphysurus sicardi,1
Basilicus (Basiliella?) destombesi,Symphysurus ebbestadi,1
Basilicus (Basiliella?) destombesi,Symphysurus sp.,1
Basilicus (Basiliella?) destombesi,Apatokephalus cf. incisus,1
Basilicus (Basiliella?) destombesi,Orometopus sp.,1
Basilicus (Basiliella?) destombesi,Cnemidopyge sp.,1
Basilicus (Basiliella?) destombesi,Parvilichas marochii,1
Basilicus (Basiliella?) destombesi,Selenopeltis aff. Gallica,1
Basilicus (Basiliella?) destombesi,Selenopeltis binodosa,1
Basilicus (Basiliella?) destombesi,Selenopeltis sp. 1,1
Basilicus (Basiliella?) destombesi,Selenopeltis sp. 2,1
Basilicus (Basiliella?) destombesi,Harpides sp.,1
Basilicus (Basiliella?) destombesi,Foulonia peregrina,1
Basilicus (Basiliella?) destombesi,Foulonia sp.,1
Basilicus (Basiliella?) destombesi,Toletanaspis aff. borni,1
Basilicus (Basiliella?) destombesi,undet. Dalmanitacea,1
Basilicus (Basiliella?) destombesi,Bathycheilus gallicus,1
Basilicus (Basiliella?) destombesi,Bavarilla aff. zemmourensis,1
Basilicus (Basiliella?) destombesi,Bavarilla zemmourensis,1
Basilicus (Basiliella?) destombesi,Bavarilla sp.,1
Basilicus (Basiliella?) destombesi,Colpocoryphe thorali,1
Basilicus (Basiliella?) destombesi,Colpocoryphe pradesensis,1
Basilicus (Basiliella?) destombesi,Colpocoryphe sp.,1
Basilicus (Basiliella?) destombesi,Pharostoma sp.,1
Basilicus (Basiliella?) destombesi,Pharostomina sp. ,1
Basilicus (Basiliella?) destombesi,Prionocheilus aff. languedocensis,1
Basilicus (Basiliella?) destombesi,Prionocheilus sp.,1
Basilicus (Basiliella?) destombesi,Agerina quadrata,1
Basilicus (Basiliella?) destombesi,Euloma sp.,1
Basilicus (Basiliella?) destombesi,Beltella sp.,1
Basilicus (Basiliella?) destombesi,Ampyx priscus,1
Basilicus (Basiliella?) destombesi,Ampyx cf. priscus,1
Basilicus (Basiliella?) destombesi,Ceraurinella? sp.,1
Basilicus (Basiliella?) destombesi,Megalaspidella sp.,1
Basilicus (Basiliella?) destombesi,Megistaspis (Ekeraspis) sp. indet.,1
Basilicus (Basiliella?) destombesi,Platycoryphe sp.,1
Basilicus (Basiliella?) destombesi,Parabathycheilus gallicus,1
Basilicus (Basiliella?) destombesi,Anacheirurus adserai,1
Basilicus (Basiliella?) destombesi,Eoharpes sp.,1
Basilicus (Basiliella?) destombesi,Nileus deynouxi,1
Basilicus (Basiliella?) destombesi,Hospes sp.,1
Basilicus (Basiliella?) destombesi,Ogygiocaris sp.,1
Basilicus (Basiliella?) destombesi,Ormathops clariondi,1
Basilicus (Basiliella?) destombesi,Pterygometopus sp.,1
Basilicus (Basiliella?) destombesi,Megalaspides? sp.,1
Basilicus (Basiliella?) destombesi,Iberocoryphe sp.,1
Basilicus (Basiliella?) destombesi,cf. Niobella sp.,1
Basilicus (Basiliella?) destombesi,Somasteroid indet. n. sp. 1,1
Basilicus (Basiliella?) destombesi,Somasteroid indet. n. sp. 2,1
Basilicus (Basiliella?) destombesi,Somasteroid indet. n. sp. 3,1
Basilicus (Basiliella?) destombesi,Somasteroid indet.,1
Basilicus (Basiliella?) destombesi,undet. Asteroidea,1
Basilicus (Basiliella?) destombesi,undet. Stelleroidea,1
Basilicus (Basiliella?) destombesi,Villebrunaster fezouataensis,1
Basilicus (Basiliella?) destombesi,Palaeosphaeronites sp.,1
Basilicus (Basiliella?) destombesi,Palaeosphaeronites? prokopi,1
Basilicus (Basiliella?) destombesi,Aristocystites cf. bohemicus (sinuous?),1
Basilicus (Basiliella?) destombesi,Aristocystites sp.,1
Basilicus (Basiliella?) destombesi,Ascocystites? sp.,1
Basilicus (Basiliella?) destombesi,Balantiocystis regnelli,1
Basilicus (Basiliella?) destombesi,Balantiocystis sp.,1
Basilicus (Basiliella?) destombesi,Rhopalocystis sp.,1
Basilicus (Basiliella?) destombesi,Rhopalocystis dehirensis,1
Basilicus (Basiliella?) destombesi,Rhopalocystis destombesi,1
Basilicus (Basiliella?) destombesi,Rhopalocystis fraga,1
Basilicus (Basiliella?) destombesi,Rhopalocystis grandis,1
Basilicus (Basiliella?) destombesi,Rhopalocystis havliceki,1
Basilicus (Basiliella?) destombesi,Rhopalocystis lehmani,1
Basilicus (Basiliella?) destombesi,Rhopalocystis zagoraensis,1
Basilicus (Basiliella?) destombesi,Rhopalocystis sp. A,1
Basilicus (Basiliella?) destombesi,Rhopalocystis sp. B,1
Basilicus (Basiliella?) destombesi,Rhopalocystis sp. C,1
Basilicus (Basiliella?) destombesi,cf. Rhopalocystis,1
Basilicus (Basiliella?) destombesi,Lingulocystis aff. deani,1
Basilicus (Basiliella?) destombesi,Lingulocystis elongata,1
Basilicus (Basiliella?) destombesi,cf. Pareocrinus,1
Basilicus (Basiliella?) destombesi,Eocrinoidea indet. sp. 1,1
Basilicus (Basiliella?) destombesi,Eocrinoidea indet. sp. 2,1
Basilicus (Basiliella?) destombesi,Eocrinoidea indet.,1
Basilicus (Basiliella?) destombesi,Ramseyocrinus sp.,1
Basilicus (Basiliella?) destombesi,Crinoid 2,1
Basilicus (Basiliella?) destombesi,Aethocrinus cf. moorei,1
Basilicus (Basiliella?) destombesi,Iocrinus n. sp.,1
Basilicus (Basiliella?) destombesi,Cystoidea?/undet. Cystoidea,1
Basilicus (Basiliella?) destombesi,Argodiscus espilezorum,1
Basilicus (Basiliella?) destombesi,Anedriophus moroccoensis,1
Basilicus (Basiliella?) destombesi,Rhenopyrgid indet.,1
Basilicus (Basiliella?) destombesi,Ampelocarpus sp.,1
Basilicus (Basiliella?) destombesi,Amygdalotheca griffei,1
Basilicus (Basiliella?) destombesi,Anatifopsis escandei,1
Basilicus (Basiliella?) destombesi,Anatifopsis trapeziiformis,1
Basilicus (Basiliella?) destombesi,Anatifopsis sp.,1
Basilicus (Basiliella?) destombesi,"Anomalocystid n. gen., n. sp. ",1
Basilicus (Basiliella?) destombesi,Aspidocarpus sp.,1
Basilicus (Basiliella?) destombesi,Arauricystis? sp.,1
Basilicus (Basiliella?) destombesi,Balanocystites primus,1
Basilicus (Basiliella?) destombesi,Bohemiaecystis,1
Basilicus (Basiliella?) destombesi,Chauvelicystis ubaghsi,1
Basilicus (Basiliella?) destombesi,Chauvelicystis spinosa,1
Basilicus (Basiliella?) destombesi,Chauvelicystis vizcainoi,1
Basilicus (Basiliella?) destombesi,Chauvelicystis sp.,1
Basilicus (Basiliella?) destombesi,"Chauvelicystid n. gen., n. sp. 1",1
Basilicus (Basiliella?) destombesi,"Chauvelicystid n. gen., n. sp. 2",1
Basilicus (Basiliella?) destombesi,Chinianocarpos sp.,1
Basilicus (Basiliella?) destombesi,"Cornuta n. gen. 1, n. sp.",1
Basilicus (Basiliella?) destombesi,"Cornuta n. gen. 2, n. sp.",1
Basilicus (Basiliella?) destombesi,Flabellicarpus rushtoni,1
Basilicus (Basiliella?) destombesi,Flabellicarpus?,1
Basilicus (Basiliella?) destombesi,Galliaecystis n. sp.,1
Basilicus (Basiliella?) destombesi,Galliaecystis ubaghsi,1
Basilicus (Basiliella?) destombesi,Hanusia n. sp.,1
Basilicus (Basiliella?) destombesi,Lagynocystis pyramidalis,1
Basilicus (Basiliella?) destombesi,Lyricocarpus courtessolei,1
Basilicus (Basiliella?) destombesi,Milonicystis sp.,1
Basilicus (Basiliella?) destombesi,Mitrocystitid indet. cf. Ovocarpus,1
Basilicus (Basiliella?) destombesi,Nanocarpus cf. dolambii,1
Basilicus (Basiliella?) destombesi,Phyllocystis blayaci,1
Basilicus (Basiliella?) destombesi,Phyllocystis sp.,1
Basilicus (Basiliella?) destombesi,Procothurnocystis n. sp.,1
Basilicus (Basiliella?) destombesi,Prokopicystis sp.,1
Basilicus (Basiliella?) destombesi,Thoralicystis zagoraensis,1
Basilicus (Basiliella?) destombesi,Thoralicystis n. sp.,1
Basilicus (Basiliella?) destombesi,Vizcainocarpus sp.,1
Basilicus (Basiliella?) destombesi,Cothurnocystid indetl.,1
Basilicus (Basiliella?) destombesi,Hanusiid indet.,1
Basilicus (Basiliella?) destombesi,Peltocystis cornuta,1
Basilicus (Basiliella?) destombesi,Scotiaevystis? sp.,1
Basilicus (Basiliella?) destombesi,Macrocystella sp.,1
Basilicus (Basiliella?) destombesi,Macrocystella bohemica,1
Basilicus (Basiliella?) destombesi,Macrocystella cf. mariae,1
Basilicus (Basiliella?) destombesi,Macrocystella tasseftensis,1
Basilicus (Basiliella?) destombesi,cf. Castericystis,1
Basilicus (Basiliella?) destombesi,cf. Minervaecystis,1
Basilicus (Basiliella?) destombesi,Plasiacystis mobilis,1
Basilicus (Basiliella?) destombesi,Plasiacystis sp.,1
Basilicus (Basiliella?) destombesi,Nimchacystis agterbosi,1
Basilicus (Basiliella?) destombesi,undet. Ophiuroidea,1
Basilicus (Basiliella?) destombesi,Elegantilites sp.,1
Basilicus (Basiliella?) destombesi,Gamalites? sp.,1
Basilicus (Basiliella?) destombesi,Gompholites sp.,1
Basilicus (Basiliella?) destombesi,Nephrotheca sp.,1
Basilicus (Basiliella?) destombesi,Hyolithes sp.,1
Basilicus (Basiliella?) destombesi,Pauxillites thaddei,1
Basilicus (Basiliella?) destombesi,Pauxillites sp.,1
Basilicus (Basiliella?) aff. destombesi,Benthic detritus,1
Basilicus (Basiliella?) aff. destombesi,Ranorthis fasciata,1
Basilicus (Basiliella?) aff. destombesi,undet. Athyridida,1
Basilicus (Basiliella?) aff. destombesi,Acrothele sp.,1
Basilicus (Basiliella?) aff. destombesi,Plectorthis simplex,1
Basilicus (Basiliella?) aff. destombesi,Angusticardinia sp.,1
Basilicus (Basiliella?) aff. destombesi,Lingula salteri,1
Basilicus (Basiliella?) aff. destombesi,Orbithele vana,1
Basilicus (Basiliella?) aff. destombesi,Paurorthis tadristensis,1
Basilicus (Basiliella?) aff. destombesi,Tarfaya marocana,1
Basilicus (Basiliella?) aff. destombesi,Wosekella sp.,1
Basilicus (Basiliella?) aff. destombesi,Monobolina sp.,1
Basilicus (Basiliella?) aff. destombesi,Elliptoglossa sp.,1
Basilicus (Basiliella?) aff. destombesi,Celdobolus sp.,1
Basilicus (Basiliella?) aff. destombesi,Discinoidea?,1
Basilicus (Basiliella?) aff. destombesi,undet. Dalmanelloidea,1
Basilicus (Basiliella?) aff. destombesi,Babinka prima,1
Basilicus (Basiliella?) aff. destombesi,Ctenodonta escosurae,1
Basilicus (Basiliella?) aff. destombesi,Praenucula sp.,1
Basilicus (Basiliella?) aff. destombesi,Redonia michelae,1
Basilicus (Basiliella?) aff. destombesi,Alococoncha?,1
Basilicus (Basiliella?) aff. destombesi,Cardiolaria? sp.,1
Basilicus (Basiliella?) aff. destombesi,Pelecyogyra fezouataensis,1
Basilicus (Basiliella?) aff. destombesi,Sinuites sp.,1
Basilicus (Basiliella?) aff. destombesi,Lesueurilla prima,1
Basilicus (Basiliella?) aff. destombesi,undet. Platyceratoidea,1
Basilicus (Basiliella?) aff. destombesi,undet. Monoplacophora,1
Basilicus (Basiliella?) aff. destombesi,Thoralispira laevis,1
Basilicus (Basiliella?) aff. destombesi,Thoralispira? cf. occitana,1
Basilicus (Basiliella?) aff. destombesi,Ribeiria sp.,1
Basilicus (Basiliella?) aff. destombesi,Tolmachovia?,1
Basilicus (Basiliella?) aff. destombesi,Wiwaxiid,1
Basilicus (Basiliella?) aff. destombesi,Halkieriid,1
Basilicus (Basiliella?) aff. destombesi,Helcionelloid,1
Basilicus (Basiliella?) aff. destombesi,Calvapilosa kroegeri,1
Basilicus (Basiliella?) aff. destombesi,Plumulites bengtsoni,2
Basilicus (Basiliella?) aff. destombesi,Large plumulitid,2
Basilicus (Basiliella?) aff. destombesi,Possible phyllodocid,2
Basilicus (Basiliella?) aff. destombesi,Palaeoscolex cf. tenensis,2
Basilicus (Basiliella?) aff. destombesi,Priapulid,2
Basilicus (Basiliella?) aff. destombesi,Large taxon with spinose limbs,1
Basilicus (Basiliella?) aff. destombesi,Small taxon with spinose limbs,1
Basilicus (Basiliella?) aff. destombesi,Armoured lobopodian 1,1
Basilicus (Basiliella?) aff. destombesi,Armoured lobopodian 2,1
Basilicus (Basiliella?) aff. destombesi,Armoured lobopodian 3,1
Basilicus (Basiliella?) aff. destombesi,Diania-like lobopodian,1
Basilicus (Basiliella?) aff. destombesi,Furca sp. 1,1
Basilicus (Basiliella?) aff. destombesi,Furca sp. 2,1
Basilicus (Basiliella?) aff. destombesi,Furca sp. 3,1
Basilicus (Basiliella?) aff. destombesi,Marrella sp.,1
Basilicus (Basiliella?) aff. destombesi,Enosiaspis hrungnir,1
Basilicus (Basiliella?) aff. destombesi,Possible waptiid,1
Basilicus (Basiliella?) aff. destombesi,Chasmataspidid,1
Basilicus (Basiliella?) aff. destombesi,Possible pycnogonid,1
Basilicus (Basiliella?) aff. destombesi,Xiphosurid,1
Basilicus (Basiliella?) aff. destombesi,Possible retifaciid,1
Basilicus (Basiliella?) aff. destombesi,Chlupacaris? sp.,1
Basilicus (Basiliella?) aff. destombesi,Tremaglaspis sp.,1
Basilicus (Basiliella?) aff. destombesi,Brachyaglaspis singularis,1
Basilicus (Basiliella?) aff. destombesi,Cheloniellid,1
Basilicus (Basiliella?) aff. destombesi,Phyllocarid,1
Basilicus (Basiliella?) aff. destombesi,Lepadomorph barnacle,1
Basilicus (Basiliella?) aff. destombesi,Eoduslia,1
Basilicus (Basiliella?) aff. destombesi,Asaphellus fezouataensis ,1
Basilicus (Basiliella?) aff. destombesi,Asaphellus sp aff. jujuanus,1
Basilicus (Basiliella?) aff. destombesi,Asaphellus tataensis,1
Basilicus (Basiliella?) aff. destombesi,Asaphellus sp.,1
Basilicus (Basiliella?) aff. destombesi,Kierarges morrisoni,1
Basilicus (Basiliella?) aff. destombesi,Playpeltoides carmenae,1
Basilicus (Basiliella?) aff. destombesi,Symphysurus sicardi,1
Basilicus (Basiliella?) aff. destombesi,Symphysurus ebbestadi,1
Basilicus (Basiliella?) aff. destombesi,Symphysurus sp.,1
Basilicus (Basiliella?) aff. destombesi,Apatokephalus cf. incisus,1
Basilicus (Basiliella?) aff. destombesi,Orometopus sp.,1
Basilicus (Basiliella?) aff. destombesi,Cnemidopyge sp.,1
Basilicus (Basiliella?) aff. destombesi,Parvilichas marochii,1
Basilicus (Basiliella?) aff. destombesi,Selenopeltis aff. Gallica,1
Basilicus (Basiliella?) aff. destombesi,Selenopeltis binodosa,1
Basilicus (Basiliella?) aff. destombesi,Selenopeltis sp. 1,1
Basilicus (Basiliella?) aff. destombesi,Selenopeltis sp. 2,1
Basilicus (Basiliella?) aff. destombesi,Harpides sp.,1
Basilicus (Basiliella?) aff. destombesi,Foulonia peregrina,1
Basilicus (Basiliella?) aff. destombesi,Foulonia sp.,1
Basilicus (Basiliella?) aff. destombesi,Toletanaspis aff. borni,1
Basilicus (Basiliella?) aff. destombesi,undet. Dalmanitacea,1
Basilicus (Basiliella?) aff. destombesi,Bathycheilus gallicus,1
Basilicus (Basiliella?) aff. destombesi,Bavarilla aff. zemmourensis,1
Basilicus (Basiliella?) aff. destombesi,Bavarilla zemmourensis,1
Basilicus (Basiliella?) aff. destombesi,Bavarilla sp.,1
Basilicus (Basiliella?) aff. destombesi,Colpocoryphe thorali,1
Basilicus (Basiliella?) aff. destombesi,Colpocoryphe pradesensis,1
Basilicus (Basiliella?) aff. destombesi,Colpocoryphe sp.,1
Basilicus (Basiliella?) aff. destombesi,Pharostoma sp.,1
Basilicus (Basiliella?) aff. destombesi,Pharostomina sp. ,1
Basilicus (Basiliella?) aff. destombesi,Prionocheilus aff. languedocensis,1
Basilicus (Basiliella?) aff. destombesi,Prionocheilus sp.,1
Basilicus (Basiliella?) aff. destombesi,Agerina quadrata,1
Basilicus (Basiliella?) aff. destombesi,Euloma sp.,1
Basilicus (Basiliella?) aff. destombesi,Beltella sp.,1
Basilicus (Basiliella?) aff. destombesi,Ampyx priscus,1
Basilicus (Basiliella?) aff. destombesi,Ampyx cf. priscus,1
Basilicus (Basiliella?) aff. destombesi,Ceraurinella? sp.,1
Basilicus (Basiliella?) aff. destombesi,Megalaspidella sp.,1
Basilicus (Basiliella?) aff. destombesi,Megistaspis (Ekeraspis) sp. indet.,1
Basilicus (Basiliella?) aff. destombesi,Platycoryphe sp.,1
Basilicus (Basiliella?) aff. destombesi,Parabathycheilus gallicus,1
Basilicus (Basiliella?) aff. destombesi,Anacheirurus adserai,1
Basilicus (Basiliella?) aff. destombesi,Eoharpes sp.,1
Basilicus (Basiliella?) aff. destombesi,Nileus deynouxi,1
Basilicus (Basiliella?) aff. destombesi,Hospes sp.,1
Basilicus (Basiliella?) aff. destombesi,Ogygiocaris sp.,1
Basilicus (Basiliella?) aff. destombesi,Ormathops clariondi,1
Basilicus (Basiliella?) aff. destombesi,Pterygometopus sp.,1
Basilicus (Basiliella?) aff. destombesi,Megalaspides? sp.,1
Basilicus (Basiliella?) aff. destombesi,Iberocoryphe sp.,1
Basilicus (Basiliella?) aff. destombesi,cf. Niobella sp.,1
Basilicus (Basiliella?) aff. destombesi,Somasteroid indet. n. sp. 1,1
Basilicus (Basiliella?) aff. destombesi,Somasteroid indet. n. sp. 2,1
Basilicus (Basiliella?) aff. destombesi,Somasteroid indet. n. sp. 3,1
Basilicus (Basiliella?) aff. destombesi,Somasteroid indet.,1
Basilicus (Basiliella?) aff. destombesi,undet. Asteroidea,1
Basilicus (Basiliella?) aff. destombesi,undet. Stelleroidea,1
Basilicus (Basiliella?) aff. destombesi,Villebrunaster fezouataensis,1
Basilicus (Basiliella?) aff. destombesi,Palaeosphaeronites sp.,1
Basilicus (Basiliella?) aff. destombesi,Palaeosphaeronites? prokopi,1
Basilicus (Basiliella?) aff. destombesi,Aristocystites cf. bohemicus (sinuous?),1
Basilicus (Basiliella?) aff. destombesi,Aristocystites sp.,1
Basilicus (Basiliella?) aff. destombesi,Ascocystites? sp.,1
Basilicus (Basiliella?) aff. destombesi,Balantiocystis regnelli,1
Basilicus (Basiliella?) aff. destombesi,Balantiocystis sp.,1
Basilicus (Basiliella?) aff. destombesi,Rhopalocystis sp.,1
Basilicus (Basiliella?) aff. destombesi,Rhopalocystis dehirensis,1
Basilicus (Basiliella?) aff. destombesi,Rhopalocystis destombesi,1
Basilicus (Basiliella?) aff. destombesi,Rhopalocystis fraga,1
Basilicus (Basiliella?) aff. destombesi,Rhopalocystis grandis,1
Basilicus (Basiliella?) aff. destombesi,Rhopalocystis havliceki,1
Basilicus (Basiliella?) aff. destombesi,Rhopalocystis lehmani,1
Basilicus (Basiliella?) aff. destombesi,Rhopalocystis zagoraensis,1
Basilicus (Basiliella?) aff. destombesi,Rhopalocystis sp. A,1
Basilicus (Basiliella?) aff. destombesi,Rhopalocystis sp. B,1
Basilicus (Basiliella?) aff. destombesi,Rhopalocystis sp. C,1
Basilicus (Basiliella?) aff. destombesi,cf. Rhopalocystis,1
Basilicus (Basiliella?) aff. destombesi,Lingulocystis aff. deani,1
Basilicus (Basiliella?) aff. destombesi,Lingulocystis elongata,1
Basilicus (Basiliella?) aff. destombesi,cf. Pareocrinus,1
Basilicus (Basiliella?) aff. destombesi,Eocrinoidea indet. sp. 1,1
Basilicus (Basiliella?) aff. destombesi,Eocrinoidea indet. sp. 2,1
Basilicus (Basiliella?) aff. destombesi,Eocrinoidea indet.,1
Basilicus (Basiliella?) aff. destombesi,Ramseyocrinus sp.,1
Basilicus (Basiliella?) aff. destombesi,Crinoid 2,1
Basilicus (Basiliella?) aff. destombesi,Aethocrinus cf. moorei,1
Basilicus (Basiliella?) aff. destombesi,Iocrinus n. sp.,1
Basilicus (Basiliella?) aff. destombesi,Cystoidea?/undet. Cystoidea,1
Basilicus (Basiliella?) aff. destombesi,Argodiscus espilezorum,1
Basilicus (Basiliella?) aff. destombesi,Anedriophus moroccoensis,1
Basilicus (Basiliella?) aff. destombesi,Rhenopyrgid indet.,1
Basilicus (Basiliella?) aff. destombesi,Ampelocarpus sp.,1
Basilicus (Basiliella?) aff. destombesi,Amygdalotheca griffei,1
Basilicus (Basiliella?) aff. destombesi,Anatifopsis escandei,1
Basilicus (Basiliella?) aff. destombesi,Anatifopsis trapeziiformis,1
Basilicus (Basiliella?) aff. destombesi,Anatifopsis sp.,1
Basilicus (Basiliella?) aff. destombesi,"Anomalocystid n. gen., n. sp. ",1
Basilicus (Basiliella?) aff. destombesi,Aspidocarpus sp.,1
Basilicus (Basiliella?) aff. destombesi,Arauricystis? sp.,1
Basilicus (Basiliella?) aff. destombesi,Balanocystites primus,1
Basilicus (Basiliella?) aff. destombesi,Bohemiaecystis,1
Basilicus (Basiliella?) aff. destombesi,Chauvelicystis ubaghsi,1
Basilicus (Basiliella?) aff. destombesi,Chauvelicystis spinosa,1
Basilicus (Basiliella?) aff. destombesi,Chauvelicystis vizcainoi,1
Basilicus (Basiliella?) aff. destombesi,Chauvelicystis sp.,1
Basilicus (Basiliella?) aff. destombesi,"Chauvelicystid n. gen., n. sp. 1",1
Basilicus (Basiliella?) aff. destombesi,"Chauvelicystid n. gen., n. sp. 2",1
Basilicus (Basiliella?) aff. destombesi,Chinianocarpos sp.,1
Basilicus (Basiliella?) aff. destombesi,"Cornuta n. gen. 1, n. sp.",1
Basilicus (Basiliella?) aff. destombesi,"Cornuta n. gen. 2, n. sp.",1
Basilicus (Basiliella?) aff. destombesi,Flabellicarpus rushtoni,1
Basilicus (Basiliella?) aff. destombesi,Flabellicarpus?,1
Basilicus (Basiliella?) aff. destombesi,Galliaecystis n. sp.,1
Basilicus (Basiliella?) aff. destombesi,Galliaecystis ubaghsi,1
Basilicus (Basiliella?) aff. destombesi,Hanusia n. sp.,1
Basilicus (Basiliella?) aff. destombesi,Lagynocystis pyramidalis,1
Basilicus (Basiliella?) aff. destombesi,Lyricocarpus courtessolei,1
Basilicus (Basiliella?) aff. destombesi,Milonicystis sp.,1
Basilicus (Basiliella?) aff. destombesi,Mitrocystitid indet. cf. Ovocarpus,1
Basilicus (Basiliella?) aff. destombesi,Nanocarpus cf. dolambii,1
Basilicus (Basiliella?) aff. destombesi,Phyllocystis blayaci,1
Basilicus (Basiliella?) aff. destombesi,Phyllocystis sp.,1
Basilicus (Basiliella?) aff. destombesi,Procothurnocystis n. sp.,1
Basilicus (Basiliella?) aff. destombesi,Prokopicystis sp.,1
Basilicus (Basiliella?) aff. destombesi,Thoralicystis zagoraensis,1
Basilicus (Basiliella?) aff. destombesi,Thoralicystis n. sp.,1
Basilicus (Basiliella?) aff. destombesi,Vizcainocarpus sp.,1
Basilicus (Basiliella?) aff. destombesi,Cothurnocystid indetl.,1
Basilicus (Basiliella?) aff. destombesi,Hanusiid indet.,1
Basilicus (Basiliella?) aff. destombesi,Peltocystis cornuta,1
Basilicus (Basiliella?) aff. destombesi,Scotiaevystis? sp.,1
Basilicus (Basiliella?) aff. destombesi,Macrocystella sp.,1
Basilicus (Basiliella?) aff. destombesi,Macrocystella bohemica,1
Basilicus (Basiliella?) aff. destombesi,Macrocystella cf. mariae,1
Basilicus (Basiliella?) aff. destombesi,Macrocystella tasseftensis,1
Basilicus (Basiliella?) aff. destombesi,cf. Castericystis,1
Basilicus (Basiliella?) aff. destombesi,cf. Minervaecystis,1
Basilicus (Basiliella?) aff. destombesi,Plasiacystis mobilis,1
Basilicus (Basiliella?) aff. destombesi,Plasiacystis sp.,1
Basilicus (Basiliella?) aff. destombesi,Nimchacystis agterbosi,1
Basilicus (Basiliella?) aff. destombesi,undet. Ophiuroidea,1
Basilicus (Basiliella?) aff. destombesi,Elegantilites sp.,1
Basilicus (Basiliella?) aff. destombesi,Gamalites? sp.,1
Basilicus (Basiliella?) aff. destombesi,Gompholites sp.,1
Basilicus (Basiliella?) aff. destombesi,Nephrotheca sp.,1
Basilicus (Basiliella?) aff. destombesi,Hyolithes sp.,1
Basilicus (Basiliella?) aff. destombesi,Pauxillites thaddei,1
Basilicus (Basiliella?) aff. destombesi,Pauxillites sp.,1
Basilicus (Basiliella?) sp. A,Benthic detritus,1
Basilicus (Basiliella?) sp. A,Acrothele sp.,1
Basilicus (Basiliella?) sp. A,Plectorthis simplex,1
Basilicus (Basiliella?) sp. A,Angusticardinia sp.,1
Basilicus (Basiliella?) sp. A,Paurorthis tadristensis,1
Basilicus (Basiliella?) sp. A,Tarfaya marocana,1
Basilicus (Basiliella?) sp. A,Monobolina sp.,1
Basilicus (Basiliella?) sp. A,Elliptoglossa sp.,1
Basilicus (Basiliella?) sp. A,Celdobolus sp.,1
Basilicus (Basiliella?) sp. A,Discinoidea?,1
Basilicus (Basiliella?) sp. A,Babinka prima,1
Basilicus (Basiliella?) sp. A,Redonia michelae,1
Basilicus (Basiliella?) sp. A,Alococoncha?,1
Basilicus (Basiliella?) sp. A,Cardiolaria? sp.,1
Basilicus (Basiliella?) sp. A,Pelecyogyra fezouataensis,1
Basilicus (Basiliella?) sp. A,Lesueurilla prima,1
Basilicus (Basiliella?) sp. A,undet. Platyceratoidea,1
Basilicus (Basiliella?) sp. A,undet. Monoplacophora,1
Basilicus (Basiliella?) sp. A,Thoralispira laevis,1
Basilicus (Basiliella?) sp. A,Thoralispira? cf. occitana,1
Basilicus (Basiliella?) sp. A,Wiwaxiid,1
Basilicus (Basiliella?) sp. A,Halkieriid,1
Basilicus (Basiliella?) sp. A,Helcionelloid,1
Basilicus (Basiliella?) sp. A,Calvapilosa kroegeri,1
Basilicus (Basiliella?) sp. A,Plumulites bengtsoni,2
Basilicus (Basiliella?) sp. A,Large plumulitid,2
Basilicus (Basiliella?) sp. A,Possible phyllodocid,2
Basilicus (Basiliella?) sp. A,Palaeoscolex cf. tenensis,2
Basilicus (Basiliella?) sp. A,Priapulid,2
Basilicus (Basiliella?) sp. A,Large taxon with spinose limbs,1
Basilicus (Basiliella?) sp. A,Small taxon with spinose limbs,1
Basilicus (Basiliella?) sp. A,Armoured lobopodian 1,1
Basilicus (Basiliella?) sp. A,Armoured lobopodian 2,1
Basilicus (Basiliella?) sp. A,Armoured lobopodian 3,1
Basilicus (Basiliella?) sp. A,Diania-like lobopodian,1
Basilicus (Basiliella?) sp. A,Furca sp. 1,1
Basilicus (Basiliella?) sp. A,Furca sp. 2,1
Basilicus (Basiliella?) sp. A,Furca sp. 3,1
Basilicus (Basiliella?) sp. A,Marrella sp.,1
Basilicus (Basiliella?) sp. A,Possible waptiid,1
Basilicus (Basiliella?) sp. A,Possible pycnogonid,1
Basilicus (Basiliella?) sp. A,Xiphosurid,1
Basilicus (Basiliella?) sp. A,Possible retifaciid,1
Basilicus (Basiliella?) sp. A,Chlupacaris? sp.,1
Basilicus (Basiliella?) sp. A,Tremaglaspis sp.,1
Basilicus (Basiliella?) sp. A,Brachyaglaspis singularis,1
Basilicus (Basiliella?) sp. A,Cheloniellid,1
Basilicus (Basiliella?) sp. A,Eoduslia,1
Basilicus (Basiliella?) sp. A,Asaphellus fezouataensis ,1
Basilicus (Basiliella?) sp. A,Asaphellus sp aff. jujuanus,1
Basilicus (Basiliella?) sp. A,Asaphellus tataensis,1
Basilicus (Basiliella?) sp. A,Asaphellus sp.,1
Basilicus (Basiliella?) sp. A,Asaphopsis sp.,1
Basilicus (Basiliella?) sp. A,Kierarges morrisoni,1
Basilicus (Basiliella?) sp. A,Playpeltoides carmenae,1
Basilicus (Basiliella?) sp. A,Symphysurus sicardi,1
Basilicus (Basiliella?) sp. A,Symphysurus ebbestadi,1
Basilicus (Basiliella?) sp. A,Symphysurus sp.,1
Basilicus (Basiliella?) sp. A,Apatokephalus cf. incisus,1
Basilicus (Basiliella?) sp. A,Parvilichas marochii,1
Basilicus (Basiliella?) sp. A,Selenopeltis aff. Gallica,1
Basilicus (Basiliella?) sp. A,Selenopeltis binodosa,1
Basilicus (Basiliella?) sp. A,Selenopeltis sp. 1,1
Basilicus (Basiliella?) sp. A,Selenopeltis sp. 2,1
Basilicus (Basiliella?) sp. A,Harpides sp.,1
Basilicus (Basiliella?) sp. A,Foulonia peregrina,1
Basilicus (Basiliella?) sp. A,Foulonia sp.,1
Basilicus (Basiliella?) sp. A,Bavarilla aff. zemmourensis,1
Basilicus (Basiliella?) sp. A,Bavarilla zemmourensis,1
Basilicus (Basiliella?) sp. A,Bavarilla sp.,1
Basilicus (Basiliella?) sp. A,Colpocoryphe thorali,1
Basilicus (Basiliella?) sp. A,Colpocoryphe sp.,1
Basilicus (Basiliella?) sp. A,Pharostomina sp. ,1
Basilicus (Basiliella?) sp. A,Prionocheilus aff. languedocensis,1
Basilicus (Basiliella?) sp. A,Prionocheilus sp.,1
Basilicus (Basiliella?) sp. A,Euloma sp.,1
Basilicus (Basiliella?) sp. A,Ceraurinella? sp.,1
Basilicus (Basiliella?) sp. A,Megalaspidella sp.,1
Basilicus (Basiliella?) sp. A,Megistaspis (Ekeraspis) sp. indet.,1
Basilicus (Basiliella?) sp. A,Neseuretus cf. attenuatus,1
Basilicus (Basiliella?) sp. A,Neseuretus aff. attenuatus,1
Basilicus (Basiliella?) sp. A,Platycoryphe sp.,1
Basilicus (Basiliella?) sp. A,Parabathycheilus gallicus,1
Basilicus (Basiliella?) sp. A,Anacheirurus adserai,1
Basilicus (Basiliella?) sp. A,Eoharpes sp.,1
Basilicus (Basiliella?) sp. A,Ormathops clariondi,1
Basilicus (Basiliella?) sp. A,Pterygometopus sp.,1
Basilicus (Basiliella?) sp. A,Megalaspides? sp.,1
Basilicus (Basiliella?) sp. A,Iberocoryphe sp.,1
Basilicus (Basiliella?) sp. A,Somasteroid indet. n. sp. 1,1
Basilicus (Basiliella?) sp. A,Somasteroid indet. n. sp. 2,1
Basilicus (Basiliella?) sp. A,Somasteroid indet. n. sp. 3,1
Basilicus (Basiliella?) sp. A,Somasteroid indet.,1
Basilicus (Basiliella?) sp. A,undet. Stelleroidea,1
Basilicus (Basiliella?) sp. A,Villebrunaster fezouataensis,1
Basilicus (Basiliella?) sp. A,Palaeosphaeronites sp.,1
Basilicus (Basiliella?) sp. A,Palaeosphaeronites? prokopi,1
Basilicus (Basiliella?) sp. A,Aristocystites cf. bohemicus (sinuous?),1
Basilicus (Basiliella?) sp. A,Aristocystites sp.,1
Basilicus (Basiliella?) sp. A,Ascocystites? sp.,1
Basilicus (Basiliella?) sp. A,Balantiocystis regnelli,1
Basilicus (Basiliella?) sp. A,Balantiocystis sp.,1
Basilicus (Basiliella?) sp. A,Rhopalocystis sp.,1
Basilicus (Basiliella?) sp. A,Rhopalocystis dehirensis,1
Basilicus (Basiliella?) sp. A,Rhopalocystis destombesi,1
Basilicus (Basiliella?) sp. A,Rhopalocystis fraga,1
Basilicus (Basiliella?) sp. A,Rhopalocystis grandis,1
Basilicus (Basiliella?) sp. A,Rhopalocystis havliceki,1
Basilicus (Basiliella?) sp. A,Rhopalocystis lehmani,1
Basilicus (Basiliella?) sp. A,Rhopalocystis zagoraensis,1
Basilicus (Basiliella?) sp. A,Rhopalocystis sp. A,1
Basilicus (Basiliella?) sp. A,Rhopalocystis sp. B,1
Basilicus (Basiliella?) sp. A,Rhopalocystis sp. C,1
Basilicus (Basiliella?) sp. A,cf. Rhopalocystis,1
Basilicus (Basiliella?) sp. A,Lingulocystis aff. deani,1
Basilicus (Basiliella?) sp. A,Lingulocystis elongata,1
Basilicus (Basiliella?) sp. A,cf. Pareocrinus,1
Basilicus (Basiliella?) sp. A,Eocrinoidea indet. sp. 1,1
Basilicus (Basiliella?) sp. A,Eocrinoidea indet. sp. 2,1
Basilicus (Basiliella?) sp. A,Eocrinoidea indet.,1
Basilicus (Basiliella?) sp. A,Ramseyocrinus sp.,1
Basilicus (Basiliella?) sp. A,Crinoid 2,1
Basilicus (Basiliella?) sp. A,Aethocrinus cf. moorei,1
Basilicus (Basiliella?) sp. A,Iocrinus n. sp.,1
Basilicus (Basiliella?) sp. A,Cystoidea?/undet. Cystoidea,1
Basilicus (Basiliella?) sp. A,Argodiscus espilezorum,1
Basilicus (Basiliella?) sp. A,Anedriophus moroccoensis,1
Basilicus (Basiliella?) sp. A,Rhenopyrgid indet.,1
Basilicus (Basiliella?) sp. A,Ampelocarpus sp.,1
Basilicus (Basiliella?) sp. A,Amygdalotheca griffei,1
Basilicus (Basiliella?) sp. A,Anatifopsis escandei,1
Basilicus (Basiliella?) sp. A,Anatifopsis trapeziiformis,1
Basilicus (Basiliella?) sp. A,Anatifopsis sp.,1
Basilicus (Basiliella?) sp. A,"Anomalocystid n. gen., n. sp. ",1
Basilicus (Basiliella?) sp. A,Aspidocarpus sp.,1
Basilicus (Basiliella?) sp. A,Balanocystites primus,1
Basilicus (Basiliella?) sp. A,Bohemiaecystis,1
Basilicus (Basiliella?) sp. A,Chauvelicystis ubaghsi,1
Basilicus (Basiliella?) sp. A,Chauvelicystis spinosa,1
Basilicus (Basiliella?) sp. A,Chauvelicystis vizcainoi,1
Basilicus (Basiliella?) sp. A,Chauvelicystis sp.,1
Basilicus (Basiliella?) sp. A,"Chauvelicystid n. gen., n. sp. 1",1
Basilicus (Basiliella?) sp. A,"Chauvelicystid n. gen., n. sp. 2",1
Basilicus (Basiliella?) sp. A,Chinianocarpos sp.,1
Basilicus (Basiliella?) sp. A,"Cornuta n. gen. 1, n. sp.",1
Basilicus (Basiliella?) sp. A,"Cornuta n. gen. 2, n. sp.",1
Basilicus (Basiliella?) sp. A,Flabellicarpus rushtoni,1
Basilicus (Basiliella?) sp. A,Flabellicarpus?,1
Basilicus (Basiliella?) sp. A,Galliaecystis n. sp.,1
Basilicus (Basiliella?) sp. A,Galliaecystis ubaghsi,1
Basilicus (Basiliella?) sp. A,Lagynocystis pyramidalis,1
Basilicus (Basiliella?) sp. A,Lyricocarpus courtessolei,1
Basilicus (Basiliella?) sp. A,Milonicystis sp.,1
Basilicus (Basiliella?) sp. A,Mitrocystitid indet. cf. Ovocarpus,1
Basilicus (Basiliella?) sp. A,Nanocarpus cf. dolambii,1
Basilicus (Basiliella?) sp. A,Phyllocystis blayaci,1
Basilicus (Basiliella?) sp. A,Phyllocystis sp.,1
Basilicus (Basiliella?) sp. A,Procothurnocystis n. sp.,1
Basilicus (Basiliella?) sp. A,Prokopicystis sp.,1
Basilicus (Basiliella?) sp. A,Thoralicystis zagoraensis,1
Basilicus (Basiliella?) sp. A,Vizcainocarpus sp.,1
Basilicus (Basiliella?) sp. A,Cothurnocystid indetl.,1
Basilicus (Basiliella?) sp. A,Macrocystella sp.,1
Basilicus (Basiliella?) sp. A,Macrocystella bohemica,1
Basilicus (Basiliella?) sp. A,Macrocystella cf. mariae,1
Basilicus (Basiliella?) sp. A,Macrocystella tasseftensis,1
Basilicus (Basiliella?) sp. A,cf. Castericystis,1
Basilicus (Basiliella?) sp. A,cf. Minervaecystis,1
Basilicus (Basiliella?) sp. A,Plasiacystis mobilis,1
Basilicus (Basiliella?) sp. A,Plasiacystis sp.,1
Basilicus (Basiliella?) sp. A,Nimchacystis agterbosi,1
Basilicus (Basiliella?) sp. A,undet. Ophiuroidea,1
Basilicus (Basiliella?) sp. A,Cavernolites senex,1
Basilicus (Basiliella?) sp. A,Elegantilites sp.,1
Basilicus (Basiliella?) sp. A,Gamalites? sp.,1
Basilicus (Basiliella?) sp. A,Gompholites sp.,1
Basilicus (Basiliella?) sp. A,Nephrotheca sp.,1
Basilicus (Basiliella?) sp. A,Pauxillites thaddei,1
Basilicus (Basiliella?) sp. A,Pauxillites sp.,1
Basilicus (Basiliella?) sp. B,Benthic detritus,1
Basilicus (Basiliella?) sp. B,Acrothele sp.,1
Basilicus (Basiliella?) sp. B,Plectorthis simplex,1
Basilicus (Basiliella?) sp. B,Angusticardinia sp.,1
Basilicus (Basiliella?) sp. B,Paurorthis tadristensis,1
Basilicus (Basiliella?) sp. B,Tarfaya marocana,1
Basilicus (Basiliella?) sp. B,Monobolina sp.,1
Basilicus (Basiliella?) sp. B,Elliptoglossa sp.,1
Basilicus (Basiliella?) sp. B,Celdobolus sp.,1
Basilicus (Basiliella?) sp. B,Discinoidea?,1
Basilicus (Basiliella?) sp. B,Babinka prima,1
Basilicus (Basiliella?) sp. B,Redonia michelae,1
Basilicus (Basiliella?) sp. B,Alococoncha?,1
Basilicus (Basiliella?) sp. B,Cardiolaria? sp.,1
Basilicus (Basiliella?) sp. B,Pelecyogyra fezouataensis,1
Basilicus (Basiliella?) sp. B,Lesueurilla prima,1
Basilicus (Basiliella?) sp. B,undet. Platyceratoidea,1
Basilicus (Basiliella?) sp. B,undet. Monoplacophora,1
Basilicus (Basiliella?) sp. B,Thoralispira laevis,1
Basilicus (Basiliella?) sp. B,Thoralispira? cf. occitana,1
Basilicus (Basiliella?) sp. B,Wiwaxiid,1
Basilicus (Basiliella?) sp. B,Halkieriid,1
Basilicus (Basiliella?) sp. B,Helcionelloid,1
Basilicus (Basiliella?) sp. B,Calvapilosa kroegeri,1
Basilicus (Basiliella?) sp. B,Plumulites bengtsoni,2
Basilicus (Basiliella?) sp. B,Large plumulitid,2
Basilicus (Basiliella?) sp. B,Possible phyllodocid,2
Basilicus (Basiliella?) sp. B,Palaeoscolex cf. tenensis,2
Basilicus (Basiliella?) sp. B,Priapulid,2
Basilicus (Basiliella?) sp. B,Large taxon with spinose limbs,1
Basilicus (Basiliella?) sp. B,Small taxon with spinose limbs,1
Basilicus (Basiliella?) sp. B,Armoured lobopodian 1,1
Basilicus (Basiliella?) sp. B,Armoured lobopodian 2,1
Basilicus (Basiliella?) sp. B,Armoured lobopodian 3,1
Basilicus (Basiliella?) sp. B,Diania-like lobopodian,1
Basilicus (Basiliella?) sp. B,Furca sp. 1,1
Basilicus (Basiliella?) sp. B,Furca sp. 2,1
Basilicus (Basiliella?) sp. B,Furca sp. 3,1
Basilicus (Basiliella?) sp. B,Marrella sp.,1
Basilicus (Basiliella?) sp. B,Possible waptiid,1
Basilicus (Basiliella?) sp. B,Possible pycnogonid,1
Basilicus (Basiliella?) sp. B,Xiphosurid,1
Basilicus (Basiliella?) sp. B,Possible retifaciid,1
Basilicus (Basiliella?) sp. B,Chlupacaris? sp.,1
Basilicus (Basiliella?) sp. B,Tremaglaspis sp.,1
Basilicus (Basiliella?) sp. B,Brachyaglaspis singularis,1
Basilicus (Basiliella?) sp. B,Cheloniellid,1
Basilicus (Basiliella?) sp. B,Eoduslia,1
Basilicus (Basiliella?) sp. B,Asaphellus fezouataensis ,1
Basilicus (Basiliella?) sp. B,Asaphellus sp aff. jujuanus,1
Basilicus (Basiliella?) sp. B,Asaphellus tataensis,1
Basilicus (Basiliella?) sp. B,Asaphellus sp.,1
Basilicus (Basiliella?) sp. B,Asaphopsis sp.,1
Basilicus (Basiliella?) sp. B,Kierarges morrisoni,1
Basilicus (Basiliella?) sp. B,Playpeltoides carmenae,1
Basilicus (Basiliella?) sp. B,Symphysurus sicardi,1
Basilicus (Basiliella?) sp. B,Symphysurus ebbestadi,1
Basilicus (Basiliella?) sp. B,Symphysurus sp.,1
Basilicus (Basiliella?) sp. B,Apatokephalus cf. incisus,1
Basilicus (Basiliella?) sp. B,Parvilichas marochii,1
Basilicus (Basiliella?) sp. B,Selenopeltis aff. Gallica,1
Basilicus (Basiliella?) sp. B,Selenopeltis binodosa,1
Basilicus (Basiliella?) sp. B,Selenopeltis sp. 1,1
Basilicus (Basiliella?) sp. B,Selenopeltis sp. 2,1
Basilicus (Basiliella?) sp. B,Harpides sp.,1
Basilicus (Basiliella?) sp. B,Foulonia peregrina,1
Basilicus (Basiliella?) sp. B,Foulonia sp.,1
Basilicus (Basiliella?) sp. B,Bavarilla aff. zemmourensis,1
Basilicus (Basiliella?) sp. B,Bavarilla zemmourensis,1
Basilicus (Basiliella?) sp. B,Bavarilla sp.,1
Basilicus (Basiliella?) sp. B,Colpocoryphe thorali,1
Basilicus (Basiliella?) sp. B,Colpocoryphe sp.,1
Basilicus (Basiliella?) sp. B,Pharostomina sp. ,1
Basilicus (Basiliella?) sp. B,Prionocheilus aff. languedocensis,1
Basilicus (Basiliella?) sp. B,Prionocheilus sp.,1
Basilicus (Basiliella?) sp. B,Euloma sp.,1
Basilicus (Basiliella?) sp. B,Ceraurinella? sp.,1
Basilicus (Basiliella?) sp. B,Megalaspidella sp.,1
Basilicus (Basiliella?) sp. B,Megistaspis (Ekeraspis) sp. indet.,1
Basilicus (Basiliella?) sp. B,Neseuretus cf. attenuatus,1
Basilicus (Basiliella?) sp. B,Neseuretus aff. attenuatus,1
Basilicus (Basiliella?) sp. B,Platycoryphe sp.,1
Basilicus (Basiliella?) sp. B,Parabathycheilus gallicus,1
Basilicus (Basiliella?) sp. B,Anacheirurus adserai,1
Basilicus (Basiliella?) sp. B,Eoharpes sp.,1
Basilicus (Basiliella?) sp. B,Ormathops clariondi,1
Basilicus (Basiliella?) sp. B,Pterygometopus sp.,1
Basilicus (Basiliella?) sp. B,Megalaspides? sp.,1
Basilicus (Basiliella?) sp. B,Iberocoryphe sp.,1
Basilicus (Basiliella?) sp. B,Somasteroid indet. n. sp. 1,1
Basilicus (Basiliella?) sp. B,Somasteroid indet. n. sp. 2,1
Basilicus (Basiliella?) sp. B,Somasteroid indet. n. sp. 3,1
Basilicus (Basiliella?) sp. B,Somasteroid indet.,1
Basilicus (Basiliella?) sp. B,undet. Stelleroidea,1
Basilicus (Basiliella?) sp. B,Villebrunaster fezouataensis,1
Basilicus (Basiliella?) sp. B,Palaeosphaeronites sp.,1
Basilicus (Basiliella?) sp. B,Palaeosphaeronites? prokopi,1
Basilicus (Basiliella?) sp. B,Aristocystites cf. bohemicus (sinuous?),1
Basilicus (Basiliella?) sp. B,Aristocystites sp.,1
Basilicus (Basiliella?) sp. B,Ascocystites? sp.,1
Basilicus (Basiliella?) sp. B,Balantiocystis regnelli,1
Basilicus (Basiliella?) sp. B,Balantiocystis sp.,1
Basilicus (Basiliella?) sp. B,Rhopalocystis sp.,1
Basilicus (Basiliella?) sp. B,Rhopalocystis dehirensis,1
Basilicus (Basiliella?) sp. B,Rhopalocystis destombesi,1
Basilicus (Basiliella?) sp. B,Rhopalocystis fraga,1
Basilicus (Basiliella?) sp. B,Rhopalocystis grandis,1
Basilicus (Basiliella?) sp. B,Rhopalocystis havliceki,1
Basilicus (Basiliella?) sp. B,Rhopalocystis lehmani,1
Basilicus (Basiliella?) sp. B,Rhopalocystis zagoraensis,1
Basilicus (Basiliella?) sp. B,Rhopalocystis sp. A,1
Basilicus (Basiliella?) sp. B,Rhopalocystis sp. B,1
Basilicus (Basiliella?) sp. B,Rhopalocystis sp. C,1
Basilicus (Basiliella?) sp. B,cf. Rhopalocystis,1
Basilicus (Basiliella?) sp. B,Lingulocystis aff. deani,1
Basilicus (Basiliella?) sp. B,Lingulocystis elongata,1
Basilicus (Basiliella?) sp. B,cf. Pareocrinus,1
Basilicus (Basiliella?) sp. B,Eocrinoidea indet. sp. 1,1
Basilicus (Basiliella?) sp. B,Eocrinoidea indet. sp. 2,1
Basilicus (Basiliella?) sp. B,Eocrinoidea indet.,1
Basilicus (Basiliella?) sp. B,Ramseyocrinus sp.,1
Basilicus (Basiliella?) sp. B,Crinoid 2,1
Basilicus (Basiliella?) sp. B,Aethocrinus cf. moorei,1
Basilicus (Basiliella?) sp. B,Iocrinus n. sp.,1
Basilicus (Basiliella?) sp. B,Cystoidea?/undet. Cystoidea,1
Basilicus (Basiliella?) sp. B,Argodiscus espilezorum,1
Basilicus (Basiliella?) sp. B,Anedriophus moroccoensis,1
Basilicus (Basiliella?) sp. B,Rhenopyrgid indet.,1
Basilicus (Basiliella?) sp. B,Ampelocarpus sp.,1
Basilicus (Basiliella?) sp. B,Amygdalotheca griffei,1
Basilicus (Basiliella?) sp. B,Anatifopsis escandei,1
Basilicus (Basiliella?) sp. B,Anatifopsis trapeziiformis,1
Basilicus (Basiliella?) sp. B,Anatifopsis sp.,1
Basilicus (Basiliella?) sp. B,"Anomalocystid n. gen., n. sp. ",1
Basilicus (Basiliella?) sp. B,Aspidocarpus sp.,1
Basilicus (Basiliella?) sp. B,Balanocystites primus,1
Basilicus (Basiliella?) sp. B,Bohemiaecystis,1
Basilicus (Basiliella?) sp. B,Chauvelicystis ubaghsi,1
Basilicus (Basiliella?) sp. B,Chauvelicystis spinosa,1
Basilicus (Basiliella?) sp. B,Chauvelicystis vizcainoi,1
Basilicus (Basiliella?) sp. B,Chauvelicystis sp.,1
Basilicus (Basiliella?) sp. B,"Chauvelicystid n. gen., n. sp. 1",1
Basilicus (Basiliella?) sp. B,"Chauvelicystid n. gen., n. sp. 2",1
Basilicus (Basiliella?) sp. B,Chinianocarpos sp.,1
Basilicus (Basiliella?) sp. B,"Cornuta n. gen. 1, n. sp.",1
Basilicus (Basiliella?) sp. B,"Cornuta n. gen. 2, n. sp.",1
Basilicus (Basiliella?) sp. B,Flabellicarpus rushtoni,1
Basilicus (Basiliella?) sp. B,Flabellicarpus?,1
Basilicus (Basiliella?) sp. B,Galliaecystis n. sp.,1
Basilicus (Basiliella?) sp. B,Galliaecystis ubaghsi,1
Basilicus (Basiliella?) sp. B,Lagynocystis pyramidalis,1
Basilicus (Basiliella?) sp. B,Lyricocarpus courtessolei,1
Basilicus (Basiliella?) sp. B,Milonicystis sp.,1
Basilicus (Basiliella?) sp. B,Mitrocystitid indet. cf. Ovocarpus,1
Basilicus (Basiliella?) sp. B,Nanocarpus cf. dolambii,1
Basilicus (Basiliella?) sp. B,Phyllocystis blayaci,1
Basilicus (Basiliella?) sp. B,Phyllocystis sp.,1
Basilicus (Basiliella?) sp. B,Procothurnocystis n. sp.,1
Basilicus (Basiliella?) sp. B,Prokopicystis sp.,1
Basilicus (Basiliella?) sp. B,Thoralicystis zagoraensis,1
Basilicus (Basiliella?) sp. B,Vizcainocarpus sp.,1
Basilicus (Basiliella?) sp. B,Cothurnocystid indetl.,1
Basilicus (Basiliella?) sp. B,Macrocystella sp.,1
Basilicus (Basiliella?) sp. B,Macrocystella bohemica,1
Basilicus (Basiliella?) sp. B,Macrocystella cf. mariae,1
Basilicus (Basiliella?) sp. B,Macrocystella tasseftensis,1
Basilicus (Basiliella?) sp. B,cf. Castericystis,1
Basilicus (Basiliella?) sp. B,cf. Minervaecystis,1
Basilicus (Basiliella?) sp. B,Plasiacystis mobilis,1
Basilicus (Basiliella?) sp. B,Plasiacystis sp.,1
Basilicus (Basiliella?) sp. B,Nimchacystis agterbosi,1
Basilicus (Basiliella?) sp. B,undet. Ophiuroidea,1
Basilicus (Basiliella?) sp. B,Cavernolites senex,1
Basilicus (Basiliella?) sp. B,Elegantilites sp.,1
Basilicus (Basiliella?) sp. B,Gamalites? sp.,1
Basilicus (Basiliella?) sp. B,Gompholites sp.,1
Basilicus (Basiliella?) sp. B,Nephrotheca sp.,1
Basilicus (Basiliella?) sp. B,Pauxillites thaddei,1
Basilicus (Basiliella?) sp. B,Pauxillites sp.,1
Basilicus (Basilicus) vidali,Benthic detritus,1
Basilicus (Basilicus) vidali,Ranorthis fasciata,1
Basilicus (Basilicus) vidali,Acrothele sp.,1
Basilicus (Basilicus) vidali,Plectorthis simplex,1
Basilicus (Basilicus) vidali,Angusticardinia sp.,1
Basilicus (Basilicus) vidali,Paurorthis tadristensis,1
Basilicus (Basilicus) vidali,Tarfaya marocana,1
Basilicus (Basilicus) vidali,Monobolina sp.,1
Basilicus (Basilicus) vidali,Elliptoglossa sp.,1
Basilicus (Basilicus) vidali,Celdobolus sp.,1
Basilicus (Basilicus) vidali,Discinoidea?,1
Basilicus (Basilicus) vidali,undet. Dalmanelloidea,1
Basilicus (Basilicus) vidali,Babinka prima,1
Basilicus (Basilicus) vidali,Praenucula sp.,1
Basilicus (Basilicus) vidali,Redonia michelae,1
Basilicus (Basilicus) vidali,Alococoncha?,1
Basilicus (Basilicus) vidali,Cardiolaria? sp.,1
Basilicus (Basilicus) vidali,Pelecyogyra fezouataensis,1
Basilicus (Basilicus) vidali,Sinuites sp.,1
Basilicus (Basilicus) vidali,Lesueurilla prima,1
Basilicus (Basilicus) vidali,undet. Platyceratoidea,1
Basilicus (Basilicus) vidali,undet. Monoplacophora,1
Basilicus (Basilicus) vidali,Thoralispira laevis,1
Basilicus (Basilicus) vidali,Thoralispira? cf. occitana,1
Basilicus (Basilicus) vidali,Ribeiria sp.,1
Basilicus (Basilicus) vidali,Tolmachovia?,1
Basilicus (Basilicus) vidali,Wiwaxiid,1
Basilicus (Basilicus) vidali,Halkieriid,1
Basilicus (Basilicus) vidali,Helcionelloid,1
Basilicus (Basilicus) vidali,Calvapilosa kroegeri,1
Basilicus (Basilicus) vidali,Plumulites bengtsoni,2
Basilicus (Basilicus) vidali,Large plumulitid,2
Basilicus (Basilicus) vidali,Possible phyllodocid,2
Basilicus (Basilicus) vidali,Palaeoscolex cf. tenensis,2
Basilicus (Basilicus) vidali,Priapulid,2
Basilicus (Basilicus) vidali,Large taxon with spinose limbs,1
Basilicus (Basilicus) vidali,Small taxon with spinose limbs,1
Basilicus (Basilicus) vidali,Armoured lobopodian 1,1
Basilicus (Basilicus) vidali,Armoured lobopodian 2,1
Basilicus (Basilicus) vidali,Armoured lobopodian 3,1
Basilicus (Basilicus) vidali,Diania-like lobopodian,1
Basilicus (Basilicus) vidali,Furca sp. 1,1
Basilicus (Basilicus) vidali,Furca sp. 2,1
Basilicus (Basilicus) vidali,Furca sp. 3,1
Basilicus (Basilicus) vidali,Marrella sp.,1
Basilicus (Basilicus) vidali,Enosiaspis hrungnir,1
Basilicus (Basilicus) vidali,Possible waptiid,1
Basilicus (Basilicus) vidali,Chasmataspidid,1
Basilicus (Basilicus) vidali,Possible pycnogonid,1
Basilicus (Basilicus) vidali,Xiphosurid,1
Basilicus (Basilicus) vidali,Possible retifaciid,1
Basilicus (Basilicus) vidali,Chlupacaris? sp.,1
Basilicus (Basilicus) vidali,Tremaglaspis sp.,1
Basilicus (Basilicus) vidali,Brachyaglaspis singularis,1
Basilicus (Basilicus) vidali,Cheloniellid,1
Basilicus (Basilicus) vidali,Phyllocarid,1
Basilicus (Basilicus) vidali,Eoduslia,1
Basilicus (Basilicus) vidali,Asaphellus fezouataensis ,1
Basilicus (Basilicus) vidali,Asaphellus sp aff. jujuanus,1
Basilicus (Basilicus) vidali,Asaphellus tataensis,1
Basilicus (Basilicus) vidali,Asaphellus sp.,1
Basilicus (Basilicus) vidali,Kierarges morrisoni,1
Basilicus (Basilicus) vidali,Playpeltoides carmenae,1
Basilicus (Basilicus) vidali,Symphysurus sicardi,1
Basilicus (Basilicus) vidali,Symphysurus ebbestadi,1
Basilicus (Basilicus) vidali,Symphysurus sp.,1
Basilicus (Basilicus) vidali,Apatokephalus cf. incisus,1
Basilicus (Basilicus) vidali,Cnemidopyge sp.,1
Basilicus (Basilicus) vidali,Parvilichas marochii,1
Basilicus (Basilicus) vidali,Selenopeltis aff. Gallica,1
Basilicus (Basilicus) vidali,Selenopeltis binodosa,1
Basilicus (Basilicus) vidali,Selenopeltis sp. 1,1
Basilicus (Basilicus) vidali,Selenopeltis sp. 2,1
Basilicus (Basilicus) vidali,Harpides sp.,1
Basilicus (Basilicus) vidali,Foulonia peregrina,1
Basilicus (Basilicus) vidali,Foulonia sp.,1
Basilicus (Basilicus) vidali,Toletanaspis aff. borni,1
Basilicus (Basilicus) vidali,undet. Dalmanitacea,1
Basilicus (Basilicus) vidali,Bathycheilus gallicus,1
Basilicus (Basilicus) vidali,Bavarilla aff. zemmourensis,1
Basilicus (Basilicus) vidali,Bavarilla zemmourensis,1
Basilicus (Basilicus) vidali,Bavarilla sp.,1
Basilicus (Basilicus) vidali,Colpocoryphe thorali,1
Basilicus (Basilicus) vidali,Colpocoryphe pradesensis,1
Basilicus (Basilicus) vidali,Colpocoryphe sp.,1
Basilicus (Basilicus) vidali,Pharostoma sp.,1
Basilicus (Basilicus) vidali,Pharostomina sp. ,1
Basilicus (Basilicus) vidali,Prionocheilus aff. languedocensis,1
Basilicus (Basilicus) vidali,Prionocheilus sp.,1
Basilicus (Basilicus) vidali,Euloma sp.,1
Basilicus (Basilicus) vidali,Beltella sp.,1
Basilicus (Basilicus) vidali,Ampyx priscus,1
Basilicus (Basilicus) vidali,Ampyx cf. priscus,1
Basilicus (Basilicus) vidali,Ceraurinella? sp.,1
Basilicus (Basilicus) vidali,Megalaspidella sp.,1
Basilicus (Basilicus) vidali,Megistaspis (Ekeraspis) sp. indet.,1
Basilicus (Basilicus) vidali,Neseuretus cf. attenuatus,1
Basilicus (Basilicus) vidali,Neseuretus aff. attenuatus,1
Basilicus (Basilicus) vidali,Platycoryphe sp.,1
Basilicus (Basilicus) vidali,Parabathycheilus gallicus,1
Basilicus (Basilicus) vidali,Anacheirurus adserai,1
Basilicus (Basilicus) vidali,Eoharpes sp.,1
Basilicus (Basilicus) vidali,Ormathops clariondi,1
Basilicus (Basilicus) vidali,Pterygometopus sp.,1
Basilicus (Basilicus) vidali,Megalaspides? sp.,1
Basilicus (Basilicus) vidali,Iberocoryphe sp.,1
Basilicus (Basilicus) vidali,cf. Niobella sp.,1
Basilicus (Basilicus) vidali,Somasteroid indet. n. sp. 1,1
Basilicus (Basilicus) vidali,Somasteroid indet. n. sp. 2,1
Basilicus (Basilicus) vidali,Somasteroid indet. n. sp. 3,1
Basilicus (Basilicus) vidali,Somasteroid indet.,1
Basilicus (Basilicus) vidali,undet. Stelleroidea,1
Basilicus (Basilicus) vidali,Villebrunaster fezouataensis,1
Basilicus (Basilicus) vidali,Palaeosphaeronites sp.,1
Basilicus (Basilicus) vidali,Palaeosphaeronites? prokopi,1
Basilicus (Basilicus) vidali,Aristocystites cf. bohemicus (sinuous?),1
Basilicus (Basilicus) vidali,Aristocystites sp.,1
Basilicus (Basilicus) vidali,Ascocystites? sp.,1
Basilicus (Basilicus) vidali,Balantiocystis regnelli,1
Basilicus (Basilicus) vidali,Balantiocystis sp.,1
Basilicus (Basilicus) vidali,Rhopalocystis sp.,1
Basilicus (Basilicus) vidali,Rhopalocystis dehirensis,1
Basilicus (Basilicus) vidali,Rhopalocystis destombesi,1
Basilicus (Basilicus) vidali,Rhopalocystis fraga,1
Basilicus (Basilicus) vidali,Rhopalocystis grandis,1
Basilicus (Basilicus) vidali,Rhopalocystis havliceki,1
Basilicus (Basilicus) vidali,Rhopalocystis lehmani,1
Basilicus (Basilicus) vidali,Rhopalocystis zagoraensis,1
Basilicus (Basilicus) vidali,Rhopalocystis sp. A,1
Basilicus (Basilicus) vidali,Rhopalocystis sp. B,1
Basilicus (Basilicus) vidali,Rhopalocystis sp. C,1
Basilicus (Basilicus) vidali,cf. Rhopalocystis,1
Basilicus (Basilicus) vidali,Lingulocystis aff. deani,1
Basilicus (Basilicus) vidali,Lingulocystis elongata,1
Basilicus (Basilicus) vidali,cf. Pareocrinus,1
Basilicus (Basilicus) vidali,Eocrinoidea indet. sp. 1,1
Basilicus (Basilicus) vidali,Eocrinoidea indet. sp. 2,1
Basilicus (Basilicus) vidali,Eocrinoidea indet.,1
Basilicus (Basilicus) vidali,Ramseyocrinus sp.,1
Basilicus (Basilicus) vidali,Crinoid 2,1
Basilicus (Basilicus) vidali,Aethocrinus cf. moorei,1
Basilicus (Basilicus) vidali,Iocrinus n. sp.,1
Basilicus (Basilicus) vidali,Cystoidea?/undet. Cystoidea,1
Basilicus (Basilicus) vidali,Argodiscus espilezorum,1
Basilicus (Basilicus) vidali,Anedriophus moroccoensis,1
Basilicus (Basilicus) vidali,Rhenopyrgid indet.,1
Basilicus (Basilicus) vidali,Ampelocarpus sp.,1
Basilicus (Basilicus) vidali,Amygdalotheca griffei,1
Basilicus (Basilicus) vidali,Anatifopsis escandei,1
Basilicus (Basilicus) vidali,Anatifopsis trapeziiformis,1
Basilicus (Basilicus) vidali,Anatifopsis sp.,1
Basilicus (Basilicus) vidali,"Anomalocystid n. gen., n. sp. ",1
Basilicus (Basilicus) vidali,Aspidocarpus sp.,1
Basilicus (Basilicus) vidali,Balanocystites primus,1
Basilicus (Basilicus) vidali,Bohemiaecystis,1
Basilicus (Basilicus) vidali,Chauvelicystis ubaghsi,1
Basilicus (Basilicus) vidali,Chauvelicystis spinosa,1
Basilicus (Basilicus) vidali,Chauvelicystis vizcainoi,1
Basilicus (Basilicus) vidali,Chauvelicystis sp.,1
Basilicus (Basilicus) vidali,"Chauvelicystid n. gen., n. sp. 1",1
Basilicus (Basilicus) vidali,"Chauvelicystid n. gen., n. sp. 2",1
Basilicus (Basilicus) vidali,Chinianocarpos sp.,1
Basilicus (Basilicus) vidali,"Cornuta n. gen. 1, n. sp.",1
Basilicus (Basilicus) vidali,"Cornuta n. gen. 2, n. sp.",1
Basilicus (Basilicus) vidali,Flabellicarpus rushtoni,1
Basilicus (Basilicus) vidali,Flabellicarpus?,1
Basilicus (Basilicus) vidali,Galliaecystis n. sp.,1
Basilicus (Basilicus) vidali,Galliaecystis ubaghsi,1
Basilicus (Basilicus) vidali,Hanusia n. sp.,1
Basilicus (Basilicus) vidali,Lagynocystis pyramidalis,1
Basilicus (Basilicus) vidali,Lyricocarpus courtessolei,1
Basilicus (Basilicus) vidali,Milonicystis sp.,1
Basilicus (Basilicus) vidali,Mitrocystitid indet. cf. Ovocarpus,1
Basilicus (Basilicus) vidali,Nanocarpus cf. dolambii,1
Basilicus (Basilicus) vidali,Phyllocystis blayaci,1
Basilicus (Basilicus) vidali,Phyllocystis sp.,1
Basilicus (Basilicus) vidali,Procothurnocystis n. sp.,1
Basilicus (Basilicus) vidali,Prokopicystis sp.,1
Basilicus (Basilicus) vidali,Thoralicystis zagoraensis,1
Basilicus (Basilicus) vidali,Thoralicystis n. sp.,1
Basilicus (Basilicus) vidali,Vizcainocarpus sp.,1
Basilicus (Basilicus) vidali,Cothurnocystid indetl.,1
Basilicus (Basilicus) vidali,Hanusiid indet.,1
Basilicus (Basilicus) vidali,Macrocystella sp.,1
Basilicus (Basilicus) vidali,Macrocystella bohemica,1
Basilicus (Basilicus) vidali,Macrocystella cf. mariae,1
Basilicus (Basilicus) vidali,Macrocystella tasseftensis,1
Basilicus (Basilicus) vidali,cf. Castericystis,1
Basilicus (Basilicus) vidali,cf. Minervaecystis,1
Basilicus (Basilicus) vidali,Plasiacystis mobilis,1
Basilicus (Basilicus) vidali,Plasiacystis sp.,1
Basilicus (Basilicus) vidali,Nimchacystis agterbosi,1
Basilicus (Basilicus) vidali,undet. Ophiuroidea,1
Basilicus (Basilicus) vidali,Cavernolites senex,1
Basilicus (Basilicus) vidali,Elegantilites sp.,1
Basilicus (Basilicus) vidali,Gamalites? sp.,1
Basilicus (Basilicus) vidali,Gompholites sp.,1
Basilicus (Basilicus) vidali,Nephrotheca sp.,1
Basilicus (Basilicus) vidali,Pauxillites thaddei,1
Basilicus (Basilicus) vidali,Pauxillites sp.,1
Basilicus (Basilicus) sp.,Benthic detritus,1
Basilicus (Basilicus) sp.,Acrothele sp.,1
Basilicus (Basilicus) sp.,Plectorthis simplex,1
Basilicus (Basilicus) sp.,Angusticardinia sp.,1
Basilicus (Basilicus) sp.,Paurorthis tadristensis,1
Basilicus (Basilicus) sp.,Tarfaya marocana,1
Basilicus (Basilicus) sp.,Monobolina sp.,1
Basilicus (Basilicus) sp.,Elliptoglossa sp.,1
Basilicus (Basilicus) sp.,Celdobolus sp.,1
Basilicus (Basilicus) sp.,Discinoidea?,1
Basilicus (Basilicus) sp.,Babinka prima,1
Basilicus (Basilicus) sp.,Redonia michelae,1
Basilicus (Basilicus) sp.,Alococoncha?,1
Basilicus (Basilicus) sp.,Cardiolaria? sp.,1
Basilicus (Basilicus) sp.,Pelecyogyra fezouataensis,1
Basilicus (Basilicus) sp.,Lesueurilla prima,1
Basilicus (Basilicus) sp.,undet. Platyceratoidea,1
Basilicus (Basilicus) sp.,undet. Monoplacophora,1
Basilicus (Basilicus) sp.,Thoralispira laevis,1
Basilicus (Basilicus) sp.,Thoralispira? cf. occitana,1
Basilicus (Basilicus) sp.,Wiwaxiid,1
Basilicus (Basilicus) sp.,Halkieriid,1
Basilicus (Basilicus) sp.,Helcionelloid,1
Basilicus (Basilicus) sp.,Calvapilosa kroegeri,1
Basilicus (Basilicus) sp.,Plumulites bengtsoni,2
Basilicus (Basilicus) sp.,Large plumulitid,2
Basilicus (Basilicus) sp.,Possible phyllodocid,2
Basilicus (Basilicus) sp.,Palaeoscolex cf. tenensis,2
Basilicus (Basilicus) sp.,Priapulid,2
Basilicus (Basilicus) sp.,Large taxon with spinose limbs,1
Basilicus (Basilicus) sp.,Small taxon with spinose limbs,1
Basilicus (Basilicus) sp.,Armoured lobopodian 1,1
Basilicus (Basilicus) sp.,Armoured lobopodian 2,1
Basilicus (Basilicus) sp.,Armoured lobopodian 3,1
Basilicus (Basilicus) sp.,Diania-like lobopodian,1
Basilicus (Basilicus) sp.,Furca sp. 1,1
Basilicus (Basilicus) sp.,Furca sp. 2,1
Basilicus (Basilicus) sp.,Furca sp. 3,1
Basilicus (Basilicus) sp.,Marrella sp.,1
Basilicus (Basilicus) sp.,Possible waptiid,1
Basilicus (Basilicus) sp.,Possible pycnogonid,1
Basilicus (Basilicus) sp.,Xiphosurid,1
Basilicus (Basilicus) sp.,Possible retifaciid,1
Basilicus (Basilicus) sp.,Chlupacaris? sp.,1
Basilicus (Basilicus) sp.,Tremaglaspis sp.,1
Basilicus (Basilicus) sp.,Brachyaglaspis singularis,1
Basilicus (Basilicus) sp.,Cheloniellid,1
Basilicus (Basilicus) sp.,Eoduslia,1
Basilicus (Basilicus) sp.,Asaphellus fezouataensis ,1
Basilicus (Basilicus) sp.,Asaphellus sp aff. jujuanus,1
Basilicus (Basilicus) sp.,Asaphellus tataensis,1
Basilicus (Basilicus) sp.,Asaphellus sp.,1
Basilicus (Basilicus) sp.,Asaphopsis sp.,1
Basilicus (Basilicus) sp.,Kierarges morrisoni,1
Basilicus (Basilicus) sp.,Playpeltoides carmenae,1
Basilicus (Basilicus) sp.,Symphysurus sicardi,1
Basilicus (Basilicus) sp.,Symphysurus ebbestadi,1
Basilicus (Basilicus) sp.,Symphysurus sp.,1
Basilicus (Basilicus) sp.,Apatokephalus cf. incisus,1
Basilicus (Basilicus) sp.,Parvilichas marochii,1
Basilicus (Basilicus) sp.,Selenopeltis aff. Gallica,1
Basilicus (Basilicus) sp.,Selenopeltis binodosa,1
Basilicus (Basilicus) sp.,Selenopeltis sp. 1,1
Basilicus (Basilicus) sp.,Selenopeltis sp. 2,1
Basilicus (Basilicus) sp.,Harpides sp.,1
Basilicus (Basilicus) sp.,Foulonia peregrina,1
Basilicus (Basilicus) sp.,Foulonia sp.,1
Basilicus (Basilicus) sp.,Bavarilla aff. zemmourensis,1
Basilicus (Basilicus) sp.,Bavarilla zemmourensis,1
Basilicus (Basilicus) sp.,Bavarilla sp.,1
Basilicus (Basilicus) sp.,Colpocoryphe thorali,1
Basilicus (Basilicus) sp.,Colpocoryphe sp.,1
Basilicus (Basilicus) sp.,Pharostomina sp. ,1
Basilicus (Basilicus) sp.,Prionocheilus aff. languedocensis,1
Basilicus (Basilicus) sp.,Prionocheilus sp.,1
Basilicus (Basilicus) sp.,Euloma sp.,1
Basilicus (Basilicus) sp.,Ceraurinella? sp.,1
Basilicus (Basilicus) sp.,Megalaspidella sp.,1
Basilicus (Basilicus) sp.,Megistaspis (Ekeraspis) sp. indet.,1
Basilicus (Basilicus) sp.,Neseuretus cf. attenuatus,1
Basilicus (Basilicus) sp.,Neseuretus aff. attenuatus,1
Basilicus (Basilicus) sp.,Platycoryphe sp.,1
Basilicus (Basilicus) sp.,Parabathycheilus gallicus,1
Basilicus (Basilicus) sp.,Anacheirurus adserai,1
Basilicus (Basilicus) sp.,Eoharpes sp.,1
Basilicus (Basilicus) sp.,Ormathops clariondi,1
Basilicus (Basilicus) sp.,Pterygometopus sp.,1
Basilicus (Basilicus) sp.,Megalaspides? sp.,1
Basilicus (Basilicus) sp.,Iberocoryphe sp.,1
Basilicus (Basilicus) sp.,Somasteroid indet. n. sp. 1,1
Basilicus (Basilicus) sp.,Somasteroid indet. n. sp. 2,1
Basilicus (Basilicus) sp.,Somasteroid indet. n. sp. 3,1
Basilicus (Basilicus) sp.,Somasteroid indet.,1
Basilicus (Basilicus) sp.,undet. Stelleroidea,1
Basilicus (Basilicus) sp.,Villebrunaster fezouataensis,1
Basilicus (Basilicus) sp.,Palaeosphaeronites sp.,1
Basilicus (Basilicus) sp.,Palaeosphaeronites? prokopi,1
Basilicus (Basilicus) sp.,Aristocystites cf. bohemicus (sinuous?),1
Basilicus (Basilicus) sp.,Aristocystites sp.,1
Basilicus (Basilicus) sp.,Ascocystites? sp.,1
Basilicus (Basilicus) sp.,Balantiocystis regnelli,1
Basilicus (Basilicus) sp.,Balantiocystis sp.,1
Basilicus (Basilicus) sp.,Rhopalocystis sp.,1
Basilicus (Basilicus) sp.,Rhopalocystis dehirensis,1
Basilicus (Basilicus) sp.,Rhopalocystis destombesi,1
Basilicus (Basilicus) sp.,Rhopalocystis fraga,1
Basilicus (Basilicus) sp.,Rhopalocystis grandis,1
Basilicus (Basilicus) sp.,Rhopalocystis havliceki,1
Basilicus (Basilicus) sp.,Rhopalocystis lehmani,1
Basilicus (Basilicus) sp.,Rhopalocystis zagoraensis,1
Basilicus (Basilicus) sp.,Rhopalocystis sp. A,1
Basilicus (Basilicus) sp.,Rhopalocystis sp. B,1
Basilicus (Basilicus) sp.,Rhopalocystis sp. C,1
Basilicus (Basilicus) sp.,cf. Rhopalocystis,1
Basilicus (Basilicus) sp.,Lingulocystis aff. deani,1
Basilicus (Basilicus) sp.,Lingulocystis elongata,1
Basilicus (Basilicus) sp.,cf. Pareocrinus,1
Basilicus (Basilicus) sp.,Eocrinoidea indet. sp. 1,1
Basilicus (Basilicus) sp.,Eocrinoidea indet. sp. 2,1
Basilicus (Basilicus) sp.,Eocrinoidea indet.,1
Basilicus (Basilicus) sp.,Ramseyocrinus sp.,1
Basilicus (Basilicus) sp.,Crinoid 2,1
Basilicus (Basilicus) sp.,Aethocrinus cf. moorei,1
Basilicus (Basilicus) sp.,Iocrinus n. sp.,1
Basilicus (Basilicus) sp.,Cystoidea?/undet. Cystoidea,1
Basilicus (Basilicus) sp.,Argodiscus espilezorum,1
Basilicus (Basilicus) sp.,Anedriophus moroccoensis,1
Basilicus (Basilicus) sp.,Rhenopyrgid indet.,1
Basilicus (Basilicus) sp.,Ampelocarpus sp.,1
Basilicus (Basilicus) sp.,Amygdalotheca griffei,1
Basilicus (Basilicus) sp.,Anatifopsis escandei,1
Basilicus (Basilicus) sp.,Anatifopsis trapeziiformis,1
Basilicus (Basilicus) sp.,Anatifopsis sp.,1
Basilicus (Basilicus) sp.,"Anomalocystid n. gen., n. sp. ",1
Basilicus (Basilicus) sp.,Aspidocarpus sp.,1
Basilicus (Basilicus) sp.,Balanocystites primus,1
Basilicus (Basilicus) sp.,Bohemiaecystis,1
Basilicus (Basilicus) sp.,Chauvelicystis ubaghsi,1
Basilicus (Basilicus) sp.,Chauvelicystis spinosa,1
Basilicus (Basilicus) sp.,Chauvelicystis vizcainoi,1
Basilicus (Basilicus) sp.,Chauvelicystis sp.,1
Basilicus (Basilicus) sp.,"Chauvelicystid n. gen., n. sp. 1",1
Basilicus (Basilicus) sp.,"Chauvelicystid n. gen., n. sp. 2",1
Basilicus (Basilicus) sp.,Chinianocarpos sp.,1
Basilicus (Basilicus) sp.,"Cornuta n. gen. 1, n. sp.",1
Basilicus (Basilicus) sp.,"Cornuta n. gen. 2, n. sp.",1
Basilicus (Basilicus) sp.,Flabellicarpus rushtoni,1
Basilicus (Basilicus) sp.,Flabellicarpus?,1
Basilicus (Basilicus) sp.,Galliaecystis n. sp.,1
Basilicus (Basilicus) sp.,Galliaecystis ubaghsi,1
Basilicus (Basilicus) sp.,Lagynocystis pyramidalis,1
Basilicus (Basilicus) sp.,Lyricocarpus courtessolei,1
Basilicus (Basilicus) sp.,Milonicystis sp.,1
Basilicus (Basilicus) sp.,Mitrocystitid indet. cf. Ovocarpus,1
Basilicus (Basilicus) sp.,Nanocarpus cf. dolambii,1
Basilicus (Basilicus) sp.,Phyllocystis blayaci,1
Basilicus (Basilicus) sp.,Phyllocystis sp.,1
Basilicus (Basilicus) sp.,Procothurnocystis n. sp.,1
Basilicus (Basilicus) sp.,Prokopicystis sp.,1
Basilicus (Basilicus) sp.,Thoralicystis zagoraensis,1
Basilicus (Basilicus) sp.,Vizcainocarpus sp.,1
Basilicus (Basilicus) sp.,Cothurnocystid indetl.,1
Basilicus (Basilicus) sp.,Macrocystella sp.,1
Basilicus (Basilicus) sp.,Macrocystella bohemica,1
Basilicus (Basilicus) sp.,Macrocystella cf. mariae,1
Basilicus (Basilicus) sp.,Macrocystella tasseftensis,1
Basilicus (Basilicus) sp.,cf. Castericystis,1
Basilicus (Basilicus) sp.,cf. Minervaecystis,1
Basilicus (Basilicus) sp.,Plasiacystis mobilis,1
Basilicus (Basilicus) sp.,Plasiacystis sp.,1
Basilicus (Basilicus) sp.,Nimchacystis agterbosi,1
Basilicus (Basilicus) sp.,undet. Ophiuroidea,1
Basilicus (Basilicus) sp.,Cavernolites senex,1
Basilicus (Basilicus) sp.,Elegantilites sp.,1
Basilicus (Basilicus) sp.,Gamalites? sp.,1
Basilicus (Basilicus) sp.,Gompholites sp.,1
Basilicus (Basilicus) sp.,Nephrotheca sp.,1
Basilicus (Basilicus) sp.,Pauxillites thaddei,1
Basilicus (Basilicus) sp.,Pauxillites sp.,1
Kierarges morrisoni,Benthic detritus,1
Kierarges morrisoni,Ranorthis fasciata,1
Kierarges morrisoni,undet. Athyridida,1
Kierarges morrisoni,Acrothele sp.,1
Kierarges morrisoni,Plectorthis simplex,1
Kierarges morrisoni,Angusticardinia sp.,1
Kierarges morrisoni,Lingula salteri,1
Kierarges morrisoni,Orbithele vana,1
Kierarges morrisoni,Paurorthis tadristensis,1
Kierarges morrisoni,Tarfaya marocana,1
Kierarges morrisoni,Wosekella sp.,1
Kierarges morrisoni,Monobolina sp.,1
Kierarges morrisoni,Elliptoglossa sp.,1
Kierarges morrisoni,Celdobolus sp.,1
Kierarges morrisoni,Discinoidea?,1
Kierarges morrisoni,undet. Dalmanelloidea,1
Kierarges morrisoni,Babinka prima,1
Kierarges morrisoni,Ctenodonta escosurae,1
Kierarges morrisoni,Praenucula sp.,1
Kierarges morrisoni,Redonia michelae,1
Kierarges morrisoni,Alococoncha?,1
Kierarges morrisoni,Cardiolaria? sp.,1
Kierarges morrisoni,Cienagomya? sp.,1
Kierarges morrisoni,Glyptarca sp.,1
Kierarges morrisoni,Pelecyogyra fezouataensis,1
Kierarges morrisoni,Sinuites sp.,1
Kierarges morrisoni,Lesueurilla prima,1
Kierarges morrisoni,undet. Platyceratoidea,1
Kierarges morrisoni,undet. Monoplacophora,1
Kierarges morrisoni,Thoralispira laevis,1
Kierarges morrisoni,Thoralispira? cf. occitana,1
Kierarges morrisoni,Carcassonnella courtessolei,1
Kierarges morrisoni,Carcassonnella vizcainoi,1
Kierarges morrisoni,Ribeiria sp.,1
Kierarges morrisoni,Tolmachovia?,1
Kierarges morrisoni,Wiwaxiid,1
Kierarges morrisoni,Halkieriid,1
Kierarges morrisoni,Helcionelloid,1
Kierarges morrisoni,Calvapilosa kroegeri,1
Kierarges morrisoni,Possible phyllodocid,2
Kierarges morrisoni,Palaeoscolex cf. tenensis,2
Kierarges morrisoni,Priapulid,2
Kierarges morrisoni,Large taxon with spinose limbs,1
Kierarges morrisoni,Small taxon with spinose limbs,1
Kierarges morrisoni,Armoured lobopodian 1,1
Kierarges morrisoni,Armoured lobopodian 2,1
Kierarges morrisoni,Armoured lobopodian 3,1
Kierarges morrisoni,Diania-like lobopodian,1
Kierarges morrisoni,Furca sp. 1,1
Kierarges morrisoni,Furca sp. 2,1
Kierarges morrisoni,Furca sp. 3,1
Kierarges morrisoni,Marrella sp.,1
Kierarges morrisoni,Enosiaspis hrungnir,1
Kierarges morrisoni,Possible waptiid,1
Kierarges morrisoni, 'Synziphosurine'/Synziphosurina?,1
Kierarges morrisoni,Chasmataspidid,1
Kierarges morrisoni,Possible pycnogonid,1
Kierarges morrisoni,Xiphosurid,1
Kierarges morrisoni,Possible retifaciid,1
Kierarges morrisoni,Tariccoia tazagurtensis,1
Kierarges morrisoni,Chlupacaris? sp.,1
Kierarges morrisoni,Cheloniellid,1
Kierarges morrisoni,Phyllocarid,1
Kierarges morrisoni,Lepadomorph barnacle,1
Kierarges morrisoni,Eoduslia,1
Kierarges morrisoni,Asaphellus sp aff. jujuanus,1
Kierarges morrisoni,Kierarges morrisoni,1
Kierarges morrisoni,Symphysurus sicardi,1
Kierarges morrisoni,Symphysurus ebbestadi,1
Kierarges morrisoni,Symphysurus sp.,1
Kierarges morrisoni,Apatokephalus cf. incisus,1
Kierarges morrisoni,Orometopus sp.,1
Kierarges morrisoni,Cnemidopyge sp.,1
Kierarges morrisoni,Parvilichas marochii,1
Kierarges morrisoni,Selenopeltis aff. Gallica,1
Kierarges morrisoni,Selenopeltis binodosa,1
Kierarges morrisoni,Selenopeltis sp. 1,1
Kierarges morrisoni,Selenopeltis sp. 2,1
Kierarges morrisoni,Foulonia peregrina,1
Kierarges morrisoni,Foulonia sp.,1
Kierarges morrisoni,Toletanaspis aff. borni,1
Kierarges morrisoni,undet. Dalmanitacea,1
Kierarges morrisoni,Bathycheilus gallicus,1
Kierarges morrisoni,Bavarilla aff. zemmourensis,1
Kierarges morrisoni,Bavarilla zemmourensis,1
Kierarges morrisoni,Bavarilla sp.,1
Kierarges morrisoni,Colpocoryphe thorali,1
Kierarges morrisoni,Colpocoryphe pradesensis,1
Kierarges morrisoni,Pharostoma sp.,1
Kierarges morrisoni,Pharostomina sp. ,1
Kierarges morrisoni,Agerina quadrata,1
Kierarges morrisoni,Euloma sp.,1
Kierarges morrisoni,Geragnostus aff. occitanus,1
Kierarges morrisoni,Geragnostus sp.,1
Kierarges morrisoni,Beltella sp.,1
Kierarges morrisoni,Ampyx priscus,1
Kierarges morrisoni,Ampyx cf. priscus,1
Kierarges morrisoni,Ceraurinella? sp.,1
Kierarges morrisoni,Megalaspidella sp.,1
Kierarges morrisoni,Platycoryphe sp.,1
Kierarges morrisoni,Parabathycheilus gallicus,1
Kierarges morrisoni,undet. Trinucleidae,1
Kierarges morrisoni,Anacheirurus adserai,1
Kierarges morrisoni,Eoharpes sp.,1
Kierarges morrisoni,Nileus deynouxi,1
Kierarges morrisoni,Hospes sp.,1
Kierarges morrisoni,Ogygiocaris sp.,1
Kierarges morrisoni,Ormathops clariondi,1
Kierarges morrisoni,Pterygometopus sp.,1
Kierarges morrisoni,Iberocoryphe sp.,1
Kierarges morrisoni,cf. Niobella sp.,1
Kierarges morrisoni,Somasteroid indet. n. sp. 1,1
Kierarges morrisoni,Somasteroid indet. n. sp. 2,1
Kierarges morrisoni,Somasteroid indet. n. sp. 3,1
Kierarges morrisoni,Somasteroid indet.,1
Kierarges morrisoni,undet. Asteroidea,1
Kierarges morrisoni,undet. Stelleroidea,1
Kierarges morrisoni,Villebrunaster fezouataensis,1
Kierarges morrisoni,Palaeosphaeronites sp.,1
Kierarges morrisoni,Palaeosphaeronites? prokopi,1
Kierarges morrisoni,Aristocystites cf. bohemicus (sinuous?),1
Kierarges morrisoni,Aristocystites sp.,1
Kierarges morrisoni,Ascocystites? sp.,1
Kierarges morrisoni,Balantiocystis regnelli,1
Kierarges morrisoni,Balantiocystis sp.,1
Kierarges morrisoni,Rhopalocystis sp.,1
Kierarges morrisoni,Rhopalocystis dehirensis,1
Kierarges morrisoni,Rhopalocystis destombesi,1
Kierarges morrisoni,Rhopalocystis fraga,1
Kierarges morrisoni,Rhopalocystis grandis,1
Kierarges morrisoni,Rhopalocystis havliceki,1
Kierarges morrisoni,Rhopalocystis lehmani,1
Kierarges morrisoni,Rhopalocystis zagoraensis,1
Kierarges morrisoni,Rhopalocystis sp. A,1
Kierarges morrisoni,Rhopalocystis sp. B,1
Kierarges morrisoni,Rhopalocystis sp. C,1
Kierarges morrisoni,cf. Rhopalocystis,1
Kierarges morrisoni,Lingulocystis aff. deani,1
Kierarges morrisoni,Lingulocystis elongata,1
Kierarges morrisoni,cf. Pareocrinus,1
Kierarges morrisoni,Eocrinoidea indet. sp. 1,1
Kierarges morrisoni,Eocrinoidea indet. sp. 2,1
Kierarges morrisoni,Eocrinoidea indet.,1
Kierarges morrisoni,Ramseyocrinus sp.,1
Kierarges morrisoni,Crinoid 2,1
Kierarges morrisoni,Aethocrinus cf. moorei,1
Kierarges morrisoni,Iocrinus n. sp.,1
Kierarges morrisoni,Cystoidea?/undet. Cystoidea,1
Kierarges morrisoni,Argodiscus espilezorum,1
Kierarges morrisoni,Anedriophus moroccoensis,1
Kierarges morrisoni,Rhenopyrgid indet.,1
Kierarges morrisoni,Ampelocarpus sp.,1
Kierarges morrisoni,Amygdalotheca griffei,1
Kierarges morrisoni,Anatifopsis escandei,1
Kierarges morrisoni,Anatifopsis trapeziiformis,1
Kierarges morrisoni,Anatifopsis sp.,1
Kierarges morrisoni,"Anomalocystid n. gen., n. sp. ",1
Kierarges morrisoni,Aspidocarpus sp.,1
Kierarges morrisoni,Arauricystis? sp.,1
Kierarges morrisoni,Balanocystites primus,1
Kierarges morrisoni,Bohemiaecystis,1
Kierarges morrisoni,Chauvelicystis ubaghsi,1
Kierarges morrisoni,Chauvelicystis spinosa,1
Kierarges morrisoni,Chauvelicystis vizcainoi,1
Kierarges morrisoni,Chauvelicystis sp.,1
Kierarges morrisoni,"Chauvelicystid n. gen., n. sp. 1",1
Kierarges morrisoni,"Chauvelicystid n. gen., n. sp. 2",1
Kierarges morrisoni,Chinianocarpos sp.,1
Kierarges morrisoni,"Cornuta n. gen. 1, n. sp.",1
Kierarges morrisoni,"Cornuta n. gen. 2, n. sp.",1
Kierarges morrisoni,Flabellicarpus rushtoni,1
Kierarges morrisoni,Flabellicarpus?,1
Kierarges morrisoni,Galliaecystis n. sp.,1
Kierarges morrisoni,Galliaecystis ubaghsi,1
Kierarges morrisoni,Hanusia n. sp.,1
Kierarges morrisoni,Lagynocystis pyramidalis,1
Kierarges morrisoni,Kirkocystidae?,1
Kierarges morrisoni,Lyricocarpus courtessolei,1
Kierarges morrisoni,Milonicystis sp.,1
Kierarges morrisoni,Mitrocystitid indet. cf. Ovocarpus,1
Kierarges morrisoni,Nanocarpus cf. dolambii,1
Kierarges morrisoni,Phyllocystis blayaci,1
Kierarges morrisoni,Phyllocystis sp.,1
Kierarges morrisoni,Procothurnocystis n. sp.,1
Kierarges morrisoni,Prokopicystis sp.,1
Kierarges morrisoni,Thoralicystis zagoraensis,1
Kierarges morrisoni,Thoralicystis n. sp.,1
Kierarges morrisoni,Vizcainocarpus sp.,1
Kierarges morrisoni,Cothurnocystid indetl.,1
Kierarges morrisoni,Hanusiid indet.,1
Kierarges morrisoni,Peltocystis cornuta,1
Kierarges morrisoni,Scotiaevystis? sp.,1
Kierarges morrisoni,Macrocystella sp.,1
Kierarges morrisoni,Macrocystella bohemica,1
Kierarges morrisoni,Macrocystella cf. mariae,1
Kierarges morrisoni,Macrocystella tasseftensis,1
Kierarges morrisoni,cf. Minervaecystis,1
Kierarges morrisoni,Plasiacystis sp.,1
Kierarges morrisoni,undet. Ophiuroidea,1
Kierarges morrisoni,Elegantilites sp.,1
Kierarges morrisoni,Gamalites? sp.,1
Kierarges morrisoni,Gompholites sp.,1
Kierarges morrisoni,Hyolithes sp.,1
Kierarges morrisoni,Pauxillites thaddei,1
Kierarges morrisoni,Pauxillites sp.,1
Platypeltoides magrebiensis,Benthic detritus,1
Platypeltoides magrebiensis,Ranorthis fasciata,1
Platypeltoides magrebiensis,undet. Athyridida,1
Platypeltoides magrebiensis,Acrothele sp.,1
Platypeltoides magrebiensis,Plectorthis simplex,1
Platypeltoides magrebiensis,Angusticardinia sp.,1
Platypeltoides magrebiensis,Lingula salteri,1
Platypeltoides magrebiensis,Orbithele vana,1
Platypeltoides magrebiensis,Paurorthis tadristensis,1
Platypeltoides magrebiensis,Tarfaya marocana,1
Platypeltoides magrebiensis,Wosekella sp.,1
Platypeltoides magrebiensis,Monobolina sp.,1
Platypeltoides magrebiensis,Elliptoglossa sp.,1
Platypeltoides magrebiensis,Celdobolus sp.,1
Platypeltoides magrebiensis,Discinoidea?,1
Platypeltoides magrebiensis,undet. Dalmanelloidea,1
Platypeltoides magrebiensis,Babinka prima,1
Platypeltoides magrebiensis,Ctenodonta escosurae,1
Platypeltoides magrebiensis,Praenucula sp.,1
Platypeltoides magrebiensis,Redonia michelae,1
Platypeltoides magrebiensis,Alococoncha?,1
Platypeltoides magrebiensis,Cardiolaria? sp.,1
Platypeltoides magrebiensis,Pelecyogyra fezouataensis,1
Platypeltoides magrebiensis,Sinuites sp.,1
Platypeltoides magrebiensis,Lesueurilla prima,1
Platypeltoides magrebiensis,undet. Platyceratoidea,1
Platypeltoides magrebiensis,undet. Monoplacophora,1
Platypeltoides magrebiensis,Thoralispira laevis,1
Platypeltoides magrebiensis,Thoralispira? cf. occitana,1
Platypeltoides magrebiensis,Ribeiria sp.,1
Platypeltoides magrebiensis,Tolmachovia?,1
Platypeltoides magrebiensis,Wiwaxiid,1
Platypeltoides magrebiensis,Halkieriid,1
Platypeltoides magrebiensis,Helcionelloid,1
Platypeltoides magrebiensis,Calvapilosa kroegeri,1
Platypeltoides magrebiensis,Plumulites bengtsoni,2
Platypeltoides magrebiensis,Large plumulitid,2
Platypeltoides magrebiensis,Possible phyllodocid,2
Platypeltoides magrebiensis,Palaeoscolex cf. tenensis,2
Platypeltoides magrebiensis,Priapulid,2
Platypeltoides magrebiensis,Large taxon with spinose limbs,1
Platypeltoides magrebiensis,Small taxon with spinose limbs,1
Platypeltoides magrebiensis,Armoured lobopodian 1,1
Platypeltoides magrebiensis,Armoured lobopodian 2,1
Platypeltoides magrebiensis,Armoured lobopodian 3,1
Platypeltoides magrebiensis,Diania-like lobopodian,1
Platypeltoides magrebiensis,Furca sp. 1,1
Platypeltoides magrebiensis,Furca sp. 2,1
Platypeltoides magrebiensis,Furca sp. 3,1
Platypeltoides magrebiensis,Marrella sp.,1
Platypeltoides magrebiensis,Enosiaspis hrungnir,1
Platypeltoides magrebiensis,Possible waptiid,1
Platypeltoides magrebiensis,Chasmataspidid,1
Platypeltoides magrebiensis,Possible pycnogonid,1
Platypeltoides magrebiensis,Xiphosurid,1
Platypeltoides magrebiensis,Possible retifaciid,1
Platypeltoides magrebiensis,Chlupacaris? sp.,1
Platypeltoides magrebiensis,Tremaglaspis sp.,1
Platypeltoides magrebiensis,Cheloniellid,1
Platypeltoides magrebiensis,Phyllocarid,1
Platypeltoides magrebiensis,Lepadomorph barnacle,1
Platypeltoides magrebiensis,Eoduslia,1
Platypeltoides magrebiensis,Asaphellus sp aff. jujuanus,1
Platypeltoides magrebiensis,Asaphellus sp.,1
Platypeltoides magrebiensis,Kierarges morrisoni,1
Platypeltoides magrebiensis,Playpeltoides carmenae,1
Platypeltoides magrebiensis,Symphysurus sicardi,1
Platypeltoides magrebiensis,Symphysurus ebbestadi,1
Platypeltoides magrebiensis,Symphysurus sp.,1
Platypeltoides magrebiensis,Apatokephalus cf. incisus,1
Platypeltoides magrebiensis,Orometopus sp.,1
Platypeltoides magrebiensis,Cnemidopyge sp.,1
Platypeltoides magrebiensis,Parvilichas marochii,1
Platypeltoides magrebiensis,Selenopeltis aff. Gallica,1
Platypeltoides magrebiensis,Selenopeltis binodosa,1
Platypeltoides magrebiensis,Selenopeltis sp. 1,1
Platypeltoides magrebiensis,Selenopeltis sp. 2,1
Platypeltoides magrebiensis,Harpides sp.,1
Platypeltoides magrebiensis,Foulonia peregrina,1
Platypeltoides magrebiensis,Foulonia sp.,1
Platypeltoides magrebiensis,Toletanaspis aff. borni,1
Platypeltoides magrebiensis,undet. Dalmanitacea,1
Platypeltoides magrebiensis,Bathycheilus gallicus,1
Platypeltoides magrebiensis,Bavarilla aff. zemmourensis,1
Platypeltoides magrebiensis,Bavarilla zemmourensis,1
Platypeltoides magrebiensis,Bavarilla sp.,1
Platypeltoides magrebiensis,Colpocoryphe thorali,1
Platypeltoides magrebiensis,Colpocoryphe pradesensis,1
Platypeltoides magrebiensis,Colpocoryphe sp.,1
Platypeltoides magrebiensis,Pharostoma sp.,1
Platypeltoides magrebiensis,Pharostomina sp. ,1
Platypeltoides magrebiensis,Prionocheilus aff. languedocensis,1
Platypeltoides magrebiensis,Prionocheilus sp.,1
Platypeltoides magrebiensis,Agerina quadrata,1
Platypeltoides magrebiensis,Euloma sp.,1
Platypeltoides magrebiensis,Beltella sp.,1
Platypeltoides magrebiensis,Ampyx priscus,1
Platypeltoides magrebiensis,Ampyx cf. priscus,1
Platypeltoides magrebiensis,Ceraurinella? sp.,1
Platypeltoides magrebiensis,Megalaspidella sp.,1
Platypeltoides magrebiensis,Megistaspis (Ekeraspis) sp. indet.,1
Platypeltoides magrebiensis,Platycoryphe sp.,1
Platypeltoides magrebiensis,Parabathycheilus gallicus,1
Platypeltoides magrebiensis,Anacheirurus adserai,1
Platypeltoides magrebiensis,Eoharpes sp.,1
Platypeltoides magrebiensis,Nileus deynouxi,1
Platypeltoides magrebiensis,Hospes sp.,1
Platypeltoides magrebiensis,Ogygiocaris sp.,1
Platypeltoides magrebiensis,Ormathops clariondi,1
Platypeltoides magrebiensis,Pterygometopus sp.,1
Platypeltoides magrebiensis,Megalaspides? sp.,1
Platypeltoides magrebiensis,Iberocoryphe sp.,1
Platypeltoides magrebiensis,cf. Niobella sp.,1
Platypeltoides magrebiensis,Somasteroid indet. n. sp. 1,1
Platypeltoides magrebiensis,Somasteroid indet. n. sp. 2,1
Platypeltoides magrebiensis,Somasteroid indet. n. sp. 3,1
Platypeltoides magrebiensis,Somasteroid indet.,1
Platypeltoides magrebiensis,undet. Asteroidea,1
Platypeltoides magrebiensis,undet. Stelleroidea,1
Platypeltoides magrebiensis,Villebrunaster fezouataensis,1
Platypeltoides magrebiensis,Palaeosphaeronites sp.,1
Platypeltoides magrebiensis,Palaeosphaeronites? prokopi,1
Platypeltoides magrebiensis,Aristocystites cf. bohemicus (sinuous?),1
Platypeltoides magrebiensis,Aristocystites sp.,1
Platypeltoides magrebiensis,Ascocystites? sp.,1
Platypeltoides magrebiensis,Balantiocystis regnelli,1
Platypeltoides magrebiensis,Balantiocystis sp.,1
Platypeltoides magrebiensis,Rhopalocystis sp.,1
Platypeltoides magrebiensis,Rhopalocystis dehirensis,1
Platypeltoides magrebiensis,Rhopalocystis destombesi,1
Platypeltoides magrebiensis,Rhopalocystis fraga,1
Platypeltoides magrebiensis,Rhopalocystis grandis,1
Platypeltoides magrebiensis,Rhopalocystis havliceki,1
Platypeltoides magrebiensis,Rhopalocystis lehmani,1
Platypeltoides magrebiensis,Rhopalocystis zagoraensis,1
Platypeltoides magrebiensis,Rhopalocystis sp. A,1
Platypeltoides magrebiensis,Rhopalocystis sp. B,1
Platypeltoides magrebiensis,Rhopalocystis sp. C,1
Platypeltoides magrebiensis,cf. Rhopalocystis,1
Platypeltoides magrebiensis,Lingulocystis aff. deani,1
Platypeltoides magrebiensis,Lingulocystis elongata,1
Platypeltoides magrebiensis,cf. Pareocrinus,1
Platypeltoides magrebiensis,Eocrinoidea indet. sp. 1,1
Platypeltoides magrebiensis,Eocrinoidea indet. sp. 2,1
Platypeltoides magrebiensis,Eocrinoidea indet.,1
Platypeltoides magrebiensis,Ramseyocrinus sp.,1
Platypeltoides magrebiensis,Crinoid 2,1
Platypeltoides magrebiensis,Aethocrinus cf. moorei,1
Platypeltoides magrebiensis,Iocrinus n. sp.,1
Platypeltoides magrebiensis,Cystoidea?/undet. Cystoidea,1
Platypeltoides magrebiensis,Argodiscus espilezorum,1
Platypeltoides magrebiensis,Anedriophus moroccoensis,1
Platypeltoides magrebiensis,Rhenopyrgid indet.,1
Platypeltoides magrebiensis,Ampelocarpus sp.,1
Platypeltoides magrebiensis,Amygdalotheca griffei,1
Platypeltoides magrebiensis,Anatifopsis escandei,1
Platypeltoides magrebiensis,Anatifopsis trapeziiformis,1
Platypeltoides magrebiensis,Anatifopsis sp.,1
Platypeltoides magrebiensis,"Anomalocystid n. gen., n. sp. ",1
Platypeltoides magrebiensis,Aspidocarpus sp.,1
Platypeltoides magrebiensis,Arauricystis? sp.,1
Platypeltoides magrebiensis,Balanocystites primus,1
Platypeltoides magrebiensis,Bohemiaecystis,1
Platypeltoides magrebiensis,Chauvelicystis ubaghsi,1
Platypeltoides magrebiensis,Chauvelicystis spinosa,1
Platypeltoides magrebiensis,Chauvelicystis vizcainoi,1
Platypeltoides magrebiensis,Chauvelicystis sp.,1
Platypeltoides magrebiensis,"Chauvelicystid n. gen., n. sp. 1",1
Platypeltoides magrebiensis,"Chauvelicystid n. gen., n. sp. 2",1
Platypeltoides magrebiensis,Chinianocarpos sp.,1
Platypeltoides magrebiensis,"Cornuta n. gen. 1, n. sp.",1
Platypeltoides magrebiensis,"Cornuta n. gen. 2, n. sp.",1
Platypeltoides magrebiensis,Flabellicarpus rushtoni,1
Platypeltoides magrebiensis,Flabellicarpus?,1
Platypeltoides magrebiensis,Galliaecystis n. sp.,1
Platypeltoides magrebiensis,Galliaecystis ubaghsi,1
Platypeltoides magrebiensis,Hanusia n. sp.,1
Platypeltoides magrebiensis,Lagynocystis pyramidalis,1
Platypeltoides magrebiensis,Lyricocarpus courtessolei,1
Platypeltoides magrebiensis,Milonicystis sp.,1
Platypeltoides magrebiensis,Mitrocystitid indet. cf. Ovocarpus,1
Platypeltoides magrebiensis,Nanocarpus cf. dolambii,1
Platypeltoides magrebiensis,Phyllocystis blayaci,1
Platypeltoides magrebiensis,Phyllocystis sp.,1
Platypeltoides magrebiensis,Procothurnocystis n. sp.,1
Platypeltoides magrebiensis,Prokopicystis sp.,1
Platypeltoides magrebiensis,Thoralicystis zagoraensis,1
Platypeltoides magrebiensis,Thoralicystis n. sp.,1
Platypeltoides magrebiensis,Vizcainocarpus sp.,1
Platypeltoides magrebiensis,Cothurnocystid indetl.,1
Platypeltoides magrebiensis,Hanusiid indet.,1
Platypeltoides magrebiensis,Peltocystis cornuta,1
Platypeltoides magrebiensis,Scotiaevystis? sp.,1
Platypeltoides magrebiensis,Macrocystella sp.,1
Platypeltoides magrebiensis,Macrocystella bohemica,1
Platypeltoides magrebiensis,Macrocystella cf. mariae,1
Platypeltoides magrebiensis,Macrocystella tasseftensis,1
Platypeltoides magrebiensis,cf. Castericystis,1
Platypeltoides magrebiensis,cf. Minervaecystis,1
Platypeltoides magrebiensis,Plasiacystis mobilis,1
Platypeltoides magrebiensis,Plasiacystis sp.,1
Platypeltoides magrebiensis,undet. Ophiuroidea,1
Platypeltoides magrebiensis,Elegantilites sp.,1
Platypeltoides magrebiensis,Gamalites? sp.,1
Platypeltoides magrebiensis,Gompholites sp.,1
Platypeltoides magrebiensis,Nephrotheca sp.,1
Platypeltoides magrebiensis,Hyolithes sp.,1
Platypeltoides magrebiensis,Pauxillites thaddei,1
Platypeltoides magrebiensis,Pauxillites sp.,1
Platypeltoides hammondi,Benthic detritus,1
Platypeltoides hammondi,Ranorthis fasciata,1
Platypeltoides hammondi,undet. Athyridida,1
Platypeltoides hammondi,Acrothele sp.,1
Platypeltoides hammondi,Plectorthis simplex,1
Platypeltoides hammondi,Angusticardinia sp.,1
Platypeltoides hammondi,Lingula salteri,1
Platypeltoides hammondi,Orbithele vana,1
Platypeltoides hammondi,Paurorthis tadristensis,1
Platypeltoides hammondi,Tarfaya marocana,1
Platypeltoides hammondi,Wosekella sp.,1
Platypeltoides hammondi,Monobolina sp.,1
Platypeltoides hammondi,Elliptoglossa sp.,1
Platypeltoides hammondi,Celdobolus sp.,1
Platypeltoides hammondi,Discinoidea?,1
Platypeltoides hammondi,undet. Dalmanelloidea,1
Platypeltoides hammondi,Babinka prima,1
Platypeltoides hammondi,Ctenodonta escosurae,1
Platypeltoides hammondi,Praenucula sp.,1
Platypeltoides hammondi,Redonia michelae,1
Platypeltoides hammondi,Alococoncha?,1
Platypeltoides hammondi,Cardiolaria? sp.,1
Platypeltoides hammondi,Cienagomya? sp.,1
Platypeltoides hammondi,Glyptarca sp.,1
Platypeltoides hammondi,Pelecyogyra fezouataensis,1
Platypeltoides hammondi,Sinuites sp.,1
Platypeltoides hammondi,Lesueurilla prima,1
Platypeltoides hammondi,undet. Platyceratoidea,1
Platypeltoides hammondi,undet. Monoplacophora,1
Platypeltoides hammondi,Thoralispira laevis,1
Platypeltoides hammondi,Thoralispira? cf. occitana,1
Platypeltoides hammondi,Carcassonnella courtessolei,1
Platypeltoides hammondi,Carcassonnella vizcainoi,1
Platypeltoides hammondi,Ribeiria sp.,1
Platypeltoides hammondi,Tolmachovia?,1
Platypeltoides hammondi,Wiwaxiid,1
Platypeltoides hammondi,Halkieriid,1
Platypeltoides hammondi,Helcionelloid,1
Platypeltoides hammondi,Calvapilosa kroegeri,1
Platypeltoides hammondi,Possible phyllodocid,2
Platypeltoides hammondi,Palaeoscolex cf. tenensis,2
Platypeltoides hammondi,Priapulid,2
Platypeltoides hammondi,Large taxon with spinose limbs,1
Platypeltoides hammondi,Small taxon with spinose limbs,1
Platypeltoides hammondi,Armoured lobopodian 1,1
Platypeltoides hammondi,Armoured lobopodian 2,1
Platypeltoides hammondi,Armoured lobopodian 3,1
Platypeltoides hammondi,Diania-like lobopodian,1
Platypeltoides hammondi,Furca sp. 1,1
Platypeltoides hammondi,Furca sp. 2,1
Platypeltoides hammondi,Furca sp. 3,1
Platypeltoides hammondi,Marrella sp.,1
Platypeltoides hammondi,Enosiaspis hrungnir,1
Platypeltoides hammondi,Possible waptiid,1
Platypeltoides hammondi, 'Synziphosurine'/Synziphosurina?,1
Platypeltoides hammondi,Chasmataspidid,1
Platypeltoides hammondi,Possible pycnogonid,1
Platypeltoides hammondi,Xiphosurid,1
Platypeltoides hammondi,Possible retifaciid,1
Platypeltoides hammondi,Tariccoia tazagurtensis,1
Platypeltoides hammondi,Chlupacaris? sp.,1
Platypeltoides hammondi,Cheloniellid,1
Platypeltoides hammondi,Phyllocarid,1
Platypeltoides hammondi,Lepadomorph barnacle,1
Platypeltoides hammondi,Eoduslia,1
Platypeltoides hammondi,Asaphellus sp aff. jujuanus,1
Platypeltoides hammondi,Kierarges morrisoni,1
Platypeltoides hammondi,Symphysurus sicardi,1
Platypeltoides hammondi,Symphysurus ebbestadi,1
Platypeltoides hammondi,Symphysurus sp.,1
Platypeltoides hammondi,Apatokephalus cf. incisus,1
Platypeltoides hammondi,Orometopus sp.,1
Platypeltoides hammondi,Cnemidopyge sp.,1
Platypeltoides hammondi,Parvilichas marochii,1
Platypeltoides hammondi,Selenopeltis aff. Gallica,1
Platypeltoides hammondi,Selenopeltis binodosa,1
Platypeltoides hammondi,Selenopeltis sp. 1,1
Platypeltoides hammondi,Selenopeltis sp. 2,1
Platypeltoides hammondi,Foulonia peregrina,1
Platypeltoides hammondi,Foulonia sp.,1
Platypeltoides hammondi,Toletanaspis aff. borni,1
Platypeltoides hammondi,undet. Dalmanitacea,1
Platypeltoides hammondi,Bathycheilus gallicus,1
Platypeltoides hammondi,Bavarilla aff. zemmourensis,1
Platypeltoides hammondi,Bavarilla zemmourensis,1
Platypeltoides hammondi,Bavarilla sp.,1
Platypeltoides hammondi,Colpocoryphe thorali,1
Platypeltoides hammondi,Colpocoryphe pradesensis,1
Platypeltoides hammondi,Pharostoma sp.,1
Platypeltoides hammondi,Pharostomina sp. ,1
Platypeltoides hammondi,Agerina quadrata,1
Platypeltoides hammondi,Euloma sp.,1
Platypeltoides hammondi,Geragnostus aff. occitanus,1
Platypeltoides hammondi,Geragnostus sp.,1
Platypeltoides hammondi,Beltella sp.,1
Platypeltoides hammondi,Ampyx priscus,1
Platypeltoides hammondi,Ampyx cf. priscus,1
Platypeltoides hammondi,Ceraurinella? sp.,1
Platypeltoides hammondi,Megalaspidella sp.,1
Platypeltoides hammondi,Platycoryphe sp.,1
Platypeltoides hammondi,Parabathycheilus gallicus,1
Platypeltoides hammondi,undet. Trinucleidae,1
Platypeltoides hammondi,Anacheirurus adserai,1
Platypeltoides hammondi,Eoharpes sp.,1
Platypeltoides hammondi,Nileus deynouxi,1
Platypeltoides hammondi,Hospes sp.,1
Platypeltoides hammondi,Ogygiocaris sp.,1
Platypeltoides hammondi,Ormathops clariondi,1
Platypeltoides hammondi,Pterygometopus sp.,1
Platypeltoides hammondi,Iberocoryphe sp.,1
Platypeltoides hammondi,cf. Niobella sp.,1
Platypeltoides hammondi,Somasteroid indet. n. sp. 1,1
Platypeltoides hammondi,Somasteroid indet. n. sp. 2,1
Platypeltoides hammondi,Somasteroid indet. n. sp. 3,1
Platypeltoides hammondi,Somasteroid indet.,1
Platypeltoides hammondi,undet. Asteroidea,1
Platypeltoides hammondi,undet. Stelleroidea,1
Platypeltoides hammondi,Villebrunaster fezouataensis,1
Platypeltoides hammondi,Palaeosphaeronites sp.,1
Platypeltoides hammondi,Palaeosphaeronites? prokopi,1
Platypeltoides hammondi,Aristocystites cf. bohemicus (sinuous?),1
Platypeltoides hammondi,Aristocystites sp.,1
Platypeltoides hammondi,Ascocystites? sp.,1
Platypeltoides hammondi,Balantiocystis regnelli,1
Platypeltoides hammondi,Balantiocystis sp.,1
Platypeltoides hammondi,Rhopalocystis sp.,1
Platypeltoides hammondi,Rhopalocystis dehirensis,1
Platypeltoides hammondi,Rhopalocystis destombesi,1
Platypeltoides hammondi,Rhopalocystis fraga,1
Platypeltoides hammondi,Rhopalocystis grandis,1
Platypeltoides hammondi,Rhopalocystis havliceki,1
Platypeltoides hammondi,Rhopalocystis lehmani,1
Platypeltoides hammondi,Rhopalocystis zagoraensis,1
Platypeltoides hammondi,Rhopalocystis sp. A,1
Platypeltoides hammondi,Rhopalocystis sp. B,1
Platypeltoides hammondi,Rhopalocystis sp. C,1
Platypeltoides hammondi,cf. Rhopalocystis,1
Platypeltoides hammondi,Lingulocystis aff. deani,1
Platypeltoides hammondi,Lingulocystis elongata,1
Platypeltoides hammondi,cf. Pareocrinus,1
Platypeltoides hammondi,Eocrinoidea indet. sp. 1,1
Platypeltoides hammondi,Eocrinoidea indet. sp. 2,1
Platypeltoides hammondi,Eocrinoidea indet.,1
Platypeltoides hammondi,Ramseyocrinus sp.,1
Platypeltoides hammondi,Crinoid 2,1
Platypeltoides hammondi,Aethocrinus cf. moorei,1
Platypeltoides hammondi,Iocrinus n. sp.,1
Platypeltoides hammondi,Cystoidea?/undet. Cystoidea,1
Platypeltoides hammondi,Argodiscus espilezorum,1
Platypeltoides hammondi,Anedriophus moroccoensis,1
Platypeltoides hammondi,Rhenopyrgid indet.,1
Platypeltoides hammondi,Ampelocarpus sp.,1
Platypeltoides hammondi,Amygdalotheca griffei,1
Platypeltoides hammondi,Anatifopsis escandei,1
Platypeltoides hammondi,Anatifopsis trapeziiformis,1
Platypeltoides hammondi,Anatifopsis sp.,1
Platypeltoides hammondi,"Anomalocystid n. gen., n. sp. ",1
Platypeltoides hammondi,Aspidocarpus sp.,1
Platypeltoides hammondi,Arauricystis? sp.,1
Platypeltoides hammondi,Balanocystites primus,1
Platypeltoides hammondi,Bohemiaecystis,1
Platypeltoides hammondi,Chauvelicystis ubaghsi,1
Platypeltoides hammondi,Chauvelicystis spinosa,1
Platypeltoides hammondi,Chauvelicystis vizcainoi,1
Platypeltoides hammondi,Chauvelicystis sp.,1
Platypeltoides hammondi,"Chauvelicystid n. gen., n. sp. 1",1
Platypeltoides hammondi,"Chauvelicystid n. gen., n. sp. 2",1
Platypeltoides hammondi,Chinianocarpos sp.,1
Platypeltoides hammondi,"Cornuta n. gen. 1, n. sp.",1
Platypeltoides hammondi,"Cornuta n. gen. 2, n. sp.",1
Platypeltoides hammondi,Flabellicarpus rushtoni,1
Platypeltoides hammondi,Flabellicarpus?,1
Platypeltoides hammondi,Galliaecystis n. sp.,1
Platypeltoides hammondi,Galliaecystis ubaghsi,1
Platypeltoides hammondi,Hanusia n. sp.,1
Platypeltoides hammondi,Lagynocystis pyramidalis,1
Platypeltoides hammondi,Kirkocystidae?,1
Platypeltoides hammondi,Lyricocarpus courtessolei,1
Platypeltoides hammondi,Milonicystis sp.,1
Platypeltoides hammondi,Mitrocystitid indet. cf. Ovocarpus,1
Platypeltoides hammondi,Nanocarpus cf. dolambii,1
Platypeltoides hammondi,Phyllocystis blayaci,1
Platypeltoides hammondi,Phyllocystis sp.,1
Platypeltoides hammondi,Procothurnocystis n. sp.,1
Platypeltoides hammondi,Prokopicystis sp.,1
Platypeltoides hammondi,Thoralicystis zagoraensis,1
Platypeltoides hammondi,Thoralicystis n. sp.,1
Platypeltoides hammondi,Vizcainocarpus sp.,1
Platypeltoides hammondi,Cothurnocystid indetl.,1
Platypeltoides hammondi,Hanusiid indet.,1
Platypeltoides hammondi,Peltocystis cornuta,1
Platypeltoides hammondi,Scotiaevystis? sp.,1
Platypeltoides hammondi,Macrocystella sp.,1
Platypeltoides hammondi,Macrocystella bohemica,1
Platypeltoides hammondi,Macrocystella cf. mariae,1
Platypeltoides hammondi,Macrocystella tasseftensis,1
Platypeltoides hammondi,cf. Minervaecystis,1
Platypeltoides hammondi,Plasiacystis sp.,1
Platypeltoides hammondi,undet. Ophiuroidea,1
Platypeltoides hammondi,Elegantilites sp.,1
Platypeltoides hammondi,Gamalites? sp.,1
Platypeltoides hammondi,Gompholites sp.,1
Platypeltoides hammondi,Hyolithes sp.,1
Platypeltoides hammondi,Pauxillites thaddei,1
Platypeltoides hammondi,Pauxillites sp.,1
Playpeltoides carmenae,Benthic detritus,1
Playpeltoides carmenae,Ranorthis fasciata,1
Playpeltoides carmenae,undet. Athyridida,1
Playpeltoides carmenae,Acrothele sp.,1
Playpeltoides carmenae,Plectorthis simplex,1
Playpeltoides carmenae,Angusticardinia sp.,1
Playpeltoides carmenae,Lingula salteri,1
Playpeltoides carmenae,Orbithele vana,1
Playpeltoides carmenae,Paurorthis tadristensis,1
Playpeltoides carmenae,Tarfaya marocana,1
Playpeltoides carmenae,Wosekella sp.,1
Playpeltoides carmenae,Monobolina sp.,1
Playpeltoides carmenae,Elliptoglossa sp.,1
Playpeltoides carmenae,Celdobolus sp.,1
Playpeltoides carmenae,Discinoidea?,1
Playpeltoides carmenae,undet. Dalmanelloidea,1
Playpeltoides carmenae,Bryozoan,1
Playpeltoides carmenae,Ctenodonta escosurae,1
Playpeltoides carmenae,Praenucula sp.,1
Playpeltoides carmenae,Redonia michelae,1
Playpeltoides carmenae,Coxiconchia guiraudi,1
Playpeltoides carmenae,Alococoncha?,1
Playpeltoides carmenae,Cardiolaria? sp.,1
Playpeltoides carmenae,Cienagomya? sp.,1
Playpeltoides carmenae,Ekaterodonta courtessolei,1
Playpeltoides carmenae,Glyptarca sp.,1
Playpeltoides carmenae,Sinuites sp.,1
Playpeltoides carmenae,Lesueurilla prima,1
Playpeltoides carmenae,undet. Platyceratoidea,1
Playpeltoides carmenae,undet. Monoplacophora,1
Playpeltoides carmenae,Carcassonnella courtessolei,1
Playpeltoides carmenae,Carcassonnella vizcainoi,1
Playpeltoides carmenae,Carcassonnella sp.,1
Playpeltoides carmenae,Ribeiria sp.,1
Playpeltoides carmenae,Wiwaxiid,1
Playpeltoides carmenae,Helcionelloid,1
Playpeltoides carmenae,Possible phyllodocid,2
Playpeltoides carmenae,Priapulid,2
Playpeltoides carmenae,Large taxon with spinose limbs,1
Playpeltoides carmenae,Small taxon with spinose limbs,1
Playpeltoides carmenae,Armoured lobopodian 1,1
Playpeltoides carmenae,Armoured lobopodian 2,1
Playpeltoides carmenae,Armoured lobopodian 3,1
Playpeltoides carmenae,Diania-like lobopodian,1
Playpeltoides carmenae,Furca sp. 1,1
Playpeltoides carmenae,Furca sp. 2,1
Playpeltoides carmenae,Furca sp. 3,1
Playpeltoides carmenae,Enosiaspis hrungnir,1
Playpeltoides carmenae, 'Synziphosurine'/Synziphosurina?,1
Playpeltoides carmenae,Chasmataspidid,1
Playpeltoides carmenae,Possible pycnogonid,1
Playpeltoides carmenae,Possible retifaciid,1
Playpeltoides carmenae,Tariccoia tazagurtensis,1
Playpeltoides carmenae,Cheloniellid,1
Playpeltoides carmenae,Phyllocarid,1
Playpeltoides carmenae,Ostracod,1
Playpeltoides carmenae,Lepadomorph barnacle,1
Playpeltoides carmenae,Apatokephalus cf. incisus,1
Playpeltoides carmenae,undet. Dikelocephalidae,1
Playpeltoides carmenae,undet. Illaenacea,1
Playpeltoides carmenae,Orometopus sp.,1
Playpeltoides carmenae,Cnemidopyge sp.,1
Playpeltoides carmenae,Toletanaspis aff. borni,1
Playpeltoides carmenae,Bathycheilus gallicus,1
Playpeltoides carmenae,Colpocoryphe thorali,1
Playpeltoides carmenae,Agerina quadrata,1
Playpeltoides carmenae,Geragnostus aff. occitanus,1
Playpeltoides carmenae,Geragnostus sp.,1
Playpeltoides carmenae,Ampyx priscus,1
Playpeltoides carmenae,Ampyx cf. priscus,1
Playpeltoides carmenae,Parabathycheilus gallicus,1
Playpeltoides carmenae,Proetidae?,1
Playpeltoides carmenae,undet. Trinucleidae,1
Playpeltoides carmenae,Nileus deynouxi,1
Playpeltoides carmenae,Hospes sp.,1
Playpeltoides carmenae,Ogygiocaris sp.,1
Playpeltoides carmenae,cf. Niobella sp.,1
Playpeltoides carmenae,Somasteroid indet. n. sp. 1,1
Playpeltoides carmenae,Somasteroid indet. n. sp. 2,1
Playpeltoides carmenae,Somasteroid indet. n. sp. 3,1
Playpeltoides carmenae,Somasteroid indet.,1
Playpeltoides carmenae,undet. Asteroidea,1
Playpeltoides carmenae,Palaeosphaeronites sp.,1
Playpeltoides carmenae,Palaeosphaeronites? prokopi,1
Playpeltoides carmenae,Aristocystites cf. bohemicus (sinuous?),1
Playpeltoides carmenae,Aristocystites sp.,1
Playpeltoides carmenae,Balantiocystis regnelli,1
Playpeltoides carmenae,Balantiocystis sp.,1
Playpeltoides carmenae,Rhopalocystis sp.,1
Playpeltoides carmenae,Rhopalocystis dehirensis,1
Playpeltoides carmenae,Rhopalocystis destombesi,1
Playpeltoides carmenae,Rhopalocystis fraga,1
Playpeltoides carmenae,Rhopalocystis grandis,1
Playpeltoides carmenae,Rhopalocystis havliceki,1
Playpeltoides carmenae,Rhopalocystis lehmani,1
Playpeltoides carmenae,Rhopalocystis zagoraensis,1
Playpeltoides carmenae,Rhopalocystis sp. A,1
Playpeltoides carmenae,Rhopalocystis sp. B,1
Playpeltoides carmenae,Rhopalocystis sp. C,1
Playpeltoides carmenae,cf. Rhopalocystis,1
Playpeltoides carmenae,Lingulocystis aff. deani,1
Playpeltoides carmenae,Lingulocystis elongata,1
Playpeltoides carmenae,cf. Pareocrinus,1
Playpeltoides carmenae,Eocrinoidea indet. sp. 1,1
Playpeltoides carmenae,Eocrinoidea indet. sp. 2,1
Playpeltoides carmenae,Eocrinoidea indet.,1
Playpeltoides carmenae,Ramseyocrinus sp.,1
Playpeltoides carmenae,Crinoid 2,1
Playpeltoides carmenae,Aethocrinus cf. moorei,1
Playpeltoides carmenae,Iocrinus n. sp.,1
Playpeltoides carmenae,Cystoidea?/undet. Cystoidea,1
Playpeltoides carmenae,Argodiscus espilezorum,1
Playpeltoides carmenae,Anedriophus moroccoensis,1
Playpeltoides carmenae,Rhenopyrgid indet.,1
Playpeltoides carmenae,Ampelocarpus sp.,1
Playpeltoides carmenae,Amygdalotheca griffei,1
Playpeltoides carmenae,Anatifopsis escandei,1
Playpeltoides carmenae,Anatifopsis trapeziiformis,1
Playpeltoides carmenae,Anatifopsis sp.,1
Playpeltoides carmenae,"Anomalocystid n. gen., n. sp. ",1
Playpeltoides carmenae,Aspidocarpus sp.,1
Playpeltoides carmenae,Arauricystis? sp.,1
Playpeltoides carmenae,Balanocystites primus,1
Playpeltoides carmenae,Bohemiaecystis,1
Playpeltoides carmenae,Chauvelicystis ubaghsi,1
Playpeltoides carmenae,Chauvelicystis spinosa,1
Playpeltoides carmenae,Chauvelicystis vizcainoi,1
Playpeltoides carmenae,Chauvelicystis sp.,1
Playpeltoides carmenae,"Chauvelicystid n. gen., n. sp. 1",1
Playpeltoides carmenae,"Chauvelicystid n. gen., n. sp. 2",1
Playpeltoides carmenae,Chinianocarpos sp.,1
Playpeltoides carmenae,"Cornuta n. gen. 1, n. sp.",1
Playpeltoides carmenae,"Cornuta n. gen. 2, n. sp.",1
Playpeltoides carmenae,Flabellicarpus rushtoni,1
Playpeltoides carmenae,Flabellicarpus?,1
Playpeltoides carmenae,Galliaecystis n. sp.,1
Playpeltoides carmenae,Galliaecystis ubaghsi,1
Playpeltoides carmenae,Hanusia n. sp.,1
Playpeltoides carmenae,Lagynocystis pyramidalis,1
Playpeltoides carmenae,Kirkocystidae?,1
Playpeltoides carmenae,Lyricocarpus courtessolei,1
Playpeltoides carmenae,Milonicystis sp.,1
Playpeltoides carmenae,Mitrocystitid indet. cf. Ovocarpus,1
Playpeltoides carmenae,Nanocarpus cf. dolambii,1
Playpeltoides carmenae,Phyllocystis blayaci,1
Playpeltoides carmenae,Phyllocystis sp.,1
Playpeltoides carmenae,Procothurnocystis n. sp.,1
Playpeltoides carmenae,Prokopicystis sp.,1
Playpeltoides carmenae,Thoralicystis zagoraensis,1
Playpeltoides carmenae,Thoralicystis n. sp.,1
Playpeltoides carmenae,Vizcainocarpus sp.,1
Playpeltoides carmenae,Cothurnocystid indetl.,1
Playpeltoides carmenae,Hanusiid indet.,1
Playpeltoides carmenae,Peltocystis cornuta,1
Playpeltoides carmenae,Scotiaevystis? sp.,1
Playpeltoides carmenae,Macrocystella sp.,1
Playpeltoides carmenae,Macrocystella bohemica,1
Playpeltoides carmenae,Macrocystella cf. mariae,1
Playpeltoides carmenae,Macrocystella tasseftensis,1
Playpeltoides carmenae,undet. Ophiuroidea,1
Playpeltoides carmenae,Didymograptus cf. arcuatus,1
Playpeltoides carmenae,Didymograptus deflexus,1
Playpeltoides carmenae,Didymograptus extensus,1
Playpeltoides carmenae,Didymograptus v-fractus,1
Playpeltoides carmenae,Didymograptus intendus,1
Playpeltoides carmenae,Didymograptus pennatulus,1
Playpeltoides carmenae,Didymograptus nanus,1
Playpeltoides carmenae,Didymograptus nitidus,1
Playpeltoides carmenae,Didymograptus patulus,1
Playpeltoides carmenae,Didymograptus sparsus,1
Playpeltoides carmenae,"""Didymograptus sp. 1""",1
Playpeltoides carmenae,Didymograptus sp.,1
Playpeltoides carmenae,Didymograptid indet.,1
Playpeltoides carmenae,Koremagraptus sp.,1
Playpeltoides carmenae,Dictyonema sp.,1
Playpeltoides carmenae,Tuboid,1
Playpeltoides carmenae,?Cymatograptus protobalticus,1
Playpeltoides carmenae,Webbyites felix,1
Playpeltoides carmenae,Rhabdopleura-like epibiont,1
Playpeltoides carmenae,Hyolithes sp.,1
Symphysurus sicardi,Benthic detritus,1
Symphysurus sicardi,Ranorthis fasciata,1
Symphysurus sicardi,Acrothele sp.,1
Symphysurus sicardi,Plectorthis simplex,1
Symphysurus sicardi,Angusticardinia sp.,1
Symphysurus sicardi,Lingula salteri,1
Symphysurus sicardi,Orbithele vana,1
Symphysurus sicardi,Paurorthis tadristensis,1
Symphysurus sicardi,Tarfaya marocana,1
Symphysurus sicardi,Wosekella sp.,1
Symphysurus sicardi,Monobolina sp.,1
Symphysurus sicardi,Elliptoglossa sp.,1
Symphysurus sicardi,Celdobolus sp.,1
Symphysurus sicardi,Discinoidea?,1
Symphysurus sicardi,undet. Dalmanelloidea,1
Symphysurus sicardi,Bryozoan,1
Symphysurus sicardi,Ctenodonta escosurae,1
Symphysurus sicardi,Redonia michelae,1
Symphysurus sicardi,Coxiconchia guiraudi,1
Symphysurus sicardi,Alococoncha?,1
Symphysurus sicardi,Cardiolaria? sp.,1
Symphysurus sicardi,Cienagomya? sp.,1
Symphysurus sicardi,Ekaterodonta courtessolei,1
Symphysurus sicardi,Glyptarca sp.,1
Symphysurus sicardi,Lesueurilla prima,1
Symphysurus sicardi,undet. Monoplacophora,1
Symphysurus sicardi,Carcassonnella courtessolei,1
Symphysurus sicardi,Carcassonnella vizcainoi,1
Symphysurus sicardi,Carcassonnella sp.,1
Symphysurus sicardi,Wiwaxiid,1
Symphysurus sicardi,Helcionelloid,1
Symphysurus sicardi,Priapulid,2
Symphysurus sicardi,Large taxon with spinose limbs,1
Symphysurus sicardi,Small taxon with spinose limbs,1
Symphysurus sicardi,Armoured lobopodian 1,1
Symphysurus sicardi,Armoured lobopodian 2,1
Symphysurus sicardi,Armoured lobopodian 3,1
Symphysurus sicardi,Diania-like lobopodian,1
Symphysurus sicardi,Enosiaspis hrungnir,1
Symphysurus sicardi, 'Synziphosurine'/Synziphosurina?,1
Symphysurus sicardi,Possible pycnogonid,1
Symphysurus sicardi,Possible retifaciid,1
Symphysurus sicardi,Tariccoia tazagurtensis,1
Symphysurus sicardi,Ostracod,1
Symphysurus sicardi,undet. Dikelocephalidae,1
Symphysurus sicardi,undet. Illaenacea,1
Symphysurus sicardi,Orometopus sp.,1
Symphysurus sicardi,Agerina quadrata,1
Symphysurus sicardi,Geragnostus aff. occitanus,1
Symphysurus sicardi,Geragnostus sp.,1
Symphysurus sicardi,Ampyx priscus,1
Symphysurus sicardi,Ampyx cf. priscus,1
Symphysurus sicardi,Parabathycheilus gallicus,1
Symphysurus sicardi,Proetidae?,1
Symphysurus sicardi,undet. Trinucleidae,1
Symphysurus sicardi,Nileus deynouxi,1
Symphysurus sicardi,Hospes sp.,1
Symphysurus sicardi,Palaeosphaeronites sp.,1
Symphysurus sicardi,Palaeosphaeronites? prokopi,1
Symphysurus sicardi,Aristocystites cf. bohemicus (sinuous?),1
Symphysurus sicardi,Aristocystites sp.,1
Symphysurus sicardi,Balantiocystis regnelli,1
Symphysurus sicardi,Balantiocystis sp.,1
Symphysurus sicardi,Rhopalocystis sp.,1
Symphysurus sicardi,Rhopalocystis dehirensis,1
Symphysurus sicardi,Rhopalocystis destombesi,1
Symphysurus sicardi,Rhopalocystis fraga,1
Symphysurus sicardi,Rhopalocystis grandis,1
Symphysurus sicardi,Rhopalocystis havliceki,1
Symphysurus sicardi,Rhopalocystis lehmani,1
Symphysurus sicardi,Rhopalocystis zagoraensis,1
Symphysurus sicardi,Rhopalocystis sp. A,1
Symphysurus sicardi,Rhopalocystis sp. B,1
Symphysurus sicardi,Rhopalocystis sp. C,1
Symphysurus sicardi,cf. Rhopalocystis,1
Symphysurus sicardi,Lingulocystis aff. deani,1
Symphysurus sicardi,Lingulocystis elongata,1
Symphysurus sicardi,cf. Pareocrinus,1
Symphysurus sicardi,Eocrinoidea indet. sp. 1,1
Symphysurus sicardi,Eocrinoidea indet. sp. 2,1
Symphysurus sicardi,Eocrinoidea indet.,1
Symphysurus sicardi,Ramseyocrinus sp.,1
Symphysurus sicardi,Crinoid 2,1
Symphysurus sicardi,Aethocrinus cf. moorei,1
Symphysurus sicardi,Iocrinus n. sp.,1
Symphysurus sicardi,Cystoidea?/undet. Cystoidea,1
Symphysurus sicardi,Argodiscus espilezorum,1
Symphysurus sicardi,Anedriophus moroccoensis,1
Symphysurus sicardi,Rhenopyrgid indet.,1
Symphysurus sicardi,Ampelocarpus sp.,1
Symphysurus sicardi,Amygdalotheca griffei,1
Symphysurus sicardi,Anatifopsis escandei,1
Symphysurus sicardi,Anatifopsis trapeziiformis,1
Symphysurus sicardi,Anatifopsis sp.,1
Symphysurus sicardi,"Anomalocystid n. gen., n. sp. ",1
Symphysurus sicardi,Aspidocarpus sp.,1
Symphysurus sicardi,Arauricystis? sp.,1
Symphysurus sicardi,Balanocystites primus,1
Symphysurus sicardi,Bohemiaecystis,1
Symphysurus sicardi,Chauvelicystis ubaghsi,1
Symphysurus sicardi,Chauvelicystis spinosa,1
Symphysurus sicardi,Chauvelicystis vizcainoi,1
Symphysurus sicardi,Chauvelicystis sp.,1
Symphysurus sicardi,"Chauvelicystid n. gen., n. sp. 1",1
Symphysurus sicardi,"Chauvelicystid n. gen., n. sp. 2",1
Symphysurus sicardi,Chinianocarpos sp.,1
Symphysurus sicardi,"Cornuta n. gen. 1, n. sp.",1
Symphysurus sicardi,"Cornuta n. gen. 2, n. sp.",1
Symphysurus sicardi,Flabellicarpus rushtoni,1
Symphysurus sicardi,Galliaecystis n. sp.,1
Symphysurus sicardi,Galliaecystis ubaghsi,1
Symphysurus sicardi,Lagynocystis pyramidalis,1
Symphysurus sicardi,Kirkocystidae?,1
Symphysurus sicardi,Lyricocarpus courtessolei,1
Symphysurus sicardi,Milonicystis sp.,1
Symphysurus sicardi,Mitrocystitid indet. cf. Ovocarpus,1
Symphysurus sicardi,Nanocarpus cf. dolambii,1
Symphysurus sicardi,Phyllocystis blayaci,1
Symphysurus sicardi,Phyllocystis sp.,1
Symphysurus sicardi,Procothurnocystis n. sp.,1
Symphysurus sicardi,Prokopicystis sp.,1
Symphysurus sicardi,Thoralicystis zagoraensis,1
Symphysurus sicardi,Vizcainocarpus sp.,1
Symphysurus sicardi,Cothurnocystid indetl.,1
Symphysurus sicardi,Peltocystis cornuta,1
Symphysurus sicardi,Scotiaevystis? sp.,1
Symphysurus sicardi,Macrocystella sp.,1
Symphysurus sicardi,Macrocystella bohemica,1
Symphysurus sicardi,Macrocystella cf. mariae,1
Symphysurus sicardi,Macrocystella tasseftensis,1
Symphysurus sicardi,undet. Ophiuroidea,1
Symphysurus sicardi,Didymograptus cf. arcuatus,1
Symphysurus sicardi,Didymograptus deflexus,1
Symphysurus sicardi,Didymograptus extensus,1
Symphysurus sicardi,Didymograptus v-fractus,1
Symphysurus sicardi,Didymograptus intendus,1
Symphysurus sicardi,Didymograptus pennatulus,1
Symphysurus sicardi,Didymograptus nanus,1
Symphysurus sicardi,Didymograptus nitidus,1
Symphysurus sicardi,Didymograptus patulus,1
Symphysurus sicardi,Didymograptus sparsus,1
Symphysurus sicardi,"""Didymograptus sp. 1""",1
Symphysurus sicardi,Didymograptus sp.,1
Symphysurus sicardi,Didymograptid indet.,1
Symphysurus sicardi,Koremagraptus sp.,1
Symphysurus sicardi,Dictyonema sp.,1
Symphysurus sicardi,Tuboid,1
Symphysurus sicardi,?Cymatograptus protobalticus,1
Symphysurus sicardi,Webbyites felix,1
Symphysurus sicardi,Rhabdopleura-like epibiont,1
Symphysurus sicardi,Hyolithes sp.,1
Symphysurus ebbestadi,Benthic detritus,1
Symphysurus ebbestadi,Ranorthis fasciata,1
Symphysurus ebbestadi,Acrothele sp.,1
Symphysurus ebbestadi,Plectorthis simplex,1
Symphysurus ebbestadi,Angusticardinia sp.,1
Symphysurus ebbestadi,Lingula salteri,1
Symphysurus ebbestadi,Orbithele vana,1
Symphysurus ebbestadi,Paurorthis tadristensis,1
Symphysurus ebbestadi,Tarfaya marocana,1
Symphysurus ebbestadi,Wosekella sp.,1
Symphysurus ebbestadi,Monobolina sp.,1
Symphysurus ebbestadi,Elliptoglossa sp.,1
Symphysurus ebbestadi,Celdobolus sp.,1
Symphysurus ebbestadi,Discinoidea?,1
Symphysurus ebbestadi,undet. Dalmanelloidea,1
Symphysurus ebbestadi,Bryozoan,1
Symphysurus ebbestadi,Ctenodonta escosurae,1
Symphysurus ebbestadi,Redonia michelae,1
Symphysurus ebbestadi,Coxiconchia guiraudi,1
Symphysurus ebbestadi,Alococoncha?,1
Symphysurus ebbestadi,Cardiolaria? sp.,1
Symphysurus ebbestadi,Cienagomya? sp.,1
Symphysurus ebbestadi,Ekaterodonta courtessolei,1
Symphysurus ebbestadi,Glyptarca sp.,1
Symphysurus ebbestadi,Lesueurilla prima,1
Symphysurus ebbestadi,undet. Monoplacophora,1
Symphysurus ebbestadi,Carcassonnella courtessolei,1
Symphysurus ebbestadi,Carcassonnella vizcainoi,1
Symphysurus ebbestadi,Carcassonnella sp.,1
Symphysurus ebbestadi,Wiwaxiid,1
Symphysurus ebbestadi,Helcionelloid,1
Symphysurus ebbestadi,Priapulid,2
Symphysurus ebbestadi,Large taxon with spinose limbs,1
Symphysurus ebbestadi,Small taxon with spinose limbs,1
Symphysurus ebbestadi,Armoured lobopodian 1,1
Symphysurus ebbestadi,Armoured lobopodian 2,1
Symphysurus ebbestadi,Armoured lobopodian 3,1
Symphysurus ebbestadi,Diania-like lobopodian,1
Symphysurus ebbestadi,Enosiaspis hrungnir,1
Symphysurus ebbestadi, 'Synziphosurine'/Synziphosurina?,1
Symphysurus ebbestadi,Possible pycnogonid,1
Symphysurus ebbestadi,Possible retifaciid,1
Symphysurus ebbestadi,Tariccoia tazagurtensis,1
Symphysurus ebbestadi,Ostracod,1
Symphysurus ebbestadi,undet. Dikelocephalidae,1
Symphysurus ebbestadi,undet. Illaenacea,1
Symphysurus ebbestadi,Orometopus sp.,1
Symphysurus ebbestadi,Agerina quadrata,1
Symphysurus ebbestadi,Geragnostus aff. occitanus,1
Symphysurus ebbestadi,Geragnostus sp.,1
Symphysurus ebbestadi,Ampyx priscus,1
Symphysurus ebbestadi,Ampyx cf. priscus,1
Symphysurus ebbestadi,Parabathycheilus gallicus,1
Symphysurus ebbestadi,Proetidae?,1
Symphysurus ebbestadi,undet. Trinucleidae,1
Symphysurus ebbestadi,Nileus deynouxi,1
Symphysurus ebbestadi,Hospes sp.,1
Symphysurus ebbestadi,Palaeosphaeronites sp.,1
Symphysurus ebbestadi,Palaeosphaeronites? prokopi,1
Symphysurus ebbestadi,Aristocystites cf. bohemicus (sinuous?),1
Symphysurus ebbestadi,Aristocystites sp.,1
Symphysurus ebbestadi,Balantiocystis regnelli,1
Symphysurus ebbestadi,Balantiocystis sp.,1
Symphysurus ebbestadi,Rhopalocystis sp.,1
Symphysurus ebbestadi,Rhopalocystis dehirensis,1
Symphysurus ebbestadi,Rhopalocystis destombesi,1
Symphysurus ebbestadi,Rhopalocystis fraga,1
Symphysurus ebbestadi,Rhopalocystis grandis,1
Symphysurus ebbestadi,Rhopalocystis havliceki,1
Symphysurus ebbestadi,Rhopalocystis lehmani,1
Symphysurus ebbestadi,Rhopalocystis zagoraensis,1
Symphysurus ebbestadi,Rhopalocystis sp. A,1
Symphysurus ebbestadi,Rhopalocystis sp. B,1
Symphysurus ebbestadi,Rhopalocystis sp. C,1
Symphysurus ebbestadi,cf. Rhopalocystis,1
Symphysurus ebbestadi,Lingulocystis aff. deani,1
Symphysurus ebbestadi,Lingulocystis elongata,1
Symphysurus ebbestadi,cf. Pareocrinus,1
Symphysurus ebbestadi,Eocrinoidea indet. sp. 1,1
Symphysurus ebbestadi,Eocrinoidea indet. sp. 2,1
Symphysurus ebbestadi,Eocrinoidea indet.,1
Symphysurus ebbestadi,Ramseyocrinus sp.,1
Symphysurus ebbestadi,Crinoid 2,1
Symphysurus ebbestadi,Aethocrinus cf. moorei,1
Symphysurus ebbestadi,Iocrinus n. sp.,1
Symphysurus ebbestadi,Cystoidea?/undet. Cystoidea,1
Symphysurus ebbestadi,Argodiscus espilezorum,1
Symphysurus ebbestadi,Anedriophus moroccoensis,1
Symphysurus ebbestadi,Rhenopyrgid indet.,1
Symphysurus ebbestadi,Ampelocarpus sp.,1
Symphysurus ebbestadi,Amygdalotheca griffei,1
Symphysurus ebbestadi,Anatifopsis escandei,1
Symphysurus ebbestadi,Anatifopsis trapeziiformis,1
Symphysurus ebbestadi,Anatifopsis sp.,1
Symphysurus ebbestadi,"Anomalocystid n. gen., n. sp. ",1
Symphysurus ebbestadi,Aspidocarpus sp.,1
Symphysurus ebbestadi,Arauricystis? sp.,1
Symphysurus ebbestadi,Balanocystites primus,1
Symphysurus ebbestadi,Bohemiaecystis,1
Symphysurus ebbestadi,Chauvelicystis ubaghsi,1
Symphysurus ebbestadi,Chauvelicystis spinosa,1
Symphysurus ebbestadi,Chauvelicystis vizcainoi,1
Symphysurus ebbestadi,Chauvelicystis sp.,1
Symphysurus ebbestadi,"Chauvelicystid n. gen., n. sp. 1",1
Symphysurus ebbestadi,"Chauvelicystid n. gen., n. sp. 2",1
Symphysurus ebbestadi,Chinianocarpos sp.,1
Symphysurus ebbestadi,"Cornuta n. gen. 1, n. sp.",1
Symphysurus ebbestadi,"Cornuta n. gen. 2, n. sp.",1
Symphysurus ebbestadi,Flabellicarpus rushtoni,1
Symphysurus ebbestadi,Galliaecystis n. sp.,1
Symphysurus ebbestadi,Galliaecystis ubaghsi,1
Symphysurus ebbestadi,Lagynocystis pyramidalis,1
Symphysurus ebbestadi,Kirkocystidae?,1
Symphysurus ebbestadi,Lyricocarpus courtessolei,1
Symphysurus ebbestadi,Milonicystis sp.,1
Symphysurus ebbestadi,Mitrocystitid indet. cf. Ovocarpus,1
Symphysurus ebbestadi,Nanocarpus cf. dolambii,1
Symphysurus ebbestadi,Phyllocystis blayaci,1
Symphysurus ebbestadi,Phyllocystis sp.,1
Symphysurus ebbestadi,Procothurnocystis n. sp.,1
Symphysurus ebbestadi,Prokopicystis sp.,1
Symphysurus ebbestadi,Thoralicystis zagoraensis,1
Symphysurus ebbestadi,Vizcainocarpus sp.,1
Symphysurus ebbestadi,Cothurnocystid indetl.,1
Symphysurus ebbestadi,Peltocystis cornuta,1
Symphysurus ebbestadi,Scotiaevystis? sp.,1
Symphysurus ebbestadi,Macrocystella sp.,1
Symphysurus ebbestadi,Macrocystella bohemica,1
Symphysurus ebbestadi,Macrocystella cf. mariae,1
Symphysurus ebbestadi,Macrocystella tasseftensis,1
Symphysurus ebbestadi,undet. Ophiuroidea,1
Symphysurus ebbestadi,Didymograptus cf. arcuatus,1
Symphysurus ebbestadi,Didymograptus deflexus,1
Symphysurus ebbestadi,Didymograptus extensus,1
Symphysurus ebbestadi,Didymograptus v-fractus,1
Symphysurus ebbestadi,Didymograptus intendus,1
Symphysurus ebbestadi,Didymograptus pennatulus,1
Symphysurus ebbestadi,Didymograptus nanus,1
Symphysurus ebbestadi,Didymograptus nitidus,1
Symphysurus ebbestadi,Didymograptus patulus,1
Symphysurus ebbestadi,Didymograptus sparsus,1
Symphysurus ebbestadi,"""Didymograptus sp. 1""",1
Symphysurus ebbestadi,Didymograptus sp.,1
Symphysurus ebbestadi,Didymograptid indet.,1
Symphysurus ebbestadi,Koremagraptus sp.,1
Symphysurus ebbestadi,Dictyonema sp.,1
Symphysurus ebbestadi,Tuboid,1
Symphysurus ebbestadi,?Cymatograptus protobalticus,1
Symphysurus ebbestadi,Webbyites felix,1
Symphysurus ebbestadi,Rhabdopleura-like epibiont,1
Symphysurus ebbestadi,Hyolithes sp.,1
Symphysurus sp.,Benthic detritus,1
Symphysurus sp.,Ranorthis fasciata,1
Symphysurus sp.,undet. Athyridida,1
Symphysurus sp.,Acrothele sp.,1
Symphysurus sp.,Plectorthis simplex,1
Symphysurus sp.,Angusticardinia sp.,1
Symphysurus sp.,Lingula salteri,1
Symphysurus sp.,Orbithele vana,1
Symphysurus sp.,Paurorthis tadristensis,1
Symphysurus sp.,Tarfaya marocana,1
Symphysurus sp.,Wosekella sp.,1
Symphysurus sp.,Monobolina sp.,1
Symphysurus sp.,Elliptoglossa sp.,1
Symphysurus sp.,Celdobolus sp.,1
Symphysurus sp.,Discinoidea?,1
Symphysurus sp.,undet. Dalmanelloidea,1
Symphysurus sp.,Bryozoan,1
Symphysurus sp.,Ctenodonta escosurae,1
Symphysurus sp.,Praenucula sp.,1
Symphysurus sp.,Redonia michelae,1
Symphysurus sp.,Coxiconchia guiraudi,1
Symphysurus sp.,Alococoncha?,1
Symphysurus sp.,Cardiolaria? sp.,1
Symphysurus sp.,Cienagomya? sp.,1
Symphysurus sp.,Ekaterodonta courtessolei,1
Symphysurus sp.,Glyptarca sp.,1
Symphysurus sp.,Sinuites sp.,1
Symphysurus sp.,Lesueurilla prima,1
Symphysurus sp.,undet. Platyceratoidea,1
Symphysurus sp.,undet. Monoplacophora,1
Symphysurus sp.,Carcassonnella courtessolei,1
Symphysurus sp.,Carcassonnella vizcainoi,1
Symphysurus sp.,Carcassonnella sp.,1
Symphysurus sp.,Ribeiria sp.,1
Symphysurus sp.,Wiwaxiid,1
Symphysurus sp.,Helcionelloid,1
Symphysurus sp.,Possible phyllodocid,2
Symphysurus sp.,Priapulid,2
Symphysurus sp.,Large taxon with spinose limbs,1
Symphysurus sp.,Small taxon with spinose limbs,1
Symphysurus sp.,Armoured lobopodian 1,1
Symphysurus sp.,Armoured lobopodian 2,1
Symphysurus sp.,Armoured lobopodian 3,1
Symphysurus sp.,Diania-like lobopodian,1
Symphysurus sp.,Furca sp. 1,1
Symphysurus sp.,Furca sp. 2,1
Symphysurus sp.,Furca sp. 3,1
Symphysurus sp.,Enosiaspis hrungnir,1
Symphysurus sp., 'Synziphosurine'/Synziphosurina?,1
Symphysurus sp.,Chasmataspidid,1
Symphysurus sp.,Possible pycnogonid,1
Symphysurus sp.,Possible retifaciid,1
Symphysurus sp.,Tariccoia tazagurtensis,1
Symphysurus sp.,Cheloniellid,1
Symphysurus sp.,Phyllocarid,1
Symphysurus sp.,Ostracod,1
Symphysurus sp.,Lepadomorph barnacle,1
Symphysurus sp.,Apatokephalus cf. incisus,1
Symphysurus sp.,undet. Dikelocephalidae,1
Symphysurus sp.,undet. Illaenacea,1
Symphysurus sp.,Orometopus sp.,1
Symphysurus sp.,Cnemidopyge sp.,1
Symphysurus sp.,Toletanaspis aff. borni,1
Symphysurus sp.,Bathycheilus gallicus,1
Symphysurus sp.,Colpocoryphe thorali,1
Symphysurus sp.,Agerina quadrata,1
Symphysurus sp.,Geragnostus aff. occitanus,1
Symphysurus sp.,Geragnostus sp.,1
Symphysurus sp.,Ampyx priscus,1
Symphysurus sp.,Ampyx cf. priscus,1
Symphysurus sp.,Parabathycheilus gallicus,1
Symphysurus sp.,Proetidae?,1
Symphysurus sp.,undet. Trinucleidae,1
Symphysurus sp.,Nileus deynouxi,1
Symphysurus sp.,Hospes sp.,1
Symphysurus sp.,Ogygiocaris sp.,1
Symphysurus sp.,cf. Niobella sp.,1
Symphysurus sp.,Somasteroid indet. n. sp. 1,1
Symphysurus sp.,Somasteroid indet. n. sp. 2,1
Symphysurus sp.,Somasteroid indet. n. sp. 3,1
Symphysurus sp.,Somasteroid indet.,1
Symphysurus sp.,undet. Asteroidea,1
Symphysurus sp.,Palaeosphaeronites sp.,1
Symphysurus sp.,Palaeosphaeronites? prokopi,1
Symphysurus sp.,Aristocystites cf. bohemicus (sinuous?),1
Symphysurus sp.,Aristocystites sp.,1
Symphysurus sp.,Balantiocystis regnelli,1
Symphysurus sp.,Balantiocystis sp.,1
Symphysurus sp.,Rhopalocystis sp.,1
Symphysurus sp.,Rhopalocystis dehirensis,1
Symphysurus sp.,Rhopalocystis destombesi,1
Symphysurus sp.,Rhopalocystis fraga,1
Symphysurus sp.,Rhopalocystis grandis,1
Symphysurus sp.,Rhopalocystis havliceki,1
Symphysurus sp.,Rhopalocystis lehmani,1
Symphysurus sp.,Rhopalocystis zagoraensis,1
Symphysurus sp.,Rhopalocystis sp. A,1
Symphysurus sp.,Rhopalocystis sp. B,1
Symphysurus sp.,Rhopalocystis sp. C,1
Symphysurus sp.,cf. Rhopalocystis,1
Symphysurus sp.,Lingulocystis aff. deani,1
Symphysurus sp.,Lingulocystis elongata,1
Symphysurus sp.,cf. Pareocrinus,1
Symphysurus sp.,Eocrinoidea indet. sp. 1,1
Symphysurus sp.,Eocrinoidea indet. sp. 2,1
Symphysurus sp.,Eocrinoidea indet.,1
Symphysurus sp.,Ramseyocrinus sp.,1
Symphysurus sp.,Crinoid 2,1
Symphysurus sp.,Aethocrinus cf. moorei,1
Symphysurus sp.,Iocrinus n. sp.,1
Symphysurus sp.,Cystoidea?/undet. Cystoidea,1
Symphysurus sp.,Argodiscus espilezorum,1
Symphysurus sp.,Anedriophus moroccoensis,1
Symphysurus sp.,Rhenopyrgid indet.,1
Symphysurus sp.,Ampelocarpus sp.,1
Symphysurus sp.,Amygdalotheca griffei,1
Symphysurus sp.,Anatifopsis escandei,1
Symphysurus sp.,Anatifopsis trapeziiformis,1
Symphysurus sp.,Anatifopsis sp.,1
Symphysurus sp.,"Anomalocystid n. gen., n. sp. ",1
Symphysurus sp.,Aspidocarpus sp.,1
Symphysurus sp.,Arauricystis? sp.,1
Symphysurus sp.,Balanocystites primus,1
Symphysurus sp.,Bohemiaecystis,1
Symphysurus sp.,Chauvelicystis ubaghsi,1
Symphysurus sp.,Chauvelicystis spinosa,1
Symphysurus sp.,Chauvelicystis vizcainoi,1
Symphysurus sp.,Chauvelicystis sp.,1
Symphysurus sp.,"Chauvelicystid n. gen., n. sp. 1",1
Symphysurus sp.,"Chauvelicystid n. gen., n. sp. 2",1
Symphysurus sp.,Chinianocarpos sp.,1
Symphysurus sp.,"Cornuta n. gen. 1, n. sp.",1
Symphysurus sp.,"Cornuta n. gen. 2, n. sp.",1
Symphysurus sp.,Flabellicarpus rushtoni,1
Symphysurus sp.,Flabellicarpus?,1
Symphysurus sp.,Galliaecystis n. sp.,1
Symphysurus sp.,Galliaecystis ubaghsi,1
Symphysurus sp.,Hanusia n. sp.,1
Symphysurus sp.,Lagynocystis pyramidalis,1
Symphysurus sp.,Kirkocystidae?,1
Symphysurus sp.,Lyricocarpus courtessolei,1
Symphysurus sp.,Milonicystis sp.,1
Symphysurus sp.,Mitrocystitid indet. cf. Ovocarpus,1
Symphysurus sp.,Nanocarpus cf. dolambii,1
Symphysurus sp.,Phyllocystis blayaci,1
Symphysurus sp.,Phyllocystis sp.,1
Symphysurus sp.,Procothurnocystis n. sp.,1
Symphysurus sp.,Prokopicystis sp.,1
Symphysurus sp.,Thoralicystis zagoraensis,1
Symphysurus sp.,Thoralicystis n. sp.,1
Symphysurus sp.,Vizcainocarpus sp.,1
Symphysurus sp.,Cothurnocystid indetl.,1
Symphysurus sp.,Hanusiid indet.,1
Symphysurus sp.,Peltocystis cornuta,1
Symphysurus sp.,Scotiaevystis? sp.,1
Symphysurus sp.,Macrocystella sp.,1
Symphysurus sp.,Macrocystella bohemica,1
Symphysurus sp.,Macrocystella cf. mariae,1
Symphysurus sp.,Macrocystella tasseftensis,1
Symphysurus sp.,undet. Ophiuroidea,1
Symphysurus sp.,Didymograptus cf. arcuatus,1
Symphysurus sp.,Didymograptus deflexus,1
Symphysurus sp.,Didymograptus extensus,1
Symphysurus sp.,Didymograptus v-fractus,1
Symphysurus sp.,Didymograptus intendus,1
Symphysurus sp.,Didymograptus pennatulus,1
Symphysurus sp.,Didymograptus nanus,1
Symphysurus sp.,Didymograptus nitidus,1
Symphysurus sp.,Didymograptus patulus,1
Symphysurus sp.,Didymograptus sparsus,1
Symphysurus sp.,"""Didymograptus sp. 1""",1
Symphysurus sp.,Didymograptus sp.,1
Symphysurus sp.,Didymograptid indet.,1
Symphysurus sp.,Koremagraptus sp.,1
Symphysurus sp.,Dictyonema sp.,1
Symphysurus sp.,Tuboid,1
Symphysurus sp.,?Cymatograptus protobalticus,1
Symphysurus sp.,Webbyites felix,1
Symphysurus sp.,Rhabdopleura-like epibiont,1
Symphysurus sp.,Hyolithes sp.,1
Apatokephalus cf. incisus,Benthic detritus,1
Apatokephalus cf. incisus,Acrothele sp.,1
Apatokephalus cf. incisus,Plectorthis simplex,1
Apatokephalus cf. incisus,Angusticardinia sp.,1
Apatokephalus cf. incisus,Lingula salteri,1
Apatokephalus cf. incisus,Orbithele vana,1
Apatokephalus cf. incisus,Paurorthis tadristensis,1
Apatokephalus cf. incisus,Tarfaya marocana,1
Apatokephalus cf. incisus,Monobolina sp.,1
Apatokephalus cf. incisus,Elliptoglossa sp.,1
Apatokephalus cf. incisus,Celdobolus sp.,1
Apatokephalus cf. incisus,Discinoidea?,1
Apatokephalus cf. incisus,undet. Dalmanelloidea,1
Apatokephalus cf. incisus,Bryozoan,1
Apatokephalus cf. incisus,Redonia michelae,1
Apatokephalus cf. incisus,Coxiconchia guiraudi,1
Apatokephalus cf. incisus,Alococoncha?,1
Apatokephalus cf. incisus,Cienagomya? sp.,1
Apatokephalus cf. incisus,Ekaterodonta courtessolei,1
Apatokephalus cf. incisus,Lesueurilla prima,1
Apatokephalus cf. incisus,undet. Monoplacophora,1
Apatokephalus cf. incisus,Carcassonnella courtessolei,1
Apatokephalus cf. incisus,Carcassonnella vizcainoi,1
Apatokephalus cf. incisus,Carcassonnella sp.,1
Apatokephalus cf. incisus,Wiwaxiid,1
Apatokephalus cf. incisus,Helcionelloid,1
Apatokephalus cf. incisus,Priapulid,2
Apatokephalus cf. incisus,Enosiaspis hrungnir,1
Apatokephalus cf. incisus, 'Synziphosurine'/Synziphosurina?,1
Apatokephalus cf. incisus,Possible pycnogonid,1
Apatokephalus cf. incisus,Possible retifaciid,1
Apatokephalus cf. incisus,Tariccoia tazagurtensis,1
Apatokephalus cf. incisus,Ostracod,1
Apatokephalus cf. incisus,undet. Dikelocephalidae,1
Apatokephalus cf. incisus,undet. Illaenacea,1
Apatokephalus cf. incisus,Parabathycheilus gallicus,1
Apatokephalus cf. incisus,Proetidae?,1
Apatokephalus cf. incisus,undet. Trinucleidae,1
Apatokephalus cf. incisus,Palaeosphaeronites sp.,1
Apatokephalus cf. incisus,Palaeosphaeronites? prokopi,1
Apatokephalus cf. incisus,Aristocystites cf. bohemicus (sinuous?),1
Apatokephalus cf. incisus,Aristocystites sp.,1
Apatokephalus cf. incisus,Balantiocystis regnelli,1
Apatokephalus cf. incisus,Balantiocystis sp.,1
Apatokephalus cf. incisus,Rhopalocystis sp.,1
Apatokephalus cf. incisus,Rhopalocystis dehirensis,1
Apatokephalus cf. incisus,Rhopalocystis destombesi,1
Apatokephalus cf. incisus,Rhopalocystis fraga,1
Apatokephalus cf. incisus,Rhopalocystis grandis,1
Apatokephalus cf. incisus,Rhopalocystis havliceki,1
Apatokephalus cf. incisus,Rhopalocystis lehmani,1
Apatokephalus cf. incisus,Rhopalocystis zagoraensis,1
Apatokephalus cf. incisus,Rhopalocystis sp. A,1
Apatokephalus cf. incisus,Rhopalocystis sp. B,1
Apatokephalus cf. incisus,Rhopalocystis sp. C,1
Apatokephalus cf. incisus,cf. Rhopalocystis,1
Apatokephalus cf. incisus,Lingulocystis aff. deani,1
Apatokephalus cf. incisus,Lingulocystis elongata,1
Apatokephalus cf. incisus,cf. Pareocrinus,1
Apatokephalus cf. incisus,Eocrinoidea indet. sp. 1,1
Apatokephalus cf. incisus,Eocrinoidea indet. sp. 2,1
Apatokephalus cf. incisus,Eocrinoidea indet.,1
Apatokephalus cf. incisus,Ramseyocrinus sp.,1
Apatokephalus cf. incisus,Crinoid 2,1
Apatokephalus cf. incisus,Aethocrinus cf. moorei,1
Apatokephalus cf. incisus,Iocrinus n. sp.,1
Apatokephalus cf. incisus,Argodiscus espilezorum,1
Apatokephalus cf. incisus,Anedriophus moroccoensis,1
Apatokephalus cf. incisus,Rhenopyrgid indet.,1
Apatokephalus cf. incisus,Ampelocarpus sp.,1
Apatokephalus cf. incisus,Amygdalotheca griffei,1
Apatokephalus cf. incisus,Anatifopsis escandei,1
Apatokephalus cf. incisus,Anatifopsis trapeziiformis,1
Apatokephalus cf. incisus,Anatifopsis sp.,1
Apatokephalus cf. incisus,"Anomalocystid n. gen., n. sp. ",1
Apatokephalus cf. incisus,Aspidocarpus sp.,1
Apatokephalus cf. incisus,Balanocystites primus,1
Apatokephalus cf. incisus,Bohemiaecystis,1
Apatokephalus cf. incisus,Chauvelicystis ubaghsi,1
Apatokephalus cf. incisus,Chauvelicystis spinosa,1
Apatokephalus cf. incisus,Chauvelicystis vizcainoi,1
Apatokephalus cf. incisus,Chauvelicystis sp.,1
Apatokephalus cf. incisus,"Chauvelicystid n. gen., n. sp. 1",1
Apatokephalus cf. incisus,"Chauvelicystid n. gen., n. sp. 2",1
Apatokephalus cf. incisus,Chinianocarpos sp.,1
Apatokephalus cf. incisus,"Cornuta n. gen. 1, n. sp.",1
Apatokephalus cf. incisus,"Cornuta n. gen. 2, n. sp.",1
Apatokephalus cf. incisus,Flabellicarpus rushtoni,1
Apatokephalus cf. incisus,Galliaecystis n. sp.,1
Apatokephalus cf. incisus,Galliaecystis ubaghsi,1
Apatokephalus cf. incisus,Lagynocystis pyramidalis,1
Apatokephalus cf. incisus,Kirkocystidae?,1
Apatokephalus cf. incisus,Lyricocarpus courtessolei,1
Apatokephalus cf. incisus,Milonicystis sp.,1
Apatokephalus cf. incisus,Mitrocystitid indet. cf. Ovocarpus,1
Apatokephalus cf. incisus,Nanocarpus cf. dolambii,1
Apatokephalus cf. incisus,Phyllocystis blayaci,1
Apatokephalus cf. incisus,Procothurnocystis n. sp.,1
Apatokephalus cf. incisus,Prokopicystis sp.,1
Apatokephalus cf. incisus,Thoralicystis zagoraensis,1
Apatokephalus cf. incisus,Vizcainocarpus sp.,1
Apatokephalus cf. incisus,Peltocystis cornuta,1
Apatokephalus cf. incisus,Macrocystella sp.,1
Apatokephalus cf. incisus,Macrocystella bohemica,1
Apatokephalus cf. incisus,Macrocystella cf. mariae,1
Apatokephalus cf. incisus,Macrocystella tasseftensis,1
Apatokephalus cf. incisus,undet. Ophiuroidea,1
Apatokephalus cf. incisus,Didymograptus cf. arcuatus,1
Apatokephalus cf. incisus,Didymograptus deflexus,1
Apatokephalus cf. incisus,Didymograptus extensus,1
Apatokephalus cf. incisus,Didymograptus v-fractus,1
Apatokephalus cf. incisus,Didymograptus intendus,1
Apatokephalus cf. incisus,Didymograptus pennatulus,1
Apatokephalus cf. incisus,Didymograptus nanus,1
Apatokephalus cf. incisus,Didymograptus nitidus,1
Apatokephalus cf. incisus,Didymograptus patulus,1
Apatokephalus cf. incisus,Didymograptus sparsus,1
Apatokephalus cf. incisus,"""Didymograptus sp. 1""",1
Apatokephalus cf. incisus,Didymograptus sp.,1
Apatokephalus cf. incisus,Didymograptid indet.,1
Apatokephalus cf. incisus,Koremagraptus sp.,1
Apatokephalus cf. incisus,Dictyonema sp.,1
Apatokephalus cf. incisus,Tuboid,1
Apatokephalus cf. incisus,?Cymatograptus protobalticus,1
Apatokephalus cf. incisus,Webbyites felix,1
Apatokephalus cf. incisus,Rhabdopleura-like epibiont,1
Dikelokephalina brenchleyi,Benthic detritus,1
Dikelokephalina brenchleyi,Ranorthis fasciata,1
Dikelokephalina brenchleyi,undet. Athyridida,1
Dikelokephalina brenchleyi,Acrothele sp.,1
Dikelokephalina brenchleyi,Plectorthis simplex,1
Dikelokephalina brenchleyi,Angusticardinia sp.,1
Dikelokephalina brenchleyi,Lingula salteri,1
Dikelokephalina brenchleyi,Orbithele vana,1
Dikelokephalina brenchleyi,Paurorthis tadristensis,1
Dikelokephalina brenchleyi,Tarfaya marocana,1
Dikelokephalina brenchleyi,Wosekella sp.,1
Dikelokephalina brenchleyi,Monobolina sp.,1
Dikelokephalina brenchleyi,Elliptoglossa sp.,1
Dikelokephalina brenchleyi,Celdobolus sp.,1
Dikelokephalina brenchleyi,Discinoidea?,1
Dikelokephalina brenchleyi,undet. Dalmanelloidea,1
Dikelokephalina brenchleyi,Babinka prima,1
Dikelokephalina brenchleyi,Ctenodonta escosurae,1
Dikelokephalina brenchleyi,Praenucula sp.,1
Dikelokephalina brenchleyi,Redonia michelae,1
Dikelokephalina brenchleyi,Alococoncha?,1
Dikelokephalina brenchleyi,Cardiolaria? sp.,1
Dikelokephalina brenchleyi,Glyptarca sp.,1
Dikelokephalina brenchleyi,Pelecyogyra fezouataensis,1
Dikelokephalina brenchleyi,Sinuites sp.,1
Dikelokephalina brenchleyi,Lesueurilla prima,1
Dikelokephalina brenchleyi,undet. Platyceratoidea,1
Dikelokephalina brenchleyi,undet. Monoplacophora,1
Dikelokephalina brenchleyi,Thoralispira laevis,1
Dikelokephalina brenchleyi,Thoralispira? cf. occitana,1
Dikelokephalina brenchleyi,Ribeiria sp.,1
Dikelokephalina brenchleyi,Tolmachovia?,1
Dikelokephalina brenchleyi,Wiwaxiid,1
Dikelokephalina brenchleyi,Halkieriid,1
Dikelokephalina brenchleyi,Helcionelloid,1
Dikelokephalina brenchleyi,Calvapilosa kroegeri,1
Dikelokephalina brenchleyi,Plumulites bengtsoni,2
Dikelokephalina brenchleyi,Large plumulitid,2
Dikelokephalina brenchleyi,Possible phyllodocid,2
Dikelokephalina brenchleyi,Palaeoscolex cf. tenensis,2
Dikelokephalina brenchleyi,Priapulid,2
Dikelokephalina brenchleyi,Somasteroid indet. n. sp. 1,1
Dikelokephalina brenchleyi,Somasteroid indet. n. sp. 2,1
Dikelokephalina brenchleyi,Somasteroid indet. n. sp. 3,1
Dikelokephalina brenchleyi,Somasteroid indet.,1
Dikelokephalina brenchleyi,undet. Asteroidea,1
Dikelokephalina brenchleyi,undet. Stelleroidea,1
Dikelokephalina brenchleyi,Villebrunaster fezouataensis,1
Dikelokephalina brenchleyi,Palaeosphaeronites sp.,1
Dikelokephalina brenchleyi,Palaeosphaeronites? prokopi,1
Dikelokephalina brenchleyi,Aristocystites cf. bohemicus (sinuous?),1
Dikelokephalina brenchleyi,Aristocystites sp.,1
Dikelokephalina brenchleyi,Ascocystites? sp.,1
Dikelokephalina brenchleyi,Balantiocystis regnelli,1
Dikelokephalina brenchleyi,Balantiocystis sp.,1
Dikelokephalina brenchleyi,Rhopalocystis sp.,1
Dikelokephalina brenchleyi,Rhopalocystis dehirensis,1
Dikelokephalina brenchleyi,Rhopalocystis destombesi,1
Dikelokephalina brenchleyi,Rhopalocystis fraga,1
Dikelokephalina brenchleyi,Rhopalocystis grandis,1
Dikelokephalina brenchleyi,Rhopalocystis havliceki,1
Dikelokephalina brenchleyi,Rhopalocystis lehmani,1
Dikelokephalina brenchleyi,Rhopalocystis zagoraensis,1
Dikelokephalina brenchleyi,Rhopalocystis sp. A,1
Dikelokephalina brenchleyi,Rhopalocystis sp. B,1
Dikelokephalina brenchleyi,Rhopalocystis sp. C,1
Dikelokephalina brenchleyi,cf. Rhopalocystis,1
Dikelokephalina brenchleyi,Lingulocystis aff. deani,1
Dikelokephalina brenchleyi,Lingulocystis elongata,1
Dikelokephalina brenchleyi,cf. Pareocrinus,1
Dikelokephalina brenchleyi,Eocrinoidea indet. sp. 1,1
Dikelokephalina brenchleyi,Eocrinoidea indet. sp. 2,1
Dikelokephalina brenchleyi,Eocrinoidea indet.,1
Dikelokephalina brenchleyi,Ramseyocrinus sp.,1
Dikelokephalina brenchleyi,Crinoid 2,1
Dikelokephalina brenchleyi,Aethocrinus cf. moorei,1
Dikelokephalina brenchleyi,Iocrinus n. sp.,1
Dikelokephalina brenchleyi,Cystoidea?/undet. Cystoidea,1
Dikelokephalina brenchleyi,Argodiscus espilezorum,1
Dikelokephalina brenchleyi,Anedriophus moroccoensis,1
Dikelokephalina brenchleyi,Rhenopyrgid indet.,1
Dikelokephalina brenchleyi,Ampelocarpus sp.,1
Dikelokephalina brenchleyi,Amygdalotheca griffei,1
Dikelokephalina brenchleyi,Anatifopsis escandei,1
Dikelokephalina brenchleyi,Anatifopsis trapeziiformis,1
Dikelokephalina brenchleyi,Anatifopsis sp.,1
Dikelokephalina brenchleyi,"Anomalocystid n. gen., n. sp. ",1
Dikelokephalina brenchleyi,Aspidocarpus sp.,1
Dikelokephalina brenchleyi,Arauricystis? sp.,1
Dikelokephalina brenchleyi,Balanocystites primus,1
Dikelokephalina brenchleyi,Bohemiaecystis,1
Dikelokephalina brenchleyi,Chauvelicystis ubaghsi,1
Dikelokephalina brenchleyi,Chauvelicystis spinosa,1
Dikelokephalina brenchleyi,Chauvelicystis vizcainoi,1
Dikelokephalina brenchleyi,Chauvelicystis sp.,1
Dikelokephalina brenchleyi,"Chauvelicystid n. gen., n. sp. 1",1
Dikelokephalina brenchleyi,"Chauvelicystid n. gen., n. sp. 2",1
Dikelokephalina brenchleyi,Chinianocarpos sp.,1
Dikelokephalina brenchleyi,"Cornuta n. gen. 1, n. sp.",1
Dikelokephalina brenchleyi,"Cornuta n. gen. 2, n. sp.",1
Dikelokephalina brenchleyi,Flabellicarpus rushtoni,1
Dikelokephalina brenchleyi,Flabellicarpus?,1
Dikelokephalina brenchleyi,Galliaecystis n. sp.,1
Dikelokephalina brenchleyi,Galliaecystis ubaghsi,1
Dikelokephalina brenchleyi,Hanusia n. sp.,1
Dikelokephalina brenchleyi,Lagynocystis pyramidalis,1
Dikelokephalina brenchleyi,Lyricocarpus courtessolei,1
Dikelokephalina brenchleyi,Milonicystis sp.,1
Dikelokephalina brenchleyi,Mitrocystitid indet. cf. Ovocarpus,1
Dikelokephalina brenchleyi,Nanocarpus cf. dolambii,1
Dikelokephalina brenchleyi,Phyllocystis blayaci,1
Dikelokephalina brenchleyi,Phyllocystis sp.,1
Dikelokephalina brenchleyi,Procothurnocystis n. sp.,1
Dikelokephalina brenchleyi,Prokopicystis sp.,1
Dikelokephalina brenchleyi,Thoralicystis zagoraensis,1
Dikelokephalina brenchleyi,Thoralicystis n. sp.,1
Dikelokephalina brenchleyi,Vizcainocarpus sp.,1
Dikelokephalina brenchleyi,Cothurnocystid indetl.,1
Dikelokephalina brenchleyi,Hanusiid indet.,1
Dikelokephalina brenchleyi,Scotiaevystis? sp.,1
Dikelokephalina brenchleyi,Macrocystella sp.,1
Dikelokephalina brenchleyi,Macrocystella bohemica,1
Dikelokephalina brenchleyi,Macrocystella cf. mariae,1
Dikelokephalina brenchleyi,Macrocystella tasseftensis,1
Dikelokephalina brenchleyi,cf. Minervaecystis,1
Dikelokephalina brenchleyi,Plasiacystis mobilis,1
Dikelokephalina brenchleyi,Plasiacystis sp.,1
Dikelokephalina brenchleyi,undet. Ophiuroidea,1
Dikelokephalina brenchleyi,Elegantilites sp.,1
Dikelokephalina brenchleyi,Gamalites? sp.,1
Dikelokephalina brenchleyi,Gompholites sp.,1
Dikelokephalina brenchleyi,Nephrotheca sp.,1
Dikelokephalina brenchleyi,Hyolithes sp.,1
Dikelokephalina brenchleyi,Pauxillites thaddei,1
Dikelokephalina brenchleyi,Pauxillites sp.,1
undet. Dikelocephalidae,Benthic detritus,1
undet. Dikelocephalidae,Bryozoan,1
undet. Dikelocephalidae,Carcassonnella courtessolei,1
undet. Dikelocephalidae,Carcassonnella sp.,1
undet. Dikelocephalidae,Wiwaxiid,1
undet. Dikelocephalidae,Helcionelloid,1
undet. Dikelocephalidae, 'Synziphosurine'/Synziphosurina?,1
undet. Dikelocephalidae,Ostracod,1
undet. Dikelocephalidae,Proetidae?,1
undet. Dikelocephalidae,Ascocystites? sp.,1
undet. Dikelocephalidae,Balantiocystis regnelli,1
undet. Dikelocephalidae,Balantiocystis sp.,1
undet. Dikelocephalidae,Rhopalocystis sp.,1
undet. Dikelocephalidae,Rhopalocystis dehirensis,1
undet. Dikelocephalidae,Rhopalocystis destombesi,1
undet. Dikelocephalidae,Rhopalocystis fraga,1
undet. Dikelocephalidae,Rhopalocystis grandis,1
undet. Dikelocephalidae,Rhopalocystis havliceki,1
undet. Dikelocephalidae,Rhopalocystis lehmani,1
undet. Dikelocephalidae,Rhopalocystis zagoraensis,1
undet. Dikelocephalidae,Rhopalocystis sp. A,1
undet. Dikelocephalidae,Rhopalocystis sp. B,1
undet. Dikelocephalidae,Rhopalocystis sp. C,1
undet. Dikelocephalidae,cf. Rhopalocystis,1
undet. Dikelocephalidae,Lingulocystis aff. deani,1
undet. Dikelocephalidae,Lingulocystis elongata,1
undet. Dikelocephalidae,cf. Pareocrinus,1
undet. Dikelocephalidae,Eocrinoidea indet. sp. 1,1
undet. Dikelocephalidae,Eocrinoidea indet. sp. 2,1
undet. Dikelocephalidae,Eocrinoidea indet.,1
undet. Dikelocephalidae,Ramseyocrinus sp.,1
undet. Dikelocephalidae,Crinoid 2,1
undet. Dikelocephalidae,Aethocrinus cf. moorei,1
undet. Dikelocephalidae,Iocrinus n. sp.,1
undet. Dikelocephalidae,Didymograptus cf. arcuatus,1
undet. Dikelocephalidae,Didymograptus deflexus,1
undet. Dikelocephalidae,Didymograptus extensus,1
undet. Dikelocephalidae,Didymograptus v-fractus,1
undet. Dikelocephalidae,Didymograptus intendus,1
undet. Dikelocephalidae,Didymograptus pennatulus,1
undet. Dikelocephalidae,Didymograptus nanus,1
undet. Dikelocephalidae,Didymograptus nitidus,1
undet. Dikelocephalidae,Didymograptus patulus,1
undet. Dikelocephalidae,Didymograptus sparsus,1
undet. Dikelocephalidae,"""Didymograptus sp. 1""",1
undet. Dikelocephalidae,Didymograptus sp.,1
undet. Dikelocephalidae,Didymograptid indet.,1
undet. Dikelocephalidae,Koremagraptus sp.,1
undet. Dikelocephalidae,Dictyonema sp.,1
undet. Dikelocephalidae,Tuboid,1
undet. Dikelocephalidae,?Cymatograptus protobalticus,1
undet. Dikelocephalidae,Webbyites felix,1
undet. Dikelocephalidae,Rhabdopleura-like epibiont,1
undet. Illaenacea,Benthic detritus,1
undet. Illaenacea,Bryozoan,1
undet. Illaenacea,Carcassonnella courtessolei,1
undet. Illaenacea,Carcassonnella sp.,1
undet. Illaenacea,Wiwaxiid,1
undet. Illaenacea,Helcionelloid,1
undet. Illaenacea, 'Synziphosurine'/Synziphosurina?,1
undet. Illaenacea,Ostracod,1
undet. Illaenacea,Proetidae?,1
undet. Illaenacea,Ascocystites? sp.,1
undet. Illaenacea,Balantiocystis regnelli,1
undet. Illaenacea,Balantiocystis sp.,1
undet. Illaenacea,Rhopalocystis sp.,1
undet. Illaenacea,Rhopalocystis dehirensis,1
undet. Illaenacea,Rhopalocystis destombesi,1
undet. Illaenacea,Rhopalocystis fraga,1
undet. Illaenacea,Rhopalocystis grandis,1
undet. Illaenacea,Rhopalocystis havliceki,1
undet. Illaenacea,Rhopalocystis lehmani,1
undet. Illaenacea,Rhopalocystis zagoraensis,1
undet. Illaenacea,Rhopalocystis sp. A,1
undet. Illaenacea,Rhopalocystis sp. B,1
undet. Illaenacea,Rhopalocystis sp. C,1
undet. Illaenacea,cf. Rhopalocystis,1
undet. Illaenacea,Lingulocystis aff. deani,1
undet. Illaenacea,Lingulocystis elongata,1
undet. Illaenacea,cf. Pareocrinus,1
undet. Illaenacea,Eocrinoidea indet. sp. 1,1
undet. Illaenacea,Eocrinoidea indet. sp. 2,1
undet. Illaenacea,Eocrinoidea indet.,1
undet. Illaenacea,Ramseyocrinus sp.,1
undet. Illaenacea,Crinoid 2,1
undet. Illaenacea,Aethocrinus cf. moorei,1
undet. Illaenacea,Iocrinus n. sp.,1
undet. Illaenacea,Didymograptus cf. arcuatus,1
undet. Illaenacea,Didymograptus deflexus,1
undet. Illaenacea,Didymograptus extensus,1
undet. Illaenacea,Didymograptus v-fractus,1
undet. Illaenacea,Didymograptus intendus,1
undet. Illaenacea,Didymograptus pennatulus,1
undet. Illaenacea,Didymograptus nanus,1
undet. Illaenacea,Didymograptus nitidus,1
undet. Illaenacea,Didymograptus patulus,1
undet. Illaenacea,Didymograptus sparsus,1
undet. Illaenacea,"""Didymograptus sp. 1""",1
undet. Illaenacea,Didymograptus sp.,1
undet. Illaenacea,Didymograptid indet.,1
undet. Illaenacea,Koremagraptus sp.,1
undet. Illaenacea,Dictyonema sp.,1
undet. Illaenacea,Tuboid,1
undet. Illaenacea,?Cymatograptus protobalticus,1
undet. Illaenacea,Webbyites felix,1
undet. Illaenacea,Rhabdopleura-like epibiont,1
Orometopus sp.,suspended organic matter,2
Orometopus sp.,Benthic detritus,2
Cnemidopyge sp.,suspended organic matter,2
Cnemidopyge sp.,Benthic detritus,2
Lichakephalus stubbsi,Benthic detritus,1
Lichakephalus stubbsi,Ranorthis fasciata,1
Lichakephalus stubbsi,undet. Athyridida,1
Lichakephalus stubbsi,Acrothele sp.,1
Lichakephalus stubbsi,Plectorthis simplex,1
Lichakephalus stubbsi,Angusticardinia sp.,1
Lichakephalus stubbsi,Lingula salteri,1
Lichakephalus stubbsi,Orbithele vana,1
Lichakephalus stubbsi,Paurorthis tadristensis,1
Lichakephalus stubbsi,Tarfaya marocana,1
Lichakephalus stubbsi,Wosekella sp.,1
Lichakephalus stubbsi,Monobolina sp.,1
Lichakephalus stubbsi,Elliptoglossa sp.,1
Lichakephalus stubbsi,Celdobolus sp.,1
Lichakephalus stubbsi,Discinoidea?,1
Lichakephalus stubbsi,undet. Dalmanelloidea,1
Lichakephalus stubbsi,Babinka prima,1
Lichakephalus stubbsi,Ctenodonta escosurae,1
Lichakephalus stubbsi,Praenucula sp.,1
Lichakephalus stubbsi,Redonia michelae,1
Lichakephalus stubbsi,Alococoncha?,1
Lichakephalus stubbsi,Cardiolaria? sp.,1
Lichakephalus stubbsi,Glyptarca sp.,1
Lichakephalus stubbsi,Pelecyogyra fezouataensis,1
Lichakephalus stubbsi,Sinuites sp.,1
Lichakephalus stubbsi,Lesueurilla prima,1
Lichakephalus stubbsi,undet. Platyceratoidea,1
Lichakephalus stubbsi,undet. Monoplacophora,1
Lichakephalus stubbsi,Thoralispira laevis,1
Lichakephalus stubbsi,Thoralispira? cf. occitana,1
Lichakephalus stubbsi,Ribeiria sp.,1
Lichakephalus stubbsi,Tolmachovia?,1
Lichakephalus stubbsi,Wiwaxiid,1
Lichakephalus stubbsi,Halkieriid,1
Lichakephalus stubbsi,Helcionelloid,1
Lichakephalus stubbsi,Calvapilosa kroegeri,1
Lichakephalus stubbsi,Plumulites bengtsoni,2
Lichakephalus stubbsi,Large plumulitid,2
Lichakephalus stubbsi,Possible phyllodocid,2
Lichakephalus stubbsi,Palaeoscolex cf. tenensis,2
Lichakephalus stubbsi,Priapulid,2
Lichakephalus stubbsi,Somasteroid indet. n. sp. 1,1
Lichakephalus stubbsi,Somasteroid indet. n. sp. 2,1
Lichakephalus stubbsi,Somasteroid indet. n. sp. 3,1
Lichakephalus stubbsi,Somasteroid indet.,1
Lichakephalus stubbsi,undet. Asteroidea,1
Lichakephalus stubbsi,undet. Stelleroidea,1
Lichakephalus stubbsi,Villebrunaster fezouataensis,1
Lichakephalus stubbsi,Palaeosphaeronites sp.,1
Lichakephalus stubbsi,Palaeosphaeronites? prokopi,1
Lichakephalus stubbsi,Aristocystites cf. bohemicus (sinuous?),1
Lichakephalus stubbsi,Aristocystites sp.,1
Lichakephalus stubbsi,Ascocystites? sp.,1
Lichakephalus stubbsi,Balantiocystis regnelli,1
Lichakephalus stubbsi,Balantiocystis sp.,1
Lichakephalus stubbsi,Rhopalocystis sp.,1
Lichakephalus stubbsi,Rhopalocystis dehirensis,1
Lichakephalus stubbsi,Rhopalocystis destombesi,1
Lichakephalus stubbsi,Rhopalocystis fraga,1
Lichakephalus stubbsi,Rhopalocystis grandis,1
Lichakephalus stubbsi,Rhopalocystis havliceki,1
Lichakephalus stubbsi,Rhopalocystis lehmani,1
Lichakephalus stubbsi,Rhopalocystis zagoraensis,1
Lichakephalus stubbsi,Rhopalocystis sp. A,1
Lichakephalus stubbsi,Rhopalocystis sp. B,1
Lichakephalus stubbsi,Rhopalocystis sp. C,1
Lichakephalus stubbsi,cf. Rhopalocystis,1
Lichakephalus stubbsi,Lingulocystis aff. deani,1
Lichakephalus stubbsi,Lingulocystis elongata,1
Lichakephalus stubbsi,cf. Pareocrinus,1
Lichakephalus stubbsi,Eocrinoidea indet. sp. 1,1
Lichakephalus stubbsi,Eocrinoidea indet. sp. 2,1
Lichakephalus stubbsi,Eocrinoidea indet.,1
Lichakephalus stubbsi,Ramseyocrinus sp.,1
Lichakephalus stubbsi,Crinoid 2,1
Lichakephalus stubbsi,Aethocrinus cf. moorei,1
Lichakephalus stubbsi,Iocrinus n. sp.,1
Lichakephalus stubbsi,Cystoidea?/undet. Cystoidea,1
Lichakephalus stubbsi,Argodiscus espilezorum,1
Lichakephalus stubbsi,Anedriophus moroccoensis,1
Lichakephalus stubbsi,Rhenopyrgid indet.,1
Lichakephalus stubbsi,Ampelocarpus sp.,1
Lichakephalus stubbsi,Amygdalotheca griffei,1
Lichakephalus stubbsi,Anatifopsis escandei,1
Lichakephalus stubbsi,Anatifopsis trapeziiformis,1
Lichakephalus stubbsi,Anatifopsis sp.,1
Lichakephalus stubbsi,"Anomalocystid n. gen., n. sp. ",1
Lichakephalus stubbsi,Aspidocarpus sp.,1
Lichakephalus stubbsi,Arauricystis? sp.,1
Lichakephalus stubbsi,Balanocystites primus,1
Lichakephalus stubbsi,Bohemiaecystis,1
Lichakephalus stubbsi,Chauvelicystis ubaghsi,1
Lichakephalus stubbsi,Chauvelicystis spinosa,1
Lichakephalus stubbsi,Chauvelicystis vizcainoi,1
Lichakephalus stubbsi,Chauvelicystis sp.,1
Lichakephalus stubbsi,"Chauvelicystid n. gen., n. sp. 1",1
Lichakephalus stubbsi,"Chauvelicystid n. gen., n. sp. 2",1
Lichakephalus stubbsi,Chinianocarpos sp.,1
Lichakephalus stubbsi,"Cornuta n. gen. 1, n. sp.",1
Lichakephalus stubbsi,"Cornuta n. gen. 2, n. sp.",1
Lichakephalus stubbsi,Flabellicarpus rushtoni,1
Lichakephalus stubbsi,Flabellicarpus?,1
Lichakephalus stubbsi,Galliaecystis n. sp.,1
Lichakephalus stubbsi,Galliaecystis ubaghsi,1
Lichakephalus stubbsi,Hanusia n. sp.,1
Lichakephalus stubbsi,Lagynocystis pyramidalis,1
Lichakephalus stubbsi,Lyricocarpus courtessolei,1
Lichakephalus stubbsi,Milonicystis sp.,1
Lichakephalus stubbsi,Mitrocystitid indet. cf. Ovocarpus,1
Lichakephalus stubbsi,Nanocarpus cf. dolambii,1
Lichakephalus stubbsi,Phyllocystis blayaci,1
Lichakephalus stubbsi,Phyllocystis sp.,1
Lichakephalus stubbsi,Procothurnocystis n. sp.,1
Lichakephalus stubbsi,Prokopicystis sp.,1
Lichakephalus stubbsi,Thoralicystis zagoraensis,1
Lichakephalus stubbsi,Thoralicystis n. sp.,1
Lichakephalus stubbsi,Vizcainocarpus sp.,1
Lichakephalus stubbsi,Cothurnocystid indetl.,1
Lichakephalus stubbsi,Hanusiid indet.,1
Lichakephalus stubbsi,Scotiaevystis? sp.,1
Lichakephalus stubbsi,Macrocystella sp.,1
Lichakephalus stubbsi,Macrocystella bohemica,1
Lichakephalus stubbsi,Macrocystella cf. mariae,1
Lichakephalus stubbsi,Macrocystella tasseftensis,1
Lichakephalus stubbsi,cf. Minervaecystis,1
Lichakephalus stubbsi,Plasiacystis mobilis,1
Lichakephalus stubbsi,Plasiacystis sp.,1
Lichakephalus stubbsi,undet. Ophiuroidea,1
Lichakephalus stubbsi,Elegantilites sp.,1
Lichakephalus stubbsi,Gamalites? sp.,1
Lichakephalus stubbsi,Gompholites sp.,1
Lichakephalus stubbsi,Nephrotheca sp.,1
Lichakephalus stubbsi,Hyolithes sp.,1
Lichakephalus stubbsi,Pauxillites thaddei,1
Lichakephalus stubbsi,Pauxillites sp.,1
Parvilichas marochii,Benthic detritus,1
Parvilichas marochii,Acrothele sp.,1
Parvilichas marochii,Plectorthis simplex,1
Parvilichas marochii,Angusticardinia sp.,1
Parvilichas marochii,Lingula salteri,1
Parvilichas marochii,Orbithele vana,1
Parvilichas marochii,Paurorthis tadristensis,1
Parvilichas marochii,Tarfaya marocana,1
Parvilichas marochii,Monobolina sp.,1
Parvilichas marochii,Elliptoglossa sp.,1
Parvilichas marochii,Celdobolus sp.,1
Parvilichas marochii,Discinoidea?,1
Parvilichas marochii,undet. Dalmanelloidea,1
Parvilichas marochii,Bryozoan,1
Parvilichas marochii,Redonia michelae,1
Parvilichas marochii,Coxiconchia guiraudi,1
Parvilichas marochii,Alococoncha?,1
Parvilichas marochii,Cienagomya? sp.,1
Parvilichas marochii,Ekaterodonta courtessolei,1
Parvilichas marochii,Lesueurilla prima,1
Parvilichas marochii,undet. Monoplacophora,1
Parvilichas marochii,Carcassonnella courtessolei,1
Parvilichas marochii,Carcassonnella vizcainoi,1
Parvilichas marochii,Carcassonnella sp.,1
Parvilichas marochii,Wiwaxiid,1
Parvilichas marochii,Helcionelloid,1
Parvilichas marochii,Priapulid,2
Parvilichas marochii,Enosiaspis hrungnir,1
Parvilichas marochii, 'Synziphosurine'/Synziphosurina?,1
Parvilichas marochii,Possible pycnogonid,1
Parvilichas marochii,Possible retifaciid,1
Parvilichas marochii,Tariccoia tazagurtensis,1
Parvilichas marochii,Ostracod,1
Parvilichas marochii,undet. Dikelocephalidae,1
Parvilichas marochii,undet. Illaenacea,1
Parvilichas marochii,Parabathycheilus gallicus,1
Parvilichas marochii,Proetidae?,1
Parvilichas marochii,undet. Trinucleidae,1
Parvilichas marochii,Palaeosphaeronites sp.,1
Parvilichas marochii,Palaeosphaeronites? prokopi,1
Parvilichas marochii,Aristocystites cf. bohemicus (sinuous?),1
Parvilichas marochii,Aristocystites sp.,1
Parvilichas marochii,Balantiocystis regnelli,1
Parvilichas marochii,Balantiocystis sp.,1
Parvilichas marochii,Rhopalocystis sp.,1
Parvilichas marochii,Rhopalocystis dehirensis,1
Parvilichas marochii,Rhopalocystis destombesi,1
Parvilichas marochii,Rhopalocystis fraga,1
Parvilichas marochii,Rhopalocystis grandis,1
Parvilichas marochii,Rhopalocystis havliceki,1
Parvilichas marochii,Rhopalocystis lehmani,1
Parvilichas marochii,Rhopalocystis zagoraensis,1
Parvilichas marochii,Rhopalocystis sp. A,1
Parvilichas marochii,Rhopalocystis sp. B,1
Parvilichas marochii,Rhopalocystis sp. C,1
Parvilichas marochii,cf. Rhopalocystis,1
Parvilichas marochii,Lingulocystis aff. deani,1
Parvilichas marochii,Lingulocystis elongata,1
Parvilichas marochii,cf. Pareocrinus,1
Parvilichas marochii,Eocrinoidea indet. sp. 1,1
Parvilichas marochii,Eocrinoidea indet. sp. 2,1
Parvilichas marochii,Eocrinoidea indet.,1
Parvilichas marochii,Ramseyocrinus sp.,1
Parvilichas marochii,Crinoid 2,1
Parvilichas marochii,Aethocrinus cf. moorei,1
Parvilichas marochii,Iocrinus n. sp.,1
Parvilichas marochii,Argodiscus espilezorum,1
Parvilichas marochii,Anedriophus moroccoensis,1
Parvilichas marochii,Rhenopyrgid indet.,1
Parvilichas marochii,Ampelocarpus sp.,1
Parvilichas marochii,Amygdalotheca griffei,1
Parvilichas marochii,Anatifopsis escandei,1
Parvilichas marochii,Anatifopsis trapeziiformis,1
Parvilichas marochii,Anatifopsis sp.,1
Parvilichas marochii,"Anomalocystid n. gen., n. sp. ",1
Parvilichas marochii,Aspidocarpus sp.,1
Parvilichas marochii,Balanocystites primus,1
Parvilichas marochii,Bohemiaecystis,1
Parvilichas marochii,Chauvelicystis ubaghsi,1
Parvilichas marochii,Chauvelicystis spinosa,1
Parvilichas marochii,Chauvelicystis vizcainoi,1
Parvilichas marochii,Chauvelicystis sp.,1
Parvilichas marochii,"Chauvelicystid n. gen., n. sp. 1",1
Parvilichas marochii,"Chauvelicystid n. gen., n. sp. 2",1
Parvilichas marochii,Chinianocarpos sp.,1
Parvilichas marochii,"Cornuta n. gen. 1, n. sp.",1
Parvilichas marochii,"Cornuta n. gen. 2, n. sp.",1
Parvilichas marochii,Flabellicarpus rushtoni,1
Parvilichas marochii,Galliaecystis n. sp.,1
Parvilichas marochii,Galliaecystis ubaghsi,1
Parvilichas marochii,Lagynocystis pyramidalis,1
Parvilichas marochii,Kirkocystidae?,1
Parvilichas marochii,Lyricocarpus courtessolei,1
Parvilichas marochii,Milonicystis sp.,1
Parvilichas marochii,Mitrocystitid indet. cf. Ovocarpus,1
Parvilichas marochii,Nanocarpus cf. dolambii,1
Parvilichas marochii,Phyllocystis blayaci,1
Parvilichas marochii,Procothurnocystis n. sp.,1
Parvilichas marochii,Prokopicystis sp.,1
Parvilichas marochii,Thoralicystis zagoraensis,1
Parvilichas marochii,Vizcainocarpus sp.,1
Parvilichas marochii,Peltocystis cornuta,1
Parvilichas marochii,Macrocystella sp.,1
Parvilichas marochii,Macrocystella bohemica,1
Parvilichas marochii,Macrocystella cf. mariae,1
Parvilichas marochii,Macrocystella tasseftensis,1
Parvilichas marochii,undet. Ophiuroidea,1
Parvilichas marochii,Didymograptus cf. arcuatus,1
Parvilichas marochii,Didymograptus deflexus,1
Parvilichas marochii,Didymograptus extensus,1
Parvilichas marochii,Didymograptus v-fractus,1
Parvilichas marochii,Didymograptus intendus,1
Parvilichas marochii,Didymograptus pennatulus,1
Parvilichas marochii,Didymograptus nanus,1
Parvilichas marochii,Didymograptus nitidus,1
Parvilichas marochii,Didymograptus patulus,1
Parvilichas marochii,Didymograptus sparsus,1
Parvilichas marochii,"""Didymograptus sp. 1""",1
Parvilichas marochii,Didymograptus sp.,1
Parvilichas marochii,Didymograptid indet.,1
Parvilichas marochii,Koremagraptus sp.,1
Parvilichas marochii,Dictyonema sp.,1
Parvilichas marochii,Tuboid,1
Parvilichas marochii,?Cymatograptus protobalticus,1
Parvilichas marochii,Webbyites felix,1
Parvilichas marochii,Rhabdopleura-like epibiont,1
Selenopeltis aff. Gallica,Benthic detritus,1
Selenopeltis aff. Gallica,Ranorthis fasciata,1
Selenopeltis aff. Gallica,Acrothele sp.,1
Selenopeltis aff. Gallica,Plectorthis simplex,1
Selenopeltis aff. Gallica,Angusticardinia sp.,1
Selenopeltis aff. Gallica,Lingula salteri,1
Selenopeltis aff. Gallica,Orbithele vana,1
Selenopeltis aff. Gallica,Paurorthis tadristensis,1
Selenopeltis aff. Gallica,Tarfaya marocana,1
Selenopeltis aff. Gallica,Wosekella sp.,1
Selenopeltis aff. Gallica,Monobolina sp.,1
Selenopeltis aff. Gallica,Elliptoglossa sp.,1
Selenopeltis aff. Gallica,Celdobolus sp.,1
Selenopeltis aff. Gallica,Discinoidea?,1
Selenopeltis aff. Gallica,undet. Dalmanelloidea,1
Selenopeltis aff. Gallica,Bryozoan,1
Selenopeltis aff. Gallica,Ctenodonta escosurae,1
Selenopeltis aff. Gallica,Redonia michelae,1
Selenopeltis aff. Gallica,Coxiconchia guiraudi,1
Selenopeltis aff. Gallica,Alococoncha?,1
Selenopeltis aff. Gallica,Cardiolaria? sp.,1
Selenopeltis aff. Gallica,Cienagomya? sp.,1
Selenopeltis aff. Gallica,Ekaterodonta courtessolei,1
Selenopeltis aff. Gallica,Glyptarca sp.,1
Selenopeltis aff. Gallica,Lesueurilla prima,1
Selenopeltis aff. Gallica,undet. Monoplacophora,1
Selenopeltis aff. Gallica,Carcassonnella courtessolei,1
Selenopeltis aff. Gallica,Carcassonnella vizcainoi,1
Selenopeltis aff. Gallica,Carcassonnella sp.,1
Selenopeltis aff. Gallica,Wiwaxiid,1
Selenopeltis aff. Gallica,Helcionelloid,1
Selenopeltis aff. Gallica,Priapulid,2
Selenopeltis aff. Gallica,Large taxon with spinose limbs,1
Selenopeltis aff. Gallica,Small taxon with spinose limbs,1
Selenopeltis aff. Gallica,Armoured lobopodian 1,1
Selenopeltis aff. Gallica,Armoured lobopodian 2,1
Selenopeltis aff. Gallica,Armoured lobopodian 3,1
Selenopeltis aff. Gallica,Diania-like lobopodian,1
Selenopeltis aff. Gallica,Enosiaspis hrungnir,1
Selenopeltis aff. Gallica, 'Synziphosurine'/Synziphosurina?,1
Selenopeltis aff. Gallica,Possible pycnogonid,1
Selenopeltis aff. Gallica,Possible retifaciid,1
Selenopeltis aff. Gallica,Tariccoia tazagurtensis,1
Selenopeltis aff. Gallica,Ostracod,1
Selenopeltis aff. Gallica,undet. Dikelocephalidae,1
Selenopeltis aff. Gallica,undet. Illaenacea,1
Selenopeltis aff. Gallica,Orometopus sp.,1
Selenopeltis aff. Gallica,Agerina quadrata,1
Selenopeltis aff. Gallica,Geragnostus aff. occitanus,1
Selenopeltis aff. Gallica,Geragnostus sp.,1
Selenopeltis aff. Gallica,Ampyx priscus,1
Selenopeltis aff. Gallica,Ampyx cf. priscus,1
Selenopeltis aff. Gallica,Parabathycheilus gallicus,1
Selenopeltis aff. Gallica,Proetidae?,1
Selenopeltis aff. Gallica,undet. Trinucleidae,1
Selenopeltis aff. Gallica,Nileus deynouxi,1
Selenopeltis aff. Gallica,Hospes sp.,1
Selenopeltis aff. Gallica,Palaeosphaeronites sp.,1
Selenopeltis aff. Gallica,Palaeosphaeronites? prokopi,1
Selenopeltis aff. Gallica,Aristocystites cf. bohemicus (sinuous?),1
Selenopeltis aff. Gallica,Aristocystites sp.,1
Selenopeltis aff. Gallica,Balantiocystis regnelli,1
Selenopeltis aff. Gallica,Balantiocystis sp.,1
Selenopeltis aff. Gallica,Rhopalocystis sp.,1
Selenopeltis aff. Gallica,Rhopalocystis dehirensis,1
Selenopeltis aff. Gallica,Rhopalocystis destombesi,1
Selenopeltis aff. Gallica,Rhopalocystis fraga,1
Selenopeltis aff. Gallica,Rhopalocystis grandis,1
Selenopeltis aff. Gallica,Rhopalocystis havliceki,1
Selenopeltis aff. Gallica,Rhopalocystis lehmani,1
Selenopeltis aff. Gallica,Rhopalocystis zagoraensis,1
Selenopeltis aff. Gallica,Rhopalocystis sp. A,1
Selenopeltis aff. Gallica,Rhopalocystis sp. B,1
Selenopeltis aff. Gallica,Rhopalocystis sp. C,1
Selenopeltis aff. Gallica,cf. Rhopalocystis,1
Selenopeltis aff. Gallica,Lingulocystis aff. deani,1
Selenopeltis aff. Gallica,Lingulocystis elongata,1
Selenopeltis aff. Gallica,cf. Pareocrinus,1
Selenopeltis aff. Gallica,Eocrinoidea indet. sp. 1,1
Selenopeltis aff. Gallica,Eocrinoidea indet. sp. 2,1
Selenopeltis aff. Gallica,Eocrinoidea indet.,1
Selenopeltis aff. Gallica,Ramseyocrinus sp.,1
Selenopeltis aff. Gallica,Crinoid 2,1
Selenopeltis aff. Gallica,Aethocrinus cf. moorei,1
Selenopeltis aff. Gallica,Iocrinus n. sp.,1
Selenopeltis aff. Gallica,Cystoidea?/undet. Cystoidea,1
Selenopeltis aff. Gallica,Argodiscus espilezorum,1
Selenopeltis aff. Gallica,Anedriophus moroccoensis,1
Selenopeltis aff. Gallica,Rhenopyrgid indet.,1
Selenopeltis aff. Gallica,Ampelocarpus sp.,1
Selenopeltis aff. Gallica,Amygdalotheca griffei,1
Selenopeltis aff. Gallica,Anatifopsis escandei,1
Selenopeltis aff. Gallica,Anatifopsis trapeziiformis,1
Selenopeltis aff. Gallica,Anatifopsis sp.,1
Selenopeltis aff. Gallica,"Anomalocystid n. gen., n. sp. ",1
Selenopeltis aff. Gallica,Aspidocarpus sp.,1
Selenopeltis aff. Gallica,Arauricystis? sp.,1
Selenopeltis aff. Gallica,Balanocystites primus,1
Selenopeltis aff. Gallica,Bohemiaecystis,1
Selenopeltis aff. Gallica,Chauvelicystis ubaghsi,1
Selenopeltis aff. Gallica,Chauvelicystis spinosa,1
Selenopeltis aff. Gallica,Chauvelicystis vizcainoi,1
Selenopeltis aff. Gallica,Chauvelicystis sp.,1
Selenopeltis aff. Gallica,"Chauvelicystid n. gen., n. sp. 1",1
Selenopeltis aff. Gallica,"Chauvelicystid n. gen., n. sp. 2",1
Selenopeltis aff. Gallica,Chinianocarpos sp.,1
Selenopeltis aff. Gallica,"Cornuta n. gen. 1, n. sp.",1
Selenopeltis aff. Gallica,"Cornuta n. gen. 2, n. sp.",1
Selenopeltis aff. Gallica,Flabellicarpus rushtoni,1
Selenopeltis aff. Gallica,Galliaecystis n. sp.,1
Selenopeltis aff. Gallica,Galliaecystis ubaghsi,1
Selenopeltis aff. Gallica,Lagynocystis pyramidalis,1
Selenopeltis aff. Gallica,Kirkocystidae?,1
Selenopeltis aff. Gallica,Lyricocarpus courtessolei,1
Selenopeltis aff. Gallica,Milonicystis sp.,1
Selenopeltis aff. Gallica,Mitrocystitid indet. cf. Ovocarpus,1
Selenopeltis aff. Gallica,Nanocarpus cf. dolambii,1
Selenopeltis aff. Gallica,Phyllocystis blayaci,1
Selenopeltis aff. Gallica,Phyllocystis sp.,1
Selenopeltis aff. Gallica,Procothurnocystis n. sp.,1
Selenopeltis aff. Gallica,Prokopicystis sp.,1
Selenopeltis aff. Gallica,Thoralicystis zagoraensis,1
Selenopeltis aff. Gallica,Vizcainocarpus sp.,1
Selenopeltis aff. Gallica,Cothurnocystid indetl.,1
Selenopeltis aff. Gallica,Peltocystis cornuta,1
Selenopeltis aff. Gallica,Scotiaevystis? sp.,1
Selenopeltis aff. Gallica,Macrocystella sp.,1
Selenopeltis aff. Gallica,Macrocystella bohemica,1
Selenopeltis aff. Gallica,Macrocystella cf. mariae,1
Selenopeltis aff. Gallica,Macrocystella tasseftensis,1
Selenopeltis aff. Gallica,undet. Ophiuroidea,1
Selenopeltis aff. Gallica,Didymograptus cf. arcuatus,1
Selenopeltis aff. Gallica,Didymograptus deflexus,1
Selenopeltis aff. Gallica,Didymograptus extensus,1
Selenopeltis aff. Gallica,Didymograptus v-fractus,1
Selenopeltis aff. Gallica,Didymograptus intendus,1
Selenopeltis aff. Gallica,Didymograptus pennatulus,1
Selenopeltis aff. Gallica,Didymograptus nanus,1
Selenopeltis aff. Gallica,Didymograptus nitidus,1
Selenopeltis aff. Gallica,Didymograptus patulus,1
Selenopeltis aff. Gallica,Didymograptus sparsus,1
Selenopeltis aff. Gallica,"""Didymograptus sp. 1""",1
Selenopeltis aff. Gallica,Didymograptus sp.,1
Selenopeltis aff. Gallica,Didymograptid indet.,1
Selenopeltis aff. Gallica,Koremagraptus sp.,1
Selenopeltis aff. Gallica,Dictyonema sp.,1
Selenopeltis aff. Gallica,Tuboid,1
Selenopeltis aff. Gallica,?Cymatograptus protobalticus,1
Selenopeltis aff. Gallica,Webbyites felix,1
Selenopeltis aff. Gallica,Rhabdopleura-like epibiont,1
Selenopeltis aff. Gallica,Hyolithes sp.,1
Selenopeltis binodosa,Benthic detritus,1
Selenopeltis binodosa,Ranorthis fasciata,1
Selenopeltis binodosa,Acrothele sp.,1
Selenopeltis binodosa,Plectorthis simplex,1
Selenopeltis binodosa,Angusticardinia sp.,1
Selenopeltis binodosa,Lingula salteri,1
Selenopeltis binodosa,Orbithele vana,1
Selenopeltis binodosa,Paurorthis tadristensis,1
Selenopeltis binodosa,Tarfaya marocana,1
Selenopeltis binodosa,Wosekella sp.,1
Selenopeltis binodosa,Monobolina sp.,1
Selenopeltis binodosa,Elliptoglossa sp.,1
Selenopeltis binodosa,Celdobolus sp.,1
Selenopeltis binodosa,Discinoidea?,1
Selenopeltis binodosa,undet. Dalmanelloidea,1
Selenopeltis binodosa,Bryozoan,1
Selenopeltis binodosa,Ctenodonta escosurae,1
Selenopeltis binodosa,Redonia michelae,1
Selenopeltis binodosa,Coxiconchia guiraudi,1
Selenopeltis binodosa,Alococoncha?,1
Selenopeltis binodosa,Cardiolaria? sp.,1
Selenopeltis binodosa,Cienagomya? sp.,1
Selenopeltis binodosa,Ekaterodonta courtessolei,1
Selenopeltis binodosa,Glyptarca sp.,1
Selenopeltis binodosa,Lesueurilla prima,1
Selenopeltis binodosa,undet. Monoplacophora,1
Selenopeltis binodosa,Carcassonnella courtessolei,1
Selenopeltis binodosa,Carcassonnella vizcainoi,1
Selenopeltis binodosa,Carcassonnella sp.,1
Selenopeltis binodosa,Wiwaxiid,1
Selenopeltis binodosa,Helcionelloid,1
Selenopeltis binodosa,Priapulid,2
Selenopeltis binodosa,Large taxon with spinose limbs,1
Selenopeltis binodosa,Small taxon with spinose limbs,1
Selenopeltis binodosa,Armoured lobopodian 1,1
Selenopeltis binodosa,Armoured lobopodian 2,1
Selenopeltis binodosa,Armoured lobopodian 3,1
Selenopeltis binodosa,Diania-like lobopodian,1
Selenopeltis binodosa,Enosiaspis hrungnir,1
Selenopeltis binodosa, 'Synziphosurine'/Synziphosurina?,1
Selenopeltis binodosa,Possible pycnogonid,1
Selenopeltis binodosa,Possible retifaciid,1
Selenopeltis binodosa,Tariccoia tazagurtensis,1
Selenopeltis binodosa,Ostracod,1
Selenopeltis binodosa,undet. Dikelocephalidae,1
Selenopeltis binodosa,undet. Illaenacea,1
Selenopeltis binodosa,Orometopus sp.,1
Selenopeltis binodosa,Agerina quadrata,1
Selenopeltis binodosa,Geragnostus aff. occitanus,1
Selenopeltis binodosa,Geragnostus sp.,1
Selenopeltis binodosa,Ampyx priscus,1
Selenopeltis binodosa,Ampyx cf. priscus,1
Selenopeltis binodosa,Parabathycheilus gallicus,1
Selenopeltis binodosa,Proetidae?,1
Selenopeltis binodosa,undet. Trinucleidae,1
Selenopeltis binodosa,Nileus deynouxi,1
Selenopeltis binodosa,Hospes sp.,1
Selenopeltis binodosa,Palaeosphaeronites sp.,1
Selenopeltis binodosa,Palaeosphaeronites? prokopi,1
Selenopeltis binodosa,Aristocystites cf. bohemicus (sinuous?),1
Selenopeltis binodosa,Aristocystites sp.,1
Selenopeltis binodosa,Balantiocystis regnelli,1
Selenopeltis binodosa,Balantiocystis sp.,1
Selenopeltis binodosa,Rhopalocystis sp.,1
Selenopeltis binodosa,Rhopalocystis dehirensis,1
Selenopeltis binodosa,Rhopalocystis destombesi,1
Selenopeltis binodosa,Rhopalocystis fraga,1
Selenopeltis binodosa,Rhopalocystis grandis,1
Selenopeltis binodosa,Rhopalocystis havliceki,1
Selenopeltis binodosa,Rhopalocystis lehmani,1
Selenopeltis binodosa,Rhopalocystis zagoraensis,1
Selenopeltis binodosa,Rhopalocystis sp. A,1
Selenopeltis binodosa,Rhopalocystis sp. B,1
Selenopeltis binodosa,Rhopalocystis sp. C,1
Selenopeltis binodosa,cf. Rhopalocystis,1
Selenopeltis binodosa,Lingulocystis aff. deani,1
Selenopeltis binodosa,Lingulocystis elongata,1
Selenopeltis binodosa,cf. Pareocrinus,1
Selenopeltis binodosa,Eocrinoidea indet. sp. 1,1
Selenopeltis binodosa,Eocrinoidea indet. sp. 2,1
Selenopeltis binodosa,Eocrinoidea indet.,1
Selenopeltis binodosa,Ramseyocrinus sp.,1
Selenopeltis binodosa,Crinoid 2,1
Selenopeltis binodosa,Aethocrinus cf. moorei,1
Selenopeltis binodosa,Iocrinus n. sp.,1
Selenopeltis binodosa,Cystoidea?/undet. Cystoidea,1
Selenopeltis binodosa,Argodiscus espilezorum,1
Selenopeltis binodosa,Anedriophus moroccoensis,1
Selenopeltis binodosa,Rhenopyrgid indet.,1
Selenopeltis binodosa,Ampelocarpus sp.,1
Selenopeltis binodosa,Amygdalotheca griffei,1
Selenopeltis binodosa,Anatifopsis escandei,1
Selenopeltis binodosa,Anatifopsis trapeziiformis,1
Selenopeltis binodosa,Anatifopsis sp.,1
Selenopeltis binodosa,"Anomalocystid n. gen., n. sp. ",1
Selenopeltis binodosa,Aspidocarpus sp.,1
Selenopeltis binodosa,Arauricystis? sp.,1
Selenopeltis binodosa,Balanocystites primus,1
Selenopeltis binodosa,Bohemiaecystis,1
Selenopeltis binodosa,Chauvelicystis ubaghsi,1
Selenopeltis binodosa,Chauvelicystis spinosa,1
Selenopeltis binodosa,Chauvelicystis vizcainoi,1
Selenopeltis binodosa,Chauvelicystis sp.,1
Selenopeltis binodosa,"Chauvelicystid n. gen., n. sp. 1",1
Selenopeltis binodosa,"Chauvelicystid n. gen., n. sp. 2",1
Selenopeltis binodosa,Chinianocarpos sp.,1
Selenopeltis binodosa,"Cornuta n. gen. 1, n. sp.",1
Selenopeltis binodosa,"Cornuta n. gen. 2, n. sp.",1
Selenopeltis binodosa,Flabellicarpus rushtoni,1
Selenopeltis binodosa,Galliaecystis n. sp.,1
Selenopeltis binodosa,Galliaecystis ubaghsi,1
Selenopeltis binodosa,Lagynocystis pyramidalis,1
Selenopeltis binodosa,Kirkocystidae?,1
Selenopeltis binodosa,Lyricocarpus courtessolei,1
Selenopeltis binodosa,Milonicystis sp.,1
Selenopeltis binodosa,Mitrocystitid indet. cf. Ovocarpus,1
Selenopeltis binodosa,Nanocarpus cf. dolambii,1
Selenopeltis binodosa,Phyllocystis blayaci,1
Selenopeltis binodosa,Phyllocystis sp.,1
Selenopeltis binodosa,Procothurnocystis n. sp.,1
Selenopeltis binodosa,Prokopicystis sp.,1
Selenopeltis binodosa,Thoralicystis zagoraensis,1
Selenopeltis binodosa,Vizcainocarpus sp.,1
Selenopeltis binodosa,Cothurnocystid indetl.,1
Selenopeltis binodosa,Peltocystis cornuta,1
Selenopeltis binodosa,Scotiaevystis? sp.,1
Selenopeltis binodosa,Macrocystella sp.,1
Selenopeltis binodosa,Macrocystella bohemica,1
Selenopeltis binodosa,Macrocystella cf. mariae,1
Selenopeltis binodosa,Macrocystella tasseftensis,1
Selenopeltis binodosa,undet. Ophiuroidea,1
Selenopeltis binodosa,Didymograptus cf. arcuatus,1
Selenopeltis binodosa,Didymograptus deflexus,1
Selenopeltis binodosa,Didymograptus extensus,1
Selenopeltis binodosa,Didymograptus v-fractus,1
Selenopeltis binodosa,Didymograptus intendus,1
Selenopeltis binodosa,Didymograptus pennatulus,1
Selenopeltis binodosa,Didymograptus nanus,1
Selenopeltis binodosa,Didymograptus nitidus,1
Selenopeltis binodosa,Didymograptus patulus,1
Selenopeltis binodosa,Didymograptus sparsus,1
Selenopeltis binodosa,"""Didymograptus sp. 1""",1
Selenopeltis binodosa,Didymograptus sp.,1
Selenopeltis binodosa,Didymograptid indet.,1
Selenopeltis binodosa,Koremagraptus sp.,1
Selenopeltis binodosa,Dictyonema sp.,1
Selenopeltis binodosa,Tuboid,1
Selenopeltis binodosa,?Cymatograptus protobalticus,1
Selenopeltis binodosa,Webbyites felix,1
Selenopeltis binodosa,Rhabdopleura-like epibiont,1
Selenopeltis binodosa,Hyolithes sp.,1
Selenopeltis sp. 1,Benthic detritus,1
Selenopeltis sp. 1,Acrothele sp.,1
Selenopeltis sp. 1,Plectorthis simplex,1
Selenopeltis sp. 1,Angusticardinia sp.,1
Selenopeltis sp. 1,Lingula salteri,1
Selenopeltis sp. 1,Orbithele vana,1
Selenopeltis sp. 1,Paurorthis tadristensis,1
Selenopeltis sp. 1,Tarfaya marocana,1
Selenopeltis sp. 1,Monobolina sp.,1
Selenopeltis sp. 1,Elliptoglossa sp.,1
Selenopeltis sp. 1,Celdobolus sp.,1
Selenopeltis sp. 1,Discinoidea?,1
Selenopeltis sp. 1,undet. Dalmanelloidea,1
Selenopeltis sp. 1,Bryozoan,1
Selenopeltis sp. 1,Redonia michelae,1
Selenopeltis sp. 1,Coxiconchia guiraudi,1
Selenopeltis sp. 1,Alococoncha?,1
Selenopeltis sp. 1,Cienagomya? sp.,1
Selenopeltis sp. 1,Ekaterodonta courtessolei,1
Selenopeltis sp. 1,Lesueurilla prima,1
Selenopeltis sp. 1,undet. Monoplacophora,1
Selenopeltis sp. 1,Carcassonnella courtessolei,1
Selenopeltis sp. 1,Carcassonnella vizcainoi,1
Selenopeltis sp. 1,Carcassonnella sp.,1
Selenopeltis sp. 1,Wiwaxiid,1
Selenopeltis sp. 1,Helcionelloid,1
Selenopeltis sp. 1,Priapulid,2
Selenopeltis sp. 1,Enosiaspis hrungnir,1
Selenopeltis sp. 1, 'Synziphosurine'/Synziphosurina?,1
Selenopeltis sp. 1,Possible pycnogonid,1
Selenopeltis sp. 1,Possible retifaciid,1
Selenopeltis sp. 1,Tariccoia tazagurtensis,1
Selenopeltis sp. 1,Ostracod,1
Selenopeltis sp. 1,undet. Dikelocephalidae,1
Selenopeltis sp. 1,undet. Illaenacea,1
Selenopeltis sp. 1,Parabathycheilus gallicus,1
Selenopeltis sp. 1,Proetidae?,1
Selenopeltis sp. 1,undet. Trinucleidae,1
Selenopeltis sp. 1,Palaeosphaeronites sp.,1
Selenopeltis sp. 1,Palaeosphaeronites? prokopi,1
Selenopeltis sp. 1,Aristocystites cf. bohemicus (sinuous?),1
Selenopeltis sp. 1,Aristocystites sp.,1
Selenopeltis sp. 1,Balantiocystis regnelli,1
Selenopeltis sp. 1,Balantiocystis sp.,1
Selenopeltis sp. 1,Rhopalocystis sp.,1
Selenopeltis sp. 1,Rhopalocystis dehirensis,1
Selenopeltis sp. 1,Rhopalocystis destombesi,1
Selenopeltis sp. 1,Rhopalocystis fraga,1
Selenopeltis sp. 1,Rhopalocystis grandis,1
Selenopeltis sp. 1,Rhopalocystis havliceki,1
Selenopeltis sp. 1,Rhopalocystis lehmani,1
Selenopeltis sp. 1,Rhopalocystis zagoraensis,1
Selenopeltis sp. 1,Rhopalocystis sp. A,1
Selenopeltis sp. 1,Rhopalocystis sp. B,1
Selenopeltis sp. 1,Rhopalocystis sp. C,1
Selenopeltis sp. 1,cf. Rhopalocystis,1
Selenopeltis sp. 1,Lingulocystis aff. deani,1
Selenopeltis sp. 1,Lingulocystis elongata,1
Selenopeltis sp. 1,cf. Pareocrinus,1
Selenopeltis sp. 1,Eocrinoidea indet. sp. 1,1
Selenopeltis sp. 1,Eocrinoidea indet. sp. 2,1
Selenopeltis sp. 1,Eocrinoidea indet.,1
Selenopeltis sp. 1,Ramseyocrinus sp.,1
Selenopeltis sp. 1,Crinoid 2,1
Selenopeltis sp. 1,Aethocrinus cf. moorei,1
Selenopeltis sp. 1,Iocrinus n. sp.,1
Selenopeltis sp. 1,Argodiscus espilezorum,1
Selenopeltis sp. 1,Anedriophus moroccoensis,1
Selenopeltis sp. 1,Rhenopyrgid indet.,1
Selenopeltis sp. 1,Ampelocarpus sp.,1
Selenopeltis sp. 1,Amygdalotheca griffei,1
Selenopeltis sp. 1,Anatifopsis escandei,1
Selenopeltis sp. 1,Anatifopsis trapeziiformis,1
Selenopeltis sp. 1,Anatifopsis sp.,1
Selenopeltis sp. 1,"Anomalocystid n. gen., n. sp. ",1
Selenopeltis sp. 1,Aspidocarpus sp.,1
Selenopeltis sp. 1,Balanocystites primus,1
Selenopeltis sp. 1,Bohemiaecystis,1
Selenopeltis sp. 1,Chauvelicystis ubaghsi,1
Selenopeltis sp. 1,Chauvelicystis spinosa,1
Selenopeltis sp. 1,Chauvelicystis vizcainoi,1
Selenopeltis sp. 1,Chauvelicystis sp.,1
Selenopeltis sp. 1,"Chauvelicystid n. gen., n. sp. 1",1
Selenopeltis sp. 1,"Chauvelicystid n. gen., n. sp. 2",1
Selenopeltis sp. 1,Chinianocarpos sp.,1
Selenopeltis sp. 1,"Cornuta n. gen. 1, n. sp.",1
Selenopeltis sp. 1,"Cornuta n. gen. 2, n. sp.",1
Selenopeltis sp. 1,Flabellicarpus rushtoni,1
Selenopeltis sp. 1,Galliaecystis n. sp.,1
Selenopeltis sp. 1,Galliaecystis ubaghsi,1
Selenopeltis sp. 1,Lagynocystis pyramidalis,1
Selenopeltis sp. 1,Kirkocystidae?,1
Selenopeltis sp. 1,Lyricocarpus courtessolei,1
Selenopeltis sp. 1,Milonicystis sp.,1
Selenopeltis sp. 1,Mitrocystitid indet. cf. Ovocarpus,1
Selenopeltis sp. 1,Nanocarpus cf. dolambii,1
Selenopeltis sp. 1,Phyllocystis blayaci,1
Selenopeltis sp. 1,Procothurnocystis n. sp.,1
Selenopeltis sp. 1,Prokopicystis sp.,1
Selenopeltis sp. 1,Thoralicystis zagoraensis,1
Selenopeltis sp. 1,Vizcainocarpus sp.,1
Selenopeltis sp. 1,Peltocystis cornuta,1
Selenopeltis sp. 1,Macrocystella sp.,1
Selenopeltis sp. 1,Macrocystella bohemica,1
Selenopeltis sp. 1,Macrocystella cf. mariae,1
Selenopeltis sp. 1,Macrocystella tasseftensis,1
Selenopeltis sp. 1,undet. Ophiuroidea,1
Selenopeltis sp. 1,Didymograptus cf. arcuatus,1
Selenopeltis sp. 1,Didymograptus deflexus,1
Selenopeltis sp. 1,Didymograptus extensus,1
Selenopeltis sp. 1,Didymograptus v-fractus,1
Selenopeltis sp. 1,Didymograptus intendus,1
Selenopeltis sp. 1,Didymograptus pennatulus,1
Selenopeltis sp. 1,Didymograptus nanus,1
Selenopeltis sp. 1,Didymograptus nitidus,1
Selenopeltis sp. 1,Didymograptus patulus,1
Selenopeltis sp. 1,Didymograptus sparsus,1
Selenopeltis sp. 1,"""Didymograptus sp. 1""",1
Selenopeltis sp. 1,Didymograptus sp.,1
Selenopeltis sp. 1,Didymograptid indet.,1
Selenopeltis sp. 1,Koremagraptus sp.,1
Selenopeltis sp. 1,Dictyonema sp.,1
Selenopeltis sp. 1,Tuboid,1
Selenopeltis sp. 1,?Cymatograptus protobalticus,1
Selenopeltis sp. 1,Webbyites felix,1
Selenopeltis sp. 1,Rhabdopleura-like epibiont,1
Selenopeltis sp. 2,Benthic detritus,1
Selenopeltis sp. 2,Acrothele sp.,1
Selenopeltis sp. 2,Plectorthis simplex,1
Selenopeltis sp. 2,Angusticardinia sp.,1
Selenopeltis sp. 2,Lingula salteri,1
Selenopeltis sp. 2,Orbithele vana,1
Selenopeltis sp. 2,Paurorthis tadristensis,1
Selenopeltis sp. 2,Tarfaya marocana,1
Selenopeltis sp. 2,Monobolina sp.,1
Selenopeltis sp. 2,Elliptoglossa sp.,1
Selenopeltis sp. 2,Celdobolus sp.,1
Selenopeltis sp. 2,Discinoidea?,1
Selenopeltis sp. 2,undet. Dalmanelloidea,1
Selenopeltis sp. 2,Bryozoan,1
Selenopeltis sp. 2,Redonia michelae,1
Selenopeltis sp. 2,Coxiconchia guiraudi,1
Selenopeltis sp. 2,Alococoncha?,1
Selenopeltis sp. 2,Cienagomya? sp.,1
Selenopeltis sp. 2,Ekaterodonta courtessolei,1
Selenopeltis sp. 2,Lesueurilla prima,1
Selenopeltis sp. 2,undet. Monoplacophora,1
Selenopeltis sp. 2,Carcassonnella courtessolei,1
Selenopeltis sp. 2,Carcassonnella vizcainoi,1
Selenopeltis sp. 2,Carcassonnella sp.,1
Selenopeltis sp. 2,Wiwaxiid,1
Selenopeltis sp. 2,Helcionelloid,1
Selenopeltis sp. 2,Priapulid,2
Selenopeltis sp. 2,Enosiaspis hrungnir,1
Selenopeltis sp. 2, 'Synziphosurine'/Synziphosurina?,1
Selenopeltis sp. 2,Possible pycnogonid,1
Selenopeltis sp. 2,Possible retifaciid,1
Selenopeltis sp. 2,Tariccoia tazagurtensis,1
Selenopeltis sp. 2,Ostracod,1
Selenopeltis sp. 2,undet. Dikelocephalidae,1
Selenopeltis sp. 2,undet. Illaenacea,1
Selenopeltis sp. 2,Parabathycheilus gallicus,1
Selenopeltis sp. 2,Proetidae?,1
Selenopeltis sp. 2,undet. Trinucleidae,1
Selenopeltis sp. 2,Palaeosphaeronites sp.,1
Selenopeltis sp. 2,Palaeosphaeronites? prokopi,1
Selenopeltis sp. 2,Aristocystites cf. bohemicus (sinuous?),1
Selenopeltis sp. 2,Aristocystites sp.,1
Selenopeltis sp. 2,Balantiocystis regnelli,1
Selenopeltis sp. 2,Balantiocystis sp.,1
Selenopeltis sp. 2,Rhopalocystis sp.,1
Selenopeltis sp. 2,Rhopalocystis dehirensis,1
Selenopeltis sp. 2,Rhopalocystis destombesi,1
Selenopeltis sp. 2,Rhopalocystis fraga,1
Selenopeltis sp. 2,Rhopalocystis grandis,1
Selenopeltis sp. 2,Rhopalocystis havliceki,1
Selenopeltis sp. 2,Rhopalocystis lehmani,1
Selenopeltis sp. 2,Rhopalocystis zagoraensis,1
Selenopeltis sp. 2,Rhopalocystis sp. A,1
Selenopeltis sp. 2,Rhopalocystis sp. B,1
Selenopeltis sp. 2,Rhopalocystis sp. C,1
Selenopeltis sp. 2,cf. Rhopalocystis,1
Selenopeltis sp. 2,Lingulocystis aff. deani,1
Selenopeltis sp. 2,Lingulocystis elongata,1
Selenopeltis sp. 2,cf. Pareocrinus,1
Selenopeltis sp. 2,Eocrinoidea indet. sp. 1,1
Selenopeltis sp. 2,Eocrinoidea indet. sp. 2,1
Selenopeltis sp. 2,Eocrinoidea indet.,1
Selenopeltis sp. 2,Ramseyocrinus sp.,1
Selenopeltis sp. 2,Crinoid 2,1
Selenopeltis sp. 2,Aethocrinus cf. moorei,1
Selenopeltis sp. 2,Iocrinus n. sp.,1
Selenopeltis sp. 2,Argodiscus espilezorum,1
Selenopeltis sp. 2,Anedriophus moroccoensis,1
Selenopeltis sp. 2,Rhenopyrgid indet.,1
Selenopeltis sp. 2,Ampelocarpus sp.,1
Selenopeltis sp. 2,Amygdalotheca griffei,1
Selenopeltis sp. 2,Anatifopsis escandei,1
Selenopeltis sp. 2,Anatifopsis trapeziiformis,1
Selenopeltis sp. 2,Anatifopsis sp.,1
Selenopeltis sp. 2,"Anomalocystid n. gen., n. sp. ",1
Selenopeltis sp. 2,Aspidocarpus sp.,1
Selenopeltis sp. 2,Balanocystites primus,1
Selenopeltis sp. 2,Bohemiaecystis,1
Selenopeltis sp. 2,Chauvelicystis ubaghsi,1
Selenopeltis sp. 2,Chauvelicystis spinosa,1
Selenopeltis sp. 2,Chauvelicystis vizcainoi,1
Selenopeltis sp. 2,Chauvelicystis sp.,1
Selenopeltis sp. 2,"Chauvelicystid n. gen., n. sp. 1",1
Selenopeltis sp. 2,"Chauvelicystid n. gen., n. sp. 2",1
Selenopeltis sp. 2,Chinianocarpos sp.,1
Selenopeltis sp. 2,"Cornuta n. gen. 1, n. sp.",1
Selenopeltis sp. 2,"Cornuta n. gen. 2, n. sp.",1
Selenopeltis sp. 2,Flabellicarpus rushtoni,1
Selenopeltis sp. 2,Galliaecystis n. sp.,1
Selenopeltis sp. 2,Galliaecystis ubaghsi,1
Selenopeltis sp. 2,Lagynocystis pyramidalis,1
Selenopeltis sp. 2,Kirkocystidae?,1
Selenopeltis sp. 2,Lyricocarpus courtessolei,1
Selenopeltis sp. 2,Milonicystis sp.,1
Selenopeltis sp. 2,Mitrocystitid indet. cf. Ovocarpus,1
Selenopeltis sp. 2,Nanocarpus cf. dolambii,1
Selenopeltis sp. 2,Phyllocystis blayaci,1
Selenopeltis sp. 2,Procothurnocystis n. sp.,1
Selenopeltis sp. 2,Prokopicystis sp.,1
Selenopeltis sp. 2,Thoralicystis zagoraensis,1
Selenopeltis sp. 2,Vizcainocarpus sp.,1
Selenopeltis sp. 2,Peltocystis cornuta,1
Selenopeltis sp. 2,Macrocystella sp.,1
Selenopeltis sp. 2,Macrocystella bohemica,1
Selenopeltis sp. 2,Macrocystella cf. mariae,1
Selenopeltis sp. 2,Macrocystella tasseftensis,1
Selenopeltis sp. 2,undet. Ophiuroidea,1
Selenopeltis sp. 2,Didymograptus cf. arcuatus,1
Selenopeltis sp. 2,Didymograptus deflexus,1
Selenopeltis sp. 2,Didymograptus extensus,1
Selenopeltis sp. 2,Didymograptus v-fractus,1
Selenopeltis sp. 2,Didymograptus intendus,1
Selenopeltis sp. 2,Didymograptus pennatulus,1
Selenopeltis sp. 2,Didymograptus nanus,1
Selenopeltis sp. 2,Didymograptus nitidus,1
Selenopeltis sp. 2,Didymograptus patulus,1
Selenopeltis sp. 2,Didymograptus sparsus,1
Selenopeltis sp. 2,"""Didymograptus sp. 1""",1
Selenopeltis sp. 2,Didymograptus sp.,1
Selenopeltis sp. 2,Didymograptid indet.,1
Selenopeltis sp. 2,Koremagraptus sp.,1
Selenopeltis sp. 2,Dictyonema sp.,1
Selenopeltis sp. 2,Tuboid,1
Selenopeltis sp. 2,?Cymatograptus protobalticus,1
Selenopeltis sp. 2,Webbyites felix,1
Selenopeltis sp. 2,Rhabdopleura-like epibiont,1
Harpides sp.,suspended organic matter,2
Harpides sp.,Benthic detritus,2
Foulonia peregrina,Benthic detritus,1
Foulonia peregrina,Acrothele sp.,1
Foulonia peregrina,Plectorthis simplex,1
Foulonia peregrina,Angusticardinia sp.,1
Foulonia peregrina,Lingula salteri,1
Foulonia peregrina,Orbithele vana,1
Foulonia peregrina,Paurorthis tadristensis,1
Foulonia peregrina,Tarfaya marocana,1
Foulonia peregrina,Monobolina sp.,1
Foulonia peregrina,Elliptoglossa sp.,1
Foulonia peregrina,Celdobolus sp.,1
Foulonia peregrina,Discinoidea?,1
Foulonia peregrina,undet. Dalmanelloidea,1
Foulonia peregrina,Bryozoan,1
Foulonia peregrina,Redonia michelae,1
Foulonia peregrina,Coxiconchia guiraudi,1
Foulonia peregrina,Alococoncha?,1
Foulonia peregrina,Cienagomya? sp.,1
Foulonia peregrina,Ekaterodonta courtessolei,1
Foulonia peregrina,Lesueurilla prima,1
Foulonia peregrina,undet. Monoplacophora,1
Foulonia peregrina,Carcassonnella courtessolei,1
Foulonia peregrina,Carcassonnella vizcainoi,1
Foulonia peregrina,Carcassonnella sp.,1
Foulonia peregrina,Wiwaxiid,1
Foulonia peregrina,Helcionelloid,1
Foulonia peregrina,Priapulid,2
Foulonia peregrina,Enosiaspis hrungnir,1
Foulonia peregrina, 'Synziphosurine'/Synziphosurina?,1
Foulonia peregrina,Possible pycnogonid,1
Foulonia peregrina,Possible retifaciid,1
Foulonia peregrina,Tariccoia tazagurtensis,1
Foulonia peregrina,Ostracod,1
Foulonia peregrina,undet. Dikelocephalidae,1
Foulonia peregrina,undet. Illaenacea,1
Foulonia peregrina,Parabathycheilus gallicus,1
Foulonia peregrina,Proetidae?,1
Foulonia peregrina,undet. Trinucleidae,1
Foulonia peregrina,Palaeosphaeronites sp.,1
Foulonia peregrina,Palaeosphaeronites? prokopi,1
Foulonia peregrina,Aristocystites cf. bohemicus (sinuous?),1
Foulonia peregrina,Aristocystites sp.,1
Foulonia peregrina,Balantiocystis regnelli,1
Foulonia peregrina,Balantiocystis sp.,1
Foulonia peregrina,Rhopalocystis sp.,1
Foulonia peregrina,Rhopalocystis dehirensis,1
Foulonia peregrina,Rhopalocystis destombesi,1
Foulonia peregrina,Rhopalocystis fraga,1
Foulonia peregrina,Rhopalocystis grandis,1
Foulonia peregrina,Rhopalocystis havliceki,1
Foulonia peregrina,Rhopalocystis lehmani,1
Foulonia peregrina,Rhopalocystis zagoraensis,1
Foulonia peregrina,Rhopalocystis sp. A,1
Foulonia peregrina,Rhopalocystis sp. B,1
Foulonia peregrina,Rhopalocystis sp. C,1
Foulonia peregrina,cf. Rhopalocystis,1
Foulonia peregrina,Lingulocystis aff. deani,1
Foulonia peregrina,Lingulocystis elongata,1
Foulonia peregrina,cf. Pareocrinus,1
Foulonia peregrina,Eocrinoidea indet. sp. 1,1
Foulonia peregrina,Eocrinoidea indet. sp. 2,1
Foulonia peregrina,Eocrinoidea indet.,1
Foulonia peregrina,Ramseyocrinus sp.,1
Foulonia peregrina,Crinoid 2,1
Foulonia peregrina,Aethocrinus cf. moorei,1
Foulonia peregrina,Iocrinus n. sp.,1
Foulonia peregrina,Argodiscus espilezorum,1
Foulonia peregrina,Anedriophus moroccoensis,1
Foulonia peregrina,Rhenopyrgid indet.,1
Foulonia peregrina,Ampelocarpus sp.,1
Foulonia peregrina,Amygdalotheca griffei,1
Foulonia peregrina,Anatifopsis escandei,1
Foulonia peregrina,Anatifopsis trapeziiformis,1
Foulonia peregrina,Anatifopsis sp.,1
Foulonia peregrina,"Anomalocystid n. gen., n. sp. ",1
Foulonia peregrina,Aspidocarpus sp.,1
Foulonia peregrina,Balanocystites primus,1
Foulonia peregrina,Bohemiaecystis,1
Foulonia peregrina,Chauvelicystis ubaghsi,1
Foulonia peregrina,Chauvelicystis spinosa,1
Foulonia peregrina,Chauvelicystis vizcainoi,1
Foulonia peregrina,Chauvelicystis sp.,1
Foulonia peregrina,"Chauvelicystid n. gen., n. sp. 1",1
Foulonia peregrina,"Chauvelicystid n. gen., n. sp. 2",1
Foulonia peregrina,Chinianocarpos sp.,1
Foulonia peregrina,"Cornuta n. gen. 1, n. sp.",1
Foulonia peregrina,"Cornuta n. gen. 2, n. sp.",1
Foulonia peregrina,Flabellicarpus rushtoni,1
Foulonia peregrina,Galliaecystis n. sp.,1
Foulonia peregrina,Galliaecystis ubaghsi,1
Foulonia peregrina,Lagynocystis pyramidalis,1
Foulonia peregrina,Kirkocystidae?,1
Foulonia peregrina,Lyricocarpus courtessolei,1
Foulonia peregrina,Milonicystis sp.,1
Foulonia peregrina,Mitrocystitid indet. cf. Ovocarpus,1
Foulonia peregrina,Nanocarpus cf. dolambii,1
Foulonia peregrina,Phyllocystis blayaci,1
Foulonia peregrina,Procothurnocystis n. sp.,1
Foulonia peregrina,Prokopicystis sp.,1
Foulonia peregrina,Thoralicystis zagoraensis,1
Foulonia peregrina,Vizcainocarpus sp.,1
Foulonia peregrina,Peltocystis cornuta,1
Foulonia peregrina,Macrocystella sp.,1
Foulonia peregrina,Macrocystella bohemica,1
Foulonia peregrina,Macrocystella cf. mariae,1
Foulonia peregrina,Macrocystella tasseftensis,1
Foulonia peregrina,undet. Ophiuroidea,1
Foulonia peregrina,Didymograptus cf. arcuatus,1
Foulonia peregrina,Didymograptus deflexus,1
Foulonia peregrina,Didymograptus extensus,1
Foulonia peregrina,Didymograptus v-fractus,1
Foulonia peregrina,Didymograptus intendus,1
Foulonia peregrina,Didymograptus pennatulus,1
Foulonia peregrina,Didymograptus nanus,1
Foulonia peregrina,Didymograptus nitidus,1
Foulonia peregrina,Didymograptus patulus,1
Foulonia peregrina,Didymograptus sparsus,1
Foulonia peregrina,"""Didymograptus sp. 1""",1
Foulonia peregrina,Didymograptus sp.,1
Foulonia peregrina,Didymograptid indet.,1
Foulonia peregrina,Koremagraptus sp.,1
Foulonia peregrina,Dictyonema sp.,1
Foulonia peregrina,Tuboid,1
Foulonia peregrina,?Cymatograptus protobalticus,1
Foulonia peregrina,Webbyites felix,1
Foulonia peregrina,Rhabdopleura-like epibiont,1
Foulonia sp.,Benthic detritus,1
Foulonia sp.,Acrothele sp.,1
Foulonia sp.,Plectorthis simplex,1
Foulonia sp.,Angusticardinia sp.,1
Foulonia sp.,Lingula salteri,1
Foulonia sp.,Orbithele vana,1
Foulonia sp.,Paurorthis tadristensis,1
Foulonia sp.,Tarfaya marocana,1
Foulonia sp.,Monobolina sp.,1
Foulonia sp.,Elliptoglossa sp.,1
Foulonia sp.,Celdobolus sp.,1
Foulonia sp.,Discinoidea?,1
Foulonia sp.,undet. Dalmanelloidea,1
Foulonia sp.,Bryozoan,1
Foulonia sp.,Redonia michelae,1
Foulonia sp.,Coxiconchia guiraudi,1
Foulonia sp.,Alococoncha?,1
Foulonia sp.,Cienagomya? sp.,1
Foulonia sp.,Ekaterodonta courtessolei,1
Foulonia sp.,Lesueurilla prima,1
Foulonia sp.,undet. Monoplacophora,1
Foulonia sp.,Carcassonnella courtessolei,1
Foulonia sp.,Carcassonnella vizcainoi,1
Foulonia sp.,Carcassonnella sp.,1
Foulonia sp.,Wiwaxiid,1
Foulonia sp.,Helcionelloid,1
Foulonia sp.,Priapulid,2
Foulonia sp.,Enosiaspis hrungnir,1
Foulonia sp., 'Synziphosurine'/Synziphosurina?,1
Foulonia sp.,Possible pycnogonid,1
Foulonia sp.,Possible retifaciid,1
Foulonia sp.,Tariccoia tazagurtensis,1
Foulonia sp.,Ostracod,1
Foulonia sp.,undet. Dikelocephalidae,1
Foulonia sp.,undet. Illaenacea,1
Foulonia sp.,Parabathycheilus gallicus,1
Foulonia sp.,Proetidae?,1
Foulonia sp.,undet. Trinucleidae,1
Foulonia sp.,Palaeosphaeronites sp.,1
Foulonia sp.,Palaeosphaeronites? prokopi,1
Foulonia sp.,Aristocystites cf. bohemicus (sinuous?),1
Foulonia sp.,Aristocystites sp.,1
Foulonia sp.,Balantiocystis regnelli,1
Foulonia sp.,Balantiocystis sp.,1
Foulonia sp.,Rhopalocystis sp.,1
Foulonia sp.,Rhopalocystis dehirensis,1
Foulonia sp.,Rhopalocystis destombesi,1
Foulonia sp.,Rhopalocystis fraga,1
Foulonia sp.,Rhopalocystis grandis,1
Foulonia sp.,Rhopalocystis havliceki,1
Foulonia sp.,Rhopalocystis lehmani,1
Foulonia sp.,Rhopalocystis zagoraensis,1
Foulonia sp.,Rhopalocystis sp. A,1
Foulonia sp.,Rhopalocystis sp. B,1
Foulonia sp.,Rhopalocystis sp. C,1
Foulonia sp.,cf. Rhopalocystis,1
Foulonia sp.,Lingulocystis aff. deani,1
Foulonia sp.,Lingulocystis elongata,1
Foulonia sp.,cf. Pareocrinus,1
Foulonia sp.,Eocrinoidea indet. sp. 1,1
Foulonia sp.,Eocrinoidea indet. sp. 2,1
Foulonia sp.,Eocrinoidea indet.,1
Foulonia sp.,Ramseyocrinus sp.,1
Foulonia sp.,Crinoid 2,1
Foulonia sp.,Aethocrinus cf. moorei,1
Foulonia sp.,Iocrinus n. sp.,1
Foulonia sp.,Argodiscus espilezorum,1
Foulonia sp.,Anedriophus moroccoensis,1
Foulonia sp.,Rhenopyrgid indet.,1
Foulonia sp.,Ampelocarpus sp.,1
Foulonia sp.,Amygdalotheca griffei,1
Foulonia sp.,Anatifopsis escandei,1
Foulonia sp.,Anatifopsis trapeziiformis,1
Foulonia sp.,Anatifopsis sp.,1
Foulonia sp.,"Anomalocystid n. gen., n. sp. ",1
Foulonia sp.,Aspidocarpus sp.,1
Foulonia sp.,Balanocystites primus,1
Foulonia sp.,Bohemiaecystis,1
Foulonia sp.,Chauvelicystis ubaghsi,1
Foulonia sp.,Chauvelicystis spinosa,1
Foulonia sp.,Chauvelicystis vizcainoi,1
Foulonia sp.,Chauvelicystis sp.,1
Foulonia sp.,"Chauvelicystid n. gen., n. sp. 1",1
Foulonia sp.,"Chauvelicystid n. gen., n. sp. 2",1
Foulonia sp.,Chinianocarpos sp.,1
Foulonia sp.,"Cornuta n. gen. 1, n. sp.",1
Foulonia sp.,"Cornuta n. gen. 2, n. sp.",1
Foulonia sp.,Flabellicarpus rushtoni,1
Foulonia sp.,Galliaecystis n. sp.,1
Foulonia sp.,Galliaecystis ubaghsi,1
Foulonia sp.,Lagynocystis pyramidalis,1
Foulonia sp.,Kirkocystidae?,1
Foulonia sp.,Lyricocarpus courtessolei,1
Foulonia sp.,Milonicystis sp.,1
Foulonia sp.,Mitrocystitid indet. cf. Ovocarpus,1
Foulonia sp.,Nanocarpus cf. dolambii,1
Foulonia sp.,Phyllocystis blayaci,1
Foulonia sp.,Procothurnocystis n. sp.,1
Foulonia sp.,Prokopicystis sp.,1
Foulonia sp.,Thoralicystis zagoraensis,1
Foulonia sp.,Vizcainocarpus sp.,1
Foulonia sp.,Peltocystis cornuta,1
Foulonia sp.,Macrocystella sp.,1
Foulonia sp.,Macrocystella bohemica,1
Foulonia sp.,Macrocystella cf. mariae,1
Foulonia sp.,Macrocystella tasseftensis,1
Foulonia sp.,undet. Ophiuroidea,1
Foulonia sp.,Didymograptus cf. arcuatus,1
Foulonia sp.,Didymograptus deflexus,1
Foulonia sp.,Didymograptus extensus,1
Foulonia sp.,Didymograptus v-fractus,1
Foulonia sp.,Didymograptus intendus,1
Foulonia sp.,Didymograptus pennatulus,1
Foulonia sp.,Didymograptus nanus,1
Foulonia sp.,Didymograptus nitidus,1
Foulonia sp.,Didymograptus patulus,1
Foulonia sp.,Didymograptus sparsus,1
Foulonia sp.,"""Didymograptus sp. 1""",1
Foulonia sp.,Didymograptus sp.,1
Foulonia sp.,Didymograptid indet.,1
Foulonia sp.,Koremagraptus sp.,1
Foulonia sp.,Dictyonema sp.,1
Foulonia sp.,Tuboid,1
Foulonia sp.,?Cymatograptus protobalticus,1
Foulonia sp.,Webbyites felix,1
Foulonia sp.,Rhabdopleura-like epibiont,1
Parapilekia olesnaensis,Benthic detritus,1
Parapilekia olesnaensis,Ranorthis fasciata,1
Parapilekia olesnaensis,undet. Athyridida,1
Parapilekia olesnaensis,Acrothele sp.,1
Parapilekia olesnaensis,Plectorthis simplex,1
Parapilekia olesnaensis,Angusticardinia sp.,1
Parapilekia olesnaensis,Lingula salteri,1
Parapilekia olesnaensis,Orbithele vana,1
Parapilekia olesnaensis,Paurorthis tadristensis,1
Parapilekia olesnaensis,Tarfaya marocana,1
Parapilekia olesnaensis,Wosekella sp.,1
Parapilekia olesnaensis,Monobolina sp.,1
Parapilekia olesnaensis,Elliptoglossa sp.,1
Parapilekia olesnaensis,Celdobolus sp.,1
Parapilekia olesnaensis,Discinoidea?,1
Parapilekia olesnaensis,undet. Dalmanelloidea,1
Parapilekia olesnaensis,Babinka prima,1
Parapilekia olesnaensis,Ctenodonta escosurae,1
Parapilekia olesnaensis,Praenucula sp.,1
Parapilekia olesnaensis,Redonia michelae,1
Parapilekia olesnaensis,Alococoncha?,1
Parapilekia olesnaensis,Cardiolaria? sp.,1
Parapilekia olesnaensis,Pelecyogyra fezouataensis,1
Parapilekia olesnaensis,Sinuites sp.,1
Parapilekia olesnaensis,Lesueurilla prima,1
Parapilekia olesnaensis,undet. Platyceratoidea,1
Parapilekia olesnaensis,undet. Monoplacophora,1
Parapilekia olesnaensis,Thoralispira laevis,1
Parapilekia olesnaensis,Thoralispira? cf. occitana,1
Parapilekia olesnaensis,Ribeiria sp.,1
Parapilekia olesnaensis,Tolmachovia?,1
Parapilekia olesnaensis,Wiwaxiid,1
Parapilekia olesnaensis,Halkieriid,1
Parapilekia olesnaensis,Helcionelloid,1
Parapilekia olesnaensis,Calvapilosa kroegeri,1
Parapilekia olesnaensis,Plumulites bengtsoni,2
Parapilekia olesnaensis,Large plumulitid,2
Parapilekia olesnaensis,Possible phyllodocid,2
Parapilekia olesnaensis,Palaeoscolex cf. tenensis,2
Parapilekia olesnaensis,Priapulid,2
Parapilekia olesnaensis,Large taxon with spinose limbs,1
Parapilekia olesnaensis,Small taxon with spinose limbs,1
Parapilekia olesnaensis,Armoured lobopodian 1,1
Parapilekia olesnaensis,Armoured lobopodian 2,1
Parapilekia olesnaensis,Armoured lobopodian 3,1
Parapilekia olesnaensis,Diania-like lobopodian,1
Parapilekia olesnaensis,Furca sp. 1,1
Parapilekia olesnaensis,Furca sp. 2,1
Parapilekia olesnaensis,Furca sp. 3,1
Parapilekia olesnaensis,Marrella sp.,1
Parapilekia olesnaensis,Enosiaspis hrungnir,1
Parapilekia olesnaensis,Possible waptiid,1
Parapilekia olesnaensis,Chasmataspidid,1
Parapilekia olesnaensis,Possible pycnogonid,1
Parapilekia olesnaensis,Xiphosurid,1
Parapilekia olesnaensis,Possible retifaciid,1
Parapilekia olesnaensis,Chlupacaris? sp.,1
Parapilekia olesnaensis,Tremaglaspis sp.,1
Parapilekia olesnaensis,Cheloniellid,1
Parapilekia olesnaensis,Phyllocarid,1
Parapilekia olesnaensis,Lepadomorph barnacle,1
Parapilekia olesnaensis,Eoduslia,1
Parapilekia olesnaensis,Asaphellus sp aff. jujuanus,1
Parapilekia olesnaensis,Asaphellus sp.,1
Parapilekia olesnaensis,Kierarges morrisoni,1
Parapilekia olesnaensis,Playpeltoides carmenae,1
Parapilekia olesnaensis,Symphysurus sicardi,1
Parapilekia olesnaensis,Symphysurus ebbestadi,1
Parapilekia olesnaensis,Symphysurus sp.,1
Parapilekia olesnaensis,Apatokephalus cf. incisus,1
Parapilekia olesnaensis,Orometopus sp.,1
Parapilekia olesnaensis,Cnemidopyge sp.,1
Parapilekia olesnaensis,Parvilichas marochii,1
Parapilekia olesnaensis,Selenopeltis aff. Gallica,1
Parapilekia olesnaensis,Selenopeltis binodosa,1
Parapilekia olesnaensis,Selenopeltis sp. 1,1
Parapilekia olesnaensis,Selenopeltis sp. 2,1
Parapilekia olesnaensis,Harpides sp.,1
Parapilekia olesnaensis,Foulonia peregrina,1
Parapilekia olesnaensis,Foulonia sp.,1
Parapilekia olesnaensis,Toletanaspis aff. borni,1
Parapilekia olesnaensis,undet. Dalmanitacea,1
Parapilekia olesnaensis,Bathycheilus gallicus,1
Parapilekia olesnaensis,Bavarilla aff. zemmourensis,1
Parapilekia olesnaensis,Bavarilla zemmourensis,1
Parapilekia olesnaensis,Bavarilla sp.,1
Parapilekia olesnaensis,Colpocoryphe thorali,1
Parapilekia olesnaensis,Colpocoryphe pradesensis,1
Parapilekia olesnaensis,Colpocoryphe sp.,1
Parapilekia olesnaensis,Pharostoma sp.,1
Parapilekia olesnaensis,Pharostomina sp. ,1
Parapilekia olesnaensis,Prionocheilus aff. languedocensis,1
Parapilekia olesnaensis,Prionocheilus sp.,1
Parapilekia olesnaensis,Agerina quadrata,1
Parapilekia olesnaensis,Euloma sp.,1
Parapilekia olesnaensis,Beltella sp.,1
Parapilekia olesnaensis,Ampyx priscus,1
Parapilekia olesnaensis,Ampyx cf. priscus,1
Parapilekia olesnaensis,Ceraurinella? sp.,1
Parapilekia olesnaensis,Megalaspidella sp.,1
Parapilekia olesnaensis,Megistaspis (Ekeraspis) sp. indet.,1
Parapilekia olesnaensis,Platycoryphe sp.,1
Parapilekia olesnaensis,Parabathycheilus gallicus,1
Parapilekia olesnaensis,Anacheirurus adserai,1
Parapilekia olesnaensis,Eoharpes sp.,1
Parapilekia olesnaensis,Nileus deynouxi,1
Parapilekia olesnaensis,Hospes sp.,1
Parapilekia olesnaensis,Ogygiocaris sp.,1
Parapilekia olesnaensis,Ormathops clariondi,1
Parapilekia olesnaensis,Pterygometopus sp.,1
Parapilekia olesnaensis,Megalaspides? sp.,1
Parapilekia olesnaensis,Iberocoryphe sp.,1
Parapilekia olesnaensis,cf. Niobella sp.,1
Parapilekia olesnaensis,Somasteroid indet. n. sp. 1,1
Parapilekia olesnaensis,Somasteroid indet. n. sp. 2,1
Parapilekia olesnaensis,Somasteroid indet. n. sp. 3,1
Parapilekia olesnaensis,Somasteroid indet.,1
Parapilekia olesnaensis,undet. Asteroidea,1
Parapilekia olesnaensis,undet. Stelleroidea,1
Parapilekia olesnaensis,Villebrunaster fezouataensis,1
Parapilekia olesnaensis,Palaeosphaeronites sp.,1
Parapilekia olesnaensis,Palaeosphaeronites? prokopi,1
Parapilekia olesnaensis,Aristocystites cf. bohemicus (sinuous?),1
Parapilekia olesnaensis,Aristocystites sp.,1
Parapilekia olesnaensis,Ascocystites? sp.,1
Parapilekia olesnaensis,Balantiocystis regnelli,1
Parapilekia olesnaensis,Balantiocystis sp.,1
Parapilekia olesnaensis,Rhopalocystis sp.,1
Parapilekia olesnaensis,Rhopalocystis dehirensis,1
Parapilekia olesnaensis,Rhopalocystis destombesi,1
Parapilekia olesnaensis,Rhopalocystis fraga,1
Parapilekia olesnaensis,Rhopalocystis grandis,1
Parapilekia olesnaensis,Rhopalocystis havliceki,1
Parapilekia olesnaensis,Rhopalocystis lehmani,1
Parapilekia olesnaensis,Rhopalocystis zagoraensis,1
Parapilekia olesnaensis,Rhopalocystis sp. A,1
Parapilekia olesnaensis,Rhopalocystis sp. B,1
Parapilekia olesnaensis,Rhopalocystis sp. C,1
Parapilekia olesnaensis,cf. Rhopalocystis,1
Parapilekia olesnaensis,Lingulocystis aff. deani,1
Parapilekia olesnaensis,Lingulocystis elongata,1
Parapilekia olesnaensis,cf. Pareocrinus,1
Parapilekia olesnaensis,Eocrinoidea indet. sp. 1,1
Parapilekia olesnaensis,Eocrinoidea indet. sp. 2,1
Parapilekia olesnaensis,Eocrinoidea indet.,1
Parapilekia olesnaensis,Ramseyocrinus sp.,1
Parapilekia olesnaensis,Crinoid 2,1
Parapilekia olesnaensis,Aethocrinus cf. moorei,1
Parapilekia olesnaensis,Iocrinus n. sp.,1
Parapilekia olesnaensis,Cystoidea?/undet. Cystoidea,1
Parapilekia olesnaensis,Argodiscus espilezorum,1
Parapilekia olesnaensis,Anedriophus moroccoensis,1
Parapilekia olesnaensis,Rhenopyrgid indet.,1
Parapilekia olesnaensis,Ampelocarpus sp.,1
Parapilekia olesnaensis,Amygdalotheca griffei,1
Parapilekia olesnaensis,Anatifopsis escandei,1
Parapilekia olesnaensis,Anatifopsis trapeziiformis,1
Parapilekia olesnaensis,Anatifopsis sp.,1
Parapilekia olesnaensis,"Anomalocystid n. gen., n. sp. ",1
Parapilekia olesnaensis,Aspidocarpus sp.,1
Parapilekia olesnaensis,Arauricystis? sp.,1
Parapilekia olesnaensis,Balanocystites primus,1
Parapilekia olesnaensis,Bohemiaecystis,1
Parapilekia olesnaensis,Chauvelicystis ubaghsi,1
Parapilekia olesnaensis,Chauvelicystis spinosa,1
Parapilekia olesnaensis,Chauvelicystis vizcainoi,1
Parapilekia olesnaensis,Chauvelicystis sp.,1
Parapilekia olesnaensis,"Chauvelicystid n. gen., n. sp. 1",1
Parapilekia olesnaensis,"Chauvelicystid n. gen., n. sp. 2",1
Parapilekia olesnaensis,Chinianocarpos sp.,1
Parapilekia olesnaensis,"Cornuta n. gen. 1, n. sp.",1
Parapilekia olesnaensis,"Cornuta n. gen. 2, n. sp.",1
Parapilekia olesnaensis,Flabellicarpus rushtoni,1
Parapilekia olesnaensis,Flabellicarpus?,1
Parapilekia olesnaensis,Galliaecystis n. sp.,1
Parapilekia olesnaensis,Galliaecystis ubaghsi,1
Parapilekia olesnaensis,Hanusia n. sp.,1
Parapilekia olesnaensis,Lagynocystis pyramidalis,1
Parapilekia olesnaensis,Lyricocarpus courtessolei,1
Parapilekia olesnaensis,Milonicystis sp.,1
Parapilekia olesnaensis,Mitrocystitid indet. cf. Ovocarpus,1
Parapilekia olesnaensis,Nanocarpus cf. dolambii,1
Parapilekia olesnaensis,Phyllocystis blayaci,1
Parapilekia olesnaensis,Phyllocystis sp.,1
Parapilekia olesnaensis,Procothurnocystis n. sp.,1
Parapilekia olesnaensis,Prokopicystis sp.,1
Parapilekia olesnaensis,Thoralicystis zagoraensis,1
Parapilekia olesnaensis,Thoralicystis n. sp.,1
Parapilekia olesnaensis,Vizcainocarpus sp.,1
Parapilekia olesnaensis,Cothurnocystid indetl.,1
Parapilekia olesnaensis,Hanusiid indet.,1
Parapilekia olesnaensis,Peltocystis cornuta,1
Parapilekia olesnaensis,Scotiaevystis? sp.,1
Parapilekia olesnaensis,Macrocystella sp.,1
Parapilekia olesnaensis,Macrocystella bohemica,1
Parapilekia olesnaensis,Macrocystella cf. mariae,1
Parapilekia olesnaensis,Macrocystella tasseftensis,1
Parapilekia olesnaensis,cf. Castericystis,1
Parapilekia olesnaensis,cf. Minervaecystis,1
Parapilekia olesnaensis,Plasiacystis mobilis,1
Parapilekia olesnaensis,Plasiacystis sp.,1
Parapilekia olesnaensis,undet. Ophiuroidea,1
Parapilekia olesnaensis,Elegantilites sp.,1
Parapilekia olesnaensis,Gamalites? sp.,1
Parapilekia olesnaensis,Gompholites sp.,1
Parapilekia olesnaensis,Nephrotheca sp.,1
Parapilekia olesnaensis,Hyolithes sp.,1
Parapilekia olesnaensis,Pauxillites thaddei,1
Parapilekia olesnaensis,Pauxillites sp.,1
Parapilekia sp.,Benthic detritus,1
Parapilekia sp.,Ranorthis fasciata,1
Parapilekia sp.,undet. Athyridida,1
Parapilekia sp.,Acrothele sp.,1
Parapilekia sp.,Plectorthis simplex,1
Parapilekia sp.,Angusticardinia sp.,1
Parapilekia sp.,Lingula salteri,1
Parapilekia sp.,Orbithele vana,1
Parapilekia sp.,Paurorthis tadristensis,1
Parapilekia sp.,Tarfaya marocana,1
Parapilekia sp.,Wosekella sp.,1
Parapilekia sp.,Monobolina sp.,1
Parapilekia sp.,Elliptoglossa sp.,1
Parapilekia sp.,Celdobolus sp.,1
Parapilekia sp.,Discinoidea?,1
Parapilekia sp.,undet. Dalmanelloidea,1
Parapilekia sp.,Babinka prima,1
Parapilekia sp.,Ctenodonta escosurae,1
Parapilekia sp.,Praenucula sp.,1
Parapilekia sp.,Redonia michelae,1
Parapilekia sp.,Alococoncha?,1
Parapilekia sp.,Cardiolaria? sp.,1
Parapilekia sp.,Pelecyogyra fezouataensis,1
Parapilekia sp.,Sinuites sp.,1
Parapilekia sp.,Lesueurilla prima,1
Parapilekia sp.,undet. Platyceratoidea,1
Parapilekia sp.,undet. Monoplacophora,1
Parapilekia sp.,Thoralispira laevis,1
Parapilekia sp.,Thoralispira? cf. occitana,1
Parapilekia sp.,Ribeiria sp.,1
Parapilekia sp.,Tolmachovia?,1
Parapilekia sp.,Wiwaxiid,1
Parapilekia sp.,Halkieriid,1
Parapilekia sp.,Helcionelloid,1
Parapilekia sp.,Calvapilosa kroegeri,1
Parapilekia sp.,Plumulites bengtsoni,2
Parapilekia sp.,Large plumulitid,2
Parapilekia sp.,Possible phyllodocid,2
Parapilekia sp.,Palaeoscolex cf. tenensis,2
Parapilekia sp.,Priapulid,2
Parapilekia sp.,Large taxon with spinose limbs,1
Parapilekia sp.,Small taxon with spinose limbs,1
Parapilekia sp.,Armoured lobopodian 1,1
Parapilekia sp.,Armoured lobopodian 2,1
Parapilekia sp.,Armoured lobopodian 3,1
Parapilekia sp.,Diania-like lobopodian,1
Parapilekia sp.,Furca sp. 1,1
Parapilekia sp.,Furca sp. 2,1
Parapilekia sp.,Furca sp. 3,1
Parapilekia sp.,Marrella sp.,1
Parapilekia sp.,Enosiaspis hrungnir,1
Parapilekia sp.,Possible waptiid,1
Parapilekia sp.,Chasmataspidid,1
Parapilekia sp.,Possible pycnogonid,1
Parapilekia sp.,Xiphosurid,1
Parapilekia sp.,Possible retifaciid,1
Parapilekia sp.,Chlupacaris? sp.,1
Parapilekia sp.,Tremaglaspis sp.,1
Parapilekia sp.,Cheloniellid,1
Parapilekia sp.,Phyllocarid,1
Parapilekia sp.,Lepadomorph barnacle,1
Parapilekia sp.,Eoduslia,1
Parapilekia sp.,Asaphellus sp aff. jujuanus,1
Parapilekia sp.,Asaphellus sp.,1
Parapilekia sp.,Kierarges morrisoni,1
Parapilekia sp.,Playpeltoides carmenae,1
Parapilekia sp.,Symphysurus sicardi,1
Parapilekia sp.,Symphysurus ebbestadi,1
Parapilekia sp.,Symphysurus sp.,1
Parapilekia sp.,Apatokephalus cf. incisus,1
Parapilekia sp.,Orometopus sp.,1
Parapilekia sp.,Cnemidopyge sp.,1
Parapilekia sp.,Parvilichas marochii,1
Parapilekia sp.,Selenopeltis aff. Gallica,1
Parapilekia sp.,Selenopeltis binodosa,1
Parapilekia sp.,Selenopeltis sp. 1,1
Parapilekia sp.,Selenopeltis sp. 2,1
Parapilekia sp.,Harpides sp.,1
Parapilekia sp.,Foulonia peregrina,1
Parapilekia sp.,Foulonia sp.,1
Parapilekia sp.,Toletanaspis aff. borni,1
Parapilekia sp.,undet. Dalmanitacea,1
Parapilekia sp.,Bathycheilus gallicus,1
Parapilekia sp.,Bavarilla aff. zemmourensis,1
Parapilekia sp.,Bavarilla zemmourensis,1
Parapilekia sp.,Bavarilla sp.,1
Parapilekia sp.,Colpocoryphe thorali,1
Parapilekia sp.,Colpocoryphe pradesensis,1
Parapilekia sp.,Colpocoryphe sp.,1
Parapilekia sp.,Pharostoma sp.,1
Parapilekia sp.,Pharostomina sp. ,1
Parapilekia sp.,Prionocheilus aff. languedocensis,1
Parapilekia sp.,Prionocheilus sp.,1
Parapilekia sp.,Agerina quadrata,1
Parapilekia sp.,Euloma sp.,1
Parapilekia sp.,Beltella sp.,1
Parapilekia sp.,Ampyx priscus,1
Parapilekia sp.,Ampyx cf. priscus,1
Parapilekia sp.,Ceraurinella? sp.,1
Parapilekia sp.,Megalaspidella sp.,1
Parapilekia sp.,Megistaspis (Ekeraspis) sp. indet.,1
Parapilekia sp.,Platycoryphe sp.,1
Parapilekia sp.,Parabathycheilus gallicus,1
Parapilekia sp.,Anacheirurus adserai,1
Parapilekia sp.,Eoharpes sp.,1
Parapilekia sp.,Nileus deynouxi,1
Parapilekia sp.,Hospes sp.,1
Parapilekia sp.,Ogygiocaris sp.,1
Parapilekia sp.,Ormathops clariondi,1
Parapilekia sp.,Pterygometopus sp.,1
Parapilekia sp.,Megalaspides? sp.,1
Parapilekia sp.,Iberocoryphe sp.,1
Parapilekia sp.,cf. Niobella sp.,1
Parapilekia sp.,Somasteroid indet. n. sp. 1,1
Parapilekia sp.,Somasteroid indet. n. sp. 2,1
Parapilekia sp.,Somasteroid indet. n. sp. 3,1
Parapilekia sp.,Somasteroid indet.,1
Parapilekia sp.,undet. Asteroidea,1
Parapilekia sp.,undet. Stelleroidea,1
Parapilekia sp.,Villebrunaster fezouataensis,1
Parapilekia sp.,Palaeosphaeronites sp.,1
Parapilekia sp.,Palaeosphaeronites? prokopi,1
Parapilekia sp.,Aristocystites cf. bohemicus (sinuous?),1
Parapilekia sp.,Aristocystites sp.,1
Parapilekia sp.,Ascocystites? sp.,1
Parapilekia sp.,Balantiocystis regnelli,1
Parapilekia sp.,Balantiocystis sp.,1
Parapilekia sp.,Rhopalocystis sp.,1
Parapilekia sp.,Rhopalocystis dehirensis,1
Parapilekia sp.,Rhopalocystis destombesi,1
Parapilekia sp.,Rhopalocystis fraga,1
Parapilekia sp.,Rhopalocystis grandis,1
Parapilekia sp.,Rhopalocystis havliceki,1
Parapilekia sp.,Rhopalocystis lehmani,1
Parapilekia sp.,Rhopalocystis zagoraensis,1
Parapilekia sp.,Rhopalocystis sp. A,1
Parapilekia sp.,Rhopalocystis sp. B,1
Parapilekia sp.,Rhopalocystis sp. C,1
Parapilekia sp.,cf. Rhopalocystis,1
Parapilekia sp.,Lingulocystis aff. deani,1
Parapilekia sp.,Lingulocystis elongata,1
Parapilekia sp.,cf. Pareocrinus,1
Parapilekia sp.,Eocrinoidea indet. sp. 1,1
Parapilekia sp.,Eocrinoidea indet. sp. 2,1
Parapilekia sp.,Eocrinoidea indet.,1
Parapilekia sp.,Ramseyocrinus sp.,1
Parapilekia sp.,Crinoid 2,1
Parapilekia sp.,Aethocrinus cf. moorei,1
Parapilekia sp.,Iocrinus n. sp.,1
Parapilekia sp.,Cystoidea?/undet. Cystoidea,1
Parapilekia sp.,Argodiscus espilezorum,1
Parapilekia sp.,Anedriophus moroccoensis,1
Parapilekia sp.,Rhenopyrgid indet.,1
Parapilekia sp.,Ampelocarpus sp.,1
Parapilekia sp.,Amygdalotheca griffei,1
Parapilekia sp.,Anatifopsis escandei,1
Parapilekia sp.,Anatifopsis trapeziiformis,1
Parapilekia sp.,Anatifopsis sp.,1
Parapilekia sp.,"Anomalocystid n. gen., n. sp. ",1
Parapilekia sp.,Aspidocarpus sp.,1
Parapilekia sp.,Arauricystis? sp.,1
Parapilekia sp.,Balanocystites primus,1
Parapilekia sp.,Bohemiaecystis,1
Parapilekia sp.,Chauvelicystis ubaghsi,1
Parapilekia sp.,Chauvelicystis spinosa,1
Parapilekia sp.,Chauvelicystis vizcainoi,1
Parapilekia sp.,Chauvelicystis sp.,1
Parapilekia sp.,"Chauvelicystid n. gen., n. sp. 1",1
Parapilekia sp.,"Chauvelicystid n. gen., n. sp. 2",1
Parapilekia sp.,Chinianocarpos sp.,1
Parapilekia sp.,"Cornuta n. gen. 1, n. sp.",1
Parapilekia sp.,"Cornuta n. gen. 2, n. sp.",1
Parapilekia sp.,Flabellicarpus rushtoni,1
Parapilekia sp.,Flabellicarpus?,1
Parapilekia sp.,Galliaecystis n. sp.,1
Parapilekia sp.,Galliaecystis ubaghsi,1
Parapilekia sp.,Hanusia n. sp.,1
Parapilekia sp.,Lagynocystis pyramidalis,1
Parapilekia sp.,Lyricocarpus courtessolei,1
Parapilekia sp.,Milonicystis sp.,1
Parapilekia sp.,Mitrocystitid indet. cf. Ovocarpus,1
Parapilekia sp.,Nanocarpus cf. dolambii,1
Parapilekia sp.,Phyllocystis blayaci,1
Parapilekia sp.,Phyllocystis sp.,1
Parapilekia sp.,Procothurnocystis n. sp.,1
Parapilekia sp.,Prokopicystis sp.,1
Parapilekia sp.,Thoralicystis zagoraensis,1
Parapilekia sp.,Thoralicystis n. sp.,1
Parapilekia sp.,Vizcainocarpus sp.,1
Parapilekia sp.,Cothurnocystid indetl.,1
Parapilekia sp.,Hanusiid indet.,1
Parapilekia sp.,Peltocystis cornuta,1
Parapilekia sp.,Scotiaevystis? sp.,1
Parapilekia sp.,Macrocystella sp.,1
Parapilekia sp.,Macrocystella bohemica,1
Parapilekia sp.,Macrocystella cf. mariae,1
Parapilekia sp.,Macrocystella tasseftensis,1
Parapilekia sp.,cf. Castericystis,1
Parapilekia sp.,cf. Minervaecystis,1
Parapilekia sp.,Plasiacystis mobilis,1
Parapilekia sp.,Plasiacystis sp.,1
Parapilekia sp.,undet. Ophiuroidea,1
Parapilekia sp.,Elegantilites sp.,1
Parapilekia sp.,Gamalites? sp.,1
Parapilekia sp.,Gompholites sp.,1
Parapilekia sp.,Nephrotheca sp.,1
Parapilekia sp.,Hyolithes sp.,1
Parapilekia sp.,Pauxillites thaddei,1
Parapilekia sp.,Pauxillites sp.,1
Pileka sp.,Benthic detritus,1
Pileka sp.,Ranorthis fasciata,1
Pileka sp.,undet. Athyridida,1
Pileka sp.,Acrothele sp.,1
Pileka sp.,Plectorthis simplex,1
Pileka sp.,Angusticardinia sp.,1
Pileka sp.,Lingula salteri,1
Pileka sp.,Orbithele vana,1
Pileka sp.,Paurorthis tadristensis,1
Pileka sp.,Tarfaya marocana,1
Pileka sp.,Wosekella sp.,1
Pileka sp.,Monobolina sp.,1
Pileka sp.,Elliptoglossa sp.,1
Pileka sp.,Celdobolus sp.,1
Pileka sp.,Discinoidea?,1
Pileka sp.,undet. Dalmanelloidea,1
Pileka sp.,Bryozoan,1
Pileka sp.,Babinka prima,1
Pileka sp.,Ctenodonta escosurae,1
Pileka sp.,Praenucula sp.,1
Pileka sp.,Redonia michelae,1
Pileka sp.,Coxiconchia guiraudi,1
Pileka sp.,Alococoncha?,1
Pileka sp.,Cardiolaria? sp.,1
Pileka sp.,Cienagomya? sp.,1
Pileka sp.,Ekaterodonta courtessolei,1
Pileka sp.,Glyptarca sp.,1
Pileka sp.,Pelecyogyra fezouataensis,1
Pileka sp.,Sinuites sp.,1
Pileka sp.,Lesueurilla prima,1
Pileka sp.,undet. Platyceratoidea,1
Pileka sp.,undet. Monoplacophora,1
Pileka sp.,Thoralispira? cf. occitana,1
Pileka sp.,Carcassonnella courtessolei,1
Pileka sp.,Carcassonnella vizcainoi,1
Pileka sp.,Carcassonnella sp.,1
Pileka sp.,Ribeiria sp.,1
Pileka sp.,Tolmachovia?,1
Pileka sp.,Wiwaxiid,1
Pileka sp.,Halkieriid,1
Pileka sp.,Helcionelloid,1
Pileka sp.,Calvapilosa kroegeri,1
Pileka sp.,Possible phyllodocid,2
Pileka sp.,Palaeoscolex cf. tenensis,2
Pileka sp.,Priapulid,2
Pileka sp.,Large taxon with spinose limbs,1
Pileka sp.,Small taxon with spinose limbs,1
Pileka sp.,Armoured lobopodian 1,1
Pileka sp.,Armoured lobopodian 2,1
Pileka sp.,Armoured lobopodian 3,1
Pileka sp.,Diania-like lobopodian,1
Pileka sp.,Furca sp. 1,1
Pileka sp.,Furca sp. 2,1
Pileka sp.,Furca sp. 3,1
Pileka sp.,Enosiaspis hrungnir,1
Pileka sp.,Possible waptiid,1
Pileka sp., 'Synziphosurine'/Synziphosurina?,1
Pileka sp.,Chasmataspidid,1
Pileka sp.,Possible pycnogonid,1
Pileka sp.,Possible retifaciid,1
Pileka sp.,Tariccoia tazagurtensis,1
Pileka sp.,Chlupacaris? sp.,1
Pileka sp.,Cheloniellid,1
Pileka sp.,Phyllocarid,1
Pileka sp.,Ostracod,1
Pileka sp.,Lepadomorph barnacle,1
Pileka sp.,Eoduslia,1
Pileka sp.,Apatokephalus cf. incisus,1
Pileka sp.,undet. Dikelocephalidae,1
Pileka sp.,undet. Illaenacea,1
Pileka sp.,Orometopus sp.,1
Pileka sp.,Cnemidopyge sp.,1
Pileka sp.,Parvilichas marochii,1
Pileka sp.,Selenopeltis sp. 1,1
Pileka sp.,Selenopeltis sp. 2,1
Pileka sp.,Foulonia peregrina,1
Pileka sp.,Foulonia sp.,1
Pileka sp.,Toletanaspis aff. borni,1
Pileka sp.,undet. Dalmanitacea,1
Pileka sp.,Bathycheilus gallicus,1
Pileka sp.,Bavarilla aff. zemmourensis,1
Pileka sp.,Bavarilla zemmourensis,1
Pileka sp.,Bavarilla sp.,1
Pileka sp.,Colpocoryphe thorali,1
Pileka sp.,Colpocoryphe pradesensis,1
Pileka sp.,Pharostoma sp.,1
Pileka sp.,Pharostomina sp. ,1
Pileka sp.,Agerina quadrata,1
Pileka sp.,Geragnostus aff. occitanus,1
Pileka sp.,Geragnostus sp.,1
Pileka sp.,Beltella sp.,1
Pileka sp.,Ampyx priscus,1
Pileka sp.,Ampyx cf. priscus,1
Pileka sp.,Ceraurinella? sp.,1
Pileka sp.,Platycoryphe sp.,1
Pileka sp.,Parabathycheilus gallicus,1
Pileka sp.,Proetidae?,1
Pileka sp.,undet. Trinucleidae,1
Pileka sp.,Eoharpes sp.,1
Pileka sp.,Nileus deynouxi,1
Pileka sp.,Hospes sp.,1
Pileka sp.,Ogygiocaris sp.,1
Pileka sp.,Pterygometopus sp.,1
Pileka sp.,Iberocoryphe sp.,1
Pileka sp.,cf. Niobella sp.,1
Pileka sp.,Somasteroid indet. n. sp. 1,1
Pileka sp.,Somasteroid indet. n. sp. 2,1
Pileka sp.,Somasteroid indet. n. sp. 3,1
Pileka sp.,Somasteroid indet.,1
Pileka sp.,undet. Asteroidea,1
Pileka sp.,Palaeosphaeronites sp.,1
Pileka sp.,Palaeosphaeronites? prokopi,1
Pileka sp.,Aristocystites cf. bohemicus (sinuous?),1
Pileka sp.,Aristocystites sp.,1
Pileka sp.,Balantiocystis regnelli,1
Pileka sp.,Balantiocystis sp.,1
Pileka sp.,Rhopalocystis sp.,1
Pileka sp.,Rhopalocystis dehirensis,1
Pileka sp.,Rhopalocystis destombesi,1
Pileka sp.,Rhopalocystis fraga,1
Pileka sp.,Rhopalocystis grandis,1
Pileka sp.,Rhopalocystis havliceki,1
Pileka sp.,Rhopalocystis lehmani,1
Pileka sp.,Rhopalocystis zagoraensis,1
Pileka sp.,Rhopalocystis sp. A,1
Pileka sp.,Rhopalocystis sp. B,1
Pileka sp.,Rhopalocystis sp. C,1
Pileka sp.,cf. Rhopalocystis,1
Pileka sp.,Lingulocystis aff. deani,1
Pileka sp.,Lingulocystis elongata,1
Pileka sp.,cf. Pareocrinus,1
Pileka sp.,Eocrinoidea indet. sp. 1,1
Pileka sp.,Eocrinoidea indet. sp. 2,1
Pileka sp.,Eocrinoidea indet.,1
Pileka sp.,Ramseyocrinus sp.,1
Pileka sp.,Crinoid 2,1
Pileka sp.,Aethocrinus cf. moorei,1
Pileka sp.,Iocrinus n. sp.,1
Pileka sp.,Cystoidea?/undet. Cystoidea,1
Pileka sp.,Argodiscus espilezorum,1
Pileka sp.,Anedriophus moroccoensis,1
Pileka sp.,Rhenopyrgid indet.,1
Pileka sp.,Ampelocarpus sp.,1
Pileka sp.,Amygdalotheca griffei,1
Pileka sp.,Anatifopsis escandei,1
Pileka sp.,Anatifopsis trapeziiformis,1
Pileka sp.,Anatifopsis sp.,1
Pileka sp.,"Anomalocystid n. gen., n. sp. ",1
Pileka sp.,Aspidocarpus sp.,1
Pileka sp.,Arauricystis? sp.,1
Pileka sp.,Balanocystites primus,1
Pileka sp.,Bohemiaecystis,1
Pileka sp.,Chauvelicystis ubaghsi,1
Pileka sp.,Chauvelicystis spinosa,1
Pileka sp.,Chauvelicystis vizcainoi,1
Pileka sp.,Chauvelicystis sp.,1
Pileka sp.,"Chauvelicystid n. gen., n. sp. 1",1
Pileka sp.,"Chauvelicystid n. gen., n. sp. 2",1
Pileka sp.,Chinianocarpos sp.,1
Pileka sp.,"Cornuta n. gen. 1, n. sp.",1
Pileka sp.,"Cornuta n. gen. 2, n. sp.",1
Pileka sp.,Flabellicarpus rushtoni,1
Pileka sp.,Flabellicarpus?,1
Pileka sp.,Galliaecystis n. sp.,1
Pileka sp.,Galliaecystis ubaghsi,1
Pileka sp.,Hanusia n. sp.,1
Pileka sp.,Lagynocystis pyramidalis,1
Pileka sp.,Kirkocystidae?,1
Pileka sp.,Lyricocarpus courtessolei,1
Pileka sp.,Milonicystis sp.,1
Pileka sp.,Mitrocystitid indet. cf. Ovocarpus,1
Pileka sp.,Nanocarpus cf. dolambii,1
Pileka sp.,Phyllocystis blayaci,1
Pileka sp.,Phyllocystis sp.,1
Pileka sp.,Procothurnocystis n. sp.,1
Pileka sp.,Prokopicystis sp.,1
Pileka sp.,Thoralicystis zagoraensis,1
Pileka sp.,Thoralicystis n. sp.,1
Pileka sp.,Vizcainocarpus sp.,1
Pileka sp.,Cothurnocystid indetl.,1
Pileka sp.,Hanusiid indet.,1
Pileka sp.,Peltocystis cornuta,1
Pileka sp.,Scotiaevystis? sp.,1
Pileka sp.,Macrocystella sp.,1
Pileka sp.,Macrocystella bohemica,1
Pileka sp.,Macrocystella cf. mariae,1
Pileka sp.,Macrocystella tasseftensis,1
Pileka sp.,undet. Ophiuroidea,1
Pileka sp.,Didymograptus cf. arcuatus,1
Pileka sp.,Didymograptus deflexus,1
Pileka sp.,Didymograptus extensus,1
Pileka sp.,Didymograptus v-fractus,1
Pileka sp.,Didymograptus intendus,1
Pileka sp.,Didymograptus pennatulus,1
Pileka sp.,Didymograptus nanus,1
Pileka sp.,Didymograptus nitidus,1
Pileka sp.,Didymograptus patulus,1
Pileka sp.,Didymograptus sparsus,1
Pileka sp.,"""Didymograptus sp. 1""",1
Pileka sp.,Didymograptus sp.,1
Pileka sp.,Didymograptid indet.,1
Pileka sp.,Koremagraptus sp.,1
Pileka sp.,Dictyonema sp.,1
Pileka sp.,Tuboid,1
Pileka sp.,?Cymatograptus protobalticus,1
Pileka sp.,Webbyites felix,1
Pileka sp.,Rhabdopleura-like epibiont,1
Pileka sp.,Gamalites? sp.,1
Pileka sp.,Gompholites sp.,1
Pileka sp.,Hyolithes sp.,1
Pileka sp.,Pauxillites thaddei,1
Toletanaspis aff. borni,Benthic detritus,1
Toletanaspis aff. borni,Acrothele sp.,1
Toletanaspis aff. borni,Plectorthis simplex,1
Toletanaspis aff. borni,Angusticardinia sp.,1
Toletanaspis aff. borni,Lingula salteri,1
Toletanaspis aff. borni,Orbithele vana,1
Toletanaspis aff. borni,Paurorthis tadristensis,1
Toletanaspis aff. borni,Tarfaya marocana,1
Toletanaspis aff. borni,Monobolina sp.,1
Toletanaspis aff. borni,Elliptoglossa sp.,1
Toletanaspis aff. borni,Celdobolus sp.,1
Toletanaspis aff. borni,Discinoidea?,1
Toletanaspis aff. borni,undet. Dalmanelloidea,1
Toletanaspis aff. borni,Bryozoan,1
Toletanaspis aff. borni,Redonia michelae,1
Toletanaspis aff. borni,Coxiconchia guiraudi,1
Toletanaspis aff. borni,Alococoncha?,1
Toletanaspis aff. borni,Cienagomya? sp.,1
Toletanaspis aff. borni,Ekaterodonta courtessolei,1
Toletanaspis aff. borni,Lesueurilla prima,1
Toletanaspis aff. borni,undet. Monoplacophora,1
Toletanaspis aff. borni,Carcassonnella courtessolei,1
Toletanaspis aff. borni,Carcassonnella vizcainoi,1
Toletanaspis aff. borni,Carcassonnella sp.,1
Toletanaspis aff. borni,Wiwaxiid,1
Toletanaspis aff. borni,Helcionelloid,1
Toletanaspis aff. borni,Priapulid,2
Toletanaspis aff. borni,Enosiaspis hrungnir,1
Toletanaspis aff. borni, 'Synziphosurine'/Synziphosurina?,1
Toletanaspis aff. borni,Possible pycnogonid,1
Toletanaspis aff. borni,Possible retifaciid,1
Toletanaspis aff. borni,Tariccoia tazagurtensis,1
Toletanaspis aff. borni,Ostracod,1
Toletanaspis aff. borni,undet. Dikelocephalidae,1
Toletanaspis aff. borni,undet. Illaenacea,1
Toletanaspis aff. borni,Parabathycheilus gallicus,1
Toletanaspis aff. borni,Proetidae?,1
Toletanaspis aff. borni,undet. Trinucleidae,1
Toletanaspis aff. borni,Palaeosphaeronites sp.,1
Toletanaspis aff. borni,Palaeosphaeronites? prokopi,1
Toletanaspis aff. borni,Aristocystites cf. bohemicus (sinuous?),1
Toletanaspis aff. borni,Aristocystites sp.,1
Toletanaspis aff. borni,Balantiocystis regnelli,1
Toletanaspis aff. borni,Balantiocystis sp.,1
Toletanaspis aff. borni,Rhopalocystis sp.,1
Toletanaspis aff. borni,Rhopalocystis dehirensis,1
Toletanaspis aff. borni,Rhopalocystis destombesi,1
Toletanaspis aff. borni,Rhopalocystis fraga,1
Toletanaspis aff. borni,Rhopalocystis grandis,1
Toletanaspis aff. borni,Rhopalocystis havliceki,1
Toletanaspis aff. borni,Rhopalocystis lehmani,1
Toletanaspis aff. borni,Rhopalocystis zagoraensis,1
Toletanaspis aff. borni,Rhopalocystis sp. A,1
Toletanaspis aff. borni,Rhopalocystis sp. B,1
Toletanaspis aff. borni,Rhopalocystis sp. C,1
Toletanaspis aff. borni,cf. Rhopalocystis,1
Toletanaspis aff. borni,Lingulocystis aff. deani,1
Toletanaspis aff. borni,Lingulocystis elongata,1
Toletanaspis aff. borni,cf. Pareocrinus,1
Toletanaspis aff. borni,Eocrinoidea indet. sp. 1,1
Toletanaspis aff. borni,Eocrinoidea indet. sp. 2,1
Toletanaspis aff. borni,Eocrinoidea indet.,1
Toletanaspis aff. borni,Ramseyocrinus sp.,1
Toletanaspis aff. borni,Crinoid 2,1
Toletanaspis aff. borni,Aethocrinus cf. moorei,1
Toletanaspis aff. borni,Iocrinus n. sp.,1
Toletanaspis aff. borni,Argodiscus espilezorum,1
Toletanaspis aff. borni,Anedriophus moroccoensis,1
Toletanaspis aff. borni,Rhenopyrgid indet.,1
Toletanaspis aff. borni,Ampelocarpus sp.,1
Toletanaspis aff. borni,Amygdalotheca griffei,1
Toletanaspis aff. borni,Anatifopsis escandei,1
Toletanaspis aff. borni,Anatifopsis trapeziiformis,1
Toletanaspis aff. borni,Anatifopsis sp.,1
Toletanaspis aff. borni,"Anomalocystid n. gen., n. sp. ",1
Toletanaspis aff. borni,Aspidocarpus sp.,1
Toletanaspis aff. borni,Balanocystites primus,1
Toletanaspis aff. borni,Bohemiaecystis,1
Toletanaspis aff. borni,Chauvelicystis ubaghsi,1
Toletanaspis aff. borni,Chauvelicystis spinosa,1
Toletanaspis aff. borni,Chauvelicystis vizcainoi,1
Toletanaspis aff. borni,Chauvelicystis sp.,1
Toletanaspis aff. borni,"Chauvelicystid n. gen., n. sp. 1",1
Toletanaspis aff. borni,"Chauvelicystid n. gen., n. sp. 2",1
Toletanaspis aff. borni,Chinianocarpos sp.,1
Toletanaspis aff. borni,"Cornuta n. gen. 1, n. sp.",1
Toletanaspis aff. borni,"Cornuta n. gen. 2, n. sp.",1
Toletanaspis aff. borni,Flabellicarpus rushtoni,1
Toletanaspis aff. borni,Galliaecystis n. sp.,1
Toletanaspis aff. borni,Galliaecystis ubaghsi,1
Toletanaspis aff. borni,Lagynocystis pyramidalis,1
Toletanaspis aff. borni,Kirkocystidae?,1
Toletanaspis aff. borni,Lyricocarpus courtessolei,1
Toletanaspis aff. borni,Milonicystis sp.,1
Toletanaspis aff. borni,Mitrocystitid indet. cf. Ovocarpus,1
Toletanaspis aff. borni,Nanocarpus cf. dolambii,1
Toletanaspis aff. borni,Phyllocystis blayaci,1
Toletanaspis aff. borni,Procothurnocystis n. sp.,1
Toletanaspis aff. borni,Prokopicystis sp.,1
Toletanaspis aff. borni,Thoralicystis zagoraensis,1
Toletanaspis aff. borni,Vizcainocarpus sp.,1
Toletanaspis aff. borni,Peltocystis cornuta,1
Toletanaspis aff. borni,Macrocystella sp.,1
Toletanaspis aff. borni,Macrocystella bohemica,1
Toletanaspis aff. borni,Macrocystella cf. mariae,1
Toletanaspis aff. borni,Macrocystella tasseftensis,1
Toletanaspis aff. borni,undet. Ophiuroidea,1
Toletanaspis aff. borni,Didymograptus cf. arcuatus,1
Toletanaspis aff. borni,Didymograptus deflexus,1
Toletanaspis aff. borni,Didymograptus extensus,1
Toletanaspis aff. borni,Didymograptus v-fractus,1
Toletanaspis aff. borni,Didymograptus intendus,1
Toletanaspis aff. borni,Didymograptus pennatulus,1
Toletanaspis aff. borni,Didymograptus nanus,1
Toletanaspis aff. borni,Didymograptus nitidus,1
Toletanaspis aff. borni,Didymograptus patulus,1
Toletanaspis aff. borni,Didymograptus sparsus,1
Toletanaspis aff. borni,"""Didymograptus sp. 1""",1
Toletanaspis aff. borni,Didymograptus sp.,1
Toletanaspis aff. borni,Didymograptid indet.,1
Toletanaspis aff. borni,Koremagraptus sp.,1
Toletanaspis aff. borni,Dictyonema sp.,1
Toletanaspis aff. borni,Tuboid,1
Toletanaspis aff. borni,?Cymatograptus protobalticus,1
Toletanaspis aff. borni,Webbyites felix,1
Toletanaspis aff. borni,Rhabdopleura-like epibiont,1
undet. Dalmanitacea,Benthic detritus,1
undet. Dalmanitacea,Acrothele sp.,1
undet. Dalmanitacea,Plectorthis simplex,1
undet. Dalmanitacea,Angusticardinia sp.,1
undet. Dalmanitacea,Lingula salteri,1
undet. Dalmanitacea,Orbithele vana,1
undet. Dalmanitacea,Paurorthis tadristensis,1
undet. Dalmanitacea,Tarfaya marocana,1
undet. Dalmanitacea,Monobolina sp.,1
undet. Dalmanitacea,Elliptoglossa sp.,1
undet. Dalmanitacea,Celdobolus sp.,1
undet. Dalmanitacea,Discinoidea?,1
undet. Dalmanitacea,undet. Dalmanelloidea,1
undet. Dalmanitacea,Bryozoan,1
undet. Dalmanitacea,Redonia michelae,1
undet. Dalmanitacea,Coxiconchia guiraudi,1
undet. Dalmanitacea,Alococoncha?,1
undet. Dalmanitacea,Cienagomya? sp.,1
undet. Dalmanitacea,Ekaterodonta courtessolei,1
undet. Dalmanitacea,Lesueurilla prima,1
undet. Dalmanitacea,undet. Monoplacophora,1
undet. Dalmanitacea,Carcassonnella courtessolei,1
undet. Dalmanitacea,Carcassonnella vizcainoi,1
undet. Dalmanitacea,Carcassonnella sp.,1
undet. Dalmanitacea,Wiwaxiid,1
undet. Dalmanitacea,Helcionelloid,1
undet. Dalmanitacea,Priapulid,2
undet. Dalmanitacea,Enosiaspis hrungnir,1
undet. Dalmanitacea, 'Synziphosurine'/Synziphosurina?,1
undet. Dalmanitacea,Possible pycnogonid,1
undet. Dalmanitacea,Possible retifaciid,1
undet. Dalmanitacea,Tariccoia tazagurtensis,1
undet. Dalmanitacea,Ostracod,1
undet. Dalmanitacea,undet. Dikelocephalidae,1
undet. Dalmanitacea,undet. Illaenacea,1
undet. Dalmanitacea,Parabathycheilus gallicus,1
undet. Dalmanitacea,Proetidae?,1
undet. Dalmanitacea,undet. Trinucleidae,1
undet. Dalmanitacea,Palaeosphaeronites sp.,1
undet. Dalmanitacea,Palaeosphaeronites? prokopi,1
undet. Dalmanitacea,Aristocystites cf. bohemicus (sinuous?),1
undet. Dalmanitacea,Aristocystites sp.,1
undet. Dalmanitacea,Balantiocystis regnelli,1
undet. Dalmanitacea,Balantiocystis sp.,1
undet. Dalmanitacea,Rhopalocystis sp.,1
undet. Dalmanitacea,Rhopalocystis dehirensis,1
undet. Dalmanitacea,Rhopalocystis destombesi,1
undet. Dalmanitacea,Rhopalocystis fraga,1
undet. Dalmanitacea,Rhopalocystis grandis,1
undet. Dalmanitacea,Rhopalocystis havliceki,1
undet. Dalmanitacea,Rhopalocystis lehmani,1
undet. Dalmanitacea,Rhopalocystis zagoraensis,1
undet. Dalmanitacea,Rhopalocystis sp. A,1
undet. Dalmanitacea,Rhopalocystis sp. B,1
undet. Dalmanitacea,Rhopalocystis sp. C,1
undet. Dalmanitacea,cf. Rhopalocystis,1
undet. Dalmanitacea,Lingulocystis aff. deani,1
undet. Dalmanitacea,Lingulocystis elongata,1
undet. Dalmanitacea,cf. Pareocrinus,1
undet. Dalmanitacea,Eocrinoidea indet. sp. 1,1
undet. Dalmanitacea,Eocrinoidea indet. sp. 2,1
undet. Dalmanitacea,Eocrinoidea indet.,1
undet. Dalmanitacea,Ramseyocrinus sp.,1
undet. Dalmanitacea,Crinoid 2,1
undet. Dalmanitacea,Aethocrinus cf. moorei,1
undet. Dalmanitacea,Iocrinus n. sp.,1
undet. Dalmanitacea,Argodiscus espilezorum,1
undet. Dalmanitacea,Anedriophus moroccoensis,1
undet. Dalmanitacea,Rhenopyrgid indet.,1
undet. Dalmanitacea,Ampelocarpus sp.,1
undet. Dalmanitacea,Amygdalotheca griffei,1
undet. Dalmanitacea,Anatifopsis escandei,1
undet. Dalmanitacea,Anatifopsis trapeziiformis,1
undet. Dalmanitacea,Anatifopsis sp.,1
undet. Dalmanitacea,"Anomalocystid n. gen., n. sp. ",1
undet. Dalmanitacea,Aspidocarpus sp.,1
undet. Dalmanitacea,Balanocystites primus,1
undet. Dalmanitacea,Bohemiaecystis,1
undet. Dalmanitacea,Chauvelicystis ubaghsi,1
undet. Dalmanitacea,Chauvelicystis spinosa,1
undet. Dalmanitacea,Chauvelicystis vizcainoi,1
undet. Dalmanitacea,Chauvelicystis sp.,1
undet. Dalmanitacea,"Chauvelicystid n. gen., n. sp. 1",1
undet. Dalmanitacea,"Chauvelicystid n. gen., n. sp. 2",1
undet. Dalmanitacea,Chinianocarpos sp.,1
undet. Dalmanitacea,"Cornuta n. gen. 1, n. sp.",1
undet. Dalmanitacea,"Cornuta n. gen. 2, n. sp.",1
undet. Dalmanitacea,Flabellicarpus rushtoni,1
undet. Dalmanitacea,Galliaecystis n. sp.,1
undet. Dalmanitacea,Galliaecystis ubaghsi,1
undet. Dalmanitacea,Lagynocystis pyramidalis,1
undet. Dalmanitacea,Kirkocystidae?,1
undet. Dalmanitacea,Lyricocarpus courtessolei,1
undet. Dalmanitacea,Milonicystis sp.,1
undet. Dalmanitacea,Mitrocystitid indet. cf. Ovocarpus,1
undet. Dalmanitacea,Nanocarpus cf. dolambii,1
undet. Dalmanitacea,Phyllocystis blayaci,1
undet. Dalmanitacea,Procothurnocystis n. sp.,1
undet. Dalmanitacea,Prokopicystis sp.,1
undet. Dalmanitacea,Thoralicystis zagoraensis,1
undet. Dalmanitacea,Vizcainocarpus sp.,1
undet. Dalmanitacea,Peltocystis cornuta,1
undet. Dalmanitacea,Macrocystella sp.,1
undet. Dalmanitacea,Macrocystella bohemica,1
undet. Dalmanitacea,Macrocystella cf. mariae,1
undet. Dalmanitacea,Macrocystella tasseftensis,1
undet. Dalmanitacea,undet. Ophiuroidea,1
undet. Dalmanitacea,Didymograptus cf. arcuatus,1
undet. Dalmanitacea,Didymograptus deflexus,1
undet. Dalmanitacea,Didymograptus extensus,1
undet. Dalmanitacea,Didymograptus v-fractus,1
undet. Dalmanitacea,Didymograptus intendus,1
undet. Dalmanitacea,Didymograptus pennatulus,1
undet. Dalmanitacea,Didymograptus nanus,1
undet. Dalmanitacea,Didymograptus nitidus,1
undet. Dalmanitacea,Didymograptus patulus,1
undet. Dalmanitacea,Didymograptus sparsus,1
undet. Dalmanitacea,"""Didymograptus sp. 1""",1
undet. Dalmanitacea,Didymograptus sp.,1
undet. Dalmanitacea,Didymograptid indet.,1
undet. Dalmanitacea,Koremagraptus sp.,1
undet. Dalmanitacea,Dictyonema sp.,1
undet. Dalmanitacea,Tuboid,1
undet. Dalmanitacea,?Cymatograptus protobalticus,1
undet. Dalmanitacea,Webbyites felix,1
undet. Dalmanitacea,Rhabdopleura-like epibiont,1
Bathycheilus gallicus,Benthic detritus,1
Bathycheilus gallicus,Acrothele sp.,1
Bathycheilus gallicus,Plectorthis simplex,1
Bathycheilus gallicus,Angusticardinia sp.,1
Bathycheilus gallicus,Lingula salteri,1
Bathycheilus gallicus,Orbithele vana,1
Bathycheilus gallicus,Paurorthis tadristensis,1
Bathycheilus gallicus,Tarfaya marocana,1
Bathycheilus gallicus,Monobolina sp.,1
Bathycheilus gallicus,Elliptoglossa sp.,1
Bathycheilus gallicus,Celdobolus sp.,1
Bathycheilus gallicus,Discinoidea?,1
Bathycheilus gallicus,undet. Dalmanelloidea,1
Bathycheilus gallicus,Bryozoan,1
Bathycheilus gallicus,Redonia michelae,1
Bathycheilus gallicus,Coxiconchia guiraudi,1
Bathycheilus gallicus,Alococoncha?,1
Bathycheilus gallicus,Cienagomya? sp.,1
Bathycheilus gallicus,Ekaterodonta courtessolei,1
Bathycheilus gallicus,Lesueurilla prima,1
Bathycheilus gallicus,undet. Monoplacophora,1
Bathycheilus gallicus,Carcassonnella courtessolei,1
Bathycheilus gallicus,Carcassonnella vizcainoi,1
Bathycheilus gallicus,Carcassonnella sp.,1
Bathycheilus gallicus,Wiwaxiid,1
Bathycheilus gallicus,Helcionelloid,1
Bathycheilus gallicus,Priapulid,2
Bathycheilus gallicus,Enosiaspis hrungnir,1
Bathycheilus gallicus, 'Synziphosurine'/Synziphosurina?,1
Bathycheilus gallicus,Possible pycnogonid,1
Bathycheilus gallicus,Possible retifaciid,1
Bathycheilus gallicus,Tariccoia tazagurtensis,1
Bathycheilus gallicus,Ostracod,1
Bathycheilus gallicus,undet. Dikelocephalidae,1
Bathycheilus gallicus,undet. Illaenacea,1
Bathycheilus gallicus,Parabathycheilus gallicus,1
Bathycheilus gallicus,Proetidae?,1
Bathycheilus gallicus,undet. Trinucleidae,1
Bathycheilus gallicus,Palaeosphaeronites sp.,1
Bathycheilus gallicus,Palaeosphaeronites? prokopi,1
Bathycheilus gallicus,Aristocystites cf. bohemicus (sinuous?),1
Bathycheilus gallicus,Aristocystites sp.,1
Bathycheilus gallicus,Balantiocystis regnelli,1
Bathycheilus gallicus,Balantiocystis sp.,1
Bathycheilus gallicus,Rhopalocystis sp.,1
Bathycheilus gallicus,Rhopalocystis dehirensis,1
Bathycheilus gallicus,Rhopalocystis destombesi,1
Bathycheilus gallicus,Rhopalocystis fraga,1
Bathycheilus gallicus,Rhopalocystis grandis,1
Bathycheilus gallicus,Rhopalocystis havliceki,1
Bathycheilus gallicus,Rhopalocystis lehmani,1
Bathycheilus gallicus,Rhopalocystis zagoraensis,1
Bathycheilus gallicus,Rhopalocystis sp. A,1
Bathycheilus gallicus,Rhopalocystis sp. B,1
Bathycheilus gallicus,Rhopalocystis sp. C,1
Bathycheilus gallicus,cf. Rhopalocystis,1
Bathycheilus gallicus,Lingulocystis aff. deani,1
Bathycheilus gallicus,Lingulocystis elongata,1
Bathycheilus gallicus,cf. Pareocrinus,1
Bathycheilus gallicus,Eocrinoidea indet. sp. 1,1
Bathycheilus gallicus,Eocrinoidea indet. sp. 2,1
Bathycheilus gallicus,Eocrinoidea indet.,1
Bathycheilus gallicus,Ramseyocrinus sp.,1
Bathycheilus gallicus,Crinoid 2,1
Bathycheilus gallicus,Aethocrinus cf. moorei,1
Bathycheilus gallicus,Iocrinus n. sp.,1
Bathycheilus gallicus,Argodiscus espilezorum,1
Bathycheilus gallicus,Anedriophus moroccoensis,1
Bathycheilus gallicus,Rhenopyrgid indet.,1
Bathycheilus gallicus,Ampelocarpus sp.,1
Bathycheilus gallicus,Amygdalotheca griffei,1
Bathycheilus gallicus,Anatifopsis escandei,1
Bathycheilus gallicus,Anatifopsis trapeziiformis,1
Bathycheilus gallicus,Anatifopsis sp.,1
Bathycheilus gallicus,"Anomalocystid n. gen., n. sp. ",1
Bathycheilus gallicus,Aspidocarpus sp.,1
Bathycheilus gallicus,Balanocystites primus,1
Bathycheilus gallicus,Bohemiaecystis,1
Bathycheilus gallicus,Chauvelicystis ubaghsi,1
Bathycheilus gallicus,Chauvelicystis spinosa,1
Bathycheilus gallicus,Chauvelicystis vizcainoi,1
Bathycheilus gallicus,Chauvelicystis sp.,1
Bathycheilus gallicus,"Chauvelicystid n. gen., n. sp. 1",1
Bathycheilus gallicus,"Chauvelicystid n. gen., n. sp. 2",1
Bathycheilus gallicus,Chinianocarpos sp.,1
Bathycheilus gallicus,"Cornuta n. gen. 1, n. sp.",1
Bathycheilus gallicus,"Cornuta n. gen. 2, n. sp.",1
Bathycheilus gallicus,Flabellicarpus rushtoni,1
Bathycheilus gallicus,Galliaecystis n. sp.,1
Bathycheilus gallicus,Galliaecystis ubaghsi,1
Bathycheilus gallicus,Lagynocystis pyramidalis,1
Bathycheilus gallicus,Kirkocystidae?,1
Bathycheilus gallicus,Lyricocarpus courtessolei,1
Bathycheilus gallicus,Milonicystis sp.,1
Bathycheilus gallicus,Mitrocystitid indet. cf. Ovocarpus,1
Bathycheilus gallicus,Nanocarpus cf. dolambii,1
Bathycheilus gallicus,Phyllocystis blayaci,1
Bathycheilus gallicus,Procothurnocystis n. sp.,1
Bathycheilus gallicus,Prokopicystis sp.,1
Bathycheilus gallicus,Thoralicystis zagoraensis,1
Bathycheilus gallicus,Vizcainocarpus sp.,1
Bathycheilus gallicus,Peltocystis cornuta,1
Bathycheilus gallicus,Macrocystella sp.,1
Bathycheilus gallicus,Macrocystella bohemica,1
Bathycheilus gallicus,Macrocystella cf. mariae,1
Bathycheilus gallicus,Macrocystella tasseftensis,1
Bathycheilus gallicus,undet. Ophiuroidea,1
Bathycheilus gallicus,Didymograptus cf. arcuatus,1
Bathycheilus gallicus,Didymograptus deflexus,1
Bathycheilus gallicus,Didymograptus extensus,1
Bathycheilus gallicus,Didymograptus v-fractus,1
Bathycheilus gallicus,Didymograptus intendus,1
Bathycheilus gallicus,Didymograptus pennatulus,1
Bathycheilus gallicus,Didymograptus nanus,1
Bathycheilus gallicus,Didymograptus nitidus,1
Bathycheilus gallicus,Didymograptus patulus,1
Bathycheilus gallicus,Didymograptus sparsus,1
Bathycheilus gallicus,"""Didymograptus sp. 1""",1
Bathycheilus gallicus,Didymograptus sp.,1
Bathycheilus gallicus,Didymograptid indet.,1
Bathycheilus gallicus,Koremagraptus sp.,1
Bathycheilus gallicus,Dictyonema sp.,1
Bathycheilus gallicus,Tuboid,1
Bathycheilus gallicus,?Cymatograptus protobalticus,1
Bathycheilus gallicus,Webbyites felix,1
Bathycheilus gallicus,Rhabdopleura-like epibiont,1
Bavarilla aff. zemmourensis,Benthic detritus,1
Bavarilla aff. zemmourensis,Ranorthis fasciata,1
Bavarilla aff. zemmourensis,Acrothele sp.,1
Bavarilla aff. zemmourensis,Plectorthis simplex,1
Bavarilla aff. zemmourensis,Angusticardinia sp.,1
Bavarilla aff. zemmourensis,Lingula salteri,1
Bavarilla aff. zemmourensis,Orbithele vana,1
Bavarilla aff. zemmourensis,Paurorthis tadristensis,1
Bavarilla aff. zemmourensis,Tarfaya marocana,1
Bavarilla aff. zemmourensis,Wosekella sp.,1
Bavarilla aff. zemmourensis,Monobolina sp.,1
Bavarilla aff. zemmourensis,Elliptoglossa sp.,1
Bavarilla aff. zemmourensis,Celdobolus sp.,1
Bavarilla aff. zemmourensis,Discinoidea?,1
Bavarilla aff. zemmourensis,undet. Dalmanelloidea,1
Bavarilla aff. zemmourensis,Bryozoan,1
Bavarilla aff. zemmourensis,Ctenodonta escosurae,1
Bavarilla aff. zemmourensis,Redonia michelae,1
Bavarilla aff. zemmourensis,Coxiconchia guiraudi,1
Bavarilla aff. zemmourensis,Alococoncha?,1
Bavarilla aff. zemmourensis,Cardiolaria? sp.,1
Bavarilla aff. zemmourensis,Cienagomya? sp.,1
Bavarilla aff. zemmourensis,Ekaterodonta courtessolei,1
Bavarilla aff. zemmourensis,Glyptarca sp.,1
Bavarilla aff. zemmourensis,Lesueurilla prima,1
Bavarilla aff. zemmourensis,undet. Monoplacophora,1
Bavarilla aff. zemmourensis,Carcassonnella courtessolei,1
Bavarilla aff. zemmourensis,Carcassonnella vizcainoi,1
Bavarilla aff. zemmourensis,Carcassonnella sp.,1
Bavarilla aff. zemmourensis,Wiwaxiid,1
Bavarilla aff. zemmourensis,Helcionelloid,1
Bavarilla aff. zemmourensis,Priapulid,2
Bavarilla aff. zemmourensis,Large taxon with spinose limbs,1
Bavarilla aff. zemmourensis,Small taxon with spinose limbs,1
Bavarilla aff. zemmourensis,Armoured lobopodian 1,1
Bavarilla aff. zemmourensis,Armoured lobopodian 2,1
Bavarilla aff. zemmourensis,Armoured lobopodian 3,1
Bavarilla aff. zemmourensis,Diania-like lobopodian,1
Bavarilla aff. zemmourensis,Enosiaspis hrungnir,1
Bavarilla aff. zemmourensis, 'Synziphosurine'/Synziphosurina?,1
Bavarilla aff. zemmourensis,Possible pycnogonid,1
Bavarilla aff. zemmourensis,Possible retifaciid,1
Bavarilla aff. zemmourensis,Tariccoia tazagurtensis,1
Bavarilla aff. zemmourensis,Ostracod,1
Bavarilla aff. zemmourensis,undet. Dikelocephalidae,1
Bavarilla aff. zemmourensis,undet. Illaenacea,1
Bavarilla aff. zemmourensis,Orometopus sp.,1
Bavarilla aff. zemmourensis,Agerina quadrata,1
Bavarilla aff. zemmourensis,Geragnostus aff. occitanus,1
Bavarilla aff. zemmourensis,Geragnostus sp.,1
Bavarilla aff. zemmourensis,Ampyx priscus,1
Bavarilla aff. zemmourensis,Ampyx cf. priscus,1
Bavarilla aff. zemmourensis,Parabathycheilus gallicus,1
Bavarilla aff. zemmourensis,Proetidae?,1
Bavarilla aff. zemmourensis,undet. Trinucleidae,1
Bavarilla aff. zemmourensis,Nileus deynouxi,1
Bavarilla aff. zemmourensis,Hospes sp.,1
Bavarilla aff. zemmourensis,Palaeosphaeronites sp.,1
Bavarilla aff. zemmourensis,Palaeosphaeronites? prokopi,1
Bavarilla aff. zemmourensis,Aristocystites cf. bohemicus (sinuous?),1
Bavarilla aff. zemmourensis,Aristocystites sp.,1
Bavarilla aff. zemmourensis,Balantiocystis regnelli,1
Bavarilla aff. zemmourensis,Balantiocystis sp.,1
Bavarilla aff. zemmourensis,Rhopalocystis sp.,1
Bavarilla aff. zemmourensis,Rhopalocystis dehirensis,1
Bavarilla aff. zemmourensis,Rhopalocystis destombesi,1
Bavarilla aff. zemmourensis,Rhopalocystis fraga,1
Bavarilla aff. zemmourensis,Rhopalocystis grandis,1
Bavarilla aff. zemmourensis,Rhopalocystis havliceki,1
Bavarilla aff. zemmourensis,Rhopalocystis lehmani,1
Bavarilla aff. zemmourensis,Rhopalocystis zagoraensis,1
Bavarilla aff. zemmourensis,Rhopalocystis sp. A,1
Bavarilla aff. zemmourensis,Rhopalocystis sp. B,1
Bavarilla aff. zemmourensis,Rhopalocystis sp. C,1
Bavarilla aff. zemmourensis,cf. Rhopalocystis,1
Bavarilla aff. zemmourensis,Lingulocystis aff. deani,1
Bavarilla aff. zemmourensis,Lingulocystis elongata,1
Bavarilla aff. zemmourensis,cf. Pareocrinus,1
Bavarilla aff. zemmourensis,Eocrinoidea indet. sp. 1,1
Bavarilla aff. zemmourensis,Eocrinoidea indet. sp. 2,1
Bavarilla aff. zemmourensis,Eocrinoidea indet.,1
Bavarilla aff. zemmourensis,Ramseyocrinus sp.,1
Bavarilla aff. zemmourensis,Crinoid 2,1
Bavarilla aff. zemmourensis,Aethocrinus cf. moorei,1
Bavarilla aff. zemmourensis,Iocrinus n. sp.,1
Bavarilla aff. zemmourensis,Cystoidea?/undet. Cystoidea,1
Bavarilla aff. zemmourensis,Argodiscus espilezorum,1
Bavarilla aff. zemmourensis,Anedriophus moroccoensis,1
Bavarilla aff. zemmourensis,Rhenopyrgid indet.,1
Bavarilla aff. zemmourensis,Ampelocarpus sp.,1
Bavarilla aff. zemmourensis,Amygdalotheca griffei,1
Bavarilla aff. zemmourensis,Anatifopsis escandei,1
Bavarilla aff. zemmourensis,Anatifopsis trapeziiformis,1
Bavarilla aff. zemmourensis,Anatifopsis sp.,1
Bavarilla aff. zemmourensis,"Anomalocystid n. gen., n. sp. ",1
Bavarilla aff. zemmourensis,Aspidocarpus sp.,1
Bavarilla aff. zemmourensis,Arauricystis? sp.,1
Bavarilla aff. zemmourensis,Balanocystites primus,1
Bavarilla aff. zemmourensis,Bohemiaecystis,1
Bavarilla aff. zemmourensis,Chauvelicystis ubaghsi,1
Bavarilla aff. zemmourensis,Chauvelicystis spinosa,1
Bavarilla aff. zemmourensis,Chauvelicystis vizcainoi,1
Bavarilla aff. zemmourensis,Chauvelicystis sp.,1
Bavarilla aff. zemmourensis,"Chauvelicystid n. gen., n. sp. 1",1
Bavarilla aff. zemmourensis,"Chauvelicystid n. gen., n. sp. 2",1
Bavarilla aff. zemmourensis,Chinianocarpos sp.,1
Bavarilla aff. zemmourensis,"Cornuta n. gen. 1, n. sp.",1
Bavarilla aff. zemmourensis,"Cornuta n. gen. 2, n. sp.",1
Bavarilla aff. zemmourensis,Flabellicarpus rushtoni,1
Bavarilla aff. zemmourensis,Galliaecystis n. sp.,1
Bavarilla aff. zemmourensis,Galliaecystis ubaghsi,1
Bavarilla aff. zemmourensis,Lagynocystis pyramidalis,1
Bavarilla aff. zemmourensis,Kirkocystidae?,1
Bavarilla aff. zemmourensis,Lyricocarpus courtessolei,1
Bavarilla aff. zemmourensis,Milonicystis sp.,1
Bavarilla aff. zemmourensis,Mitrocystitid indet. cf. Ovocarpus,1
Bavarilla aff. zemmourensis,Nanocarpus cf. dolambii,1
Bavarilla aff. zemmourensis,Phyllocystis blayaci,1
Bavarilla aff. zemmourensis,Phyllocystis sp.,1
Bavarilla aff. zemmourensis,Procothurnocystis n. sp.,1
Bavarilla aff. zemmourensis,Prokopicystis sp.,1
Bavarilla aff. zemmourensis,Thoralicystis zagoraensis,1
Bavarilla aff. zemmourensis,Vizcainocarpus sp.,1
Bavarilla aff. zemmourensis,Cothurnocystid indetl.,1
Bavarilla aff. zemmourensis,Peltocystis cornuta,1
Bavarilla aff. zemmourensis,Scotiaevystis? sp.,1
Bavarilla aff. zemmourensis,Macrocystella sp.,1
Bavarilla aff. zemmourensis,Macrocystella bohemica,1
Bavarilla aff. zemmourensis,Macrocystella cf. mariae,1
Bavarilla aff. zemmourensis,Macrocystella tasseftensis,1
Bavarilla aff. zemmourensis,undet. Ophiuroidea,1
Bavarilla aff. zemmourensis,Didymograptus cf. arcuatus,1
Bavarilla aff. zemmourensis,Didymograptus deflexus,1
Bavarilla aff. zemmourensis,Didymograptus extensus,1
Bavarilla aff. zemmourensis,Didymograptus v-fractus,1
Bavarilla aff. zemmourensis,Didymograptus intendus,1
Bavarilla aff. zemmourensis,Didymograptus pennatulus,1
Bavarilla aff. zemmourensis,Didymograptus nanus,1
Bavarilla aff. zemmourensis,Didymograptus nitidus,1
Bavarilla aff. zemmourensis,Didymograptus patulus,1
Bavarilla aff. zemmourensis,Didymograptus sparsus,1
Bavarilla aff. zemmourensis,"""Didymograptus sp. 1""",1
Bavarilla aff. zemmourensis,Didymograptus sp.,1
Bavarilla aff. zemmourensis,Didymograptid indet.,1
Bavarilla aff. zemmourensis,Koremagraptus sp.,1
Bavarilla aff. zemmourensis,Dictyonema sp.,1
Bavarilla aff. zemmourensis,Tuboid,1
Bavarilla aff. zemmourensis,?Cymatograptus protobalticus,1
Bavarilla aff. zemmourensis,Webbyites felix,1
Bavarilla aff. zemmourensis,Rhabdopleura-like epibiont,1
Bavarilla aff. zemmourensis,Hyolithes sp.,1
Bavarilla zemmourensis,Benthic detritus,1
Bavarilla zemmourensis,Ranorthis fasciata,1
Bavarilla zemmourensis,Acrothele sp.,1
Bavarilla zemmourensis,Plectorthis simplex,1
Bavarilla zemmourensis,Angusticardinia sp.,1
Bavarilla zemmourensis,Lingula salteri,1
Bavarilla zemmourensis,Orbithele vana,1
Bavarilla zemmourensis,Paurorthis tadristensis,1
Bavarilla zemmourensis,Tarfaya marocana,1
Bavarilla zemmourensis,Wosekella sp.,1
Bavarilla zemmourensis,Monobolina sp.,1
Bavarilla zemmourensis,Elliptoglossa sp.,1
Bavarilla zemmourensis,Celdobolus sp.,1
Bavarilla zemmourensis,Discinoidea?,1
Bavarilla zemmourensis,undet. Dalmanelloidea,1
Bavarilla zemmourensis,Bryozoan,1
Bavarilla zemmourensis,Ctenodonta escosurae,1
Bavarilla zemmourensis,Redonia michelae,1
Bavarilla zemmourensis,Coxiconchia guiraudi,1
Bavarilla zemmourensis,Alococoncha?,1
Bavarilla zemmourensis,Cardiolaria? sp.,1
Bavarilla zemmourensis,Cienagomya? sp.,1
Bavarilla zemmourensis,Ekaterodonta courtessolei,1
Bavarilla zemmourensis,Glyptarca sp.,1
Bavarilla zemmourensis,Lesueurilla prima,1
Bavarilla zemmourensis,undet. Monoplacophora,1
Bavarilla zemmourensis,Carcassonnella courtessolei,1
Bavarilla zemmourensis,Carcassonnella vizcainoi,1
Bavarilla zemmourensis,Carcassonnella sp.,1
Bavarilla zemmourensis,Wiwaxiid,1
Bavarilla zemmourensis,Helcionelloid,1
Bavarilla zemmourensis,Priapulid,2
Bavarilla zemmourensis,Large taxon with spinose limbs,1
Bavarilla zemmourensis,Small taxon with spinose limbs,1
Bavarilla zemmourensis,Armoured lobopodian 1,1
Bavarilla zemmourensis,Armoured lobopodian 2,1
Bavarilla zemmourensis,Armoured lobopodian 3,1
Bavarilla zemmourensis,Diania-like lobopodian,1
Bavarilla zemmourensis,Enosiaspis hrungnir,1
Bavarilla zemmourensis, 'Synziphosurine'/Synziphosurina?,1
Bavarilla zemmourensis,Possible pycnogonid,1
Bavarilla zemmourensis,Possible retifaciid,1
Bavarilla zemmourensis,Tariccoia tazagurtensis,1
Bavarilla zemmourensis,Ostracod,1
Bavarilla zemmourensis,undet. Dikelocephalidae,1
Bavarilla zemmourensis,undet. Illaenacea,1
Bavarilla zemmourensis,Orometopus sp.,1
Bavarilla zemmourensis,Agerina quadrata,1
Bavarilla zemmourensis,Geragnostus aff. occitanus,1
Bavarilla zemmourensis,Geragnostus sp.,1
Bavarilla zemmourensis,Ampyx priscus,1
Bavarilla zemmourensis,Ampyx cf. priscus,1
Bavarilla zemmourensis,Parabathycheilus gallicus,1
Bavarilla zemmourensis,Proetidae?,1
Bavarilla zemmourensis,undet. Trinucleidae,1
Bavarilla zemmourensis,Nileus deynouxi,1
Bavarilla zemmourensis,Hospes sp.,1
Bavarilla zemmourensis,Palaeosphaeronites sp.,1
Bavarilla zemmourensis,Palaeosphaeronites? prokopi,1
Bavarilla zemmourensis,Aristocystites cf. bohemicus (sinuous?),1
Bavarilla zemmourensis,Aristocystites sp.,1
Bavarilla zemmourensis,Balantiocystis regnelli,1
Bavarilla zemmourensis,Balantiocystis sp.,1
Bavarilla zemmourensis,Rhopalocystis sp.,1
Bavarilla zemmourensis,Rhopalocystis dehirensis,1
Bavarilla zemmourensis,Rhopalocystis destombesi,1
Bavarilla zemmourensis,Rhopalocystis fraga,1
Bavarilla zemmourensis,Rhopalocystis grandis,1
Bavarilla zemmourensis,Rhopalocystis havliceki,1
Bavarilla zemmourensis,Rhopalocystis lehmani,1
Bavarilla zemmourensis,Rhopalocystis zagoraensis,1
Bavarilla zemmourensis,Rhopalocystis sp. A,1
Bavarilla zemmourensis,Rhopalocystis sp. B,1
Bavarilla zemmourensis,Rhopalocystis sp. C,1
Bavarilla zemmourensis,cf. Rhopalocystis,1
Bavarilla zemmourensis,Lingulocystis aff. deani,1
Bavarilla zemmourensis,Lingulocystis elongata,1
Bavarilla zemmourensis,cf. Pareocrinus,1
Bavarilla zemmourensis,Eocrinoidea indet. sp. 1,1
Bavarilla zemmourensis,Eocrinoidea indet. sp. 2,1
Bavarilla zemmourensis,Eocrinoidea indet.,1
Bavarilla zemmourensis,Ramseyocrinus sp.,1
Bavarilla zemmourensis,Crinoid 2,1
Bavarilla zemmourensis,Aethocrinus cf. moorei,1
Bavarilla zemmourensis,Iocrinus n. sp.,1
Bavarilla zemmourensis,Cystoidea?/undet. Cystoidea,1
Bavarilla zemmourensis,Argodiscus espilezorum,1
Bavarilla zemmourensis,Anedriophus moroccoensis,1
Bavarilla zemmourensis,Rhenopyrgid indet.,1
Bavarilla zemmourensis,Ampelocarpus sp.,1
Bavarilla zemmourensis,Amygdalotheca griffei,1
Bavarilla zemmourensis,Anatifopsis escandei,1
Bavarilla zemmourensis,Anatifopsis trapeziiformis,1
Bavarilla zemmourensis,Anatifopsis sp.,1
Bavarilla zemmourensis,"Anomalocystid n. gen., n. sp. ",1
Bavarilla zemmourensis,Aspidocarpus sp.,1
Bavarilla zemmourensis,Arauricystis? sp.,1
Bavarilla zemmourensis,Balanocystites primus,1
Bavarilla zemmourensis,Bohemiaecystis,1
Bavarilla zemmourensis,Chauvelicystis ubaghsi,1
Bavarilla zemmourensis,Chauvelicystis spinosa,1
Bavarilla zemmourensis,Chauvelicystis vizcainoi,1
Bavarilla zemmourensis,Chauvelicystis sp.,1
Bavarilla zemmourensis,"Chauvelicystid n. gen., n. sp. 1",1
Bavarilla zemmourensis,"Chauvelicystid n. gen., n. sp. 2",1
Bavarilla zemmourensis,Chinianocarpos sp.,1
Bavarilla zemmourensis,"Cornuta n. gen. 1, n. sp.",1
Bavarilla zemmourensis,"Cornuta n. gen. 2, n. sp.",1
Bavarilla zemmourensis,Flabellicarpus rushtoni,1
Bavarilla zemmourensis,Galliaecystis n. sp.,1
Bavarilla zemmourensis,Galliaecystis ubaghsi,1
Bavarilla zemmourensis,Lagynocystis pyramidalis,1
Bavarilla zemmourensis,Kirkocystidae?,1
Bavarilla zemmourensis,Lyricocarpus courtessolei,1
Bavarilla zemmourensis,Milonicystis sp.,1
Bavarilla zemmourensis,Mitrocystitid indet. cf. Ovocarpus,1
Bavarilla zemmourensis,Nanocarpus cf. dolambii,1
Bavarilla zemmourensis,Phyllocystis blayaci,1
Bavarilla zemmourensis,Phyllocystis sp.,1
Bavarilla zemmourensis,Procothurnocystis n. sp.,1
Bavarilla zemmourensis,Prokopicystis sp.,1
Bavarilla zemmourensis,Thoralicystis zagoraensis,1
Bavarilla zemmourensis,Vizcainocarpus sp.,1
Bavarilla zemmourensis,Cothurnocystid indetl.,1
Bavarilla zemmourensis,Peltocystis cornuta,1
Bavarilla zemmourensis,Scotiaevystis? sp.,1
Bavarilla zemmourensis,Macrocystella sp.,1
Bavarilla zemmourensis,Macrocystella bohemica,1
Bavarilla zemmourensis,Macrocystella cf. mariae,1
Bavarilla zemmourensis,Macrocystella tasseftensis,1
Bavarilla zemmourensis,undet. Ophiuroidea,1
Bavarilla zemmourensis,Didymograptus cf. arcuatus,1
Bavarilla zemmourensis,Didymograptus deflexus,1
Bavarilla zemmourensis,Didymograptus extensus,1
Bavarilla zemmourensis,Didymograptus v-fractus,1
Bavarilla zemmourensis,Didymograptus intendus,1
Bavarilla zemmourensis,Didymograptus pennatulus,1
Bavarilla zemmourensis,Didymograptus nanus,1
Bavarilla zemmourensis,Didymograptus nitidus,1
Bavarilla zemmourensis,Didymograptus patulus,1
Bavarilla zemmourensis,Didymograptus sparsus,1
Bavarilla zemmourensis,"""Didymograptus sp. 1""",1
Bavarilla zemmourensis,Didymograptus sp.,1
Bavarilla zemmourensis,Didymograptid indet.,1
Bavarilla zemmourensis,Koremagraptus sp.,1
Bavarilla zemmourensis,Dictyonema sp.,1
Bavarilla zemmourensis,Tuboid,1
Bavarilla zemmourensis,?Cymatograptus protobalticus,1
Bavarilla zemmourensis,Webbyites felix,1
Bavarilla zemmourensis,Rhabdopleura-like epibiont,1
Bavarilla zemmourensis,Hyolithes sp.,1
Bavarilla sp.,Benthic detritus,1
Bavarilla sp.,Ranorthis fasciata,1
Bavarilla sp.,Acrothele sp.,1
Bavarilla sp.,Plectorthis simplex,1
Bavarilla sp.,Angusticardinia sp.,1
Bavarilla sp.,Lingula salteri,1
Bavarilla sp.,Orbithele vana,1
Bavarilla sp.,Paurorthis tadristensis,1
Bavarilla sp.,Tarfaya marocana,1
Bavarilla sp.,Wosekella sp.,1
Bavarilla sp.,Monobolina sp.,1
Bavarilla sp.,Elliptoglossa sp.,1
Bavarilla sp.,Celdobolus sp.,1
Bavarilla sp.,Discinoidea?,1
Bavarilla sp.,undet. Dalmanelloidea,1
Bavarilla sp.,Bryozoan,1
Bavarilla sp.,Ctenodonta escosurae,1
Bavarilla sp.,Redonia michelae,1
Bavarilla sp.,Coxiconchia guiraudi,1
Bavarilla sp.,Alococoncha?,1
Bavarilla sp.,Cardiolaria? sp.,1
Bavarilla sp.,Cienagomya? sp.,1
Bavarilla sp.,Ekaterodonta courtessolei,1
Bavarilla sp.,Glyptarca sp.,1
Bavarilla sp.,Lesueurilla prima,1
Bavarilla sp.,undet. Monoplacophora,1
Bavarilla sp.,Carcassonnella courtessolei,1
Bavarilla sp.,Carcassonnella vizcainoi,1
Bavarilla sp.,Carcassonnella sp.,1
Bavarilla sp.,Wiwaxiid,1
Bavarilla sp.,Helcionelloid,1
Bavarilla sp.,Priapulid,2
Bavarilla sp.,Large taxon with spinose limbs,1
Bavarilla sp.,Small taxon with spinose limbs,1
Bavarilla sp.,Armoured lobopodian 1,1
Bavarilla sp.,Armoured lobopodian 2,1
Bavarilla sp.,Armoured lobopodian 3,1
Bavarilla sp.,Diania-like lobopodian,1
Bavarilla sp.,Enosiaspis hrungnir,1
Bavarilla sp., 'Synziphosurine'/Synziphosurina?,1
Bavarilla sp.,Possible pycnogonid,1
Bavarilla sp.,Possible retifaciid,1
Bavarilla sp.,Tariccoia tazagurtensis,1
Bavarilla sp.,Ostracod,1
Bavarilla sp.,undet. Dikelocephalidae,1
Bavarilla sp.,undet. Illaenacea,1
Bavarilla sp.,Orometopus sp.,1
Bavarilla sp.,Agerina quadrata,1
Bavarilla sp.,Geragnostus aff. occitanus,1
Bavarilla sp.,Geragnostus sp.,1
Bavarilla sp.,Ampyx priscus,1
Bavarilla sp.,Ampyx cf. priscus,1
Bavarilla sp.,Parabathycheilus gallicus,1
Bavarilla sp.,Proetidae?,1
Bavarilla sp.,undet. Trinucleidae,1
Bavarilla sp.,Nileus deynouxi,1
Bavarilla sp.,Hospes sp.,1
Bavarilla sp.,Palaeosphaeronites sp.,1
Bavarilla sp.,Palaeosphaeronites? prokopi,1
Bavarilla sp.,Aristocystites cf. bohemicus (sinuous?),1
Bavarilla sp.,Aristocystites sp.,1
Bavarilla sp.,Balantiocystis regnelli,1
Bavarilla sp.,Balantiocystis sp.,1
Bavarilla sp.,Rhopalocystis sp.,1
Bavarilla sp.,Rhopalocystis dehirensis,1
Bavarilla sp.,Rhopalocystis destombesi,1
Bavarilla sp.,Rhopalocystis fraga,1
Bavarilla sp.,Rhopalocystis grandis,1
Bavarilla sp.,Rhopalocystis havliceki,1
Bavarilla sp.,Rhopalocystis lehmani,1
Bavarilla sp.,Rhopalocystis zagoraensis,1
Bavarilla sp.,Rhopalocystis sp. A,1
Bavarilla sp.,Rhopalocystis sp. B,1
Bavarilla sp.,Rhopalocystis sp. C,1
Bavarilla sp.,cf. Rhopalocystis,1
Bavarilla sp.,Lingulocystis aff. deani,1
Bavarilla sp.,Lingulocystis elongata,1
Bavarilla sp.,cf. Pareocrinus,1
Bavarilla sp.,Eocrinoidea indet. sp. 1,1
Bavarilla sp.,Eocrinoidea indet. sp. 2,1
Bavarilla sp.,Eocrinoidea indet.,1
Bavarilla sp.,Ramseyocrinus sp.,1
Bavarilla sp.,Crinoid 2,1
Bavarilla sp.,Aethocrinus cf. moorei,1
Bavarilla sp.,Iocrinus n. sp.,1
Bavarilla sp.,Cystoidea?/undet. Cystoidea,1
Bavarilla sp.,Argodiscus espilezorum,1
Bavarilla sp.,Anedriophus moroccoensis,1
Bavarilla sp.,Rhenopyrgid indet.,1
Bavarilla sp.,Ampelocarpus sp.,1
Bavarilla sp.,Amygdalotheca griffei,1
Bavarilla sp.,Anatifopsis escandei,1
Bavarilla sp.,Anatifopsis trapeziiformis,1
Bavarilla sp.,Anatifopsis sp.,1
Bavarilla sp.,"Anomalocystid n. gen., n. sp. ",1
Bavarilla sp.,Aspidocarpus sp.,1
Bavarilla sp.,Arauricystis? sp.,1
Bavarilla sp.,Balanocystites primus,1
Bavarilla sp.,Bohemiaecystis,1
Bavarilla sp.,Chauvelicystis ubaghsi,1
Bavarilla sp.,Chauvelicystis spinosa,1
Bavarilla sp.,Chauvelicystis vizcainoi,1
Bavarilla sp.,Chauvelicystis sp.,1
Bavarilla sp.,"Chauvelicystid n. gen., n. sp. 1",1
Bavarilla sp.,"Chauvelicystid n. gen., n. sp. 2",1
Bavarilla sp.,Chinianocarpos sp.,1
Bavarilla sp.,"Cornuta n. gen. 1, n. sp.",1
Bavarilla sp.,"Cornuta n. gen. 2, n. sp.",1
Bavarilla sp.,Flabellicarpus rushtoni,1
Bavarilla sp.,Galliaecystis n. sp.,1
Bavarilla sp.,Galliaecystis ubaghsi,1
Bavarilla sp.,Lagynocystis pyramidalis,1
Bavarilla sp.,Kirkocystidae?,1
Bavarilla sp.,Lyricocarpus courtessolei,1
Bavarilla sp.,Milonicystis sp.,1
Bavarilla sp.,Mitrocystitid indet. cf. Ovocarpus,1
Bavarilla sp.,Nanocarpus cf. dolambii,1
Bavarilla sp.,Phyllocystis blayaci,1
Bavarilla sp.,Phyllocystis sp.,1
Bavarilla sp.,Procothurnocystis n. sp.,1
Bavarilla sp.,Prokopicystis sp.,1
Bavarilla sp.,Thoralicystis zagoraensis,1
Bavarilla sp.,Vizcainocarpus sp.,1
Bavarilla sp.,Cothurnocystid indetl.,1
Bavarilla sp.,Peltocystis cornuta,1
Bavarilla sp.,Scotiaevystis? sp.,1
Bavarilla sp.,Macrocystella sp.,1
Bavarilla sp.,Macrocystella bohemica,1
Bavarilla sp.,Macrocystella cf. mariae,1
Bavarilla sp.,Macrocystella tasseftensis,1
Bavarilla sp.,undet. Ophiuroidea,1
Bavarilla sp.,Didymograptus cf. arcuatus,1
Bavarilla sp.,Didymograptus deflexus,1
Bavarilla sp.,Didymograptus extensus,1
Bavarilla sp.,Didymograptus v-fractus,1
Bavarilla sp.,Didymograptus intendus,1
Bavarilla sp.,Didymograptus pennatulus,1
Bavarilla sp.,Didymograptus nanus,1
Bavarilla sp.,Didymograptus nitidus,1
Bavarilla sp.,Didymograptus patulus,1
Bavarilla sp.,Didymograptus sparsus,1
Bavarilla sp.,"""Didymograptus sp. 1""",1
Bavarilla sp.,Didymograptus sp.,1
Bavarilla sp.,Didymograptid indet.,1
Bavarilla sp.,Koremagraptus sp.,1
Bavarilla sp.,Dictyonema sp.,1
Bavarilla sp.,Tuboid,1
Bavarilla sp.,?Cymatograptus protobalticus,1
Bavarilla sp.,Webbyites felix,1
Bavarilla sp.,Rhabdopleura-like epibiont,1
Bavarilla sp.,Hyolithes sp.,1
Colpocoryphe thorali,Benthic detritus,1
Colpocoryphe thorali,Acrothele sp.,1
Colpocoryphe thorali,Plectorthis simplex,1
Colpocoryphe thorali,Angusticardinia sp.,1
Colpocoryphe thorali,Lingula salteri,1
Colpocoryphe thorali,Orbithele vana,1
Colpocoryphe thorali,Paurorthis tadristensis,1
Colpocoryphe thorali,Tarfaya marocana,1
Colpocoryphe thorali,Monobolina sp.,1
Colpocoryphe thorali,Elliptoglossa sp.,1
Colpocoryphe thorali,Celdobolus sp.,1
Colpocoryphe thorali,Discinoidea?,1
Colpocoryphe thorali,undet. Dalmanelloidea,1
Colpocoryphe thorali,Bryozoan,1
Colpocoryphe thorali,Redonia michelae,1
Colpocoryphe thorali,Coxiconchia guiraudi,1
Colpocoryphe thorali,Alococoncha?,1
Colpocoryphe thorali,Cienagomya? sp.,1
Colpocoryphe thorali,Ekaterodonta courtessolei,1
Colpocoryphe thorali,Lesueurilla prima,1
Colpocoryphe thorali,undet. Monoplacophora,1
Colpocoryphe thorali,Carcassonnella courtessolei,1
Colpocoryphe thorali,Carcassonnella vizcainoi,1
Colpocoryphe thorali,Carcassonnella sp.,1
Colpocoryphe thorali,Wiwaxiid,1
Colpocoryphe thorali,Helcionelloid,1
Colpocoryphe thorali,Priapulid,2
Colpocoryphe thorali,Enosiaspis hrungnir,1
Colpocoryphe thorali, 'Synziphosurine'/Synziphosurina?,1
Colpocoryphe thorali,Possible pycnogonid,1
Colpocoryphe thorali,Possible retifaciid,1
Colpocoryphe thorali,Tariccoia tazagurtensis,1
Colpocoryphe thorali,Ostracod,1
Colpocoryphe thorali,undet. Dikelocephalidae,1
Colpocoryphe thorali,undet. Illaenacea,1
Colpocoryphe thorali,Parabathycheilus gallicus,1
Colpocoryphe thorali,Proetidae?,1
Colpocoryphe thorali,undet. Trinucleidae,1
Colpocoryphe thorali,Palaeosphaeronites sp.,1
Colpocoryphe thorali,Palaeosphaeronites? prokopi,1
Colpocoryphe thorali,Aristocystites cf. bohemicus (sinuous?),1
Colpocoryphe thorali,Aristocystites sp.,1
Colpocoryphe thorali,Balantiocystis regnelli,1
Colpocoryphe thorali,Balantiocystis sp.,1
Colpocoryphe thorali,Rhopalocystis sp.,1
Colpocoryphe thorali,Rhopalocystis dehirensis,1
Colpocoryphe thorali,Rhopalocystis destombesi,1
Colpocoryphe thorali,Rhopalocystis fraga,1
Colpocoryphe thorali,Rhopalocystis grandis,1
Colpocoryphe thorali,Rhopalocystis havliceki,1
Colpocoryphe thorali,Rhopalocystis lehmani,1
Colpocoryphe thorali,Rhopalocystis zagoraensis,1
Colpocoryphe thorali,Rhopalocystis sp. A,1
Colpocoryphe thorali,Rhopalocystis sp. B,1
Colpocoryphe thorali,Rhopalocystis sp. C,1
Colpocoryphe thorali,cf. Rhopalocystis,1
Colpocoryphe thorali,Lingulocystis aff. deani,1
Colpocoryphe thorali,Lingulocystis elongata,1
Colpocoryphe thorali,cf. Pareocrinus,1
Colpocoryphe thorali,Eocrinoidea indet. sp. 1,1
Colpocoryphe thorali,Eocrinoidea indet. sp. 2,1
Colpocoryphe thorali,Eocrinoidea indet.,1
Colpocoryphe thorali,Ramseyocrinus sp.,1
Colpocoryphe thorali,Crinoid 2,1
Colpocoryphe thorali,Aethocrinus cf. moorei,1
Colpocoryphe thorali,Iocrinus n. sp.,1
Colpocoryphe thorali,Argodiscus espilezorum,1
Colpocoryphe thorali,Anedriophus moroccoensis,1
Colpocoryphe thorali,Rhenopyrgid indet.,1
Colpocoryphe thorali,Ampelocarpus sp.,1
Colpocoryphe thorali,Amygdalotheca griffei,1
Colpocoryphe thorali,Anatifopsis escandei,1
Colpocoryphe thorali,Anatifopsis trapeziiformis,1
Colpocoryphe thorali,Anatifopsis sp.,1
Colpocoryphe thorali,"Anomalocystid n. gen., n. sp. ",1
Colpocoryphe thorali,Aspidocarpus sp.,1
Colpocoryphe thorali,Balanocystites primus,1
Colpocoryphe thorali,Bohemiaecystis,1
Colpocoryphe thorali,Chauvelicystis ubaghsi,1
Colpocoryphe thorali,Chauvelicystis spinosa,1
Colpocoryphe thorali,Chauvelicystis vizcainoi,1
Colpocoryphe thorali,Chauvelicystis sp.,1
Colpocoryphe thorali,"Chauvelicystid n. gen., n. sp. 1",1
Colpocoryphe thorali,"Chauvelicystid n. gen., n. sp. 2",1
Colpocoryphe thorali,Chinianocarpos sp.,1
Colpocoryphe thorali,"Cornuta n. gen. 1, n. sp.",1
Colpocoryphe thorali,"Cornuta n. gen. 2, n. sp.",1
Colpocoryphe thorali,Flabellicarpus rushtoni,1
Colpocoryphe thorali,Galliaecystis n. sp.,1
Colpocoryphe thorali,Galliaecystis ubaghsi,1
Colpocoryphe thorali,Lagynocystis pyramidalis,1
Colpocoryphe thorali,Kirkocystidae?,1
Colpocoryphe thorali,Lyricocarpus courtessolei,1
Colpocoryphe thorali,Milonicystis sp.,1
Colpocoryphe thorali,Mitrocystitid indet. cf. Ovocarpus,1
Colpocoryphe thorali,Nanocarpus cf. dolambii,1
Colpocoryphe thorali,Phyllocystis blayaci,1
Colpocoryphe thorali,Procothurnocystis n. sp.,1
Colpocoryphe thorali,Prokopicystis sp.,1
Colpocoryphe thorali,Thoralicystis zagoraensis,1
Colpocoryphe thorali,Vizcainocarpus sp.,1
Colpocoryphe thorali,Peltocystis cornuta,1
Colpocoryphe thorali,Macrocystella sp.,1
Colpocoryphe thorali,Macrocystella bohemica,1
Colpocoryphe thorali,Macrocystella cf. mariae,1
Colpocoryphe thorali,Macrocystella tasseftensis,1
Colpocoryphe thorali,undet. Ophiuroidea,1
Colpocoryphe thorali,Didymograptus cf. arcuatus,1
Colpocoryphe thorali,Didymograptus deflexus,1
Colpocoryphe thorali,Didymograptus extensus,1
Colpocoryphe thorali,Didymograptus v-fractus,1
Colpocoryphe thorali,Didymograptus intendus,1
Colpocoryphe thorali,Didymograptus pennatulus,1
Colpocoryphe thorali,Didymograptus nanus,1
Colpocoryphe thorali,Didymograptus nitidus,1
Colpocoryphe thorali,Didymograptus patulus,1
Colpocoryphe thorali,Didymograptus sparsus,1
Colpocoryphe thorali,"""Didymograptus sp. 1""",1
Colpocoryphe thorali,Didymograptus sp.,1
Colpocoryphe thorali,Didymograptid indet.,1
Colpocoryphe thorali,Koremagraptus sp.,1
Colpocoryphe thorali,Dictyonema sp.,1
Colpocoryphe thorali,Tuboid,1
Colpocoryphe thorali,?Cymatograptus protobalticus,1
Colpocoryphe thorali,Webbyites felix,1
Colpocoryphe thorali,Rhabdopleura-like epibiont,1
Colpocoryphe pradesensis,Benthic detritus,1
Colpocoryphe pradesensis,Acrothele sp.,1
Colpocoryphe pradesensis,Plectorthis simplex,1
Colpocoryphe pradesensis,Angusticardinia sp.,1
Colpocoryphe pradesensis,Lingula salteri,1
Colpocoryphe pradesensis,Orbithele vana,1
Colpocoryphe pradesensis,Paurorthis tadristensis,1
Colpocoryphe pradesensis,Tarfaya marocana,1
Colpocoryphe pradesensis,Monobolina sp.,1
Colpocoryphe pradesensis,Elliptoglossa sp.,1
Colpocoryphe pradesensis,Celdobolus sp.,1
Colpocoryphe pradesensis,Discinoidea?,1
Colpocoryphe pradesensis,undet. Dalmanelloidea,1
Colpocoryphe pradesensis,Bryozoan,1
Colpocoryphe pradesensis,Redonia michelae,1
Colpocoryphe pradesensis,Coxiconchia guiraudi,1
Colpocoryphe pradesensis,Alococoncha?,1
Colpocoryphe pradesensis,Cienagomya? sp.,1
Colpocoryphe pradesensis,Ekaterodonta courtessolei,1
Colpocoryphe pradesensis,Lesueurilla prima,1
Colpocoryphe pradesensis,undet. Monoplacophora,1
Colpocoryphe pradesensis,Carcassonnella courtessolei,1
Colpocoryphe pradesensis,Carcassonnella vizcainoi,1
Colpocoryphe pradesensis,Carcassonnella sp.,1
Colpocoryphe pradesensis,Wiwaxiid,1
Colpocoryphe pradesensis,Helcionelloid,1
Colpocoryphe pradesensis,Priapulid,2
Colpocoryphe pradesensis,Enosiaspis hrungnir,1
Colpocoryphe pradesensis, 'Synziphosurine'/Synziphosurina?,1
Colpocoryphe pradesensis,Possible pycnogonid,1
Colpocoryphe pradesensis,Possible retifaciid,1
Colpocoryphe pradesensis,Tariccoia tazagurtensis,1
Colpocoryphe pradesensis,Ostracod,1
Colpocoryphe pradesensis,undet. Dikelocephalidae,1
Colpocoryphe pradesensis,undet. Illaenacea,1
Colpocoryphe pradesensis,Parabathycheilus gallicus,1
Colpocoryphe pradesensis,Proetidae?,1
Colpocoryphe pradesensis,undet. Trinucleidae,1
Colpocoryphe pradesensis,Palaeosphaeronites sp.,1
Colpocoryphe pradesensis,Palaeosphaeronites? prokopi,1
Colpocoryphe pradesensis,Aristocystites cf. bohemicus (sinuous?),1
Colpocoryphe pradesensis,Aristocystites sp.,1
Colpocoryphe pradesensis,Balantiocystis regnelli,1
Colpocoryphe pradesensis,Balantiocystis sp.,1
Colpocoryphe pradesensis,Rhopalocystis sp.,1
Colpocoryphe pradesensis,Rhopalocystis dehirensis,1
Colpocoryphe pradesensis,Rhopalocystis destombesi,1
Colpocoryphe pradesensis,Rhopalocystis fraga,1
Colpocoryphe pradesensis,Rhopalocystis grandis,1
Colpocoryphe pradesensis,Rhopalocystis havliceki,1
Colpocoryphe pradesensis,Rhopalocystis lehmani,1
Colpocoryphe pradesensis,Rhopalocystis zagoraensis,1
Colpocoryphe pradesensis,Rhopalocystis sp. A,1
Colpocoryphe pradesensis,Rhopalocystis sp. B,1
Colpocoryphe pradesensis,Rhopalocystis sp. C,1
Colpocoryphe pradesensis,cf. Rhopalocystis,1
Colpocoryphe pradesensis,Lingulocystis aff. deani,1
Colpocoryphe pradesensis,Lingulocystis elongata,1
Colpocoryphe pradesensis,cf. Pareocrinus,1
Colpocoryphe pradesensis,Eocrinoidea indet. sp. 1,1
Colpocoryphe pradesensis,Eocrinoidea indet. sp. 2,1
Colpocoryphe pradesensis,Eocrinoidea indet.,1
Colpocoryphe pradesensis,Ramseyocrinus sp.,1
Colpocoryphe pradesensis,Crinoid 2,1
Colpocoryphe pradesensis,Aethocrinus cf. moorei,1
Colpocoryphe pradesensis,Iocrinus n. sp.,1
Colpocoryphe pradesensis,Argodiscus espilezorum,1
Colpocoryphe pradesensis,Anedriophus moroccoensis,1
Colpocoryphe pradesensis,Rhenopyrgid indet.,1
Colpocoryphe pradesensis,Ampelocarpus sp.,1
Colpocoryphe pradesensis,Amygdalotheca griffei,1
Colpocoryphe pradesensis,Anatifopsis escandei,1
Colpocoryphe pradesensis,Anatifopsis trapeziiformis,1
Colpocoryphe pradesensis,Anatifopsis sp.,1
Colpocoryphe pradesensis,"Anomalocystid n. gen., n. sp. ",1
Colpocoryphe pradesensis,Aspidocarpus sp.,1
Colpocoryphe pradesensis,Balanocystites primus,1
Colpocoryphe pradesensis,Bohemiaecystis,1
Colpocoryphe pradesensis,Chauvelicystis ubaghsi,1
Colpocoryphe pradesensis,Chauvelicystis spinosa,1
Colpocoryphe pradesensis,Chauvelicystis vizcainoi,1
Colpocoryphe pradesensis,Chauvelicystis sp.,1
Colpocoryphe pradesensis,"Chauvelicystid n. gen., n. sp. 1",1
Colpocoryphe pradesensis,"Chauvelicystid n. gen., n. sp. 2",1
Colpocoryphe pradesensis,Chinianocarpos sp.,1
Colpocoryphe pradesensis,"Cornuta n. gen. 1, n. sp.",1
Colpocoryphe pradesensis,"Cornuta n. gen. 2, n. sp.",1
Colpocoryphe pradesensis,Flabellicarpus rushtoni,1
Colpocoryphe pradesensis,Galliaecystis n. sp.,1
Colpocoryphe pradesensis,Galliaecystis ubaghsi,1
Colpocoryphe pradesensis,Lagynocystis pyramidalis,1
Colpocoryphe pradesensis,Kirkocystidae?,1
Colpocoryphe pradesensis,Lyricocarpus courtessolei,1
Colpocoryphe pradesensis,Milonicystis sp.,1
Colpocoryphe pradesensis,Mitrocystitid indet. cf. Ovocarpus,1
Colpocoryphe pradesensis,Nanocarpus cf. dolambii,1
Colpocoryphe pradesensis,Phyllocystis blayaci,1
Colpocoryphe pradesensis,Procothurnocystis n. sp.,1
Colpocoryphe pradesensis,Prokopicystis sp.,1
Colpocoryphe pradesensis,Thoralicystis zagoraensis,1
Colpocoryphe pradesensis,Vizcainocarpus sp.,1
Colpocoryphe pradesensis,Peltocystis cornuta,1
Colpocoryphe pradesensis,Macrocystella sp.,1
Colpocoryphe pradesensis,Macrocystella bohemica,1
Colpocoryphe pradesensis,Macrocystella cf. mariae,1
Colpocoryphe pradesensis,Macrocystella tasseftensis,1
Colpocoryphe pradesensis,undet. Ophiuroidea,1
Colpocoryphe pradesensis,Didymograptus cf. arcuatus,1
Colpocoryphe pradesensis,Didymograptus deflexus,1
Colpocoryphe pradesensis,Didymograptus extensus,1
Colpocoryphe pradesensis,Didymograptus v-fractus,1
Colpocoryphe pradesensis,Didymograptus intendus,1
Colpocoryphe pradesensis,Didymograptus pennatulus,1
Colpocoryphe pradesensis,Didymograptus nanus,1
Colpocoryphe pradesensis,Didymograptus nitidus,1
Colpocoryphe pradesensis,Didymograptus patulus,1
Colpocoryphe pradesensis,Didymograptus sparsus,1
Colpocoryphe pradesensis,"""Didymograptus sp. 1""",1
Colpocoryphe pradesensis,Didymograptus sp.,1
Colpocoryphe pradesensis,Didymograptid indet.,1
Colpocoryphe pradesensis,Koremagraptus sp.,1
Colpocoryphe pradesensis,Dictyonema sp.,1
Colpocoryphe pradesensis,Tuboid,1
Colpocoryphe pradesensis,?Cymatograptus protobalticus,1
Colpocoryphe pradesensis,Webbyites felix,1
Colpocoryphe pradesensis,Rhabdopleura-like epibiont,1
Colpocoryphe sp.,Benthic detritus,1
Colpocoryphe sp.,Ranorthis fasciata,1
Colpocoryphe sp.,undet. Athyridida,1
Colpocoryphe sp.,Acrothele sp.,1
Colpocoryphe sp.,Plectorthis simplex,1
Colpocoryphe sp.,Angusticardinia sp.,1
Colpocoryphe sp.,Lingula salteri,1
Colpocoryphe sp.,Orbithele vana,1
Colpocoryphe sp.,Paurorthis tadristensis,1
Colpocoryphe sp.,Tarfaya marocana,1
Colpocoryphe sp.,Wosekella sp.,1
Colpocoryphe sp.,Monobolina sp.,1
Colpocoryphe sp.,Elliptoglossa sp.,1
Colpocoryphe sp.,Celdobolus sp.,1
Colpocoryphe sp.,Discinoidea?,1
Colpocoryphe sp.,undet. Dalmanelloidea,1
Colpocoryphe sp.,Bryozoan,1
Colpocoryphe sp.,Ctenodonta escosurae,1
Colpocoryphe sp.,Praenucula sp.,1
Colpocoryphe sp.,Redonia michelae,1
Colpocoryphe sp.,Coxiconchia guiraudi,1
Colpocoryphe sp.,Alococoncha?,1
Colpocoryphe sp.,Cardiolaria? sp.,1
Colpocoryphe sp.,Cienagomya? sp.,1
Colpocoryphe sp.,Ekaterodonta courtessolei,1
Colpocoryphe sp.,Glyptarca sp.,1
Colpocoryphe sp.,Sinuites sp.,1
Colpocoryphe sp.,Lesueurilla prima,1
Colpocoryphe sp.,undet. Platyceratoidea,1
Colpocoryphe sp.,undet. Monoplacophora,1
Colpocoryphe sp.,Carcassonnella courtessolei,1
Colpocoryphe sp.,Carcassonnella vizcainoi,1
Colpocoryphe sp.,Carcassonnella sp.,1
Colpocoryphe sp.,Ribeiria sp.,1
Colpocoryphe sp.,Wiwaxiid,1
Colpocoryphe sp.,Helcionelloid,1
Colpocoryphe sp.,Possible phyllodocid,2
Colpocoryphe sp.,Priapulid,2
Colpocoryphe sp.,Large taxon with spinose limbs,1
Colpocoryphe sp.,Small taxon with spinose limbs,1
Colpocoryphe sp.,Armoured lobopodian 1,1
Colpocoryphe sp.,Armoured lobopodian 2,1
Colpocoryphe sp.,Armoured lobopodian 3,1
Colpocoryphe sp.,Diania-like lobopodian,1
Colpocoryphe sp.,Furca sp. 1,1
Colpocoryphe sp.,Furca sp. 2,1
Colpocoryphe sp.,Furca sp. 3,1
Colpocoryphe sp.,Enosiaspis hrungnir,1
Colpocoryphe sp., 'Synziphosurine'/Synziphosurina?,1
Colpocoryphe sp.,Chasmataspidid,1
Colpocoryphe sp.,Possible pycnogonid,1
Colpocoryphe sp.,Possible retifaciid,1
Colpocoryphe sp.,Tariccoia tazagurtensis,1
Colpocoryphe sp.,Cheloniellid,1
Colpocoryphe sp.,Phyllocarid,1
Colpocoryphe sp.,Ostracod,1
Colpocoryphe sp.,Lepadomorph barnacle,1
Colpocoryphe sp.,Apatokephalus cf. incisus,1
Colpocoryphe sp.,undet. Dikelocephalidae,1
Colpocoryphe sp.,undet. Illaenacea,1
Colpocoryphe sp.,Orometopus sp.,1
Colpocoryphe sp.,Cnemidopyge sp.,1
Colpocoryphe sp.,Toletanaspis aff. borni,1
Colpocoryphe sp.,Bathycheilus gallicus,1
Colpocoryphe sp.,Colpocoryphe thorali,1
Colpocoryphe sp.,Agerina quadrata,1
Colpocoryphe sp.,Geragnostus aff. occitanus,1
Colpocoryphe sp.,Geragnostus sp.,1
Colpocoryphe sp.,Ampyx priscus,1
Colpocoryphe sp.,Ampyx cf. priscus,1
Colpocoryphe sp.,Parabathycheilus gallicus,1
Colpocoryphe sp.,Proetidae?,1
Colpocoryphe sp.,undet. Trinucleidae,1
Colpocoryphe sp.,Nileus deynouxi,1
Colpocoryphe sp.,Hospes sp.,1
Colpocoryphe sp.,Ogygiocaris sp.,1
Colpocoryphe sp.,cf. Niobella sp.,1
Colpocoryphe sp.,Somasteroid indet. n. sp. 1,1
Colpocoryphe sp.,Somasteroid indet. n. sp. 2,1
Colpocoryphe sp.,Somasteroid indet. n. sp. 3,1
Colpocoryphe sp.,Somasteroid indet.,1
Colpocoryphe sp.,undet. Asteroidea,1
Colpocoryphe sp.,Palaeosphaeronites sp.,1
Colpocoryphe sp.,Palaeosphaeronites? prokopi,1
Colpocoryphe sp.,Aristocystites cf. bohemicus (sinuous?),1
Colpocoryphe sp.,Aristocystites sp.,1
Colpocoryphe sp.,Balantiocystis regnelli,1
Colpocoryphe sp.,Balantiocystis sp.,1
Colpocoryphe sp.,Rhopalocystis sp.,1
Colpocoryphe sp.,Rhopalocystis dehirensis,1
Colpocoryphe sp.,Rhopalocystis destombesi,1
Colpocoryphe sp.,Rhopalocystis fraga,1
Colpocoryphe sp.,Rhopalocystis grandis,1
Colpocoryphe sp.,Rhopalocystis havliceki,1
Colpocoryphe sp.,Rhopalocystis lehmani,1
Colpocoryphe sp.,Rhopalocystis zagoraensis,1
Colpocoryphe sp.,Rhopalocystis sp. A,1
Colpocoryphe sp.,Rhopalocystis sp. B,1
Colpocoryphe sp.,Rhopalocystis sp. C,1
Colpocoryphe sp.,cf. Rhopalocystis,1
Colpocoryphe sp.,Lingulocystis aff. deani,1
Colpocoryphe sp.,Lingulocystis elongata,1
Colpocoryphe sp.,cf. Pareocrinus,1
Colpocoryphe sp.,Eocrinoidea indet. sp. 1,1
Colpocoryphe sp.,Eocrinoidea indet. sp. 2,1
Colpocoryphe sp.,Eocrinoidea indet.,1
Colpocoryphe sp.,Ramseyocrinus sp.,1
Colpocoryphe sp.,Crinoid 2,1
Colpocoryphe sp.,Aethocrinus cf. moorei,1
Colpocoryphe sp.,Iocrinus n. sp.,1
Colpocoryphe sp.,Cystoidea?/undet. Cystoidea,1
Colpocoryphe sp.,Argodiscus espilezorum,1
Colpocoryphe sp.,Anedriophus moroccoensis,1
Colpocoryphe sp.,Rhenopyrgid indet.,1
Colpocoryphe sp.,Ampelocarpus sp.,1
Colpocoryphe sp.,Amygdalotheca griffei,1
Colpocoryphe sp.,Anatifopsis escandei,1
Colpocoryphe sp.,Anatifopsis trapeziiformis,1
Colpocoryphe sp.,Anatifopsis sp.,1
Colpocoryphe sp.,"Anomalocystid n. gen., n. sp. ",1
Colpocoryphe sp.,Aspidocarpus sp.,1
Colpocoryphe sp.,Arauricystis? sp.,1
Colpocoryphe sp.,Balanocystites primus,1
Colpocoryphe sp.,Bohemiaecystis,1
Colpocoryphe sp.,Chauvelicystis ubaghsi,1
Colpocoryphe sp.,Chauvelicystis spinosa,1
Colpocoryphe sp.,Chauvelicystis vizcainoi,1
Colpocoryphe sp.,Chauvelicystis sp.,1
Colpocoryphe sp.,"Chauvelicystid n. gen., n. sp. 1",1
Colpocoryphe sp.,"Chauvelicystid n. gen., n. sp. 2",1
Colpocoryphe sp.,Chinianocarpos sp.,1
Colpocoryphe sp.,"Cornuta n. gen. 1, n. sp.",1
Colpocoryphe sp.,"Cornuta n. gen. 2, n. sp.",1
Colpocoryphe sp.,Flabellicarpus rushtoni,1
Colpocoryphe sp.,Flabellicarpus?,1
Colpocoryphe sp.,Galliaecystis n. sp.,1
Colpocoryphe sp.,Galliaecystis ubaghsi,1
Colpocoryphe sp.,Hanusia n. sp.,1
Colpocoryphe sp.,Lagynocystis pyramidalis,1
Colpocoryphe sp.,Kirkocystidae?,1
Colpocoryphe sp.,Lyricocarpus courtessolei,1
Colpocoryphe sp.,Milonicystis sp.,1
Colpocoryphe sp.,Mitrocystitid indet. cf. Ovocarpus,1
Colpocoryphe sp.,Nanocarpus cf. dolambii,1
Colpocoryphe sp.,Phyllocystis blayaci,1
Colpocoryphe sp.,Phyllocystis sp.,1
Colpocoryphe sp.,Procothurnocystis n. sp.,1
Colpocoryphe sp.,Prokopicystis sp.,1
Colpocoryphe sp.,Thoralicystis zagoraensis,1
Colpocoryphe sp.,Thoralicystis n. sp.,1
Colpocoryphe sp.,Vizcainocarpus sp.,1
Colpocoryphe sp.,Cothurnocystid indetl.,1
Colpocoryphe sp.,Hanusiid indet.,1
Colpocoryphe sp.,Peltocystis cornuta,1
Colpocoryphe sp.,Scotiaevystis? sp.,1
Colpocoryphe sp.,Macrocystella sp.,1
Colpocoryphe sp.,Macrocystella bohemica,1
Colpocoryphe sp.,Macrocystella cf. mariae,1
Colpocoryphe sp.,Macrocystella tasseftensis,1
Colpocoryphe sp.,undet. Ophiuroidea,1
Colpocoryphe sp.,Didymograptus cf. arcuatus,1
Colpocoryphe sp.,Didymograptus deflexus,1
Colpocoryphe sp.,Didymograptus extensus,1
Colpocoryphe sp.,Didymograptus v-fractus,1
Colpocoryphe sp.,Didymograptus intendus,1
Colpocoryphe sp.,Didymograptus pennatulus,1
Colpocoryphe sp.,Didymograptus nanus,1
Colpocoryphe sp.,Didymograptus nitidus,1
Colpocoryphe sp.,Didymograptus patulus,1
Colpocoryphe sp.,Didymograptus sparsus,1
Colpocoryphe sp.,"""Didymograptus sp. 1""",1
Colpocoryphe sp.,Didymograptus sp.,1
Colpocoryphe sp.,Didymograptid indet.,1
Colpocoryphe sp.,Koremagraptus sp.,1
Colpocoryphe sp.,Dictyonema sp.,1
Colpocoryphe sp.,Tuboid,1
Colpocoryphe sp.,?Cymatograptus protobalticus,1
Colpocoryphe sp.,Webbyites felix,1
Colpocoryphe sp.,Rhabdopleura-like epibiont,1
Colpocoryphe sp.,Hyolithes sp.,1
Pharostoma sp.,Benthic detritus,1
Pharostoma sp.,Acrothele sp.,1
Pharostoma sp.,Plectorthis simplex,1
Pharostoma sp.,Angusticardinia sp.,1
Pharostoma sp.,Lingula salteri,1
Pharostoma sp.,Orbithele vana,1
Pharostoma sp.,Paurorthis tadristensis,1
Pharostoma sp.,Tarfaya marocana,1
Pharostoma sp.,Monobolina sp.,1
Pharostoma sp.,Elliptoglossa sp.,1
Pharostoma sp.,Celdobolus sp.,1
Pharostoma sp.,Discinoidea?,1
Pharostoma sp.,undet. Dalmanelloidea,1
Pharostoma sp.,Bryozoan,1
Pharostoma sp.,Redonia michelae,1
Pharostoma sp.,Coxiconchia guiraudi,1
Pharostoma sp.,Alococoncha?,1
Pharostoma sp.,Cienagomya? sp.,1
Pharostoma sp.,Ekaterodonta courtessolei,1
Pharostoma sp.,Lesueurilla prima,1
Pharostoma sp.,undet. Monoplacophora,1
Pharostoma sp.,Carcassonnella courtessolei,1
Pharostoma sp.,Carcassonnella vizcainoi,1
Pharostoma sp.,Carcassonnella sp.,1
Pharostoma sp.,Wiwaxiid,1
Pharostoma sp.,Helcionelloid,1
Pharostoma sp.,Priapulid,2
Pharostoma sp.,Enosiaspis hrungnir,1
Pharostoma sp., 'Synziphosurine'/Synziphosurina?,1
Pharostoma sp.,Possible pycnogonid,1
Pharostoma sp.,Possible retifaciid,1
Pharostoma sp.,Tariccoia tazagurtensis,1
Pharostoma sp.,Ostracod,1
Pharostoma sp.,undet. Dikelocephalidae,1
Pharostoma sp.,undet. Illaenacea,1
Pharostoma sp.,Parabathycheilus gallicus,1
Pharostoma sp.,Proetidae?,1
Pharostoma sp.,undet. Trinucleidae,1
Pharostoma sp.,Palaeosphaeronites sp.,1
Pharostoma sp.,Palaeosphaeronites? prokopi,1
Pharostoma sp.,Aristocystites cf. bohemicus (sinuous?),1
Pharostoma sp.,Aristocystites sp.,1
Pharostoma sp.,Balantiocystis regnelli,1
Pharostoma sp.,Balantiocystis sp.,1
Pharostoma sp.,Rhopalocystis sp.,1
Pharostoma sp.,Rhopalocystis dehirensis,1
Pharostoma sp.,Rhopalocystis destombesi,1
Pharostoma sp.,Rhopalocystis fraga,1
Pharostoma sp.,Rhopalocystis grandis,1
Pharostoma sp.,Rhopalocystis havliceki,1
Pharostoma sp.,Rhopalocystis lehmani,1
Pharostoma sp.,Rhopalocystis zagoraensis,1
Pharostoma sp.,Rhopalocystis sp. A,1
Pharostoma sp.,Rhopalocystis sp. B,1
Pharostoma sp.,Rhopalocystis sp. C,1
Pharostoma sp.,cf. Rhopalocystis,1
Pharostoma sp.,Lingulocystis aff. deani,1
Pharostoma sp.,Lingulocystis elongata,1
Pharostoma sp.,cf. Pareocrinus,1
Pharostoma sp.,Eocrinoidea indet. sp. 1,1
Pharostoma sp.,Eocrinoidea indet. sp. 2,1
Pharostoma sp.,Eocrinoidea indet.,1
Pharostoma sp.,Ramseyocrinus sp.,1
Pharostoma sp.,Crinoid 2,1
Pharostoma sp.,Aethocrinus cf. moorei,1
Pharostoma sp.,Iocrinus n. sp.,1
Pharostoma sp.,Argodiscus espilezorum,1
Pharostoma sp.,Anedriophus moroccoensis,1
Pharostoma sp.,Rhenopyrgid indet.,1
Pharostoma sp.,Ampelocarpus sp.,1
Pharostoma sp.,Amygdalotheca griffei,1
Pharostoma sp.,Anatifopsis escandei,1
Pharostoma sp.,Anatifopsis trapeziiformis,1
Pharostoma sp.,Anatifopsis sp.,1
Pharostoma sp.,"Anomalocystid n. gen., n. sp. ",1
Pharostoma sp.,Aspidocarpus sp.,1
Pharostoma sp.,Balanocystites primus,1
Pharostoma sp.,Bohemiaecystis,1
Pharostoma sp.,Chauvelicystis ubaghsi,1
Pharostoma sp.,Chauvelicystis spinosa,1
Pharostoma sp.,Chauvelicystis vizcainoi,1
Pharostoma sp.,Chauvelicystis sp.,1
Pharostoma sp.,"Chauvelicystid n. gen., n. sp. 1",1
Pharostoma sp.,"Chauvelicystid n. gen., n. sp. 2",1
Pharostoma sp.,Chinianocarpos sp.,1
Pharostoma sp.,"Cornuta n. gen. 1, n. sp.",1
Pharostoma sp.,"Cornuta n. gen. 2, n. sp.",1
Pharostoma sp.,Flabellicarpus rushtoni,1
Pharostoma sp.,Galliaecystis n. sp.,1
Pharostoma sp.,Galliaecystis ubaghsi,1
Pharostoma sp.,Lagynocystis pyramidalis,1
Pharostoma sp.,Kirkocystidae?,1
Pharostoma sp.,Lyricocarpus courtessolei,1
Pharostoma sp.,Milonicystis sp.,1
Pharostoma sp.,Mitrocystitid indet. cf. Ovocarpus,1
Pharostoma sp.,Nanocarpus cf. dolambii,1
Pharostoma sp.,Phyllocystis blayaci,1
Pharostoma sp.,Procothurnocystis n. sp.,1
Pharostoma sp.,Prokopicystis sp.,1
Pharostoma sp.,Thoralicystis zagoraensis,1
Pharostoma sp.,Vizcainocarpus sp.,1
Pharostoma sp.,Peltocystis cornuta,1
Pharostoma sp.,Macrocystella sp.,1
Pharostoma sp.,Macrocystella bohemica,1
Pharostoma sp.,Macrocystella cf. mariae,1
Pharostoma sp.,Macrocystella tasseftensis,1
Pharostoma sp.,undet. Ophiuroidea,1
Pharostoma sp.,Didymograptus cf. arcuatus,1
Pharostoma sp.,Didymograptus deflexus,1
Pharostoma sp.,Didymograptus extensus,1
Pharostoma sp.,Didymograptus v-fractus,1
Pharostoma sp.,Didymograptus intendus,1
Pharostoma sp.,Didymograptus pennatulus,1
Pharostoma sp.,Didymograptus nanus,1
Pharostoma sp.,Didymograptus nitidus,1
Pharostoma sp.,Didymograptus patulus,1
Pharostoma sp.,Didymograptus sparsus,1
Pharostoma sp.,"""Didymograptus sp. 1""",1
Pharostoma sp.,Didymograptus sp.,1
Pharostoma sp.,Didymograptid indet.,1
Pharostoma sp.,Koremagraptus sp.,1
Pharostoma sp.,Dictyonema sp.,1
Pharostoma sp.,Tuboid,1
Pharostoma sp.,?Cymatograptus protobalticus,1
Pharostoma sp.,Webbyites felix,1
Pharostoma sp.,Rhabdopleura-like epibiont,1
Pharostomina sp. ,Benthic detritus,1
Pharostomina sp. ,Acrothele sp.,1
Pharostomina sp. ,Plectorthis simplex,1
Pharostomina sp. ,Angusticardinia sp.,1
Pharostomina sp. ,Lingula salteri,1
Pharostomina sp. ,Orbithele vana,1
Pharostomina sp. ,Paurorthis tadristensis,1
Pharostomina sp. ,Tarfaya marocana,1
Pharostomina sp. ,Monobolina sp.,1
Pharostomina sp. ,Elliptoglossa sp.,1
Pharostomina sp. ,Celdobolus sp.,1
Pharostomina sp. ,Discinoidea?,1
Pharostomina sp. ,undet. Dalmanelloidea,1
Pharostomina sp. ,Bryozoan,1
Pharostomina sp. ,Redonia michelae,1
Pharostomina sp. ,Coxiconchia guiraudi,1
Pharostomina sp. ,Alococoncha?,1
Pharostomina sp. ,Cienagomya? sp.,1
Pharostomina sp. ,Ekaterodonta courtessolei,1
Pharostomina sp. ,Lesueurilla prima,1
Pharostomina sp. ,undet. Monoplacophora,1
Pharostomina sp. ,Carcassonnella courtessolei,1
Pharostomina sp. ,Carcassonnella vizcainoi,1
Pharostomina sp. ,Carcassonnella sp.,1
Pharostomina sp. ,Wiwaxiid,1
Pharostomina sp. ,Helcionelloid,1
Pharostomina sp. ,Priapulid,2
Pharostomina sp. ,Enosiaspis hrungnir,1
Pharostomina sp. , 'Synziphosurine'/Synziphosurina?,1
Pharostomina sp. ,Possible pycnogonid,1
Pharostomina sp. ,Possible retifaciid,1
Pharostomina sp. ,Tariccoia tazagurtensis,1
Pharostomina sp. ,Ostracod,1
Pharostomina sp. ,undet. Dikelocephalidae,1
Pharostomina sp. ,undet. Illaenacea,1
Pharostomina sp. ,Parabathycheilus gallicus,1
Pharostomina sp. ,Proetidae?,1
Pharostomina sp. ,undet. Trinucleidae,1
Pharostomina sp. ,Palaeosphaeronites sp.,1
Pharostomina sp. ,Palaeosphaeronites? prokopi,1
Pharostomina sp. ,Aristocystites cf. bohemicus (sinuous?),1
Pharostomina sp. ,Aristocystites sp.,1
Pharostomina sp. ,Balantiocystis regnelli,1
Pharostomina sp. ,Balantiocystis sp.,1
Pharostomina sp. ,Rhopalocystis sp.,1
Pharostomina sp. ,Rhopalocystis dehirensis,1
Pharostomina sp. ,Rhopalocystis destombesi,1
Pharostomina sp. ,Rhopalocystis fraga,1
Pharostomina sp. ,Rhopalocystis grandis,1
Pharostomina sp. ,Rhopalocystis havliceki,1
Pharostomina sp. ,Rhopalocystis lehmani,1
Pharostomina sp. ,Rhopalocystis zagoraensis,1
Pharostomina sp. ,Rhopalocystis sp. A,1
Pharostomina sp. ,Rhopalocystis sp. B,1
Pharostomina sp. ,Rhopalocystis sp. C,1
Pharostomina sp. ,cf. Rhopalocystis,1
Pharostomina sp. ,Lingulocystis aff. deani,1
Pharostomina sp. ,Lingulocystis elongata,1
Pharostomina sp. ,cf. Pareocrinus,1
Pharostomina sp. ,Eocrinoidea indet. sp. 1,1
Pharostomina sp. ,Eocrinoidea indet. sp. 2,1
Pharostomina sp. ,Eocrinoidea indet.,1
Pharostomina sp. ,Ramseyocrinus sp.,1
Pharostomina sp. ,Crinoid 2,1
Pharostomina sp. ,Aethocrinus cf. moorei,1
Pharostomina sp. ,Iocrinus n. sp.,1
Pharostomina sp. ,Argodiscus espilezorum,1
Pharostomina sp. ,Anedriophus moroccoensis,1
Pharostomina sp. ,Rhenopyrgid indet.,1
Pharostomina sp. ,Ampelocarpus sp.,1
Pharostomina sp. ,Amygdalotheca griffei,1
Pharostomina sp. ,Anatifopsis escandei,1
Pharostomina sp. ,Anatifopsis trapeziiformis,1
Pharostomina sp. ,Anatifopsis sp.,1
Pharostomina sp. ,"Anomalocystid n. gen., n. sp. ",1
Pharostomina sp. ,Aspidocarpus sp.,1
Pharostomina sp. ,Balanocystites primus,1
Pharostomina sp. ,Bohemiaecystis,1
Pharostomina sp. ,Chauvelicystis ubaghsi,1
Pharostomina sp. ,Chauvelicystis spinosa,1
Pharostomina sp. ,Chauvelicystis vizcainoi,1
Pharostomina sp. ,Chauvelicystis sp.,1
Pharostomina sp. ,"Chauvelicystid n. gen., n. sp. 1",1
Pharostomina sp. ,"Chauvelicystid n. gen., n. sp. 2",1
Pharostomina sp. ,Chinianocarpos sp.,1
Pharostomina sp. ,"Cornuta n. gen. 1, n. sp.",1
Pharostomina sp. ,"Cornuta n. gen. 2, n. sp.",1
Pharostomina sp. ,Flabellicarpus rushtoni,1
Pharostomina sp. ,Galliaecystis n. sp.,1
Pharostomina sp. ,Galliaecystis ubaghsi,1
Pharostomina sp. ,Lagynocystis pyramidalis,1
Pharostomina sp. ,Kirkocystidae?,1
Pharostomina sp. ,Lyricocarpus courtessolei,1
Pharostomina sp. ,Milonicystis sp.,1
Pharostomina sp. ,Mitrocystitid indet. cf. Ovocarpus,1
Pharostomina sp. ,Nanocarpus cf. dolambii,1
Pharostomina sp. ,Phyllocystis blayaci,1
Pharostomina sp. ,Procothurnocystis n. sp.,1
Pharostomina sp. ,Prokopicystis sp.,1
Pharostomina sp. ,Thoralicystis zagoraensis,1
Pharostomina sp. ,Vizcainocarpus sp.,1
Pharostomina sp. ,Peltocystis cornuta,1
Pharostomina sp. ,Macrocystella sp.,1
Pharostomina sp. ,Macrocystella bohemica,1
Pharostomina sp. ,Macrocystella cf. mariae,1
Pharostomina sp. ,Macrocystella tasseftensis,1
Pharostomina sp. ,undet. Ophiuroidea,1
Pharostomina sp. ,Didymograptus cf. arcuatus,1
Pharostomina sp. ,Didymograptus deflexus,1
Pharostomina sp. ,Didymograptus extensus,1
Pharostomina sp. ,Didymograptus v-fractus,1
Pharostomina sp. ,Didymograptus intendus,1
Pharostomina sp. ,Didymograptus pennatulus,1
Pharostomina sp. ,Didymograptus nanus,1
Pharostomina sp. ,Didymograptus nitidus,1
Pharostomina sp. ,Didymograptus patulus,1
Pharostomina sp. ,Didymograptus sparsus,1
Pharostomina sp. ,"""Didymograptus sp. 1""",1
Pharostomina sp. ,Didymograptus sp.,1
Pharostomina sp. ,Didymograptid indet.,1
Pharostomina sp. ,Koremagraptus sp.,1
Pharostomina sp. ,Dictyonema sp.,1
Pharostomina sp. ,Tuboid,1
Pharostomina sp. ,?Cymatograptus protobalticus,1
Pharostomina sp. ,Webbyites felix,1
Pharostomina sp. ,Rhabdopleura-like epibiont,1
Prionocheilus aff. languedocensis,Benthic detritus,1
Prionocheilus aff. languedocensis,Ranorthis fasciata,1
Prionocheilus aff. languedocensis,undet. Athyridida,1
Prionocheilus aff. languedocensis,Acrothele sp.,1
Prionocheilus aff. languedocensis,Plectorthis simplex,1
Prionocheilus aff. languedocensis,Angusticardinia sp.,1
Prionocheilus aff. languedocensis,Lingula salteri,1
Prionocheilus aff. languedocensis,Orbithele vana,1
Prionocheilus aff. languedocensis,Paurorthis tadristensis,1
Prionocheilus aff. languedocensis,Tarfaya marocana,1
Prionocheilus aff. languedocensis,Wosekella sp.,1
Prionocheilus aff. languedocensis,Monobolina sp.,1
Prionocheilus aff. languedocensis,Elliptoglossa sp.,1
Prionocheilus aff. languedocensis,Celdobolus sp.,1
Prionocheilus aff. languedocensis,Discinoidea?,1
Prionocheilus aff. languedocensis,undet. Dalmanelloidea,1
Prionocheilus aff. languedocensis,Bryozoan,1
Prionocheilus aff. languedocensis,Ctenodonta escosurae,1
Prionocheilus aff. languedocensis,Praenucula sp.,1
Prionocheilus aff. languedocensis,Redonia michelae,1
Prionocheilus aff. languedocensis,Coxiconchia guiraudi,1
Prionocheilus aff. languedocensis,Alococoncha?,1
Prionocheilus aff. languedocensis,Cardiolaria? sp.,1
Prionocheilus aff. languedocensis,Cienagomya? sp.,1
Prionocheilus aff. languedocensis,Ekaterodonta courtessolei,1
Prionocheilus aff. languedocensis,Glyptarca sp.,1
Prionocheilus aff. languedocensis,Sinuites sp.,1
Prionocheilus aff. languedocensis,Lesueurilla prima,1
Prionocheilus aff. languedocensis,undet. Platyceratoidea,1
Prionocheilus aff. languedocensis,undet. Monoplacophora,1
Prionocheilus aff. languedocensis,Carcassonnella courtessolei,1
Prionocheilus aff. languedocensis,Carcassonnella vizcainoi,1
Prionocheilus aff. languedocensis,Carcassonnella sp.,1
Prionocheilus aff. languedocensis,Ribeiria sp.,1
Prionocheilus aff. languedocensis,Wiwaxiid,1
Prionocheilus aff. languedocensis,Helcionelloid,1
Prionocheilus aff. languedocensis,Possible phyllodocid,2
Prionocheilus aff. languedocensis,Priapulid,2
Prionocheilus aff. languedocensis,Large taxon with spinose limbs,1
Prionocheilus aff. languedocensis,Small taxon with spinose limbs,1
Prionocheilus aff. languedocensis,Armoured lobopodian 1,1
Prionocheilus aff. languedocensis,Armoured lobopodian 2,1
Prionocheilus aff. languedocensis,Armoured lobopodian 3,1
Prionocheilus aff. languedocensis,Diania-like lobopodian,1
Prionocheilus aff. languedocensis,Furca sp. 1,1
Prionocheilus aff. languedocensis,Furca sp. 2,1
Prionocheilus aff. languedocensis,Furca sp. 3,1
Prionocheilus aff. languedocensis,Enosiaspis hrungnir,1
Prionocheilus aff. languedocensis, 'Synziphosurine'/Synziphosurina?,1
Prionocheilus aff. languedocensis,Chasmataspidid,1
Prionocheilus aff. languedocensis,Possible pycnogonid,1
Prionocheilus aff. languedocensis,Possible retifaciid,1
Prionocheilus aff. languedocensis,Tariccoia tazagurtensis,1
Prionocheilus aff. languedocensis,Cheloniellid,1
Prionocheilus aff. languedocensis,Phyllocarid,1
Prionocheilus aff. languedocensis,Ostracod,1
Prionocheilus aff. languedocensis,Lepadomorph barnacle,1
Prionocheilus aff. languedocensis,Apatokephalus cf. incisus,1
Prionocheilus aff. languedocensis,undet. Dikelocephalidae,1
Prionocheilus aff. languedocensis,undet. Illaenacea,1
Prionocheilus aff. languedocensis,Orometopus sp.,1
Prionocheilus aff. languedocensis,Cnemidopyge sp.,1
Prionocheilus aff. languedocensis,Toletanaspis aff. borni,1
Prionocheilus aff. languedocensis,Bathycheilus gallicus,1
Prionocheilus aff. languedocensis,Colpocoryphe thorali,1
Prionocheilus aff. languedocensis,Agerina quadrata,1
Prionocheilus aff. languedocensis,Geragnostus aff. occitanus,1
Prionocheilus aff. languedocensis,Geragnostus sp.,1
Prionocheilus aff. languedocensis,Ampyx priscus,1
Prionocheilus aff. languedocensis,Ampyx cf. priscus,1
Prionocheilus aff. languedocensis,Parabathycheilus gallicus,1
Prionocheilus aff. languedocensis,Proetidae?,1
Prionocheilus aff. languedocensis,undet. Trinucleidae,1
Prionocheilus aff. languedocensis,Nileus deynouxi,1
Prionocheilus aff. languedocensis,Hospes sp.,1
Prionocheilus aff. languedocensis,Ogygiocaris sp.,1
Prionocheilus aff. languedocensis,cf. Niobella sp.,1
Prionocheilus aff. languedocensis,Somasteroid indet. n. sp. 1,1
Prionocheilus aff. languedocensis,Somasteroid indet. n. sp. 2,1
Prionocheilus aff. languedocensis,Somasteroid indet. n. sp. 3,1
Prionocheilus aff. languedocensis,Somasteroid indet.,1
Prionocheilus aff. languedocensis,undet. Asteroidea,1
Prionocheilus aff. languedocensis,Palaeosphaeronites sp.,1
Prionocheilus aff. languedocensis,Palaeosphaeronites? prokopi,1
Prionocheilus aff. languedocensis,Aristocystites cf. bohemicus (sinuous?),1
Prionocheilus aff. languedocensis,Aristocystites sp.,1
Prionocheilus aff. languedocensis,Balantiocystis regnelli,1
Prionocheilus aff. languedocensis,Balantiocystis sp.,1
Prionocheilus aff. languedocensis,Rhopalocystis sp.,1
Prionocheilus aff. languedocensis,Rhopalocystis dehirensis,1
Prionocheilus aff. languedocensis,Rhopalocystis destombesi,1
Prionocheilus aff. languedocensis,Rhopalocystis fraga,1
Prionocheilus aff. languedocensis,Rhopalocystis grandis,1
Prionocheilus aff. languedocensis,Rhopalocystis havliceki,1
Prionocheilus aff. languedocensis,Rhopalocystis lehmani,1
Prionocheilus aff. languedocensis,Rhopalocystis zagoraensis,1
Prionocheilus aff. languedocensis,Rhopalocystis sp. A,1
Prionocheilus aff. languedocensis,Rhopalocystis sp. B,1
Prionocheilus aff. languedocensis,Rhopalocystis sp. C,1
Prionocheilus aff. languedocensis,cf. Rhopalocystis,1
Prionocheilus aff. languedocensis,Lingulocystis aff. deani,1
Prionocheilus aff. languedocensis,Lingulocystis elongata,1
Prionocheilus aff. languedocensis,cf. Pareocrinus,1
Prionocheilus aff. languedocensis,Eocrinoidea indet. sp. 1,1
Prionocheilus aff. languedocensis,Eocrinoidea indet. sp. 2,1
Prionocheilus aff. languedocensis,Eocrinoidea indet.,1
Prionocheilus aff. languedocensis,Ramseyocrinus sp.,1
Prionocheilus aff. languedocensis,Crinoid 2,1
Prionocheilus aff. languedocensis,Aethocrinus cf. moorei,1
Prionocheilus aff. languedocensis,Iocrinus n. sp.,1
Prionocheilus aff. languedocensis,Cystoidea?/undet. Cystoidea,1
Prionocheilus aff. languedocensis,Argodiscus espilezorum,1
Prionocheilus aff. languedocensis,Anedriophus moroccoensis,1
Prionocheilus aff. languedocensis,Rhenopyrgid indet.,1
Prionocheilus aff. languedocensis,Ampelocarpus sp.,1
Prionocheilus aff. languedocensis,Amygdalotheca griffei,1
Prionocheilus aff. languedocensis,Anatifopsis escandei,1
Prionocheilus aff. languedocensis,Anatifopsis trapeziiformis,1
Prionocheilus aff. languedocensis,Anatifopsis sp.,1
Prionocheilus aff. languedocensis,"Anomalocystid n. gen., n. sp. ",1
Prionocheilus aff. languedocensis,Aspidocarpus sp.,1
Prionocheilus aff. languedocensis,Arauricystis? sp.,1
Prionocheilus aff. languedocensis,Balanocystites primus,1
Prionocheilus aff. languedocensis,Bohemiaecystis,1
Prionocheilus aff. languedocensis,Chauvelicystis ubaghsi,1
Prionocheilus aff. languedocensis,Chauvelicystis spinosa,1
Prionocheilus aff. languedocensis,Chauvelicystis vizcainoi,1
Prionocheilus aff. languedocensis,Chauvelicystis sp.,1
Prionocheilus aff. languedocensis,"Chauvelicystid n. gen., n. sp. 1",1
Prionocheilus aff. languedocensis,"Chauvelicystid n. gen., n. sp. 2",1
Prionocheilus aff. languedocensis,Chinianocarpos sp.,1
Prionocheilus aff. languedocensis,"Cornuta n. gen. 1, n. sp.",1
Prionocheilus aff. languedocensis,"Cornuta n. gen. 2, n. sp.",1
Prionocheilus aff. languedocensis,Flabellicarpus rushtoni,1
Prionocheilus aff. languedocensis,Flabellicarpus?,1
Prionocheilus aff. languedocensis,Galliaecystis n. sp.,1
Prionocheilus aff. languedocensis,Galliaecystis ubaghsi,1
Prionocheilus aff. languedocensis,Hanusia n. sp.,1
Prionocheilus aff. languedocensis,Lagynocystis pyramidalis,1
Prionocheilus aff. languedocensis,Kirkocystidae?,1
Prionocheilus aff. languedocensis,Lyricocarpus courtessolei,1
Prionocheilus aff. languedocensis,Milonicystis sp.,1
Prionocheilus aff. languedocensis,Mitrocystitid indet. cf. Ovocarpus,1
Prionocheilus aff. languedocensis,Nanocarpus cf. dolambii,1
Prionocheilus aff. languedocensis,Phyllocystis blayaci,1
Prionocheilus aff. languedocensis,Phyllocystis sp.,1
Prionocheilus aff. languedocensis,Procothurnocystis n. sp.,1
Prionocheilus aff. languedocensis,Prokopicystis sp.,1
Prionocheilus aff. languedocensis,Thoralicystis zagoraensis,1
Prionocheilus aff. languedocensis,Thoralicystis n. sp.,1
Prionocheilus aff. languedocensis,Vizcainocarpus sp.,1
Prionocheilus aff. languedocensis,Cothurnocystid indetl.,1
Prionocheilus aff. languedocensis,Hanusiid indet.,1
Prionocheilus aff. languedocensis,Peltocystis cornuta,1
Prionocheilus aff. languedocensis,Scotiaevystis? sp.,1
Prionocheilus aff. languedocensis,Macrocystella sp.,1
Prionocheilus aff. languedocensis,Macrocystella bohemica,1
Prionocheilus aff. languedocensis,Macrocystella cf. mariae,1
Prionocheilus aff. languedocensis,Macrocystella tasseftensis,1
Prionocheilus aff. languedocensis,undet. Ophiuroidea,1
Prionocheilus aff. languedocensis,Didymograptus cf. arcuatus,1
Prionocheilus aff. languedocensis,Didymograptus deflexus,1
Prionocheilus aff. languedocensis,Didymograptus extensus,1
Prionocheilus aff. languedocensis,Didymograptus v-fractus,1
Prionocheilus aff. languedocensis,Didymograptus intendus,1
Prionocheilus aff. languedocensis,Didymograptus pennatulus,1
Prionocheilus aff. languedocensis,Didymograptus nanus,1
Prionocheilus aff. languedocensis,Didymograptus nitidus,1
Prionocheilus aff. languedocensis,Didymograptus patulus,1
Prionocheilus aff. languedocensis,Didymograptus sparsus,1
Prionocheilus aff. languedocensis,"""Didymograptus sp. 1""",1
Prionocheilus aff. languedocensis,Didymograptus sp.,1
Prionocheilus aff. languedocensis,Didymograptid indet.,1
Prionocheilus aff. languedocensis,Koremagraptus sp.,1
Prionocheilus aff. languedocensis,Dictyonema sp.,1
Prionocheilus aff. languedocensis,Tuboid,1
Prionocheilus aff. languedocensis,?Cymatograptus protobalticus,1
Prionocheilus aff. languedocensis,Webbyites felix,1
Prionocheilus aff. languedocensis,Rhabdopleura-like epibiont,1
Prionocheilus aff. languedocensis,Hyolithes sp.,1
Prionocheilus sp.,Benthic detritus,1
Prionocheilus sp.,Ranorthis fasciata,1
Prionocheilus sp.,undet. Athyridida,1
Prionocheilus sp.,Acrothele sp.,1
Prionocheilus sp.,Plectorthis simplex,1
Prionocheilus sp.,Angusticardinia sp.,1
Prionocheilus sp.,Lingula salteri,1
Prionocheilus sp.,Orbithele vana,1
Prionocheilus sp.,Paurorthis tadristensis,1
Prionocheilus sp.,Tarfaya marocana,1
Prionocheilus sp.,Wosekella sp.,1
Prionocheilus sp.,Monobolina sp.,1
Prionocheilus sp.,Elliptoglossa sp.,1
Prionocheilus sp.,Celdobolus sp.,1
Prionocheilus sp.,Discinoidea?,1
Prionocheilus sp.,undet. Dalmanelloidea,1
Prionocheilus sp.,Bryozoan,1
Prionocheilus sp.,Ctenodonta escosurae,1
Prionocheilus sp.,Praenucula sp.,1
Prionocheilus sp.,Redonia michelae,1
Prionocheilus sp.,Coxiconchia guiraudi,1
Prionocheilus sp.,Alococoncha?,1
Prionocheilus sp.,Cardiolaria? sp.,1
Prionocheilus sp.,Cienagomya? sp.,1
Prionocheilus sp.,Ekaterodonta courtessolei,1
Prionocheilus sp.,Glyptarca sp.,1
Prionocheilus sp.,Sinuites sp.,1
Prionocheilus sp.,Lesueurilla prima,1
Prionocheilus sp.,undet. Platyceratoidea,1
Prionocheilus sp.,undet. Monoplacophora,1
Prionocheilus sp.,Carcassonnella courtessolei,1
Prionocheilus sp.,Carcassonnella vizcainoi,1
Prionocheilus sp.,Carcassonnella sp.,1
Prionocheilus sp.,Ribeiria sp.,1
Prionocheilus sp.,Wiwaxiid,1
Prionocheilus sp.,Helcionelloid,1
Prionocheilus sp.,Possible phyllodocid,2
Prionocheilus sp.,Priapulid,2
Prionocheilus sp.,Large taxon with spinose limbs,1
Prionocheilus sp.,Small taxon with spinose limbs,1
Prionocheilus sp.,Armoured lobopodian 1,1
Prionocheilus sp.,Armoured lobopodian 2,1
Prionocheilus sp.,Armoured lobopodian 3,1
Prionocheilus sp.,Diania-like lobopodian,1
Prionocheilus sp.,Furca sp. 1,1
Prionocheilus sp.,Furca sp. 2,1
Prionocheilus sp.,Furca sp. 3,1
Prionocheilus sp.,Enosiaspis hrungnir,1
Prionocheilus sp., 'Synziphosurine'/Synziphosurina?,1
Prionocheilus sp.,Chasmataspidid,1
Prionocheilus sp.,Possible pycnogonid,1
Prionocheilus sp.,Possible retifaciid,1
Prionocheilus sp.,Tariccoia tazagurtensis,1
Prionocheilus sp.,Cheloniellid,1
Prionocheilus sp.,Phyllocarid,1
Prionocheilus sp.,Ostracod,1
Prionocheilus sp.,Lepadomorph barnacle,1
Prionocheilus sp.,Apatokephalus cf. incisus,1
Prionocheilus sp.,undet. Dikelocephalidae,1
Prionocheilus sp.,undet. Illaenacea,1
Prionocheilus sp.,Orometopus sp.,1
Prionocheilus sp.,Cnemidopyge sp.,1
Prionocheilus sp.,Toletanaspis aff. borni,1
Prionocheilus sp.,Bathycheilus gallicus,1
Prionocheilus sp.,Colpocoryphe thorali,1
Prionocheilus sp.,Agerina quadrata,1
Prionocheilus sp.,Geragnostus aff. occitanus,1
Prionocheilus sp.,Geragnostus sp.,1
Prionocheilus sp.,Ampyx priscus,1
Prionocheilus sp.,Ampyx cf. priscus,1
Prionocheilus sp.,Parabathycheilus gallicus,1
Prionocheilus sp.,Proetidae?,1
Prionocheilus sp.,undet. Trinucleidae,1
Prionocheilus sp.,Nileus deynouxi,1
Prionocheilus sp.,Hospes sp.,1
Prionocheilus sp.,Ogygiocaris sp.,1
Prionocheilus sp.,cf. Niobella sp.,1
Prionocheilus sp.,Somasteroid indet. n. sp. 1,1
Prionocheilus sp.,Somasteroid indet. n. sp. 2,1
Prionocheilus sp.,Somasteroid indet. n. sp. 3,1
Prionocheilus sp.,Somasteroid indet.,1
Prionocheilus sp.,undet. Asteroidea,1
Prionocheilus sp.,Palaeosphaeronites sp.,1
Prionocheilus sp.,Palaeosphaeronites? prokopi,1
Prionocheilus sp.,Aristocystites cf. bohemicus (sinuous?),1
Prionocheilus sp.,Aristocystites sp.,1
Prionocheilus sp.,Balantiocystis regnelli,1
Prionocheilus sp.,Balantiocystis sp.,1
Prionocheilus sp.,Rhopalocystis sp.,1
Prionocheilus sp.,Rhopalocystis dehirensis,1
Prionocheilus sp.,Rhopalocystis destombesi,1
Prionocheilus sp.,Rhopalocystis fraga,1
Prionocheilus sp.,Rhopalocystis grandis,1
Prionocheilus sp.,Rhopalocystis havliceki,1
Prionocheilus sp.,Rhopalocystis lehmani,1
Prionocheilus sp.,Rhopalocystis zagoraensis,1
Prionocheilus sp.,Rhopalocystis sp. A,1
Prionocheilus sp.,Rhopalocystis sp. B,1
Prionocheilus sp.,Rhopalocystis sp. C,1
Prionocheilus sp.,cf. Rhopalocystis,1
Prionocheilus sp.,Lingulocystis aff. deani,1
Prionocheilus sp.,Lingulocystis elongata,1
Prionocheilus sp.,cf. Pareocrinus,1
Prionocheilus sp.,Eocrinoidea indet. sp. 1,1
Prionocheilus sp.,Eocrinoidea indet. sp. 2,1
Prionocheilus sp.,Eocrinoidea indet.,1
Prionocheilus sp.,Ramseyocrinus sp.,1
Prionocheilus sp.,Crinoid 2,1
Prionocheilus sp.,Aethocrinus cf. moorei,1
Prionocheilus sp.,Iocrinus n. sp.,1
Prionocheilus sp.,Cystoidea?/undet. Cystoidea,1
Prionocheilus sp.,Argodiscus espilezorum,1
Prionocheilus sp.,Anedriophus moroccoensis,1
Prionocheilus sp.,Rhenopyrgid indet.,1
Prionocheilus sp.,Ampelocarpus sp.,1
Prionocheilus sp.,Amygdalotheca griffei,1
Prionocheilus sp.,Anatifopsis escandei,1
Prionocheilus sp.,Anatifopsis trapeziiformis,1
Prionocheilus sp.,Anatifopsis sp.,1
Prionocheilus sp.,"Anomalocystid n. gen., n. sp. ",1
Prionocheilus sp.,Aspidocarpus sp.,1
Prionocheilus sp.,Arauricystis? sp.,1
Prionocheilus sp.,Balanocystites primus,1
Prionocheilus sp.,Bohemiaecystis,1
Prionocheilus sp.,Chauvelicystis ubaghsi,1
Prionocheilus sp.,Chauvelicystis spinosa,1
Prionocheilus sp.,Chauvelicystis vizcainoi,1
Prionocheilus sp.,Chauvelicystis sp.,1
Prionocheilus sp.,"Chauvelicystid n. gen., n. sp. 1",1
Prionocheilus sp.,"Chauvelicystid n. gen., n. sp. 2",1
Prionocheilus sp.,Chinianocarpos sp.,1
Prionocheilus sp.,"Cornuta n. gen. 1, n. sp.",1
Prionocheilus sp.,"Cornuta n. gen. 2, n. sp.",1
Prionocheilus sp.,Flabellicarpus rushtoni,1
Prionocheilus sp.,Flabellicarpus?,1
Prionocheilus sp.,Galliaecystis n. sp.,1
Prionocheilus sp.,Galliaecystis ubaghsi,1
Prionocheilus sp.,Hanusia n. sp.,1
Prionocheilus sp.,Lagynocystis pyramidalis,1
Prionocheilus sp.,Kirkocystidae?,1
Prionocheilus sp.,Lyricocarpus courtessolei,1
Prionocheilus sp.,Milonicystis sp.,1
Prionocheilus sp.,Mitrocystitid indet. cf. Ovocarpus,1
Prionocheilus sp.,Nanocarpus cf. dolambii,1
Prionocheilus sp.,Phyllocystis blayaci,1
Prionocheilus sp.,Phyllocystis sp.,1
Prionocheilus sp.,Procothurnocystis n. sp.,1
Prionocheilus sp.,Prokopicystis sp.,1
Prionocheilus sp.,Thoralicystis zagoraensis,1
Prionocheilus sp.,Thoralicystis n. sp.,1
Prionocheilus sp.,Vizcainocarpus sp.,1
Prionocheilus sp.,Cothurnocystid indetl.,1
Prionocheilus sp.,Hanusiid indet.,1
Prionocheilus sp.,Peltocystis cornuta,1
Prionocheilus sp.,Scotiaevystis? sp.,1
Prionocheilus sp.,Macrocystella sp.,1
Prionocheilus sp.,Macrocystella bohemica,1
Prionocheilus sp.,Macrocystella cf. mariae,1
Prionocheilus sp.,Macrocystella tasseftensis,1
Prionocheilus sp.,undet. Ophiuroidea,1
Prionocheilus sp.,Didymograptus cf. arcuatus,1
Prionocheilus sp.,Didymograptus deflexus,1
Prionocheilus sp.,Didymograptus extensus,1
Prionocheilus sp.,Didymograptus v-fractus,1
Prionocheilus sp.,Didymograptus intendus,1
Prionocheilus sp.,Didymograptus pennatulus,1
Prionocheilus sp.,Didymograptus nanus,1
Prionocheilus sp.,Didymograptus nitidus,1
Prionocheilus sp.,Didymograptus patulus,1
Prionocheilus sp.,Didymograptus sparsus,1
Prionocheilus sp.,"""Didymograptus sp. 1""",1
Prionocheilus sp.,Didymograptus sp.,1
Prionocheilus sp.,Didymograptid indet.,1
Prionocheilus sp.,Koremagraptus sp.,1
Prionocheilus sp.,Dictyonema sp.,1
Prionocheilus sp.,Tuboid,1
Prionocheilus sp.,?Cymatograptus protobalticus,1
Prionocheilus sp.,Webbyites felix,1
Prionocheilus sp.,Rhabdopleura-like epibiont,1
Prionocheilus sp.,Hyolithes sp.,1
Agerina quadrata,Benthic detritus,1
Agerina quadrata,Acrothele sp.,1
Agerina quadrata,Plectorthis simplex,1
Agerina quadrata,Angusticardinia sp.,1
Agerina quadrata,Lingula salteri,1
Agerina quadrata,Orbithele vana,1
Agerina quadrata,Paurorthis tadristensis,1
Agerina quadrata,Tarfaya marocana,1
Agerina quadrata,Monobolina sp.,1
Agerina quadrata,Elliptoglossa sp.,1
Agerina quadrata,Celdobolus sp.,1
Agerina quadrata,Bryozoan,1
Agerina quadrata,Redonia michelae,1
Agerina quadrata,Coxiconchia guiraudi,1
Agerina quadrata,Alococoncha?,1
Agerina quadrata,Cienagomya? sp.,1
Agerina quadrata,Ekaterodonta courtessolei,1
Agerina quadrata,Lesueurilla prima,1
Agerina quadrata,undet. Monoplacophora,1
Agerina quadrata,Carcassonnella courtessolei,1
Agerina quadrata,Carcassonnella vizcainoi,1
Agerina quadrata,Carcassonnella sp.,1
Agerina quadrata,Wiwaxiid,1
Agerina quadrata,Helcionelloid,1
Agerina quadrata,Priapulid,2
Agerina quadrata, 'Synziphosurine'/Synziphosurina?,1
Agerina quadrata,Possible pycnogonid,1
Agerina quadrata,Possible retifaciid,1
Agerina quadrata,Ostracod,1
Agerina quadrata,undet. Dikelocephalidae,1
Agerina quadrata,undet. Illaenacea,1
Agerina quadrata,Proetidae?,1
Agerina quadrata,Ascocystites? sp.,1
Agerina quadrata,Balantiocystis regnelli,1
Agerina quadrata,Balantiocystis sp.,1
Agerina quadrata,Rhopalocystis sp.,1
Agerina quadrata,Rhopalocystis dehirensis,1
Agerina quadrata,Rhopalocystis destombesi,1
Agerina quadrata,Rhopalocystis fraga,1
Agerina quadrata,Rhopalocystis grandis,1
Agerina quadrata,Rhopalocystis havliceki,1
Agerina quadrata,Rhopalocystis lehmani,1
Agerina quadrata,Rhopalocystis zagoraensis,1
Agerina quadrata,Rhopalocystis sp. A,1
Agerina quadrata,Rhopalocystis sp. B,1
Agerina quadrata,Rhopalocystis sp. C,1
Agerina quadrata,cf. Rhopalocystis,1
Agerina quadrata,Lingulocystis aff. deani,1
Agerina quadrata,Lingulocystis elongata,1
Agerina quadrata,cf. Pareocrinus,1
Agerina quadrata,Eocrinoidea indet. sp. 1,1
Agerina quadrata,Eocrinoidea indet. sp. 2,1
Agerina quadrata,Eocrinoidea indet.,1
Agerina quadrata,Ramseyocrinus sp.,1
Agerina quadrata,Crinoid 2,1
Agerina quadrata,Aethocrinus cf. moorei,1
Agerina quadrata,Iocrinus n. sp.,1
Agerina quadrata,Chauvelicystis ubaghsi,1
Agerina quadrata,Chauvelicystis spinosa,1
Agerina quadrata,Chauvelicystis vizcainoi,1
Agerina quadrata,Chauvelicystis sp.,1
Agerina quadrata,"Chauvelicystid n. gen., n. sp. 1",1
Agerina quadrata,"Chauvelicystid n. gen., n. sp. 2",1
Agerina quadrata,Kirkocystidae?,1
Agerina quadrata,Peltocystis cornuta,1
Agerina quadrata,Didymograptus cf. arcuatus,1
Agerina quadrata,Didymograptus deflexus,1
Agerina quadrata,Didymograptus extensus,1
Agerina quadrata,Didymograptus v-fractus,1
Agerina quadrata,Didymograptus intendus,1
Agerina quadrata,Didymograptus pennatulus,1
Agerina quadrata,Didymograptus nanus,1
Agerina quadrata,Didymograptus nitidus,1
Agerina quadrata,Didymograptus patulus,1
Agerina quadrata,Didymograptus sparsus,1
Agerina quadrata,"""Didymograptus sp. 1""",1
Agerina quadrata,Didymograptus sp.,1
Agerina quadrata,Didymograptid indet.,1
Agerina quadrata,Koremagraptus sp.,1
Agerina quadrata,Dictyonema sp.,1
Agerina quadrata,Tuboid,1
Agerina quadrata,?Cymatograptus protobalticus,1
Agerina quadrata,Webbyites felix,1
Agerina quadrata,Rhabdopleura-like epibiont,1
Euloma sp.,suspended organic matter,2
Euloma sp.,Benthic detritus,2
Geragnostus aff. occitanus,bacterioplankton,1
Geragnostus aff. occitanus,Benthic detritus,1
Geragnostus aff. occitanus,Chaetocladid,1
Geragnostus aff. occitanus,Alga type 1,1
Geragnostus aff. occitanus,Alga type 2,1
Geragnostus aff. occitanus,Bryozoan,1
Geragnostus aff. occitanus,Didymograptus cf. arcuatus,1
Geragnostus aff. occitanus,Didymograptus deflexus,1
Geragnostus aff. occitanus,Didymograptus extensus,1
Geragnostus aff. occitanus,Didymograptus v-fractus,1
Geragnostus aff. occitanus,Didymograptus intendus,1
Geragnostus aff. occitanus,Didymograptus pennatulus,1
Geragnostus aff. occitanus,Didymograptus nanus,1
Geragnostus aff. occitanus,Didymograptus nitidus,1
Geragnostus aff. occitanus,Didymograptus patulus,1
Geragnostus aff. occitanus,Didymograptus sparsus,1
Geragnostus aff. occitanus,"""Didymograptus sp. 1""",1
Geragnostus aff. occitanus,Didymograptus sp.,1
Geragnostus aff. occitanus,Didymograptid indet.,1
Geragnostus aff. occitanus,Koremagraptus sp.,1
Geragnostus aff. occitanus,Dictyonema sp.,1
Geragnostus aff. occitanus,Tuboid,1
Geragnostus aff. occitanus,?Cymatograptus protobalticus,1
Geragnostus aff. occitanus,Webbyites felix,1
Geragnostus aff. occitanus,Rhabdopleura-like epibiont,1
Geragnostus sp.,bacterioplankton,1
Geragnostus sp.,Benthic detritus,1
Geragnostus sp.,Chaetocladid,1
Geragnostus sp.,Alga type 1,1
Geragnostus sp.,Alga type 2,1
Geragnostus sp.,Bryozoan,1
Geragnostus sp.,Didymograptus cf. arcuatus,1
Geragnostus sp.,Didymograptus deflexus,1
Geragnostus sp.,Didymograptus extensus,1
Geragnostus sp.,Didymograptus v-fractus,1
Geragnostus sp.,Didymograptus intendus,1
Geragnostus sp.,Didymograptus pennatulus,1
Geragnostus sp.,Didymograptus nanus,1
Geragnostus sp.,Didymograptus nitidus,1
Geragnostus sp.,Didymograptus patulus,1
Geragnostus sp.,Didymograptus sparsus,1
Geragnostus sp.,"""Didymograptus sp. 1""",1
Geragnostus sp.,Didymograptus sp.,1
Geragnostus sp.,Didymograptid indet.,1
Geragnostus sp.,Koremagraptus sp.,1
Geragnostus sp.,Dictyonema sp.,1
Geragnostus sp.,Tuboid,1
Geragnostus sp.,?Cymatograptus protobalticus,1
Geragnostus sp.,Webbyites felix,1
Geragnostus sp.,Rhabdopleura-like epibiont,1
Beltella sp.,Benthic detritus,1
Beltella sp.,Acrothele sp.,1
Beltella sp.,Plectorthis simplex,1
Beltella sp.,Angusticardinia sp.,1
Beltella sp.,Lingula salteri,1
Beltella sp.,Orbithele vana,1
Beltella sp.,Paurorthis tadristensis,1
Beltella sp.,Tarfaya marocana,1
Beltella sp.,Monobolina sp.,1
Beltella sp.,Elliptoglossa sp.,1
Beltella sp.,Celdobolus sp.,1
Beltella sp.,Discinoidea?,1
Beltella sp.,undet. Dalmanelloidea,1
Beltella sp.,Bryozoan,1
Beltella sp.,Redonia michelae,1
Beltella sp.,Coxiconchia guiraudi,1
Beltella sp.,Alococoncha?,1
Beltella sp.,Cienagomya? sp.,1
Beltella sp.,Ekaterodonta courtessolei,1
Beltella sp.,Lesueurilla prima,1
Beltella sp.,undet. Monoplacophora,1
Beltella sp.,Carcassonnella courtessolei,1
Beltella sp.,Carcassonnella vizcainoi,1
Beltella sp.,Carcassonnella sp.,1
Beltella sp.,Wiwaxiid,1
Beltella sp.,Helcionelloid,1
Beltella sp.,Priapulid,2
Beltella sp.,Enosiaspis hrungnir,1
Beltella sp., 'Synziphosurine'/Synziphosurina?,1
Beltella sp.,Possible pycnogonid,1
Beltella sp.,Possible retifaciid,1
Beltella sp.,Tariccoia tazagurtensis,1
Beltella sp.,Ostracod,1
Beltella sp.,undet. Dikelocephalidae,1
Beltella sp.,undet. Illaenacea,1
Beltella sp.,Parabathycheilus gallicus,1
Beltella sp.,Proetidae?,1
Beltella sp.,undet. Trinucleidae,1
Beltella sp.,Palaeosphaeronites sp.,1
Beltella sp.,Palaeosphaeronites? prokopi,1
Beltella sp.,Aristocystites cf. bohemicus (sinuous?),1
Beltella sp.,Aristocystites sp.,1
Beltella sp.,Balantiocystis regnelli,1
Beltella sp.,Balantiocystis sp.,1
Beltella sp.,Rhopalocystis sp.,1
Beltella sp.,Rhopalocystis dehirensis,1
Beltella sp.,Rhopalocystis destombesi,1
Beltella sp.,Rhopalocystis fraga,1
Beltella sp.,Rhopalocystis grandis,1
Beltella sp.,Rhopalocystis havliceki,1
Beltella sp.,Rhopalocystis lehmani,1
Beltella sp.,Rhopalocystis zagoraensis,1
Beltella sp.,Rhopalocystis sp. A,1
Beltella sp.,Rhopalocystis sp. B,1
Beltella sp.,Rhopalocystis sp. C,1
Beltella sp.,cf. Rhopalocystis,1
Beltella sp.,Lingulocystis aff. deani,1
Beltella sp.,Lingulocystis elongata,1
Beltella sp.,cf. Pareocrinus,1
Beltella sp.,Eocrinoidea indet. sp. 1,1
Beltella sp.,Eocrinoidea indet. sp. 2,1
Beltella sp.,Eocrinoidea indet.,1
Beltella sp.,Ramseyocrinus sp.,1
Beltella sp.,Crinoid 2,1
Beltella sp.,Aethocrinus cf. moorei,1
Beltella sp.,Iocrinus n. sp.,1
Beltella sp.,Argodiscus espilezorum,1
Beltella sp.,Anedriophus moroccoensis,1
Beltella sp.,Rhenopyrgid indet.,1
Beltella sp.,Ampelocarpus sp.,1
Beltella sp.,Amygdalotheca griffei,1
Beltella sp.,Anatifopsis escandei,1
Beltella sp.,Anatifopsis trapeziiformis,1
Beltella sp.,Anatifopsis sp.,1
Beltella sp.,"Anomalocystid n. gen., n. sp. ",1
Beltella sp.,Aspidocarpus sp.,1
Beltella sp.,Balanocystites primus,1
Beltella sp.,Bohemiaecystis,1
Beltella sp.,Chauvelicystis ubaghsi,1
Beltella sp.,Chauvelicystis spinosa,1
Beltella sp.,Chauvelicystis vizcainoi,1
Beltella sp.,Chauvelicystis sp.,1
Beltella sp.,"Chauvelicystid n. gen., n. sp. 1",1
Beltella sp.,"Chauvelicystid n. gen., n. sp. 2",1
Beltella sp.,Chinianocarpos sp.,1
Beltella sp.,"Cornuta n. gen. 1, n. sp.",1
Beltella sp.,"Cornuta n. gen. 2, n. sp.",1
Beltella sp.,Flabellicarpus rushtoni,1
Beltella sp.,Galliaecystis n. sp.,1
Beltella sp.,Galliaecystis ubaghsi,1
Beltella sp.,Lagynocystis pyramidalis,1
Beltella sp.,Kirkocystidae?,1
Beltella sp.,Lyricocarpus courtessolei,1
Beltella sp.,Milonicystis sp.,1
Beltella sp.,Mitrocystitid indet. cf. Ovocarpus,1
Beltella sp.,Nanocarpus cf. dolambii,1
Beltella sp.,Phyllocystis blayaci,1
Beltella sp.,Procothurnocystis n. sp.,1
Beltella sp.,Prokopicystis sp.,1
Beltella sp.,Thoralicystis zagoraensis,1
Beltella sp.,Vizcainocarpus sp.,1
Beltella sp.,Peltocystis cornuta,1
Beltella sp.,Macrocystella sp.,1
Beltella sp.,Macrocystella bohemica,1
Beltella sp.,Macrocystella cf. mariae,1
Beltella sp.,Macrocystella tasseftensis,1
Beltella sp.,undet. Ophiuroidea,1
Beltella sp.,Didymograptus cf. arcuatus,1
Beltella sp.,Didymograptus deflexus,1
Beltella sp.,Didymograptus extensus,1
Beltella sp.,Didymograptus v-fractus,1
Beltella sp.,Didymograptus intendus,1
Beltella sp.,Didymograptus pennatulus,1
Beltella sp.,Didymograptus nanus,1
Beltella sp.,Didymograptus nitidus,1
Beltella sp.,Didymograptus patulus,1
Beltella sp.,Didymograptus sparsus,1
Beltella sp.,"""Didymograptus sp. 1""",1
Beltella sp.,Didymograptus sp.,1
Beltella sp.,Didymograptid indet.,1
Beltella sp.,Koremagraptus sp.,1
Beltella sp.,Dictyonema sp.,1
Beltella sp.,Tuboid,1
Beltella sp.,?Cymatograptus protobalticus,1
Beltella sp.,Webbyites felix,1
Beltella sp.,Rhabdopleura-like epibiont,1
Ampyx priscus,suspended organic matter,2
Ampyx priscus,Benthic detritus,2
Ampyx cf. priscus,suspended organic matter,2
Ampyx cf. priscus,Benthic detritus,2
Ceraurinella? sp.,Benthic detritus,1
Ceraurinella? sp.,Acrothele sp.,1
Ceraurinella? sp.,Plectorthis simplex,1
Ceraurinella? sp.,Angusticardinia sp.,1
Ceraurinella? sp.,Lingula salteri,1
Ceraurinella? sp.,Orbithele vana,1
Ceraurinella? sp.,Paurorthis tadristensis,1
Ceraurinella? sp.,Tarfaya marocana,1
Ceraurinella? sp.,Monobolina sp.,1
Ceraurinella? sp.,Elliptoglossa sp.,1
Ceraurinella? sp.,Celdobolus sp.,1
Ceraurinella? sp.,Discinoidea?,1
Ceraurinella? sp.,undet. Dalmanelloidea,1
Ceraurinella? sp.,Bryozoan,1
Ceraurinella? sp.,Redonia michelae,1
Ceraurinella? sp.,Coxiconchia guiraudi,1
Ceraurinella? sp.,Alococoncha?,1
Ceraurinella? sp.,Cienagomya? sp.,1
Ceraurinella? sp.,Ekaterodonta courtessolei,1
Ceraurinella? sp.,Lesueurilla prima,1
Ceraurinella? sp.,undet. Monoplacophora,1
Ceraurinella? sp.,Carcassonnella courtessolei,1
Ceraurinella? sp.,Carcassonnella vizcainoi,1
Ceraurinella? sp.,Carcassonnella sp.,1
Ceraurinella? sp.,Wiwaxiid,1
Ceraurinella? sp.,Helcionelloid,1
Ceraurinella? sp.,Priapulid,2
Ceraurinella? sp.,Enosiaspis hrungnir,1
Ceraurinella? sp., 'Synziphosurine'/Synziphosurina?,1
Ceraurinella? sp.,Possible pycnogonid,1
Ceraurinella? sp.,Possible retifaciid,1
Ceraurinella? sp.,Tariccoia tazagurtensis,1
Ceraurinella? sp.,Ostracod,1
Ceraurinella? sp.,undet. Dikelocephalidae,1
Ceraurinella? sp.,undet. Illaenacea,1
Ceraurinella? sp.,Parabathycheilus gallicus,1
Ceraurinella? sp.,Proetidae?,1
Ceraurinella? sp.,undet. Trinucleidae,1
Ceraurinella? sp.,Palaeosphaeronites sp.,1
Ceraurinella? sp.,Palaeosphaeronites? prokopi,1
Ceraurinella? sp.,Aristocystites cf. bohemicus (sinuous?),1
Ceraurinella? sp.,Aristocystites sp.,1
Ceraurinella? sp.,Balantiocystis regnelli,1
Ceraurinella? sp.,Balantiocystis sp.,1
Ceraurinella? sp.,Rhopalocystis sp.,1
Ceraurinella? sp.,Rhopalocystis dehirensis,1
Ceraurinella? sp.,Rhopalocystis destombesi,1
Ceraurinella? sp.,Rhopalocystis fraga,1
Ceraurinella? sp.,Rhopalocystis grandis,1
Ceraurinella? sp.,Rhopalocystis havliceki,1
Ceraurinella? sp.,Rhopalocystis lehmani,1
Ceraurinella? sp.,Rhopalocystis zagoraensis,1
Ceraurinella? sp.,Rhopalocystis sp. A,1
Ceraurinella? sp.,Rhopalocystis sp. B,1
Ceraurinella? sp.,Rhopalocystis sp. C,1
Ceraurinella? sp.,cf. Rhopalocystis,1
Ceraurinella? sp.,Lingulocystis aff. deani,1
Ceraurinella? sp.,Lingulocystis elongata,1
Ceraurinella? sp.,cf. Pareocrinus,1
Ceraurinella? sp.,Eocrinoidea indet. sp. 1,1
Ceraurinella? sp.,Eocrinoidea indet. sp. 2,1
Ceraurinella? sp.,Eocrinoidea indet.,1
Ceraurinella? sp.,Ramseyocrinus sp.,1
Ceraurinella? sp.,Crinoid 2,1
Ceraurinella? sp.,Aethocrinus cf. moorei,1
Ceraurinella? sp.,Iocrinus n. sp.,1
Ceraurinella? sp.,Argodiscus espilezorum,1
Ceraurinella? sp.,Anedriophus moroccoensis,1
Ceraurinella? sp.,Rhenopyrgid indet.,1
Ceraurinella? sp.,Ampelocarpus sp.,1
Ceraurinella? sp.,Amygdalotheca griffei,1
Ceraurinella? sp.,Anatifopsis escandei,1
Ceraurinella? sp.,Anatifopsis trapeziiformis,1
Ceraurinella? sp.,Anatifopsis sp.,1
Ceraurinella? sp.,"Anomalocystid n. gen., n. sp. ",1
Ceraurinella? sp.,Aspidocarpus sp.,1
Ceraurinella? sp.,Balanocystites primus,1
Ceraurinella? sp.,Bohemiaecystis,1
Ceraurinella? sp.,Chauvelicystis ubaghsi,1
Ceraurinella? sp.,Chauvelicystis spinosa,1
Ceraurinella? sp.,Chauvelicystis vizcainoi,1
Ceraurinella? sp.,Chauvelicystis sp.,1
Ceraurinella? sp.,"Chauvelicystid n. gen., n. sp. 1",1
Ceraurinella? sp.,"Chauvelicystid n. gen., n. sp. 2",1
Ceraurinella? sp.,Chinianocarpos sp.,1
Ceraurinella? sp.,"Cornuta n. gen. 1, n. sp.",1
Ceraurinella? sp.,"Cornuta n. gen. 2, n. sp.",1
Ceraurinella? sp.,Flabellicarpus rushtoni,1
Ceraurinella? sp.,Galliaecystis n. sp.,1
Ceraurinella? sp.,Galliaecystis ubaghsi,1
Ceraurinella? sp.,Lagynocystis pyramidalis,1
Ceraurinella? sp.,Kirkocystidae?,1
Ceraurinella? sp.,Lyricocarpus courtessolei,1
Ceraurinella? sp.,Milonicystis sp.,1
Ceraurinella? sp.,Mitrocystitid indet. cf. Ovocarpus,1
Ceraurinella? sp.,Nanocarpus cf. dolambii,1
Ceraurinella? sp.,Phyllocystis blayaci,1
Ceraurinella? sp.,Procothurnocystis n. sp.,1
Ceraurinella? sp.,Prokopicystis sp.,1
Ceraurinella? sp.,Thoralicystis zagoraensis,1
Ceraurinella? sp.,Vizcainocarpus sp.,1
Ceraurinella? sp.,Peltocystis cornuta,1
Ceraurinella? sp.,Macrocystella sp.,1
Ceraurinella? sp.,Macrocystella bohemica,1
Ceraurinella? sp.,Macrocystella cf. mariae,1
Ceraurinella? sp.,Macrocystella tasseftensis,1
Ceraurinella? sp.,undet. Ophiuroidea,1
Ceraurinella? sp.,Didymograptus cf. arcuatus,1
Ceraurinella? sp.,Didymograptus deflexus,1
Ceraurinella? sp.,Didymograptus extensus,1
Ceraurinella? sp.,Didymograptus v-fractus,1
Ceraurinella? sp.,Didymograptus intendus,1
Ceraurinella? sp.,Didymograptus pennatulus,1
Ceraurinella? sp.,Didymograptus nanus,1
Ceraurinella? sp.,Didymograptus nitidus,1
Ceraurinella? sp.,Didymograptus patulus,1
Ceraurinella? sp.,Didymograptus sparsus,1
Ceraurinella? sp.,"""Didymograptus sp. 1""",1
Ceraurinella? sp.,Didymograptus sp.,1
Ceraurinella? sp.,Didymograptid indet.,1
Ceraurinella? sp.,Koremagraptus sp.,1
Ceraurinella? sp.,Dictyonema sp.,1
Ceraurinella? sp.,Tuboid,1
Ceraurinella? sp.,?Cymatograptus protobalticus,1
Ceraurinella? sp.,Webbyites felix,1
Ceraurinella? sp.,Rhabdopleura-like epibiont,1
Megalaspidella sp.,Benthic detritus,1
Megalaspidella sp.,Ranorthis fasciata,1
Megalaspidella sp.,Acrothele sp.,1
Megalaspidella sp.,Plectorthis simplex,1
Megalaspidella sp.,Angusticardinia sp.,1
Megalaspidella sp.,Lingula salteri,1
Megalaspidella sp.,Orbithele vana,1
Megalaspidella sp.,Paurorthis tadristensis,1
Megalaspidella sp.,Tarfaya marocana,1
Megalaspidella sp.,Wosekella sp.,1
Megalaspidella sp.,Monobolina sp.,1
Megalaspidella sp.,Elliptoglossa sp.,1
Megalaspidella sp.,Celdobolus sp.,1
Megalaspidella sp.,Discinoidea?,1
Megalaspidella sp.,undet. Dalmanelloidea,1
Megalaspidella sp.,Bryozoan,1
Megalaspidella sp.,Ctenodonta escosurae,1
Megalaspidella sp.,Redonia michelae,1
Megalaspidella sp.,Coxiconchia guiraudi,1
Megalaspidella sp.,Alococoncha?,1
Megalaspidella sp.,Cardiolaria? sp.,1
Megalaspidella sp.,Cienagomya? sp.,1
Megalaspidella sp.,Ekaterodonta courtessolei,1
Megalaspidella sp.,Glyptarca sp.,1
Megalaspidella sp.,Lesueurilla prima,1
Megalaspidella sp.,undet. Monoplacophora,1
Megalaspidella sp.,Carcassonnella courtessolei,1
Megalaspidella sp.,Carcassonnella vizcainoi,1
Megalaspidella sp.,Carcassonnella sp.,1
Megalaspidella sp.,Wiwaxiid,1
Megalaspidella sp.,Helcionelloid,1
Megalaspidella sp.,Priapulid,2
Megalaspidella sp.,Large taxon with spinose limbs,1
Megalaspidella sp.,Small taxon with spinose limbs,1
Megalaspidella sp.,Armoured lobopodian 1,1
Megalaspidella sp.,Armoured lobopodian 2,1
Megalaspidella sp.,Armoured lobopodian 3,1
Megalaspidella sp.,Diania-like lobopodian,1
Megalaspidella sp.,Enosiaspis hrungnir,1
Megalaspidella sp., 'Synziphosurine'/Synziphosurina?,1
Megalaspidella sp.,Possible pycnogonid,1
Megalaspidella sp.,Possible retifaciid,1
Megalaspidella sp.,Tariccoia tazagurtensis,1
Megalaspidella sp.,Ostracod,1
Megalaspidella sp.,undet. Dikelocephalidae,1
Megalaspidella sp.,undet. Illaenacea,1
Megalaspidella sp.,Orometopus sp.,1
Megalaspidella sp.,Agerina quadrata,1
Megalaspidella sp.,Geragnostus aff. occitanus,1
Megalaspidella sp.,Geragnostus sp.,1
Megalaspidella sp.,Ampyx priscus,1
Megalaspidella sp.,Ampyx cf. priscus,1
Megalaspidella sp.,Parabathycheilus gallicus,1
Megalaspidella sp.,Proetidae?,1
Megalaspidella sp.,undet. Trinucleidae,1
Megalaspidella sp.,Nileus deynouxi,1
Megalaspidella sp.,Hospes sp.,1
Megalaspidella sp.,Palaeosphaeronites sp.,1
Megalaspidella sp.,Palaeosphaeronites? prokopi,1
Megalaspidella sp.,Aristocystites cf. bohemicus (sinuous?),1
Megalaspidella sp.,Aristocystites sp.,1
Megalaspidella sp.,Balantiocystis regnelli,1
Megalaspidella sp.,Balantiocystis sp.,1
Megalaspidella sp.,Rhopalocystis sp.,1
Megalaspidella sp.,Rhopalocystis dehirensis,1
Megalaspidella sp.,Rhopalocystis destombesi,1
Megalaspidella sp.,Rhopalocystis fraga,1
Megalaspidella sp.,Rhopalocystis grandis,1
Megalaspidella sp.,Rhopalocystis havliceki,1
Megalaspidella sp.,Rhopalocystis lehmani,1
Megalaspidella sp.,Rhopalocystis zagoraensis,1
Megalaspidella sp.,Rhopalocystis sp. A,1
Megalaspidella sp.,Rhopalocystis sp. B,1
Megalaspidella sp.,Rhopalocystis sp. C,1
Megalaspidella sp.,cf. Rhopalocystis,1
Megalaspidella sp.,Lingulocystis aff. deani,1
Megalaspidella sp.,Lingulocystis elongata,1
Megalaspidella sp.,cf. Pareocrinus,1
Megalaspidella sp.,Eocrinoidea indet. sp. 1,1
Megalaspidella sp.,Eocrinoidea indet. sp. 2,1
Megalaspidella sp.,Eocrinoidea indet.,1
Megalaspidella sp.,Ramseyocrinus sp.,1
Megalaspidella sp.,Crinoid 2,1
Megalaspidella sp.,Aethocrinus cf. moorei,1
Megalaspidella sp.,Iocrinus n. sp.,1
Megalaspidella sp.,Cystoidea?/undet. Cystoidea,1
Megalaspidella sp.,Argodiscus espilezorum,1
Megalaspidella sp.,Anedriophus moroccoensis,1
Megalaspidella sp.,Rhenopyrgid indet.,1
Megalaspidella sp.,Ampelocarpus sp.,1
Megalaspidella sp.,Amygdalotheca griffei,1
Megalaspidella sp.,Anatifopsis escandei,1
Megalaspidella sp.,Anatifopsis trapeziiformis,1
Megalaspidella sp.,Anatifopsis sp.,1
Megalaspidella sp.,"Anomalocystid n. gen., n. sp. ",1
Megalaspidella sp.,Aspidocarpus sp.,1
Megalaspidella sp.,Arauricystis? sp.,1
Megalaspidella sp.,Balanocystites primus,1
Megalaspidella sp.,Bohemiaecystis,1
Megalaspidella sp.,Chauvelicystis ubaghsi,1
Megalaspidella sp.,Chauvelicystis spinosa,1
Megalaspidella sp.,Chauvelicystis vizcainoi,1
Megalaspidella sp.,Chauvelicystis sp.,1
Megalaspidella sp.,"Chauvelicystid n. gen., n. sp. 1",1
Megalaspidella sp.,"Chauvelicystid n. gen., n. sp. 2",1
Megalaspidella sp.,Chinianocarpos sp.,1
Megalaspidella sp.,"Cornuta n. gen. 1, n. sp.",1
Megalaspidella sp.,"Cornuta n. gen. 2, n. sp.",1
Megalaspidella sp.,Flabellicarpus rushtoni,1
Megalaspidella sp.,Galliaecystis n. sp.,1
Megalaspidella sp.,Galliaecystis ubaghsi,1
Megalaspidella sp.,Lagynocystis pyramidalis,1
Megalaspidella sp.,Kirkocystidae?,1
Megalaspidella sp.,Lyricocarpus courtessolei,1
Megalaspidella sp.,Milonicystis sp.,1
Megalaspidella sp.,Mitrocystitid indet. cf. Ovocarpus,1
Megalaspidella sp.,Nanocarpus cf. dolambii,1
Megalaspidella sp.,Phyllocystis blayaci,1
Megalaspidella sp.,Phyllocystis sp.,1
Megalaspidella sp.,Procothurnocystis n. sp.,1
Megalaspidella sp.,Prokopicystis sp.,1
Megalaspidella sp.,Thoralicystis zagoraensis,1
Megalaspidella sp.,Vizcainocarpus sp.,1
Megalaspidella sp.,Cothurnocystid indetl.,1
Megalaspidella sp.,Peltocystis cornuta,1
Megalaspidella sp.,Scotiaevystis? sp.,1
Megalaspidella sp.,Macrocystella sp.,1
Megalaspidella sp.,Macrocystella bohemica,1
Megalaspidella sp.,Macrocystella cf. mariae,1
Megalaspidella sp.,Macrocystella tasseftensis,1
Megalaspidella sp.,undet. Ophiuroidea,1
Megalaspidella sp.,Didymograptus cf. arcuatus,1
Megalaspidella sp.,Didymograptus deflexus,1
Megalaspidella sp.,Didymograptus extensus,1
Megalaspidella sp.,Didymograptus v-fractus,1
Megalaspidella sp.,Didymograptus intendus,1
Megalaspidella sp.,Didymograptus pennatulus,1
Megalaspidella sp.,Didymograptus nanus,1
Megalaspidella sp.,Didymograptus nitidus,1
Megalaspidella sp.,Didymograptus patulus,1
Megalaspidella sp.,Didymograptus sparsus,1
Megalaspidella sp.,"""Didymograptus sp. 1""",1
Megalaspidella sp.,Didymograptus sp.,1
Megalaspidella sp.,Didymograptid indet.,1
Megalaspidella sp.,Koremagraptus sp.,1
Megalaspidella sp.,Dictyonema sp.,1
Megalaspidella sp.,Tuboid,1
Megalaspidella sp.,?Cymatograptus protobalticus,1
Megalaspidella sp.,Webbyites felix,1
Megalaspidella sp.,Rhabdopleura-like epibiont,1
Megalaspidella sp.,Hyolithes sp.,1
Megistaspis (Ekeraspis) cf. filacovi,Benthic detritus,2
Megistaspis (Ekeraspis) sp. indet.,Benthic detritus,2
Megistaspis (Ekeraspis) hammondi,Benthic detritus,2
Megistaspis (Ekeraspis) hammondi forteyi,Benthic detritus,2
Neseuretus cf. attenuatus,Benthic detritus,1
Neseuretus cf. attenuatus,Ranorthis fasciata,1
Neseuretus cf. attenuatus,undet. Athyridida,1
Neseuretus cf. attenuatus,Acrothele sp.,1
Neseuretus cf. attenuatus,Plectorthis simplex,1
Neseuretus cf. attenuatus,Angusticardinia sp.,1
Neseuretus cf. attenuatus,Lingula salteri,1
Neseuretus cf. attenuatus,Orbithele vana,1
Neseuretus cf. attenuatus,Paurorthis tadristensis,1
Neseuretus cf. attenuatus,Tarfaya marocana,1
Neseuretus cf. attenuatus,Wosekella sp.,1
Neseuretus cf. attenuatus,Monobolina sp.,1
Neseuretus cf. attenuatus,Elliptoglossa sp.,1
Neseuretus cf. attenuatus,Celdobolus sp.,1
Neseuretus cf. attenuatus,Discinoidea?,1
Neseuretus cf. attenuatus,undet. Dalmanelloidea,1
Neseuretus cf. attenuatus,Bryozoan,1
Neseuretus cf. attenuatus,Ctenodonta escosurae,1
Neseuretus cf. attenuatus,Praenucula sp.,1
Neseuretus cf. attenuatus,Redonia michelae,1
Neseuretus cf. attenuatus,Coxiconchia guiraudi,1
Neseuretus cf. attenuatus,Alococoncha?,1
Neseuretus cf. attenuatus,Cardiolaria? sp.,1
Neseuretus cf. attenuatus,Cienagomya? sp.,1
Neseuretus cf. attenuatus,Ekaterodonta courtessolei,1
Neseuretus cf. attenuatus,Glyptarca sp.,1
Neseuretus cf. attenuatus,Sinuites sp.,1
Neseuretus cf. attenuatus,Lesueurilla prima,1
Neseuretus cf. attenuatus,undet. Platyceratoidea,1
Neseuretus cf. attenuatus,undet. Monoplacophora,1
Neseuretus cf. attenuatus,Carcassonnella courtessolei,1
Neseuretus cf. attenuatus,Carcassonnella vizcainoi,1
Neseuretus cf. attenuatus,Carcassonnella sp.,1
Neseuretus cf. attenuatus,Ribeiria sp.,1
Neseuretus cf. attenuatus,Tolmachovia?,1
Neseuretus cf. attenuatus,Wiwaxiid,1
Neseuretus cf. attenuatus,Halkieriid,1
Neseuretus cf. attenuatus,Helcionelloid,1
Neseuretus cf. attenuatus,Calvapilosa kroegeri,1
Neseuretus cf. attenuatus,Possible phyllodocid,2
Neseuretus cf. attenuatus,Palaeoscolex cf. tenensis,2
Neseuretus cf. attenuatus,Priapulid,2
Neseuretus cf. attenuatus,Large taxon with spinose limbs,1
Neseuretus cf. attenuatus,Small taxon with spinose limbs,1
Neseuretus cf. attenuatus,Armoured lobopodian 1,1
Neseuretus cf. attenuatus,Armoured lobopodian 2,1
Neseuretus cf. attenuatus,Armoured lobopodian 3,1
Neseuretus cf. attenuatus,Diania-like lobopodian,1
Neseuretus cf. attenuatus,Furca sp. 1,1
Neseuretus cf. attenuatus,Furca sp. 2,1
Neseuretus cf. attenuatus,Furca sp. 3,1
Neseuretus cf. attenuatus,Enosiaspis hrungnir,1
Neseuretus cf. attenuatus,Possible waptiid,1
Neseuretus cf. attenuatus, 'Synziphosurine'/Synziphosurina?,1
Neseuretus cf. attenuatus,Chasmataspidid,1
Neseuretus cf. attenuatus,Possible pycnogonid,1
Neseuretus cf. attenuatus,Possible retifaciid,1
Neseuretus cf. attenuatus,Tariccoia tazagurtensis,1
Neseuretus cf. attenuatus,Chlupacaris? sp.,1
Neseuretus cf. attenuatus,Cheloniellid,1
Neseuretus cf. attenuatus,Phyllocarid,1
Neseuretus cf. attenuatus,Ostracod,1
Neseuretus cf. attenuatus,Lepadomorph barnacle,1
Neseuretus cf. attenuatus,Eoduslia,1
Neseuretus cf. attenuatus,Apatokephalus cf. incisus,1
Neseuretus cf. attenuatus,undet. Dikelocephalidae,1
Neseuretus cf. attenuatus,undet. Illaenacea,1
Neseuretus cf. attenuatus,Orometopus sp.,1
Neseuretus cf. attenuatus,Cnemidopyge sp.,1
Neseuretus cf. attenuatus,Selenopeltis sp. 1,1
Neseuretus cf. attenuatus,Selenopeltis sp. 2,1
Neseuretus cf. attenuatus,Foulonia peregrina,1
Neseuretus cf. attenuatus,Foulonia sp.,1
Neseuretus cf. attenuatus,Toletanaspis aff. borni,1
Neseuretus cf. attenuatus,undet. Dalmanitacea,1
Neseuretus cf. attenuatus,Bathycheilus gallicus,1
Neseuretus cf. attenuatus,Bavarilla aff. zemmourensis,1
Neseuretus cf. attenuatus,Bavarilla zemmourensis,1
Neseuretus cf. attenuatus,Colpocoryphe thorali,1
Neseuretus cf. attenuatus,Colpocoryphe pradesensis,1
Neseuretus cf. attenuatus,Pharostoma sp.,1
Neseuretus cf. attenuatus,Pharostomina sp. ,1
Neseuretus cf. attenuatus,Agerina quadrata,1
Neseuretus cf. attenuatus,Geragnostus aff. occitanus,1
Neseuretus cf. attenuatus,Geragnostus sp.,1
Neseuretus cf. attenuatus,Beltella sp.,1
Neseuretus cf. attenuatus,Ampyx priscus,1
Neseuretus cf. attenuatus,Ampyx cf. priscus,1
Neseuretus cf. attenuatus,Parabathycheilus gallicus,1
Neseuretus cf. attenuatus,Proetidae?,1
Neseuretus cf. attenuatus,undet. Trinucleidae,1
Neseuretus cf. attenuatus,Eoharpes sp.,1
Neseuretus cf. attenuatus,Nileus deynouxi,1
Neseuretus cf. attenuatus,Hospes sp.,1
Neseuretus cf. attenuatus,Ogygiocaris sp.,1
Neseuretus cf. attenuatus,cf. Niobella sp.,1
Neseuretus cf. attenuatus,Somasteroid indet. n. sp. 1,1
Neseuretus cf. attenuatus,Somasteroid indet. n. sp. 2,1
Neseuretus cf. attenuatus,Somasteroid indet. n. sp. 3,1
Neseuretus cf. attenuatus,Somasteroid indet.,1
Neseuretus cf. attenuatus,undet. Asteroidea,1
Neseuretus cf. attenuatus,Palaeosphaeronites sp.,1
Neseuretus cf. attenuatus,Palaeosphaeronites? prokopi,1
Neseuretus cf. attenuatus,Aristocystites cf. bohemicus (sinuous?),1
Neseuretus cf. attenuatus,Aristocystites sp.,1
Neseuretus cf. attenuatus,Balantiocystis regnelli,1
Neseuretus cf. attenuatus,Balantiocystis sp.,1
Neseuretus cf. attenuatus,Rhopalocystis sp.,1
Neseuretus cf. attenuatus,Rhopalocystis dehirensis,1
Neseuretus cf. attenuatus,Rhopalocystis destombesi,1
Neseuretus cf. attenuatus,Rhopalocystis fraga,1
Neseuretus cf. attenuatus,Rhopalocystis grandis,1
Neseuretus cf. attenuatus,Rhopalocystis havliceki,1
Neseuretus cf. attenuatus,Rhopalocystis lehmani,1
Neseuretus cf. attenuatus,Rhopalocystis zagoraensis,1
Neseuretus cf. attenuatus,Rhopalocystis sp. A,1
Neseuretus cf. attenuatus,Rhopalocystis sp. B,1
Neseuretus cf. attenuatus,Rhopalocystis sp. C,1
Neseuretus cf. attenuatus,cf. Rhopalocystis,1
Neseuretus cf. attenuatus,Lingulocystis aff. deani,1
Neseuretus cf. attenuatus,Lingulocystis elongata,1
Neseuretus cf. attenuatus,cf. Pareocrinus,1
Neseuretus cf. attenuatus,Eocrinoidea indet. sp. 1,1
Neseuretus cf. attenuatus,Eocrinoidea indet. sp. 2,1
Neseuretus cf. attenuatus,Eocrinoidea indet.,1
Neseuretus cf. attenuatus,Ramseyocrinus sp.,1
Neseuretus cf. attenuatus,Crinoid 2,1
Neseuretus cf. attenuatus,Aethocrinus cf. moorei,1
Neseuretus cf. attenuatus,Iocrinus n. sp.,1
Neseuretus cf. attenuatus,Cystoidea?/undet. Cystoidea,1
Neseuretus cf. attenuatus,Argodiscus espilezorum,1
Neseuretus cf. attenuatus,Anedriophus moroccoensis,1
Neseuretus cf. attenuatus,Rhenopyrgid indet.,1
Neseuretus cf. attenuatus,Ampelocarpus sp.,1
Neseuretus cf. attenuatus,Amygdalotheca griffei,1
Neseuretus cf. attenuatus,Anatifopsis escandei,1
Neseuretus cf. attenuatus,Anatifopsis trapeziiformis,1
Neseuretus cf. attenuatus,Anatifopsis sp.,1
Neseuretus cf. attenuatus,"Anomalocystid n. gen., n. sp. ",1
Neseuretus cf. attenuatus,Aspidocarpus sp.,1
Neseuretus cf. attenuatus,Arauricystis? sp.,1
Neseuretus cf. attenuatus,Balanocystites primus,1
Neseuretus cf. attenuatus,Bohemiaecystis,1
Neseuretus cf. attenuatus,Chauvelicystis ubaghsi,1
Neseuretus cf. attenuatus,Chauvelicystis spinosa,1
Neseuretus cf. attenuatus,Chauvelicystis vizcainoi,1
Neseuretus cf. attenuatus,Chauvelicystis sp.,1
Neseuretus cf. attenuatus,"Chauvelicystid n. gen., n. sp. 1",1
Neseuretus cf. attenuatus,"Chauvelicystid n. gen., n. sp. 2",1
Neseuretus cf. attenuatus,Chinianocarpos sp.,1
Neseuretus cf. attenuatus,"Cornuta n. gen. 1, n. sp.",1
Neseuretus cf. attenuatus,"Cornuta n. gen. 2, n. sp.",1
Neseuretus cf. attenuatus,Flabellicarpus rushtoni,1
Neseuretus cf. attenuatus,Flabellicarpus?,1
Neseuretus cf. attenuatus,Galliaecystis n. sp.,1
Neseuretus cf. attenuatus,Galliaecystis ubaghsi,1
Neseuretus cf. attenuatus,Hanusia n. sp.,1
Neseuretus cf. attenuatus,Lagynocystis pyramidalis,1
Neseuretus cf. attenuatus,Kirkocystidae?,1
Neseuretus cf. attenuatus,Lyricocarpus courtessolei,1
Neseuretus cf. attenuatus,Milonicystis sp.,1
Neseuretus cf. attenuatus,Mitrocystitid indet. cf. Ovocarpus,1
Neseuretus cf. attenuatus,Nanocarpus cf. dolambii,1
Neseuretus cf. attenuatus,Phyllocystis blayaci,1
Neseuretus cf. attenuatus,Phyllocystis sp.,1
Neseuretus cf. attenuatus,Procothurnocystis n. sp.,1
Neseuretus cf. attenuatus,Prokopicystis sp.,1
Neseuretus cf. attenuatus,Thoralicystis zagoraensis,1
Neseuretus cf. attenuatus,Thoralicystis n. sp.,1
Neseuretus cf. attenuatus,Vizcainocarpus sp.,1
Neseuretus cf. attenuatus,Cothurnocystid indetl.,1
Neseuretus cf. attenuatus,Hanusiid indet.,1
Neseuretus cf. attenuatus,Peltocystis cornuta,1
Neseuretus cf. attenuatus,Scotiaevystis? sp.,1
Neseuretus cf. attenuatus,Macrocystella sp.,1
Neseuretus cf. attenuatus,Macrocystella bohemica,1
Neseuretus cf. attenuatus,Macrocystella cf. mariae,1
Neseuretus cf. attenuatus,Macrocystella tasseftensis,1
Neseuretus cf. attenuatus,undet. Ophiuroidea,1
Neseuretus cf. attenuatus,Didymograptus cf. arcuatus,1
Neseuretus cf. attenuatus,Didymograptus deflexus,1
Neseuretus cf. attenuatus,Didymograptus extensus,1
Neseuretus cf. attenuatus,Didymograptus v-fractus,1
Neseuretus cf. attenuatus,Didymograptus intendus,1
Neseuretus cf. attenuatus,Didymograptus pennatulus,1
Neseuretus cf. attenuatus,Didymograptus nanus,1
Neseuretus cf. attenuatus,Didymograptus nitidus,1
Neseuretus cf. attenuatus,Didymograptus patulus,1
Neseuretus cf. attenuatus,Didymograptus sparsus,1
Neseuretus cf. attenuatus,"""Didymograptus sp. 1""",1
Neseuretus cf. attenuatus,Didymograptus sp.,1
Neseuretus cf. attenuatus,Didymograptid indet.,1
Neseuretus cf. attenuatus,Koremagraptus sp.,1
Neseuretus cf. attenuatus,Dictyonema sp.,1
Neseuretus cf. attenuatus,Tuboid,1
Neseuretus cf. attenuatus,?Cymatograptus protobalticus,1
Neseuretus cf. attenuatus,Webbyites felix,1
Neseuretus cf. attenuatus,Rhabdopleura-like epibiont,1
Neseuretus cf. attenuatus,Hyolithes sp.,1
Neseuretus cf. attenuatus,Pauxillites thaddei,1
Neseuretus aff. attenuatus,Benthic detritus,1
Neseuretus aff. attenuatus,Ranorthis fasciata,1
Neseuretus aff. attenuatus,undet. Athyridida,1
Neseuretus aff. attenuatus,Acrothele sp.,1
Neseuretus aff. attenuatus,Plectorthis simplex,1
Neseuretus aff. attenuatus,Angusticardinia sp.,1
Neseuretus aff. attenuatus,Lingula salteri,1
Neseuretus aff. attenuatus,Orbithele vana,1
Neseuretus aff. attenuatus,Paurorthis tadristensis,1
Neseuretus aff. attenuatus,Tarfaya marocana,1
Neseuretus aff. attenuatus,Wosekella sp.,1
Neseuretus aff. attenuatus,Monobolina sp.,1
Neseuretus aff. attenuatus,Elliptoglossa sp.,1
Neseuretus aff. attenuatus,Celdobolus sp.,1
Neseuretus aff. attenuatus,Discinoidea?,1
Neseuretus aff. attenuatus,undet. Dalmanelloidea,1
Neseuretus aff. attenuatus,Bryozoan,1
Neseuretus aff. attenuatus,Ctenodonta escosurae,1
Neseuretus aff. attenuatus,Praenucula sp.,1
Neseuretus aff. attenuatus,Redonia michelae,1
Neseuretus aff. attenuatus,Coxiconchia guiraudi,1
Neseuretus aff. attenuatus,Alococoncha?,1
Neseuretus aff. attenuatus,Cardiolaria? sp.,1
Neseuretus aff. attenuatus,Cienagomya? sp.,1
Neseuretus aff. attenuatus,Ekaterodonta courtessolei,1
Neseuretus aff. attenuatus,Glyptarca sp.,1
Neseuretus aff. attenuatus,Sinuites sp.,1
Neseuretus aff. attenuatus,Lesueurilla prima,1
Neseuretus aff. attenuatus,undet. Platyceratoidea,1
Neseuretus aff. attenuatus,undet. Monoplacophora,1
Neseuretus aff. attenuatus,Carcassonnella courtessolei,1
Neseuretus aff. attenuatus,Carcassonnella vizcainoi,1
Neseuretus aff. attenuatus,Carcassonnella sp.,1
Neseuretus aff. attenuatus,Ribeiria sp.,1
Neseuretus aff. attenuatus,Tolmachovia?,1
Neseuretus aff. attenuatus,Wiwaxiid,1
Neseuretus aff. attenuatus,Halkieriid,1
Neseuretus aff. attenuatus,Helcionelloid,1
Neseuretus aff. attenuatus,Calvapilosa kroegeri,1
Neseuretus aff. attenuatus,Possible phyllodocid,2
Neseuretus aff. attenuatus,Palaeoscolex cf. tenensis,2
Neseuretus aff. attenuatus,Priapulid,2
Neseuretus aff. attenuatus,Large taxon with spinose limbs,1
Neseuretus aff. attenuatus,Small taxon with spinose limbs,1
Neseuretus aff. attenuatus,Armoured lobopodian 1,1
Neseuretus aff. attenuatus,Armoured lobopodian 2,1
Neseuretus aff. attenuatus,Armoured lobopodian 3,1
Neseuretus aff. attenuatus,Diania-like lobopodian,1
Neseuretus aff. attenuatus,Furca sp. 1,1
Neseuretus aff. attenuatus,Furca sp. 2,1
Neseuretus aff. attenuatus,Furca sp. 3,1
Neseuretus aff. attenuatus,Enosiaspis hrungnir,1
Neseuretus aff. attenuatus,Possible waptiid,1
Neseuretus aff. attenuatus, 'Synziphosurine'/Synziphosurina?,1
Neseuretus aff. attenuatus,Chasmataspidid,1
Neseuretus aff. attenuatus,Possible pycnogonid,1
Neseuretus aff. attenuatus,Possible retifaciid,1
Neseuretus aff. attenuatus,Tariccoia tazagurtensis,1
Neseuretus aff. attenuatus,Chlupacaris? sp.,1
Neseuretus aff. attenuatus,Cheloniellid,1
Neseuretus aff. attenuatus,Phyllocarid,1
Neseuretus aff. attenuatus,Ostracod,1
Neseuretus aff. attenuatus,Lepadomorph barnacle,1
Neseuretus aff. attenuatus,Eoduslia,1
Neseuretus aff. attenuatus,Apatokephalus cf. incisus,1
Neseuretus aff. attenuatus,undet. Dikelocephalidae,1
Neseuretus aff. attenuatus,undet. Illaenacea,1
Neseuretus aff. attenuatus,Orometopus sp.,1
Neseuretus aff. attenuatus,Cnemidopyge sp.,1
Neseuretus aff. attenuatus,Selenopeltis sp. 1,1
Neseuretus aff. attenuatus,Selenopeltis sp. 2,1
Neseuretus aff. attenuatus,Foulonia peregrina,1
Neseuretus aff. attenuatus,Foulonia sp.,1
Neseuretus aff. attenuatus,Toletanaspis aff. borni,1
Neseuretus aff. attenuatus,undet. Dalmanitacea,1
Neseuretus aff. attenuatus,Bathycheilus gallicus,1
Neseuretus aff. attenuatus,Bavarilla aff. zemmourensis,1
Neseuretus aff. attenuatus,Bavarilla zemmourensis,1
Neseuretus aff. attenuatus,Colpocoryphe thorali,1
Neseuretus aff. attenuatus,Colpocoryphe pradesensis,1
Neseuretus aff. attenuatus,Pharostoma sp.,1
Neseuretus aff. attenuatus,Pharostomina sp. ,1
Neseuretus aff. attenuatus,Agerina quadrata,1
Neseuretus aff. attenuatus,Geragnostus aff. occitanus,1
Neseuretus aff. attenuatus,Geragnostus sp.,1
Neseuretus aff. attenuatus,Beltella sp.,1
Neseuretus aff. attenuatus,Ampyx priscus,1
Neseuretus aff. attenuatus,Ampyx cf. priscus,1
Neseuretus aff. attenuatus,Parabathycheilus gallicus,1
Neseuretus aff. attenuatus,Proetidae?,1
Neseuretus aff. attenuatus,undet. Trinucleidae,1
Neseuretus aff. attenuatus,Eoharpes sp.,1
Neseuretus aff. attenuatus,Nileus deynouxi,1
Neseuretus aff. attenuatus,Hospes sp.,1
Neseuretus aff. attenuatus,Ogygiocaris sp.,1
Neseuretus aff. attenuatus,cf. Niobella sp.,1
Neseuretus aff. attenuatus,Somasteroid indet. n. sp. 1,1
Neseuretus aff. attenuatus,Somasteroid indet. n. sp. 2,1
Neseuretus aff. attenuatus,Somasteroid indet. n. sp. 3,1
Neseuretus aff. attenuatus,Somasteroid indet.,1
Neseuretus aff. attenuatus,undet. Asteroidea,1
Neseuretus aff. attenuatus,Palaeosphaeronites sp.,1
Neseuretus aff. attenuatus,Palaeosphaeronites? prokopi,1
Neseuretus aff. attenuatus,Aristocystites cf. bohemicus (sinuous?),1
Neseuretus aff. attenuatus,Aristocystites sp.,1
Neseuretus aff. attenuatus,Balantiocystis regnelli,1
Neseuretus aff. attenuatus,Balantiocystis sp.,1
Neseuretus aff. attenuatus,Rhopalocystis sp.,1
Neseuretus aff. attenuatus,Rhopalocystis dehirensis,1
Neseuretus aff. attenuatus,Rhopalocystis destombesi,1
Neseuretus aff. attenuatus,Rhopalocystis fraga,1
Neseuretus aff. attenuatus,Rhopalocystis grandis,1
Neseuretus aff. attenuatus,Rhopalocystis havliceki,1
Neseuretus aff. attenuatus,Rhopalocystis lehmani,1
Neseuretus aff. attenuatus,Rhopalocystis zagoraensis,1
Neseuretus aff. attenuatus,Rhopalocystis sp. A,1
Neseuretus aff. attenuatus,Rhopalocystis sp. B,1
Neseuretus aff. attenuatus,Rhopalocystis sp. C,1
Neseuretus aff. attenuatus,cf. Rhopalocystis,1
Neseuretus aff. attenuatus,Lingulocystis aff. deani,1
Neseuretus aff. attenuatus,Lingulocystis elongata,1
Neseuretus aff. attenuatus,cf. Pareocrinus,1
Neseuretus aff. attenuatus,Eocrinoidea indet. sp. 1,1
Neseuretus aff. attenuatus,Eocrinoidea indet. sp. 2,1
Neseuretus aff. attenuatus,Eocrinoidea indet.,1
Neseuretus aff. attenuatus,Ramseyocrinus sp.,1
Neseuretus aff. attenuatus,Crinoid 2,1
Neseuretus aff. attenuatus,Aethocrinus cf. moorei,1
Neseuretus aff. attenuatus,Iocrinus n. sp.,1
Neseuretus aff. attenuatus,Cystoidea?/undet. Cystoidea,1
Neseuretus aff. attenuatus,Argodiscus espilezorum,1
Neseuretus aff. attenuatus,Anedriophus moroccoensis,1
Neseuretus aff. attenuatus,Rhenopyrgid indet.,1
Neseuretus aff. attenuatus,Ampelocarpus sp.,1
Neseuretus aff. attenuatus,Amygdalotheca griffei,1
Neseuretus aff. attenuatus,Anatifopsis escandei,1
Neseuretus aff. attenuatus,Anatifopsis trapeziiformis,1
Neseuretus aff. attenuatus,Anatifopsis sp.,1
Neseuretus aff. attenuatus,"Anomalocystid n. gen., n. sp. ",1
Neseuretus aff. attenuatus,Aspidocarpus sp.,1
Neseuretus aff. attenuatus,Arauricystis? sp.,1
Neseuretus aff. attenuatus,Balanocystites primus,1
Neseuretus aff. attenuatus,Bohemiaecystis,1
Neseuretus aff. attenuatus,Chauvelicystis ubaghsi,1
Neseuretus aff. attenuatus,Chauvelicystis spinosa,1
Neseuretus aff. attenuatus,Chauvelicystis vizcainoi,1
Neseuretus aff. attenuatus,Chauvelicystis sp.,1
Neseuretus aff. attenuatus,"Chauvelicystid n. gen., n. sp. 1",1
Neseuretus aff. attenuatus,"Chauvelicystid n. gen., n. sp. 2",1
Neseuretus aff. attenuatus,Chinianocarpos sp.,1
Neseuretus aff. attenuatus,"Cornuta n. gen. 1, n. sp.",1
Neseuretus aff. attenuatus,"Cornuta n. gen. 2, n. sp.",1
Neseuretus aff. attenuatus,Flabellicarpus rushtoni,1
Neseuretus aff. attenuatus,Flabellicarpus?,1
Neseuretus aff. attenuatus,Galliaecystis n. sp.,1
Neseuretus aff. attenuatus,Galliaecystis ubaghsi,1
Neseuretus aff. attenuatus,Hanusia n. sp.,1
Neseuretus aff. attenuatus,Lagynocystis pyramidalis,1
Neseuretus aff. attenuatus,Kirkocystidae?,1
Neseuretus aff. attenuatus,Lyricocarpus courtessolei,1
Neseuretus aff. attenuatus,Milonicystis sp.,1
Neseuretus aff. attenuatus,Mitrocystitid indet. cf. Ovocarpus,1
Neseuretus aff. attenuatus,Nanocarpus cf. dolambii,1
Neseuretus aff. attenuatus,Phyllocystis blayaci,1
Neseuretus aff. attenuatus,Phyllocystis sp.,1
Neseuretus aff. attenuatus,Procothurnocystis n. sp.,1
Neseuretus aff. attenuatus,Prokopicystis sp.,1
Neseuretus aff. attenuatus,Thoralicystis zagoraensis,1
Neseuretus aff. attenuatus,Thoralicystis n. sp.,1
Neseuretus aff. attenuatus,Vizcainocarpus sp.,1
Neseuretus aff. attenuatus,Cothurnocystid indetl.,1
Neseuretus aff. attenuatus,Hanusiid indet.,1
Neseuretus aff. attenuatus,Peltocystis cornuta,1
Neseuretus aff. attenuatus,Scotiaevystis? sp.,1
Neseuretus aff. attenuatus,Macrocystella sp.,1
Neseuretus aff. attenuatus,Macrocystella bohemica,1
Neseuretus aff. attenuatus,Macrocystella cf. mariae,1
Neseuretus aff. attenuatus,Macrocystella tasseftensis,1
Neseuretus aff. attenuatus,undet. Ophiuroidea,1
Neseuretus aff. attenuatus,Didymograptus cf. arcuatus,1
Neseuretus aff. attenuatus,Didymograptus deflexus,1
Neseuretus aff. attenuatus,Didymograptus extensus,1
Neseuretus aff. attenuatus,Didymograptus v-fractus,1
Neseuretus aff. attenuatus,Didymograptus intendus,1
Neseuretus aff. attenuatus,Didymograptus pennatulus,1
Neseuretus aff. attenuatus,Didymograptus nanus,1
Neseuretus aff. attenuatus,Didymograptus nitidus,1
Neseuretus aff. attenuatus,Didymograptus patulus,1
Neseuretus aff. attenuatus,Didymograptus sparsus,1
Neseuretus aff. attenuatus,"""Didymograptus sp. 1""",1
Neseuretus aff. attenuatus,Didymograptus sp.,1
Neseuretus aff. attenuatus,Didymograptid indet.,1
Neseuretus aff. attenuatus,Koremagraptus sp.,1
Neseuretus aff. attenuatus,Dictyonema sp.,1
Neseuretus aff. attenuatus,Tuboid,1
Neseuretus aff. attenuatus,?Cymatograptus protobalticus,1
Neseuretus aff. attenuatus,Webbyites felix,1
Neseuretus aff. attenuatus,Rhabdopleura-like epibiont,1
Neseuretus aff. attenuatus,Hyolithes sp.,1
Neseuretus aff. attenuatus,Pauxillites thaddei,1
Platycoryphe sp.,Benthic detritus,1
Platycoryphe sp.,Acrothele sp.,1
Platycoryphe sp.,Plectorthis simplex,1
Platycoryphe sp.,Angusticardinia sp.,1
Platycoryphe sp.,Lingula salteri,1
Platycoryphe sp.,Orbithele vana,1
Platycoryphe sp.,Paurorthis tadristensis,1
Platycoryphe sp.,Tarfaya marocana,1
Platycoryphe sp.,Monobolina sp.,1
Platycoryphe sp.,Elliptoglossa sp.,1
Platycoryphe sp.,Celdobolus sp.,1
Platycoryphe sp.,Discinoidea?,1
Platycoryphe sp.,undet. Dalmanelloidea,1
Platycoryphe sp.,Bryozoan,1
Platycoryphe sp.,Redonia michelae,1
Platycoryphe sp.,Coxiconchia guiraudi,1
Platycoryphe sp.,Alococoncha?,1
Platycoryphe sp.,Cienagomya? sp.,1
Platycoryphe sp.,Ekaterodonta courtessolei,1
Platycoryphe sp.,Lesueurilla prima,1
Platycoryphe sp.,undet. Monoplacophora,1
Platycoryphe sp.,Carcassonnella courtessolei,1
Platycoryphe sp.,Carcassonnella vizcainoi,1
Platycoryphe sp.,Carcassonnella sp.,1
Platycoryphe sp.,Wiwaxiid,1
Platycoryphe sp.,Helcionelloid,1
Platycoryphe sp.,Priapulid,2
Platycoryphe sp.,Enosiaspis hrungnir,1
Platycoryphe sp., 'Synziphosurine'/Synziphosurina?,1
Platycoryphe sp.,Possible pycnogonid,1
Platycoryphe sp.,Possible retifaciid,1
Platycoryphe sp.,Tariccoia tazagurtensis,1
Platycoryphe sp.,Ostracod,1
Platycoryphe sp.,undet. Dikelocephalidae,1
Platycoryphe sp.,undet. Illaenacea,1
Platycoryphe sp.,Parabathycheilus gallicus,1
Platycoryphe sp.,Proetidae?,1
Platycoryphe sp.,undet. Trinucleidae,1
Platycoryphe sp.,Palaeosphaeronites sp.,1
Platycoryphe sp.,Palaeosphaeronites? prokopi,1
Platycoryphe sp.,Aristocystites cf. bohemicus (sinuous?),1
Platycoryphe sp.,Aristocystites sp.,1
Platycoryphe sp.,Balantiocystis regnelli,1
Platycoryphe sp.,Balantiocystis sp.,1
Platycoryphe sp.,Rhopalocystis sp.,1
Platycoryphe sp.,Rhopalocystis dehirensis,1
Platycoryphe sp.,Rhopalocystis destombesi,1
Platycoryphe sp.,Rhopalocystis fraga,1
Platycoryphe sp.,Rhopalocystis grandis,1
Platycoryphe sp.,Rhopalocystis havliceki,1
Platycoryphe sp.,Rhopalocystis lehmani,1
Platycoryphe sp.,Rhopalocystis zagoraensis,1
Platycoryphe sp.,Rhopalocystis sp. A,1
Platycoryphe sp.,Rhopalocystis sp. B,1
Platycoryphe sp.,Rhopalocystis sp. C,1
Platycoryphe sp.,cf. Rhopalocystis,1
Platycoryphe sp.,Lingulocystis aff. deani,1
Platycoryphe sp.,Lingulocystis elongata,1
Platycoryphe sp.,cf. Pareocrinus,1
Platycoryphe sp.,Eocrinoidea indet. sp. 1,1
Platycoryphe sp.,Eocrinoidea indet. sp. 2,1
Platycoryphe sp.,Eocrinoidea indet.,1
Platycoryphe sp.,Ramseyocrinus sp.,1
Platycoryphe sp.,Crinoid 2,1
Platycoryphe sp.,Aethocrinus cf. moorei,1
Platycoryphe sp.,Iocrinus n. sp.,1
Platycoryphe sp.,Argodiscus espilezorum,1
Platycoryphe sp.,Anedriophus moroccoensis,1
Platycoryphe sp.,Rhenopyrgid indet.,1
Platycoryphe sp.,Ampelocarpus sp.,1
Platycoryphe sp.,Amygdalotheca griffei,1
Platycoryphe sp.,Anatifopsis escandei,1
Platycoryphe sp.,Anatifopsis trapeziiformis,1
Platycoryphe sp.,Anatifopsis sp.,1
Platycoryphe sp.,"Anomalocystid n. gen., n. sp. ",1
Platycoryphe sp.,Aspidocarpus sp.,1
Platycoryphe sp.,Balanocystites primus,1
Platycoryphe sp.,Bohemiaecystis,1
Platycoryphe sp.,Chauvelicystis ubaghsi,1
Platycoryphe sp.,Chauvelicystis spinosa,1
Platycoryphe sp.,Chauvelicystis vizcainoi,1
Platycoryphe sp.,Chauvelicystis sp.,1
Platycoryphe sp.,"Chauvelicystid n. gen., n. sp. 1",1
Platycoryphe sp.,"Chauvelicystid n. gen., n. sp. 2",1
Platycoryphe sp.,Chinianocarpos sp.,1
Platycoryphe sp.,"Cornuta n. gen. 1, n. sp.",1
Platycoryphe sp.,"Cornuta n. gen. 2, n. sp.",1
Platycoryphe sp.,Flabellicarpus rushtoni,1
Platycoryphe sp.,Galliaecystis n. sp.,1
Platycoryphe sp.,Galliaecystis ubaghsi,1
Platycoryphe sp.,Lagynocystis pyramidalis,1
Platycoryphe sp.,Kirkocystidae?,1
Platycoryphe sp.,Lyricocarpus courtessolei,1
Platycoryphe sp.,Milonicystis sp.,1
Platycoryphe sp.,Mitrocystitid indet. cf. Ovocarpus,1
Platycoryphe sp.,Nanocarpus cf. dolambii,1
Platycoryphe sp.,Phyllocystis blayaci,1
Platycoryphe sp.,Procothurnocystis n. sp.,1
Platycoryphe sp.,Prokopicystis sp.,1
Platycoryphe sp.,Thoralicystis zagoraensis,1
Platycoryphe sp.,Vizcainocarpus sp.,1
Platycoryphe sp.,Peltocystis cornuta,1
Platycoryphe sp.,Macrocystella sp.,1
Platycoryphe sp.,Macrocystella bohemica,1
Platycoryphe sp.,Macrocystella cf. mariae,1
Platycoryphe sp.,Macrocystella tasseftensis,1
Platycoryphe sp.,undet. Ophiuroidea,1
Platycoryphe sp.,Didymograptus cf. arcuatus,1
Platycoryphe sp.,Didymograptus deflexus,1
Platycoryphe sp.,Didymograptus extensus,1
Platycoryphe sp.,Didymograptus v-fractus,1
Platycoryphe sp.,Didymograptus intendus,1
Platycoryphe sp.,Didymograptus pennatulus,1
Platycoryphe sp.,Didymograptus nanus,1
Platycoryphe sp.,Didymograptus nitidus,1
Platycoryphe sp.,Didymograptus patulus,1
Platycoryphe sp.,Didymograptus sparsus,1
Platycoryphe sp.,"""Didymograptus sp. 1""",1
Platycoryphe sp.,Didymograptus sp.,1
Platycoryphe sp.,Didymograptid indet.,1
Platycoryphe sp.,Koremagraptus sp.,1
Platycoryphe sp.,Dictyonema sp.,1
Platycoryphe sp.,Tuboid,1
Platycoryphe sp.,?Cymatograptus protobalticus,1
Platycoryphe sp.,Webbyites felix,1
Platycoryphe sp.,Rhabdopleura-like epibiont,1
Pradoella tazzarinensis,Benthic detritus,1
Pradoella tazzarinensis,Ranorthis fasciata,1
Pradoella tazzarinensis,undet. Athyridida,1
Pradoella tazzarinensis,Acrothele sp.,1
Pradoella tazzarinensis,Plectorthis simplex,1
Pradoella tazzarinensis,Angusticardinia sp.,1
Pradoella tazzarinensis,Lingula salteri,1
Pradoella tazzarinensis,Orbithele vana,1
Pradoella tazzarinensis,Paurorthis tadristensis,1
Pradoella tazzarinensis,Tarfaya marocana,1
Pradoella tazzarinensis,Wosekella sp.,1
Pradoella tazzarinensis,Monobolina sp.,1
Pradoella tazzarinensis,Elliptoglossa sp.,1
Pradoella tazzarinensis,Celdobolus sp.,1
Pradoella tazzarinensis,Discinoidea?,1
Pradoella tazzarinensis,undet. Dalmanelloidea,1
Pradoella tazzarinensis,Babinka prima,1
Pradoella tazzarinensis,Ctenodonta escosurae,1
Pradoella tazzarinensis,Praenucula sp.,1
Pradoella tazzarinensis,Redonia michelae,1
Pradoella tazzarinensis,Alococoncha?,1
Pradoella tazzarinensis,Cardiolaria? sp.,1
Pradoella tazzarinensis,Cienagomya? sp.,1
Pradoella tazzarinensis,Glyptarca sp.,1
Pradoella tazzarinensis,Pelecyogyra fezouataensis,1
Pradoella tazzarinensis,Sinuites sp.,1
Pradoella tazzarinensis,Lesueurilla prima,1
Pradoella tazzarinensis,undet. Platyceratoidea,1
Pradoella tazzarinensis,undet. Monoplacophora,1
Pradoella tazzarinensis,Thoralispira laevis,1
Pradoella tazzarinensis,Thoralispira? cf. occitana,1
Pradoella tazzarinensis,Carcassonnella courtessolei,1
Pradoella tazzarinensis,Carcassonnella vizcainoi,1
Pradoella tazzarinensis,Ribeiria sp.,1
Pradoella tazzarinensis,Tolmachovia?,1
Pradoella tazzarinensis,Wiwaxiid,1
Pradoella tazzarinensis,Halkieriid,1
Pradoella tazzarinensis,Helcionelloid,1
Pradoella tazzarinensis,Calvapilosa kroegeri,1
Pradoella tazzarinensis,Possible phyllodocid,2
Pradoella tazzarinensis,Palaeoscolex cf. tenensis,2
Pradoella tazzarinensis,Priapulid,2
Pradoella tazzarinensis,Large taxon with spinose limbs,1
Pradoella tazzarinensis,Small taxon with spinose limbs,1
Pradoella tazzarinensis,Armoured lobopodian 1,1
Pradoella tazzarinensis,Armoured lobopodian 2,1
Pradoella tazzarinensis,Armoured lobopodian 3,1
Pradoella tazzarinensis,Diania-like lobopodian,1
Pradoella tazzarinensis,Furca sp. 1,1
Pradoella tazzarinensis,Furca sp. 2,1
Pradoella tazzarinensis,Furca sp. 3,1
Pradoella tazzarinensis,Marrella sp.,1
Pradoella tazzarinensis,Enosiaspis hrungnir,1
Pradoella tazzarinensis,Possible waptiid,1
Pradoella tazzarinensis, 'Synziphosurine'/Synziphosurina?,1
Pradoella tazzarinensis,Chasmataspidid,1
Pradoella tazzarinensis,Possible pycnogonid,1
Pradoella tazzarinensis,Xiphosurid,1
Pradoella tazzarinensis,Possible retifaciid,1
Pradoella tazzarinensis,Tariccoia tazagurtensis,1
Pradoella tazzarinensis,Chlupacaris? sp.,1
Pradoella tazzarinensis,Cheloniellid,1
Pradoella tazzarinensis,Phyllocarid,1
Pradoella tazzarinensis,Lepadomorph barnacle,1
Pradoella tazzarinensis,Eoduslia,1
Pradoella tazzarinensis,Asaphellus sp aff. jujuanus,1
Pradoella tazzarinensis,Kierarges morrisoni,1
Pradoella tazzarinensis,Symphysurus sicardi,1
Pradoella tazzarinensis,Symphysurus ebbestadi,1
Pradoella tazzarinensis,Symphysurus sp.,1
Pradoella tazzarinensis,Apatokephalus cf. incisus,1
Pradoella tazzarinensis,Orometopus sp.,1
Pradoella tazzarinensis,Cnemidopyge sp.,1
Pradoella tazzarinensis,Parvilichas marochii,1
Pradoella tazzarinensis,Selenopeltis aff. Gallica,1
Pradoella tazzarinensis,Selenopeltis binodosa,1
Pradoella tazzarinensis,Selenopeltis sp. 1,1
Pradoella tazzarinensis,Selenopeltis sp. 2,1
Pradoella tazzarinensis,Foulonia peregrina,1
Pradoella tazzarinensis,Foulonia sp.,1
Pradoella tazzarinensis,Toletanaspis aff. borni,1
Pradoella tazzarinensis,undet. Dalmanitacea,1
Pradoella tazzarinensis,Bathycheilus gallicus,1
Pradoella tazzarinensis,Bavarilla aff. zemmourensis,1
Pradoella tazzarinensis,Bavarilla zemmourensis,1
Pradoella tazzarinensis,Bavarilla sp.,1
Pradoella tazzarinensis,Colpocoryphe thorali,1
Pradoella tazzarinensis,Colpocoryphe pradesensis,1
Pradoella tazzarinensis,Pharostoma sp.,1
Pradoella tazzarinensis,Pharostomina sp. ,1
Pradoella tazzarinensis,Agerina quadrata,1
Pradoella tazzarinensis,Euloma sp.,1
Pradoella tazzarinensis,Geragnostus aff. occitanus,1
Pradoella tazzarinensis,Geragnostus sp.,1
Pradoella tazzarinensis,Beltella sp.,1
Pradoella tazzarinensis,Ampyx priscus,1
Pradoella tazzarinensis,Ampyx cf. priscus,1
Pradoella tazzarinensis,Ceraurinella? sp.,1
Pradoella tazzarinensis,Megalaspidella sp.,1
Pradoella tazzarinensis,Platycoryphe sp.,1
Pradoella tazzarinensis,Parabathycheilus gallicus,1
Pradoella tazzarinensis,undet. Trinucleidae,1
Pradoella tazzarinensis,Anacheirurus adserai,1
Pradoella tazzarinensis,Eoharpes sp.,1
Pradoella tazzarinensis,Nileus deynouxi,1
Pradoella tazzarinensis,Hospes sp.,1
Pradoella tazzarinensis,Ogygiocaris sp.,1
Pradoella tazzarinensis,Ormathops clariondi,1
Pradoella tazzarinensis,Pterygometopus sp.,1
Pradoella tazzarinensis,Iberocoryphe sp.,1
Pradoella tazzarinensis,cf. Niobella sp.,1
Pradoella tazzarinensis,Somasteroid indet. n. sp. 1,1
Pradoella tazzarinensis,Somasteroid indet. n. sp. 2,1
Pradoella tazzarinensis,Somasteroid indet. n. sp. 3,1
Pradoella tazzarinensis,Somasteroid indet.,1
Pradoella tazzarinensis,undet. Asteroidea,1
Pradoella tazzarinensis,undet. Stelleroidea,1
Pradoella tazzarinensis,Villebrunaster fezouataensis,1
Pradoella tazzarinensis,Palaeosphaeronites sp.,1
Pradoella tazzarinensis,Palaeosphaeronites? prokopi,1
Pradoella tazzarinensis,Aristocystites cf. bohemicus (sinuous?),1
Pradoella tazzarinensis,Aristocystites sp.,1
Pradoella tazzarinensis,Ascocystites? sp.,1
Pradoella tazzarinensis,Balantiocystis regnelli,1
Pradoella tazzarinensis,Balantiocystis sp.,1
Pradoella tazzarinensis,Rhopalocystis sp.,1
Pradoella tazzarinensis,Rhopalocystis dehirensis,1
Pradoella tazzarinensis,Rhopalocystis destombesi,1
Pradoella tazzarinensis,Rhopalocystis fraga,1
Pradoella tazzarinensis,Rhopalocystis grandis,1
Pradoella tazzarinensis,Rhopalocystis havliceki,1
Pradoella tazzarinensis,Rhopalocystis lehmani,1
Pradoella tazzarinensis,Rhopalocystis zagoraensis,1
Pradoella tazzarinensis,Rhopalocystis sp. A,1
Pradoella tazzarinensis,Rhopalocystis sp. B,1
Pradoella tazzarinensis,Rhopalocystis sp. C,1
Pradoella tazzarinensis,cf. Rhopalocystis,1
Pradoella tazzarinensis,Lingulocystis aff. deani,1
Pradoella tazzarinensis,Lingulocystis elongata,1
Pradoella tazzarinensis,cf. Pareocrinus,1
Pradoella tazzarinensis,Eocrinoidea indet. sp. 1,1
Pradoella tazzarinensis,Eocrinoidea indet. sp. 2,1
Pradoella tazzarinensis,Eocrinoidea indet.,1
Pradoella tazzarinensis,Ramseyocrinus sp.,1
Pradoella tazzarinensis,Crinoid 2,1
Pradoella tazzarinensis,Aethocrinus cf. moorei,1
Pradoella tazzarinensis,Iocrinus n. sp.,1
Pradoella tazzarinensis,Cystoidea?/undet. Cystoidea,1
Pradoella tazzarinensis,Argodiscus espilezorum,1
Pradoella tazzarinensis,Anedriophus moroccoensis,1
Pradoella tazzarinensis,Rhenopyrgid indet.,1
Pradoella tazzarinensis,Ampelocarpus sp.,1
Pradoella tazzarinensis,Amygdalotheca griffei,1
Pradoella tazzarinensis,Anatifopsis escandei,1
Pradoella tazzarinensis,Anatifopsis trapeziiformis,1
Pradoella tazzarinensis,Anatifopsis sp.,1
Pradoella tazzarinensis,"Anomalocystid n. gen., n. sp. ",1
Pradoella tazzarinensis,Aspidocarpus sp.,1
Pradoella tazzarinensis,Arauricystis? sp.,1
Pradoella tazzarinensis,Balanocystites primus,1
Pradoella tazzarinensis,Bohemiaecystis,1
Pradoella tazzarinensis,Chauvelicystis ubaghsi,1
Pradoella tazzarinensis,Chauvelicystis spinosa,1
Pradoella tazzarinensis,Chauvelicystis vizcainoi,1
Pradoella tazzarinensis,Chauvelicystis sp.,1
Pradoella tazzarinensis,"Chauvelicystid n. gen., n. sp. 1",1
Pradoella tazzarinensis,"Chauvelicystid n. gen., n. sp. 2",1
Pradoella tazzarinensis,Chinianocarpos sp.,1
Pradoella tazzarinensis,"Cornuta n. gen. 1, n. sp.",1
Pradoella tazzarinensis,"Cornuta n. gen. 2, n. sp.",1
Pradoella tazzarinensis,Flabellicarpus rushtoni,1
Pradoella tazzarinensis,Flabellicarpus?,1
Pradoella tazzarinensis,Galliaecystis n. sp.,1
Pradoella tazzarinensis,Galliaecystis ubaghsi,1
Pradoella tazzarinensis,Hanusia n. sp.,1
Pradoella tazzarinensis,Lagynocystis pyramidalis,1
Pradoella tazzarinensis,Kirkocystidae?,1
Pradoella tazzarinensis,Lyricocarpus courtessolei,1
Pradoella tazzarinensis,Milonicystis sp.,1
Pradoella tazzarinensis,Mitrocystitid indet. cf. Ovocarpus,1
Pradoella tazzarinensis,Nanocarpus cf. dolambii,1
Pradoella tazzarinensis,Phyllocystis blayaci,1
Pradoella tazzarinensis,Phyllocystis sp.,1
Pradoella tazzarinensis,Procothurnocystis n. sp.,1
Pradoella tazzarinensis,Prokopicystis sp.,1
Pradoella tazzarinensis,Thoralicystis zagoraensis,1
Pradoella tazzarinensis,Thoralicystis n. sp.,1
Pradoella tazzarinensis,Vizcainocarpus sp.,1
Pradoella tazzarinensis,Cothurnocystid indetl.,1
Pradoella tazzarinensis,Hanusiid indet.,1
Pradoella tazzarinensis,Peltocystis cornuta,1
Pradoella tazzarinensis,Scotiaevystis? sp.,1
Pradoella tazzarinensis,Macrocystella sp.,1
Pradoella tazzarinensis,Macrocystella bohemica,1
Pradoella tazzarinensis,Macrocystella cf. mariae,1
Pradoella tazzarinensis,Macrocystella tasseftensis,1
Pradoella tazzarinensis,cf. Minervaecystis,1
Pradoella tazzarinensis,Plasiacystis sp.,1
Pradoella tazzarinensis,undet. Ophiuroidea,1
Pradoella tazzarinensis,Elegantilites sp.,1
Pradoella tazzarinensis,Gamalites? sp.,1
Pradoella tazzarinensis,Gompholites sp.,1
Pradoella tazzarinensis,Hyolithes sp.,1
Pradoella tazzarinensis,Pauxillites thaddei,1
Pradoella tazzarinensis,Pauxillites sp.,1
Parabathycheilus gallicus,Benthic detritus,2
Proetidae?,suspended organic matter,2
Proetidae?,Benthic detritus,2
undet. Trinucleidae,suspended organic matter,2
undet. Trinucleidae,Benthic detritus,2
Anacheirurus adserai,Benthic detritus,1
Anacheirurus adserai,Ranorthis fasciata,1
Anacheirurus adserai,Acrothele sp.,1
Anacheirurus adserai,Plectorthis simplex,1
Anacheirurus adserai,Angusticardinia sp.,1
Anacheirurus adserai,Lingula salteri,1
Anacheirurus adserai,Orbithele vana,1
Anacheirurus adserai,Paurorthis tadristensis,1
Anacheirurus adserai,Tarfaya marocana,1
Anacheirurus adserai,Wosekella sp.,1
Anacheirurus adserai,Monobolina sp.,1
Anacheirurus adserai,Elliptoglossa sp.,1
Anacheirurus adserai,Celdobolus sp.,1
Anacheirurus adserai,Discinoidea?,1
Anacheirurus adserai,undet. Dalmanelloidea,1
Anacheirurus adserai,Bryozoan,1
Anacheirurus adserai,Ctenodonta escosurae,1
Anacheirurus adserai,Redonia michelae,1
Anacheirurus adserai,Coxiconchia guiraudi,1
Anacheirurus adserai,Alococoncha?,1
Anacheirurus adserai,Cardiolaria? sp.,1
Anacheirurus adserai,Cienagomya? sp.,1
Anacheirurus adserai,Ekaterodonta courtessolei,1
Anacheirurus adserai,Glyptarca sp.,1
Anacheirurus adserai,Lesueurilla prima,1
Anacheirurus adserai,undet. Monoplacophora,1
Anacheirurus adserai,Carcassonnella courtessolei,1
Anacheirurus adserai,Carcassonnella vizcainoi,1
Anacheirurus adserai,Carcassonnella sp.,1
Anacheirurus adserai,Wiwaxiid,1
Anacheirurus adserai,Helcionelloid,1
Anacheirurus adserai,Priapulid,2
Anacheirurus adserai,Large taxon with spinose limbs,1
Anacheirurus adserai,Small taxon with spinose limbs,1
Anacheirurus adserai,Armoured lobopodian 1,1
Anacheirurus adserai,Armoured lobopodian 2,1
Anacheirurus adserai,Armoured lobopodian 3,1
Anacheirurus adserai,Diania-like lobopodian,1
Anacheirurus adserai,Enosiaspis hrungnir,1
Anacheirurus adserai, 'Synziphosurine'/Synziphosurina?,1
Anacheirurus adserai,Possible pycnogonid,1
Anacheirurus adserai,Possible retifaciid,1
Anacheirurus adserai,Tariccoia tazagurtensis,1
Anacheirurus adserai,Ostracod,1
Anacheirurus adserai,undet. Dikelocephalidae,1
Anacheirurus adserai,undet. Illaenacea,1
Anacheirurus adserai,Orometopus sp.,1
Anacheirurus adserai,Agerina quadrata,1
Anacheirurus adserai,Geragnostus aff. occitanus,1
Anacheirurus adserai,Geragnostus sp.,1
Anacheirurus adserai,Ampyx priscus,1
Anacheirurus adserai,Ampyx cf. priscus,1
Anacheirurus adserai,Parabathycheilus gallicus,1
Anacheirurus adserai,Proetidae?,1
Anacheirurus adserai,undet. Trinucleidae,1
Anacheirurus adserai,Nileus deynouxi,1
Anacheirurus adserai,Hospes sp.,1
Anacheirurus adserai,Palaeosphaeronites sp.,1
Anacheirurus adserai,Palaeosphaeronites? prokopi,1
Anacheirurus adserai,Aristocystites cf. bohemicus (sinuous?),1
Anacheirurus adserai,Aristocystites sp.,1
Anacheirurus adserai,Balantiocystis regnelli,1
Anacheirurus adserai,Balantiocystis sp.,1
Anacheirurus adserai,Rhopalocystis sp.,1
Anacheirurus adserai,Rhopalocystis dehirensis,1
Anacheirurus adserai,Rhopalocystis destombesi,1
Anacheirurus adserai,Rhopalocystis fraga,1
Anacheirurus adserai,Rhopalocystis grandis,1
Anacheirurus adserai,Rhopalocystis havliceki,1
Anacheirurus adserai,Rhopalocystis lehmani,1
Anacheirurus adserai,Rhopalocystis zagoraensis,1
Anacheirurus adserai,Rhopalocystis sp. A,1
Anacheirurus adserai,Rhopalocystis sp. B,1
Anacheirurus adserai,Rhopalocystis sp. C,1
Anacheirurus adserai,cf. Rhopalocystis,1
Anacheirurus adserai,Lingulocystis aff. deani,1
Anacheirurus adserai,Lingulocystis elongata,1
Anacheirurus adserai,cf. Pareocrinus,1
Anacheirurus adserai,Eocrinoidea indet. sp. 1,1
Anacheirurus adserai,Eocrinoidea indet. sp. 2,1
Anacheirurus adserai,Eocrinoidea indet.,1
Anacheirurus adserai,Ramseyocrinus sp.,1
Anacheirurus adserai,Crinoid 2,1
Anacheirurus adserai,Aethocrinus cf. moorei,1
Anacheirurus adserai,Iocrinus n. sp.,1
Anacheirurus adserai,Cystoidea?/undet. Cystoidea,1
Anacheirurus adserai,Argodiscus espilezorum,1
Anacheirurus adserai,Anedriophus moroccoensis,1
Anacheirurus adserai,Rhenopyrgid indet.,1
Anacheirurus adserai,Ampelocarpus sp.,1
Anacheirurus adserai,Amygdalotheca griffei,1
Anacheirurus adserai,Anatifopsis escandei,1
Anacheirurus adserai,Anatifopsis trapeziiformis,1
Anacheirurus adserai,Anatifopsis sp.,1
Anacheirurus adserai,"Anomalocystid n. gen., n. sp. ",1
Anacheirurus adserai,Aspidocarpus sp.,1
Anacheirurus adserai,Arauricystis? sp.,1
Anacheirurus adserai,Balanocystites primus,1
Anacheirurus adserai,Bohemiaecystis,1
Anacheirurus adserai,Chauvelicystis ubaghsi,1
Anacheirurus adserai,Chauvelicystis spinosa,1
Anacheirurus adserai,Chauvelicystis vizcainoi,1
Anacheirurus adserai,Chauvelicystis sp.,1
Anacheirurus adserai,"Chauvelicystid n. gen., n. sp. 1",1
Anacheirurus adserai,"Chauvelicystid n. gen., n. sp. 2",1
Anacheirurus adserai,Chinianocarpos sp.,1
Anacheirurus adserai,"Cornuta n. gen. 1, n. sp.",1
Anacheirurus adserai,"Cornuta n. gen. 2, n. sp.",1
Anacheirurus adserai,Flabellicarpus rushtoni,1
Anacheirurus adserai,Galliaecystis n. sp.,1
Anacheirurus adserai,Galliaecystis ubaghsi,1
Anacheirurus adserai,Lagynocystis pyramidalis,1
Anacheirurus adserai,Kirkocystidae?,1
Anacheirurus adserai,Lyricocarpus courtessolei,1
Anacheirurus adserai,Milonicystis sp.,1
Anacheirurus adserai,Mitrocystitid indet. cf. Ovocarpus,1
Anacheirurus adserai,Nanocarpus cf. dolambii,1
Anacheirurus adserai,Phyllocystis blayaci,1
Anacheirurus adserai,Phyllocystis sp.,1
Anacheirurus adserai,Procothurnocystis n. sp.,1
Anacheirurus adserai,Prokopicystis sp.,1
Anacheirurus adserai,Thoralicystis zagoraensis,1
Anacheirurus adserai,Vizcainocarpus sp.,1
Anacheirurus adserai,Cothurnocystid indetl.,1
Anacheirurus adserai,Peltocystis cornuta,1
Anacheirurus adserai,Scotiaevystis? sp.,1
Anacheirurus adserai,Macrocystella sp.,1
Anacheirurus adserai,Macrocystella bohemica,1
Anacheirurus adserai,Macrocystella cf. mariae,1
Anacheirurus adserai,Macrocystella tasseftensis,1
Anacheirurus adserai,undet. Ophiuroidea,1
Anacheirurus adserai,Didymograptus cf. arcuatus,1
Anacheirurus adserai,Didymograptus deflexus,1
Anacheirurus adserai,Didymograptus extensus,1
Anacheirurus adserai,Didymograptus v-fractus,1
Anacheirurus adserai,Didymograptus intendus,1
Anacheirurus adserai,Didymograptus pennatulus,1
Anacheirurus adserai,Didymograptus nanus,1
Anacheirurus adserai,Didymograptus nitidus,1
Anacheirurus adserai,Didymograptus patulus,1
Anacheirurus adserai,Didymograptus sparsus,1
Anacheirurus adserai,"""Didymograptus sp. 1""",1
Anacheirurus adserai,Didymograptus sp.,1
Anacheirurus adserai,Didymograptid indet.,1
Anacheirurus adserai,Koremagraptus sp.,1
Anacheirurus adserai,Dictyonema sp.,1
Anacheirurus adserai,Tuboid,1
Anacheirurus adserai,?Cymatograptus protobalticus,1
Anacheirurus adserai,Webbyites felix,1
Anacheirurus adserai,Rhabdopleura-like epibiont,1
Anacheirurus adserai,Hyolithes sp.,1
Eoharpes sp.,suspended organic matter,2
Eoharpes sp.,Benthic detritus,2
Nileus deynouxi,Benthic detritus,1
Nileus deynouxi,Acrothele sp.,1
Nileus deynouxi,Plectorthis simplex,1
Nileus deynouxi,Angusticardinia sp.,1
Nileus deynouxi,Lingula salteri,1
Nileus deynouxi,Orbithele vana,1
Nileus deynouxi,Paurorthis tadristensis,1
Nileus deynouxi,Tarfaya marocana,1
Nileus deynouxi,Monobolina sp.,1
Nileus deynouxi,Elliptoglossa sp.,1
Nileus deynouxi,Celdobolus sp.,1
Nileus deynouxi,Bryozoan,1
Nileus deynouxi,Redonia michelae,1
Nileus deynouxi,Coxiconchia guiraudi,1
Nileus deynouxi,Alococoncha?,1
Nileus deynouxi,Cienagomya? sp.,1
Nileus deynouxi,Ekaterodonta courtessolei,1
Nileus deynouxi,Lesueurilla prima,1
Nileus deynouxi,undet. Monoplacophora,1
Nileus deynouxi,Carcassonnella courtessolei,1
Nileus deynouxi,Carcassonnella vizcainoi,1
Nileus deynouxi,Carcassonnella sp.,1
Nileus deynouxi,Wiwaxiid,1
Nileus deynouxi,Helcionelloid,1
Nileus deynouxi,Priapulid,2
Nileus deynouxi, 'Synziphosurine'/Synziphosurina?,1
Nileus deynouxi,Possible pycnogonid,1
Nileus deynouxi,Possible retifaciid,1
Nileus deynouxi,Ostracod,1
Nileus deynouxi,undet. Dikelocephalidae,1
Nileus deynouxi,undet. Illaenacea,1
Nileus deynouxi,Proetidae?,1
Nileus deynouxi,Ascocystites? sp.,1
Nileus deynouxi,Balantiocystis regnelli,1
Nileus deynouxi,Balantiocystis sp.,1
Nileus deynouxi,Rhopalocystis sp.,1
Nileus deynouxi,Rhopalocystis dehirensis,1
Nileus deynouxi,Rhopalocystis destombesi,1
Nileus deynouxi,Rhopalocystis fraga,1
Nileus deynouxi,Rhopalocystis grandis,1
Nileus deynouxi,Rhopalocystis havliceki,1
Nileus deynouxi,Rhopalocystis lehmani,1
Nileus deynouxi,Rhopalocystis zagoraensis,1
Nileus deynouxi,Rhopalocystis sp. A,1
Nileus deynouxi,Rhopalocystis sp. B,1
Nileus deynouxi,Rhopalocystis sp. C,1
Nileus deynouxi,cf. Rhopalocystis,1
Nileus deynouxi,Lingulocystis aff. deani,1
Nileus deynouxi,Lingulocystis elongata,1
Nileus deynouxi,cf. Pareocrinus,1
Nileus deynouxi,Eocrinoidea indet. sp. 1,1
Nileus deynouxi,Eocrinoidea indet. sp. 2,1
Nileus deynouxi,Eocrinoidea indet.,1
Nileus deynouxi,Ramseyocrinus sp.,1
Nileus deynouxi,Crinoid 2,1
Nileus deynouxi,Aethocrinus cf. moorei,1
Nileus deynouxi,Iocrinus n. sp.,1
Nileus deynouxi,Chauvelicystis ubaghsi,1
Nileus deynouxi,Chauvelicystis spinosa,1
Nileus deynouxi,Chauvelicystis vizcainoi,1
Nileus deynouxi,Chauvelicystis sp.,1
Nileus deynouxi,"Chauvelicystid n. gen., n. sp. 1",1
Nileus deynouxi,"Chauvelicystid n. gen., n. sp. 2",1
Nileus deynouxi,Kirkocystidae?,1
Nileus deynouxi,Peltocystis cornuta,1
Nileus deynouxi,Didymograptus cf. arcuatus,1
Nileus deynouxi,Didymograptus deflexus,1
Nileus deynouxi,Didymograptus extensus,1
Nileus deynouxi,Didymograptus v-fractus,1
Nileus deynouxi,Didymograptus intendus,1
Nileus deynouxi,Didymograptus pennatulus,1
Nileus deynouxi,Didymograptus nanus,1
Nileus deynouxi,Didymograptus nitidus,1
Nileus deynouxi,Didymograptus patulus,1
Nileus deynouxi,Didymograptus sparsus,1
Nileus deynouxi,"""Didymograptus sp. 1""",1
Nileus deynouxi,Didymograptus sp.,1
Nileus deynouxi,Didymograptid indet.,1
Nileus deynouxi,Koremagraptus sp.,1
Nileus deynouxi,Dictyonema sp.,1
Nileus deynouxi,Tuboid,1
Nileus deynouxi,?Cymatograptus protobalticus,1
Nileus deynouxi,Webbyites felix,1
Nileus deynouxi,Rhabdopleura-like epibiont,1
Ogyginus forteyi hammondi,Benthic detritus,1
Ogyginus forteyi hammondi,Acrothele sp.,1
Ogyginus forteyi hammondi,Plectorthis simplex,1
Ogyginus forteyi hammondi,Angusticardinia sp.,1
Ogyginus forteyi hammondi,Paurorthis tadristensis,1
Ogyginus forteyi hammondi,Tarfaya marocana,1
Ogyginus forteyi hammondi,Monobolina sp.,1
Ogyginus forteyi hammondi,Elliptoglossa sp.,1
Ogyginus forteyi hammondi,Celdobolus sp.,1
Ogyginus forteyi hammondi,Discinoidea?,1
Ogyginus forteyi hammondi,Babinka prima,1
Ogyginus forteyi hammondi,Redonia michelae,1
Ogyginus forteyi hammondi,Alococoncha?,1
Ogyginus forteyi hammondi,Cardiolaria? sp.,1
Ogyginus forteyi hammondi,Pelecyogyra fezouataensis,1
Ogyginus forteyi hammondi,Lesueurilla prima,1
Ogyginus forteyi hammondi,undet. Platyceratoidea,1
Ogyginus forteyi hammondi,undet. Monoplacophora,1
Ogyginus forteyi hammondi,Thoralispira laevis,1
Ogyginus forteyi hammondi,Thoralispira? cf. occitana,1
Ogyginus forteyi hammondi,Wiwaxiid,1
Ogyginus forteyi hammondi,Halkieriid,1
Ogyginus forteyi hammondi,Helcionelloid,1
Ogyginus forteyi hammondi,Calvapilosa kroegeri,1
Ogyginus forteyi hammondi,Plumulites bengtsoni,2
Ogyginus forteyi hammondi,Large plumulitid,2
Ogyginus forteyi hammondi,Possible phyllodocid,2
Ogyginus forteyi hammondi,Palaeoscolex cf. tenensis,2
Ogyginus forteyi hammondi,Priapulid,2
Ogyginus forteyi hammondi,Large taxon with spinose limbs,1
Ogyginus forteyi hammondi,Small taxon with spinose limbs,1
Ogyginus forteyi hammondi,Armoured lobopodian 1,1
Ogyginus forteyi hammondi,Armoured lobopodian 2,1
Ogyginus forteyi hammondi,Armoured lobopodian 3,1
Ogyginus forteyi hammondi,Diania-like lobopodian,1
Ogyginus forteyi hammondi,Furca sp. 1,1
Ogyginus forteyi hammondi,Furca sp. 2,1
Ogyginus forteyi hammondi,Furca sp. 3,1
Ogyginus forteyi hammondi,Marrella sp.,1
Ogyginus forteyi hammondi,Possible waptiid,1
Ogyginus forteyi hammondi,Possible pycnogonid,1
Ogyginus forteyi hammondi,Xiphosurid,1
Ogyginus forteyi hammondi,Possible retifaciid,1
Ogyginus forteyi hammondi,Chlupacaris? sp.,1
Ogyginus forteyi hammondi,Tremaglaspis sp.,1
Ogyginus forteyi hammondi,Brachyaglaspis singularis,1
Ogyginus forteyi hammondi,Cheloniellid,1
Ogyginus forteyi hammondi,Eoduslia,1
Ogyginus forteyi hammondi,Asaphellus fezouataensis ,1
Ogyginus forteyi hammondi,Asaphellus sp aff. jujuanus,1
Ogyginus forteyi hammondi,Asaphellus tataensis,1
Ogyginus forteyi hammondi,Asaphellus sp.,1
Ogyginus forteyi hammondi,Asaphopsis sp.,1
Ogyginus forteyi hammondi,Kierarges morrisoni,1
Ogyginus forteyi hammondi,Playpeltoides carmenae,1
Ogyginus forteyi hammondi,Symphysurus sicardi,1
Ogyginus forteyi hammondi,Symphysurus ebbestadi,1
Ogyginus forteyi hammondi,Symphysurus sp.,1
Ogyginus forteyi hammondi,Apatokephalus cf. incisus,1
Ogyginus forteyi hammondi,Parvilichas marochii,1
Ogyginus forteyi hammondi,Selenopeltis aff. Gallica,1
Ogyginus forteyi hammondi,Selenopeltis binodosa,1
Ogyginus forteyi hammondi,Selenopeltis sp. 1,1
Ogyginus forteyi hammondi,Selenopeltis sp. 2,1
Ogyginus forteyi hammondi,Harpides sp.,1
Ogyginus forteyi hammondi,Foulonia peregrina,1
Ogyginus forteyi hammondi,Foulonia sp.,1
Ogyginus forteyi hammondi,Bavarilla aff. zemmourensis,1
Ogyginus forteyi hammondi,Bavarilla zemmourensis,1
Ogyginus forteyi hammondi,Bavarilla sp.,1
Ogyginus forteyi hammondi,Colpocoryphe thorali,1
Ogyginus forteyi hammondi,Colpocoryphe sp.,1
Ogyginus forteyi hammondi,Pharostomina sp. ,1
Ogyginus forteyi hammondi,Prionocheilus aff. languedocensis,1
Ogyginus forteyi hammondi,Prionocheilus sp.,1
Ogyginus forteyi hammondi,Euloma sp.,1
Ogyginus forteyi hammondi,Ceraurinella? sp.,1
Ogyginus forteyi hammondi,Megalaspidella sp.,1
Ogyginus forteyi hammondi,Megistaspis (Ekeraspis) sp. indet.,1
Ogyginus forteyi hammondi,Neseuretus cf. attenuatus,1
Ogyginus forteyi hammondi,Neseuretus aff. attenuatus,1
Ogyginus forteyi hammondi,Platycoryphe sp.,1
Ogyginus forteyi hammondi,Parabathycheilus gallicus,1
Ogyginus forteyi hammondi,Anacheirurus adserai,1
Ogyginus forteyi hammondi,Eoharpes sp.,1
Ogyginus forteyi hammondi,Ormathops clariondi,1
Ogyginus forteyi hammondi,Pterygometopus sp.,1
Ogyginus forteyi hammondi,Megalaspides? sp.,1
Ogyginus forteyi hammondi,Iberocoryphe sp.,1
Ogyginus forteyi hammondi,Somasteroid indet. n. sp. 1,1
Ogyginus forteyi hammondi,Somasteroid indet. n. sp. 2,1
Ogyginus forteyi hammondi,Somasteroid indet. n. sp. 3,1
Ogyginus forteyi hammondi,Somasteroid indet.,1
Ogyginus forteyi hammondi,undet. Stelleroidea,1
Ogyginus forteyi hammondi,Villebrunaster fezouataensis,1
Ogyginus forteyi hammondi,Palaeosphaeronites sp.,1
Ogyginus forteyi hammondi,Palaeosphaeronites? prokopi,1
Ogyginus forteyi hammondi,Aristocystites cf. bohemicus (sinuous?),1
Ogyginus forteyi hammondi,Aristocystites sp.,1
Ogyginus forteyi hammondi,Ascocystites? sp.,1
Ogyginus forteyi hammondi,Balantiocystis regnelli,1
Ogyginus forteyi hammondi,Balantiocystis sp.,1
Ogyginus forteyi hammondi,Rhopalocystis sp.,1
Ogyginus forteyi hammondi,Rhopalocystis dehirensis,1
Ogyginus forteyi hammondi,Rhopalocystis destombesi,1
Ogyginus forteyi hammondi,Rhopalocystis fraga,1
Ogyginus forteyi hammondi,Rhopalocystis grandis,1
Ogyginus forteyi hammondi,Rhopalocystis havliceki,1
Ogyginus forteyi hammondi,Rhopalocystis lehmani,1
Ogyginus forteyi hammondi,Rhopalocystis zagoraensis,1
Ogyginus forteyi hammondi,Rhopalocystis sp. A,1
Ogyginus forteyi hammondi,Rhopalocystis sp. B,1
Ogyginus forteyi hammondi,Rhopalocystis sp. C,1
Ogyginus forteyi hammondi,cf. Rhopalocystis,1
Ogyginus forteyi hammondi,Lingulocystis aff. deani,1
Ogyginus forteyi hammondi,Lingulocystis elongata,1
Ogyginus forteyi hammondi,cf. Pareocrinus,1
Ogyginus forteyi hammondi,Eocrinoidea indet. sp. 1,1
Ogyginus forteyi hammondi,Eocrinoidea indet. sp. 2,1
Ogyginus forteyi hammondi,Eocrinoidea indet.,1
Ogyginus forteyi hammondi,Ramseyocrinus sp.,1
Ogyginus forteyi hammondi,Crinoid 2,1
Ogyginus forteyi hammondi,Aethocrinus cf. moorei,1
Ogyginus forteyi hammondi,Iocrinus n. sp.,1
Ogyginus forteyi hammondi,Cystoidea?/undet. Cystoidea,1
Ogyginus forteyi hammondi,Argodiscus espilezorum,1
Ogyginus forteyi hammondi,Anedriophus moroccoensis,1
Ogyginus forteyi hammondi,Rhenopyrgid indet.,1
Ogyginus forteyi hammondi,Ampelocarpus sp.,1
Ogyginus forteyi hammondi,Amygdalotheca griffei,1
Ogyginus forteyi hammondi,Anatifopsis escandei,1
Ogyginus forteyi hammondi,Anatifopsis trapeziiformis,1
Ogyginus forteyi hammondi,Anatifopsis sp.,1
Ogyginus forteyi hammondi,"Anomalocystid n. gen., n. sp. ",1
Ogyginus forteyi hammondi,Aspidocarpus sp.,1
Ogyginus forteyi hammondi,Balanocystites primus,1
Ogyginus forteyi hammondi,Bohemiaecystis,1
Ogyginus forteyi hammondi,Chauvelicystis ubaghsi,1
Ogyginus forteyi hammondi,Chauvelicystis spinosa,1
Ogyginus forteyi hammondi,Chauvelicystis vizcainoi,1
Ogyginus forteyi hammondi,Chauvelicystis sp.,1
Ogyginus forteyi hammondi,"Chauvelicystid n. gen., n. sp. 1",1
Ogyginus forteyi hammondi,"Chauvelicystid n. gen., n. sp. 2",1
Ogyginus forteyi hammondi,Chinianocarpos sp.,1
Ogyginus forteyi hammondi,"Cornuta n. gen. 1, n. sp.",1
Ogyginus forteyi hammondi,"Cornuta n. gen. 2, n. sp.",1
Ogyginus forteyi hammondi,Flabellicarpus rushtoni,1
Ogyginus forteyi hammondi,Flabellicarpus?,1
Ogyginus forteyi hammondi,Galliaecystis n. sp.,1
Ogyginus forteyi hammondi,Galliaecystis ubaghsi,1
Ogyginus forteyi hammondi,Lagynocystis pyramidalis,1
Ogyginus forteyi hammondi,Lyricocarpus courtessolei,1
Ogyginus forteyi hammondi,Milonicystis sp.,1
Ogyginus forteyi hammondi,Mitrocystitid indet. cf. Ovocarpus,1
Ogyginus forteyi hammondi,Nanocarpus cf. dolambii,1
Ogyginus forteyi hammondi,Phyllocystis blayaci,1
Ogyginus forteyi hammondi,Phyllocystis sp.,1
Ogyginus forteyi hammondi,Procothurnocystis n. sp.,1
Ogyginus forteyi hammondi,Prokopicystis sp.,1
Ogyginus forteyi hammondi,Thoralicystis zagoraensis,1
Ogyginus forteyi hammondi,Vizcainocarpus sp.,1
Ogyginus forteyi hammondi,Cothurnocystid indetl.,1
Ogyginus forteyi hammondi,Macrocystella sp.,1
Ogyginus forteyi hammondi,Macrocystella bohemica,1
Ogyginus forteyi hammondi,Macrocystella cf. mariae,1
Ogyginus forteyi hammondi,Macrocystella tasseftensis,1
Ogyginus forteyi hammondi,cf. Castericystis,1
Ogyginus forteyi hammondi,cf. Minervaecystis,1
Ogyginus forteyi hammondi,Plasiacystis mobilis,1
Ogyginus forteyi hammondi,Plasiacystis sp.,1
Ogyginus forteyi hammondi,Nimchacystis agterbosi,1
Ogyginus forteyi hammondi,undet. Ophiuroidea,1
Ogyginus forteyi hammondi,Cavernolites senex,1
Ogyginus forteyi hammondi,Elegantilites sp.,1
Ogyginus forteyi hammondi,Gamalites? sp.,1
Ogyginus forteyi hammondi,Gompholites sp.,1
Ogyginus forteyi hammondi,Nephrotheca sp.,1
Ogyginus forteyi hammondi,Pauxillites thaddei,1
Ogyginus forteyi hammondi,Pauxillites sp.,1
Uralichas,Benthic detritus,1
Uralichas,Ranorthis fasciata,1
Uralichas,undet. Athyridida,1
Uralichas,Acrothele sp.,1
Uralichas,Plectorthis simplex,1
Uralichas,Angusticardinia sp.,1
Uralichas,Lingula salteri,1
Uralichas,Orbithele vana,1
Uralichas,Paurorthis tadristensis,1
Uralichas,Tarfaya marocana,1
Uralichas,Wosekella sp.,1
Uralichas,Monobolina sp.,1
Uralichas,Elliptoglossa sp.,1
Uralichas,Celdobolus sp.,1
Uralichas,Discinoidea?,1
Uralichas,undet. Dalmanelloidea,1
Uralichas,Babinka prima,1
Uralichas,Ctenodonta escosurae,1
Uralichas,Praenucula sp.,1
Uralichas,Redonia michelae,1
Uralichas,Alococoncha?,1
Uralichas,Cardiolaria? sp.,1
Uralichas,Pelecyogyra fezouataensis,1
Uralichas,Sinuites sp.,1
Uralichas,Lesueurilla prima,1
Uralichas,undet. Platyceratoidea,1
Uralichas,undet. Monoplacophora,1
Uralichas,Thoralispira laevis,1
Uralichas,Thoralispira? cf. occitana,1
Uralichas,Ribeiria sp.,1
Uralichas,Tolmachovia?,1
Uralichas,Wiwaxiid,1
Uralichas,Halkieriid,1
Uralichas,Helcionelloid,1
Uralichas,Calvapilosa kroegeri,1
Uralichas,Plumulites bengtsoni,2
Uralichas,Large plumulitid,2
Uralichas,Possible phyllodocid,2
Uralichas,Palaeoscolex cf. tenensis,2
Uralichas,Priapulid,2
Uralichas,Large taxon with spinose limbs,1
Uralichas,Small taxon with spinose limbs,1
Uralichas,Armoured lobopodian 1,1
Uralichas,Armoured lobopodian 2,1
Uralichas,Armoured lobopodian 3,1
Uralichas,Diania-like lobopodian,1
Uralichas,Furca sp. 1,1
Uralichas,Furca sp. 2,1
Uralichas,Furca sp. 3,1
Uralichas,Marrella sp.,1
Uralichas,Enosiaspis hrungnir,1
Uralichas,Possible waptiid,1
Uralichas,Chasmataspidid,1
Uralichas,Possible pycnogonid,1
Uralichas,Xiphosurid,1
Uralichas,Possible retifaciid,1
Uralichas,Chlupacaris? sp.,1
Uralichas,Tremaglaspis sp.,1
Uralichas,Brachyaglaspis singularis,1
Uralichas,Cheloniellid,1
Uralichas,Phyllocarid,1
Uralichas,Lepadomorph barnacle,1
Uralichas,Eoduslia,1
Uralichas,Asaphellus fezouataensis ,1
Uralichas,Asaphellus sp aff. jujuanus,1
Uralichas,Asaphellus tataensis,1
Uralichas,Asaphellus sp.,1
Uralichas,Kierarges morrisoni,1
Uralichas,Playpeltoides carmenae,1
Uralichas,Symphysurus sicardi,1
Uralichas,Symphysurus ebbestadi,1
Uralichas,Symphysurus sp.,1
Uralichas,Apatokephalus cf. incisus,1
Uralichas,Orometopus sp.,1
Uralichas,Cnemidopyge sp.,1
Uralichas,Parvilichas marochii,1
Uralichas,Selenopeltis aff. Gallica,1
Uralichas,Selenopeltis binodosa,1
Uralichas,Selenopeltis sp. 1,1
Uralichas,Selenopeltis sp. 2,1
Uralichas,Harpides sp.,1
Uralichas,Foulonia peregrina,1
Uralichas,Foulonia sp.,1
Uralichas,Toletanaspis aff. borni,1
Uralichas,undet. Dalmanitacea,1
Uralichas,Bathycheilus gallicus,1
Uralichas,Bavarilla aff. zemmourensis,1
Uralichas,Bavarilla zemmourensis,1
Uralichas,Bavarilla sp.,1
Uralichas,Colpocoryphe thorali,1
Uralichas,Colpocoryphe pradesensis,1
Uralichas,Colpocoryphe sp.,1
Uralichas,Pharostoma sp.,1
Uralichas,Pharostomina sp. ,1
Uralichas,Prionocheilus aff. languedocensis,1
Uralichas,Prionocheilus sp.,1
Uralichas,Agerina quadrata,1
Uralichas,Euloma sp.,1
Uralichas,Beltella sp.,1
Uralichas,Ampyx priscus,1
Uralichas,Ampyx cf. priscus,1
Uralichas,Ceraurinella? sp.,1
Uralichas,Megalaspidella sp.,1
Uralichas,Megistaspis (Ekeraspis) sp. indet.,1
Uralichas,Platycoryphe sp.,1
Uralichas,Parabathycheilus gallicus,1
Uralichas,Anacheirurus adserai,1
Uralichas,Eoharpes sp.,1
Uralichas,Nileus deynouxi,1
Uralichas,Hospes sp.,1
Uralichas,Ogygiocaris sp.,1
Uralichas,Ormathops clariondi,1
Uralichas,Pterygometopus sp.,1
Uralichas,Megalaspides? sp.,1
Uralichas,Iberocoryphe sp.,1
Uralichas,cf. Niobella sp.,1
Uralichas,Somasteroid indet. n. sp. 1,1
Uralichas,Somasteroid indet. n. sp. 2,1
Uralichas,Somasteroid indet. n. sp. 3,1
Uralichas,Somasteroid indet.,1
Uralichas,undet. Asteroidea,1
Uralichas,undet. Stelleroidea,1
Uralichas,Villebrunaster fezouataensis,1
Uralichas,Palaeosphaeronites sp.,1
Uralichas,Palaeosphaeronites? prokopi,1
Uralichas,Aristocystites cf. bohemicus (sinuous?),1
Uralichas,Aristocystites sp.,1
Uralichas,Ascocystites? sp.,1
Uralichas,Balantiocystis regnelli,1
Uralichas,Balantiocystis sp.,1
Uralichas,Rhopalocystis sp.,1
Uralichas,Rhopalocystis dehirensis,1
Uralichas,Rhopalocystis destombesi,1
Uralichas,Rhopalocystis fraga,1
Uralichas,Rhopalocystis grandis,1
Uralichas,Rhopalocystis havliceki,1
Uralichas,Rhopalocystis lehmani,1
Uralichas,Rhopalocystis zagoraensis,1
Uralichas,Rhopalocystis sp. A,1
Uralichas,Rhopalocystis sp. B,1
Uralichas,Rhopalocystis sp. C,1
Uralichas,cf. Rhopalocystis,1
Uralichas,Lingulocystis aff. deani,1
Uralichas,Lingulocystis elongata,1
Uralichas,cf. Pareocrinus,1
Uralichas,Eocrinoidea indet. sp. 1,1
Uralichas,Eocrinoidea indet. sp. 2,1
Uralichas,Eocrinoidea indet.,1
Uralichas,Ramseyocrinus sp.,1
Uralichas,Crinoid 2,1
Uralichas,Aethocrinus cf. moorei,1
Uralichas,Iocrinus n. sp.,1
Uralichas,Cystoidea?/undet. Cystoidea,1
Uralichas,Argodiscus espilezorum,1
Uralichas,Anedriophus moroccoensis,1
Uralichas,Rhenopyrgid indet.,1
Uralichas,Ampelocarpus sp.,1
Uralichas,Amygdalotheca griffei,1
Uralichas,Anatifopsis escandei,1
Uralichas,Anatifopsis trapeziiformis,1
Uralichas,Anatifopsis sp.,1
Uralichas,"Anomalocystid n. gen., n. sp. ",1
Uralichas,Aspidocarpus sp.,1
Uralichas,Arauricystis? sp.,1
Uralichas,Balanocystites primus,1
Uralichas,Bohemiaecystis,1
Uralichas,Chauvelicystis ubaghsi,1
Uralichas,Chauvelicystis spinosa,1
Uralichas,Chauvelicystis vizcainoi,1
Uralichas,Chauvelicystis sp.,1
Uralichas,"Chauvelicystid n. gen., n. sp. 1",1
Uralichas,"Chauvelicystid n. gen., n. sp. 2",1
Uralichas,Chinianocarpos sp.,1
Uralichas,"Cornuta n. gen. 1, n. sp.",1
Uralichas,"Cornuta n. gen. 2, n. sp.",1
Uralichas,Flabellicarpus rushtoni,1
Uralichas,Flabellicarpus?,1
Uralichas,Galliaecystis n. sp.,1
Uralichas,Galliaecystis ubaghsi,1
Uralichas,Hanusia n. sp.,1
Uralichas,Lagynocystis pyramidalis,1
Uralichas,Lyricocarpus courtessolei,1
Uralichas,Milonicystis sp.,1
Uralichas,Mitrocystitid indet. cf. Ovocarpus,1
Uralichas,Nanocarpus cf. dolambii,1
Uralichas,Phyllocystis blayaci,1
Uralichas,Phyllocystis sp.,1
Uralichas,Procothurnocystis n. sp.,1
Uralichas,Prokopicystis sp.,1
Uralichas,Thoralicystis zagoraensis,1
Uralichas,Thoralicystis n. sp.,1
Uralichas,Vizcainocarpus sp.,1
Uralichas,Cothurnocystid indetl.,1
Uralichas,Hanusiid indet.,1
Uralichas,Peltocystis cornuta,1
Uralichas,Scotiaevystis? sp.,1
Uralichas,Macrocystella sp.,1
Uralichas,Macrocystella bohemica,1
Uralichas,Macrocystella cf. mariae,1
Uralichas,Macrocystella tasseftensis,1
Uralichas,cf. Castericystis,1
Uralichas,cf. Minervaecystis,1
Uralichas,Plasiacystis mobilis,1
Uralichas,Plasiacystis sp.,1
Uralichas,Nimchacystis agterbosi,1
Uralichas,undet. Ophiuroidea,1
Uralichas,Elegantilites sp.,1
Uralichas,Gamalites? sp.,1
Uralichas,Gompholites sp.,1
Uralichas,Nephrotheca sp.,1
Uralichas,Hyolithes sp.,1
Uralichas,Pauxillites thaddei,1
Uralichas,Pauxillites sp.,1
Hospes sp.,Wapkiids,1
Hospes sp.,Leptomitids,1
Hospes sp.,leptomitid A,1
Hospes sp.,leptomitid B,1
Hospes sp.,Choia sp.,1
Hospes sp.,Choia sp. B,1
Hospes sp.,Choiaella sp.,1
Hospes sp.,Choiid A,1
Hospes sp.,Choiid B,1
Hospes sp.,Choiid C,1
Hospes sp.,Choiid 2,1
Hospes sp.,Hamptonia sp.,1
Hospes sp.,Pirania auraeum,1
Hospes sp.,Pellipirania gloria,1
Hospes sp.,piraniid A,1
Hospes sp.,Hamptonia' christi,1
Hospes sp.,hazeliid,1
Hospes sp.,Hexactinellids,1
Hospes sp.,species ressembling Valospongia,1
Hospes sp.,reticulosan A,1
Hospes sp.,reticulosan B,1
Hospes sp.,reticulosan C,1
Hospes sp.,reticulosan D,1
Hospes sp.,reticulosan E,1
Hospes sp.,Didymograptus cf. arcuatus,1
Hospes sp.,Didymograptus deflexus,1
Hospes sp.,Didymograptus extensus,1
Hospes sp.,Didymograptus v-fractus,1
Hospes sp.,Didymograptus intendus,1
Hospes sp.,Didymograptus pennatulus,1
Hospes sp.,Didymograptus nanus,1
Hospes sp.,Didymograptus nitidus,1
Hospes sp.,Didymograptus patulus,1
Hospes sp.,Didymograptus sparsus,1
Hospes sp.,"""Didymograptus sp. 1""",1
Hospes sp.,Didymograptus sp.,1
Hospes sp.,Didymograptid indet.,1
Hospes sp.,Koremagraptus sp.,1
Hospes sp.,Dictyonema sp.,1
Hospes sp.,Tuboid,1
Hospes sp.,?Cymatograptus protobalticus,1
Hospes sp.,Webbyites felix,1
Hospes sp.,Rhabdopleura-like epibiont,1
Dactylocephalus sp.,Benthic detritus,1
Dactylocephalus sp.,Ranorthis fasciata,1
Dactylocephalus sp.,undet. Athyridida,1
Dactylocephalus sp.,Acrothele sp.,1
Dactylocephalus sp.,Plectorthis simplex,1
Dactylocephalus sp.,Angusticardinia sp.,1
Dactylocephalus sp.,Lingula salteri,1
Dactylocephalus sp.,Orbithele vana,1
Dactylocephalus sp.,Paurorthis tadristensis,1
Dactylocephalus sp.,Tarfaya marocana,1
Dactylocephalus sp.,Wosekella sp.,1
Dactylocephalus sp.,Monobolina sp.,1
Dactylocephalus sp.,Elliptoglossa sp.,1
Dactylocephalus sp.,Celdobolus sp.,1
Dactylocephalus sp.,Discinoidea?,1
Dactylocephalus sp.,undet. Dalmanelloidea,1
Dactylocephalus sp.,Babinka prima,1
Dactylocephalus sp.,Ctenodonta escosurae,1
Dactylocephalus sp.,Praenucula sp.,1
Dactylocephalus sp.,Redonia michelae,1
Dactylocephalus sp.,Alococoncha?,1
Dactylocephalus sp.,Cardiolaria? sp.,1
Dactylocephalus sp.,Pelecyogyra fezouataensis,1
Dactylocephalus sp.,Sinuites sp.,1
Dactylocephalus sp.,Lesueurilla prima,1
Dactylocephalus sp.,undet. Platyceratoidea,1
Dactylocephalus sp.,undet. Monoplacophora,1
Dactylocephalus sp.,Thoralispira laevis,1
Dactylocephalus sp.,Thoralispira? cf. occitana,1
Dactylocephalus sp.,Ribeiria sp.,1
Dactylocephalus sp.,Tolmachovia?,1
Dactylocephalus sp.,Wiwaxiid,1
Dactylocephalus sp.,Halkieriid,1
Dactylocephalus sp.,Helcionelloid,1
Dactylocephalus sp.,Calvapilosa kroegeri,1
Dactylocephalus sp.,Plumulites bengtsoni,2
Dactylocephalus sp.,Large plumulitid,2
Dactylocephalus sp.,Possible phyllodocid,2
Dactylocephalus sp.,Palaeoscolex cf. tenensis,2
Dactylocephalus sp.,Priapulid,2
Dactylocephalus sp.,Large taxon with spinose limbs,1
Dactylocephalus sp.,Small taxon with spinose limbs,1
Dactylocephalus sp.,Armoured lobopodian 1,1
Dactylocephalus sp.,Armoured lobopodian 2,1
Dactylocephalus sp.,Armoured lobopodian 3,1
Dactylocephalus sp.,Diania-like lobopodian,1
Dactylocephalus sp.,Furca sp. 1,1
Dactylocephalus sp.,Furca sp. 2,1
Dactylocephalus sp.,Furca sp. 3,1
Dactylocephalus sp.,Marrella sp.,1
Dactylocephalus sp.,Enosiaspis hrungnir,1
Dactylocephalus sp.,Possible waptiid,1
Dactylocephalus sp.,Chasmataspidid,1
Dactylocephalus sp.,Possible pycnogonid,1
Dactylocephalus sp.,Xiphosurid,1
Dactylocephalus sp.,Possible retifaciid,1
Dactylocephalus sp.,Chlupacaris? sp.,1
Dactylocephalus sp.,Tremaglaspis sp.,1
Dactylocephalus sp.,Brachyaglaspis singularis,1
Dactylocephalus sp.,Cheloniellid,1
Dactylocephalus sp.,Phyllocarid,1
Dactylocephalus sp.,Lepadomorph barnacle,1
Dactylocephalus sp.,Eoduslia,1
Dactylocephalus sp.,Asaphellus fezouataensis ,1
Dactylocephalus sp.,Asaphellus sp aff. jujuanus,1
Dactylocephalus sp.,Asaphellus tataensis,1
Dactylocephalus sp.,Asaphellus sp.,1
Dactylocephalus sp.,Kierarges morrisoni,1
Dactylocephalus sp.,Playpeltoides carmenae,1
Dactylocephalus sp.,Symphysurus sicardi,1
Dactylocephalus sp.,Symphysurus ebbestadi,1
Dactylocephalus sp.,Symphysurus sp.,1
Dactylocephalus sp.,Apatokephalus cf. incisus,1
Dactylocephalus sp.,Orometopus sp.,1
Dactylocephalus sp.,Cnemidopyge sp.,1
Dactylocephalus sp.,Parvilichas marochii,1
Dactylocephalus sp.,Selenopeltis aff. Gallica,1
Dactylocephalus sp.,Selenopeltis binodosa,1
Dactylocephalus sp.,Selenopeltis sp. 1,1
Dactylocephalus sp.,Selenopeltis sp. 2,1
Dactylocephalus sp.,Harpides sp.,1
Dactylocephalus sp.,Foulonia peregrina,1
Dactylocephalus sp.,Foulonia sp.,1
Dactylocephalus sp.,Toletanaspis aff. borni,1
Dactylocephalus sp.,undet. Dalmanitacea,1
Dactylocephalus sp.,Bathycheilus gallicus,1
Dactylocephalus sp.,Bavarilla aff. zemmourensis,1
Dactylocephalus sp.,Bavarilla zemmourensis,1
Dactylocephalus sp.,Bavarilla sp.,1
Dactylocephalus sp.,Colpocoryphe thorali,1
Dactylocephalus sp.,Colpocoryphe pradesensis,1
Dactylocephalus sp.,Colpocoryphe sp.,1
Dactylocephalus sp.,Pharostoma sp.,1
Dactylocephalus sp.,Pharostomina sp. ,1
Dactylocephalus sp.,Prionocheilus aff. languedocensis,1
Dactylocephalus sp.,Prionocheilus sp.,1
Dactylocephalus sp.,Agerina quadrata,1
Dactylocephalus sp.,Euloma sp.,1
Dactylocephalus sp.,Beltella sp.,1
Dactylocephalus sp.,Ampyx priscus,1
Dactylocephalus sp.,Ampyx cf. priscus,1
Dactylocephalus sp.,Ceraurinella? sp.,1
Dactylocephalus sp.,Megalaspidella sp.,1
Dactylocephalus sp.,Megistaspis (Ekeraspis) sp. indet.,1
Dactylocephalus sp.,Platycoryphe sp.,1
Dactylocephalus sp.,Parabathycheilus gallicus,1
Dactylocephalus sp.,Anacheirurus adserai,1
Dactylocephalus sp.,Eoharpes sp.,1
Dactylocephalus sp.,Nileus deynouxi,1
Dactylocephalus sp.,Hospes sp.,1
Dactylocephalus sp.,Ogygiocaris sp.,1
Dactylocephalus sp.,Ormathops clariondi,1
Dactylocephalus sp.,Pterygometopus sp.,1
Dactylocephalus sp.,Megalaspides? sp.,1
Dactylocephalus sp.,Iberocoryphe sp.,1
Dactylocephalus sp.,cf. Niobella sp.,1
Dactylocephalus sp.,Somasteroid indet. n. sp. 1,1
Dactylocephalus sp.,Somasteroid indet. n. sp. 2,1
Dactylocephalus sp.,Somasteroid indet. n. sp. 3,1
Dactylocephalus sp.,Somasteroid indet.,1
Dactylocephalus sp.,undet. Asteroidea,1
Dactylocephalus sp.,undet. Stelleroidea,1
Dactylocephalus sp.,Villebrunaster fezouataensis,1
Dactylocephalus sp.,Palaeosphaeronites sp.,1
Dactylocephalus sp.,Palaeosphaeronites? prokopi,1
Dactylocephalus sp.,Aristocystites cf. bohemicus (sinuous?),1
Dactylocephalus sp.,Aristocystites sp.,1
Dactylocephalus sp.,Ascocystites? sp.,1
Dactylocephalus sp.,Balantiocystis regnelli,1
Dactylocephalus sp.,Balantiocystis sp.,1
Dactylocephalus sp.,Rhopalocystis sp.,1
Dactylocephalus sp.,Rhopalocystis dehirensis,1
Dactylocephalus sp.,Rhopalocystis destombesi,1
Dactylocephalus sp.,Rhopalocystis fraga,1
Dactylocephalus sp.,Rhopalocystis grandis,1
Dactylocephalus sp.,Rhopalocystis havliceki,1
Dactylocephalus sp.,Rhopalocystis lehmani,1
Dactylocephalus sp.,Rhopalocystis zagoraensis,1
Dactylocephalus sp.,Rhopalocystis sp. A,1
Dactylocephalus sp.,Rhopalocystis sp. B,1
Dactylocephalus sp.,Rhopalocystis sp. C,1
Dactylocephalus sp.,cf. Rhopalocystis,1
Dactylocephalus sp.,Lingulocystis aff. deani,1
Dactylocephalus sp.,Lingulocystis elongata,1
Dactylocephalus sp.,cf. Pareocrinus,1
Dactylocephalus sp.,Eocrinoidea indet. sp. 1,1
Dactylocephalus sp.,Eocrinoidea indet. sp. 2,1
Dactylocephalus sp.,Eocrinoidea indet.,1
Dactylocephalus sp.,Ramseyocrinus sp.,1
Dactylocephalus sp.,Crinoid 2,1
Dactylocephalus sp.,Aethocrinus cf. moorei,1
Dactylocephalus sp.,Iocrinus n. sp.,1
Dactylocephalus sp.,Cystoidea?/undet. Cystoidea,1
Dactylocephalus sp.,Argodiscus espilezorum,1
Dactylocephalus sp.,Anedriophus moroccoensis,1
Dactylocephalus sp.,Rhenopyrgid indet.,1
Dactylocephalus sp.,Ampelocarpus sp.,1
Dactylocephalus sp.,Amygdalotheca griffei,1
Dactylocephalus sp.,Anatifopsis escandei,1
Dactylocephalus sp.,Anatifopsis trapeziiformis,1
Dactylocephalus sp.,Anatifopsis sp.,1
Dactylocephalus sp.,"Anomalocystid n. gen., n. sp. ",1
Dactylocephalus sp.,Aspidocarpus sp.,1
Dactylocephalus sp.,Arauricystis? sp.,1
Dactylocephalus sp.,Balanocystites primus,1
Dactylocephalus sp.,Bohemiaecystis,1
Dactylocephalus sp.,Chauvelicystis ubaghsi,1
Dactylocephalus sp.,Chauvelicystis spinosa,1
Dactylocephalus sp.,Chauvelicystis vizcainoi,1
Dactylocephalus sp.,Chauvelicystis sp.,1
Dactylocephalus sp.,"Chauvelicystid n. gen., n. sp. 1",1
Dactylocephalus sp.,"Chauvelicystid n. gen., n. sp. 2",1
Dactylocephalus sp.,Chinianocarpos sp.,1
Dactylocephalus sp.,"Cornuta n. gen. 1, n. sp.",1
Dactylocephalus sp.,"Cornuta n. gen. 2, n. sp.",1
Dactylocephalus sp.,Flabellicarpus rushtoni,1
Dactylocephalus sp.,Flabellicarpus?,1
Dactylocephalus sp.,Galliaecystis n. sp.,1
Dactylocephalus sp.,Galliaecystis ubaghsi,1
Dactylocephalus sp.,Hanusia n. sp.,1
Dactylocephalus sp.,Lagynocystis pyramidalis,1
Dactylocephalus sp.,Lyricocarpus courtessolei,1
Dactylocephalus sp.,Milonicystis sp.,1
Dactylocephalus sp.,Mitrocystitid indet. cf. Ovocarpus,1
Dactylocephalus sp.,Nanocarpus cf. dolambii,1
Dactylocephalus sp.,Phyllocystis blayaci,1
Dactylocephalus sp.,Phyllocystis sp.,1
Dactylocephalus sp.,Procothurnocystis n. sp.,1
Dactylocephalus sp.,Prokopicystis sp.,1
Dactylocephalus sp.,Thoralicystis zagoraensis,1
Dactylocephalus sp.,Thoralicystis n. sp.,1
Dactylocephalus sp.,Vizcainocarpus sp.,1
Dactylocephalus sp.,Cothurnocystid indetl.,1
Dactylocephalus sp.,Hanusiid indet.,1
Dactylocephalus sp.,Peltocystis cornuta,1
Dactylocephalus sp.,Scotiaevystis? sp.,1
Dactylocephalus sp.,Macrocystella sp.,1
Dactylocephalus sp.,Macrocystella bohemica,1
Dactylocephalus sp.,Macrocystella cf. mariae,1
Dactylocephalus sp.,Macrocystella tasseftensis,1
Dactylocephalus sp.,cf. Castericystis,1
Dactylocephalus sp.,cf. Minervaecystis,1
Dactylocephalus sp.,Plasiacystis mobilis,1
Dactylocephalus sp.,Plasiacystis sp.,1
Dactylocephalus sp.,Nimchacystis agterbosi,1
Dactylocephalus sp.,undet. Ophiuroidea,1
Dactylocephalus sp.,Elegantilites sp.,1
Dactylocephalus sp.,Gamalites? sp.,1
Dactylocephalus sp.,Gompholites sp.,1
Dactylocephalus sp.,Nephrotheca sp.,1
Dactylocephalus sp.,Hyolithes sp.,1
Dactylocephalus sp.,Pauxillites thaddei,1
Dactylocephalus sp.,Pauxillites sp.,1
Hungioides sp.,Benthic detritus,1
Ogygiocaris sp.,Benthic detritus,1
Ogygiocaris sp.,Acrothele sp.,1
Ogygiocaris sp.,Plectorthis simplex,1
Ogygiocaris sp.,Angusticardinia sp.,1
Ogygiocaris sp.,Lingula salteri,1
Ogygiocaris sp.,Orbithele vana,1
Ogygiocaris sp.,Paurorthis tadristensis,1
Ogygiocaris sp.,Tarfaya marocana,1
Ogygiocaris sp.,Monobolina sp.,1
Ogygiocaris sp.,Elliptoglossa sp.,1
Ogygiocaris sp.,Celdobolus sp.,1
Ogygiocaris sp.,Bryozoan,1
Ogygiocaris sp.,Redonia michelae,1
Ogygiocaris sp.,Coxiconchia guiraudi,1
Ogygiocaris sp.,Alococoncha?,1
Ogygiocaris sp.,Cienagomya? sp.,1
Ogygiocaris sp.,Ekaterodonta courtessolei,1
Ogygiocaris sp.,Lesueurilla prima,1
Ogygiocaris sp.,undet. Monoplacophora,1
Ogygiocaris sp.,Carcassonnella courtessolei,1
Ogygiocaris sp.,Carcassonnella vizcainoi,1
Ogygiocaris sp.,Carcassonnella sp.,1
Ogygiocaris sp.,Wiwaxiid,1
Ogygiocaris sp.,Helcionelloid,1
Ogygiocaris sp.,Priapulid,2
Ogygiocaris sp., 'Synziphosurine'/Synziphosurina?,1
Ogygiocaris sp.,Possible pycnogonid,1
Ogygiocaris sp.,Possible retifaciid,1
Ogygiocaris sp.,Ostracod,1
Ogygiocaris sp.,undet. Dikelocephalidae,1
Ogygiocaris sp.,undet. Illaenacea,1
Ogygiocaris sp.,Proetidae?,1
Ogygiocaris sp.,Ascocystites? sp.,1
Ogygiocaris sp.,Balantiocystis regnelli,1
Ogygiocaris sp.,Balantiocystis sp.,1
Ogygiocaris sp.,Rhopalocystis sp.,1
Ogygiocaris sp.,Rhopalocystis dehirensis,1
Ogygiocaris sp.,Rhopalocystis destombesi,1
Ogygiocaris sp.,Rhopalocystis fraga,1
Ogygiocaris sp.,Rhopalocystis grandis,1
Ogygiocaris sp.,Rhopalocystis havliceki,1
Ogygiocaris sp.,Rhopalocystis lehmani,1
Ogygiocaris sp.,Rhopalocystis zagoraensis,1
Ogygiocaris sp.,Rhopalocystis sp. A,1
Ogygiocaris sp.,Rhopalocystis sp. B,1
Ogygiocaris sp.,Rhopalocystis sp. C,1
Ogygiocaris sp.,cf. Rhopalocystis,1
Ogygiocaris sp.,Lingulocystis aff. deani,1
Ogygiocaris sp.,Lingulocystis elongata,1
Ogygiocaris sp.,cf. Pareocrinus,1
Ogygiocaris sp.,Eocrinoidea indet. sp. 1,1
Ogygiocaris sp.,Eocrinoidea indet. sp. 2,1
Ogygiocaris sp.,Eocrinoidea indet.,1
Ogygiocaris sp.,Ramseyocrinus sp.,1
Ogygiocaris sp.,Crinoid 2,1
Ogygiocaris sp.,Aethocrinus cf. moorei,1
Ogygiocaris sp.,Iocrinus n. sp.,1
Ogygiocaris sp.,Chauvelicystis ubaghsi,1
Ogygiocaris sp.,Chauvelicystis spinosa,1
Ogygiocaris sp.,Chauvelicystis vizcainoi,1
Ogygiocaris sp.,Chauvelicystis sp.,1
Ogygiocaris sp.,"Chauvelicystid n. gen., n. sp. 1",1
Ogygiocaris sp.,"Chauvelicystid n. gen., n. sp. 2",1
Ogygiocaris sp.,Kirkocystidae?,1
Ogygiocaris sp.,Peltocystis cornuta,1
Ogygiocaris sp.,Didymograptus cf. arcuatus,1
Ogygiocaris sp.,Didymograptus deflexus,1
Ogygiocaris sp.,Didymograptus extensus,1
Ogygiocaris sp.,Didymograptus v-fractus,1
Ogygiocaris sp.,Didymograptus intendus,1
Ogygiocaris sp.,Didymograptus pennatulus,1
Ogygiocaris sp.,Didymograptus nanus,1
Ogygiocaris sp.,Didymograptus nitidus,1
Ogygiocaris sp.,Didymograptus patulus,1
Ogygiocaris sp.,Didymograptus sparsus,1
Ogygiocaris sp.,"""Didymograptus sp. 1""",1
Ogygiocaris sp.,Didymograptus sp.,1
Ogygiocaris sp.,Didymograptid indet.,1
Ogygiocaris sp.,Koremagraptus sp.,1
Ogygiocaris sp.,Dictyonema sp.,1
Ogygiocaris sp.,Tuboid,1
Ogygiocaris sp.,?Cymatograptus protobalticus,1
Ogygiocaris sp.,Webbyites felix,1
Ogygiocaris sp.,Rhabdopleura-like epibiont,1
Ormathops clariondi,Benthic detritus,1
Ormathops clariondi,Acrothele sp.,1
Ormathops clariondi,Plectorthis simplex,1
Ormathops clariondi,Angusticardinia sp.,1
Ormathops clariondi,Lingula salteri,1
Ormathops clariondi,Orbithele vana,1
Ormathops clariondi,Paurorthis tadristensis,1
Ormathops clariondi,Tarfaya marocana,1
Ormathops clariondi,Monobolina sp.,1
Ormathops clariondi,Elliptoglossa sp.,1
Ormathops clariondi,Celdobolus sp.,1
Ormathops clariondi,Discinoidea?,1
Ormathops clariondi,undet. Dalmanelloidea,1
Ormathops clariondi,Bryozoan,1
Ormathops clariondi,Redonia michelae,1
Ormathops clariondi,Coxiconchia guiraudi,1
Ormathops clariondi,Alococoncha?,1
Ormathops clariondi,Cienagomya? sp.,1
Ormathops clariondi,Ekaterodonta courtessolei,1
Ormathops clariondi,Lesueurilla prima,1
Ormathops clariondi,undet. Monoplacophora,1
Ormathops clariondi,Carcassonnella courtessolei,1
Ormathops clariondi,Carcassonnella vizcainoi,1
Ormathops clariondi,Carcassonnella sp.,1
Ormathops clariondi,Wiwaxiid,1
Ormathops clariondi,Helcionelloid,1
Ormathops clariondi,Priapulid,2
Ormathops clariondi,Enosiaspis hrungnir,1
Ormathops clariondi, 'Synziphosurine'/Synziphosurina?,1
Ormathops clariondi,Possible pycnogonid,1
Ormathops clariondi,Possible retifaciid,1
Ormathops clariondi,Tariccoia tazagurtensis,1
Ormathops clariondi,Ostracod,1
Ormathops clariondi,undet. Dikelocephalidae,1
Ormathops clariondi,undet. Illaenacea,1
Ormathops clariondi,Parabathycheilus gallicus,1
Ormathops clariondi,Proetidae?,1
Ormathops clariondi,undet. Trinucleidae,1
Ormathops clariondi,Palaeosphaeronites sp.,1
Ormathops clariondi,Palaeosphaeronites? prokopi,1
Ormathops clariondi,Aristocystites cf. bohemicus (sinuous?),1
Ormathops clariondi,Aristocystites sp.,1
Ormathops clariondi,Balantiocystis regnelli,1
Ormathops clariondi,Balantiocystis sp.,1
Ormathops clariondi,Rhopalocystis sp.,1
Ormathops clariondi,Rhopalocystis dehirensis,1
Ormathops clariondi,Rhopalocystis destombesi,1
Ormathops clariondi,Rhopalocystis fraga,1
Ormathops clariondi,Rhopalocystis grandis,1
Ormathops clariondi,Rhopalocystis havliceki,1
Ormathops clariondi,Rhopalocystis lehmani,1
Ormathops clariondi,Rhopalocystis zagoraensis,1
Ormathops clariondi,Rhopalocystis sp. A,1
Ormathops clariondi,Rhopalocystis sp. B,1
Ormathops clariondi,Rhopalocystis sp. C,1
Ormathops clariondi,cf. Rhopalocystis,1
Ormathops clariondi,Lingulocystis aff. deani,1
Ormathops clariondi,Lingulocystis elongata,1
Ormathops clariondi,cf. Pareocrinus,1
Ormathops clariondi,Eocrinoidea indet. sp. 1,1
Ormathops clariondi,Eocrinoidea indet. sp. 2,1
Ormathops clariondi,Eocrinoidea indet.,1
Ormathops clariondi,Ramseyocrinus sp.,1
Ormathops clariondi,Crinoid 2,1
Ormathops clariondi,Aethocrinus cf. moorei,1
Ormathops clariondi,Iocrinus n. sp.,1
Ormathops clariondi,Argodiscus espilezorum,1
Ormathops clariondi,Anedriophus moroccoensis,1
Ormathops clariondi,Rhenopyrgid indet.,1
Ormathops clariondi,Ampelocarpus sp.,1
Ormathops clariondi,Amygdalotheca griffei,1
Ormathops clariondi,Anatifopsis escandei,1
Ormathops clariondi,Anatifopsis trapeziiformis,1
Ormathops clariondi,Anatifopsis sp.,1
Ormathops clariondi,"Anomalocystid n. gen., n. sp. ",1
Ormathops clariondi,Aspidocarpus sp.,1
Ormathops clariondi,Balanocystites primus,1
Ormathops clariondi,Bohemiaecystis,1
Ormathops clariondi,Chauvelicystis ubaghsi,1
Ormathops clariondi,Chauvelicystis spinosa,1
Ormathops clariondi,Chauvelicystis vizcainoi,1
Ormathops clariondi,Chauvelicystis sp.,1
Ormathops clariondi,"Chauvelicystid n. gen., n. sp. 1",1
Ormathops clariondi,"Chauvelicystid n. gen., n. sp. 2",1
Ormathops clariondi,Chinianocarpos sp.,1
Ormathops clariondi,"Cornuta n. gen. 1, n. sp.",1
Ormathops clariondi,"Cornuta n. gen. 2, n. sp.",1
Ormathops clariondi,Flabellicarpus rushtoni,1
Ormathops clariondi,Galliaecystis n. sp.,1
Ormathops clariondi,Galliaecystis ubaghsi,1
Ormathops clariondi,Lagynocystis pyramidalis,1
Ormathops clariondi,Kirkocystidae?,1
Ormathops clariondi,Lyricocarpus courtessolei,1
Ormathops clariondi,Milonicystis sp.,1
Ormathops clariondi,Mitrocystitid indet. cf. Ovocarpus,1
Ormathops clariondi,Nanocarpus cf. dolambii,1
Ormathops clariondi,Phyllocystis blayaci,1
Ormathops clariondi,Procothurnocystis n. sp.,1
Ormathops clariondi,Prokopicystis sp.,1
Ormathops clariondi,Thoralicystis zagoraensis,1
Ormathops clariondi,Vizcainocarpus sp.,1
Ormathops clariondi,Peltocystis cornuta,1
Ormathops clariondi,Macrocystella sp.,1
Ormathops clariondi,Macrocystella bohemica,1
Ormathops clariondi,Macrocystella cf. mariae,1
Ormathops clariondi,Macrocystella tasseftensis,1
Ormathops clariondi,undet. Ophiuroidea,1
Ormathops clariondi,Didymograptus cf. arcuatus,1
Ormathops clariondi,Didymograptus deflexus,1
Ormathops clariondi,Didymograptus extensus,1
Ormathops clariondi,Didymograptus v-fractus,1
Ormathops clariondi,Didymograptus intendus,1
Ormathops clariondi,Didymograptus pennatulus,1
Ormathops clariondi,Didymograptus nanus,1
Ormathops clariondi,Didymograptus nitidus,1
Ormathops clariondi,Didymograptus patulus,1
Ormathops clariondi,Didymograptus sparsus,1
Ormathops clariondi,"""Didymograptus sp. 1""",1
Ormathops clariondi,Didymograptus sp.,1
Ormathops clariondi,Didymograptid indet.,1
Ormathops clariondi,Koremagraptus sp.,1
Ormathops clariondi,Dictyonema sp.,1
Ormathops clariondi,Tuboid,1
Ormathops clariondi,?Cymatograptus protobalticus,1
Ormathops clariondi,Webbyites felix,1
Ormathops clariondi,Rhabdopleura-like epibiont,1
Niobe sp.,Benthic detritus,1
Niobe sp.,Ranorthis fasciata,1
Niobe sp.,undet. Athyridida,1
Niobe sp.,Acrothele sp.,1
Niobe sp.,Plectorthis simplex,1
Niobe sp.,Angusticardinia sp.,1
Niobe sp.,Lingula salteri,1
Niobe sp.,Orbithele vana,1
Niobe sp.,Paurorthis tadristensis,1
Niobe sp.,Tarfaya marocana,1
Niobe sp.,Wosekella sp.,1
Niobe sp.,Monobolina sp.,1
Niobe sp.,Elliptoglossa sp.,1
Niobe sp.,Celdobolus sp.,1
Niobe sp.,Discinoidea?,1
Niobe sp.,undet. Dalmanelloidea,1
Niobe sp.,Babinka prima,1
Niobe sp.,Ctenodonta escosurae,1
Niobe sp.,Praenucula sp.,1
Niobe sp.,Redonia michelae,1
Niobe sp.,Alococoncha?,1
Niobe sp.,Cardiolaria? sp.,1
Niobe sp.,Pelecyogyra fezouataensis,1
Niobe sp.,Sinuites sp.,1
Niobe sp.,Lesueurilla prima,1
Niobe sp.,undet. Platyceratoidea,1
Niobe sp.,undet. Monoplacophora,1
Niobe sp.,Thoralispira laevis,1
Niobe sp.,Thoralispira? cf. occitana,1
Niobe sp.,Ribeiria sp.,1
Niobe sp.,Tolmachovia?,1
Niobe sp.,Wiwaxiid,1
Niobe sp.,Halkieriid,1
Niobe sp.,Helcionelloid,1
Niobe sp.,Calvapilosa kroegeri,1
Niobe sp.,Plumulites bengtsoni,2
Niobe sp.,Large plumulitid,2
Niobe sp.,Possible phyllodocid,2
Niobe sp.,Palaeoscolex cf. tenensis,2
Niobe sp.,Priapulid,2
Niobe sp.,Large taxon with spinose limbs,1
Niobe sp.,Small taxon with spinose limbs,1
Niobe sp.,Armoured lobopodian 1,1
Niobe sp.,Armoured lobopodian 2,1
Niobe sp.,Armoured lobopodian 3,1
Niobe sp.,Diania-like lobopodian,1
Niobe sp.,Furca sp. 1,1
Niobe sp.,Furca sp. 2,1
Niobe sp.,Furca sp. 3,1
Niobe sp.,Marrella sp.,1
Niobe sp.,Enosiaspis hrungnir,1
Niobe sp.,Possible waptiid,1
Niobe sp.,Chasmataspidid,1
Niobe sp.,Possible pycnogonid,1
Niobe sp.,Xiphosurid,1
Niobe sp.,Possible retifaciid,1
Niobe sp.,Chlupacaris? sp.,1
Niobe sp.,Tremaglaspis sp.,1
Niobe sp.,Cheloniellid,1
Niobe sp.,Phyllocarid,1
Niobe sp.,Lepadomorph barnacle,1
Niobe sp.,Eoduslia,1
Niobe sp.,Asaphellus sp aff. jujuanus,1
Niobe sp.,Asaphellus sp.,1
Niobe sp.,Kierarges morrisoni,1
Niobe sp.,Playpeltoides carmenae,1
Niobe sp.,Symphysurus sicardi,1
Niobe sp.,Symphysurus ebbestadi,1
Niobe sp.,Symphysurus sp.,1
Niobe sp.,Apatokephalus cf. incisus,1
Niobe sp.,Orometopus sp.,1
Niobe sp.,Cnemidopyge sp.,1
Niobe sp.,Parvilichas marochii,1
Niobe sp.,Selenopeltis aff. Gallica,1
Niobe sp.,Selenopeltis binodosa,1
Niobe sp.,Selenopeltis sp. 1,1
Niobe sp.,Selenopeltis sp. 2,1
Niobe sp.,Harpides sp.,1
Niobe sp.,Foulonia peregrina,1
Niobe sp.,Foulonia sp.,1
Niobe sp.,Toletanaspis aff. borni,1
Niobe sp.,undet. Dalmanitacea,1
Niobe sp.,Bathycheilus gallicus,1
Niobe sp.,Bavarilla aff. zemmourensis,1
Niobe sp.,Bavarilla zemmourensis,1
Niobe sp.,Bavarilla sp.,1
Niobe sp.,Colpocoryphe thorali,1
Niobe sp.,Colpocoryphe pradesensis,1
Niobe sp.,Colpocoryphe sp.,1
Niobe sp.,Pharostoma sp.,1
Niobe sp.,Pharostomina sp. ,1
Niobe sp.,Prionocheilus aff. languedocensis,1
Niobe sp.,Prionocheilus sp.,1
Niobe sp.,Agerina quadrata,1
Niobe sp.,Euloma sp.,1
Niobe sp.,Beltella sp.,1
Niobe sp.,Ampyx priscus,1
Niobe sp.,Ampyx cf. priscus,1
Niobe sp.,Ceraurinella? sp.,1
Niobe sp.,Megalaspidella sp.,1
Niobe sp.,Megistaspis (Ekeraspis) sp. indet.,1
Niobe sp.,Platycoryphe sp.,1
Niobe sp.,Parabathycheilus gallicus,1
Niobe sp.,Anacheirurus adserai,1
Niobe sp.,Eoharpes sp.,1
Niobe sp.,Nileus deynouxi,1
Niobe sp.,Hospes sp.,1
Niobe sp.,Ogygiocaris sp.,1
Niobe sp.,Ormathops clariondi,1
Niobe sp.,Pterygometopus sp.,1
Niobe sp.,Megalaspides? sp.,1
Niobe sp.,Iberocoryphe sp.,1
Niobe sp.,cf. Niobella sp.,1
Niobe sp.,Somasteroid indet. n. sp. 1,1
Niobe sp.,Somasteroid indet. n. sp. 2,1
Niobe sp.,Somasteroid indet. n. sp. 3,1
Niobe sp.,Somasteroid indet.,1
Niobe sp.,undet. Asteroidea,1
Niobe sp.,undet. Stelleroidea,1
Niobe sp.,Villebrunaster fezouataensis,1
Niobe sp.,Palaeosphaeronites sp.,1
Niobe sp.,Palaeosphaeronites? prokopi,1
Niobe sp.,Aristocystites cf. bohemicus (sinuous?),1
Niobe sp.,Aristocystites sp.,1
Niobe sp.,Ascocystites? sp.,1
Niobe sp.,Balantiocystis regnelli,1
Niobe sp.,Balantiocystis sp.,1
Niobe sp.,Rhopalocystis sp.,1
Niobe sp.,Rhopalocystis dehirensis,1
Niobe sp.,Rhopalocystis destombesi,1
Niobe sp.,Rhopalocystis fraga,1
Niobe sp.,Rhopalocystis grandis,1
Niobe sp.,Rhopalocystis havliceki,1
Niobe sp.,Rhopalocystis lehmani,1
Niobe sp.,Rhopalocystis zagoraensis,1
Niobe sp.,Rhopalocystis sp. A,1
Niobe sp.,Rhopalocystis sp. B,1
Niobe sp.,Rhopalocystis sp. C,1
Niobe sp.,cf. Rhopalocystis,1
Niobe sp.,Lingulocystis aff. deani,1
Niobe sp.,Lingulocystis elongata,1
Niobe sp.,cf. Pareocrinus,1
Niobe sp.,Eocrinoidea indet. sp. 1,1
Niobe sp.,Eocrinoidea indet. sp. 2,1
Niobe sp.,Eocrinoidea indet.,1
Niobe sp.,Ramseyocrinus sp.,1
Niobe sp.,Crinoid 2,1
Niobe sp.,Aethocrinus cf. moorei,1
Niobe sp.,Iocrinus n. sp.,1
Niobe sp.,Cystoidea?/undet. Cystoidea,1
Niobe sp.,Argodiscus espilezorum,1
Niobe sp.,Anedriophus moroccoensis,1
Niobe sp.,Rhenopyrgid indet.,1
Niobe sp.,Ampelocarpus sp.,1
Niobe sp.,Amygdalotheca griffei,1
Niobe sp.,Anatifopsis escandei,1
Niobe sp.,Anatifopsis trapeziiformis,1
Niobe sp.,Anatifopsis sp.,1
Niobe sp.,"Anomalocystid n. gen., n. sp. ",1
Niobe sp.,Aspidocarpus sp.,1
Niobe sp.,Arauricystis? sp.,1
Niobe sp.,Balanocystites primus,1
Niobe sp.,Bohemiaecystis,1
Niobe sp.,Chauvelicystis ubaghsi,1
Niobe sp.,Chauvelicystis spinosa,1
Niobe sp.,Chauvelicystis vizcainoi,1
Niobe sp.,Chauvelicystis sp.,1
Niobe sp.,"Chauvelicystid n. gen., n. sp. 1",1
Niobe sp.,"Chauvelicystid n. gen., n. sp. 2",1
Niobe sp.,Chinianocarpos sp.,1
Niobe sp.,"Cornuta n. gen. 1, n. sp.",1
Niobe sp.,"Cornuta n. gen. 2, n. sp.",1
Niobe sp.,Flabellicarpus rushtoni,1
Niobe sp.,Flabellicarpus?,1
Niobe sp.,Galliaecystis n. sp.,1
Niobe sp.,Galliaecystis ubaghsi,1
Niobe sp.,Hanusia n. sp.,1
Niobe sp.,Lagynocystis pyramidalis,1
Niobe sp.,Lyricocarpus courtessolei,1
Niobe sp.,Milonicystis sp.,1
Niobe sp.,Mitrocystitid indet. cf. Ovocarpus,1
Niobe sp.,Nanocarpus cf. dolambii,1
Niobe sp.,Phyllocystis blayaci,1
Niobe sp.,Phyllocystis sp.,1
Niobe sp.,Procothurnocystis n. sp.,1
Niobe sp.,Prokopicystis sp.,1
Niobe sp.,Thoralicystis zagoraensis,1
Niobe sp.,Thoralicystis n. sp.,1
Niobe sp.,Vizcainocarpus sp.,1
Niobe sp.,Cothurnocystid indetl.,1
Niobe sp.,Hanusiid indet.,1
Niobe sp.,Peltocystis cornuta,1
Niobe sp.,Scotiaevystis? sp.,1
Niobe sp.,Macrocystella sp.,1
Niobe sp.,Macrocystella bohemica,1
Niobe sp.,Macrocystella cf. mariae,1
Niobe sp.,Macrocystella tasseftensis,1
Niobe sp.,cf. Castericystis,1
Niobe sp.,cf. Minervaecystis,1
Niobe sp.,Plasiacystis mobilis,1
Niobe sp.,Plasiacystis sp.,1
Niobe sp.,undet. Ophiuroidea,1
Niobe sp.,Elegantilites sp.,1
Niobe sp.,Gamalites? sp.,1
Niobe sp.,Gompholites sp.,1
Niobe sp.,Nephrotheca sp.,1
Niobe sp.,Hyolithes sp.,1
Niobe sp.,Pauxillites thaddei,1
Niobe sp.,Pauxillites sp.,1
Pterygometopus sp.,Benthic detritus,1
Pterygometopus sp.,Acrothele sp.,1
Pterygometopus sp.,Plectorthis simplex,1
Pterygometopus sp.,Angusticardinia sp.,1
Pterygometopus sp.,Lingula salteri,1
Pterygometopus sp.,Orbithele vana,1
Pterygometopus sp.,Paurorthis tadristensis,1
Pterygometopus sp.,Tarfaya marocana,1
Pterygometopus sp.,Monobolina sp.,1
Pterygometopus sp.,Elliptoglossa sp.,1
Pterygometopus sp.,Celdobolus sp.,1
Pterygometopus sp.,Discinoidea?,1
Pterygometopus sp.,undet. Dalmanelloidea,1
Pterygometopus sp.,Bryozoan,1
Pterygometopus sp.,Redonia michelae,1
Pterygometopus sp.,Coxiconchia guiraudi,1
Pterygometopus sp.,Alococoncha?,1
Pterygometopus sp.,Cienagomya? sp.,1
Pterygometopus sp.,Ekaterodonta courtessolei,1
Pterygometopus sp.,Lesueurilla prima,1
Pterygometopus sp.,undet. Monoplacophora,1
Pterygometopus sp.,Carcassonnella courtessolei,1
Pterygometopus sp.,Carcassonnella vizcainoi,1
Pterygometopus sp.,Carcassonnella sp.,1
Pterygometopus sp.,Wiwaxiid,1
Pterygometopus sp.,Helcionelloid,1
Pterygometopus sp.,Priapulid,2
Pterygometopus sp.,Enosiaspis hrungnir,1
Pterygometopus sp., 'Synziphosurine'/Synziphosurina?,1
Pterygometopus sp.,Possible pycnogonid,1
Pterygometopus sp.,Possible retifaciid,1
Pterygometopus sp.,Tariccoia tazagurtensis,1
Pterygometopus sp.,Ostracod,1
Pterygometopus sp.,undet. Dikelocephalidae,1
Pterygometopus sp.,undet. Illaenacea,1
Pterygometopus sp.,Parabathycheilus gallicus,1
Pterygometopus sp.,Proetidae?,1
Pterygometopus sp.,undet. Trinucleidae,1
Pterygometopus sp.,Palaeosphaeronites sp.,1
Pterygometopus sp.,Palaeosphaeronites? prokopi,1
Pterygometopus sp.,Aristocystites cf. bohemicus (sinuous?),1
Pterygometopus sp.,Aristocystites sp.,1
Pterygometopus sp.,Balantiocystis regnelli,1
Pterygometopus sp.,Balantiocystis sp.,1
Pterygometopus sp.,Rhopalocystis sp.,1
Pterygometopus sp.,Rhopalocystis dehirensis,1
Pterygometopus sp.,Rhopalocystis destombesi,1
Pterygometopus sp.,Rhopalocystis fraga,1
Pterygometopus sp.,Rhopalocystis grandis,1
Pterygometopus sp.,Rhopalocystis havliceki,1
Pterygometopus sp.,Rhopalocystis lehmani,1
Pterygometopus sp.,Rhopalocystis zagoraensis,1
Pterygometopus sp.,Rhopalocystis sp. A,1
Pterygometopus sp.,Rhopalocystis sp. B,1
Pterygometopus sp.,Rhopalocystis sp. C,1
Pterygometopus sp.,cf. Rhopalocystis,1
Pterygometopus sp.,Lingulocystis aff. deani,1
Pterygometopus sp.,Lingulocystis elongata,1
Pterygometopus sp.,cf. Pareocrinus,1
Pterygometopus sp.,Eocrinoidea indet. sp. 1,1
Pterygometopus sp.,Eocrinoidea indet. sp. 2,1
Pterygometopus sp.,Eocrinoidea indet.,1
Pterygometopus sp.,Ramseyocrinus sp.,1
Pterygometopus sp.,Crinoid 2,1
Pterygometopus sp.,Aethocrinus cf. moorei,1
Pterygometopus sp.,Iocrinus n. sp.,1
Pterygometopus sp.,Argodiscus espilezorum,1
Pterygometopus sp.,Anedriophus moroccoensis,1
Pterygometopus sp.,Rhenopyrgid indet.,1
Pterygometopus sp.,Ampelocarpus sp.,1
Pterygometopus sp.,Amygdalotheca griffei,1
Pterygometopus sp.,Anatifopsis escandei,1
Pterygometopus sp.,Anatifopsis trapeziiformis,1
Pterygometopus sp.,Anatifopsis sp.,1
Pterygometopus sp.,"Anomalocystid n. gen., n. sp. ",1
Pterygometopus sp.,Aspidocarpus sp.,1
Pterygometopus sp.,Balanocystites primus,1
Pterygometopus sp.,Bohemiaecystis,1
Pterygometopus sp.,Chauvelicystis ubaghsi,1
Pterygometopus sp.,Chauvelicystis spinosa,1
Pterygometopus sp.,Chauvelicystis vizcainoi,1
Pterygometopus sp.,Chauvelicystis sp.,1
Pterygometopus sp.,"Chauvelicystid n. gen., n. sp. 1",1
Pterygometopus sp.,"Chauvelicystid n. gen., n. sp. 2",1
Pterygometopus sp.,Chinianocarpos sp.,1
Pterygometopus sp.,"Cornuta n. gen. 1, n. sp.",1
Pterygometopus sp.,"Cornuta n. gen. 2, n. sp.",1
Pterygometopus sp.,Flabellicarpus rushtoni,1
Pterygometopus sp.,Galliaecystis n. sp.,1
Pterygometopus sp.,Galliaecystis ubaghsi,1
Pterygometopus sp.,Lagynocystis pyramidalis,1
Pterygometopus sp.,Kirkocystidae?,1
Pterygometopus sp.,Lyricocarpus courtessolei,1
Pterygometopus sp.,Milonicystis sp.,1
Pterygometopus sp.,Mitrocystitid indet. cf. Ovocarpus,1
Pterygometopus sp.,Nanocarpus cf. dolambii,1
Pterygometopus sp.,Phyllocystis blayaci,1
Pterygometopus sp.,Procothurnocystis n. sp.,1
Pterygometopus sp.,Prokopicystis sp.,1
Pterygometopus sp.,Thoralicystis zagoraensis,1
Pterygometopus sp.,Vizcainocarpus sp.,1
Pterygometopus sp.,Peltocystis cornuta,1
Pterygometopus sp.,Macrocystella sp.,1
Pterygometopus sp.,Macrocystella bohemica,1
Pterygometopus sp.,Macrocystella cf. mariae,1
Pterygometopus sp.,Macrocystella tasseftensis,1
Pterygometopus sp.,undet. Ophiuroidea,1
Pterygometopus sp.,Didymograptus cf. arcuatus,1
Pterygometopus sp.,Didymograptus deflexus,1
Pterygometopus sp.,Didymograptus extensus,1
Pterygometopus sp.,Didymograptus v-fractus,1
Pterygometopus sp.,Didymograptus intendus,1
Pterygometopus sp.,Didymograptus pennatulus,1
Pterygometopus sp.,Didymograptus nanus,1
Pterygometopus sp.,Didymograptus nitidus,1
Pterygometopus sp.,Didymograptus patulus,1
Pterygometopus sp.,Didymograptus sparsus,1
Pterygometopus sp.,"""Didymograptus sp. 1""",1
Pterygometopus sp.,Didymograptus sp.,1
Pterygometopus sp.,Didymograptid indet.,1
Pterygometopus sp.,Koremagraptus sp.,1
Pterygometopus sp.,Dictyonema sp.,1
Pterygometopus sp.,Tuboid,1
Pterygometopus sp.,?Cymatograptus protobalticus,1
Pterygometopus sp.,Webbyites felix,1
Pterygometopus sp.,Rhabdopleura-like epibiont,1
Nobiliasaphus? sp.,Benthic detritus,1
Nobiliasaphus? sp.,Ranorthis fasciata,1
Nobiliasaphus? sp.,undet. Athyridida,1
Nobiliasaphus? sp.,Acrothele sp.,1
Nobiliasaphus? sp.,Plectorthis simplex,1
Nobiliasaphus? sp.,Angusticardinia sp.,1
Nobiliasaphus? sp.,Lingula salteri,1
Nobiliasaphus? sp.,Orbithele vana,1
Nobiliasaphus? sp.,Paurorthis tadristensis,1
Nobiliasaphus? sp.,Tarfaya marocana,1
Nobiliasaphus? sp.,Wosekella sp.,1
Nobiliasaphus? sp.,Monobolina sp.,1
Nobiliasaphus? sp.,Elliptoglossa sp.,1
Nobiliasaphus? sp.,Celdobolus sp.,1
Nobiliasaphus? sp.,Discinoidea?,1
Nobiliasaphus? sp.,undet. Dalmanelloidea,1
Nobiliasaphus? sp.,Babinka prima,1
Nobiliasaphus? sp.,Ctenodonta escosurae,1
Nobiliasaphus? sp.,Praenucula sp.,1
Nobiliasaphus? sp.,Redonia michelae,1
Nobiliasaphus? sp.,Alococoncha?,1
Nobiliasaphus? sp.,Cardiolaria? sp.,1
Nobiliasaphus? sp.,Pelecyogyra fezouataensis,1
Nobiliasaphus? sp.,Sinuites sp.,1
Nobiliasaphus? sp.,Lesueurilla prima,1
Nobiliasaphus? sp.,undet. Platyceratoidea,1
Nobiliasaphus? sp.,undet. Monoplacophora,1
Nobiliasaphus? sp.,Thoralispira laevis,1
Nobiliasaphus? sp.,Thoralispira? cf. occitana,1
Nobiliasaphus? sp.,Ribeiria sp.,1
Nobiliasaphus? sp.,Tolmachovia?,1
Nobiliasaphus? sp.,Wiwaxiid,1
Nobiliasaphus? sp.,Halkieriid,1
Nobiliasaphus? sp.,Helcionelloid,1
Nobiliasaphus? sp.,Calvapilosa kroegeri,1
Nobiliasaphus? sp.,Plumulites bengtsoni,2
Nobiliasaphus? sp.,Large plumulitid,2
Nobiliasaphus? sp.,Possible phyllodocid,2
Nobiliasaphus? sp.,Palaeoscolex cf. tenensis,2
Nobiliasaphus? sp.,Priapulid,2
Nobiliasaphus? sp.,Large taxon with spinose limbs,1
Nobiliasaphus? sp.,Small taxon with spinose limbs,1
Nobiliasaphus? sp.,Armoured lobopodian 1,1
Nobiliasaphus? sp.,Armoured lobopodian 2,1
Nobiliasaphus? sp.,Armoured lobopodian 3,1
Nobiliasaphus? sp.,Diania-like lobopodian,1
Nobiliasaphus? sp.,Furca sp. 1,1
Nobiliasaphus? sp.,Furca sp. 2,1
Nobiliasaphus? sp.,Furca sp. 3,1
Nobiliasaphus? sp.,Marrella sp.,1
Nobiliasaphus? sp.,Enosiaspis hrungnir,1
Nobiliasaphus? sp.,Possible waptiid,1
Nobiliasaphus? sp.,Chasmataspidid,1
Nobiliasaphus? sp.,Possible pycnogonid,1
Nobiliasaphus? sp.,Xiphosurid,1
Nobiliasaphus? sp.,Possible retifaciid,1
Nobiliasaphus? sp.,Chlupacaris? sp.,1
Nobiliasaphus? sp.,Tremaglaspis sp.,1
Nobiliasaphus? sp.,Brachyaglaspis singularis,1
Nobiliasaphus? sp.,Cheloniellid,1
Nobiliasaphus? sp.,Phyllocarid,1
Nobiliasaphus? sp.,Lepadomorph barnacle,1
Nobiliasaphus? sp.,Eoduslia,1
Nobiliasaphus? sp.,Asaphellus fezouataensis ,1
Nobiliasaphus? sp.,Asaphellus sp aff. jujuanus,1
Nobiliasaphus? sp.,Asaphellus tataensis,1
Nobiliasaphus? sp.,Asaphellus sp.,1
Nobiliasaphus? sp.,Kierarges morrisoni,1
Nobiliasaphus? sp.,Playpeltoides carmenae,1
Nobiliasaphus? sp.,Symphysurus sicardi,1
Nobiliasaphus? sp.,Symphysurus ebbestadi,1
Nobiliasaphus? sp.,Symphysurus sp.,1
Nobiliasaphus? sp.,Apatokephalus cf. incisus,1
Nobiliasaphus? sp.,Orometopus sp.,1
Nobiliasaphus? sp.,Cnemidopyge sp.,1
Nobiliasaphus? sp.,Parvilichas marochii,1
Nobiliasaphus? sp.,Selenopeltis aff. Gallica,1
Nobiliasaphus? sp.,Selenopeltis binodosa,1
Nobiliasaphus? sp.,Selenopeltis sp. 1,1
Nobiliasaphus? sp.,Selenopeltis sp. 2,1
Nobiliasaphus? sp.,Harpides sp.,1
Nobiliasaphus? sp.,Foulonia peregrina,1
Nobiliasaphus? sp.,Foulonia sp.,1
Nobiliasaphus? sp.,Toletanaspis aff. borni,1
Nobiliasaphus? sp.,undet. Dalmanitacea,1
Nobiliasaphus? sp.,Bathycheilus gallicus,1
Nobiliasaphus? sp.,Bavarilla aff. zemmourensis,1
Nobiliasaphus? sp.,Bavarilla zemmourensis,1
Nobiliasaphus? sp.,Bavarilla sp.,1
Nobiliasaphus? sp.,Colpocoryphe thorali,1
Nobiliasaphus? sp.,Colpocoryphe pradesensis,1
Nobiliasaphus? sp.,Colpocoryphe sp.,1
Nobiliasaphus? sp.,Pharostoma sp.,1
Nobiliasaphus? sp.,Pharostomina sp. ,1
Nobiliasaphus? sp.,Prionocheilus aff. languedocensis,1
Nobiliasaphus? sp.,Prionocheilus sp.,1
Nobiliasaphus? sp.,Agerina quadrata,1
Nobiliasaphus? sp.,Euloma sp.,1
Nobiliasaphus? sp.,Beltella sp.,1
Nobiliasaphus? sp.,Ampyx priscus,1
Nobiliasaphus? sp.,Ampyx cf. priscus,1
Nobiliasaphus? sp.,Ceraurinella? sp.,1
Nobiliasaphus? sp.,Megalaspidella sp.,1
Nobiliasaphus? sp.,Megistaspis (Ekeraspis) sp. indet.,1
Nobiliasaphus? sp.,Platycoryphe sp.,1
Nobiliasaphus? sp.,Parabathycheilus gallicus,1
Nobiliasaphus? sp.,Anacheirurus adserai,1
Nobiliasaphus? sp.,Eoharpes sp.,1
Nobiliasaphus? sp.,Nileus deynouxi,1
Nobiliasaphus? sp.,Hospes sp.,1
Nobiliasaphus? sp.,Ogygiocaris sp.,1
Nobiliasaphus? sp.,Ormathops clariondi,1
Nobiliasaphus? sp.,Pterygometopus sp.,1
Nobiliasaphus? sp.,Megalaspides? sp.,1
Nobiliasaphus? sp.,Iberocoryphe sp.,1
Nobiliasaphus? sp.,cf. Niobella sp.,1
Nobiliasaphus? sp.,Somasteroid indet. n. sp. 1,1
Nobiliasaphus? sp.,Somasteroid indet. n. sp. 2,1
Nobiliasaphus? sp.,Somasteroid indet. n. sp. 3,1
Nobiliasaphus? sp.,Somasteroid indet.,1
Nobiliasaphus? sp.,undet. Asteroidea,1
Nobiliasaphus? sp.,undet. Stelleroidea,1
Nobiliasaphus? sp.,Villebrunaster fezouataensis,1
Nobiliasaphus? sp.,Palaeosphaeronites sp.,1
Nobiliasaphus? sp.,Palaeosphaeronites? prokopi,1
Nobiliasaphus? sp.,Aristocystites cf. bohemicus (sinuous?),1
Nobiliasaphus? sp.,Aristocystites sp.,1
Nobiliasaphus? sp.,Ascocystites? sp.,1
Nobiliasaphus? sp.,Balantiocystis regnelli,1
Nobiliasaphus? sp.,Balantiocystis sp.,1
Nobiliasaphus? sp.,Rhopalocystis sp.,1
Nobiliasaphus? sp.,Rhopalocystis dehirensis,1
Nobiliasaphus? sp.,Rhopalocystis destombesi,1
Nobiliasaphus? sp.,Rhopalocystis fraga,1
Nobiliasaphus? sp.,Rhopalocystis grandis,1
Nobiliasaphus? sp.,Rhopalocystis havliceki,1
Nobiliasaphus? sp.,Rhopalocystis lehmani,1
Nobiliasaphus? sp.,Rhopalocystis zagoraensis,1
Nobiliasaphus? sp.,Rhopalocystis sp. A,1
Nobiliasaphus? sp.,Rhopalocystis sp. B,1
Nobiliasaphus? sp.,Rhopalocystis sp. C,1
Nobiliasaphus? sp.,cf. Rhopalocystis,1
Nobiliasaphus? sp.,Lingulocystis aff. deani,1
Nobiliasaphus? sp.,Lingulocystis elongata,1
Nobiliasaphus? sp.,cf. Pareocrinus,1
Nobiliasaphus? sp.,Eocrinoidea indet. sp. 1,1
Nobiliasaphus? sp.,Eocrinoidea indet. sp. 2,1
Nobiliasaphus? sp.,Eocrinoidea indet.,1
Nobiliasaphus? sp.,Ramseyocrinus sp.,1
Nobiliasaphus? sp.,Crinoid 2,1
Nobiliasaphus? sp.,Aethocrinus cf. moorei,1
Nobiliasaphus? sp.,Iocrinus n. sp.,1
Nobiliasaphus? sp.,Cystoidea?/undet. Cystoidea,1
Nobiliasaphus? sp.,Argodiscus espilezorum,1
Nobiliasaphus? sp.,Anedriophus moroccoensis,1
Nobiliasaphus? sp.,Rhenopyrgid indet.,1
Nobiliasaphus? sp.,Ampelocarpus sp.,1
Nobiliasaphus? sp.,Amygdalotheca griffei,1
Nobiliasaphus? sp.,Anatifopsis escandei,1
Nobiliasaphus? sp.,Anatifopsis trapeziiformis,1
Nobiliasaphus? sp.,Anatifopsis sp.,1
Nobiliasaphus? sp.,"Anomalocystid n. gen., n. sp. ",1
Nobiliasaphus? sp.,Aspidocarpus sp.,1
Nobiliasaphus? sp.,Arauricystis? sp.,1
Nobiliasaphus? sp.,Balanocystites primus,1
Nobiliasaphus? sp.,Bohemiaecystis,1
Nobiliasaphus? sp.,Chauvelicystis ubaghsi,1
Nobiliasaphus? sp.,Chauvelicystis spinosa,1
Nobiliasaphus? sp.,Chauvelicystis vizcainoi,1
Nobiliasaphus? sp.,Chauvelicystis sp.,1
Nobiliasaphus? sp.,"Chauvelicystid n. gen., n. sp. 1",1
Nobiliasaphus? sp.,"Chauvelicystid n. gen., n. sp. 2",1
Nobiliasaphus? sp.,Chinianocarpos sp.,1
Nobiliasaphus? sp.,"Cornuta n. gen. 1, n. sp.",1
Nobiliasaphus? sp.,"Cornuta n. gen. 2, n. sp.",1
Nobiliasaphus? sp.,Flabellicarpus rushtoni,1
Nobiliasaphus? sp.,Flabellicarpus?,1
Nobiliasaphus? sp.,Galliaecystis n. sp.,1
Nobiliasaphus? sp.,Galliaecystis ubaghsi,1
Nobiliasaphus? sp.,Hanusia n. sp.,1
Nobiliasaphus? sp.,Lagynocystis pyramidalis,1
Nobiliasaphus? sp.,Lyricocarpus courtessolei,1
Nobiliasaphus? sp.,Milonicystis sp.,1
Nobiliasaphus? sp.,Mitrocystitid indet. cf. Ovocarpus,1
Nobiliasaphus? sp.,Nanocarpus cf. dolambii,1
Nobiliasaphus? sp.,Phyllocystis blayaci,1
Nobiliasaphus? sp.,Phyllocystis sp.,1
Nobiliasaphus? sp.,Procothurnocystis n. sp.,1
Nobiliasaphus? sp.,Prokopicystis sp.,1
Nobiliasaphus? sp.,Thoralicystis zagoraensis,1
Nobiliasaphus? sp.,Thoralicystis n. sp.,1
Nobiliasaphus? sp.,Vizcainocarpus sp.,1
Nobiliasaphus? sp.,Cothurnocystid indetl.,1
Nobiliasaphus? sp.,Hanusiid indet.,1
Nobiliasaphus? sp.,Peltocystis cornuta,1
Nobiliasaphus? sp.,Scotiaevystis? sp.,1
Nobiliasaphus? sp.,Macrocystella sp.,1
Nobiliasaphus? sp.,Macrocystella bohemica,1
Nobiliasaphus? sp.,Macrocystella cf. mariae,1
Nobiliasaphus? sp.,Macrocystella tasseftensis,1
Nobiliasaphus? sp.,cf. Castericystis,1
Nobiliasaphus? sp.,cf. Minervaecystis,1
Nobiliasaphus? sp.,Plasiacystis mobilis,1
Nobiliasaphus? sp.,Plasiacystis sp.,1
Nobiliasaphus? sp.,Nimchacystis agterbosi,1
Nobiliasaphus? sp.,undet. Ophiuroidea,1
Nobiliasaphus? sp.,Elegantilites sp.,1
Nobiliasaphus? sp.,Gamalites? sp.,1
Nobiliasaphus? sp.,Gompholites sp.,1
Nobiliasaphus? sp.,Nephrotheca sp.,1
Nobiliasaphus? sp.,Hyolithes sp.,1
Nobiliasaphus? sp.,Pauxillites thaddei,1
Nobiliasaphus? sp.,Pauxillites sp.,1
Megalaspides? sp.,Benthic detritus,1
Megalaspides? sp.,Ranorthis fasciata,1
Megalaspides? sp.,undet. Athyridida,1
Megalaspides? sp.,Acrothele sp.,1
Megalaspides? sp.,Plectorthis simplex,1
Megalaspides? sp.,Angusticardinia sp.,1
Megalaspides? sp.,Lingula salteri,1
Megalaspides? sp.,Orbithele vana,1
Megalaspides? sp.,Paurorthis tadristensis,1
Megalaspides? sp.,Tarfaya marocana,1
Megalaspides? sp.,Wosekella sp.,1
Megalaspides? sp.,Monobolina sp.,1
Megalaspides? sp.,Elliptoglossa sp.,1
Megalaspides? sp.,Celdobolus sp.,1
Megalaspides? sp.,Discinoidea?,1
Megalaspides? sp.,undet. Dalmanelloidea,1
Megalaspides? sp.,Bryozoan,1
Megalaspides? sp.,Ctenodonta escosurae,1
Megalaspides? sp.,Praenucula sp.,1
Megalaspides? sp.,Redonia michelae,1
Megalaspides? sp.,Coxiconchia guiraudi,1
Megalaspides? sp.,Alococoncha?,1
Megalaspides? sp.,Cardiolaria? sp.,1
Megalaspides? sp.,Cienagomya? sp.,1
Megalaspides? sp.,Ekaterodonta courtessolei,1
Megalaspides? sp.,Glyptarca sp.,1
Megalaspides? sp.,Sinuites sp.,1
Megalaspides? sp.,Lesueurilla prima,1
Megalaspides? sp.,undet. Platyceratoidea,1
Megalaspides? sp.,undet. Monoplacophora,1
Megalaspides? sp.,Carcassonnella courtessolei,1
Megalaspides? sp.,Carcassonnella vizcainoi,1
Megalaspides? sp.,Carcassonnella sp.,1
Megalaspides? sp.,Ribeiria sp.,1
Megalaspides? sp.,Wiwaxiid,1
Megalaspides? sp.,Helcionelloid,1
Megalaspides? sp.,Possible phyllodocid,2
Megalaspides? sp.,Priapulid,2
Megalaspides? sp.,Large taxon with spinose limbs,1
Megalaspides? sp.,Small taxon with spinose limbs,1
Megalaspides? sp.,Armoured lobopodian 1,1
Megalaspides? sp.,Armoured lobopodian 2,1
Megalaspides? sp.,Armoured lobopodian 3,1
Megalaspides? sp.,Diania-like lobopodian,1
Megalaspides? sp.,Furca sp. 1,1
Megalaspides? sp.,Furca sp. 2,1
Megalaspides? sp.,Furca sp. 3,1
Megalaspides? sp.,Enosiaspis hrungnir,1
Megalaspides? sp., 'Synziphosurine'/Synziphosurina?,1
Megalaspides? sp.,Chasmataspidid,1
Megalaspides? sp.,Possible pycnogonid,1
Megalaspides? sp.,Possible retifaciid,1
Megalaspides? sp.,Tariccoia tazagurtensis,1
Megalaspides? sp.,Cheloniellid,1
Megalaspides? sp.,Phyllocarid,1
Megalaspides? sp.,Ostracod,1
Megalaspides? sp.,Lepadomorph barnacle,1
Megalaspides? sp.,Apatokephalus cf. incisus,1
Megalaspides? sp.,undet. Dikelocephalidae,1
Megalaspides? sp.,undet. Illaenacea,1
Megalaspides? sp.,Orometopus sp.,1
Megalaspides? sp.,Cnemidopyge sp.,1
Megalaspides? sp.,Toletanaspis aff. borni,1
Megalaspides? sp.,Bathycheilus gallicus,1
Megalaspides? sp.,Colpocoryphe thorali,1
Megalaspides? sp.,Agerina quadrata,1
Megalaspides? sp.,Geragnostus aff. occitanus,1
Megalaspides? sp.,Geragnostus sp.,1
Megalaspides? sp.,Ampyx priscus,1
Megalaspides? sp.,Ampyx cf. priscus,1
Megalaspides? sp.,Parabathycheilus gallicus,1
Megalaspides? sp.,Proetidae?,1
Megalaspides? sp.,undet. Trinucleidae,1
Megalaspides? sp.,Nileus deynouxi,1
Megalaspides? sp.,Hospes sp.,1
Megalaspides? sp.,Ogygiocaris sp.,1
Megalaspides? sp.,cf. Niobella sp.,1
Megalaspides? sp.,Somasteroid indet. n. sp. 1,1
Megalaspides? sp.,Somasteroid indet. n. sp. 2,1
Megalaspides? sp.,Somasteroid indet. n. sp. 3,1
Megalaspides? sp.,Somasteroid indet.,1
Megalaspides? sp.,undet. Asteroidea,1
Megalaspides? sp.,Palaeosphaeronites sp.,1
Megalaspides? sp.,Palaeosphaeronites? prokopi,1
Megalaspides? sp.,Aristocystites cf. bohemicus (sinuous?),1
Megalaspides? sp.,Aristocystites sp.,1
Megalaspides? sp.,Balantiocystis regnelli,1
Megalaspides? sp.,Balantiocystis sp.,1
Megalaspides? sp.,Rhopalocystis sp.,1
Megalaspides? sp.,Rhopalocystis dehirensis,1
Megalaspides? sp.,Rhopalocystis destombesi,1
Megalaspides? sp.,Rhopalocystis fraga,1
Megalaspides? sp.,Rhopalocystis grandis,1
Megalaspides? sp.,Rhopalocystis havliceki,1
Megalaspides? sp.,Rhopalocystis lehmani,1
Megalaspides? sp.,Rhopalocystis zagoraensis,1
Megalaspides? sp.,Rhopalocystis sp. A,1
Megalaspides? sp.,Rhopalocystis sp. B,1
Megalaspides? sp.,Rhopalocystis sp. C,1
Megalaspides? sp.,cf. Rhopalocystis,1
Megalaspides? sp.,Lingulocystis aff. deani,1
Megalaspides? sp.,Lingulocystis elongata,1
Megalaspides? sp.,cf. Pareocrinus,1
Megalaspides? sp.,Eocrinoidea indet. sp. 1,1
Megalaspides? sp.,Eocrinoidea indet. sp. 2,1
Megalaspides? sp.,Eocrinoidea indet.,1
Megalaspides? sp.,Ramseyocrinus sp.,1
Megalaspides? sp.,Crinoid 2,1
Megalaspides? sp.,Aethocrinus cf. moorei,1
Megalaspides? sp.,Iocrinus n. sp.,1
Megalaspides? sp.,Cystoidea?/undet. Cystoidea,1
Megalaspides? sp.,Argodiscus espilezorum,1
Megalaspides? sp.,Anedriophus moroccoensis,1
Megalaspides? sp.,Rhenopyrgid indet.,1
Megalaspides? sp.,Ampelocarpus sp.,1
Megalaspides? sp.,Amygdalotheca griffei,1
Megalaspides? sp.,Anatifopsis escandei,1
Megalaspides? sp.,Anatifopsis trapeziiformis,1
Megalaspides? sp.,Anatifopsis sp.,1
Megalaspides? sp.,"Anomalocystid n. gen., n. sp. ",1
Megalaspides? sp.,Aspidocarpus sp.,1
Megalaspides? sp.,Arauricystis? sp.,1
Megalaspides? sp.,Balanocystites primus,1
Megalaspides? sp.,Bohemiaecystis,1
Megalaspides? sp.,Chauvelicystis ubaghsi,1
Megalaspides? sp.,Chauvelicystis spinosa,1
Megalaspides? sp.,Chauvelicystis vizcainoi,1
Megalaspides? sp.,Chauvelicystis sp.,1
Megalaspides? sp.,"Chauvelicystid n. gen., n. sp. 1",1
Megalaspides? sp.,"Chauvelicystid n. gen., n. sp. 2",1
Megalaspides? sp.,Chinianocarpos sp.,1
Megalaspides? sp.,"Cornuta n. gen. 1, n. sp.",1
Megalaspides? sp.,"Cornuta n. gen. 2, n. sp.",1
Megalaspides? sp.,Flabellicarpus rushtoni,1
Megalaspides? sp.,Flabellicarpus?,1
Megalaspides? sp.,Galliaecystis n. sp.,1
Megalaspides? sp.,Galliaecystis ubaghsi,1
Megalaspides? sp.,Hanusia n. sp.,1
Megalaspides? sp.,Lagynocystis pyramidalis,1
Megalaspides? sp.,Kirkocystidae?,1
Megalaspides? sp.,Lyricocarpus courtessolei,1
Megalaspides? sp.,Milonicystis sp.,1
Megalaspides? sp.,Mitrocystitid indet. cf. Ovocarpus,1
Megalaspides? sp.,Nanocarpus cf. dolambii,1
Megalaspides? sp.,Phyllocystis blayaci,1
Megalaspides? sp.,Phyllocystis sp.,1
Megalaspides? sp.,Procothurnocystis n. sp.,1
Megalaspides? sp.,Prokopicystis sp.,1
Megalaspides? sp.,Thoralicystis zagoraensis,1
Megalaspides? sp.,Thoralicystis n. sp.,1
Megalaspides? sp.,Vizcainocarpus sp.,1
Megalaspides? sp.,Cothurnocystid indetl.,1
Megalaspides? sp.,Hanusiid indet.,1
Megalaspides? sp.,Peltocystis cornuta,1
Megalaspides? sp.,Scotiaevystis? sp.,1
Megalaspides? sp.,Macrocystella sp.,1
Megalaspides? sp.,Macrocystella bohemica,1
Megalaspides? sp.,Macrocystella cf. mariae,1
Megalaspides? sp.,Macrocystella tasseftensis,1
Megalaspides? sp.,undet. Ophiuroidea,1
Megalaspides? sp.,Didymograptus cf. arcuatus,1
Megalaspides? sp.,Didymograptus deflexus,1
Megalaspides? sp.,Didymograptus extensus,1
Megalaspides? sp.,Didymograptus v-fractus,1
Megalaspides? sp.,Didymograptus intendus,1
Megalaspides? sp.,Didymograptus pennatulus,1
Megalaspides? sp.,Didymograptus nanus,1
Megalaspides? sp.,Didymograptus nitidus,1
Megalaspides? sp.,Didymograptus patulus,1
Megalaspides? sp.,Didymograptus sparsus,1
Megalaspides? sp.,"""Didymograptus sp. 1""",1
Megalaspides? sp.,Didymograptus sp.,1
Megalaspides? sp.,Didymograptid indet.,1
Megalaspides? sp.,Koremagraptus sp.,1
Megalaspides? sp.,Dictyonema sp.,1
Megalaspides? sp.,Tuboid,1
Megalaspides? sp.,?Cymatograptus protobalticus,1
Megalaspides? sp.,Webbyites felix,1
Megalaspides? sp.,Rhabdopleura-like epibiont,1
Megalaspides? sp.,Hyolithes sp.,1
Lannacus sp.,Benthic detritus,1
Lannacus sp.,Ranorthis fasciata,1
Lannacus sp.,undet. Athyridida,1
Lannacus sp.,Acrothele sp.,1
Lannacus sp.,Plectorthis simplex,1
Lannacus sp.,Angusticardinia sp.,1
Lannacus sp.,Lingula salteri,1
Lannacus sp.,Orbithele vana,1
Lannacus sp.,Paurorthis tadristensis,1
Lannacus sp.,Tarfaya marocana,1
Lannacus sp.,Wosekella sp.,1
Lannacus sp.,Monobolina sp.,1
Lannacus sp.,Elliptoglossa sp.,1
Lannacus sp.,Celdobolus sp.,1
Lannacus sp.,Discinoidea?,1
Lannacus sp.,undet. Dalmanelloidea,1
Lannacus sp.,Babinka prima,1
Lannacus sp.,Ctenodonta escosurae,1
Lannacus sp.,Praenucula sp.,1
Lannacus sp.,Redonia michelae,1
Lannacus sp.,Alococoncha?,1
Lannacus sp.,Cardiolaria? sp.,1
Lannacus sp.,Glyptarca sp.,1
Lannacus sp.,Pelecyogyra fezouataensis,1
Lannacus sp.,Sinuites sp.,1
Lannacus sp.,Lesueurilla prima,1
Lannacus sp.,undet. Platyceratoidea,1
Lannacus sp.,undet. Monoplacophora,1
Lannacus sp.,Thoralispira laevis,1
Lannacus sp.,Thoralispira? cf. occitana,1
Lannacus sp.,Carcassonnella vizcainoi,1
Lannacus sp.,Ribeiria sp.,1
Lannacus sp.,Tolmachovia?,1
Lannacus sp.,Wiwaxiid,1
Lannacus sp.,Halkieriid,1
Lannacus sp.,Helcionelloid,1
Lannacus sp.,Calvapilosa kroegeri,1
Lannacus sp.,Plumulites bengtsoni,2
Lannacus sp.,Large plumulitid,2
Lannacus sp.,Possible phyllodocid,2
Lannacus sp.,Palaeoscolex cf. tenensis,2
Lannacus sp.,Priapulid,2
Lannacus sp.,Large taxon with spinose limbs,1
Lannacus sp.,Small taxon with spinose limbs,1
Lannacus sp.,Armoured lobopodian 1,1
Lannacus sp.,Armoured lobopodian 2,1
Lannacus sp.,Armoured lobopodian 3,1
Lannacus sp.,Diania-like lobopodian,1
Lannacus sp.,Furca sp. 1,1
Lannacus sp.,Furca sp. 2,1
Lannacus sp.,Furca sp. 3,1
Lannacus sp.,Marrella sp.,1
Lannacus sp.,Enosiaspis hrungnir,1
Lannacus sp.,Possible waptiid,1
Lannacus sp.,Chasmataspidid,1
Lannacus sp.,Possible pycnogonid,1
Lannacus sp.,Xiphosurid,1
Lannacus sp.,Possible retifaciid,1
Lannacus sp.,Tariccoia tazagurtensis,1
Lannacus sp.,Chlupacaris? sp.,1
Lannacus sp.,Tremaglaspis sp.,1
Lannacus sp.,Cheloniellid,1
Lannacus sp.,Phyllocarid,1
Lannacus sp.,Lepadomorph barnacle,1
Lannacus sp.,Eoduslia,1
Lannacus sp.,Asaphellus sp aff. jujuanus,1
Lannacus sp.,Asaphellus sp.,1
Lannacus sp.,Kierarges morrisoni,1
Lannacus sp.,Symphysurus sicardi,1
Lannacus sp.,Symphysurus ebbestadi,1
Lannacus sp.,Symphysurus sp.,1
Lannacus sp.,Apatokephalus cf. incisus,1
Lannacus sp.,Orometopus sp.,1
Lannacus sp.,Cnemidopyge sp.,1
Lannacus sp.,Parvilichas marochii,1
Lannacus sp.,Selenopeltis aff. Gallica,1
Lannacus sp.,Selenopeltis binodosa,1
Lannacus sp.,Selenopeltis sp. 1,1
Lannacus sp.,Selenopeltis sp. 2,1
Lannacus sp.,Foulonia peregrina,1
Lannacus sp.,Foulonia sp.,1
Lannacus sp.,Toletanaspis aff. borni,1
Lannacus sp.,undet. Dalmanitacea,1
Lannacus sp.,Bathycheilus gallicus,1
Lannacus sp.,Bavarilla aff. zemmourensis,1
Lannacus sp.,Bavarilla zemmourensis,1
Lannacus sp.,Bavarilla sp.,1
Lannacus sp.,Colpocoryphe thorali,1
Lannacus sp.,Colpocoryphe pradesensis,1
Lannacus sp.,Colpocoryphe sp.,1
Lannacus sp.,Pharostoma sp.,1
Lannacus sp.,Pharostomina sp. ,1
Lannacus sp.,Prionocheilus aff. languedocensis,1
Lannacus sp.,Prionocheilus sp.,1
Lannacus sp.,Agerina quadrata,1
Lannacus sp.,Euloma sp.,1
Lannacus sp.,Geragnostus aff. occitanus,1
Lannacus sp.,Geragnostus sp.,1
Lannacus sp.,Beltella sp.,1
Lannacus sp.,Ampyx priscus,1
Lannacus sp.,Ampyx cf. priscus,1
Lannacus sp.,Ceraurinella? sp.,1
Lannacus sp.,Megalaspidella sp.,1
Lannacus sp.,Platycoryphe sp.,1
Lannacus sp.,Parabathycheilus gallicus,1
Lannacus sp.,Anacheirurus adserai,1
Lannacus sp.,Eoharpes sp.,1
Lannacus sp.,Nileus deynouxi,1
Lannacus sp.,Hospes sp.,1
Lannacus sp.,Ogygiocaris sp.,1
Lannacus sp.,Ormathops clariondi,1
Lannacus sp.,Pterygometopus sp.,1
Lannacus sp.,Megalaspides? sp.,1
Lannacus sp.,Iberocoryphe sp.,1
Lannacus sp.,cf. Niobella sp.,1
Lannacus sp.,Somasteroid indet. n. sp. 1,1
Lannacus sp.,Somasteroid indet. n. sp. 2,1
Lannacus sp.,Somasteroid indet. n. sp. 3,1
Lannacus sp.,Somasteroid indet.,1
Lannacus sp.,undet. Asteroidea,1
Lannacus sp.,undet. Stelleroidea,1
Lannacus sp.,Villebrunaster fezouataensis,1
Lannacus sp.,Palaeosphaeronites sp.,1
Lannacus sp.,Palaeosphaeronites? prokopi,1
Lannacus sp.,Aristocystites cf. bohemicus (sinuous?),1
Lannacus sp.,Aristocystites sp.,1
Lannacus sp.,Ascocystites? sp.,1
Lannacus sp.,Balantiocystis regnelli,1
Lannacus sp.,Balantiocystis sp.,1
Lannacus sp.,Rhopalocystis sp.,1
Lannacus sp.,Rhopalocystis dehirensis,1
Lannacus sp.,Rhopalocystis destombesi,1
Lannacus sp.,Rhopalocystis fraga,1
Lannacus sp.,Rhopalocystis grandis,1
Lannacus sp.,Rhopalocystis havliceki,1
Lannacus sp.,Rhopalocystis lehmani,1
Lannacus sp.,Rhopalocystis zagoraensis,1
Lannacus sp.,Rhopalocystis sp. A,1
Lannacus sp.,Rhopalocystis sp. B,1
Lannacus sp.,Rhopalocystis sp. C,1
Lannacus sp.,cf. Rhopalocystis,1
Lannacus sp.,Lingulocystis aff. deani,1
Lannacus sp.,Lingulocystis elongata,1
Lannacus sp.,cf. Pareocrinus,1
Lannacus sp.,Eocrinoidea indet. sp. 1,1
Lannacus sp.,Eocrinoidea indet. sp. 2,1
Lannacus sp.,Eocrinoidea indet.,1
Lannacus sp.,Ramseyocrinus sp.,1
Lannacus sp.,Crinoid 2,1
Lannacus sp.,Aethocrinus cf. moorei,1
Lannacus sp.,Iocrinus n. sp.,1
Lannacus sp.,Cystoidea?/undet. Cystoidea,1
Lannacus sp.,Argodiscus espilezorum,1
Lannacus sp.,Anedriophus moroccoensis,1
Lannacus sp.,Rhenopyrgid indet.,1
Lannacus sp.,Ampelocarpus sp.,1
Lannacus sp.,Amygdalotheca griffei,1
Lannacus sp.,Anatifopsis escandei,1
Lannacus sp.,Anatifopsis trapeziiformis,1
Lannacus sp.,Anatifopsis sp.,1
Lannacus sp.,"Anomalocystid n. gen., n. sp. ",1
Lannacus sp.,Aspidocarpus sp.,1
Lannacus sp.,Arauricystis? sp.,1
Lannacus sp.,Balanocystites primus,1
Lannacus sp.,Bohemiaecystis,1
Lannacus sp.,Chauvelicystis ubaghsi,1
Lannacus sp.,Chauvelicystis spinosa,1
Lannacus sp.,Chauvelicystis vizcainoi,1
Lannacus sp.,Chauvelicystis sp.,1
Lannacus sp.,"Chauvelicystid n. gen., n. sp. 1",1
Lannacus sp.,"Chauvelicystid n. gen., n. sp. 2",1
Lannacus sp.,Chinianocarpos sp.,1
Lannacus sp.,"Cornuta n. gen. 1, n. sp.",1
Lannacus sp.,"Cornuta n. gen. 2, n. sp.",1
Lannacus sp.,Flabellicarpus rushtoni,1
Lannacus sp.,Flabellicarpus?,1
Lannacus sp.,Galliaecystis n. sp.,1
Lannacus sp.,Galliaecystis ubaghsi,1
Lannacus sp.,Hanusia n. sp.,1
Lannacus sp.,Lagynocystis pyramidalis,1
Lannacus sp.,Lyricocarpus courtessolei,1
Lannacus sp.,Milonicystis sp.,1
Lannacus sp.,Mitrocystitid indet. cf. Ovocarpus,1
Lannacus sp.,Nanocarpus cf. dolambii,1
Lannacus sp.,Phyllocystis blayaci,1
Lannacus sp.,Phyllocystis sp.,1
Lannacus sp.,Procothurnocystis n. sp.,1
Lannacus sp.,Prokopicystis sp.,1
Lannacus sp.,Thoralicystis zagoraensis,1
Lannacus sp.,Thoralicystis n. sp.,1
Lannacus sp.,Vizcainocarpus sp.,1
Lannacus sp.,Cothurnocystid indetl.,1
Lannacus sp.,Hanusiid indet.,1
Lannacus sp.,Peltocystis cornuta,1
Lannacus sp.,Scotiaevystis? sp.,1
Lannacus sp.,Macrocystella sp.,1
Lannacus sp.,Macrocystella bohemica,1
Lannacus sp.,Macrocystella cf. mariae,1
Lannacus sp.,Macrocystella tasseftensis,1
Lannacus sp.,cf. Minervaecystis,1
Lannacus sp.,Plasiacystis mobilis,1
Lannacus sp.,Plasiacystis sp.,1
Lannacus sp.,undet. Ophiuroidea,1
Lannacus sp.,Elegantilites sp.,1
Lannacus sp.,Gamalites? sp.,1
Lannacus sp.,Gompholites sp.,1
Lannacus sp.,Nephrotheca sp.,1
Lannacus sp.,Hyolithes sp.,1
Lannacus sp.,Pauxillites thaddei,1
Lannacus sp.,Pauxillites sp.,1
Iberocoryphe sp.,Benthic detritus,1
Iberocoryphe sp.,Ranorthis fasciata,1
Iberocoryphe sp.,undet. Athyridida,1
Iberocoryphe sp.,Acrothele sp.,1
Iberocoryphe sp.,Plectorthis simplex,1
Iberocoryphe sp.,Angusticardinia sp.,1
Iberocoryphe sp.,Lingula salteri,1
Iberocoryphe sp.,Orbithele vana,1
Iberocoryphe sp.,Paurorthis tadristensis,1
Iberocoryphe sp.,Tarfaya marocana,1
Iberocoryphe sp.,Wosekella sp.,1
Iberocoryphe sp.,Monobolina sp.,1
Iberocoryphe sp.,Elliptoglossa sp.,1
Iberocoryphe sp.,Celdobolus sp.,1
Iberocoryphe sp.,Discinoidea?,1
Iberocoryphe sp.,undet. Dalmanelloidea,1
Iberocoryphe sp.,Bryozoan,1
Iberocoryphe sp.,Ctenodonta escosurae,1
Iberocoryphe sp.,Praenucula sp.,1
Iberocoryphe sp.,Redonia michelae,1
Iberocoryphe sp.,Coxiconchia guiraudi,1
Iberocoryphe sp.,Alococoncha?,1
Iberocoryphe sp.,Cardiolaria? sp.,1
Iberocoryphe sp.,Cienagomya? sp.,1
Iberocoryphe sp.,Ekaterodonta courtessolei,1
Iberocoryphe sp.,Glyptarca sp.,1
Iberocoryphe sp.,Sinuites sp.,1
Iberocoryphe sp.,Lesueurilla prima,1
Iberocoryphe sp.,undet. Platyceratoidea,1
Iberocoryphe sp.,undet. Monoplacophora,1
Iberocoryphe sp.,Carcassonnella courtessolei,1
Iberocoryphe sp.,Carcassonnella vizcainoi,1
Iberocoryphe sp.,Carcassonnella sp.,1
Iberocoryphe sp.,Ribeiria sp.,1
Iberocoryphe sp.,Wiwaxiid,1
Iberocoryphe sp.,Helcionelloid,1
Iberocoryphe sp.,Possible phyllodocid,2
Iberocoryphe sp.,Priapulid,2
Iberocoryphe sp.,Large taxon with spinose limbs,1
Iberocoryphe sp.,Small taxon with spinose limbs,1
Iberocoryphe sp.,Armoured lobopodian 1,1
Iberocoryphe sp.,Armoured lobopodian 2,1
Iberocoryphe sp.,Armoured lobopodian 3,1
Iberocoryphe sp.,Diania-like lobopodian,1
Iberocoryphe sp.,Furca sp. 1,1
Iberocoryphe sp.,Furca sp. 2,1
Iberocoryphe sp.,Furca sp. 3,1
Iberocoryphe sp.,Enosiaspis hrungnir,1
Iberocoryphe sp., 'Synziphosurine'/Synziphosurina?,1
Iberocoryphe sp.,Chasmataspidid,1
Iberocoryphe sp.,Possible pycnogonid,1
Iberocoryphe sp.,Possible retifaciid,1
Iberocoryphe sp.,Tariccoia tazagurtensis,1
Iberocoryphe sp.,Cheloniellid,1
Iberocoryphe sp.,Phyllocarid,1
Iberocoryphe sp.,Ostracod,1
Iberocoryphe sp.,Lepadomorph barnacle,1
Iberocoryphe sp.,Apatokephalus cf. incisus,1
Iberocoryphe sp.,undet. Dikelocephalidae,1
Iberocoryphe sp.,undet. Illaenacea,1
Iberocoryphe sp.,Orometopus sp.,1
Iberocoryphe sp.,Cnemidopyge sp.,1
Iberocoryphe sp.,Toletanaspis aff. borni,1
Iberocoryphe sp.,Bathycheilus gallicus,1
Iberocoryphe sp.,Colpocoryphe thorali,1
Iberocoryphe sp.,Agerina quadrata,1
Iberocoryphe sp.,Geragnostus aff. occitanus,1
Iberocoryphe sp.,Geragnostus sp.,1
Iberocoryphe sp.,Ampyx priscus,1
Iberocoryphe sp.,Ampyx cf. priscus,1
Iberocoryphe sp.,Parabathycheilus gallicus,1
Iberocoryphe sp.,Proetidae?,1
Iberocoryphe sp.,undet. Trinucleidae,1
Iberocoryphe sp.,Nileus deynouxi,1
Iberocoryphe sp.,Hospes sp.,1
Iberocoryphe sp.,Ogygiocaris sp.,1
Iberocoryphe sp.,cf. Niobella sp.,1
Iberocoryphe sp.,Somasteroid indet. n. sp. 1,1
Iberocoryphe sp.,Somasteroid indet. n. sp. 2,1
Iberocoryphe sp.,Somasteroid indet. n. sp. 3,1
Iberocoryphe sp.,Somasteroid indet.,1
Iberocoryphe sp.,undet. Asteroidea,1
Iberocoryphe sp.,Palaeosphaeronites sp.,1
Iberocoryphe sp.,Palaeosphaeronites? prokopi,1
Iberocoryphe sp.,Aristocystites cf. bohemicus (sinuous?),1
Iberocoryphe sp.,Aristocystites sp.,1
Iberocoryphe sp.,Balantiocystis regnelli,1
Iberocoryphe sp.,Balantiocystis sp.,1
Iberocoryphe sp.,Rhopalocystis sp.,1
Iberocoryphe sp.,Rhopalocystis dehirensis,1
Iberocoryphe sp.,Rhopalocystis destombesi,1
Iberocoryphe sp.,Rhopalocystis fraga,1
Iberocoryphe sp.,Rhopalocystis grandis,1
Iberocoryphe sp.,Rhopalocystis havliceki,1
Iberocoryphe sp.,Rhopalocystis lehmani,1
Iberocoryphe sp.,Rhopalocystis zagoraensis,1
Iberocoryphe sp.,Rhopalocystis sp. A,1
Iberocoryphe sp.,Rhopalocystis sp. B,1
Iberocoryphe sp.,Rhopalocystis sp. C,1
Iberocoryphe sp.,cf. Rhopalocystis,1
Iberocoryphe sp.,Lingulocystis aff. deani,1
Iberocoryphe sp.,Lingulocystis elongata,1
Iberocoryphe sp.,cf. Pareocrinus,1
Iberocoryphe sp.,Eocrinoidea indet. sp. 1,1
Iberocoryphe sp.,Eocrinoidea indet. sp. 2,1
Iberocoryphe sp.,Eocrinoidea indet.,1
Iberocoryphe sp.,Ramseyocrinus sp.,1
Iberocoryphe sp.,Crinoid 2,1
Iberocoryphe sp.,Aethocrinus cf. moorei,1
Iberocoryphe sp.,Iocrinus n. sp.,1
Iberocoryphe sp.,Cystoidea?/undet. Cystoidea,1
Iberocoryphe sp.,Argodiscus espilezorum,1
Iberocoryphe sp.,Anedriophus moroccoensis,1
Iberocoryphe sp.,Rhenopyrgid indet.,1
Iberocoryphe sp.,Ampelocarpus sp.,1
Iberocoryphe sp.,Amygdalotheca griffei,1
Iberocoryphe sp.,Anatifopsis escandei,1
Iberocoryphe sp.,Anatifopsis trapeziiformis,1
Iberocoryphe sp.,Anatifopsis sp.,1
Iberocoryphe sp.,"Anomalocystid n. gen., n. sp. ",1
Iberocoryphe sp.,Aspidocarpus sp.,1
Iberocoryphe sp.,Arauricystis? sp.,1
Iberocoryphe sp.,Balanocystites primus,1
Iberocoryphe sp.,Bohemiaecystis,1
Iberocoryphe sp.,Chauvelicystis ubaghsi,1
Iberocoryphe sp.,Chauvelicystis spinosa,1
Iberocoryphe sp.,Chauvelicystis vizcainoi,1
Iberocoryphe sp.,Chauvelicystis sp.,1
Iberocoryphe sp.,"Chauvelicystid n. gen., n. sp. 1",1
Iberocoryphe sp.,"Chauvelicystid n. gen., n. sp. 2",1
Iberocoryphe sp.,Chinianocarpos sp.,1
Iberocoryphe sp.,"Cornuta n. gen. 1, n. sp.",1
Iberocoryphe sp.,"Cornuta n. gen. 2, n. sp.",1
Iberocoryphe sp.,Flabellicarpus rushtoni,1
Iberocoryphe sp.,Flabellicarpus?,1
Iberocoryphe sp.,Galliaecystis n. sp.,1
Iberocoryphe sp.,Galliaecystis ubaghsi,1
Iberocoryphe sp.,Hanusia n. sp.,1
Iberocoryphe sp.,Lagynocystis pyramidalis,1
Iberocoryphe sp.,Kirkocystidae?,1
Iberocoryphe sp.,Lyricocarpus courtessolei,1
Iberocoryphe sp.,Milonicystis sp.,1
Iberocoryphe sp.,Mitrocystitid indet. cf. Ovocarpus,1
Iberocoryphe sp.,Nanocarpus cf. dolambii,1
Iberocoryphe sp.,Phyllocystis blayaci,1
Iberocoryphe sp.,Phyllocystis sp.,1
Iberocoryphe sp.,Procothurnocystis n. sp.,1
Iberocoryphe sp.,Prokopicystis sp.,1
Iberocoryphe sp.,Thoralicystis zagoraensis,1
Iberocoryphe sp.,Thoralicystis n. sp.,1
Iberocoryphe sp.,Vizcainocarpus sp.,1
Iberocoryphe sp.,Cothurnocystid indetl.,1
Iberocoryphe sp.,Hanusiid indet.,1
Iberocoryphe sp.,Peltocystis cornuta,1
Iberocoryphe sp.,Scotiaevystis? sp.,1
Iberocoryphe sp.,Macrocystella sp.,1
Iberocoryphe sp.,Macrocystella bohemica,1
Iberocoryphe sp.,Macrocystella cf. mariae,1
Iberocoryphe sp.,Macrocystella tasseftensis,1
Iberocoryphe sp.,undet. Ophiuroidea,1
Iberocoryphe sp.,Didymograptus cf. arcuatus,1
Iberocoryphe sp.,Didymograptus deflexus,1
Iberocoryphe sp.,Didymograptus extensus,1
Iberocoryphe sp.,Didymograptus v-fractus,1
Iberocoryphe sp.,Didymograptus intendus,1
Iberocoryphe sp.,Didymograptus pennatulus,1
Iberocoryphe sp.,Didymograptus nanus,1
Iberocoryphe sp.,Didymograptus nitidus,1
Iberocoryphe sp.,Didymograptus patulus,1
Iberocoryphe sp.,Didymograptus sparsus,1
Iberocoryphe sp.,"""Didymograptus sp. 1""",1
Iberocoryphe sp.,Didymograptus sp.,1
Iberocoryphe sp.,Didymograptid indet.,1
Iberocoryphe sp.,Koremagraptus sp.,1
Iberocoryphe sp.,Dictyonema sp.,1
Iberocoryphe sp.,Tuboid,1
Iberocoryphe sp.,?Cymatograptus protobalticus,1
Iberocoryphe sp.,Webbyites felix,1
Iberocoryphe sp.,Rhabdopleura-like epibiont,1
Iberocoryphe sp.,Hyolithes sp.,1
cf. Niobella sp.,Benthic detritus,1
cf. Niobella sp.,Acrothele sp.,1
cf. Niobella sp.,Plectorthis simplex,1
cf. Niobella sp.,Angusticardinia sp.,1
cf. Niobella sp.,Lingula salteri,1
cf. Niobella sp.,Orbithele vana,1
cf. Niobella sp.,Paurorthis tadristensis,1
cf. Niobella sp.,Tarfaya marocana,1
cf. Niobella sp.,Monobolina sp.,1
cf. Niobella sp.,Elliptoglossa sp.,1
cf. Niobella sp.,Celdobolus sp.,1
cf. Niobella sp.,Discinoidea?,1
cf. Niobella sp.,undet. Dalmanelloidea,1
cf. Niobella sp.,Bryozoan,1
cf. Niobella sp.,Redonia michelae,1
cf. Niobella sp.,Coxiconchia guiraudi,1
cf. Niobella sp.,Alococoncha?,1
cf. Niobella sp.,Cienagomya? sp.,1
cf. Niobella sp.,Ekaterodonta courtessolei,1
cf. Niobella sp.,Lesueurilla prima,1
cf. Niobella sp.,undet. Monoplacophora,1
cf. Niobella sp.,Carcassonnella courtessolei,1
cf. Niobella sp.,Carcassonnella vizcainoi,1
cf. Niobella sp.,Carcassonnella sp.,1
cf. Niobella sp.,Wiwaxiid,1
cf. Niobella sp.,Helcionelloid,1
cf. Niobella sp.,Priapulid,2
cf. Niobella sp.,Enosiaspis hrungnir,1
cf. Niobella sp., 'Synziphosurine'/Synziphosurina?,1
cf. Niobella sp.,Possible pycnogonid,1
cf. Niobella sp.,Possible retifaciid,1
cf. Niobella sp.,Tariccoia tazagurtensis,1
cf. Niobella sp.,Ostracod,1
cf. Niobella sp.,undet. Dikelocephalidae,1
cf. Niobella sp.,undet. Illaenacea,1
cf. Niobella sp.,Parabathycheilus gallicus,1
cf. Niobella sp.,Proetidae?,1
cf. Niobella sp.,undet. Trinucleidae,1
cf. Niobella sp.,Palaeosphaeronites sp.,1
cf. Niobella sp.,Palaeosphaeronites? prokopi,1
cf. Niobella sp.,Aristocystites cf. bohemicus (sinuous?),1
cf. Niobella sp.,Aristocystites sp.,1
cf. Niobella sp.,Balantiocystis regnelli,1
cf. Niobella sp.,Balantiocystis sp.,1
cf. Niobella sp.,Rhopalocystis sp.,1
cf. Niobella sp.,Rhopalocystis dehirensis,1
cf. Niobella sp.,Rhopalocystis destombesi,1
cf. Niobella sp.,Rhopalocystis fraga,1
cf. Niobella sp.,Rhopalocystis grandis,1
cf. Niobella sp.,Rhopalocystis havliceki,1
cf. Niobella sp.,Rhopalocystis lehmani,1
cf. Niobella sp.,Rhopalocystis zagoraensis,1
cf. Niobella sp.,Rhopalocystis sp. A,1
cf. Niobella sp.,Rhopalocystis sp. B,1
cf. Niobella sp.,Rhopalocystis sp. C,1
cf. Niobella sp.,cf. Rhopalocystis,1
cf. Niobella sp.,Lingulocystis aff. deani,1
cf. Niobella sp.,Lingulocystis elongata,1
cf. Niobella sp.,cf. Pareocrinus,1
cf. Niobella sp.,Eocrinoidea indet. sp. 1,1
cf. Niobella sp.,Eocrinoidea indet. sp. 2,1
cf. Niobella sp.,Eocrinoidea indet.,1
cf. Niobella sp.,Ramseyocrinus sp.,1
cf. Niobella sp.,Crinoid 2,1
cf. Niobella sp.,Aethocrinus cf. moorei,1
cf. Niobella sp.,Iocrinus n. sp.,1
cf. Niobella sp.,Argodiscus espilezorum,1
cf. Niobella sp.,Anedriophus moroccoensis,1
cf. Niobella sp.,Rhenopyrgid indet.,1
cf. Niobella sp.,Ampelocarpus sp.,1
cf. Niobella sp.,Amygdalotheca griffei,1
cf. Niobella sp.,Anatifopsis escandei,1
cf. Niobella sp.,Anatifopsis trapeziiformis,1
cf. Niobella sp.,Anatifopsis sp.,1
cf. Niobella sp.,"Anomalocystid n. gen., n. sp. ",1
cf. Niobella sp.,Aspidocarpus sp.,1
cf. Niobella sp.,Balanocystites primus,1
cf. Niobella sp.,Bohemiaecystis,1
cf. Niobella sp.,Chauvelicystis ubaghsi,1
cf. Niobella sp.,Chauvelicystis spinosa,1
cf. Niobella sp.,Chauvelicystis vizcainoi,1
cf. Niobella sp.,Chauvelicystis sp.,1
cf. Niobella sp.,"Chauvelicystid n. gen., n. sp. 1",1
cf. Niobella sp.,"Chauvelicystid n. gen., n. sp. 2",1
cf. Niobella sp.,Chinianocarpos sp.,1
cf. Niobella sp.,"Cornuta n. gen. 1, n. sp.",1
cf. Niobella sp.,"Cornuta n. gen. 2, n. sp.",1
cf. Niobella sp.,Flabellicarpus rushtoni,1
cf. Niobella sp.,Galliaecystis n. sp.,1
cf. Niobella sp.,Galliaecystis ubaghsi,1
cf. Niobella sp.,Lagynocystis pyramidalis,1
cf. Niobella sp.,Kirkocystidae?,1
cf. Niobella sp.,Lyricocarpus courtessolei,1
cf. Niobella sp.,Milonicystis sp.,1
cf. Niobella sp.,Mitrocystitid indet. cf. Ovocarpus,1
cf. Niobella sp.,Nanocarpus cf. dolambii,1
cf. Niobella sp.,Phyllocystis blayaci,1
cf. Niobella sp.,Procothurnocystis n. sp.,1
cf. Niobella sp.,Prokopicystis sp.,1
cf. Niobella sp.,Thoralicystis zagoraensis,1
cf. Niobella sp.,Vizcainocarpus sp.,1
cf. Niobella sp.,Peltocystis cornuta,1
cf. Niobella sp.,Macrocystella sp.,1
cf. Niobella sp.,Macrocystella bohemica,1
cf. Niobella sp.,Macrocystella cf. mariae,1
cf. Niobella sp.,Macrocystella tasseftensis,1
cf. Niobella sp.,undet. Ophiuroidea,1
cf. Niobella sp.,Didymograptus cf. arcuatus,1
cf. Niobella sp.,Didymograptus deflexus,1
cf. Niobella sp.,Didymograptus extensus,1
cf. Niobella sp.,Didymograptus v-fractus,1
cf. Niobella sp.,Didymograptus intendus,1
cf. Niobella sp.,Didymograptus pennatulus,1
cf. Niobella sp.,Didymograptus nanus,1
cf. Niobella sp.,Didymograptus nitidus,1
cf. Niobella sp.,Didymograptus patulus,1
cf. Niobella sp.,Didymograptus sparsus,1
cf. Niobella sp.,"""Didymograptus sp. 1""",1
cf. Niobella sp.,Didymograptus sp.,1
cf. Niobella sp.,Didymograptid indet.,1
cf. Niobella sp.,Koremagraptus sp.,1
cf. Niobella sp.,Dictyonema sp.,1
cf. Niobella sp.,Tuboid,1
cf. Niobella sp.,?Cymatograptus protobalticus,1
cf. Niobella sp.,Webbyites felix,1
cf. Niobella sp.,Rhabdopleura-like epibiont,1
Somasteroid indet. n. sp. 1,phytoplankton,2
Somasteroid indet. n. sp. 1,suspended organic matter,2
Somasteroid indet. n. sp. 1,Zooplankton,2
Somasteroid indet. n. sp. 2,phytoplankton,2
Somasteroid indet. n. sp. 2,suspended organic matter,2
Somasteroid indet. n. sp. 2,Zooplankton,2
Somasteroid indet. n. sp. 3,phytoplankton,2
Somasteroid indet. n. sp. 3,suspended organic matter,2
Somasteroid indet. n. sp. 3,Zooplankton,2
Somasteroid indet.,phytoplankton,2
Somasteroid indet.,suspended organic matter,2
Somasteroid indet.,Zooplankton,2
undet. Asteroidea,Benthic detritus,1
undet. Asteroidea,Archaeoconularia sp.,1
undet. Asteroidea,Eoconularia sp.,1
undet. Asteroidea,Sphenothallus sp. 1,1
undet. Asteroidea,?Sphenothallus sp. 2,1
undet. Asteroidea,Octocorallia?,1
undet. Asteroidea,Ranorthis fasciata,1
undet. Asteroidea,undet. Athyridida,1
undet. Asteroidea,Acrothele sp.,1
undet. Asteroidea,Plectorthis simplex,1
undet. Asteroidea,Angusticardinia sp.,1
undet. Asteroidea,Lingula salteri,1
undet. Asteroidea,Orbithele vana,1
undet. Asteroidea,Paurorthis tadristensis,1
undet. Asteroidea,Tarfaya marocana,1
undet. Asteroidea,Wosekella sp.,1
undet. Asteroidea,Monobolina sp.,1
undet. Asteroidea,Elliptoglossa sp.,1
undet. Asteroidea,Celdobolus sp.,1
undet. Asteroidea,Discinoidea?,1
undet. Asteroidea,undet. Dalmanelloidea,1
undet. Asteroidea,Bryozoan,1
undet. Asteroidea,Ctenodonta escosurae,1
undet. Asteroidea,Praenucula sp.,1
undet. Asteroidea,Redonia michelae,1
undet. Asteroidea,Coxiconchia guiraudi,1
undet. Asteroidea,Alococoncha?,1
undet. Asteroidea,Cardiolaria? sp.,1
undet. Asteroidea,Cienagomya? sp.,1
undet. Asteroidea,Ekaterodonta courtessolei,1
undet. Asteroidea,Glyptarca sp.,1
undet. Asteroidea,Sinuites sp.,1
undet. Asteroidea,Lesueurilla prima,1
undet. Asteroidea,undet. Monoplacophora,1
undet. Asteroidea,Carcassonnella courtessolei,1
undet. Asteroidea,Carcassonnella vizcainoi,1
undet. Asteroidea,Carcassonnella sp.,1
undet. Asteroidea,Ribeiria sp.,1
undet. Asteroidea,Didymograptus cf. arcuatus,1
undet. Asteroidea,Didymograptus deflexus,1
undet. Asteroidea,Didymograptus extensus,1
undet. Asteroidea,Didymograptus v-fractus,1
undet. Asteroidea,Didymograptus intendus,1
undet. Asteroidea,Didymograptus pennatulus,1
undet. Asteroidea,Didymograptus nanus,1
undet. Asteroidea,Didymograptus nitidus,1
undet. Asteroidea,Didymograptus patulus,1
undet. Asteroidea,Didymograptus sparsus,1
undet. Asteroidea,"""Didymograptus sp. 1""",1
undet. Asteroidea,Didymograptus sp.,1
undet. Asteroidea,Didymograptid indet.,1
undet. Asteroidea,Koremagraptus sp.,1
undet. Asteroidea,Dictyonema sp.,1
undet. Asteroidea,Tuboid,1
undet. Asteroidea,?Cymatograptus protobalticus,1
undet. Asteroidea,Webbyites felix,1
undet. Asteroidea,Rhabdopleura-like epibiont,1
undet. Asteroidea,Hyolithes sp.,1
undet. Stelleroidea,Benthic detritus,1
undet. Stelleroidea,Archaeoconularia sp.,1
undet. Stelleroidea,Eoconularia sp.,1
undet. Stelleroidea,Sphenothallus sp. 1,1
undet. Stelleroidea,?Sphenothallus sp. 2,1
undet. Stelleroidea,Octocorallia?,1
undet. Stelleroidea,Ranorthis fasciata,1
undet. Stelleroidea,undet. Athyridida,1
undet. Stelleroidea,Acrothele sp.,1
undet. Stelleroidea,Plectorthis simplex,1
undet. Stelleroidea,Angusticardinia sp.,1
undet. Stelleroidea,Lingula salteri,1
undet. Stelleroidea,Orbithele vana,1
undet. Stelleroidea,Paurorthis tadristensis,1
undet. Stelleroidea,Tarfaya marocana,1
undet. Stelleroidea,Wosekella sp.,1
undet. Stelleroidea,Monobolina sp.,1
undet. Stelleroidea,Elliptoglossa sp.,1
undet. Stelleroidea,Celdobolus sp.,1
undet. Stelleroidea,Discinoidea?,1
undet. Stelleroidea,undet. Dalmanelloidea,1
undet. Stelleroidea,Bryozoan,1
undet. Stelleroidea,Ctenodonta escosurae,1
undet. Stelleroidea,Praenucula sp.,1
undet. Stelleroidea,Redonia michelae,1
undet. Stelleroidea,Coxiconchia guiraudi,1
undet. Stelleroidea,Alococoncha?,1
undet. Stelleroidea,Cardiolaria? sp.,1
undet. Stelleroidea,Cienagomya? sp.,1
undet. Stelleroidea,Ekaterodonta courtessolei,1
undet. Stelleroidea,Glyptarca sp.,1
undet. Stelleroidea,Sinuites sp.,1
undet. Stelleroidea,Lesueurilla prima,1
undet. Stelleroidea,undet. Monoplacophora,1
undet. Stelleroidea,Carcassonnella courtessolei,1
undet. Stelleroidea,Carcassonnella vizcainoi,1
undet. Stelleroidea,Carcassonnella sp.,1
undet. Stelleroidea,Ribeiria sp.,1
undet. Stelleroidea,Didymograptus cf. arcuatus,1
undet. Stelleroidea,Didymograptus deflexus,1
undet. Stelleroidea,Didymograptus extensus,1
undet. Stelleroidea,Didymograptus v-fractus,1
undet. Stelleroidea,Didymograptus intendus,1
undet. Stelleroidea,Didymograptus pennatulus,1
undet. Stelleroidea,Didymograptus nanus,1
undet. Stelleroidea,Didymograptus nitidus,1
undet. Stelleroidea,Didymograptus patulus,1
undet. Stelleroidea,Didymograptus sparsus,1
undet. Stelleroidea,"""Didymograptus sp. 1""",1
undet. Stelleroidea,Didymograptus sp.,1
undet. Stelleroidea,Didymograptid indet.,1
undet. Stelleroidea,Koremagraptus sp.,1
undet. Stelleroidea,Dictyonema sp.,1
undet. Stelleroidea,Tuboid,1
undet. Stelleroidea,?Cymatograptus protobalticus,1
undet. Stelleroidea,Webbyites felix,1
undet. Stelleroidea,Rhabdopleura-like epibiont,1
undet. Stelleroidea,Hyolithes sp.,1
Villebrunaster fezouataensis,phytoplankton,1
Villebrunaster fezouataensis,suspended organic matter,1
Villebrunaster fezouataensis,Zooplankton,1
Villebrunaster fezouataensis,Ostracod,1
Villebrunaster fezouataensis,undet. Dikelocephalidae,1
Villebrunaster fezouataensis,undet. Illaenacea,1
Villebrunaster fezouataensis,Proetidae?,1
Palaeosphaeronites sp.,phytoplankton,2
Palaeosphaeronites sp.,suspended organic matter,2
Palaeosphaeronites sp.,Zooplankton,2
Palaeosphaeronites? prokopi,phytoplankton,2
Palaeosphaeronites? prokopi,suspended organic matter,2
Palaeosphaeronites? prokopi,Zooplankton,2
Aristocystites cf. bohemicus (sinuous?),phytoplankton,2
Aristocystites cf. bohemicus (sinuous?),suspended organic matter,2
Aristocystites cf. bohemicus (sinuous?),Zooplankton,2
Aristocystites sp.,phytoplankton,2
Aristocystites sp.,suspended organic matter,2
Aristocystites sp.,Zooplankton,2
Ascocystites? sp.,phytoplankton,2
Ascocystites? sp.,suspended organic matter,2
Ascocystites? sp.,Zooplankton,2
Balantiocystis regnelli,phytoplankton,2
Balantiocystis regnelli,suspended organic matter,2
Balantiocystis regnelli,Zooplankton,2
Balantiocystis sp.,phytoplankton,2
Balantiocystis sp.,suspended organic matter,2
Balantiocystis sp.,Zooplankton,2
Rhopalocystis sp.,phytoplankton,2
Rhopalocystis sp.,suspended organic matter,2
Rhopalocystis sp.,Zooplankton,2
Rhopalocystis dehirensis,phytoplankton,2
Rhopalocystis dehirensis,suspended organic matter,2
Rhopalocystis dehirensis,Zooplankton,2
Rhopalocystis destombesi,phytoplankton,2
Rhopalocystis destombesi,suspended organic matter,2
Rhopalocystis destombesi,Zooplankton,2
Rhopalocystis fraga,phytoplankton,2
Rhopalocystis fraga,suspended organic matter,2
Rhopalocystis fraga,Zooplankton,2
Rhopalocystis grandis,phytoplankton,2
Rhopalocystis grandis,suspended organic matter,2
Rhopalocystis grandis,Zooplankton,2
Rhopalocystis havliceki,phytoplankton,2
Rhopalocystis havliceki,suspended organic matter,2
Rhopalocystis havliceki,Zooplankton,2
Rhopalocystis lehmani,phytoplankton,2
Rhopalocystis lehmani,suspended organic matter,2
Rhopalocystis lehmani,Zooplankton,2
Rhopalocystis zagoraensis,phytoplankton,2
Rhopalocystis zagoraensis,suspended organic matter,2
Rhopalocystis zagoraensis,Zooplankton,2
Rhopalocystis sp. A,phytoplankton,2
Rhopalocystis sp. A,suspended organic matter,2
Rhopalocystis sp. A,Zooplankton,2
Rhopalocystis sp. B,phytoplankton,2
Rhopalocystis sp. B,suspended organic matter,2
Rhopalocystis sp. B,Zooplankton,2
Rhopalocystis sp. C,phytoplankton,2
Rhopalocystis sp. C,suspended organic matter,2
Rhopalocystis sp. C,Zooplankton,2
cf. Rhopalocystis,phytoplankton,2
cf. Rhopalocystis,suspended organic matter,2
cf. Rhopalocystis,Zooplankton,2
Lingulocystis aff. deani,phytoplankton,2
Lingulocystis aff. deani,suspended organic matter,2
Lingulocystis aff. deani,Zooplankton,2
Lingulocystis elongata,phytoplankton,2
Lingulocystis elongata,suspended organic matter,2
Lingulocystis elongata,Zooplankton,2
cf. Pareocrinus,phytoplankton,2
cf. Pareocrinus,suspended organic matter,2
cf. Pareocrinus,Zooplankton,2
Eocrinoidea indet. sp. 1,phytoplankton,2
Eocrinoidea indet. sp. 1,suspended organic matter,2
Eocrinoidea indet. sp. 1,Zooplankton,2
Eocrinoidea indet. sp. 2,phytoplankton,2
Eocrinoidea indet. sp. 2,suspended organic matter,2
Eocrinoidea indet. sp. 2,Zooplankton,2
Eocrinoidea indet.,phytoplankton,2
Eocrinoidea indet.,suspended organic matter,2
Eocrinoidea indet.,Zooplankton,2
Ramseyocrinus sp.,phytoplankton,2
Ramseyocrinus sp.,suspended organic matter,2
Ramseyocrinus sp.,Zooplankton,2
Crinoid 2,phytoplankton,2
Crinoid 2,suspended organic matter,2
Crinoid 2,Zooplankton,2
Aethocrinus cf. moorei,phytoplankton,2
Aethocrinus cf. moorei,suspended organic matter,2
Aethocrinus cf. moorei,Zooplankton,2
Iocrinus n. sp.,phytoplankton,2
Iocrinus n. sp.,suspended organic matter,2
Iocrinus n. sp.,Zooplankton,2
Cystoidea?/undet. Cystoidea,phytoplankton,2
Cystoidea?/undet. Cystoidea,suspended organic matter,2
Cystoidea?/undet. Cystoidea,Zooplankton,2
Argodiscus espilezorum,phytoplankton,2
Argodiscus espilezorum,suspended organic matter,2
Argodiscus espilezorum,Benthic detritus,1
Argodiscus espilezorum,Zooplankton,2
Anedriophus moroccoensis,phytoplankton,2
Anedriophus moroccoensis,suspended organic matter,2
Anedriophus moroccoensis,Benthic detritus,1
Anedriophus moroccoensis,Zooplankton,2
Rhenopyrgid indet.,phytoplankton,2
Rhenopyrgid indet.,suspended organic matter,2
Rhenopyrgid indet.,Benthic detritus,1
Rhenopyrgid indet.,Zooplankton,2
Ampelocarpus sp.,phytoplankton,2
Ampelocarpus sp.,suspended organic matter,2
Ampelocarpus sp.,Benthic detritus,1
Ampelocarpus sp.,Zooplankton,2
Amygdalotheca griffei,phytoplankton,2
Amygdalotheca griffei,suspended organic matter,2
Amygdalotheca griffei,Benthic detritus,1
Amygdalotheca griffei,Zooplankton,2
Anatifopsis escandei,phytoplankton,2
Anatifopsis escandei,suspended organic matter,2
Anatifopsis escandei,Benthic detritus,1
Anatifopsis escandei,Zooplankton,2
Anatifopsis trapeziiformis,phytoplankton,2
Anatifopsis trapeziiformis,suspended organic matter,2
Anatifopsis trapeziiformis,Benthic detritus,1
Anatifopsis trapeziiformis,Zooplankton,2
Anatifopsis sp.,phytoplankton,2
Anatifopsis sp.,suspended organic matter,2
Anatifopsis sp.,Benthic detritus,1
Anatifopsis sp.,Zooplankton,2
"Anomalocystid n. gen., n. sp. ",phytoplankton,2
"Anomalocystid n. gen., n. sp. ",suspended organic matter,2
"Anomalocystid n. gen., n. sp. ",Benthic detritus,1
"Anomalocystid n. gen., n. sp. ",Zooplankton,2
Aspidocarpus sp.,phytoplankton,2
Aspidocarpus sp.,suspended organic matter,2
Aspidocarpus sp.,Benthic detritus,1
Aspidocarpus sp.,Zooplankton,2
Arauricystis? sp.,phytoplankton,2
Arauricystis? sp.,suspended organic matter,2
Arauricystis? sp.,Benthic detritus,1
Arauricystis? sp.,Zooplankton,2
Balanocystites primus,phytoplankton,2
Balanocystites primus,suspended organic matter,2
Balanocystites primus,Benthic detritus,1
Balanocystites primus,Zooplankton,2
Bohemiaecystis,phytoplankton,2
Bohemiaecystis,suspended organic matter,2
Bohemiaecystis,Benthic detritus,1
Bohemiaecystis,Zooplankton,2
Chauvelicystis ubaghsi,phytoplankton,2
Chauvelicystis ubaghsi,suspended organic matter,2
Chauvelicystis ubaghsi,Benthic detritus,1
Chauvelicystis ubaghsi,Zooplankton,2
Chauvelicystis spinosa,phytoplankton,2
Chauvelicystis spinosa,suspended organic matter,2
Chauvelicystis spinosa,Benthic detritus,1
Chauvelicystis spinosa,Zooplankton,2
Chauvelicystis vizcainoi,phytoplankton,2
Chauvelicystis vizcainoi,suspended organic matter,2
Chauvelicystis vizcainoi,Benthic detritus,1
Chauvelicystis vizcainoi,Zooplankton,2
Chauvelicystis sp.,phytoplankton,2
Chauvelicystis sp.,suspended organic matter,2
Chauvelicystis sp.,Benthic detritus,1
Chauvelicystis sp.,Zooplankton,2
"Chauvelicystid n. gen., n. sp. 1",phytoplankton,2
"Chauvelicystid n. gen., n. sp. 1",suspended organic matter,2
"Chauvelicystid n. gen., n. sp. 1",Benthic detritus,1
"Chauvelicystid n. gen., n. sp. 1",Zooplankton,2
"Chauvelicystid n. gen., n. sp. 2",phytoplankton,2
"Chauvelicystid n. gen., n. sp. 2",suspended organic matter,2
"Chauvelicystid n. gen., n. sp. 2",Benthic detritus,1
"Chauvelicystid n. gen., n. sp. 2",Zooplankton,2
Chinianocarpos sp.,phytoplankton,2
Chinianocarpos sp.,suspended organic matter,2
Chinianocarpos sp.,Benthic detritus,1
Chinianocarpos sp.,Zooplankton,2
"Cornuta n. gen. 1, n. sp.",phytoplankton,2
"Cornuta n. gen. 1, n. sp.",suspended organic matter,2
"Cornuta n. gen. 1, n. sp.",Benthic detritus,1
"Cornuta n. gen. 1, n. sp.",Zooplankton,2
"Cornuta n. gen. 2, n. sp.",phytoplankton,2
"Cornuta n. gen. 2, n. sp.",suspended organic matter,2
"Cornuta n. gen. 2, n. sp.",Benthic detritus,1
"Cornuta n. gen. 2, n. sp.",Zooplankton,2
Flabellicarpus rushtoni,phytoplankton,2
Flabellicarpus rushtoni,suspended organic matter,2
Flabellicarpus rushtoni,Benthic detritus,1
Flabellicarpus rushtoni,Zooplankton,2
Galliaecystis n. sp.,phytoplankton,2
Galliaecystis n. sp.,suspended organic matter,2
Galliaecystis n. sp.,Benthic detritus,1
Galliaecystis n. sp.,Zooplankton,2
Galliaecystis ubaghsi,phytoplankton,2
Galliaecystis ubaghsi,suspended organic matter,2
Galliaecystis ubaghsi,Benthic detritus,1
Galliaecystis ubaghsi,Zooplankton,2
Hanusia n. sp.,phytoplankton,2
Hanusia n. sp.,suspended organic matter,2
Hanusia n. sp.,Benthic detritus,1
Hanusia n. sp.,Zooplankton,2
Lagynocystis pyramidalis,phytoplankton,2
Lagynocystis pyramidalis,suspended organic matter,2
Lagynocystis pyramidalis,Benthic detritus,1
Lagynocystis pyramidalis,Zooplankton,2
Kirkocystidae?,phytoplankton,2
Kirkocystidae?,suspended organic matter,2
Kirkocystidae?,Benthic detritus,1
Kirkocystidae?,Zooplankton,2
Lyricocarpus courtessolei,phytoplankton,2
Lyricocarpus courtessolei,suspended organic matter,2
Lyricocarpus courtessolei,Benthic detritus,1
Lyricocarpus courtessolei,Zooplankton,2
Milonicystis sp.,phytoplankton,2
Milonicystis sp.,suspended organic matter,2
Milonicystis sp.,Benthic detritus,1
Milonicystis sp.,Zooplankton,2
Mitrocystitid indet. cf. Ovocarpus,phytoplankton,2
Mitrocystitid indet. cf. Ovocarpus,suspended organic matter,2
Mitrocystitid indet. cf. Ovocarpus,Benthic detritus,1
Mitrocystitid indet. cf. Ovocarpus,Zooplankton,2
Nanocarpus cf. dolambii,phytoplankton,2
Nanocarpus cf. dolambii,suspended organic matter,2
Nanocarpus cf. dolambii,Benthic detritus,1
Nanocarpus cf. dolambii,Zooplankton,2
Phyllocystis blayaci,phytoplankton,2
Phyllocystis blayaci,suspended organic matter,2
Phyllocystis blayaci,Benthic detritus,1
Phyllocystis blayaci,Zooplankton,2
Phyllocystis sp.,phytoplankton,2
Phyllocystis sp.,suspended organic matter,2
Phyllocystis sp.,Benthic detritus,1
Phyllocystis sp.,Zooplankton,2
Procothurnocystis n. sp.,phytoplankton,2
Procothurnocystis n. sp.,suspended organic matter,2
Procothurnocystis n. sp.,Benthic detritus,1
Procothurnocystis n. sp.,Zooplankton,2
Prokopicystis sp.,phytoplankton,2
Prokopicystis sp.,suspended organic matter,2
Prokopicystis sp.,Benthic detritus,1
Prokopicystis sp.,Zooplankton,2
Thoralicystis zagoraensis,phytoplankton,2
Thoralicystis zagoraensis,suspended organic matter,2
Thoralicystis zagoraensis,Benthic detritus,1
Thoralicystis zagoraensis,Zooplankton,2
Thoralicystis n. sp.,phytoplankton,2
Thoralicystis n. sp.,suspended organic matter,2
Thoralicystis n. sp.,Benthic detritus,1
Thoralicystis n. sp.,Zooplankton,2
Vizcainocarpus sp.,phytoplankton,2
Vizcainocarpus sp.,suspended organic matter,2
Vizcainocarpus sp.,Benthic detritus,1
Vizcainocarpus sp.,Zooplankton,2
Cothurnocystid indetl.,phytoplankton,2
Cothurnocystid indetl.,suspended organic matter,2
Cothurnocystid indetl.,Benthic detritus,1
Cothurnocystid indetl.,Zooplankton,2
Hanusiid indet.,phytoplankton,2
Hanusiid indet.,suspended organic matter,2
Hanusiid indet.,Benthic detritus,1
Hanusiid indet.,Zooplankton,2
Peltocystis cornuta,phytoplankton,2
Peltocystis cornuta,suspended organic matter,2
Peltocystis cornuta,Benthic detritus,1
Peltocystis cornuta,Zooplankton,2
Scotiaevystis? sp.,phytoplankton,2
Scotiaevystis? sp.,suspended organic matter,2
Scotiaevystis? sp.,Benthic detritus,1
Scotiaevystis? sp.,Zooplankton,2
Macrocystella sp.,phytoplankton,2
Macrocystella sp.,suspended organic matter,2
Macrocystella sp.,Zooplankton,2
Macrocystella bohemica,phytoplankton,2
Macrocystella bohemica,suspended organic matter,2
Macrocystella bohemica,Zooplankton,2
Macrocystella cf. mariae,phytoplankton,2
Macrocystella cf. mariae,suspended organic matter,2
Macrocystella cf. mariae,Zooplankton,2
Macrocystella tasseftensis,phytoplankton,2
Macrocystella tasseftensis,suspended organic matter,2
Macrocystella tasseftensis,Zooplankton,2
cf. Castericystis,phytoplankton,2
cf. Castericystis,suspended organic matter,2
cf. Castericystis,Zooplankton,2
cf. Minervaecystis,Benthic detritus,2
Plasiacystis mobilis,Benthic detritus,2
Plasiacystis sp.,Benthic detritus,2
Nimchacystis agterbosi,Benthic detritus,2
undet. Ophiuroidea,phytoplankton,2
undet. Ophiuroidea,suspended organic matter,2
undet. Ophiuroidea,Benthic detritus,1
undet. Ophiuroidea,Zooplankton,2
Clonograptus rigidus,phytoplankton,2
Clonograptus flexibilis,phytoplankton,2
Clonograptus flexilis,phytoplankton,2
Clonograptus persistens,phytoplankton,2
Clonograptus multiplex,phytoplankton,2
Didymograptus cf. arcuatus,phytoplankton,2
Didymograptus deflexus,phytoplankton,2
Didymograptus extensus,phytoplankton,2
Didymograptus v-fractus,phytoplankton,2
Didymograptus intendus,phytoplankton,2
Didymograptus pennatulus,phytoplankton,2
Didymograptus nanus,phytoplankton,2
Didymograptus nitidus,phytoplankton,2
Didymograptus patulus,phytoplankton,2
Didymograptus sparsus,phytoplankton,2
"""Didymograptus sp. 1""",phytoplankton,2
Didymograptus sp.,phytoplankton,2
Didymograptid indet.,phytoplankton,2
Dichograptidae?,phytoplankton,2
Hunnegraptus copiosus,phytoplankton,2
 'Kiaerograptus' supremus,phytoplankton,2
Koremagraptus sp.,phytoplankton,2
Paradelograptus norvegicus,phytoplankton,2
Paradelograptus tenuis,phytoplankton,2
Paratemnograptus magnificus,phytoplankton,2
Tetragraptus cf. approximatus,phytoplankton,2
Tetragraptus quadribrachiatus,phytoplankton,2
Tetragraptus reclinatus,phytoplankton,2
Tetragraptus serra,phytoplankton,2
Tetragraptus tornquisti,phytoplankton,2
 'Tetragraptus' bulmani,phytoplankton,2
Tetragraptus sp.,phytoplankton,2
Araneograptus murrayi,phytoplankton,2
Dictyonema sp.,phytoplankton,2
Tuboid,phytoplankton,2
Anisograptus cf. matanensis,phytoplankton,2
Bryograptus divergens,phytoplankton,2
Bryograptus kjerulfi cumbrensis,phytoplankton,2
Bryograptus lapworthi,phytoplankton,2
Rhabdinopora flabelliforme cf. anglica,phytoplankton,2
Rhabdinopora flabelliforme flabelliforme (flabelliformis flabelliformis ?),phytoplankton,2
Rhabdinopora flabelliforme multithecatum,phytoplankton,2
Rhabdinopora flabelliformis socialis,phytoplankton,2
Rhabdinopora flabelliformis canadenisis,phytoplankton,2
Rhabdinopora flabelliforme norvegicum,phytoplankton,2
Acrograptus nicholsoni,phytoplankton,2
Adelograptus sp.,phytoplankton,2
Azygograptus eivionicus,phytoplankton,2
Azygograptus sp.,phytoplankton,2
Etagraptus putillus,phytoplankton,2
Hermannograptus sp.,phytoplankton,2
Isograptus caduceus arcuatus,phytoplankton,2
Isograptus caduceus gracilis,phytoplankton,2
Isograptus furcula,phytoplankton,2
Pterograptus sp.,phytoplankton,2
Schizograptus sp.,phytoplankton,2
Temnograptus multiflex,phytoplankton,2
Temnograptus cf. noveboracensis,phytoplankton,2
Temnograptus ramulus,phytoplankton,2
Adelograptus tenellus,phytoplankton,2
Choristograptus louai,phytoplankton,2
Ancoragraptus bulmani,phytoplankton,2
?Cymatograptus protobalticus,phytoplankton,2
?Baltograptus jacksoni,phytoplankton,2
Baltograptus minutus,phytoplankton,2
Baltograptus deflexus,phytoplankton,2
?Baltograptus kurcki,phytoplankton,2
Expansograptus sp.,phytoplankton,2
Webbyites felix,phytoplankton,2
Cavernolites senex,phytoplankton,
Cavernolites senex,suspended organic matter,2
Elegantilites sp.,phytoplankton,2
Elegantilites sp.,suspended organic matter,
Gamalites? sp.,phytoplankton,2
Gamalites? sp.,suspended organic matter,
Gompholites sp.,phytoplankton,2
Gompholites sp.,suspended organic matter,
Nephrotheca sp.,phytoplankton,2
Nephrotheca sp.,suspended organic matter,
Hyolithes sp.,phytoplankton,2
Hyolithes sp.,suspended organic matter,
Pauxillites thaddei,phytoplankton,2
Pauxillites thaddei,suspended organic matter,
Pauxillites sp.,phytoplankton,2
Pauxillites sp.,suspended organic matter,
Drepanoistodus? cf. pervetus,Benthic detritus,1
Drepanoistodus? cf. pervetus,Zooplankton,1
Drepanoistodus? cf. pervetus,Bryozoan,1
Drepanoistodus? cf. pervetus,Halkieriid,1
Drepanoistodus? cf. pervetus,Calvapilosa kroegeri,1
Drepanoistodus? cf. pervetus,Plumulites bengtsoni,1
Drepanoistodus? cf. pervetus,Large plumulitid,1
Drepanoistodus? cf. pervetus,Possible phyllodocid,1
Drepanoistodus? cf. pervetus,Palaeoscolex cf. tenensis,1
Drepanoistodus? cf. pervetus,Priapulid,1
Drepanoistodus? cf. pervetus,Large taxon with spinose limbs,1
Drepanoistodus? cf. pervetus,Small taxon with spinose limbs,1
Drepanoistodus? cf. pervetus,Clonograptus rigidus,1
Drepanoistodus? cf. pervetus,Clonograptus flexibilis,1
Drepanoistodus? cf. pervetus,Clonograptus flexilis,1
Drepanoistodus? cf. pervetus,Clonograptus persistens,1
Drepanoistodus? cf. pervetus,Clonograptus multiplex,1
Drepanoistodus? cf. pervetus,Didymograptus cf. arcuatus,1
Drepanoistodus? cf. pervetus,Didymograptus deflexus,1
Drepanoistodus? cf. pervetus,Didymograptus extensus,1
Drepanoistodus? cf. pervetus,Didymograptus v-fractus,1
Drepanoistodus? cf. pervetus,Didymograptus intendus,1
Drepanoistodus? cf. pervetus,Didymograptus pennatulus,1
Drepanoistodus? cf. pervetus,Didymograptus nanus,1
Drepanoistodus? cf. pervetus,Didymograptus nitidus,1
Drepanoistodus? cf. pervetus,Didymograptus patulus,1
Drepanoistodus? cf. pervetus,Didymograptus sparsus,1
Drepanoistodus? cf. pervetus,"""Didymograptus sp. 1""",1
Drepanoistodus? cf. pervetus,Didymograptus sp.,1
Drepanoistodus? cf. pervetus,Didymograptid indet.,1
Drepanoistodus? cf. pervetus,Dichograptidae?,1
Drepanoistodus? cf. pervetus,Hunnegraptus copiosus,1
Drepanoistodus? cf. pervetus, 'Kiaerograptus' supremus,1
Drepanoistodus? cf. pervetus,Koremagraptus sp.,1
Drepanoistodus? cf. pervetus,Paradelograptus norvegicus,1
Drepanoistodus? cf. pervetus,Paradelograptus tenuis,1
Drepanoistodus? cf. pervetus,Paratemnograptus magnificus,1
Drepanoistodus? cf. pervetus,Tetragraptus cf. approximatus,1
Drepanoistodus? cf. pervetus,Tetragraptus quadribrachiatus,1
Drepanoistodus? cf. pervetus,Tetragraptus reclinatus,1
Drepanoistodus? cf. pervetus,Tetragraptus serra,1
Drepanoistodus? cf. pervetus,Tetragraptus tornquisti,1
Drepanoistodus? cf. pervetus, 'Tetragraptus' bulmani,1
Drepanoistodus? cf. pervetus,Tetragraptus sp.,1
Drepanoistodus? cf. pervetus,Araneograptus murrayi,1
Drepanoistodus? cf. pervetus,Dictyonema sp.,1
Drepanoistodus? cf. pervetus,Tuboid,1
Drepanoistodus? cf. pervetus,Anisograptus cf. matanensis,1
Drepanoistodus? cf. pervetus,Bryograptus divergens,1
Drepanoistodus? cf. pervetus,Bryograptus kjerulfi cumbrensis,1
Drepanoistodus? cf. pervetus,Bryograptus lapworthi,1
Drepanoistodus? cf. pervetus,Rhabdinopora flabelliforme cf. anglica,1
Drepanoistodus? cf. pervetus,Rhabdinopora flabelliforme flabelliforme,1
Drepanoistodus? cf. pervetus,Rhabdinopora flabelliforme multithecatum,1
Drepanoistodus? cf. pervetus,Rhabdinopora flabelliformis socialis,1
Drepanoistodus? cf. pervetus,Rhabdinopora flabelliformis canadenisis,1
Drepanoistodus? cf. pervetus,Rhabdinopora flabelliforme norvegicum,1
Drepanoistodus? cf. pervetus,Acrograptus nicholsoni,1
Drepanoistodus? cf. pervetus,Adelograptus sp.,1
Drepanoistodus? cf. pervetus,Azygograptus eivionicus,1
Drepanoistodus? cf. pervetus,Azygograptus sp.,1
Drepanoistodus? cf. pervetus,Etagraptus putillus,1
Drepanoistodus? cf. pervetus,Hermannograptus sp.,1
Drepanoistodus? cf. pervetus,Isograptus caduceus arcuatus,1
Drepanoistodus? cf. pervetus,Isograptus caduceus gracilis,1
Drepanoistodus? cf. pervetus,Isograptus furcula,1
Drepanoistodus? cf. pervetus,Pterograptus sp.,1
Drepanoistodus? cf. pervetus,Schizograptus sp.,1
Drepanoistodus? cf. pervetus,Temnograptus multiflex,1
Drepanoistodus? cf. pervetus,Temnograptus cf. noveboracensis,1
Drepanoistodus? cf. pervetus,Temnograptus ramulus,1
Drepanoistodus? cf. pervetus,Adelograptus tenellus,1
Drepanoistodus? cf. pervetus,Choristograptus louai,1
Drepanoistodus? cf. pervetus,Ancoragraptus bulmani,1
Drepanoistodus? cf. pervetus,?Cymatograptus protobalticus,1
Drepanoistodus? cf. pervetus,?Baltograptus jacksoni,1
Drepanoistodus? cf. pervetus,Baltograptus minutus,1
Drepanoistodus? cf. pervetus,Baltograptus deflexus,1
Drepanoistodus? cf. pervetus,?Baltograptus kurcki,1
Drepanoistodus? cf. pervetus,Expansograptus sp.,1
Drepanoistodus? cf. pervetus,Webbyites felix,1
Drepanoistodus? cf. pervetus,Rhabdopleura-like epibiont,1
Drepanoistodus? cf. pervetus,Drepanoistodus? cf. pervetus,1
Drepanoistodus? cf. pervetus,Drepanoistodus cf. forceps,1
Drepanoistodus? cf. pervetus,Acodus deltatus,1
Drepanoistodus? cf. pervetus,Cornuodus longibasis,1
Drepanoistodus? cf. pervetus,Drepanodus arcuatus,1
Drepanoistodus? cf. pervetus,Paltodus cf. inaequalis,1
Drepanoistodus? cf. pervetus,Parapaltodus aff. flexuosus,1
Drepanoistodus? cf. pervetus,Parapaltodus aff. simplicissimus,1
Drepanoistodus? cf. pervetus,Paroistodus cf. proteus,1
Drepanoistodus? cf. pervetus,Paroistodus cf. parallellus,1
Drepanoistodus? cf. pervetus,Periodon cf. selenopsis,1
Drepanoistodus? cf. pervetus,Periodon cf. primus,1
Drepanoistodus? cf. pervetus,Prioniodus sp.,1
Drepanoistodus? cf. pervetus,Prioniodus cf. gilberti,1
Drepanoistodus? cf. pervetus,Protopanderodus cf. leonardii,1
Drepanoistodus? cf. pervetus,Scalpellodus aff. gracilis,1
Drepanoistodus? cf. pervetus,Scolopodus aff. krummi,1
Drepanoistodus? cf. pervetus,Semiacontiodus sp.,1
Drepanoistodus? cf. pervetus,Semiacontiodus cf. cornuformis,1
Drepanoistodus? cf. pervetus,Stolodus cf. stola,1
Drepanoistodus? cf. pervetus,Tripodus sp.,1
Drepanoistodus? cf. pervetus,Tripodus aff. Laevis,1
Drepanoistodus? cf. pervetus,Tropodus sp.,1
Drepanoistodus? cf. pervetus,Tropodus cf. sweeti,1
Drepanoistodus cf. forceps,Benthic detritus,1
Drepanoistodus cf. forceps,Zooplankton,1
Drepanoistodus cf. forceps,Bryozoan,1
Drepanoistodus cf. forceps,Halkieriid,1
Drepanoistodus cf. forceps,Calvapilosa kroegeri,1
Drepanoistodus cf. forceps,Plumulites bengtsoni,1
Drepanoistodus cf. forceps,Large plumulitid,1
Drepanoistodus cf. forceps,Possible phyllodocid,1
Drepanoistodus cf. forceps,Palaeoscolex cf. tenensis,1
Drepanoistodus cf. forceps,Priapulid,1
Drepanoistodus cf. forceps,Large taxon with spinose limbs,1
Drepanoistodus cf. forceps,Small taxon with spinose limbs,1
Drepanoistodus cf. forceps,Clonograptus rigidus,1
Drepanoistodus cf. forceps,Clonograptus flexibilis,1
Drepanoistodus cf. forceps,Clonograptus flexilis,1
Drepanoistodus cf. forceps,Clonograptus persistens,1
Drepanoistodus cf. forceps,Clonograptus multiplex,1
Drepanoistodus cf. forceps,Didymograptus cf. arcuatus,1
Drepanoistodus cf. forceps,Didymograptus deflexus,1
Drepanoistodus cf. forceps,Didymograptus extensus,1
Drepanoistodus cf. forceps,Didymograptus v-fractus,1
Drepanoistodus cf. forceps,Didymograptus intendus,1
Drepanoistodus cf. forceps,Didymograptus pennatulus,1
Drepanoistodus cf. forceps,Didymograptus nanus,1
Drepanoistodus cf. forceps,Didymograptus nitidus,1
Drepanoistodus cf. forceps,Didymograptus patulus,1
Drepanoistodus cf. forceps,Didymograptus sparsus,1
Drepanoistodus cf. forceps,"""Didymograptus sp. 1""",1
Drepanoistodus cf. forceps,Didymograptus sp.,1
Drepanoistodus cf. forceps,Didymograptid indet.,1
Drepanoistodus cf. forceps,Dichograptidae?,1
Drepanoistodus cf. forceps,Hunnegraptus copiosus,1
Drepanoistodus cf. forceps, 'Kiaerograptus' supremus,1
Drepanoistodus cf. forceps,Koremagraptus sp.,1
Drepanoistodus cf. forceps,Paradelograptus norvegicus,1
Drepanoistodus cf. forceps,Paradelograptus tenuis,1
Drepanoistodus cf. forceps,Paratemnograptus magnificus,1
Drepanoistodus cf. forceps,Tetragraptus cf. approximatus,1
Drepanoistodus cf. forceps,Tetragraptus quadribrachiatus,1
Drepanoistodus cf. forceps,Tetragraptus reclinatus,1
Drepanoistodus cf. forceps,Tetragraptus serra,1
Drepanoistodus cf. forceps,Tetragraptus tornquisti,1
Drepanoistodus cf. forceps, 'Tetragraptus' bulmani,1
Drepanoistodus cf. forceps,Tetragraptus sp.,1
Drepanoistodus cf. forceps,Araneograptus murrayi,1
Drepanoistodus cf. forceps,Dictyonema sp.,1
Drepanoistodus cf. forceps,Tuboid,1
Drepanoistodus cf. forceps,Anisograptus cf. matanensis,1
Drepanoistodus cf. forceps,Bryograptus divergens,1
Drepanoistodus cf. forceps,Bryograptus kjerulfi cumbrensis,1
Drepanoistodus cf. forceps,Bryograptus lapworthi,1
Drepanoistodus cf. forceps,Rhabdinopora flabelliforme cf. anglica,1
Drepanoistodus cf. forceps,Rhabdinopora flabelliforme flabelliforme,1
Drepanoistodus cf. forceps,Rhabdinopora flabelliforme multithecatum,1
Drepanoistodus cf. forceps,Rhabdinopora flabelliformis socialis,1
Drepanoistodus cf. forceps,Rhabdinopora flabelliformis canadenisis,1
Drepanoistodus cf. forceps,Rhabdinopora flabelliforme norvegicum,1
Drepanoistodus cf. forceps,Acrograptus nicholsoni,1
Drepanoistodus cf. forceps,Adelograptus sp.,1
Drepanoistodus cf. forceps,Azygograptus eivionicus,1
Drepanoistodus cf. forceps,Azygograptus sp.,1
Drepanoistodus cf. forceps,Etagraptus putillus,1
Drepanoistodus cf. forceps,Hermannograptus sp.,1
Drepanoistodus cf. forceps,Isograptus caduceus arcuatus,1
Drepanoistodus cf. forceps,Isograptus caduceus gracilis,1
Drepanoistodus cf. forceps,Isograptus furcula,1
Drepanoistodus cf. forceps,Pterograptus sp.,1
Drepanoistodus cf. forceps,Schizograptus sp.,1
Drepanoistodus cf. forceps,Temnograptus multiflex,1
Drepanoistodus cf. forceps,Temnograptus cf. noveboracensis,1
Drepanoistodus cf. forceps,Temnograptus ramulus,1
Drepanoistodus cf. forceps,Adelograptus tenellus,1
Drepanoistodus cf. forceps,Choristograptus louai,1
Drepanoistodus cf. forceps,Ancoragraptus bulmani,1
Drepanoistodus cf. forceps,?Cymatograptus protobalticus,1
Drepanoistodus cf. forceps,?Baltograptus jacksoni,1
Drepanoistodus cf. forceps,Baltograptus minutus,1
Drepanoistodus cf. forceps,Baltograptus deflexus,1
Drepanoistodus cf. forceps,?Baltograptus kurcki,1
Drepanoistodus cf. forceps,Expansograptus sp.,1
Drepanoistodus cf. forceps,Webbyites felix,1
Drepanoistodus cf. forceps,Rhabdopleura-like epibiont,1
Drepanoistodus cf. forceps,Drepanoistodus? cf. pervetus,1
Drepanoistodus cf. forceps,Drepanoistodus cf. forceps,1
Drepanoistodus cf. forceps,Acodus deltatus,1
Drepanoistodus cf. forceps,Cornuodus longibasis,1
Drepanoistodus cf. forceps,Drepanodus arcuatus,1
Drepanoistodus cf. forceps,Paltodus cf. inaequalis,1
Drepanoistodus cf. forceps,Parapaltodus aff. flexuosus,1
Drepanoistodus cf. forceps,Parapaltodus aff. simplicissimus,1
Drepanoistodus cf. forceps,Paroistodus cf. proteus,1
Drepanoistodus cf. forceps,Paroistodus cf. parallellus,1
Drepanoistodus cf. forceps,Periodon cf. selenopsis,1
Drepanoistodus cf. forceps,Periodon cf. primus,1
Drepanoistodus cf. forceps,Prioniodus sp.,1
Drepanoistodus cf. forceps,Prioniodus cf. gilberti,1
Drepanoistodus cf. forceps,Protopanderodus cf. leonardii,1
Drepanoistodus cf. forceps,Scalpellodus aff. gracilis,1
Drepanoistodus cf. forceps,Scolopodus aff. krummi,1
Drepanoistodus cf. forceps,Semiacontiodus sp.,1
Drepanoistodus cf. forceps,Semiacontiodus cf. cornuformis,1
Drepanoistodus cf. forceps,Stolodus cf. stola,1
Drepanoistodus cf. forceps,Tripodus sp.,1
Drepanoistodus cf. forceps,Tripodus aff. Laevis,1
Drepanoistodus cf. forceps,Tropodus sp.,1
Drepanoistodus cf. forceps,Tropodus cf. sweeti,1
Acodus deltatus,Benthic detritus,1
Acodus deltatus,Zooplankton,1
Acodus deltatus,Bryozoan,1
Acodus deltatus,Halkieriid,1
Acodus deltatus,Calvapilosa kroegeri,1
Acodus deltatus,Plumulites bengtsoni,1
Acodus deltatus,Large plumulitid,1
Acodus deltatus,Possible phyllodocid,1
Acodus deltatus,Palaeoscolex cf. tenensis,1
Acodus deltatus,Priapulid,1
Acodus deltatus,Large taxon with spinose limbs,1
Acodus deltatus,Small taxon with spinose limbs,1
Acodus deltatus,Clonograptus rigidus,1
Acodus deltatus,Clonograptus flexibilis,1
Acodus deltatus,Clonograptus flexilis,1
Acodus deltatus,Clonograptus persistens,1
Acodus deltatus,Clonograptus multiplex,1
Acodus deltatus,Didymograptus cf. arcuatus,1
Acodus deltatus,Didymograptus deflexus,1
Acodus deltatus,Didymograptus extensus,1
Acodus deltatus,Didymograptus v-fractus,1
Acodus deltatus,Didymograptus intendus,1
Acodus deltatus,Didymograptus pennatulus,1
Acodus deltatus,Didymograptus nanus,1
Acodus deltatus,Didymograptus nitidus,1
Acodus deltatus,Didymograptus patulus,1
Acodus deltatus,Didymograptus sparsus,1
Acodus deltatus,"""Didymograptus sp. 1""",1
Acodus deltatus,Didymograptus sp.,1
Acodus deltatus,Didymograptid indet.,1
Acodus deltatus,Dichograptidae?,1
Acodus deltatus,Hunnegraptus copiosus,1
Acodus deltatus, 'Kiaerograptus' supremus,1
Acodus deltatus,Koremagraptus sp.,1
Acodus deltatus,Paradelograptus norvegicus,1
Acodus deltatus,Paradelograptus tenuis,1
Acodus deltatus,Paratemnograptus magnificus,1
Acodus deltatus,Tetragraptus cf. approximatus,1
Acodus deltatus,Tetragraptus quadribrachiatus,1
Acodus deltatus,Tetragraptus reclinatus,1
Acodus deltatus,Tetragraptus serra,1
Acodus deltatus,Tetragraptus tornquisti,1
Acodus deltatus, 'Tetragraptus' bulmani,1
Acodus deltatus,Tetragraptus sp.,1
Acodus deltatus,Araneograptus murrayi,1
Acodus deltatus,Dictyonema sp.,1
Acodus deltatus,Tuboid,1
Acodus deltatus,Anisograptus cf. matanensis,1
Acodus deltatus,Bryograptus divergens,1
Acodus deltatus,Bryograptus kjerulfi cumbrensis,1
Acodus deltatus,Bryograptus lapworthi,1
Acodus deltatus,Rhabdinopora flabelliforme cf. anglica,1
Acodus deltatus,Rhabdinopora flabelliforme flabelliforme,1
Acodus deltatus,Rhabdinopora flabelliforme multithecatum,1
Acodus deltatus,Rhabdinopora flabelliformis socialis,1
Acodus deltatus,Rhabdinopora flabelliformis canadenisis,1
Acodus deltatus,Rhabdinopora flabelliforme norvegicum,1
Acodus deltatus,Acrograptus nicholsoni,1
Acodus deltatus,Adelograptus sp.,1
Acodus deltatus,Azygograptus eivionicus,1
Acodus deltatus,Azygograptus sp.,1
Acodus deltatus,Etagraptus putillus,1
Acodus deltatus,Hermannograptus sp.,1
Acodus deltatus,Isograptus caduceus arcuatus,1
Acodus deltatus,Isograptus caduceus gracilis,1
Acodus deltatus,Isograptus furcula,1
Acodus deltatus,Pterograptus sp.,1
Acodus deltatus,Schizograptus sp.,1
Acodus deltatus,Temnograptus multiflex,1
Acodus deltatus,Temnograptus cf. noveboracensis,1
Acodus deltatus,Temnograptus ramulus,1
Acodus deltatus,Adelograptus tenellus,1
Acodus deltatus,Choristograptus louai,1
Acodus deltatus,Ancoragraptus bulmani,1
Acodus deltatus,?Cymatograptus protobalticus,1
Acodus deltatus,?Baltograptus jacksoni,1
Acodus deltatus,Baltograptus minutus,1
Acodus deltatus,Baltograptus deflexus,1
Acodus deltatus,?Baltograptus kurcki,1
Acodus deltatus,Expansograptus sp.,1
Acodus deltatus,Webbyites felix,1
Acodus deltatus,Rhabdopleura-like epibiont,1
Acodus deltatus,Drepanoistodus? cf. pervetus,1
Acodus deltatus,Drepanoistodus cf. forceps,1
Acodus deltatus,Acodus deltatus,1
Acodus deltatus,Cornuodus longibasis,1
Acodus deltatus,Drepanodus arcuatus,1
Acodus deltatus,Paltodus cf. inaequalis,1
Acodus deltatus,Parapaltodus aff. flexuosus,1
Acodus deltatus,Parapaltodus aff. simplicissimus,1
Acodus deltatus,Paroistodus cf. proteus,1
Acodus deltatus,Paroistodus cf. parallellus,1
Acodus deltatus,Periodon cf. selenopsis,1
Acodus deltatus,Periodon cf. primus,1
Acodus deltatus,Prioniodus sp.,1
Acodus deltatus,Prioniodus cf. gilberti,1
Acodus deltatus,Protopanderodus cf. leonardii,1
Acodus deltatus,Scalpellodus aff. gracilis,1
Acodus deltatus,Scolopodus aff. krummi,1
Acodus deltatus,Semiacontiodus sp.,1
Acodus deltatus,Semiacontiodus cf. cornuformis,1
Acodus deltatus,Stolodus cf. stola,1
Acodus deltatus,Tripodus sp.,1
Acodus deltatus,Tripodus aff. Laevis,1
Acodus deltatus,Tropodus sp.,1
Acodus deltatus,Tropodus cf. sweeti,1
Cornuodus longibasis,Benthic detritus,1
Cornuodus longibasis,Zooplankton,1
Cornuodus longibasis,Bryozoan,1
Cornuodus longibasis,Halkieriid,1
Cornuodus longibasis,Calvapilosa kroegeri,1
Cornuodus longibasis,Plumulites bengtsoni,1
Cornuodus longibasis,Large plumulitid,1
Cornuodus longibasis,Possible phyllodocid,1
Cornuodus longibasis,Palaeoscolex cf. tenensis,1
Cornuodus longibasis,Priapulid,1
Cornuodus longibasis,Large taxon with spinose limbs,1
Cornuodus longibasis,Small taxon with spinose limbs,1
Cornuodus longibasis,Clonograptus rigidus,1
Cornuodus longibasis,Clonograptus flexibilis,1
Cornuodus longibasis,Clonograptus flexilis,1
Cornuodus longibasis,Clonograptus persistens,1
Cornuodus longibasis,Clonograptus multiplex,1
Cornuodus longibasis,Didymograptus cf. arcuatus,1
Cornuodus longibasis,Didymograptus deflexus,1
Cornuodus longibasis,Didymograptus extensus,1
Cornuodus longibasis,Didymograptus v-fractus,1
Cornuodus longibasis,Didymograptus intendus,1
Cornuodus longibasis,Didymograptus pennatulus,1
Cornuodus longibasis,Didymograptus nanus,1
Cornuodus longibasis,Didymograptus nitidus,1
Cornuodus longibasis,Didymograptus patulus,1
Cornuodus longibasis,Didymograptus sparsus,1
Cornuodus longibasis,"""Didymograptus sp. 1""",1
Cornuodus longibasis,Didymograptus sp.,1
Cornuodus longibasis,Didymograptid indet.,1
Cornuodus longibasis,Dichograptidae?,1
Cornuodus longibasis,Hunnegraptus copiosus,1
Cornuodus longibasis, 'Kiaerograptus' supremus,1
Cornuodus longibasis,Koremagraptus sp.,1
Cornuodus longibasis,Paradelograptus norvegicus,1
Cornuodus longibasis,Paradelograptus tenuis,1
Cornuodus longibasis,Paratemnograptus magnificus,1
Cornuodus longibasis,Tetragraptus cf. approximatus,1
Cornuodus longibasis,Tetragraptus quadribrachiatus,1
Cornuodus longibasis,Tetragraptus reclinatus,1
Cornuodus longibasis,Tetragraptus serra,1
Cornuodus longibasis,Tetragraptus tornquisti,1
Cornuodus longibasis, 'Tetragraptus' bulmani,1
Cornuodus longibasis,Tetragraptus sp.,1
Cornuodus longibasis,Araneograptus murrayi,1
Cornuodus longibasis,Dictyonema sp.,1
Cornuodus longibasis,Tuboid,1
Cornuodus longibasis,Anisograptus cf. matanensis,1
Cornuodus longibasis,Bryograptus divergens,1
Cornuodus longibasis,Bryograptus kjerulfi cumbrensis,1
Cornuodus longibasis,Bryograptus lapworthi,1
Cornuodus longibasis,Rhabdinopora flabelliforme cf. anglica,1
Cornuodus longibasis,Rhabdinopora flabelliforme flabelliforme,1
Cornuodus longibasis,Rhabdinopora flabelliforme multithecatum,1
Cornuodus longibasis,Rhabdinopora flabelliformis socialis,1
Cornuodus longibasis,Rhabdinopora flabelliformis canadenisis,1
Cornuodus longibasis,Rhabdinopora flabelliforme norvegicum,1
Cornuodus longibasis,Acrograptus nicholsoni,1
Cornuodus longibasis,Adelograptus sp.,1
Cornuodus longibasis,Azygograptus eivionicus,1
Cornuodus longibasis,Azygograptus sp.,1
Cornuodus longibasis,Etagraptus putillus,1
Cornuodus longibasis,Hermannograptus sp.,1
Cornuodus longibasis,Isograptus caduceus arcuatus,1
Cornuodus longibasis,Isograptus caduceus gracilis,1
Cornuodus longibasis,Isograptus furcula,1
Cornuodus longibasis,Pterograptus sp.,1
Cornuodus longibasis,Schizograptus sp.,1
Cornuodus longibasis,Temnograptus multiflex,1
Cornuodus longibasis,Temnograptus cf. noveboracensis,1
Cornuodus longibasis,Temnograptus ramulus,1
Cornuodus longibasis,Adelograptus tenellus,1
Cornuodus longibasis,Choristograptus louai,1
Cornuodus longibasis,Ancoragraptus bulmani,1
Cornuodus longibasis,?Cymatograptus protobalticus,1
Cornuodus longibasis,?Baltograptus jacksoni,1
Cornuodus longibasis,Baltograptus minutus,1
Cornuodus longibasis,Baltograptus deflexus,1
Cornuodus longibasis,?Baltograptus kurcki,1
Cornuodus longibasis,Expansograptus sp.,1
Cornuodus longibasis,Webbyites felix,1
Cornuodus longibasis,Rhabdopleura-like epibiont,1
Cornuodus longibasis,Drepanoistodus? cf. pervetus,1
Cornuodus longibasis,Drepanoistodus cf. forceps,1
Cornuodus longibasis,Acodus deltatus,1
Cornuodus longibasis,Cornuodus longibasis,1
Cornuodus longibasis,Drepanodus arcuatus,1
Cornuodus longibasis,Paltodus cf. inaequalis,1
Cornuodus longibasis,Parapaltodus aff. flexuosus,1
Cornuodus longibasis,Parapaltodus aff. simplicissimus,1
Cornuodus longibasis,Paroistodus cf. proteus,1
Cornuodus longibasis,Paroistodus cf. parallellus,1
Cornuodus longibasis,Periodon cf. selenopsis,1
Cornuodus longibasis,Periodon cf. primus,1
Cornuodus longibasis,Prioniodus sp.,1
Cornuodus longibasis,Prioniodus cf. gilberti,1
Cornuodus longibasis,Protopanderodus cf. leonardii,1
Cornuodus longibasis,Scalpellodus aff. gracilis,1
Cornuodus longibasis,Scolopodus aff. krummi,1
Cornuodus longibasis,Semiacontiodus sp.,1
Cornuodus longibasis,Semiacontiodus cf. cornuformis,1
Cornuodus longibasis,Stolodus cf. stola,1
Cornuodus longibasis,Tripodus sp.,1
Cornuodus longibasis,Tripodus aff. Laevis,1
Cornuodus longibasis,Tropodus sp.,1
Cornuodus longibasis,Tropodus cf. sweeti,1
Drepanodus arcuatus,Benthic detritus,1
Drepanodus arcuatus,Zooplankton,1
Drepanodus arcuatus,Bryozoan,1
Drepanodus arcuatus,Halkieriid,1
Drepanodus arcuatus,Calvapilosa kroegeri,1
Drepanodus arcuatus,Plumulites bengtsoni,1
Drepanodus arcuatus,Large plumulitid,1
Drepanodus arcuatus,Possible phyllodocid,1
Drepanodus arcuatus,Palaeoscolex cf. tenensis,1
Drepanodus arcuatus,Priapulid,1
Drepanodus arcuatus,Large taxon with spinose limbs,1
Drepanodus arcuatus,Small taxon with spinose limbs,1
Drepanodus arcuatus,Clonograptus rigidus,1
Drepanodus arcuatus,Clonograptus flexibilis,1
Drepanodus arcuatus,Clonograptus flexilis,1
Drepanodus arcuatus,Clonograptus persistens,1
Drepanodus arcuatus,Clonograptus multiplex,1
Drepanodus arcuatus,Didymograptus cf. arcuatus,1
Drepanodus arcuatus,Didymograptus deflexus,1
Drepanodus arcuatus,Didymograptus extensus,1
Drepanodus arcuatus,Didymograptus v-fractus,1
Drepanodus arcuatus,Didymograptus intendus,1
Drepanodus arcuatus,Didymograptus pennatulus,1
Drepanodus arcuatus,Didymograptus nanus,1
Drepanodus arcuatus,Didymograptus nitidus,1
Drepanodus arcuatus,Didymograptus patulus,1
Drepanodus arcuatus,Didymograptus sparsus,1
Drepanodus arcuatus,"""Didymograptus sp. 1""",1
Drepanodus arcuatus,Didymograptus sp.,1
Drepanodus arcuatus,Didymograptid indet.,1
Drepanodus arcuatus,Dichograptidae?,1
Drepanodus arcuatus,Hunnegraptus copiosus,1
Drepanodus arcuatus, 'Kiaerograptus' supremus,1
Drepanodus arcuatus,Koremagraptus sp.,1
Drepanodus arcuatus,Paradelograptus norvegicus,1
Drepanodus arcuatus,Paradelograptus tenuis,1
Drepanodus arcuatus,Paratemnograptus magnificus,1
Drepanodus arcuatus,Tetragraptus cf. approximatus,1
Drepanodus arcuatus,Tetragraptus quadribrachiatus,1
Drepanodus arcuatus,Tetragraptus reclinatus,1
Drepanodus arcuatus,Tetragraptus serra,1
Drepanodus arcuatus,Tetragraptus tornquisti,1
Drepanodus arcuatus, 'Tetragraptus' bulmani,1
Drepanodus arcuatus,Tetragraptus sp.,1
Drepanodus arcuatus,Araneograptus murrayi,1
Drepanodus arcuatus,Dictyonema sp.,1
Drepanodus arcuatus,Tuboid,1
Drepanodus arcuatus,Anisograptus cf. matanensis,1
Drepanodus arcuatus,Bryograptus divergens,1
Drepanodus arcuatus,Bryograptus kjerulfi cumbrensis,1
Drepanodus arcuatus,Bryograptus lapworthi,1
Drepanodus arcuatus,Rhabdinopora flabelliforme cf. anglica,1
Drepanodus arcuatus,Rhabdinopora flabelliforme flabelliforme,1
Drepanodus arcuatus,Rhabdinopora flabelliforme multithecatum,1
Drepanodus arcuatus,Rhabdinopora flabelliformis socialis,1
Drepanodus arcuatus,Rhabdinopora flabelliformis canadenisis,1
Drepanodus arcuatus,Rhabdinopora flabelliforme norvegicum,1
Drepanodus arcuatus,Acrograptus nicholsoni,1
Drepanodus arcuatus,Adelograptus sp.,1
Drepanodus arcuatus,Azygograptus eivionicus,1
Drepanodus arcuatus,Azygograptus sp.,1
Drepanodus arcuatus,Etagraptus putillus,1
Drepanodus arcuatus,Hermannograptus sp.,1
Drepanodus arcuatus,Isograptus caduceus arcuatus,1
Drepanodus arcuatus,Isograptus caduceus gracilis,1
Drepanodus arcuatus,Isograptus furcula,1
Drepanodus arcuatus,Pterograptus sp.,1
Drepanodus arcuatus,Schizograptus sp.,1
Drepanodus arcuatus,Temnograptus multiflex,1
Drepanodus arcuatus,Temnograptus cf. noveboracensis,1
Drepanodus arcuatus,Temnograptus ramulus,1
Drepanodus arcuatus,Adelograptus tenellus,1
Drepanodus arcuatus,Choristograptus louai,1
Drepanodus arcuatus,Ancoragraptus bulmani,1
Drepanodus arcuatus,?Cymatograptus protobalticus,1
Drepanodus arcuatus,?Baltograptus jacksoni,1
Drepanodus arcuatus,Baltograptus minutus,1
Drepanodus arcuatus,Baltograptus deflexus,1
Drepanodus arcuatus,?Baltograptus kurcki,1
Drepanodus arcuatus,Expansograptus sp.,1
Drepanodus arcuatus,Webbyites felix,1
Drepanodus arcuatus,Rhabdopleura-like epibiont,1
Drepanodus arcuatus,Drepanoistodus? cf. pervetus,1
Drepanodus arcuatus,Drepanoistodus cf. forceps,1
Drepanodus arcuatus,Acodus deltatus,1
Drepanodus arcuatus,Cornuodus longibasis,1
Drepanodus arcuatus,Drepanodus arcuatus,1
Drepanodus arcuatus,Paltodus cf. inaequalis,1
Drepanodus arcuatus,Parapaltodus aff. flexuosus,1
Drepanodus arcuatus,Parapaltodus aff. simplicissimus,1
Drepanodus arcuatus,Paroistodus cf. proteus,1
Drepanodus arcuatus,Paroistodus cf. parallellus,1
Drepanodus arcuatus,Periodon cf. selenopsis,1
Drepanodus arcuatus,Periodon cf. primus,1
Drepanodus arcuatus,Prioniodus sp.,1
Drepanodus arcuatus,Prioniodus cf. gilberti,1
Drepanodus arcuatus,Protopanderodus cf. leonardii,1
Drepanodus arcuatus,Scalpellodus aff. gracilis,1
Drepanodus arcuatus,Scolopodus aff. krummi,1
Drepanodus arcuatus,Semiacontiodus sp.,1
Drepanodus arcuatus,Semiacontiodus cf. cornuformis,1
Drepanodus arcuatus,Stolodus cf. stola,1
Drepanodus arcuatus,Tripodus sp.,1
Drepanodus arcuatus,Tripodus aff. Laevis,1
Drepanodus arcuatus,Tropodus sp.,1
Drepanodus arcuatus,Tropodus cf. sweeti,1
Paltodus cf. inaequalis,Benthic detritus,1
Paltodus cf. inaequalis,Zooplankton,1
Paltodus cf. inaequalis,Bryozoan,1
Paltodus cf. inaequalis,Halkieriid,1
Paltodus cf. inaequalis,Calvapilosa kroegeri,1
Paltodus cf. inaequalis,Plumulites bengtsoni,1
Paltodus cf. inaequalis,Large plumulitid,1
Paltodus cf. inaequalis,Possible phyllodocid,1
Paltodus cf. inaequalis,Palaeoscolex cf. tenensis,1
Paltodus cf. inaequalis,Priapulid,1
Paltodus cf. inaequalis,Large taxon with spinose limbs,1
Paltodus cf. inaequalis,Small taxon with spinose limbs,1
Paltodus cf. inaequalis,Clonograptus rigidus,1
Paltodus cf. inaequalis,Clonograptus flexibilis,1
Paltodus cf. inaequalis,Clonograptus flexilis,1
Paltodus cf. inaequalis,Clonograptus persistens,1
Paltodus cf. inaequalis,Clonograptus multiplex,1
Paltodus cf. inaequalis,Didymograptus cf. arcuatus,1
Paltodus cf. inaequalis,Didymograptus deflexus,1
Paltodus cf. inaequalis,Didymograptus extensus,1
Paltodus cf. inaequalis,Didymograptus v-fractus,1
Paltodus cf. inaequalis,Didymograptus intendus,1
Paltodus cf. inaequalis,Didymograptus pennatulus,1
Paltodus cf. inaequalis,Didymograptus nanus,1
Paltodus cf. inaequalis,Didymograptus nitidus,1
Paltodus cf. inaequalis,Didymograptus patulus,1
Paltodus cf. inaequalis,Didymograptus sparsus,1
Paltodus cf. inaequalis,"""Didymograptus sp. 1""",1
Paltodus cf. inaequalis,Didymograptus sp.,1
Paltodus cf. inaequalis,Didymograptid indet.,1
Paltodus cf. inaequalis,Dichograptidae?,1
Paltodus cf. inaequalis,Hunnegraptus copiosus,1
Paltodus cf. inaequalis, 'Kiaerograptus' supremus,1
Paltodus cf. inaequalis,Koremagraptus sp.,1
Paltodus cf. inaequalis,Paradelograptus norvegicus,1
Paltodus cf. inaequalis,Paradelograptus tenuis,1
Paltodus cf. inaequalis,Paratemnograptus magnificus,1
Paltodus cf. inaequalis,Tetragraptus cf. approximatus,1
Paltodus cf. inaequalis,Tetragraptus quadribrachiatus,1
Paltodus cf. inaequalis,Tetragraptus reclinatus,1
Paltodus cf. inaequalis,Tetragraptus serra,1
Paltodus cf. inaequalis,Tetragraptus tornquisti,1
Paltodus cf. inaequalis, 'Tetragraptus' bulmani,1
Paltodus cf. inaequalis,Tetragraptus sp.,1
Paltodus cf. inaequalis,Araneograptus murrayi,1
Paltodus cf. inaequalis,Dictyonema sp.,1
Paltodus cf. inaequalis,Tuboid,1
Paltodus cf. inaequalis,Anisograptus cf. matanensis,1
Paltodus cf. inaequalis,Bryograptus divergens,1
Paltodus cf. inaequalis,Bryograptus kjerulfi cumbrensis,1
Paltodus cf. inaequalis,Bryograptus lapworthi,1
Paltodus cf. inaequalis,Rhabdinopora flabelliforme cf. anglica,1
Paltodus cf. inaequalis,Rhabdinopora flabelliforme flabelliforme,1
Paltodus cf. inaequalis,Rhabdinopora flabelliforme multithecatum,1
Paltodus cf. inaequalis,Rhabdinopora flabelliformis socialis,1
Paltodus cf. inaequalis,Rhabdinopora flabelliformis canadenisis,1
Paltodus cf. inaequalis,Rhabdinopora flabelliforme norvegicum,1
Paltodus cf. inaequalis,Acrograptus nicholsoni,1
Paltodus cf. inaequalis,Adelograptus sp.,1
Paltodus cf. inaequalis,Azygograptus eivionicus,1
Paltodus cf. inaequalis,Azygograptus sp.,1
Paltodus cf. inaequalis,Etagraptus putillus,1
Paltodus cf. inaequalis,Hermannograptus sp.,1
Paltodus cf. inaequalis,Isograptus caduceus arcuatus,1
Paltodus cf. inaequalis,Isograptus caduceus gracilis,1
Paltodus cf. inaequalis,Isograptus furcula,1
Paltodus cf. inaequalis,Pterograptus sp.,1
Paltodus cf. inaequalis,Schizograptus sp.,1
Paltodus cf. inaequalis,Temnograptus multiflex,1
Paltodus cf. inaequalis,Temnograptus cf. noveboracensis,1
Paltodus cf. inaequalis,Temnograptus ramulus,1
Paltodus cf. inaequalis,Adelograptus tenellus,1
Paltodus cf. inaequalis,Choristograptus louai,1
Paltodus cf. inaequalis,Ancoragraptus bulmani,1
Paltodus cf. inaequalis,?Cymatograptus protobalticus,1
Paltodus cf. inaequalis,?Baltograptus jacksoni,1
Paltodus cf. inaequalis,Baltograptus minutus,1
Paltodus cf. inaequalis,Baltograptus deflexus,1
Paltodus cf. inaequalis,?Baltograptus kurcki,1
Paltodus cf. inaequalis,Expansograptus sp.,1
Paltodus cf. inaequalis,Webbyites felix,1
Paltodus cf. inaequalis,Rhabdopleura-like epibiont,1
Paltodus cf. inaequalis,Drepanoistodus? cf. pervetus,1
Paltodus cf. inaequalis,Drepanoistodus cf. forceps,1
Paltodus cf. inaequalis,Acodus deltatus,1
Paltodus cf. inaequalis,Cornuodus longibasis,1
Paltodus cf. inaequalis,Drepanodus arcuatus,1
Paltodus cf. inaequalis,Paltodus cf. inaequalis,1
Paltodus cf. inaequalis,Parapaltodus aff. flexuosus,1
Paltodus cf. inaequalis,Parapaltodus aff. simplicissimus,1
Paltodus cf. inaequalis,Paroistodus cf. proteus,1
Paltodus cf. inaequalis,Paroistodus cf. parallellus,1
Paltodus cf. inaequalis,Periodon cf. selenopsis,1
Paltodus cf. inaequalis,Periodon cf. primus,1
Paltodus cf. inaequalis,Prioniodus sp.,1
Paltodus cf. inaequalis,Prioniodus cf. gilberti,1
Paltodus cf. inaequalis,Protopanderodus cf. leonardii,1
Paltodus cf. inaequalis,Scalpellodus aff. gracilis,1
Paltodus cf. inaequalis,Scolopodus aff. krummi,1
Paltodus cf. inaequalis,Semiacontiodus sp.,1
Paltodus cf. inaequalis,Semiacontiodus cf. cornuformis,1
Paltodus cf. inaequalis,Stolodus cf. stola,1
Paltodus cf. inaequalis,Tripodus sp.,1
Paltodus cf. inaequalis,Tripodus aff. Laevis,1
Paltodus cf. inaequalis,Tropodus sp.,1
Paltodus cf. inaequalis,Tropodus cf. sweeti,1
Parapaltodus aff. flexuosus,Benthic detritus,1
Parapaltodus aff. flexuosus,Zooplankton,1
Parapaltodus aff. flexuosus,Bryozoan,1
Parapaltodus aff. flexuosus,Halkieriid,1
Parapaltodus aff. flexuosus,Calvapilosa kroegeri,1
Parapaltodus aff. flexuosus,Plumulites bengtsoni,1
Parapaltodus aff. flexuosus,Large plumulitid,1
Parapaltodus aff. flexuosus,Possible phyllodocid,1
Parapaltodus aff. flexuosus,Palaeoscolex cf. tenensis,1
Parapaltodus aff. flexuosus,Priapulid,1
Parapaltodus aff. flexuosus,Large taxon with spinose limbs,1
Parapaltodus aff. flexuosus,Small taxon with spinose limbs,1
Parapaltodus aff. flexuosus,Clonograptus rigidus,1
Parapaltodus aff. flexuosus,Clonograptus flexibilis,1
Parapaltodus aff. flexuosus,Clonograptus flexilis,1
Parapaltodus aff. flexuosus,Clonograptus persistens,1
Parapaltodus aff. flexuosus,Clonograptus multiplex,1
Parapaltodus aff. flexuosus,Didymograptus cf. arcuatus,1
Parapaltodus aff. flexuosus,Didymograptus deflexus,1
Parapaltodus aff. flexuosus,Didymograptus extensus,1
Parapaltodus aff. flexuosus,Didymograptus v-fractus,1
Parapaltodus aff. flexuosus,Didymograptus intendus,1
Parapaltodus aff. flexuosus,Didymograptus pennatulus,1
Parapaltodus aff. flexuosus,Didymograptus nanus,1
Parapaltodus aff. flexuosus,Didymograptus nitidus,1
Parapaltodus aff. flexuosus,Didymograptus patulus,1
Parapaltodus aff. flexuosus,Didymograptus sparsus,1
Parapaltodus aff. flexuosus,"""Didymograptus sp. 1""",1
Parapaltodus aff. flexuosus,Didymograptus sp.,1
Parapaltodus aff. flexuosus,Didymograptid indet.,1
Parapaltodus aff. flexuosus,Dichograptidae?,1
Parapaltodus aff. flexuosus,Hunnegraptus copiosus,1
Parapaltodus aff. flexuosus, 'Kiaerograptus' supremus,1
Parapaltodus aff. flexuosus,Koremagraptus sp.,1
Parapaltodus aff. flexuosus,Paradelograptus norvegicus,1
Parapaltodus aff. flexuosus,Paradelograptus tenuis,1
Parapaltodus aff. flexuosus,Paratemnograptus magnificus,1
Parapaltodus aff. flexuosus,Tetragraptus cf. approximatus,1
Parapaltodus aff. flexuosus,Tetragraptus quadribrachiatus,1
Parapaltodus aff. flexuosus,Tetragraptus reclinatus,1
Parapaltodus aff. flexuosus,Tetragraptus serra,1
Parapaltodus aff. flexuosus,Tetragraptus tornquisti,1
Parapaltodus aff. flexuosus, 'Tetragraptus' bulmani,1
Parapaltodus aff. flexuosus,Tetragraptus sp.,1
Parapaltodus aff. flexuosus,Araneograptus murrayi,1
Parapaltodus aff. flexuosus,Dictyonema sp.,1
Parapaltodus aff. flexuosus,Tuboid,1
Parapaltodus aff. flexuosus,Anisograptus cf. matanensis,1
Parapaltodus aff. flexuosus,Bryograptus divergens,1
Parapaltodus aff. flexuosus,Bryograptus kjerulfi cumbrensis,1
Parapaltodus aff. flexuosus,Bryograptus lapworthi,1
Parapaltodus aff. flexuosus,Rhabdinopora flabelliforme cf. anglica,1
Parapaltodus aff. flexuosus,Rhabdinopora flabelliforme flabelliforme,1
Parapaltodus aff. flexuosus,Rhabdinopora flabelliforme multithecatum,1
Parapaltodus aff. flexuosus,Rhabdinopora flabelliformis socialis,1
Parapaltodus aff. flexuosus,Rhabdinopora flabelliformis canadenisis,1
Parapaltodus aff. flexuosus,Rhabdinopora flabelliforme norvegicum,1
Parapaltodus aff. flexuosus,Acrograptus nicholsoni,1
Parapaltodus aff. flexuosus,Adelograptus sp.,1
Parapaltodus aff. flexuosus,Azygograptus eivionicus,1
Parapaltodus aff. flexuosus,Azygograptus sp.,1
Parapaltodus aff. flexuosus,Etagraptus putillus,1
Parapaltodus aff. flexuosus,Hermannograptus sp.,1
Parapaltodus aff. flexuosus,Isograptus caduceus arcuatus,1
Parapaltodus aff. flexuosus,Isograptus caduceus gracilis,1
Parapaltodus aff. flexuosus,Isograptus furcula,1
Parapaltodus aff. flexuosus,Pterograptus sp.,1
Parapaltodus aff. flexuosus,Schizograptus sp.,1
Parapaltodus aff. flexuosus,Temnograptus multiflex,1
Parapaltodus aff. flexuosus,Temnograptus cf. noveboracensis,1
Parapaltodus aff. flexuosus,Temnograptus ramulus,1
Parapaltodus aff. flexuosus,Adelograptus tenellus,1
Parapaltodus aff. flexuosus,Choristograptus louai,1
Parapaltodus aff. flexuosus,Ancoragraptus bulmani,1
Parapaltodus aff. flexuosus,?Cymatograptus protobalticus,1
Parapaltodus aff. flexuosus,?Baltograptus jacksoni,1
Parapaltodus aff. flexuosus,Baltograptus minutus,1
Parapaltodus aff. flexuosus,Baltograptus deflexus,1
Parapaltodus aff. flexuosus,?Baltograptus kurcki,1
Parapaltodus aff. flexuosus,Expansograptus sp.,1
Parapaltodus aff. flexuosus,Webbyites felix,1
Parapaltodus aff. flexuosus,Rhabdopleura-like epibiont,1
Parapaltodus aff. flexuosus,Drepanoistodus? cf. pervetus,1
Parapaltodus aff. flexuosus,Drepanoistodus cf. forceps,1
Parapaltodus aff. flexuosus,Acodus deltatus,1
Parapaltodus aff. flexuosus,Cornuodus longibasis,1
Parapaltodus aff. flexuosus,Drepanodus arcuatus,1
Parapaltodus aff. flexuosus,Paltodus cf. inaequalis,1
Parapaltodus aff. flexuosus,Parapaltodus aff. flexuosus,1
Parapaltodus aff. flexuosus,Parapaltodus aff. simplicissimus,1
Parapaltodus aff. flexuosus,Paroistodus cf. proteus,1
Parapaltodus aff. flexuosus,Paroistodus cf. parallellus,1
Parapaltodus aff. flexuosus,Periodon cf. selenopsis,1
Parapaltodus aff. flexuosus,Periodon cf. primus,1
Parapaltodus aff. flexuosus,Prioniodus sp.,1
Parapaltodus aff. flexuosus,Prioniodus cf. gilberti,1
Parapaltodus aff. flexuosus,Protopanderodus cf. leonardii,1
Parapaltodus aff. flexuosus,Scalpellodus aff. gracilis,1
Parapaltodus aff. flexuosus,Scolopodus aff. krummi,1
Parapaltodus aff. flexuosus,Semiacontiodus sp.,1
Parapaltodus aff. flexuosus,Semiacontiodus cf. cornuformis,1
Parapaltodus aff. flexuosus,Stolodus cf. stola,1
Parapaltodus aff. flexuosus,Tripodus sp.,1
Parapaltodus aff. flexuosus,Tripodus aff. Laevis,1
Parapaltodus aff. flexuosus,Tropodus sp.,1
Parapaltodus aff. flexuosus,Tropodus cf. sweeti,1
Parapaltodus aff. simplicissimus,Benthic detritus,1
Parapaltodus aff. simplicissimus,Zooplankton,1
Parapaltodus aff. simplicissimus,Bryozoan,1
Parapaltodus aff. simplicissimus,Halkieriid,1
Parapaltodus aff. simplicissimus,Calvapilosa kroegeri,1
Parapaltodus aff. simplicissimus,Plumulites bengtsoni,1
Parapaltodus aff. simplicissimus,Large plumulitid,1
Parapaltodus aff. simplicissimus,Possible phyllodocid,1
Parapaltodus aff. simplicissimus,Palaeoscolex cf. tenensis,1
Parapaltodus aff. simplicissimus,Priapulid,1
Parapaltodus aff. simplicissimus,Large taxon with spinose limbs,1
Parapaltodus aff. simplicissimus,Small taxon with spinose limbs,1
Parapaltodus aff. simplicissimus,Clonograptus rigidus,1
Parapaltodus aff. simplicissimus,Clonograptus flexibilis,1
Parapaltodus aff. simplicissimus,Clonograptus flexilis,1
Parapaltodus aff. simplicissimus,Clonograptus persistens,1
Parapaltodus aff. simplicissimus,Clonograptus multiplex,1
Parapaltodus aff. simplicissimus,Didymograptus cf. arcuatus,1
Parapaltodus aff. simplicissimus,Didymograptus deflexus,1
Parapaltodus aff. simplicissimus,Didymograptus extensus,1
Parapaltodus aff. simplicissimus,Didymograptus v-fractus,1
Parapaltodus aff. simplicissimus,Didymograptus intendus,1
Parapaltodus aff. simplicissimus,Didymograptus pennatulus,1
Parapaltodus aff. simplicissimus,Didymograptus nanus,1
Parapaltodus aff. simplicissimus,Didymograptus nitidus,1
Parapaltodus aff. simplicissimus,Didymograptus patulus,1
Parapaltodus aff. simplicissimus,Didymograptus sparsus,1
Parapaltodus aff. simplicissimus,"""Didymograptus sp. 1""",1
Parapaltodus aff. simplicissimus,Didymograptus sp.,1
Parapaltodus aff. simplicissimus,Didymograptid indet.,1
Parapaltodus aff. simplicissimus,Dichograptidae?,1
Parapaltodus aff. simplicissimus,Hunnegraptus copiosus,1
Parapaltodus aff. simplicissimus, 'Kiaerograptus' supremus,1
Parapaltodus aff. simplicissimus,Koremagraptus sp.,1
Parapaltodus aff. simplicissimus,Paradelograptus norvegicus,1
Parapaltodus aff. simplicissimus,Paradelograptus tenuis,1
Parapaltodus aff. simplicissimus,Paratemnograptus magnificus,1
Parapaltodus aff. simplicissimus,Tetragraptus cf. approximatus,1
Parapaltodus aff. simplicissimus,Tetragraptus quadribrachiatus,1
Parapaltodus aff. simplicissimus,Tetragraptus reclinatus,1
Parapaltodus aff. simplicissimus,Tetragraptus serra,1
Parapaltodus aff. simplicissimus,Tetragraptus tornquisti,1
Parapaltodus aff. simplicissimus, 'Tetragraptus' bulmani,1
Parapaltodus aff. simplicissimus,Tetragraptus sp.,1
Parapaltodus aff. simplicissimus,Araneograptus murrayi,1
Parapaltodus aff. simplicissimus,Dictyonema sp.,1
Parapaltodus aff. simplicissimus,Tuboid,1
Parapaltodus aff. simplicissimus,Anisograptus cf. matanensis,1
Parapaltodus aff. simplicissimus,Bryograptus divergens,1
Parapaltodus aff. simplicissimus,Bryograptus kjerulfi cumbrensis,1
Parapaltodus aff. simplicissimus,Bryograptus lapworthi,1
Parapaltodus aff. simplicissimus,Rhabdinopora flabelliforme cf. anglica,1
Parapaltodus aff. simplicissimus,Rhabdinopora flabelliforme flabelliforme,1
Parapaltodus aff. simplicissimus,Rhabdinopora flabelliforme multithecatum,1
Parapaltodus aff. simplicissimus,Rhabdinopora flabelliformis socialis,1
Parapaltodus aff. simplicissimus,Rhabdinopora flabelliformis canadenisis,1
Parapaltodus aff. simplicissimus,Rhabdinopora flabelliforme norvegicum,1
Parapaltodus aff. simplicissimus,Acrograptus nicholsoni,1
Parapaltodus aff. simplicissimus,Adelograptus sp.,1
Parapaltodus aff. simplicissimus,Azygograptus eivionicus,1
Parapaltodus aff. simplicissimus,Azygograptus sp.,1
Parapaltodus aff. simplicissimus,Etagraptus putillus,1
Parapaltodus aff. simplicissimus,Hermannograptus sp.,1
Parapaltodus aff. simplicissimus,Isograptus caduceus arcuatus,1
Parapaltodus aff. simplicissimus,Isograptus caduceus gracilis,1
Parapaltodus aff. simplicissimus,Isograptus furcula,1
Parapaltodus aff. simplicissimus,Pterograptus sp.,1
Parapaltodus aff. simplicissimus,Schizograptus sp.,1
Parapaltodus aff. simplicissimus,Temnograptus multiflex,1
Parapaltodus aff. simplicissimus,Temnograptus cf. noveboracensis,1
Parapaltodus aff. simplicissimus,Temnograptus ramulus,1
Parapaltodus aff. simplicissimus,Adelograptus tenellus,1
Parapaltodus aff. simplicissimus,Choristograptus louai,1
Parapaltodus aff. simplicissimus,Ancoragraptus bulmani,1
Parapaltodus aff. simplicissimus,?Cymatograptus protobalticus,1
Parapaltodus aff. simplicissimus,?Baltograptus jacksoni,1
Parapaltodus aff. simplicissimus,Baltograptus minutus,1
Parapaltodus aff. simplicissimus,Baltograptus deflexus,1
Parapaltodus aff. simplicissimus,?Baltograptus kurcki,1
Parapaltodus aff. simplicissimus,Expansograptus sp.,1
Parapaltodus aff. simplicissimus,Webbyites felix,1
Parapaltodus aff. simplicissimus,Rhabdopleura-like epibiont,1
Parapaltodus aff. simplicissimus,Drepanoistodus? cf. pervetus,1
Parapaltodus aff. simplicissimus,Drepanoistodus cf. forceps,1
Parapaltodus aff. simplicissimus,Acodus deltatus,1
Parapaltodus aff. simplicissimus,Cornuodus longibasis,1
Parapaltodus aff. simplicissimus,Drepanodus arcuatus,1
Parapaltodus aff. simplicissimus,Paltodus cf. inaequalis,1
Parapaltodus aff. simplicissimus,Parapaltodus aff. flexuosus,1
Parapaltodus aff. simplicissimus,Parapaltodus aff. simplicissimus,1
Parapaltodus aff. simplicissimus,Paroistodus cf. proteus,1
Parapaltodus aff. simplicissimus,Paroistodus cf. parallellus,1
Parapaltodus aff. simplicissimus,Periodon cf. selenopsis,1
Parapaltodus aff. simplicissimus,Periodon cf. primus,1
Parapaltodus aff. simplicissimus,Prioniodus sp.,1
Parapaltodus aff. simplicissimus,Prioniodus cf. gilberti,1
Parapaltodus aff. simplicissimus,Protopanderodus cf. leonardii,1
Parapaltodus aff. simplicissimus,Scalpellodus aff. gracilis,1
Parapaltodus aff. simplicissimus,Scolopodus aff. krummi,1
Parapaltodus aff. simplicissimus,Semiacontiodus sp.,1
Parapaltodus aff. simplicissimus,Semiacontiodus cf. cornuformis,1
Parapaltodus aff. simplicissimus,Stolodus cf. stola,1
Parapaltodus aff. simplicissimus,Tripodus sp.,1
Parapaltodus aff. simplicissimus,Tripodus aff. Laevis,1
Parapaltodus aff. simplicissimus,Tropodus sp.,1
Parapaltodus aff. simplicissimus,Tropodus cf. sweeti,1
Paroistodus cf. proteus,Benthic detritus,1
Paroistodus cf. proteus,Zooplankton,1
Paroistodus cf. proteus,Bryozoan,1
Paroistodus cf. proteus,Halkieriid,1
Paroistodus cf. proteus,Calvapilosa kroegeri,1
Paroistodus cf. proteus,Plumulites bengtsoni,1
Paroistodus cf. proteus,Large plumulitid,1
Paroistodus cf. proteus,Possible phyllodocid,1
Paroistodus cf. proteus,Palaeoscolex cf. tenensis,1
Paroistodus cf. proteus,Priapulid,1
Paroistodus cf. proteus,Large taxon with spinose limbs,1
Paroistodus cf. proteus,Small taxon with spinose limbs,1
Paroistodus cf. proteus,Clonograptus rigidus,1
Paroistodus cf. proteus,Clonograptus flexibilis,1
Paroistodus cf. proteus,Clonograptus flexilis,1
Paroistodus cf. proteus,Clonograptus persistens,1
Paroistodus cf. proteus,Clonograptus multiplex,1
Paroistodus cf. proteus,Didymograptus cf. arcuatus,1
Paroistodus cf. proteus,Didymograptus deflexus,1
Paroistodus cf. proteus,Didymograptus extensus,1
Paroistodus cf. proteus,Didymograptus v-fractus,1
Paroistodus cf. proteus,Didymograptus intendus,1
Paroistodus cf. proteus,Didymograptus pennatulus,1
Paroistodus cf. proteus,Didymograptus nanus,1
Paroistodus cf. proteus,Didymograptus nitidus,1
Paroistodus cf. proteus,Didymograptus patulus,1
Paroistodus cf. proteus,Didymograptus sparsus,1
Paroistodus cf. proteus,"""Didymograptus sp. 1""",1
Paroistodus cf. proteus,Didymograptus sp.,1
Paroistodus cf. proteus,Didymograptid indet.,1
Paroistodus cf. proteus,Dichograptidae?,1
Paroistodus cf. proteus,Hunnegraptus copiosus,1
Paroistodus cf. proteus, 'Kiaerograptus' supremus,1
Paroistodus cf. proteus,Koremagraptus sp.,1
Paroistodus cf. proteus,Paradelograptus norvegicus,1
Paroistodus cf. proteus,Paradelograptus tenuis,1
Paroistodus cf. proteus,Paratemnograptus magnificus,1
Paroistodus cf. proteus,Tetragraptus cf. approximatus,1
Paroistodus cf. proteus,Tetragraptus quadribrachiatus,1
Paroistodus cf. proteus,Tetragraptus reclinatus,1
Paroistodus cf. proteus,Tetragraptus serra,1
Paroistodus cf. proteus,Tetragraptus tornquisti,1
Paroistodus cf. proteus, 'Tetragraptus' bulmani,1
Paroistodus cf. proteus,Tetragraptus sp.,1
Paroistodus cf. proteus,Araneograptus murrayi,1
Paroistodus cf. proteus,Dictyonema sp.,1
Paroistodus cf. proteus,Tuboid,1
Paroistodus cf. proteus,Anisograptus cf. matanensis,1
Paroistodus cf. proteus,Bryograptus divergens,1
Paroistodus cf. proteus,Bryograptus kjerulfi cumbrensis,1
Paroistodus cf. proteus,Bryograptus lapworthi,1
Paroistodus cf. proteus,Rhabdinopora flabelliforme cf. anglica,1
Paroistodus cf. proteus,Rhabdinopora flabelliforme flabelliforme,1
Paroistodus cf. proteus,Rhabdinopora flabelliforme multithecatum,1
Paroistodus cf. proteus,Rhabdinopora flabelliformis socialis,1
Paroistodus cf. proteus,Rhabdinopora flabelliformis canadenisis,1
Paroistodus cf. proteus,Rhabdinopora flabelliforme norvegicum,1
Paroistodus cf. proteus,Acrograptus nicholsoni,1
Paroistodus cf. proteus,Adelograptus sp.,1
Paroistodus cf. proteus,Azygograptus eivionicus,1
Paroistodus cf. proteus,Azygograptus sp.,1
Paroistodus cf. proteus,Etagraptus putillus,1
Paroistodus cf. proteus,Hermannograptus sp.,1
Paroistodus cf. proteus,Isograptus caduceus arcuatus,1
Paroistodus cf. proteus,Isograptus caduceus gracilis,1
Paroistodus cf. proteus,Isograptus furcula,1
Paroistodus cf. proteus,Pterograptus sp.,1
Paroistodus cf. proteus,Schizograptus sp.,1
Paroistodus cf. proteus,Temnograptus multiflex,1
Paroistodus cf. proteus,Temnograptus cf. noveboracensis,1
Paroistodus cf. proteus,Temnograptus ramulus,1
Paroistodus cf. proteus,Adelograptus tenellus,1
Paroistodus cf. proteus,Choristograptus louai,1
Paroistodus cf. proteus,Ancoragraptus bulmani,1
Paroistodus cf. proteus,?Cymatograptus protobalticus,1
Paroistodus cf. proteus,?Baltograptus jacksoni,1
Paroistodus cf. proteus,Baltograptus minutus,1
Paroistodus cf. proteus,Baltograptus deflexus,1
Paroistodus cf. proteus,?Baltograptus kurcki,1
Paroistodus cf. proteus,Expansograptus sp.,1
Paroistodus cf. proteus,Webbyites felix,1
Paroistodus cf. proteus,Rhabdopleura-like epibiont,1
Paroistodus cf. proteus,Drepanoistodus? cf. pervetus,1
Paroistodus cf. proteus,Drepanoistodus cf. forceps,1
Paroistodus cf. proteus,Acodus deltatus,1
Paroistodus cf. proteus,Cornuodus longibasis,1
Paroistodus cf. proteus,Drepanodus arcuatus,1
Paroistodus cf. proteus,Paltodus cf. inaequalis,1
Paroistodus cf. proteus,Parapaltodus aff. flexuosus,1
Paroistodus cf. proteus,Parapaltodus aff. simplicissimus,1
Paroistodus cf. proteus,Paroistodus cf. proteus,1
Paroistodus cf. proteus,Paroistodus cf. parallellus,1
Paroistodus cf. proteus,Periodon cf. selenopsis,1
Paroistodus cf. proteus,Periodon cf. primus,1
Paroistodus cf. proteus,Prioniodus sp.,1
Paroistodus cf. proteus,Prioniodus cf. gilberti,1
Paroistodus cf. proteus,Protopanderodus cf. leonardii,1
Paroistodus cf. proteus,Scalpellodus aff. gracilis,1
Paroistodus cf. proteus,Scolopodus aff. krummi,1
Paroistodus cf. proteus,Semiacontiodus sp.,1
Paroistodus cf. proteus,Semiacontiodus cf. cornuformis,1
Paroistodus cf. proteus,Stolodus cf. stola,1
Paroistodus cf. proteus,Tripodus sp.,1
Paroistodus cf. proteus,Tripodus aff. Laevis,1
Paroistodus cf. proteus,Tropodus sp.,1
Paroistodus cf. proteus,Tropodus cf. sweeti,1
Paroistodus cf. parallellus,Benthic detritus,1
Paroistodus cf. parallellus,Zooplankton,1
Paroistodus cf. parallellus,Bryozoan,1
Paroistodus cf. parallellus,Halkieriid,1
Paroistodus cf. parallellus,Calvapilosa kroegeri,1
Paroistodus cf. parallellus,Plumulites bengtsoni,1
Paroistodus cf. parallellus,Large plumulitid,1
Paroistodus cf. parallellus,Possible phyllodocid,1
Paroistodus cf. parallellus,Palaeoscolex cf. tenensis,1
Paroistodus cf. parallellus,Priapulid,1
Paroistodus cf. parallellus,Large taxon with spinose limbs,1
Paroistodus cf. parallellus,Small taxon with spinose limbs,1
Paroistodus cf. parallellus,Clonograptus rigidus,1
Paroistodus cf. parallellus,Clonograptus flexibilis,1
Paroistodus cf. parallellus,Clonograptus flexilis,1
Paroistodus cf. parallellus,Clonograptus persistens,1
Paroistodus cf. parallellus,Clonograptus multiplex,1
Paroistodus cf. parallellus,Didymograptus cf. arcuatus,1
Paroistodus cf. parallellus,Didymograptus deflexus,1
Paroistodus cf. parallellus,Didymograptus extensus,1
Paroistodus cf. parallellus,Didymograptus v-fractus,1
Paroistodus cf. parallellus,Didymograptus intendus,1
Paroistodus cf. parallellus,Didymograptus pennatulus,1
Paroistodus cf. parallellus,Didymograptus nanus,1
Paroistodus cf. parallellus,Didymograptus nitidus,1
Paroistodus cf. parallellus,Didymograptus patulus,1
Paroistodus cf. parallellus,Didymograptus sparsus,1
Paroistodus cf. parallellus,"""Didymograptus sp. 1""",1
Paroistodus cf. parallellus,Didymograptus sp.,1
Paroistodus cf. parallellus,Didymograptid indet.,1
Paroistodus cf. parallellus,Dichograptidae?,1
Paroistodus cf. parallellus,Hunnegraptus copiosus,1
Paroistodus cf. parallellus, 'Kiaerograptus' supremus,1
Paroistodus cf. parallellus,Koremagraptus sp.,1
Paroistodus cf. parallellus,Paradelograptus norvegicus,1
Paroistodus cf. parallellus,Paradelograptus tenuis,1
Paroistodus cf. parallellus,Paratemnograptus magnificus,1
Paroistodus cf. parallellus,Tetragraptus cf. approximatus,1
Paroistodus cf. parallellus,Tetragraptus quadribrachiatus,1
Paroistodus cf. parallellus,Tetragraptus reclinatus,1
Paroistodus cf. parallellus,Tetragraptus serra,1
Paroistodus cf. parallellus,Tetragraptus tornquisti,1
Paroistodus cf. parallellus, 'Tetragraptus' bulmani,1
Paroistodus cf. parallellus,Tetragraptus sp.,1
Paroistodus cf. parallellus,Araneograptus murrayi,1
Paroistodus cf. parallellus,Dictyonema sp.,1
Paroistodus cf. parallellus,Tuboid,1
Paroistodus cf. parallellus,Anisograptus cf. matanensis,1
Paroistodus cf. parallellus,Bryograptus divergens,1
Paroistodus cf. parallellus,Bryograptus kjerulfi cumbrensis,1
Paroistodus cf. parallellus,Bryograptus lapworthi,1
Paroistodus cf. parallellus,Rhabdinopora flabelliforme cf. anglica,1
Paroistodus cf. parallellus,Rhabdinopora flabelliforme flabelliforme,1
Paroistodus cf. parallellus,Rhabdinopora flabelliforme multithecatum,1
Paroistodus cf. parallellus,Rhabdinopora flabelliformis socialis,1
Paroistodus cf. parallellus,Rhabdinopora flabelliformis canadenisis,1
Paroistodus cf. parallellus,Rhabdinopora flabelliforme norvegicum,1
Paroistodus cf. parallellus,Acrograptus nicholsoni,1
Paroistodus cf. parallellus,Adelograptus sp.,1
Paroistodus cf. parallellus,Azygograptus eivionicus,1
Paroistodus cf. parallellus,Azygograptus sp.,1
Paroistodus cf. parallellus,Etagraptus putillus,1
Paroistodus cf. parallellus,Hermannograptus sp.,1
Paroistodus cf. parallellus,Isograptus caduceus arcuatus,1
Paroistodus cf. parallellus,Isograptus caduceus gracilis,1
Paroistodus cf. parallellus,Isograptus furcula,1
Paroistodus cf. parallellus,Pterograptus sp.,1
Paroistodus cf. parallellus,Schizograptus sp.,1
Paroistodus cf. parallellus,Temnograptus multiflex,1
Paroistodus cf. parallellus,Temnograptus cf. noveboracensis,1
Paroistodus cf. parallellus,Temnograptus ramulus,1
Paroistodus cf. parallellus,Adelograptus tenellus,1
Paroistodus cf. parallellus,Choristograptus louai,1
Paroistodus cf. parallellus,Ancoragraptus bulmani,1
Paroistodus cf. parallellus,?Cymatograptus protobalticus,1
Paroistodus cf. parallellus,?Baltograptus jacksoni,1
Paroistodus cf. parallellus,Baltograptus minutus,1
Paroistodus cf. parallellus,Baltograptus deflexus,1
Paroistodus cf. parallellus,?Baltograptus kurcki,1
Paroistodus cf. parallellus,Expansograptus sp.,1
Paroistodus cf. parallellus,Webbyites felix,1
Paroistodus cf. parallellus,Rhabdopleura-like epibiont,1
Paroistodus cf. parallellus,Drepanoistodus? cf. pervetus,1
Paroistodus cf. parallellus,Drepanoistodus cf. forceps,1
Paroistodus cf. parallellus,Acodus deltatus,1
Paroistodus cf. parallellus,Cornuodus longibasis,1
Paroistodus cf. parallellus,Drepanodus arcuatus,1
Paroistodus cf. parallellus,Paltodus cf. inaequalis,1
Paroistodus cf. parallellus,Parapaltodus aff. flexuosus,1
Paroistodus cf. parallellus,Parapaltodus aff. simplicissimus,1
Paroistodus cf. parallellus,Paroistodus cf. proteus,1
Paroistodus cf. parallellus,Paroistodus cf. parallellus,1
Paroistodus cf. parallellus,Periodon cf. selenopsis,1
Paroistodus cf. parallellus,Periodon cf. primus,1
Paroistodus cf. parallellus,Prioniodus sp.,1
Paroistodus cf. parallellus,Prioniodus cf. gilberti,1
Paroistodus cf. parallellus,Protopanderodus cf. leonardii,1
Paroistodus cf. parallellus,Scalpellodus aff. gracilis,1
Paroistodus cf. parallellus,Scolopodus aff. krummi,1
Paroistodus cf. parallellus,Semiacontiodus sp.,1
Paroistodus cf. parallellus,Semiacontiodus cf. cornuformis,1
Paroistodus cf. parallellus,Stolodus cf. stola,1
Paroistodus cf. parallellus,Tripodus sp.,1
Paroistodus cf. parallellus,Tripodus aff. Laevis,1
Paroistodus cf. parallellus,Tropodus sp.,1
Paroistodus cf. parallellus,Tropodus cf. sweeti,1
Periodon cf. selenopsis,Benthic detritus,1
Periodon cf. selenopsis,Zooplankton,1
Periodon cf. selenopsis,Bryozoan,1
Periodon cf. selenopsis,Halkieriid,1
Periodon cf. selenopsis,Calvapilosa kroegeri,1
Periodon cf. selenopsis,Plumulites bengtsoni,1
Periodon cf. selenopsis,Large plumulitid,1
Periodon cf. selenopsis,Possible phyllodocid,1
Periodon cf. selenopsis,Palaeoscolex cf. tenensis,1
Periodon cf. selenopsis,Priapulid,1
Periodon cf. selenopsis,Large taxon with spinose limbs,1
Periodon cf. selenopsis,Small taxon with spinose limbs,1
Periodon cf. selenopsis,Clonograptus rigidus,1
Periodon cf. selenopsis,Clonograptus flexibilis,1
Periodon cf. selenopsis,Clonograptus flexilis,1
Periodon cf. selenopsis,Clonograptus persistens,1
Periodon cf. selenopsis,Clonograptus multiplex,1
Periodon cf. selenopsis,Didymograptus cf. arcuatus,1
Periodon cf. selenopsis,Didymograptus deflexus,1
Periodon cf. selenopsis,Didymograptus extensus,1
Periodon cf. selenopsis,Didymograptus v-fractus,1
Periodon cf. selenopsis,Didymograptus intendus,1
Periodon cf. selenopsis,Didymograptus pennatulus,1
Periodon cf. selenopsis,Didymograptus nanus,1
Periodon cf. selenopsis,Didymograptus nitidus,1
Periodon cf. selenopsis,Didymograptus patulus,1
Periodon cf. selenopsis,Didymograptus sparsus,1
Periodon cf. selenopsis,"""Didymograptus sp. 1""",1
Periodon cf. selenopsis,Didymograptus sp.,1
Periodon cf. selenopsis,Didymograptid indet.,1
Periodon cf. selenopsis,Dichograptidae?,1
Periodon cf. selenopsis,Hunnegraptus copiosus,1
Periodon cf. selenopsis, 'Kiaerograptus' supremus,1
Periodon cf. selenopsis,Koremagraptus sp.,1
Periodon cf. selenopsis,Paradelograptus norvegicus,1
Periodon cf. selenopsis,Paradelograptus tenuis,1
Periodon cf. selenopsis,Paratemnograptus magnificus,1
Periodon cf. selenopsis,Tetragraptus cf. approximatus,1
Periodon cf. selenopsis,Tetragraptus quadribrachiatus,1
Periodon cf. selenopsis,Tetragraptus reclinatus,1
Periodon cf. selenopsis,Tetragraptus serra,1
Periodon cf. selenopsis,Tetragraptus tornquisti,1
Periodon cf. selenopsis, 'Tetragraptus' bulmani,1
Periodon cf. selenopsis,Tetragraptus sp.,1
Periodon cf. selenopsis,Araneograptus murrayi,1
Periodon cf. selenopsis,Dictyonema sp.,1
Periodon cf. selenopsis,Tuboid,1
Periodon cf. selenopsis,Anisograptus cf. matanensis,1
Periodon cf. selenopsis,Bryograptus divergens,1
Periodon cf. selenopsis,Bryograptus kjerulfi cumbrensis,1
Periodon cf. selenopsis,Bryograptus lapworthi,1
Periodon cf. selenopsis,Rhabdinopora flabelliforme cf. anglica,1
Periodon cf. selenopsis,Rhabdinopora flabelliforme flabelliforme,1
Periodon cf. selenopsis,Rhabdinopora flabelliforme multithecatum,1
Periodon cf. selenopsis,Rhabdinopora flabelliformis socialis,1
Periodon cf. selenopsis,Rhabdinopora flabelliformis canadenisis,1
Periodon cf. selenopsis,Rhabdinopora flabelliforme norvegicum,1
Periodon cf. selenopsis,Acrograptus nicholsoni,1
Periodon cf. selenopsis,Adelograptus sp.,1
Periodon cf. selenopsis,Azygograptus eivionicus,1
Periodon cf. selenopsis,Azygograptus sp.,1
Periodon cf. selenopsis,Etagraptus putillus,1
Periodon cf. selenopsis,Hermannograptus sp.,1
Periodon cf. selenopsis,Isograptus caduceus arcuatus,1
Periodon cf. selenopsis,Isograptus caduceus gracilis,1
Periodon cf. selenopsis,Isograptus furcula,1
Periodon cf. selenopsis,Pterograptus sp.,1
Periodon cf. selenopsis,Schizograptus sp.,1
Periodon cf. selenopsis,Temnograptus multiflex,1
Periodon cf. selenopsis,Temnograptus cf. noveboracensis,1
Periodon cf. selenopsis,Temnograptus ramulus,1
Periodon cf. selenopsis,Adelograptus tenellus,1
Periodon cf. selenopsis,Choristograptus louai,1
Periodon cf. selenopsis,Ancoragraptus bulmani,1
Periodon cf. selenopsis,?Cymatograptus protobalticus,1
Periodon cf. selenopsis,?Baltograptus jacksoni,1
Periodon cf. selenopsis,Baltograptus minutus,1
Periodon cf. selenopsis,Baltograptus deflexus,1
Periodon cf. selenopsis,?Baltograptus kurcki,1
Periodon cf. selenopsis,Expansograptus sp.,1
Periodon cf. selenopsis,Webbyites felix,1
Periodon cf. selenopsis,Rhabdopleura-like epibiont,1
Periodon cf. selenopsis,Drepanoistodus? cf. pervetus,1
Periodon cf. selenopsis,Drepanoistodus cf. forceps,1
Periodon cf. selenopsis,Acodus deltatus,1
Periodon cf. selenopsis,Cornuodus longibasis,1
Periodon cf. selenopsis,Drepanodus arcuatus,1
Periodon cf. selenopsis,Paltodus cf. inaequalis,1
Periodon cf. selenopsis,Parapaltodus aff. flexuosus,1
Periodon cf. selenopsis,Parapaltodus aff. simplicissimus,1
Periodon cf. selenopsis,Paroistodus cf. proteus,1
Periodon cf. selenopsis,Paroistodus cf. parallellus,1
Periodon cf. selenopsis,Periodon cf. selenopsis,1
Periodon cf. selenopsis,Periodon cf. primus,1
Periodon cf. selenopsis,Prioniodus sp.,1
Periodon cf. selenopsis,Prioniodus cf. gilberti,1
Periodon cf. selenopsis,Protopanderodus cf. leonardii,1
Periodon cf. selenopsis,Scalpellodus aff. gracilis,1
Periodon cf. selenopsis,Scolopodus aff. krummi,1
Periodon cf. selenopsis,Semiacontiodus sp.,1
Periodon cf. selenopsis,Semiacontiodus cf. cornuformis,1
Periodon cf. selenopsis,Stolodus cf. stola,1
Periodon cf. selenopsis,Tripodus sp.,1
Periodon cf. selenopsis,Tripodus aff. Laevis,1
Periodon cf. selenopsis,Tropodus sp.,1
Periodon cf. selenopsis,Tropodus cf. sweeti,1
Periodon cf. primus,Benthic detritus,1
Periodon cf. primus,Zooplankton,1
Periodon cf. primus,Bryozoan,1
Periodon cf. primus,Halkieriid,1
Periodon cf. primus,Calvapilosa kroegeri,1
Periodon cf. primus,Plumulites bengtsoni,1
Periodon cf. primus,Large plumulitid,1
Periodon cf. primus,Possible phyllodocid,1
Periodon cf. primus,Palaeoscolex cf. tenensis,1
Periodon cf. primus,Priapulid,1
Periodon cf. primus,Large taxon with spinose limbs,1
Periodon cf. primus,Small taxon with spinose limbs,1
Periodon cf. primus,Clonograptus rigidus,1
Periodon cf. primus,Clonograptus flexibilis,1
Periodon cf. primus,Clonograptus flexilis,1
Periodon cf. primus,Clonograptus persistens,1
Periodon cf. primus,Clonograptus multiplex,1
Periodon cf. primus,Didymograptus cf. arcuatus,1
Periodon cf. primus,Didymograptus deflexus,1
Periodon cf. primus,Didymograptus extensus,1
Periodon cf. primus,Didymograptus v-fractus,1
Periodon cf. primus,Didymograptus intendus,1
Periodon cf. primus,Didymograptus pennatulus,1
Periodon cf. primus,Didymograptus nanus,1
Periodon cf. primus,Didymograptus nitidus,1
Periodon cf. primus,Didymograptus patulus,1
Periodon cf. primus,Didymograptus sparsus,1
Periodon cf. primus,"""Didymograptus sp. 1""",1
Periodon cf. primus,Didymograptus sp.,1
Periodon cf. primus,Didymograptid indet.,1
Periodon cf. primus,Dichograptidae?,1
Periodon cf. primus,Hunnegraptus copiosus,1
Periodon cf. primus, 'Kiaerograptus' supremus,1
Periodon cf. primus,Koremagraptus sp.,1
Periodon cf. primus,Paradelograptus norvegicus,1
Periodon cf. primus,Paradelograptus tenuis,1
Periodon cf. primus,Paratemnograptus magnificus,1
Periodon cf. primus,Tetragraptus cf. approximatus,1
Periodon cf. primus,Tetragraptus quadribrachiatus,1
Periodon cf. primus,Tetragraptus reclinatus,1
Periodon cf. primus,Tetragraptus serra,1
Periodon cf. primus,Tetragraptus tornquisti,1
Periodon cf. primus, 'Tetragraptus' bulmani,1
Periodon cf. primus,Tetragraptus sp.,1
Periodon cf. primus,Araneograptus murrayi,1
Periodon cf. primus,Dictyonema sp.,1
Periodon cf. primus,Tuboid,1
Periodon cf. primus,Anisograptus cf. matanensis,1
Periodon cf. primus,Bryograptus divergens,1
Periodon cf. primus,Bryograptus kjerulfi cumbrensis,1
Periodon cf. primus,Bryograptus lapworthi,1
Periodon cf. primus,Rhabdinopora flabelliforme cf. anglica,1
Periodon cf. primus,Rhabdinopora flabelliforme flabelliforme,1
Periodon cf. primus,Rhabdinopora flabelliforme multithecatum,1
Periodon cf. primus,Rhabdinopora flabelliformis socialis,1
Periodon cf. primus,Rhabdinopora flabelliformis canadenisis,1
Periodon cf. primus,Rhabdinopora flabelliforme norvegicum,1
Periodon cf. primus,Acrograptus nicholsoni,1
Periodon cf. primus,Adelograptus sp.,1
Periodon cf. primus,Azygograptus eivionicus,1
Periodon cf. primus,Azygograptus sp.,1
Periodon cf. primus,Etagraptus putillus,1
Periodon cf. primus,Hermannograptus sp.,1
Periodon cf. primus,Isograptus caduceus arcuatus,1
Periodon cf. primus,Isograptus caduceus gracilis,1
Periodon cf. primus,Isograptus furcula,1
Periodon cf. primus,Pterograptus sp.,1
Periodon cf. primus,Schizograptus sp.,1
Periodon cf. primus,Temnograptus multiflex,1
Periodon cf. primus,Temnograptus cf. noveboracensis,1
Periodon cf. primus,Temnograptus ramulus,1
Periodon cf. primus,Adelograptus tenellus,1
Periodon cf. primus,Choristograptus louai,1
Periodon cf. primus,Ancoragraptus bulmani,1
Periodon cf. primus,?Cymatograptus protobalticus,1
Periodon cf. primus,?Baltograptus jacksoni,1
Periodon cf. primus,Baltograptus minutus,1
Periodon cf. primus,Baltograptus deflexus,1
Periodon cf. primus,?Baltograptus kurcki,1
Periodon cf. primus,Expansograptus sp.,1
Periodon cf. primus,Webbyites felix,1
Periodon cf. primus,Rhabdopleura-like epibiont,1
Periodon cf. primus,Drepanoistodus? cf. pervetus,1
Periodon cf. primus,Drepanoistodus cf. forceps,1
Periodon cf. primus,Acodus deltatus,1
Periodon cf. primus,Cornuodus longibasis,1
Periodon cf. primus,Drepanodus arcuatus,1
Periodon cf. primus,Paltodus cf. inaequalis,1
Periodon cf. primus,Parapaltodus aff. flexuosus,1
Periodon cf. primus,Parapaltodus aff. simplicissimus,1
Periodon cf. primus,Paroistodus cf. proteus,1
Periodon cf. primus,Paroistodus cf. parallellus,1
Periodon cf. primus,Periodon cf. selenopsis,1
Periodon cf. primus,Periodon cf. primus,1
Periodon cf. primus,Prioniodus sp.,1
Periodon cf. primus,Prioniodus cf. gilberti,1
Periodon cf. primus,Protopanderodus cf. leonardii,1
Periodon cf. primus,Scalpellodus aff. gracilis,1
Periodon cf. primus,Scolopodus aff. krummi,1
Periodon cf. primus,Semiacontiodus sp.,1
Periodon cf. primus,Semiacontiodus cf. cornuformis,1
Periodon cf. primus,Stolodus cf. stola,1
Periodon cf. primus,Tripodus sp.,1
Periodon cf. primus,Tripodus aff. Laevis,1
Periodon cf. primus,Tropodus sp.,1
Periodon cf. primus,Tropodus cf. sweeti,1
Prioniodus sp.,Benthic detritus,1
Prioniodus sp.,Zooplankton,1
Prioniodus sp.,Bryozoan,1
Prioniodus sp.,Halkieriid,1
Prioniodus sp.,Calvapilosa kroegeri,1
Prioniodus sp.,Plumulites bengtsoni,1
Prioniodus sp.,Large plumulitid,1
Prioniodus sp.,Possible phyllodocid,1
Prioniodus sp.,Palaeoscolex cf. tenensis,1
Prioniodus sp.,Priapulid,1
Prioniodus sp.,Large taxon with spinose limbs,1
Prioniodus sp.,Small taxon with spinose limbs,1
Prioniodus sp.,Clonograptus rigidus,1
Prioniodus sp.,Clonograptus flexibilis,1
Prioniodus sp.,Clonograptus flexilis,1
Prioniodus sp.,Clonograptus persistens,1
Prioniodus sp.,Clonograptus multiplex,1
Prioniodus sp.,Didymograptus cf. arcuatus,1
Prioniodus sp.,Didymograptus deflexus,1
Prioniodus sp.,Didymograptus extensus,1
Prioniodus sp.,Didymograptus v-fractus,1
Prioniodus sp.,Didymograptus intendus,1
Prioniodus sp.,Didymograptus pennatulus,1
Prioniodus sp.,Didymograptus nanus,1
Prioniodus sp.,Didymograptus nitidus,1
Prioniodus sp.,Didymograptus patulus,1
Prioniodus sp.,Didymograptus sparsus,1
Prioniodus sp.,"""Didymograptus sp. 1""",1
Prioniodus sp.,Didymograptus sp.,1
Prioniodus sp.,Didymograptid indet.,1
Prioniodus sp.,Dichograptidae?,1
Prioniodus sp.,Hunnegraptus copiosus,1
Prioniodus sp., 'Kiaerograptus' supremus,1
Prioniodus sp.,Koremagraptus sp.,1
Prioniodus sp.,Paradelograptus norvegicus,1
Prioniodus sp.,Paradelograptus tenuis,1
Prioniodus sp.,Paratemnograptus magnificus,1
Prioniodus sp.,Tetragraptus cf. approximatus,1
Prioniodus sp.,Tetragraptus quadribrachiatus,1
Prioniodus sp.,Tetragraptus reclinatus,1
Prioniodus sp.,Tetragraptus serra,1
Prioniodus sp.,Tetragraptus tornquisti,1
Prioniodus sp., 'Tetragraptus' bulmani,1
Prioniodus sp.,Tetragraptus sp.,1
Prioniodus sp.,Araneograptus murrayi,1
Prioniodus sp.,Dictyonema sp.,1
Prioniodus sp.,Tuboid,1
Prioniodus sp.,Anisograptus cf. matanensis,1
Prioniodus sp.,Bryograptus divergens,1
Prioniodus sp.,Bryograptus kjerulfi cumbrensis,1
Prioniodus sp.,Bryograptus lapworthi,1
Prioniodus sp.,Rhabdinopora flabelliforme cf. anglica,1
Prioniodus sp.,Rhabdinopora flabelliforme flabelliforme,1
Prioniodus sp.,Rhabdinopora flabelliforme multithecatum,1
Prioniodus sp.,Rhabdinopora flabelliformis socialis,1
Prioniodus sp.,Rhabdinopora flabelliformis canadenisis,1
Prioniodus sp.,Rhabdinopora flabelliforme norvegicum,1
Prioniodus sp.,Acrograptus nicholsoni,1
Prioniodus sp.,Adelograptus sp.,1
Prioniodus sp.,Azygograptus eivionicus,1
Prioniodus sp.,Azygograptus sp.,1
Prioniodus sp.,Etagraptus putillus,1
Prioniodus sp.,Hermannograptus sp.,1
Prioniodus sp.,Isograptus caduceus arcuatus,1
Prioniodus sp.,Isograptus caduceus gracilis,1
Prioniodus sp.,Isograptus furcula,1
Prioniodus sp.,Pterograptus sp.,1
Prioniodus sp.,Schizograptus sp.,1
Prioniodus sp.,Temnograptus multiflex,1
Prioniodus sp.,Temnograptus cf. noveboracensis,1
Prioniodus sp.,Temnograptus ramulus,1
Prioniodus sp.,Adelograptus tenellus,1
Prioniodus sp.,Choristograptus louai,1
Prioniodus sp.,Ancoragraptus bulmani,1
Prioniodus sp.,?Cymatograptus protobalticus,1
Prioniodus sp.,?Baltograptus jacksoni,1
Prioniodus sp.,Baltograptus minutus,1
Prioniodus sp.,Baltograptus deflexus,1
Prioniodus sp.,?Baltograptus kurcki,1
Prioniodus sp.,Expansograptus sp.,1
Prioniodus sp.,Webbyites felix,1
Prioniodus sp.,Rhabdopleura-like epibiont,1
Prioniodus sp.,Drepanoistodus? cf. pervetus,1
Prioniodus sp.,Drepanoistodus cf. forceps,1
Prioniodus sp.,Acodus deltatus,1
Prioniodus sp.,Cornuodus longibasis,1
Prioniodus sp.,Drepanodus arcuatus,1
Prioniodus sp.,Paltodus cf. inaequalis,1
Prioniodus sp.,Parapaltodus aff. flexuosus,1
Prioniodus sp.,Parapaltodus aff. simplicissimus,1
Prioniodus sp.,Paroistodus cf. proteus,1
Prioniodus sp.,Paroistodus cf. parallellus,1
Prioniodus sp.,Periodon cf. selenopsis,1
Prioniodus sp.,Periodon cf. primus,1
Prioniodus sp.,Prioniodus sp.,1
Prioniodus sp.,Prioniodus cf. gilberti,1
Prioniodus sp.,Protopanderodus cf. leonardii,1
Prioniodus sp.,Scalpellodus aff. gracilis,1
Prioniodus sp.,Scolopodus aff. krummi,1
Prioniodus sp.,Semiacontiodus sp.,1
Prioniodus sp.,Semiacontiodus cf. cornuformis,1
Prioniodus sp.,Stolodus cf. stola,1
Prioniodus sp.,Tripodus sp.,1
Prioniodus sp.,Tripodus aff. Laevis,1
Prioniodus sp.,Tropodus sp.,1
Prioniodus sp.,Tropodus cf. sweeti,1
Prioniodus cf. gilberti,Benthic detritus,1
Prioniodus cf. gilberti,Zooplankton,1
Prioniodus cf. gilberti,Bryozoan,1
Prioniodus cf. gilberti,Halkieriid,1
Prioniodus cf. gilberti,Calvapilosa kroegeri,1
Prioniodus cf. gilberti,Plumulites bengtsoni,1
Prioniodus cf. gilberti,Large plumulitid,1
Prioniodus cf. gilberti,Possible phyllodocid,1
Prioniodus cf. gilberti,Palaeoscolex cf. tenensis,1
Prioniodus cf. gilberti,Priapulid,1
Prioniodus cf. gilberti,Large taxon with spinose limbs,1
Prioniodus cf. gilberti,Small taxon with spinose limbs,1
Prioniodus cf. gilberti,Clonograptus rigidus,1
Prioniodus cf. gilberti,Clonograptus flexibilis,1
Prioniodus cf. gilberti,Clonograptus flexilis,1
Prioniodus cf. gilberti,Clonograptus persistens,1
Prioniodus cf. gilberti,Clonograptus multiplex,1
Prioniodus cf. gilberti,Didymograptus cf. arcuatus,1
Prioniodus cf. gilberti,Didymograptus deflexus,1
Prioniodus cf. gilberti,Didymograptus extensus,1
Prioniodus cf. gilberti,Didymograptus v-fractus,1
Prioniodus cf. gilberti,Didymograptus intendus,1
Prioniodus cf. gilberti,Didymograptus pennatulus,1
Prioniodus cf. gilberti,Didymograptus nanus,1
Prioniodus cf. gilberti,Didymograptus nitidus,1
Prioniodus cf. gilberti,Didymograptus patulus,1
Prioniodus cf. gilberti,Didymograptus sparsus,1
Prioniodus cf. gilberti,"""Didymograptus sp. 1""",1
Prioniodus cf. gilberti,Didymograptus sp.,1
Prioniodus cf. gilberti,Didymograptid indet.,1
Prioniodus cf. gilberti,Dichograptidae?,1
Prioniodus cf. gilberti,Hunnegraptus copiosus,1
Prioniodus cf. gilberti, 'Kiaerograptus' supremus,1
Prioniodus cf. gilberti,Koremagraptus sp.,1
Prioniodus cf. gilberti,Paradelograptus norvegicus,1
Prioniodus cf. gilberti,Paradelograptus tenuis,1
Prioniodus cf. gilberti,Paratemnograptus magnificus,1
Prioniodus cf. gilberti,Tetragraptus cf. approximatus,1
Prioniodus cf. gilberti,Tetragraptus quadribrachiatus,1
Prioniodus cf. gilberti,Tetragraptus reclinatus,1
Prioniodus cf. gilberti,Tetragraptus serra,1
Prioniodus cf. gilberti,Tetragraptus tornquisti,1
Prioniodus cf. gilberti, 'Tetragraptus' bulmani,1
Prioniodus cf. gilberti,Tetragraptus sp.,1
Prioniodus cf. gilberti,Araneograptus murrayi,1
Prioniodus cf. gilberti,Dictyonema sp.,1
Prioniodus cf. gilberti,Tuboid,1
Prioniodus cf. gilberti,Anisograptus cf. matanensis,1
Prioniodus cf. gilberti,Bryograptus divergens,1
Prioniodus cf. gilberti,Bryograptus kjerulfi cumbrensis,1
Prioniodus cf. gilberti,Bryograptus lapworthi,1
Prioniodus cf. gilberti,Rhabdinopora flabelliforme cf. anglica,1
Prioniodus cf. gilberti,Rhabdinopora flabelliforme flabelliforme,1
Prioniodus cf. gilberti,Rhabdinopora flabelliforme multithecatum,1
Prioniodus cf. gilberti,Rhabdinopora flabelliformis socialis,1
Prioniodus cf. gilberti,Rhabdinopora flabelliformis canadenisis,1
Prioniodus cf. gilberti,Rhabdinopora flabelliforme norvegicum,1
Prioniodus cf. gilberti,Acrograptus nicholsoni,1
Prioniodus cf. gilberti,Adelograptus sp.,1
Prioniodus cf. gilberti,Azygograptus eivionicus,1
Prioniodus cf. gilberti,Azygograptus sp.,1
Prioniodus cf. gilberti,Etagraptus putillus,1
Prioniodus cf. gilberti,Hermannograptus sp.,1
Prioniodus cf. gilberti,Isograptus caduceus arcuatus,1
Prioniodus cf. gilberti,Isograptus caduceus gracilis,1
Prioniodus cf. gilberti,Isograptus furcula,1
Prioniodus cf. gilberti,Pterograptus sp.,1
Prioniodus cf. gilberti,Schizograptus sp.,1
Prioniodus cf. gilberti,Temnograptus multiflex,1
Prioniodus cf. gilberti,Temnograptus cf. noveboracensis,1
Prioniodus cf. gilberti,Temnograptus ramulus,1
Prioniodus cf. gilberti,Adelograptus tenellus,1
Prioniodus cf. gilberti,Choristograptus louai,1
Prioniodus cf. gilberti,Ancoragraptus bulmani,1
Prioniodus cf. gilberti,?Cymatograptus protobalticus,1
Prioniodus cf. gilberti,?Baltograptus jacksoni,1
Prioniodus cf. gilberti,Baltograptus minutus,1
Prioniodus cf. gilberti,Baltograptus deflexus,1
Prioniodus cf. gilberti,?Baltograptus kurcki,1
Prioniodus cf. gilberti,Expansograptus sp.,1
Prioniodus cf. gilberti,Webbyites felix,1
Prioniodus cf. gilberti,Rhabdopleura-like epibiont,1
Prioniodus cf. gilberti,Drepanoistodus? cf. pervetus,1
Prioniodus cf. gilberti,Drepanoistodus cf. forceps,1
Prioniodus cf. gilberti,Acodus deltatus,1
Prioniodus cf. gilberti,Cornuodus longibasis,1
Prioniodus cf. gilberti,Drepanodus arcuatus,1
Prioniodus cf. gilberti,Paltodus cf. inaequalis,1
Prioniodus cf. gilberti,Parapaltodus aff. flexuosus,1
Prioniodus cf. gilberti,Parapaltodus aff. simplicissimus,1
Prioniodus cf. gilberti,Paroistodus cf. proteus,1
Prioniodus cf. gilberti,Paroistodus cf. parallellus,1
Prioniodus cf. gilberti,Periodon cf. selenopsis,1
Prioniodus cf. gilberti,Periodon cf. primus,1
Prioniodus cf. gilberti,Prioniodus sp.,1
Prioniodus cf. gilberti,Prioniodus cf. gilberti,1
Prioniodus cf. gilberti,Protopanderodus cf. leonardii,1
Prioniodus cf. gilberti,Scalpellodus aff. gracilis,1
Prioniodus cf. gilberti,Scolopodus aff. krummi,1
Prioniodus cf. gilberti,Semiacontiodus sp.,1
Prioniodus cf. gilberti,Semiacontiodus cf. cornuformis,1
Prioniodus cf. gilberti,Stolodus cf. stola,1
Prioniodus cf. gilberti,Tripodus sp.,1
Prioniodus cf. gilberti,Tripodus aff. Laevis,1
Prioniodus cf. gilberti,Tropodus sp.,1
Prioniodus cf. gilberti,Tropodus cf. sweeti,1
Protopanderodus cf. leonardii,Benthic detritus,1
Protopanderodus cf. leonardii,Zooplankton,1
Protopanderodus cf. leonardii,Bryozoan,1
Protopanderodus cf. leonardii,Halkieriid,1
Protopanderodus cf. leonardii,Calvapilosa kroegeri,1
Protopanderodus cf. leonardii,Plumulites bengtsoni,1
Protopanderodus cf. leonardii,Large plumulitid,1
Protopanderodus cf. leonardii,Possible phyllodocid,1
Protopanderodus cf. leonardii,Palaeoscolex cf. tenensis,1
Protopanderodus cf. leonardii,Priapulid,1
Protopanderodus cf. leonardii,Large taxon with spinose limbs,1
Protopanderodus cf. leonardii,Small taxon with spinose limbs,1
Protopanderodus cf. leonardii,Clonograptus rigidus,1
Protopanderodus cf. leonardii,Clonograptus flexibilis,1
Protopanderodus cf. leonardii,Clonograptus flexilis,1
Protopanderodus cf. leonardii,Clonograptus persistens,1
Protopanderodus cf. leonardii,Clonograptus multiplex,1
Protopanderodus cf. leonardii,Didymograptus cf. arcuatus,1
Protopanderodus cf. leonardii,Didymograptus deflexus,1
Protopanderodus cf. leonardii,Didymograptus extensus,1
Protopanderodus cf. leonardii,Didymograptus v-fractus,1
Protopanderodus cf. leonardii,Didymograptus intendus,1
Protopanderodus cf. leonardii,Didymograptus pennatulus,1
Protopanderodus cf. leonardii,Didymograptus nanus,1
Protopanderodus cf. leonardii,Didymograptus nitidus,1
Protopanderodus cf. leonardii,Didymograptus patulus,1
Protopanderodus cf. leonardii,Didymograptus sparsus,1
Protopanderodus cf. leonardii,"""Didymograptus sp. 1""",1
Protopanderodus cf. leonardii,Didymograptus sp.,1
Protopanderodus cf. leonardii,Didymograptid indet.,1
Protopanderodus cf. leonardii,Dichograptidae?,1
Protopanderodus cf. leonardii,Hunnegraptus copiosus,1
Protopanderodus cf. leonardii, 'Kiaerograptus' supremus,1
Protopanderodus cf. leonardii,Koremagraptus sp.,1
Protopanderodus cf. leonardii,Paradelograptus norvegicus,1
Protopanderodus cf. leonardii,Paradelograptus tenuis,1
Protopanderodus cf. leonardii,Paratemnograptus magnificus,1
Protopanderodus cf. leonardii,Tetragraptus cf. approximatus,1
Protopanderodus cf. leonardii,Tetragraptus quadribrachiatus,1
Protopanderodus cf. leonardii,Tetragraptus reclinatus,1
Protopanderodus cf. leonardii,Tetragraptus serra,1
Protopanderodus cf. leonardii,Tetragraptus tornquisti,1
Protopanderodus cf. leonardii, 'Tetragraptus' bulmani,1
Protopanderodus cf. leonardii,Tetragraptus sp.,1
Protopanderodus cf. leonardii,Araneograptus murrayi,1
Protopanderodus cf. leonardii,Dictyonema sp.,1
Protopanderodus cf. leonardii,Tuboid,1
Protopanderodus cf. leonardii,Anisograptus cf. matanensis,1
Protopanderodus cf. leonardii,Bryograptus divergens,1
Protopanderodus cf. leonardii,Bryograptus kjerulfi cumbrensis,1
Protopanderodus cf. leonardii,Bryograptus lapworthi,1
Protopanderodus cf. leonardii,Rhabdinopora flabelliforme cf. anglica,1
Protopanderodus cf. leonardii,Rhabdinopora flabelliforme flabelliforme,1
Protopanderodus cf. leonardii,Rhabdinopora flabelliforme multithecatum,1
Protopanderodus cf. leonardii,Rhabdinopora flabelliformis socialis,1
Protopanderodus cf. leonardii,Rhabdinopora flabelliformis canadenisis,1
Protopanderodus cf. leonardii,Rhabdinopora flabelliforme norvegicum,1
Protopanderodus cf. leonardii,Acrograptus nicholsoni,1
Protopanderodus cf. leonardii,Adelograptus sp.,1
Protopanderodus cf. leonardii,Azygograptus eivionicus,1
Protopanderodus cf. leonardii,Azygograptus sp.,1
Protopanderodus cf. leonardii,Etagraptus putillus,1
Protopanderodus cf. leonardii,Hermannograptus sp.,1
Protopanderodus cf. leonardii,Isograptus caduceus arcuatus,1
Protopanderodus cf. leonardii,Isograptus caduceus gracilis,1
Protopanderodus cf. leonardii,Isograptus furcula,1
Protopanderodus cf. leonardii,Pterograptus sp.,1
Protopanderodus cf. leonardii,Schizograptus sp.,1
Protopanderodus cf. leonardii,Temnograptus multiflex,1
Protopanderodus cf. leonardii,Temnograptus cf. noveboracensis,1
Protopanderodus cf. leonardii,Temnograptus ramulus,1
Protopanderodus cf. leonardii,Adelograptus tenellus,1
Protopanderodus cf. leonardii,Choristograptus louai,1
Protopanderodus cf. leonardii,Ancoragraptus bulmani,1
Protopanderodus cf. leonardii,?Cymatograptus protobalticus,1
Protopanderodus cf. leonardii,?Baltograptus jacksoni,1
Protopanderodus cf. leonardii,Baltograptus minutus,1
Protopanderodus cf. leonardii,Baltograptus deflexus,1
Protopanderodus cf. leonardii,?Baltograptus kurcki,1
Protopanderodus cf. leonardii,Expansograptus sp.,1
Protopanderodus cf. leonardii,Webbyites felix,1
Protopanderodus cf. leonardii,Rhabdopleura-like epibiont,1
Protopanderodus cf. leonardii,Drepanoistodus? cf. pervetus,1
Protopanderodus cf. leonardii,Drepanoistodus cf. forceps,1
Protopanderodus cf. leonardii,Acodus deltatus,1
Protopanderodus cf. leonardii,Cornuodus longibasis,1
Protopanderodus cf. leonardii,Drepanodus arcuatus,1
Protopanderodus cf. leonardii,Paltodus cf. inaequalis,1
Protopanderodus cf. leonardii,Parapaltodus aff. flexuosus,1
Protopanderodus cf. leonardii,Parapaltodus aff. simplicissimus,1
Protopanderodus cf. leonardii,Paroistodus cf. proteus,1
Protopanderodus cf. leonardii,Paroistodus cf. parallellus,1
Protopanderodus cf. leonardii,Periodon cf. selenopsis,1
Protopanderodus cf. leonardii,Periodon cf. primus,1
Protopanderodus cf. leonardii,Prioniodus sp.,1
Protopanderodus cf. leonardii,Prioniodus cf. gilberti,1
Protopanderodus cf. leonardii,Protopanderodus cf. leonardii,1
Protopanderodus cf. leonardii,Scalpellodus aff. gracilis,1
Protopanderodus cf. leonardii,Scolopodus aff. krummi,1
Protopanderodus cf. leonardii,Semiacontiodus sp.,1
Protopanderodus cf. leonardii,Semiacontiodus cf. cornuformis,1
Protopanderodus cf. leonardii,Stolodus cf. stola,1
Protopanderodus cf. leonardii,Tripodus sp.,1
Protopanderodus cf. leonardii,Tripodus aff. Laevis,1
Protopanderodus cf. leonardii,Tropodus sp.,1
Protopanderodus cf. leonardii,Tropodus cf. sweeti,1
Scalpellodus aff. gracilis,Benthic detritus,1
Scalpellodus aff. gracilis,Zooplankton,1
Scalpellodus aff. gracilis,Bryozoan,1
Scalpellodus aff. gracilis,Halkieriid,1
Scalpellodus aff. gracilis,Calvapilosa kroegeri,1
Scalpellodus aff. gracilis,Plumulites bengtsoni,1
Scalpellodus aff. gracilis,Large plumulitid,1
Scalpellodus aff. gracilis,Possible phyllodocid,1
Scalpellodus aff. gracilis,Palaeoscolex cf. tenensis,1
Scalpellodus aff. gracilis,Priapulid,1
Scalpellodus aff. gracilis,Large taxon with spinose limbs,1
Scalpellodus aff. gracilis,Small taxon with spinose limbs,1
Scalpellodus aff. gracilis,Clonograptus rigidus,1
Scalpellodus aff. gracilis,Clonograptus flexibilis,1
Scalpellodus aff. gracilis,Clonograptus flexilis,1
Scalpellodus aff. gracilis,Clonograptus persistens,1
Scalpellodus aff. gracilis,Clonograptus multiplex,1
Scalpellodus aff. gracilis,Didymograptus cf. arcuatus,1
Scalpellodus aff. gracilis,Didymograptus deflexus,1
Scalpellodus aff. gracilis,Didymograptus extensus,1
Scalpellodus aff. gracilis,Didymograptus v-fractus,1
Scalpellodus aff. gracilis,Didymograptus intendus,1
Scalpellodus aff. gracilis,Didymograptus pennatulus,1
Scalpellodus aff. gracilis,Didymograptus nanus,1
Scalpellodus aff. gracilis,Didymograptus nitidus,1
Scalpellodus aff. gracilis,Didymograptus patulus,1
Scalpellodus aff. gracilis,Didymograptus sparsus,1
Scalpellodus aff. gracilis,"""Didymograptus sp. 1""",1
Scalpellodus aff. gracilis,Didymograptus sp.,1
Scalpellodus aff. gracilis,Didymograptid indet.,1
Scalpellodus aff. gracilis,Dichograptidae?,1
Scalpellodus aff. gracilis,Hunnegraptus copiosus,1
Scalpellodus aff. gracilis, 'Kiaerograptus' supremus,1
Scalpellodus aff. gracilis,Koremagraptus sp.,1
Scalpellodus aff. gracilis,Paradelograptus norvegicus,1
Scalpellodus aff. gracilis,Paradelograptus tenuis,1
Scalpellodus aff. gracilis,Paratemnograptus magnificus,1
Scalpellodus aff. gracilis,Tetragraptus cf. approximatus,1
Scalpellodus aff. gracilis,Tetragraptus quadribrachiatus,1
Scalpellodus aff. gracilis,Tetragraptus reclinatus,1
Scalpellodus aff. gracilis,Tetragraptus serra,1
Scalpellodus aff. gracilis,Tetragraptus tornquisti,1
Scalpellodus aff. gracilis, 'Tetragraptus' bulmani,1
Scalpellodus aff. gracilis,Tetragraptus sp.,1
Scalpellodus aff. gracilis,Araneograptus murrayi,1
Scalpellodus aff. gracilis,Dictyonema sp.,1
Scalpellodus aff. gracilis,Tuboid,1
Scalpellodus aff. gracilis,Anisograptus cf. matanensis,1
Scalpellodus aff. gracilis,Bryograptus divergens,1
Scalpellodus aff. gracilis,Bryograptus kjerulfi cumbrensis,1
Scalpellodus aff. gracilis,Bryograptus lapworthi,1
Scalpellodus aff. gracilis,Rhabdinopora flabelliforme cf. anglica,1
Scalpellodus aff. gracilis,Rhabdinopora flabelliforme flabelliforme,1
Scalpellodus aff. gracilis,Rhabdinopora flabelliforme multithecatum,1
Scalpellodus aff. gracilis,Rhabdinopora flabelliformis socialis,1
Scalpellodus aff. gracilis,Rhabdinopora flabelliformis canadenisis,1
Scalpellodus aff. gracilis,Rhabdinopora flabelliforme norvegicum,1
Scalpellodus aff. gracilis,Acrograptus nicholsoni,1
Scalpellodus aff. gracilis,Adelograptus sp.,1
Scalpellodus aff. gracilis,Azygograptus eivionicus,1
Scalpellodus aff. gracilis,Azygograptus sp.,1
Scalpellodus aff. gracilis,Etagraptus putillus,1
Scalpellodus aff. gracilis,Hermannograptus sp.,1
Scalpellodus aff. gracilis,Isograptus caduceus arcuatus,1
Scalpellodus aff. gracilis,Isograptus caduceus gracilis,1
Scalpellodus aff. gracilis,Isograptus furcula,1
Scalpellodus aff. gracilis,Pterograptus sp.,1
Scalpellodus aff. gracilis,Schizograptus sp.,1
Scalpellodus aff. gracilis,Temnograptus multiflex,1
Scalpellodus aff. gracilis,Temnograptus cf. noveboracensis,1
Scalpellodus aff. gracilis,Temnograptus ramulus,1
Scalpellodus aff. gracilis,Adelograptus tenellus,1
Scalpellodus aff. gracilis,Choristograptus louai,1
Scalpellodus aff. gracilis,Ancoragraptus bulmani,1
Scalpellodus aff. gracilis,?Cymatograptus protobalticus,1
Scalpellodus aff. gracilis,?Baltograptus jacksoni,1
Scalpellodus aff. gracilis,Baltograptus minutus,1
Scalpellodus aff. gracilis,Baltograptus deflexus,1
Scalpellodus aff. gracilis,?Baltograptus kurcki,1
Scalpellodus aff. gracilis,Expansograptus sp.,1
Scalpellodus aff. gracilis,Webbyites felix,1
Scalpellodus aff. gracilis,Rhabdopleura-like epibiont,1
Scalpellodus aff. gracilis,Drepanoistodus? cf. pervetus,1
Scalpellodus aff. gracilis,Drepanoistodus cf. forceps,1
Scalpellodus aff. gracilis,Acodus deltatus,1
Scalpellodus aff. gracilis,Cornuodus longibasis,1
Scalpellodus aff. gracilis,Drepanodus arcuatus,1
Scalpellodus aff. gracilis,Paltodus cf. inaequalis,1
Scalpellodus aff. gracilis,Parapaltodus aff. flexuosus,1
Scalpellodus aff. gracilis,Parapaltodus aff. simplicissimus,1
Scalpellodus aff. gracilis,Paroistodus cf. proteus,1
Scalpellodus aff. gracilis,Paroistodus cf. parallellus,1
Scalpellodus aff. gracilis,Periodon cf. selenopsis,1
Scalpellodus aff. gracilis,Periodon cf. primus,1
Scalpellodus aff. gracilis,Prioniodus sp.,1
Scalpellodus aff. gracilis,Prioniodus cf. gilberti,1
Scalpellodus aff. gracilis,Protopanderodus cf. leonardii,1
Scalpellodus aff. gracilis,Scalpellodus aff. gracilis,1
Scalpellodus aff. gracilis,Scolopodus aff. krummi,1
Scalpellodus aff. gracilis,Semiacontiodus sp.,1
Scalpellodus aff. gracilis,Semiacontiodus cf. cornuformis,1
Scalpellodus aff. gracilis,Stolodus cf. stola,1
Scalpellodus aff. gracilis,Tripodus sp.,1
Scalpellodus aff. gracilis,Tripodus aff. Laevis,1
Scalpellodus aff. gracilis,Tropodus sp.,1
Scalpellodus aff. gracilis,Tropodus cf. sweeti,1
Scolopodus aff. krummi,Benthic detritus,1
Scolopodus aff. krummi,Zooplankton,1
Scolopodus aff. krummi,Bryozoan,1
Scolopodus aff. krummi,Halkieriid,1
Scolopodus aff. krummi,Calvapilosa kroegeri,1
Scolopodus aff. krummi,Plumulites bengtsoni,1
Scolopodus aff. krummi,Large plumulitid,1
Scolopodus aff. krummi,Possible phyllodocid,1
Scolopodus aff. krummi,Palaeoscolex cf. tenensis,1
Scolopodus aff. krummi,Priapulid,1
Scolopodus aff. krummi,Large taxon with spinose limbs,1
Scolopodus aff. krummi,Small taxon with spinose limbs,1
Scolopodus aff. krummi,Clonograptus rigidus,1
Scolopodus aff. krummi,Clonograptus flexibilis,1
Scolopodus aff. krummi,Clonograptus flexilis,1
Scolopodus aff. krummi,Clonograptus persistens,1
Scolopodus aff. krummi,Clonograptus multiplex,1
Scolopodus aff. krummi,Didymograptus cf. arcuatus,1
Scolopodus aff. krummi,Didymograptus deflexus,1
Scolopodus aff. krummi,Didymograptus extensus,1
Scolopodus aff. krummi,Didymograptus v-fractus,1
Scolopodus aff. krummi,Didymograptus intendus,1
Scolopodus aff. krummi,Didymograptus pennatulus,1
Scolopodus aff. krummi,Didymograptus nanus,1
Scolopodus aff. krummi,Didymograptus nitidus,1
Scolopodus aff. krummi,Didymograptus patulus,1
Scolopodus aff. krummi,Didymograptus sparsus,1
Scolopodus aff. krummi,"""Didymograptus sp. 1""",1
Scolopodus aff. krummi,Didymograptus sp.,1
Scolopodus aff. krummi,Didymograptid indet.,1
Scolopodus aff. krummi,Dichograptidae?,1
Scolopodus aff. krummi,Hunnegraptus copiosus,1
Scolopodus aff. krummi, 'Kiaerograptus' supremus,1
Scolopodus aff. krummi,Koremagraptus sp.,1
Scolopodus aff. krummi,Paradelograptus norvegicus,1
Scolopodus aff. krummi,Paradelograptus tenuis,1
Scolopodus aff. krummi,Paratemnograptus magnificus,1
Scolopodus aff. krummi,Tetragraptus cf. approximatus,1
Scolopodus aff. krummi,Tetragraptus quadribrachiatus,1
Scolopodus aff. krummi,Tetragraptus reclinatus,1
Scolopodus aff. krummi,Tetragraptus serra,1
Scolopodus aff. krummi,Tetragraptus tornquisti,1
Scolopodus aff. krummi, 'Tetragraptus' bulmani,1
Scolopodus aff. krummi,Tetragraptus sp.,1
Scolopodus aff. krummi,Araneograptus murrayi,1
Scolopodus aff. krummi,Dictyonema sp.,1
Scolopodus aff. krummi,Tuboid,1
Scolopodus aff. krummi,Anisograptus cf. matanensis,1
Scolopodus aff. krummi,Bryograptus divergens,1
Scolopodus aff. krummi,Bryograptus kjerulfi cumbrensis,1
Scolopodus aff. krummi,Bryograptus lapworthi,1
Scolopodus aff. krummi,Rhabdinopora flabelliforme cf. anglica,1
Scolopodus aff. krummi,Rhabdinopora flabelliforme flabelliforme,1
Scolopodus aff. krummi,Rhabdinopora flabelliforme multithecatum,1
Scolopodus aff. krummi,Rhabdinopora flabelliformis socialis,1
Scolopodus aff. krummi,Rhabdinopora flabelliformis canadenisis,1
Scolopodus aff. krummi,Rhabdinopora flabelliforme norvegicum,1
Scolopodus aff. krummi,Acrograptus nicholsoni,1
Scolopodus aff. krummi,Adelograptus sp.,1
Scolopodus aff. krummi,Azygograptus eivionicus,1
Scolopodus aff. krummi,Azygograptus sp.,1
Scolopodus aff. krummi,Etagraptus putillus,1
Scolopodus aff. krummi,Hermannograptus sp.,1
Scolopodus aff. krummi,Isograptus caduceus arcuatus,1
Scolopodus aff. krummi,Isograptus caduceus gracilis,1
Scolopodus aff. krummi,Isograptus furcula,1
Scolopodus aff. krummi,Pterograptus sp.,1
Scolopodus aff. krummi,Schizograptus sp.,1
Scolopodus aff. krummi,Temnograptus multiflex,1
Scolopodus aff. krummi,Temnograptus cf. noveboracensis,1
Scolopodus aff. krummi,Temnograptus ramulus,1
Scolopodus aff. krummi,Adelograptus tenellus,1
Scolopodus aff. krummi,Choristograptus louai,1
Scolopodus aff. krummi,Ancoragraptus bulmani,1
Scolopodus aff. krummi,?Cymatograptus protobalticus,1
Scolopodus aff. krummi,?Baltograptus jacksoni,1
Scolopodus aff. krummi,Baltograptus minutus,1
Scolopodus aff. krummi,Baltograptus deflexus,1
Scolopodus aff. krummi,?Baltograptus kurcki,1
Scolopodus aff. krummi,Expansograptus sp.,1
Scolopodus aff. krummi,Webbyites felix,1
Scolopodus aff. krummi,Rhabdopleura-like epibiont,1
Scolopodus aff. krummi,Drepanoistodus? cf. pervetus,1
Scolopodus aff. krummi,Drepanoistodus cf. forceps,1
Scolopodus aff. krummi,Acodus deltatus,1
Scolopodus aff. krummi,Cornuodus longibasis,1
Scolopodus aff. krummi,Drepanodus arcuatus,1
Scolopodus aff. krummi,Paltodus cf. inaequalis,1
Scolopodus aff. krummi,Parapaltodus aff. flexuosus,1
Scolopodus aff. krummi,Parapaltodus aff. simplicissimus,1
Scolopodus aff. krummi,Paroistodus cf. proteus,1
Scolopodus aff. krummi,Paroistodus cf. parallellus,1
Scolopodus aff. krummi,Periodon cf. selenopsis,1
Scolopodus aff. krummi,Periodon cf. primus,1
Scolopodus aff. krummi,Prioniodus sp.,1
Scolopodus aff. krummi,Prioniodus cf. gilberti,1
Scolopodus aff. krummi,Protopanderodus cf. leonardii,1
Scolopodus aff. krummi,Scalpellodus aff. gracilis,1
Scolopodus aff. krummi,Scolopodus aff. krummi,1
Scolopodus aff. krummi,Semiacontiodus sp.,1
Scolopodus aff. krummi,Semiacontiodus cf. cornuformis,1
Scolopodus aff. krummi,Stolodus cf. stola,1
Scolopodus aff. krummi,Tripodus sp.,1
Scolopodus aff. krummi,Tripodus aff. Laevis,1
Scolopodus aff. krummi,Tropodus sp.,1
Scolopodus aff. krummi,Tropodus cf. sweeti,1
Semiacontiodus sp.,Benthic detritus,1
Semiacontiodus sp.,Zooplankton,1
Semiacontiodus sp.,Bryozoan,1
Semiacontiodus sp.,Halkieriid,1
Semiacontiodus sp.,Calvapilosa kroegeri,1
Semiacontiodus sp.,Plumulites bengtsoni,1
Semiacontiodus sp.,Large plumulitid,1
Semiacontiodus sp.,Possible phyllodocid,1
Semiacontiodus sp.,Palaeoscolex cf. tenensis,1
Semiacontiodus sp.,Priapulid,1
Semiacontiodus sp.,Large taxon with spinose limbs,1
Semiacontiodus sp.,Small taxon with spinose limbs,1
Semiacontiodus sp.,Clonograptus rigidus,1
Semiacontiodus sp.,Clonograptus flexibilis,1
Semiacontiodus sp.,Clonograptus flexilis,1
Semiacontiodus sp.,Clonograptus persistens,1
Semiacontiodus sp.,Clonograptus multiplex,1
Semiacontiodus sp.,Didymograptus cf. arcuatus,1
Semiacontiodus sp.,Didymograptus deflexus,1
Semiacontiodus sp.,Didymograptus extensus,1
Semiacontiodus sp.,Didymograptus v-fractus,1
Semiacontiodus sp.,Didymograptus intendus,1
Semiacontiodus sp.,Didymograptus pennatulus,1
Semiacontiodus sp.,Didymograptus nanus,1
Semiacontiodus sp.,Didymograptus nitidus,1
Semiacontiodus sp.,Didymograptus patulus,1
Semiacontiodus sp.,Didymograptus sparsus,1
Semiacontiodus sp.,"""Didymograptus sp. 1""",1
Semiacontiodus sp.,Didymograptus sp.,1
Semiacontiodus sp.,Didymograptid indet.,1
Semiacontiodus sp.,Dichograptidae?,1
Semiacontiodus sp.,Hunnegraptus copiosus,1
Semiacontiodus sp., 'Kiaerograptus' supremus,1
Semiacontiodus sp.,Koremagraptus sp.,1
Semiacontiodus sp.,Paradelograptus norvegicus,1
Semiacontiodus sp.,Paradelograptus tenuis,1
Semiacontiodus sp.,Paratemnograptus magnificus,1
Semiacontiodus sp.,Tetragraptus cf. approximatus,1
Semiacontiodus sp.,Tetragraptus quadribrachiatus,1
Semiacontiodus sp.,Tetragraptus reclinatus,1
Semiacontiodus sp.,Tetragraptus serra,1
Semiacontiodus sp.,Tetragraptus tornquisti,1
Semiacontiodus sp., 'Tetragraptus' bulmani,1
Semiacontiodus sp.,Tetragraptus sp.,1
Semiacontiodus sp.,Araneograptus murrayi,1
Semiacontiodus sp.,Dictyonema sp.,1
Semiacontiodus sp.,Tuboid,1
Semiacontiodus sp.,Anisograptus cf. matanensis,1
Semiacontiodus sp.,Bryograptus divergens,1
Semiacontiodus sp.,Bryograptus kjerulfi cumbrensis,1
Semiacontiodus sp.,Bryograptus lapworthi,1
Semiacontiodus sp.,Rhabdinopora flabelliforme cf. anglica,1
Semiacontiodus sp.,Rhabdinopora flabelliforme flabelliforme,1
Semiacontiodus sp.,Rhabdinopora flabelliforme multithecatum,1
Semiacontiodus sp.,Rhabdinopora flabelliformis socialis,1
Semiacontiodus sp.,Rhabdinopora flabelliformis canadenisis,1
Semiacontiodus sp.,Rhabdinopora flabelliforme norvegicum,1
Semiacontiodus sp.,Acrograptus nicholsoni,1
Semiacontiodus sp.,Adelograptus sp.,1
Semiacontiodus sp.,Azygograptus eivionicus,1
Semiacontiodus sp.,Azygograptus sp.,1
Semiacontiodus sp.,Etagraptus putillus,1
Semiacontiodus sp.,Hermannograptus sp.,1
Semiacontiodus sp.,Isograptus caduceus arcuatus,1
Semiacontiodus sp.,Isograptus caduceus gracilis,1
Semiacontiodus sp.,Isograptus furcula,1
Semiacontiodus sp.,Pterograptus sp.,1
Semiacontiodus sp.,Schizograptus sp.,1
Semiacontiodus sp.,Temnograptus multiflex,1
Semiacontiodus sp.,Temnograptus cf. noveboracensis,1
Semiacontiodus sp.,Temnograptus ramulus,1
Semiacontiodus sp.,Adelograptus tenellus,1
Semiacontiodus sp.,Choristograptus louai,1
Semiacontiodus sp.,Ancoragraptus bulmani,1
Semiacontiodus sp.,?Cymatograptus protobalticus,1
Semiacontiodus sp.,?Baltograptus jacksoni,1
Semiacontiodus sp.,Baltograptus minutus,1
Semiacontiodus sp.,Baltograptus deflexus,1
Semiacontiodus sp.,?Baltograptus kurcki,1
Semiacontiodus sp.,Expansograptus sp.,1
Semiacontiodus sp.,Webbyites felix,1
Semiacontiodus sp.,Rhabdopleura-like epibiont,1
Semiacontiodus sp.,Drepanoistodus? cf. pervetus,1
Semiacontiodus sp.,Drepanoistodus cf. forceps,1
Semiacontiodus sp.,Acodus deltatus,1
Semiacontiodus sp.,Cornuodus longibasis,1
Semiacontiodus sp.,Drepanodus arcuatus,1
Semiacontiodus sp.,Paltodus cf. inaequalis,1
Semiacontiodus sp.,Parapaltodus aff. flexuosus,1
Semiacontiodus sp.,Parapaltodus aff. simplicissimus,1
Semiacontiodus sp.,Paroistodus cf. proteus,1
Semiacontiodus sp.,Paroistodus cf. parallellus,1
Semiacontiodus sp.,Periodon cf. selenopsis,1
Semiacontiodus sp.,Periodon cf. primus,1
Semiacontiodus sp.,Prioniodus sp.,1
Semiacontiodus sp.,Prioniodus cf. gilberti,1
Semiacontiodus sp.,Protopanderodus cf. leonardii,1
Semiacontiodus sp.,Scalpellodus aff. gracilis,1
Semiacontiodus sp.,Scolopodus aff. krummi,1
Semiacontiodus sp.,Semiacontiodus sp.,1
Semiacontiodus sp.,Semiacontiodus cf. cornuformis,1
Semiacontiodus sp.,Stolodus cf. stola,1
Semiacontiodus sp.,Tripodus sp.,1
Semiacontiodus sp.,Tripodus aff. Laevis,1
Semiacontiodus sp.,Tropodus sp.,1
Semiacontiodus sp.,Tropodus cf. sweeti,1
Semiacontiodus cf. cornuformis,Benthic detritus,1
Semiacontiodus cf. cornuformis,Zooplankton,1
Semiacontiodus cf. cornuformis,Bryozoan,1
Semiacontiodus cf. cornuformis,Halkieriid,1
Semiacontiodus cf. cornuformis,Calvapilosa kroegeri,1
Semiacontiodus cf. cornuformis,Plumulites bengtsoni,1
Semiacontiodus cf. cornuformis,Large plumulitid,1
Semiacontiodus cf. cornuformis,Possible phyllodocid,1
Semiacontiodus cf. cornuformis,Palaeoscolex cf. tenensis,1
Semiacontiodus cf. cornuformis,Priapulid,1
Semiacontiodus cf. cornuformis,Large taxon with spinose limbs,1
Semiacontiodus cf. cornuformis,Small taxon with spinose limbs,1
Semiacontiodus cf. cornuformis,Clonograptus rigidus,1
Semiacontiodus cf. cornuformis,Clonograptus flexibilis,1
Semiacontiodus cf. cornuformis,Clonograptus flexilis,1
Semiacontiodus cf. cornuformis,Clonograptus persistens,1
Semiacontiodus cf. cornuformis,Clonograptus multiplex,1
Semiacontiodus cf. cornuformis,Didymograptus cf. arcuatus,1
Semiacontiodus cf. cornuformis,Didymograptus deflexus,1
Semiacontiodus cf. cornuformis,Didymograptus extensus,1
Semiacontiodus cf. cornuformis,Didymograptus v-fractus,1
Semiacontiodus cf. cornuformis,Didymograptus intendus,1
Semiacontiodus cf. cornuformis,Didymograptus pennatulus,1
Semiacontiodus cf. cornuformis,Didymograptus nanus,1
Semiacontiodus cf. cornuformis,Didymograptus nitidus,1
Semiacontiodus cf. cornuformis,Didymograptus patulus,1
Semiacontiodus cf. cornuformis,Didymograptus sparsus,1
Semiacontiodus cf. cornuformis,"""Didymograptus sp. 1""",1
Semiacontiodus cf. cornuformis,Didymograptus sp.,1
Semiacontiodus cf. cornuformis,Didymograptid indet.,1
Semiacontiodus cf. cornuformis,Dichograptidae?,1
Semiacontiodus cf. cornuformis,Hunnegraptus copiosus,1
Semiacontiodus cf. cornuformis, 'Kiaerograptus' supremus,1
Semiacontiodus cf. cornuformis,Koremagraptus sp.,1
Semiacontiodus cf. cornuformis,Paradelograptus norvegicus,1
Semiacontiodus cf. cornuformis,Paradelograptus tenuis,1
Semiacontiodus cf. cornuformis,Paratemnograptus magnificus,1
Semiacontiodus cf. cornuformis,Tetragraptus cf. approximatus,1
Semiacontiodus cf. cornuformis,Tetragraptus quadribrachiatus,1
Semiacontiodus cf. cornuformis,Tetragraptus reclinatus,1
Semiacontiodus cf. cornuformis,Tetragraptus serra,1
Semiacontiodus cf. cornuformis,Tetragraptus tornquisti,1
Semiacontiodus cf. cornuformis, 'Tetragraptus' bulmani,1
Semiacontiodus cf. cornuformis,Tetragraptus sp.,1
Semiacontiodus cf. cornuformis,Araneograptus murrayi,1
Semiacontiodus cf. cornuformis,Dictyonema sp.,1
Semiacontiodus cf. cornuformis,Tuboid,1
Semiacontiodus cf. cornuformis,Anisograptus cf. matanensis,1
Semiacontiodus cf. cornuformis,Bryograptus divergens,1
Semiacontiodus cf. cornuformis,Bryograptus kjerulfi cumbrensis,1
Semiacontiodus cf. cornuformis,Bryograptus lapworthi,1
Semiacontiodus cf. cornuformis,Rhabdinopora flabelliforme cf. anglica,1
Semiacontiodus cf. cornuformis,Rhabdinopora flabelliforme flabelliforme,1
Semiacontiodus cf. cornuformis,Rhabdinopora flabelliforme multithecatum,1
Semiacontiodus cf. cornuformis,Rhabdinopora flabelliformis socialis,1
Semiacontiodus cf. cornuformis,Rhabdinopora flabelliformis canadenisis,1
Semiacontiodus cf. cornuformis,Rhabdinopora flabelliforme norvegicum,1
Semiacontiodus cf. cornuformis,Acrograptus nicholsoni,1
Semiacontiodus cf. cornuformis,Adelograptus sp.,1
Semiacontiodus cf. cornuformis,Azygograptus eivionicus,1
Semiacontiodus cf. cornuformis,Azygograptus sp.,1
Semiacontiodus cf. cornuformis,Etagraptus putillus,1
Semiacontiodus cf. cornuformis,Hermannograptus sp.,1
Semiacontiodus cf. cornuformis,Isograptus caduceus arcuatus,1
Semiacontiodus cf. cornuformis,Isograptus caduceus gracilis,1
Semiacontiodus cf. cornuformis,Isograptus furcula,1
Semiacontiodus cf. cornuformis,Pterograptus sp.,1
Semiacontiodus cf. cornuformis,Schizograptus sp.,1
Semiacontiodus cf. cornuformis,Temnograptus multiflex,1
Semiacontiodus cf. cornuformis,Temnograptus cf. noveboracensis,1
Semiacontiodus cf. cornuformis,Temnograptus ramulus,1
Semiacontiodus cf. cornuformis,Adelograptus tenellus,1
Semiacontiodus cf. cornuformis,Choristograptus louai,1
Semiacontiodus cf. cornuformis,Ancoragraptus bulmani,1
Semiacontiodus cf. cornuformis,?Cymatograptus protobalticus,1
Semiacontiodus cf. cornuformis,?Baltograptus jacksoni,1
Semiacontiodus cf. cornuformis,Baltograptus minutus,1
Semiacontiodus cf. cornuformis,Baltograptus deflexus,1
Semiacontiodus cf. cornuformis,?Baltograptus kurcki,1
Semiacontiodus cf. cornuformis,Expansograptus sp.,1
Semiacontiodus cf. cornuformis,Webbyites felix,1
Semiacontiodus cf. cornuformis,Rhabdopleura-like epibiont,1
Semiacontiodus cf. cornuformis,Drepanoistodus? cf. pervetus,1
Semiacontiodus cf. cornuformis,Drepanoistodus cf. forceps,1
Semiacontiodus cf. cornuformis,Acodus deltatus,1
Semiacontiodus cf. cornuformis,Cornuodus longibasis,1
Semiacontiodus cf. cornuformis,Drepanodus arcuatus,1
Semiacontiodus cf. cornuformis,Paltodus cf. inaequalis,1
Semiacontiodus cf. cornuformis,Parapaltodus aff. flexuosus,1
Semiacontiodus cf. cornuformis,Parapaltodus aff. simplicissimus,1
Semiacontiodus cf. cornuformis,Paroistodus cf. proteus,1
Semiacontiodus cf. cornuformis,Paroistodus cf. parallellus,1
Semiacontiodus cf. cornuformis,Periodon cf. selenopsis,1
Semiacontiodus cf. cornuformis,Periodon cf. primus,1
Semiacontiodus cf. cornuformis,Prioniodus sp.,1
Semiacontiodus cf. cornuformis,Prioniodus cf. gilberti,1
Semiacontiodus cf. cornuformis,Protopanderodus cf. leonardii,1
Semiacontiodus cf. cornuformis,Scalpellodus aff. gracilis,1
Semiacontiodus cf. cornuformis,Scolopodus aff. krummi,1
Semiacontiodus cf. cornuformis,Semiacontiodus sp.,1
Semiacontiodus cf. cornuformis,Semiacontiodus cf. cornuformis,1
Semiacontiodus cf. cornuformis,Stolodus cf. stola,1
Semiacontiodus cf. cornuformis,Tripodus sp.,1
Semiacontiodus cf. cornuformis,Tripodus aff. Laevis,1
Semiacontiodus cf. cornuformis,Tropodus sp.,1
Semiacontiodus cf. cornuformis,Tropodus cf. sweeti,1
Stolodus cf. stola,Benthic detritus,1
Stolodus cf. stola,Zooplankton,1
Stolodus cf. stola,Bryozoan,1
Stolodus cf. stola,Halkieriid,1
Stolodus cf. stola,Calvapilosa kroegeri,1
Stolodus cf. stola,Plumulites bengtsoni,1
Stolodus cf. stola,Large plumulitid,1
Stolodus cf. stola,Possible phyllodocid,1
Stolodus cf. stola,Palaeoscolex cf. tenensis,1
Stolodus cf. stola,Priapulid,1
Stolodus cf. stola,Large taxon with spinose limbs,1
Stolodus cf. stola,Small taxon with spinose limbs,1
Stolodus cf. stola,Clonograptus rigidus,1
Stolodus cf. stola,Clonograptus flexibilis,1
Stolodus cf. stola,Clonograptus flexilis,1
Stolodus cf. stola,Clonograptus persistens,1
Stolodus cf. stola,Clonograptus multiplex,1
Stolodus cf. stola,Didymograptus cf. arcuatus,1
Stolodus cf. stola,Didymograptus deflexus,1
Stolodus cf. stola,Didymograptus extensus,1
Stolodus cf. stola,Didymograptus v-fractus,1
Stolodus cf. stola,Didymograptus intendus,1
Stolodus cf. stola,Didymograptus pennatulus,1
Stolodus cf. stola,Didymograptus nanus,1
Stolodus cf. stola,Didymograptus nitidus,1
Stolodus cf. stola,Didymograptus patulus,1
Stolodus cf. stola,Didymograptus sparsus,1
Stolodus cf. stola,"""Didymograptus sp. 1""",1
Stolodus cf. stola,Didymograptus sp.,1
Stolodus cf. stola,Didymograptid indet.,1
Stolodus cf. stola,Dichograptidae?,1
Stolodus cf. stola,Hunnegraptus copiosus,1
Stolodus cf. stola, 'Kiaerograptus' supremus,1
Stolodus cf. stola,Koremagraptus sp.,1
Stolodus cf. stola,Paradelograptus norvegicus,1
Stolodus cf. stola,Paradelograptus tenuis,1
Stolodus cf. stola,Paratemnograptus magnificus,1
Stolodus cf. stola,Tetragraptus cf. approximatus,1
Stolodus cf. stola,Tetragraptus quadribrachiatus,1
Stolodus cf. stola,Tetragraptus reclinatus,1
Stolodus cf. stola,Tetragraptus serra,1
Stolodus cf. stola,Tetragraptus tornquisti,1
Stolodus cf. stola, 'Tetragraptus' bulmani,1
Stolodus cf. stola,Tetragraptus sp.,1
Stolodus cf. stola,Araneograptus murrayi,1
Stolodus cf. stola,Dictyonema sp.,1
Stolodus cf. stola,Tuboid,1
Stolodus cf. stola,Anisograptus cf. matanensis,1
Stolodus cf. stola,Bryograptus divergens,1
Stolodus cf. stola,Bryograptus kjerulfi cumbrensis,1
Stolodus cf. stola,Bryograptus lapworthi,1
Stolodus cf. stola,Rhabdinopora flabelliforme cf. anglica,1
Stolodus cf. stola,Rhabdinopora flabelliforme flabelliforme,1
Stolodus cf. stola,Rhabdinopora flabelliforme multithecatum,1
Stolodus cf. stola,Rhabdinopora flabelliformis socialis,1
Stolodus cf. stola,Rhabdinopora flabelliformis canadenisis,1
Stolodus cf. stola,Rhabdinopora flabelliforme norvegicum,1
Stolodus cf. stola,Acrograptus nicholsoni,1
Stolodus cf. stola,Adelograptus sp.,1
Stolodus cf. stola,Azygograptus eivionicus,1
Stolodus cf. stola,Azygograptus sp.,1
Stolodus cf. stola,Etagraptus putillus,1
Stolodus cf. stola,Hermannograptus sp.,1
Stolodus cf. stola,Isograptus caduceus arcuatus,1
Stolodus cf. stola,Isograptus caduceus gracilis,1
Stolodus cf. stola,Isograptus furcula,1
Stolodus cf. stola,Pterograptus sp.,1
Stolodus cf. stola,Schizograptus sp.,1
Stolodus cf. stola,Temnograptus multiflex,1
Stolodus cf. stola,Temnograptus cf. noveboracensis,1
Stolodus cf. stola,Temnograptus ramulus,1
Stolodus cf. stola,Adelograptus tenellus,1
Stolodus cf. stola,Choristograptus louai,1
Stolodus cf. stola,Ancoragraptus bulmani,1
Stolodus cf. stola,?Cymatograptus protobalticus,1
Stolodus cf. stola,?Baltograptus jacksoni,1
Stolodus cf. stola,Baltograptus minutus,1
Stolodus cf. stola,Baltograptus deflexus,1
Stolodus cf. stola,?Baltograptus kurcki,1
Stolodus cf. stola,Expansograptus sp.,1
Stolodus cf. stola,Webbyites felix,1
Stolodus cf. stola,Rhabdopleura-like epibiont,1
Stolodus cf. stola,Drepanoistodus? cf. pervetus,1
Stolodus cf. stola,Drepanoistodus cf. forceps,1
Stolodus cf. stola,Acodus deltatus,1
Stolodus cf. stola,Cornuodus longibasis,1
Stolodus cf. stola,Drepanodus arcuatus,1
Stolodus cf. stola,Paltodus cf. inaequalis,1
Stolodus cf. stola,Parapaltodus aff. flexuosus,1
Stolodus cf. stola,Parapaltodus aff. simplicissimus,1
Stolodus cf. stola,Paroistodus cf. proteus,1
Stolodus cf. stola,Paroistodus cf. parallellus,1
Stolodus cf. stola,Periodon cf. selenopsis,1
Stolodus cf. stola,Periodon cf. primus,1
Stolodus cf. stola,Prioniodus sp.,1
Stolodus cf. stola,Prioniodus cf. gilberti,1
Stolodus cf. stola,Protopanderodus cf. leonardii,1
Stolodus cf. stola,Scalpellodus aff. gracilis,1
Stolodus cf. stola,Scolopodus aff. krummi,1
Stolodus cf. stola,Semiacontiodus sp.,1
Stolodus cf. stola,Semiacontiodus cf. cornuformis,1
Stolodus cf. stola,Stolodus cf. stola,1
Stolodus cf. stola,Tripodus sp.,1
Stolodus cf. stola,Tripodus aff. Laevis,1
Stolodus cf. stola,Tropodus sp.,1
Stolodus cf. stola,Tropodus cf. sweeti,1
Tripodus sp.,Benthic detritus,1
Tripodus sp.,Zooplankton,1
Tripodus sp.,Bryozoan,1
Tripodus sp.,Halkieriid,1
Tripodus sp.,Calvapilosa kroegeri,1
Tripodus sp.,Plumulites bengtsoni,1
Tripodus sp.,Large plumulitid,1
Tripodus sp.,Possible phyllodocid,1
Tripodus sp.,Palaeoscolex cf. tenensis,1
Tripodus sp.,Priapulid,1
Tripodus sp.,Large taxon with spinose limbs,1
Tripodus sp.,Small taxon with spinose limbs,1
Tripodus sp.,Clonograptus rigidus,1
Tripodus sp.,Clonograptus flexibilis,1
Tripodus sp.,Clonograptus flexilis,1
Tripodus sp.,Clonograptus persistens,1
Tripodus sp.,Clonograptus multiplex,1
Tripodus sp.,Didymograptus cf. arcuatus,1
Tripodus sp.,Didymograptus deflexus,1
Tripodus sp.,Didymograptus extensus,1
Tripodus sp.,Didymograptus v-fractus,1
Tripodus sp.,Didymograptus intendus,1
Tripodus sp.,Didymograptus pennatulus,1
Tripodus sp.,Didymograptus nanus,1
Tripodus sp.,Didymograptus nitidus,1
Tripodus sp.,Didymograptus patulus,1
Tripodus sp.,Didymograptus sparsus,1
Tripodus sp.,"""Didymograptus sp. 1""",1
Tripodus sp.,Didymograptus sp.,1
Tripodus sp.,Didymograptid indet.,1
Tripodus sp.,Dichograptidae?,1
Tripodus sp.,Hunnegraptus copiosus,1
Tripodus sp., 'Kiaerograptus' supremus,1
Tripodus sp.,Koremagraptus sp.,1
Tripodus sp.,Paradelograptus norvegicus,1
Tripodus sp.,Paradelograptus tenuis,1
Tripodus sp.,Paratemnograptus magnificus,1
Tripodus sp.,Tetragraptus cf. approximatus,1
Tripodus sp.,Tetragraptus quadribrachiatus,1
Tripodus sp.,Tetragraptus reclinatus,1
Tripodus sp.,Tetragraptus serra,1
Tripodus sp.,Tetragraptus tornquisti,1
Tripodus sp., 'Tetragraptus' bulmani,1
Tripodus sp.,Tetragraptus sp.,1
Tripodus sp.,Araneograptus murrayi,1
Tripodus sp.,Dictyonema sp.,1
Tripodus sp.,Tuboid,1
Tripodus sp.,Anisograptus cf. matanensis,1
Tripodus sp.,Bryograptus divergens,1
Tripodus sp.,Bryograptus kjerulfi cumbrensis,1
Tripodus sp.,Bryograptus lapworthi,1
Tripodus sp.,Rhabdinopora flabelliforme cf. anglica,1
Tripodus sp.,Rhabdinopora flabelliforme flabelliforme,1
Tripodus sp.,Rhabdinopora flabelliforme multithecatum,1
Tripodus sp.,Rhabdinopora flabelliformis socialis,1
Tripodus sp.,Rhabdinopora flabelliformis canadenisis,1
Tripodus sp.,Rhabdinopora flabelliforme norvegicum,1
Tripodus sp.,Acrograptus nicholsoni,1
Tripodus sp.,Adelograptus sp.,1
Tripodus sp.,Azygograptus eivionicus,1
Tripodus sp.,Azygograptus sp.,1
Tripodus sp.,Etagraptus putillus,1
Tripodus sp.,Hermannograptus sp.,1
Tripodus sp.,Isograptus caduceus arcuatus,1
Tripodus sp.,Isograptus caduceus gracilis,1
Tripodus sp.,Isograptus furcula,1
Tripodus sp.,Pterograptus sp.,1
Tripodus sp.,Schizograptus sp.,1
Tripodus sp.,Temnograptus multiflex,1
Tripodus sp.,Temnograptus cf. noveboracensis,1
Tripodus sp.,Temnograptus ramulus,1
Tripodus sp.,Adelograptus tenellus,1
Tripodus sp.,Choristograptus louai,1
Tripodus sp.,Ancoragraptus bulmani,1
Tripodus sp.,?Cymatograptus protobalticus,1
Tripodus sp.,?Baltograptus jacksoni,1
Tripodus sp.,Baltograptus minutus,1
Tripodus sp.,Baltograptus deflexus,1
Tripodus sp.,?Baltograptus kurcki,1
Tripodus sp.,Expansograptus sp.,1
Tripodus sp.,Webbyites felix,1
Tripodus sp.,Rhabdopleura-like epibiont,1
Tripodus sp.,Drepanoistodus? cf. pervetus,1
Tripodus sp.,Drepanoistodus cf. forceps,1
Tripodus sp.,Acodus deltatus,1
Tripodus sp.,Cornuodus longibasis,1
Tripodus sp.,Drepanodus arcuatus,1
Tripodus sp.,Paltodus cf. inaequalis,1
Tripodus sp.,Parapaltodus aff. flexuosus,1
Tripodus sp.,Parapaltodus aff. simplicissimus,1
Tripodus sp.,Paroistodus cf. proteus,1
Tripodus sp.,Paroistodus cf. parallellus,1
Tripodus sp.,Periodon cf. selenopsis,1
Tripodus sp.,Periodon cf. primus,1
Tripodus sp.,Prioniodus sp.,1
Tripodus sp.,Prioniodus cf. gilberti,1
Tripodus sp.,Protopanderodus cf. leonardii,1
Tripodus sp.,Scalpellodus aff. gracilis,1
Tripodus sp.,Scolopodus aff. krummi,1
Tripodus sp.,Semiacontiodus sp.,1
Tripodus sp.,Semiacontiodus cf. cornuformis,1
Tripodus sp.,Stolodus cf. stola,1
Tripodus sp.,Tripodus sp.,1
Tripodus sp.,Tripodus aff. Laevis,1
Tripodus sp.,Tropodus sp.,1
Tripodus sp.,Tropodus cf. sweeti,1
Tripodus aff. Laevis,Benthic detritus,1
Tripodus aff. Laevis,Zooplankton,1
Tripodus aff. Laevis,Bryozoan,1
Tripodus aff. Laevis,Halkieriid,1
Tripodus aff. Laevis,Calvapilosa kroegeri,1
Tripodus aff. Laevis,Plumulites bengtsoni,1
Tripodus aff. Laevis,Large plumulitid,1
Tripodus aff. Laevis,Possible phyllodocid,1
Tripodus aff. Laevis,Palaeoscolex cf. tenensis,1
Tripodus aff. Laevis,Priapulid,1
Tripodus aff. Laevis,Large taxon with spinose limbs,1
Tripodus aff. Laevis,Small taxon with spinose limbs,1
Tripodus aff. Laevis,Clonograptus rigidus,1
Tripodus aff. Laevis,Clonograptus flexibilis,1
Tripodus aff. Laevis,Clonograptus flexilis,1
Tripodus aff. Laevis,Clonograptus persistens,1
Tripodus aff. Laevis,Clonograptus multiplex,1
Tripodus aff. Laevis,Didymograptus cf. arcuatus,1
Tripodus aff. Laevis,Didymograptus deflexus,1
Tripodus aff. Laevis,Didymograptus extensus,1
Tripodus aff. Laevis,Didymograptus v-fractus,1
Tripodus aff. Laevis,Didymograptus intendus,1
Tripodus aff. Laevis,Didymograptus pennatulus,1
Tripodus aff. Laevis,Didymograptus nanus,1
Tripodus aff. Laevis,Didymograptus nitidus,1
Tripodus aff. Laevis,Didymograptus patulus,1
Tripodus aff. Laevis,Didymograptus sparsus,1
Tripodus aff. Laevis,"""Didymograptus sp. 1""",1
Tripodus aff. Laevis,Didymograptus sp.,1
Tripodus aff. Laevis,Didymograptid indet.,1
Tripodus aff. Laevis,Dichograptidae?,1
Tripodus aff. Laevis,Hunnegraptus copiosus,1
Tripodus aff. Laevis, 'Kiaerograptus' supremus,1
Tripodus aff. Laevis,Koremagraptus sp.,1
Tripodus aff. Laevis,Paradelograptus norvegicus,1
Tripodus aff. Laevis,Paradelograptus tenuis,1
Tripodus aff. Laevis,Paratemnograptus magnificus,1
Tripodus aff. Laevis,Tetragraptus cf. approximatus,1
Tripodus aff. Laevis,Tetragraptus quadribrachiatus,1
Tripodus aff. Laevis,Tetragraptus reclinatus,1
Tripodus aff. Laevis,Tetragraptus serra,1
Tripodus aff. Laevis,Tetragraptus tornquisti,1
Tripodus aff. Laevis, 'Tetragraptus' bulmani,1
Tripodus aff. Laevis,Tetragraptus sp.,1
Tripodus aff. Laevis,Araneograptus murrayi,1
Tripodus aff. Laevis,Dictyonema sp.,1
Tripodus aff. Laevis,Tuboid,1
Tripodus aff. Laevis,Anisograptus cf. matanensis,1
Tripodus aff. Laevis,Bryograptus divergens,1
Tripodus aff. Laevis,Bryograptus kjerulfi cumbrensis,1
Tripodus aff. Laevis,Bryograptus lapworthi,1
Tripodus aff. Laevis,Rhabdinopora flabelliforme cf. anglica,1
Tripodus aff. Laevis,Rhabdinopora flabelliforme flabelliforme,1
Tripodus aff. Laevis,Rhabdinopora flabelliforme multithecatum,1
Tripodus aff. Laevis,Rhabdinopora flabelliformis socialis,1
Tripodus aff. Laevis,Rhabdinopora flabelliformis canadenisis,1
Tripodus aff. Laevis,Rhabdinopora flabelliforme norvegicum,1
Tripodus aff. Laevis,Acrograptus nicholsoni,1
Tripodus aff. Laevis,Adelograptus sp.,1
Tripodus aff. Laevis,Azygograptus eivionicus,1
Tripodus aff. Laevis,Azygograptus sp.,1
Tripodus aff. Laevis,Etagraptus putillus,1
Tripodus aff. Laevis,Hermannograptus sp.,1
Tripodus aff. Laevis,Isograptus caduceus arcuatus,1
Tripodus aff. Laevis,Isograptus caduceus gracilis,1
Tripodus aff. Laevis,Isograptus furcula,1
Tripodus aff. Laevis,Pterograptus sp.,1
Tripodus aff. Laevis,Schizograptus sp.,1
Tripodus aff. Laevis,Temnograptus multiflex,1
Tripodus aff. Laevis,Temnograptus cf. noveboracensis,1
Tripodus aff. Laevis,Temnograptus ramulus,1
Tripodus aff. Laevis,Adelograptus tenellus,1
Tripodus aff. Laevis,Choristograptus louai,1
Tripodus aff. Laevis,Ancoragraptus bulmani,1
Tripodus aff. Laevis,?Cymatograptus protobalticus,1
Tripodus aff. Laevis,?Baltograptus jacksoni,1
Tripodus aff. Laevis,Baltograptus minutus,1
Tripodus aff. Laevis,Baltograptus deflexus,1
Tripodus aff. Laevis,?Baltograptus kurcki,1
Tripodus aff. Laevis,Expansograptus sp.,1
Tripodus aff. Laevis,Webbyites felix,1
Tripodus aff. Laevis,Rhabdopleura-like epibiont,1
Tripodus aff. Laevis,Drepanoistodus? cf. pervetus,1
Tripodus aff. Laevis,Drepanoistodus cf. forceps,1
Tripodus aff. Laevis,Acodus deltatus,1
Tripodus aff. Laevis,Cornuodus longibasis,1
Tripodus aff. Laevis,Drepanodus arcuatus,1
Tripodus aff. Laevis,Paltodus cf. inaequalis,1
Tripodus aff. Laevis,Parapaltodus aff. flexuosus,1
Tripodus aff. Laevis,Parapaltodus aff. simplicissimus,1
Tripodus aff. Laevis,Paroistodus cf. proteus,1
Tripodus aff. Laevis,Paroistodus cf. parallellus,1
Tripodus aff. Laevis,Periodon cf. selenopsis,1
Tripodus aff. Laevis,Periodon cf. primus,1
Tripodus aff. Laevis,Prioniodus sp.,1
Tripodus aff. Laevis,Prioniodus cf. gilberti,1
Tripodus aff. Laevis,Protopanderodus cf. leonardii,1
Tripodus aff. Laevis,Scalpellodus aff. gracilis,1
Tripodus aff. Laevis,Scolopodus aff. krummi,1
Tripodus aff. Laevis,Semiacontiodus sp.,1
Tripodus aff. Laevis,Semiacontiodus cf. cornuformis,1
Tripodus aff. Laevis,Stolodus cf. stola,1
Tripodus aff. Laevis,Tripodus sp.,1
Tripodus aff. Laevis,Tripodus aff. Laevis,1
Tripodus aff. Laevis,Tropodus sp.,1
Tripodus aff. Laevis,Tropodus cf. sweeti,1
Tropodus sp.,Benthic detritus,1
Tropodus sp.,Zooplankton,1
Tropodus sp.,Bryozoan,1
Tropodus sp.,Halkieriid,1
Tropodus sp.,Calvapilosa kroegeri,1
Tropodus sp.,Plumulites bengtsoni,1
Tropodus sp.,Large plumulitid,1
Tropodus sp.,Possible phyllodocid,1
Tropodus sp.,Palaeoscolex cf. tenensis,1
Tropodus sp.,Priapulid,1
Tropodus sp.,Large taxon with spinose limbs,1
Tropodus sp.,Small taxon with spinose limbs,1
Tropodus sp.,Clonograptus rigidus,1
Tropodus sp.,Clonograptus flexibilis,1
Tropodus sp.,Clonograptus flexilis,1
Tropodus sp.,Clonograptus persistens,1
Tropodus sp.,Clonograptus multiplex,1
Tropodus sp.,Didymograptus cf. arcuatus,1
Tropodus sp.,Didymograptus deflexus,1
Tropodus sp.,Didymograptus extensus,1
Tropodus sp.,Didymograptus v-fractus,1
Tropodus sp.,Didymograptus intendus,1
Tropodus sp.,Didymograptus pennatulus,1
Tropodus sp.,Didymograptus nanus,1
Tropodus sp.,Didymograptus nitidus,1
Tropodus sp.,Didymograptus patulus,1
Tropodus sp.,Didymograptus sparsus,1
Tropodus sp.,"""Didymograptus sp. 1""",1
Tropodus sp.,Didymograptus sp.,1
Tropodus sp.,Didymograptid indet.,1
Tropodus sp.,Dichograptidae?,1
Tropodus sp.,Hunnegraptus copiosus,1
Tropodus sp., 'Kiaerograptus' supremus,1
Tropodus sp.,Koremagraptus sp.,1
Tropodus sp.,Paradelograptus norvegicus,1
Tropodus sp.,Paradelograptus tenuis,1
Tropodus sp.,Paratemnograptus magnificus,1
Tropodus sp.,Tetragraptus cf. approximatus,1
Tropodus sp.,Tetragraptus quadribrachiatus,1
Tropodus sp.,Tetragraptus reclinatus,1
Tropodus sp.,Tetragraptus serra,1
Tropodus sp.,Tetragraptus tornquisti,1
Tropodus sp., 'Tetragraptus' bulmani,1
Tropodus sp.,Tetragraptus sp.,1
Tropodus sp.,Araneograptus murrayi,1
Tropodus sp.,Dictyonema sp.,1
Tropodus sp.,Tuboid,1
Tropodus sp.,Anisograptus cf. matanensis,1
Tropodus sp.,Bryograptus divergens,1
Tropodus sp.,Bryograptus kjerulfi cumbrensis,1
Tropodus sp.,Bryograptus lapworthi,1
Tropodus sp.,Rhabdinopora flabelliforme cf. anglica,1
Tropodus sp.,Rhabdinopora flabelliforme flabelliforme,1
Tropodus sp.,Rhabdinopora flabelliforme multithecatum,1
Tropodus sp.,Rhabdinopora flabelliformis socialis,1
Tropodus sp.,Rhabdinopora flabelliformis canadenisis,1
Tropodus sp.,Rhabdinopora flabelliforme norvegicum,1
Tropodus sp.,Acrograptus nicholsoni,1
Tropodus sp.,Adelograptus sp.,1
Tropodus sp.,Azygograptus eivionicus,1
Tropodus sp.,Azygograptus sp.,1
Tropodus sp.,Etagraptus putillus,1
Tropodus sp.,Hermannograptus sp.,1
Tropodus sp.,Isograptus caduceus arcuatus,1
Tropodus sp.,Isograptus caduceus gracilis,1
Tropodus sp.,Isograptus furcula,1
Tropodus sp.,Pterograptus sp.,1
Tropodus sp.,Schizograptus sp.,1
Tropodus sp.,Temnograptus multiflex,1
Tropodus sp.,Temnograptus cf. noveboracensis,1
Tropodus sp.,Temnograptus ramulus,1
Tropodus sp.,Adelograptus tenellus,1
Tropodus sp.,Choristograptus louai,1
Tropodus sp.,Ancoragraptus bulmani,1
Tropodus sp.,?Cymatograptus protobalticus,1
Tropodus sp.,?Baltograptus jacksoni,1
Tropodus sp.,Baltograptus minutus,1
Tropodus sp.,Baltograptus deflexus,1
Tropodus sp.,?Baltograptus kurcki,1
Tropodus sp.,Expansograptus sp.,1
Tropodus sp.,Webbyites felix,1
Tropodus sp.,Rhabdopleura-like epibiont,1
Tropodus sp.,Drepanoistodus? cf. pervetus,1
Tropodus sp.,Drepanoistodus cf. forceps,1
Tropodus sp.,Acodus deltatus,1
Tropodus sp.,Cornuodus longibasis,1
Tropodus sp.,Drepanodus arcuatus,1
Tropodus sp.,Paltodus cf. inaequalis,1
Tropodus sp.,Parapaltodus aff. flexuosus,1
Tropodus sp.,Parapaltodus aff. simplicissimus,1
Tropodus sp.,Paroistodus cf. proteus,1
Tropodus sp.,Paroistodus cf. parallellus,1
Tropodus sp.,Periodon cf. selenopsis,1
Tropodus sp.,Periodon cf. primus,1
Tropodus sp.,Prioniodus sp.,1
Tropodus sp.,Prioniodus cf. gilberti,1
Tropodus sp.,Protopanderodus cf. leonardii,1
Tropodus sp.,Scalpellodus aff. gracilis,1
Tropodus sp.,Scolopodus aff. krummi,1
Tropodus sp.,Semiacontiodus sp.,1
Tropodus sp.,Semiacontiodus cf. cornuformis,1
Tropodus sp.,Stolodus cf. stola,1
Tropodus sp.,Tripodus sp.,1
Tropodus sp.,Tripodus aff. Laevis,1
Tropodus sp.,Tropodus sp.,1
Tropodus sp.,Tropodus cf. sweeti,1
Tropodus cf. sweeti,Benthic detritus,1
Tropodus cf. sweeti,Zooplankton,1
Tropodus cf. sweeti,Bryozoan,1
Tropodus cf. sweeti,Halkieriid,1
Tropodus cf. sweeti,Calvapilosa kroegeri,1
Tropodus cf. sweeti,Plumulites bengtsoni,1
Tropodus cf. sweeti,Large plumulitid,1
Tropodus cf. sweeti,Possible phyllodocid,1
Tropodus cf. sweeti,Palaeoscolex cf. tenensis,1
Tropodus cf. sweeti,Priapulid,1
Tropodus cf. sweeti,Large taxon with spinose limbs,1
Tropodus cf. sweeti,Small taxon with spinose limbs,1
Tropodus cf. sweeti,Clonograptus rigidus,1
Tropodus cf. sweeti,Clonograptus flexibilis,1
Tropodus cf. sweeti,Clonograptus flexilis,1
Tropodus cf. sweeti,Clonograptus persistens,1
Tropodus cf. sweeti,Clonograptus multiplex,1
Tropodus cf. sweeti,Didymograptus cf. arcuatus,1
Tropodus cf. sweeti,Didymograptus deflexus,1
Tropodus cf. sweeti,Didymograptus extensus,1
Tropodus cf. sweeti,Didymograptus v-fractus,1
Tropodus cf. sweeti,Didymograptus intendus,1
Tropodus cf. sweeti,Didymograptus pennatulus,1
Tropodus cf. sweeti,Didymograptus nanus,1
Tropodus cf. sweeti,Didymograptus nitidus,1
Tropodus cf. sweeti,Didymograptus patulus,1
Tropodus cf. sweeti,Didymograptus sparsus,1
Tropodus cf. sweeti,"""Didymograptus sp. 1""",1
Tropodus cf. sweeti,Didymograptus sp.,1
Tropodus cf. sweeti,Didymograptid indet.,1
Tropodus cf. sweeti,Dichograptidae?,1
Tropodus cf. sweeti,Hunnegraptus copiosus,1
Tropodus cf. sweeti, 'Kiaerograptus' supremus,1
Tropodus cf. sweeti,Koremagraptus sp.,1
Tropodus cf. sweeti,Paradelograptus norvegicus,1
Tropodus cf. sweeti,Paradelograptus tenuis,1
Tropodus cf. sweeti,Paratemnograptus magnificus,1
Tropodus cf. sweeti,Tetragraptus cf. approximatus,1
Tropodus cf. sweeti,Tetragraptus quadribrachiatus,1
Tropodus cf. sweeti,Tetragraptus reclinatus,1
Tropodus cf. sweeti,Tetragraptus serra,1
Tropodus cf. sweeti,Tetragraptus tornquisti,1
Tropodus cf. sweeti, 'Tetragraptus' bulmani,1
Tropodus cf. sweeti,Tetragraptus sp.,1
Tropodus cf. sweeti,Araneograptus murrayi,1
Tropodus cf. sweeti,Dictyonema sp.,1
Tropodus cf. sweeti,Tuboid,1
Tropodus cf. sweeti,Anisograptus cf. matanensis,1
Tropodus cf. sweeti,Bryograptus divergens,1
Tropodus cf. sweeti,Bryograptus kjerulfi cumbrensis,1
Tropodus cf. sweeti,Bryograptus lapworthi,1
Tropodus cf. sweeti,Rhabdinopora flabelliforme cf. anglica,1
Tropodus cf. sweeti,Rhabdinopora flabelliforme flabelliforme,1
Tropodus cf. sweeti,Rhabdinopora flabelliforme multithecatum,1
Tropodus cf. sweeti,Rhabdinopora flabelliformis socialis,1
Tropodus cf. sweeti,Rhabdinopora flabelliformis canadenisis,1
Tropodus cf. sweeti,Rhabdinopora flabelliforme norvegicum,1
Tropodus cf. sweeti,Acrograptus nicholsoni,1
Tropodus cf. sweeti,Adelograptus sp.,1
Tropodus cf. sweeti,Azygograptus eivionicus,1
Tropodus cf. sweeti,Azygograptus sp.,1
Tropodus cf. sweeti,Etagraptus putillus,1
Tropodus cf. sweeti,Hermannograptus sp.,1
Tropodus cf. sweeti,Isograptus caduceus arcuatus,1
Tropodus cf. sweeti,Isograptus caduceus gracilis,1
Tropodus cf. sweeti,Isograptus furcula,1
Tropodus cf. sweeti,Pterograptus sp.,1
Tropodus cf. sweeti,Schizograptus sp.,1
Tropodus cf. sweeti,Temnograptus multiflex,1
Tropodus cf. sweeti,Temnograptus cf. noveboracensis,1
Tropodus cf. sweeti,Temnograptus ramulus,1
Tropodus cf. sweeti,Adelograptus tenellus,1
Tropodus cf. sweeti,Choristograptus louai,1
Tropodus cf. sweeti,Ancoragraptus bulmani,1
Tropodus cf. sweeti,?Cymatograptus protobalticus,1
Tropodus cf. sweeti,?Baltograptus jacksoni,1
Tropodus cf. sweeti,Baltograptus minutus,1
Tropodus cf. sweeti,Baltograptus deflexus,1
Tropodus cf. sweeti,?Baltograptus kurcki,1
Tropodus cf. sweeti,Expansograptus sp.,1
Tropodus cf. sweeti,Webbyites felix,1
Tropodus cf. sweeti,Rhabdopleura-like epibiont,1
Tropodus cf. sweeti,Drepanoistodus? cf. pervetus,1
Tropodus cf. sweeti,Drepanoistodus cf. forceps,1
Tropodus cf. sweeti,Acodus deltatus,1
Tropodus cf. sweeti,Cornuodus longibasis,1
Tropodus cf. sweeti,Drepanodus arcuatus,1
Tropodus cf. sweeti,Paltodus cf. inaequalis,1
Tropodus cf. sweeti,Parapaltodus aff. flexuosus,1
Tropodus cf. sweeti,Parapaltodus aff. simplicissimus,1
Tropodus cf. sweeti,Paroistodus cf. proteus,1
Tropodus cf. sweeti,Paroistodus cf. parallellus,1
Tropodus cf. sweeti,Periodon cf. selenopsis,1
Tropodus cf. sweeti,Periodon cf. primus,1
Tropodus cf. sweeti,Prioniodus sp.,1
Tropodus cf. sweeti,Prioniodus cf. gilberti,1
Tropodus cf. sweeti,Protopanderodus cf. leonardii,1
Tropodus cf. sweeti,Scalpellodus aff. gracilis,1
Tropodus cf. sweeti,Scolopodus aff. krummi,1
Tropodus cf. sweeti,Semiacontiodus sp.,1
Tropodus cf. sweeti,Semiacontiodus cf. cornuformis,1
Tropodus cf. sweeti,Stolodus cf. stola,1
Tropodus cf. sweeti,Tripodus sp.,1
Tropodus cf. sweeti,Tripodus aff. Laevis,1
Tropodus cf. sweeti,Tropodus sp.,1
Tropodus cf. sweeti,Tropodus cf. sweeti,1
