Cons._sp.,Resource_sp.
Zooplankton,phytoplankton
Zooplankton,bacterioplankton
Zooplankton,Zooplankton
Wapkiids,phytoplankton
Wapkiids,bacterioplankton
Wapkiids,suspended organic matter
Leptomitids,phytoplankton
Leptomitids,bacterioplankton
Leptomitids,suspended organic matter
leptomitid A,phytoplankton
leptomitid A,bacterioplankton
leptomitid A,suspended organic matter
leptomitid B,phytoplankton
leptomitid B,bacterioplankton
leptomitid B,suspended organic matter
Choia sp.,phytoplankton
Choia sp.,bacterioplankton
Choia sp.,suspended organic matter
Choia sp. B,phytoplankton
Choia sp. B,bacterioplankton
Choia sp. B,suspended organic matter
Choiaella sp.,phytoplankton
Choiaella sp.,bacterioplankton
Choiaella sp.,suspended organic matter
Choiid A,phytoplankton
Choiid A,bacterioplankton
Choiid A,suspended organic matter
Choiid B,phytoplankton
Choiid B,bacterioplankton
Choiid B,suspended organic matter
Choiid C,phytoplankton
Choiid C,bacterioplankton
Choiid C,suspended organic matter
Choiid 2,phytoplankton
Choiid 2,bacterioplankton
Choiid 2,suspended organic matter
Hamptonia sp.,phytoplankton
Hamptonia sp.,bacterioplankton
Hamptonia sp.,suspended organic matter
Pirania auraeum,phytoplankton
Pirania auraeum,bacterioplankton
Pirania auraeum,suspended organic matter
Pellipirania gloria,phytoplankton
Pellipirania gloria,bacterioplankton
Pellipirania gloria,suspended organic matter
piraniid A,phytoplankton
piraniid A,bacterioplankton
piraniid A,suspended organic matter
Hamptonia' christi,phytoplankton
Hamptonia' christi,bacterioplankton
Hamptonia' christi,suspended organic matter
hazeliid,phytoplankton
hazeliid,bacterioplankton
hazeliid,suspended organic matter
Hexactinellids,phytoplankton
Hexactinellids,bacterioplankton
Hexactinellids,suspended organic matter
species ressembling Valospongia,phytoplankton
species ressembling Valospongia,bacterioplankton
species ressembling Valospongia,suspended organic matter
reticulosan A,phytoplankton
reticulosan A,bacterioplankton
reticulosan A,suspended organic matter
reticulosan B,phytoplankton
reticulosan B,bacterioplankton
reticulosan B,suspended organic matter
reticulosan C,phytoplankton
reticulosan C,bacterioplankton
reticulosan C,suspended organic matter
reticulosan D,phytoplankton
reticulosan D,bacterioplankton
reticulosan D,suspended organic matter
reticulosan E,phytoplankton
reticulosan E,bacterioplankton
reticulosan E,suspended organic matter
Archaeoconularia sp.,Zooplankton
Eoconularia sp.,Zooplankton
Sphenothallus sp. 1,Zooplankton
?Sphenothallus sp. 2,Zooplankton
Octocorallia?,Zooplankton
Ranorthis fasciata,phytoplankton
Ranorthis fasciata,suspended organic matter
undet. Athyridida,phytoplankton
undet. Athyridida,suspended organic matter
Acrothele sp.,phytoplankton
Acrothele sp.,suspended organic matter
Plectorthis simplex,phytoplankton
Plectorthis simplex,suspended organic matter
Angusticardinia sp.,phytoplankton
Angusticardinia sp.,suspended organic matter
Lingula salteri,phytoplankton
Lingula salteri,suspended organic matter
Orbithele vana,phytoplankton
Orbithele vana,suspended organic matter
Paurorthis tadristensis,phytoplankton
Paurorthis tadristensis,suspended organic matter
Tarfaya marocana,phytoplankton
Tarfaya marocana,suspended organic matter
Wosekella sp.,phytoplankton
Wosekella sp.,suspended organic matter
Monobolina sp.,phytoplankton
Monobolina sp.,suspended organic matter
Elliptoglossa sp.,phytoplankton
Elliptoglossa sp.,suspended organic matter
Celdobolus sp.,phytoplankton
Celdobolus sp.,suspended organic matter
Discinoidea?,phytoplankton
Discinoidea?,suspended organic matter
undet. Dalmanelloidea,phytoplankton
undet. Dalmanelloidea,suspended organic matter
Bryozoan,phytoplankton
Bryozoan,suspended organic matter
Bryozoan,Zooplankton
Babinka prima,phytoplankton
Babinka prima,bacterioplankton
Babinka prima,suspended organic matter
Babinka prima,Zooplankton
Ctenodonta escosurae,Benthic detritus
Praenucula sp.,Benthic detritus
Redonia michelae,phytoplankton
Redonia michelae,bacterioplankton
Redonia michelae,suspended organic matter
Redonia michelae,Zooplankton
Coxiconcha guirandi,phytoplankton
Coxiconcha guirandi,bacterioplankton
Coxiconcha guirandi,suspended organic matter
Coxiconcha guirandi,Zooplankton
Alococoncha?,Benthic detritus
Cardiolaria?,Benthic detritus
Cienagomya?,phytoplankton
Cienagomya?,bacterioplankton
Cienagomya?,suspended organic matter
Cienagomya?,Zooplankton
Ekaterodonta courtessolei,Benthic detritus
Glyptarca sp.,phytoplankton
Glyptarca sp.,bacterioplankton
Glyptarca sp.,suspended organic matter
Glyptarca sp.,Zooplankton
Pelecyogyra fezouataensis,Benthic detritus
Sinuites sp.,Benthic detritus
Lesueurilla prima,phytoplankton
Lesueurilla prima,suspended organic matter
undet. Platyceratoidea,Ranorthis fasciata
undet. Platyceratoidea,undet. Athyridida
undet. Platyceratoidea,Acrothele sp.
undet. Platyceratoidea,Plectorthis simplex
undet. Platyceratoidea,Angusticardinia sp.
undet. Platyceratoidea,Lingula salteri
undet. Platyceratoidea,Orbithele vana
undet. Platyceratoidea,Paurorthis tadristensis
undet. Platyceratoidea,Tarfaya marocana
undet. Platyceratoidea,Wosekella sp.
undet. Platyceratoidea,Monobolina sp.
undet. Platyceratoidea,Elliptoglossa sp.
undet. Platyceratoidea,Celdobolus sp.
undet. Platyceratoidea,Discinoidea?
undet. Platyceratoidea,undet. Dalmanelloidea
undet. Platyceratoidea,Babinka prima
undet. Platyceratoidea,Ctenodonta escosurae
undet. Platyceratoidea,Praenucula sp.
undet. Platyceratoidea,Redonia michelae
undet. Platyceratoidea,Coxiconchia guiraudi
undet. Platyceratoidea,Alococoncha?
undet. Platyceratoidea,Cardiolaria? sp.
undet. Platyceratoidea,Cienagomya? sp.
undet. Platyceratoidea,Ekaterodonta courtessolei
undet. Platyceratoidea,Glyptarca sp.
undet. Monoplacophora,phytoplankton
undet. Monoplacophora,Benthic detritus
Thoralispira laevis,Benthic detritus
Thoralispira? cf. occitana,Benthic detritus
Carcassonnella courtessolei,Benthic detritus
Carcassonnella vizcainoi,Benthic detritus
Carcassonnella sp.,Benthic detritus
Ribeiria sp.,phytoplankton
Ribeiria sp.,suspended organic matter
Tolmachovia?,phytoplankton
Tolmachovia?,suspended organic matter
Wiwaxiid,bacterioplankton
Wiwaxiid,Benthic detritus
Wiwaxiid,Chaetocladid
Wiwaxiid,Alga type 1
Wiwaxiid,Alga type 2
Halkieriid,Benthic detritus
Halkieriid,Bryozoan
Halkieriid,Calvapilosa kroegeri
Halkieriid,Plumulites bengtsoni
Halkieriid,Large plumulitid
Halkieriid,Possible phyllodocid
Halkieriid,Palaeoscolex cf. tenensis
Halkieriid,Priapulid
Halkieriid,Enosiaspis hrungnir
Halkieriid, 'Synziphosurine'/Synziphosurina?
Halkieriid,Chasmataspidid
Halkieriid,Tariccoia tazagurtensis
Halkieriid,Phyllocarid
Halkieriid,Ostracod
Halkieriid,Lepadomorph barnacle
Halkieriid,undet. Dikelocephalidae
Halkieriid,undet. Illaenacea
Halkieriid,Orometopus sp.
Halkieriid,Toletanaspis aff. borni
Halkieriid,Bathycheilus gallicus
Halkieriid,Agerina quadrata
Halkieriid,Geragnostus aff. occitanus
Halkieriid,Geragnostus sp.
Halkieriid,Proetidae?
Halkieriid,undet. Trinucleidae
Halkieriid,Nileus deynouxi
Halkieriid,Hospes sp.
Halkieriid,Ogygiocaris sp.
Halkieriid,cf. Niobella sp.
Halkieriid,Hyolithes sp.
Helcionelloid,bacterioplankton
Helcionelloid,Benthic detritus
Helcionelloid,Alga type 1
Helcionelloid,Alga type 2
Calvapilosa kroegeri,bacterioplankton
Calvapilosa kroegeri,Alga type 1
Calvapilosa kroegeri,Alga type 2
Bactroceras sp.,Ranorthis fasciata
Bactroceras sp.,undet. Athyridida
Bactroceras sp.,Acrothele sp.
Bactroceras sp.,Plectorthis simplex
Bactroceras sp.,Angusticardinia sp.
Bactroceras sp.,Lingula salteri
Bactroceras sp.,Orbithele vana
Bactroceras sp.,Paurorthis tadristensis
Bactroceras sp.,Tarfaya marocana
Bactroceras sp.,Wosekella sp.
Bactroceras sp.,Monobolina sp.
Bactroceras sp.,Elliptoglossa sp.
Bactroceras sp.,Celdobolus sp.
Bactroceras sp.,Discinoidea?
Bactroceras sp.,undet. Dalmanelloidea
Bactroceras sp.,Babinka prima
Bactroceras sp.,Ctenodonta escosurae
Bactroceras sp.,Praenucula sp.
Bactroceras sp.,Redonia michelae
Bactroceras sp.,Coxiconchia guiraudi
Bactroceras sp.,Alococoncha?
Bactroceras sp.,Cardiolaria? sp.
Bactroceras sp.,Cienagomya? sp.
Bactroceras sp.,Ekaterodonta courtessolei
Bactroceras sp.,Glyptarca sp.
Bactroceras sp.,Pelecyogyra fezouataensis
Bactroceras sp.,Sinuites sp.
Bactroceras sp.,Lesueurilla prima
Bactroceras sp.,undet. Platyceratoidea
Bactroceras sp.,Thoralispira laevis
Bactroceras sp.,Thoralispira? cf. occitana
Bactroceras sp.,Carcassonnella courtessolei
Bactroceras sp.,Carcassonnella vizcainoi
Bactroceras sp.,Carcassonnella sp.
Bactroceras sp.,Bathmoceras taichoutense
Bactroceras sp.,Destombesiceras zagorense
Bactroceras sp.,Enosiaspis hrungnir
Bactroceras sp., 'Synziphosurine'/Synziphosurina?
Bactroceras sp.,Chasmataspidid
Bactroceras sp.,Possible pycnogonid
Bactroceras sp.,Tariccoia tazagurtensis
Bactroceras sp.,Cheloniellid
Bactroceras sp.,Phyllocarid
Bactroceras sp.,Ostracod
Bactroceras sp.,Lepadomorph barnacle
Bactroceras sp.,undet. Dikelocephalidae
Bactroceras sp.,undet. Illaenacea
Bactroceras sp.,Orometopus sp.
Bactroceras sp.,Cnemidopyge sp.
Bactroceras sp.,Toletanaspis aff. borni
Bactroceras sp.,undet. Dalmanitacea
Bactroceras sp.,Bathycheilus gallicus
Bactroceras sp.,Agerina quadrata
Bactroceras sp.,Geragnostus aff. occitanus
Bactroceras sp.,Geragnostus sp.
Bactroceras sp.,Beltella sp.
Bactroceras sp.,Ampyx priscus
Bactroceras sp.,Ampyx cf. priscus
Bactroceras sp.,Proetidae?
Bactroceras sp.,undet. Trinucleidae
Bactroceras sp.,Nileus deynouxi
Bactroceras sp.,Hospes sp.
Bactroceras sp.,Ogygiocaris sp.
Bactroceras sp.,cf. Niobella sp.
Bactroceras sp.,Somasteroid indet. n. sp. 1
Bactroceras sp.,Somasteroid indet. n. sp. 2
Bactroceras sp.,Somasteroid indet. n. sp. 3
Bactroceras sp.,Somasteroid indet.
Bactroceras sp.,undet. Asteroidea
Bactroceras sp.,Palaeosphaeronites sp.
Bactroceras sp.,Palaeosphaeronites? prokopi
Bactroceras sp.,Aristocystites cf. bohemicus (sinuous?)
Bactroceras sp.,Aristocystites sp.
Bactroceras sp.,Ascocystites? sp.
Bactroceras sp.,Balantiocystis regnelli
Bactroceras sp.,Balantiocystis sp.
Bactroceras sp.,Rhopalocystis sp.
Bactroceras sp.,Rhopalocystis dehirensis
Bactroceras sp.,Rhopalocystis destombesi
Bactroceras sp.,Rhopalocystis fraga
Bactroceras sp.,Rhopalocystis grandis
Bactroceras sp.,Rhopalocystis havliceki
Bactroceras sp.,Rhopalocystis lehmani
Bactroceras sp.,Rhopalocystis zagoraensis
Bactroceras sp.,Rhopalocystis sp. A
Bactroceras sp.,Rhopalocystis sp. B
Bactroceras sp.,Rhopalocystis sp. C
Bactroceras sp.,cf. Rhopalocystis
Bactroceras sp.,Lingulocystis aff. deani
Bactroceras sp.,Lingulocystis elongata
Bactroceras sp.,cf. Pareocrinus
Bactroceras sp.,Eocrinoidea indet. sp. 1
Bactroceras sp.,Eocrinoidea indet. sp. 2
Bactroceras sp.,Eocrinoidea indet.
Bactroceras sp.,Ramseyocrinus sp.
Bactroceras sp.,Crinoid 2
Bactroceras sp.,Aethocrinus cf. moorei
Bactroceras sp.,Iocrinus n. sp.
Bactroceras sp.,Cystoidea?/undet. Cystoidea
Bactroceras sp.,Argodiscus espilezorum
Bactroceras sp.,Anedriophus moroccoensis
Bactroceras sp.,Rhenopyrgid indet.
Bactroceras sp.,Ampelocarpus sp.
Bactroceras sp.,Amygdalotheca griffei
Bactroceras sp.,Anatifopsis escandei
Bactroceras sp.,Anatifopsis trapeziiformis
Bactroceras sp.,Anatifopsis sp.
Bactroceras sp.,"Anomalocystid n. gen., n. sp. "
Bactroceras sp.,Aspidocarpus sp.
Bactroceras sp.,Arauricystis? sp.
Bactroceras sp.,Balanocystites primus
Bactroceras sp.,Bohemiaecystis
Bactroceras sp.,Chauvelicystis ubaghsi
Bactroceras sp.,Chauvelicystis spinosa
Bactroceras sp.,Chauvelicystis vizcainoi
Bactroceras sp.,Chauvelicystis sp.
Bactroceras sp.,"Chauvelicystid n. gen., n. sp. 1"
Bactroceras sp.,"Chauvelicystid n. gen., n. sp. 2"
Bactroceras sp.,Chinianocarpos sp.
Bactroceras sp.,"Cornuta n. gen. 1, n. sp."
Bactroceras sp.,"Cornuta n. gen. 2, n. sp."
Bactroceras sp.,Flabellicarpus rushtoni
Bactroceras sp.,Flabellicarpus?
Bactroceras sp.,Galliaecystis n. sp.
Bactroceras sp.,Galliaecystis ubaghsi
Bactroceras sp.,Hanusia n. sp.
Bactroceras sp.,Lagynocystis pyramidalis
Bactroceras sp.,Kirkocystidae?
Bactroceras sp.,Lyricocarpus courtessolei
Bactroceras sp.,Milonicystis sp.
Bactroceras sp.,Mitrocystitid indet. cf. Ovocarpus
Bactroceras sp.,Nanocarpus cf. dolambii
Bactroceras sp.,Phyllocystis blayaci
Bactroceras sp.,Phyllocystis sp.
Bactroceras sp.,Procothurnocystis n. sp.
Bactroceras sp.,Prokopicystis sp.
Bactroceras sp.,Thoralicystis zagoraensis
Bactroceras sp.,Thoralicystis n. sp.
Bactroceras sp.,Vizcainocarpus sp.
Bactroceras sp.,Cothurnocystid indetl.
Bactroceras sp.,Hanusiid indet.
Bactroceras sp.,Peltocystis cornuta
Bactroceras sp.,Scotiaevystis? sp.
Bactroceras sp.,Macrocystella sp.
Bactroceras sp.,Macrocystella bohemica
Bactroceras sp.,Macrocystella cf. mariae
Bactroceras sp.,Macrocystella tasseftensis
Bactroceras sp.,undet. Ophiuroidea
Bactroceras sp.,Clonograptus rigidus
Bactroceras sp.,Clonograptus flexibilis
Bactroceras sp.,Clonograptus flexilis
Bactroceras sp.,Clonograptus persistens
Bactroceras sp.,Clonograptus multiplex
Bactroceras sp.,Didymograptus cf. arcuatus
Bactroceras sp.,Didymograptus deflexus
Bactroceras sp.,Didymograptus extensus
Bactroceras sp.,Didymograptus v-fractus
Bactroceras sp.,Didymograptus intendus
Bactroceras sp.,Didymograptus pennatulus
Bactroceras sp.,Didymograptus nanus
Bactroceras sp.,Didymograptus nitidus
Bactroceras sp.,Didymograptus patulus
Bactroceras sp.,Didymograptus sparsus
Bactroceras sp.,"""Didymograptus sp. 1"""
Bactroceras sp.,Didymograptus sp.
Bactroceras sp.,Didymograptid indet.
Bactroceras sp.,Dichograptidae?
Bactroceras sp.,Hunnegraptus copiosus
Bactroceras sp., 'Kiaerograptus' supremus
Bactroceras sp.,Koremagraptus sp.
Bactroceras sp.,Paradelograptus norvegicus
Bactroceras sp.,Paradelograptus tenuis
Bactroceras sp.,Paratemnograptus magnificus
Bactroceras sp.,Tetragraptus cf. approximatus
Bactroceras sp.,Tetragraptus quadribrachiatus
Bactroceras sp.,Tetragraptus reclinatus
Bactroceras sp.,Tetragraptus serra
Bactroceras sp.,Tetragraptus tornquisti
Bactroceras sp., 'Tetragraptus' bulmani
Bactroceras sp.,Tetragraptus sp.
Bactroceras sp.,Araneograptus murrayi
Bactroceras sp.,Dictyonema sp.
Bactroceras sp.,Tuboid
Bactroceras sp.,Anisograptus cf. matanensis
Bactroceras sp.,Bryograptus divergens
Bactroceras sp.,Bryograptus kjerulfi cumbrensis
Bactroceras sp.,Bryograptus lapworthi
Bactroceras sp.,Rhabdinopora flabelliforme cf. anglica
Bactroceras sp.,Rhabdinopora flabelliforme flabelliforme
Bactroceras sp.,Rhabdinopora flabelliforme multithecatum
Bactroceras sp.,Rhabdinopora flabelliformis socialis
Bactroceras sp.,Rhabdinopora flabelliformis canadenisis
Bactroceras sp.,Rhabdinopora flabelliforme norvegicum
Bactroceras sp.,Acrograptus nicholsoni
Bactroceras sp.,Adelograptus sp.
Bactroceras sp.,Azygograptus eivionicus
Bactroceras sp.,Azygograptus sp.
Bactroceras sp.,Etagraptus putillus
Bactroceras sp.,Hermannograptus sp.
Bactroceras sp.,Isograptus caduceus arcuatus
Bactroceras sp.,Isograptus caduceus gracilis
Bactroceras sp.,Isograptus furcula
Bactroceras sp.,Pterograptus sp.
Bactroceras sp.,Schizograptus sp.
Bactroceras sp.,Temnograptus multiflex
Bactroceras sp.,Temnograptus cf. noveboracensis
Bactroceras sp.,Temnograptus ramulus
Bactroceras sp.,Adelograptus tenellus
Bactroceras sp.,Choristograptus louai
Bactroceras sp.,Ancoragraptus bulmani
Bactroceras sp.,?Cymatograptus protobalticus
Bactroceras sp.,?Baltograptus jacksoni
Bactroceras sp.,Baltograptus minutus
Bactroceras sp.,Baltograptus deflexus
Bactroceras sp.,?Baltograptus kurcki
Bactroceras sp.,Expansograptus sp.
Bactroceras sp.,Webbyites felix
Bactroceras sp.,Rhabdopleura-like epibiont
Bactroceras sp.,Hyolithes sp.
Bactroceras sp.,Drepanoistodus? cf. pervetus
Bactroceras sp.,Drepanoistodus cf. forceps
Bactroceras sp.,Acodus deltatus
Bactroceras sp.,Cornuodus longibasis
Bactroceras sp.,Drepanodus arcuatus
Bactroceras sp.,Paltodus cf. inaequalis
Bactroceras sp.,Parapaltodus aff. flexuosus
Bactroceras sp.,Parapaltodus aff. simplicissimus
Bactroceras sp.,Paroistodus cf. proteus
Bactroceras sp.,Paroistodus cf. parallellus
Bactroceras sp.,Periodon cf. selenopsis
Bactroceras sp.,Periodon cf. primus
Bactroceras sp.,Prioniodus sp.
Bactroceras sp.,Prioniodus cf. gilberti
Bactroceras sp.,Protopanderodus cf. leonardii
Bactroceras sp.,Scalpellodus aff. gracilis
Bactroceras sp.,Scolopodus aff. krummi
Bactroceras sp.,Semiacontiodus sp.
Bactroceras sp.,Semiacontiodus cf. cornuformis
Bactroceras sp.,Stolodus cf. stola
Bactroceras sp.,Tripodus sp.
Bactroceras sp.,Tripodus aff. Laevis
Bactroceras sp.,Tropodus sp.
Bactroceras sp.,Tropodus cf. sweeti
Bathmoceras australe,Ranorthis fasciata
Bathmoceras australe,undet. Athyridida
Bathmoceras australe,Acrothele sp.
Bathmoceras australe,Plectorthis simplex
Bathmoceras australe,Angusticardinia sp.
Bathmoceras australe,Lingula salteri
Bathmoceras australe,Orbithele vana
Bathmoceras australe,Paurorthis tadristensis
Bathmoceras australe,Tarfaya marocana
Bathmoceras australe,Wosekella sp.
Bathmoceras australe,Monobolina sp.
Bathmoceras australe,Elliptoglossa sp.
Bathmoceras australe,Celdobolus sp.
Bathmoceras australe,Discinoidea?
Bathmoceras australe,undet. Dalmanelloidea
Bathmoceras australe,Babinka prima
Bathmoceras australe,Ctenodonta escosurae
Bathmoceras australe,Praenucula sp.
Bathmoceras australe,Redonia michelae
Bathmoceras australe,Coxiconchia guiraudi
Bathmoceras australe,Alococoncha?
Bathmoceras australe,Cardiolaria? sp.
Bathmoceras australe,Cienagomya? sp.
Bathmoceras australe,Ekaterodonta courtessolei
Bathmoceras australe,Glyptarca sp.
Bathmoceras australe,Pelecyogyra fezouataensis
Bathmoceras australe,Sinuites sp.
Bathmoceras australe,Lesueurilla prima
Bathmoceras australe,undet. Platyceratoidea
Bathmoceras australe,Thoralispira laevis
Bathmoceras australe,Thoralispira? cf. occitana
Bathmoceras australe,Carcassonnella courtessolei
Bathmoceras australe,Carcassonnella vizcainoi
Bathmoceras australe,Carcassonnella sp.
Bathmoceras australe,Ribeiria sp.
Bathmoceras australe,Bactroceras sp.
Bathmoceras australe,Bathmoceras taichoutense
Bathmoceras australe,Rioceras sp.
Bathmoceras australe,Destombesiceras zagorense
Bathmoceras australe,Polymeres sp.
Bathmoceras australe,Protocyptendoceras longicameratum
Bathmoceras australe,Hurdia sp.
Bathmoceras australe,Furca sp. 1
Bathmoceras australe,Furca sp. 2
Bathmoceras australe,Furca sp. 3
Bathmoceras australe,Enosiaspis hrungnir
Bathmoceras australe,Leanchoilia sp.
Bathmoceras australe,Possible waptiid
Bathmoceras australe, 'Synziphosurine'/Synziphosurina?
Bathmoceras australe,Chasmataspidid
Bathmoceras australe,Possible pycnogonid
Bathmoceras australe,Possible helmetiid
Bathmoceras australe,Possible retifaciid
Bathmoceras australe,Naraoiid
Bathmoceras australe,Tariccoia tazagurtensis
Bathmoceras australe,Chlupacaris? sp.
Bathmoceras australe,Cheloniellid
Bathmoceras australe,Phyllocarid
Bathmoceras australe,Ostracod
Bathmoceras australe,Lepadomorph barnacle
Bathmoceras australe,Asaphellus sp aff. jujuanus
Bathmoceras australe,Kierarges morrisoni
Bathmoceras australe,Symphysurus sicardi
Bathmoceras australe,Symphysurus ebbestadi
Bathmoceras australe,Apatokephalus cf. incisus
Bathmoceras australe,undet. Dikelocephalidae
Bathmoceras australe,undet. Illaenacea
Bathmoceras australe,Orometopus sp.
Bathmoceras australe,Cnemidopyge sp.
Bathmoceras australe,Parvilichas marochii
Bathmoceras australe,Selenopeltis aff. Gallica
Bathmoceras australe,Selenopeltis binodosa
Bathmoceras australe,Selenopeltis sp. 1
Bathmoceras australe,Selenopeltis sp. 2
Bathmoceras australe,Foulonia peregrina
Bathmoceras australe,Foulonia sp.
Bathmoceras australe,Toletanaspis aff. borni
Bathmoceras australe,undet. Dalmanitacea
Bathmoceras australe,Bathycheilus gallicus
Bathmoceras australe,Bavarilla aff. zemmourensis
Bathmoceras australe,Bavarilla zemmourensis
Bathmoceras australe,Bavarilla sp.
Bathmoceras australe,Colpocoryphe thorali
Bathmoceras australe,Colpocoryphe pradesensis
Bathmoceras australe,Colpocoryphe sp.
Bathmoceras australe,Pharostoma sp.
Bathmoceras australe,Pharostomina sp. 
Bathmoceras australe,Prionocheilus aff. languedocensis
Bathmoceras australe,Prionocheilus sp.
Bathmoceras australe,Agerina quadrata
Bathmoceras australe,Euloma sp.
Bathmoceras australe,Geragnostus aff. occitanus
Bathmoceras australe,Geragnostus sp.
Bathmoceras australe,Beltella sp.
Bathmoceras australe,Ampyx priscus
Bathmoceras australe,Ampyx cf. priscus
Bathmoceras australe,Ceraurinella? sp.
Bathmoceras australe,Megalaspidella sp.
Bathmoceras australe,Platycoryphe sp.
Bathmoceras australe,Parabathycheilus gallicus
Bathmoceras australe,Proetidae?
Bathmoceras australe,undet. Trinucleidae
Bathmoceras australe,Anacheirurus adserai
Bathmoceras australe,Eoharpes sp.
Bathmoceras australe,Nileus deynouxi
Bathmoceras australe,Hospes sp.
Bathmoceras australe,Ogygiocaris sp.
Bathmoceras australe,Ormathops clariondi
Bathmoceras australe,Pterygometopus sp.
Bathmoceras australe,Iberocoryphe sp.
Bathmoceras australe,cf. Niobella sp.
Bathmoceras australe,Somasteroid indet. n. sp. 1
Bathmoceras australe,Somasteroid indet. n. sp. 2
Bathmoceras australe,Somasteroid indet. n. sp. 3
Bathmoceras australe,Somasteroid indet.
Bathmoceras australe,undet. Asteroidea
Bathmoceras australe,undet. Stelleroidea
Bathmoceras australe,Palaeosphaeronites sp.
Bathmoceras australe,Palaeosphaeronites? prokopi
Bathmoceras australe,Aristocystites cf. bohemicus (sinuous?)
Bathmoceras australe,Aristocystites sp.
Bathmoceras australe,Ascocystites? sp.
Bathmoceras australe,Balantiocystis regnelli
Bathmoceras australe,Balantiocystis sp.
Bathmoceras australe,Rhopalocystis sp.
Bathmoceras australe,Rhopalocystis dehirensis
Bathmoceras australe,Rhopalocystis destombesi
Bathmoceras australe,Rhopalocystis fraga
Bathmoceras australe,Rhopalocystis grandis
Bathmoceras australe,Rhopalocystis havliceki
Bathmoceras australe,Rhopalocystis lehmani
Bathmoceras australe,Rhopalocystis zagoraensis
Bathmoceras australe,Rhopalocystis sp. A
Bathmoceras australe,Rhopalocystis sp. B
Bathmoceras australe,Rhopalocystis sp. C
Bathmoceras australe,cf. Rhopalocystis
Bathmoceras australe,Lingulocystis aff. deani
Bathmoceras australe,Lingulocystis elongata
Bathmoceras australe,cf. Pareocrinus
Bathmoceras australe,Eocrinoidea indet. sp. 1
Bathmoceras australe,Eocrinoidea indet. sp. 2
Bathmoceras australe,Eocrinoidea indet.
Bathmoceras australe,Ramseyocrinus sp.
Bathmoceras australe,Crinoid 2
Bathmoceras australe,Aethocrinus cf. moorei
Bathmoceras australe,Iocrinus n. sp.
Bathmoceras australe,Cystoidea?/undet. Cystoidea
Bathmoceras australe,Argodiscus espilezorum
Bathmoceras australe,Anedriophus moroccoensis
Bathmoceras australe,Rhenopyrgid indet.
Bathmoceras australe,Ampelocarpus sp.
Bathmoceras australe,Amygdalotheca griffei
Bathmoceras australe,Anatifopsis escandei
Bathmoceras australe,Anatifopsis trapeziiformis
Bathmoceras australe,Anatifopsis sp.
Bathmoceras australe,"Anomalocystid n. gen., n. sp. "
Bathmoceras australe,Aspidocarpus sp.
Bathmoceras australe,Arauricystis? sp.
Bathmoceras australe,Balanocystites primus
Bathmoceras australe,Bohemiaecystis
Bathmoceras australe,Chauvelicystis ubaghsi
Bathmoceras australe,Chauvelicystis spinosa
Bathmoceras australe,Chauvelicystis vizcainoi
Bathmoceras australe,Chauvelicystis sp.
Bathmoceras australe,"Chauvelicystid n. gen., n. sp. 1"
Bathmoceras australe,"Chauvelicystid n. gen., n. sp. 2"
Bathmoceras australe,Chinianocarpos sp.
Bathmoceras australe,"Cornuta n. gen. 1, n. sp."
Bathmoceras australe,"Cornuta n. gen. 2, n. sp."
Bathmoceras australe,Flabellicarpus rushtoni
Bathmoceras australe,Flabellicarpus?
Bathmoceras australe,Galliaecystis n. sp.
Bathmoceras australe,Galliaecystis ubaghsi
Bathmoceras australe,Hanusia n. sp.
Bathmoceras australe,Lagynocystis pyramidalis
Bathmoceras australe,Kirkocystidae?
Bathmoceras australe,Lyricocarpus courtessolei
Bathmoceras australe,Milonicystis sp.
Bathmoceras australe,Mitrocystitid indet. cf. Ovocarpus
Bathmoceras australe,Nanocarpus cf. dolambii
Bathmoceras australe,Phyllocystis blayaci
Bathmoceras australe,Phyllocystis sp.
Bathmoceras australe,Procothurnocystis n. sp.
Bathmoceras australe,Prokopicystis sp.
Bathmoceras australe,Thoralicystis zagoraensis
Bathmoceras australe,Thoralicystis n. sp.
Bathmoceras australe,Vizcainocarpus sp.
Bathmoceras australe,Cothurnocystid indetl.
Bathmoceras australe,Hanusiid indet.
Bathmoceras australe,Peltocystis cornuta
Bathmoceras australe,Scotiaevystis? sp.
Bathmoceras australe,Macrocystella sp.
Bathmoceras australe,Macrocystella bohemica
Bathmoceras australe,Macrocystella cf. mariae
Bathmoceras australe,Macrocystella tasseftensis
Bathmoceras australe,undet. Ophiuroidea
Bathmoceras australe,Clonograptus rigidus
Bathmoceras australe,Clonograptus flexibilis
Bathmoceras australe,Clonograptus flexilis
Bathmoceras australe,Clonograptus persistens
Bathmoceras australe,Clonograptus multiplex
Bathmoceras australe,Didymograptus cf. arcuatus
Bathmoceras australe,Didymograptus deflexus
Bathmoceras australe,Didymograptus extensus
Bathmoceras australe,Didymograptus v-fractus
Bathmoceras australe,Didymograptus intendus
Bathmoceras australe,Didymograptus pennatulus
Bathmoceras australe,Didymograptus nanus
Bathmoceras australe,Didymograptus nitidus
Bathmoceras australe,Didymograptus patulus
Bathmoceras australe,Didymograptus sparsus
Bathmoceras australe,"""Didymograptus sp. 1"""
Bathmoceras australe,Didymograptus sp.
Bathmoceras australe,Didymograptid indet.
Bathmoceras australe,Dichograptidae?
Bathmoceras australe,Hunnegraptus copiosus
Bathmoceras australe, 'Kiaerograptus' supremus
Bathmoceras australe,Koremagraptus sp.
Bathmoceras australe,Paradelograptus norvegicus
Bathmoceras australe,Paradelograptus tenuis
Bathmoceras australe,Paratemnograptus magnificus
Bathmoceras australe,Tetragraptus cf. approximatus
Bathmoceras australe,Tetragraptus quadribrachiatus
Bathmoceras australe,Tetragraptus reclinatus
Bathmoceras australe,Tetragraptus serra
Bathmoceras australe,Tetragraptus tornquisti
Bathmoceras australe, 'Tetragraptus' bulmani
Bathmoceras australe,Tetragraptus sp.
Bathmoceras australe,Araneograptus murrayi
Bathmoceras australe,Dictyonema sp.
Bathmoceras australe,Tuboid
Bathmoceras australe,Anisograptus cf. matanensis
Bathmoceras australe,Bryograptus divergens
Bathmoceras australe,Bryograptus kjerulfi cumbrensis
Bathmoceras australe,Bryograptus lapworthi
Bathmoceras australe,Rhabdinopora flabelliforme cf. anglica
Bathmoceras australe,Rhabdinopora flabelliforme flabelliforme
Bathmoceras australe,Rhabdinopora flabelliforme multithecatum
Bathmoceras australe,Rhabdinopora flabelliformis socialis
Bathmoceras australe,Rhabdinopora flabelliformis canadenisis
Bathmoceras australe,Rhabdinopora flabelliforme norvegicum
Bathmoceras australe,Acrograptus nicholsoni
Bathmoceras australe,Adelograptus sp.
Bathmoceras australe,Azygograptus eivionicus
Bathmoceras australe,Azygograptus sp.
Bathmoceras australe,Etagraptus putillus
Bathmoceras australe,Hermannograptus sp.
Bathmoceras australe,Isograptus caduceus arcuatus
Bathmoceras australe,Isograptus caduceus gracilis
Bathmoceras australe,Isograptus furcula
Bathmoceras australe,Pterograptus sp.
Bathmoceras australe,Schizograptus sp.
Bathmoceras australe,Temnograptus multiflex
Bathmoceras australe,Temnograptus cf. noveboracensis
Bathmoceras australe,Temnograptus ramulus
Bathmoceras australe,Adelograptus tenellus
Bathmoceras australe,Choristograptus louai
Bathmoceras australe,Ancoragraptus bulmani
Bathmoceras australe,?Cymatograptus protobalticus
Bathmoceras australe,?Baltograptus jacksoni
Bathmoceras australe,Baltograptus minutus
Bathmoceras australe,Baltograptus deflexus
Bathmoceras australe,?Baltograptus kurcki
Bathmoceras australe,Expansograptus sp.
Bathmoceras australe,Webbyites felix
Bathmoceras australe,Rhabdopleura-like epibiont
Bathmoceras australe,Elegantilites sp.
Bathmoceras australe,Gamalites? sp.
Bathmoceras australe,Gompholites sp.
Bathmoceras australe,Nephrotheca sp.
Bathmoceras australe,Hyolithes sp.
Bathmoceras australe,Pauxillites thaddei
Bathmoceras australe,Pauxillites sp.
Bathmoceras australe,Drepanoistodus? cf. pervetus
Bathmoceras australe,Drepanoistodus cf. forceps
Bathmoceras australe,Acodus deltatus
Bathmoceras australe,Cornuodus longibasis
Bathmoceras australe,Drepanodus arcuatus
Bathmoceras australe,Paltodus cf. inaequalis
Bathmoceras australe,Parapaltodus aff. flexuosus
Bathmoceras australe,Parapaltodus aff. simplicissimus
Bathmoceras australe,Paroistodus cf. proteus
Bathmoceras australe,Paroistodus cf. parallellus
Bathmoceras australe,Periodon cf. selenopsis
Bathmoceras australe,Periodon cf. primus
Bathmoceras australe,Prioniodus sp.
Bathmoceras australe,Prioniodus cf. gilberti
Bathmoceras australe,Protopanderodus cf. leonardii
Bathmoceras australe,Scalpellodus aff. gracilis
Bathmoceras australe,Scolopodus aff. krummi
Bathmoceras australe,Semiacontiodus sp.
Bathmoceras australe,Semiacontiodus cf. cornuformis
Bathmoceras australe,Stolodus cf. stola
Bathmoceras australe,Tripodus sp.
Bathmoceras australe,Tripodus aff. Laevis
Bathmoceras australe,Tropodus sp.
Bathmoceras australe,Tropodus cf. sweeti
Bathmoceras taichoutense,Ranorthis fasciata
Bathmoceras taichoutense,undet. Athyridida
Bathmoceras taichoutense,Acrothele sp.
Bathmoceras taichoutense,Plectorthis simplex
Bathmoceras taichoutense,Angusticardinia sp.
Bathmoceras taichoutense,Lingula salteri
Bathmoceras taichoutense,Orbithele vana
Bathmoceras taichoutense,Paurorthis tadristensis
Bathmoceras taichoutense,Tarfaya marocana
Bathmoceras taichoutense,Wosekella sp.
Bathmoceras taichoutense,Monobolina sp.
Bathmoceras taichoutense,Elliptoglossa sp.
Bathmoceras taichoutense,Celdobolus sp.
Bathmoceras taichoutense,Discinoidea?
Bathmoceras taichoutense,undet. Dalmanelloidea
Bathmoceras taichoutense,Ctenodonta escosurae
Bathmoceras taichoutense,Praenucula sp.
Bathmoceras taichoutense,Redonia michelae
Bathmoceras taichoutense,Coxiconchia guiraudi
Bathmoceras taichoutense,Alococoncha?
Bathmoceras taichoutense,Cardiolaria? sp.
Bathmoceras taichoutense,Cienagomya? sp.
Bathmoceras taichoutense,Ekaterodonta courtessolei
Bathmoceras taichoutense,Glyptarca sp.
Bathmoceras taichoutense,Pelecyogyra fezouataensis
Bathmoceras taichoutense,Sinuites sp.
Bathmoceras taichoutense,Lesueurilla prima
Bathmoceras taichoutense,undet. Platyceratoidea
Bathmoceras taichoutense,Thoralispira? cf. occitana
Bathmoceras taichoutense,Carcassonnella courtessolei
Bathmoceras taichoutense,Carcassonnella vizcainoi
Bathmoceras taichoutense,Carcassonnella sp.
Bathmoceras taichoutense,Enosiaspis hrungnir
Bathmoceras taichoutense, 'Synziphosurine'/Synziphosurina?
Bathmoceras taichoutense,Possible pycnogonid
Bathmoceras taichoutense,Tariccoia tazagurtensis
Bathmoceras taichoutense,Ostracod
Bathmoceras taichoutense,Lepadomorph barnacle
Bathmoceras taichoutense,undet. Dikelocephalidae
Bathmoceras taichoutense,undet. Illaenacea
Bathmoceras taichoutense,Orometopus sp.
Bathmoceras taichoutense,Agerina quadrata
Bathmoceras taichoutense,Geragnostus aff. occitanus
Bathmoceras taichoutense,Geragnostus sp.
Bathmoceras taichoutense,Ampyx priscus
Bathmoceras taichoutense,Ampyx cf. priscus
Bathmoceras taichoutense,Proetidae?
Bathmoceras taichoutense,undet. Trinucleidae
Bathmoceras taichoutense,Nileus deynouxi
Bathmoceras taichoutense,Hospes sp.
Bathmoceras taichoutense,Ogygiocaris sp.
Bathmoceras taichoutense,Palaeosphaeronites sp.
Bathmoceras taichoutense,Palaeosphaeronites? prokopi
Bathmoceras taichoutense,Aristocystites cf. bohemicus (sinuous?)
Bathmoceras taichoutense,Aristocystites sp.
Bathmoceras taichoutense,Ascocystites? sp.
Bathmoceras taichoutense,Balantiocystis regnelli
Bathmoceras taichoutense,Balantiocystis sp.
Bathmoceras taichoutense,Rhopalocystis sp.
Bathmoceras taichoutense,Rhopalocystis dehirensis
Bathmoceras taichoutense,Rhopalocystis destombesi
Bathmoceras taichoutense,Rhopalocystis fraga
Bathmoceras taichoutense,Rhopalocystis grandis
Bathmoceras taichoutense,Rhopalocystis havliceki
Bathmoceras taichoutense,Rhopalocystis lehmani
Bathmoceras taichoutense,Rhopalocystis zagoraensis
Bathmoceras taichoutense,Rhopalocystis sp. A
Bathmoceras taichoutense,Rhopalocystis sp. B
Bathmoceras taichoutense,Rhopalocystis sp. C
Bathmoceras taichoutense,cf. Rhopalocystis
Bathmoceras taichoutense,Lingulocystis aff. deani
Bathmoceras taichoutense,Lingulocystis elongata
Bathmoceras taichoutense,cf. Pareocrinus
Bathmoceras taichoutense,Eocrinoidea indet. sp. 1
Bathmoceras taichoutense,Eocrinoidea indet. sp. 2
Bathmoceras taichoutense,Eocrinoidea indet.
Bathmoceras taichoutense,Ramseyocrinus sp.
Bathmoceras taichoutense,Crinoid 2
Bathmoceras taichoutense,Aethocrinus cf. moorei
Bathmoceras taichoutense,Iocrinus n. sp.
Bathmoceras taichoutense,Cystoidea?/undet. Cystoidea
Bathmoceras taichoutense,Argodiscus espilezorum
Bathmoceras taichoutense,Anedriophus moroccoensis
Bathmoceras taichoutense,Rhenopyrgid indet.
Bathmoceras taichoutense,Ampelocarpus sp.
Bathmoceras taichoutense,Amygdalotheca griffei
Bathmoceras taichoutense,Anatifopsis escandei
Bathmoceras taichoutense,Anatifopsis trapeziiformis
Bathmoceras taichoutense,Anatifopsis sp.
Bathmoceras taichoutense,"Anomalocystid n. gen., n. sp. "
Bathmoceras taichoutense,Aspidocarpus sp.
Bathmoceras taichoutense,Arauricystis? sp.
Bathmoceras taichoutense,Balanocystites primus
Bathmoceras taichoutense,Bohemiaecystis
Bathmoceras taichoutense,Chauvelicystis ubaghsi
Bathmoceras taichoutense,Chauvelicystis spinosa
Bathmoceras taichoutense,Chauvelicystis vizcainoi
Bathmoceras taichoutense,Chauvelicystis sp.
Bathmoceras taichoutense,"Chauvelicystid n. gen., n. sp. 1"
Bathmoceras taichoutense,"Chauvelicystid n. gen., n. sp. 2"
Bathmoceras taichoutense,Chinianocarpos sp.
Bathmoceras taichoutense,"Cornuta n. gen. 1, n. sp."
Bathmoceras taichoutense,"Cornuta n. gen. 2, n. sp."
Bathmoceras taichoutense,Flabellicarpus rushtoni
Bathmoceras taichoutense,Flabellicarpus?
Bathmoceras taichoutense,Galliaecystis n. sp.
Bathmoceras taichoutense,Galliaecystis ubaghsi
Bathmoceras taichoutense,Hanusia n. sp.
Bathmoceras taichoutense,Lagynocystis pyramidalis
Bathmoceras taichoutense,Kirkocystidae?
Bathmoceras taichoutense,Lyricocarpus courtessolei
Bathmoceras taichoutense,Milonicystis sp.
Bathmoceras taichoutense,Mitrocystitid indet. cf. Ovocarpus
Bathmoceras taichoutense,Nanocarpus cf. dolambii
Bathmoceras taichoutense,Phyllocystis blayaci
Bathmoceras taichoutense,Phyllocystis sp.
Bathmoceras taichoutense,Procothurnocystis n. sp.
Bathmoceras taichoutense,Prokopicystis sp.
Bathmoceras taichoutense,Thoralicystis zagoraensis
Bathmoceras taichoutense,Thoralicystis n. sp.
Bathmoceras taichoutense,Vizcainocarpus sp.
Bathmoceras taichoutense,Cothurnocystid indetl.
Bathmoceras taichoutense,Hanusiid indet.
Bathmoceras taichoutense,Peltocystis cornuta
Bathmoceras taichoutense,Scotiaevystis? sp.
Bathmoceras taichoutense,Macrocystella sp.
Bathmoceras taichoutense,Macrocystella bohemica
Bathmoceras taichoutense,Macrocystella cf. mariae
Bathmoceras taichoutense,Macrocystella tasseftensis
Bathmoceras taichoutense,undet. Ophiuroidea
Bathmoceras taichoutense,Clonograptus rigidus
Bathmoceras taichoutense,Clonograptus flexibilis
Bathmoceras taichoutense,Clonograptus flexilis
Bathmoceras taichoutense,Clonograptus persistens
Bathmoceras taichoutense,Clonograptus multiplex
Bathmoceras taichoutense,Didymograptus cf. arcuatus
Bathmoceras taichoutense,Didymograptus deflexus
Bathmoceras taichoutense,Didymograptus extensus
Bathmoceras taichoutense,Didymograptus v-fractus
Bathmoceras taichoutense,Didymograptus intendus
Bathmoceras taichoutense,Didymograptus pennatulus
Bathmoceras taichoutense,Didymograptus nanus
Bathmoceras taichoutense,Didymograptus nitidus
Bathmoceras taichoutense,Didymograptus patulus
Bathmoceras taichoutense,Didymograptus sparsus
Bathmoceras taichoutense,"""Didymograptus sp. 1"""
Bathmoceras taichoutense,Didymograptus sp.
Bathmoceras taichoutense,Didymograptid indet.
Bathmoceras taichoutense,Dichograptidae?
Bathmoceras taichoutense,Hunnegraptus copiosus
Bathmoceras taichoutense, 'Kiaerograptus' supremus
Bathmoceras taichoutense,Koremagraptus sp.
Bathmoceras taichoutense,Paradelograptus norvegicus
Bathmoceras taichoutense,Paradelograptus tenuis
Bathmoceras taichoutense,Paratemnograptus magnificus
Bathmoceras taichoutense,Tetragraptus cf. approximatus
Bathmoceras taichoutense,Tetragraptus quadribrachiatus
Bathmoceras taichoutense,Tetragraptus reclinatus
Bathmoceras taichoutense,Tetragraptus serra
Bathmoceras taichoutense,Tetragraptus tornquisti
Bathmoceras taichoutense, 'Tetragraptus' bulmani
Bathmoceras taichoutense,Tetragraptus sp.
Bathmoceras taichoutense,Araneograptus murrayi
Bathmoceras taichoutense,Dictyonema sp.
Bathmoceras taichoutense,Tuboid
Bathmoceras taichoutense,Anisograptus cf. matanensis
Bathmoceras taichoutense,Bryograptus divergens
Bathmoceras taichoutense,Bryograptus kjerulfi cumbrensis
Bathmoceras taichoutense,Bryograptus lapworthi
Bathmoceras taichoutense,Rhabdinopora flabelliforme cf. anglica
Bathmoceras taichoutense,Rhabdinopora flabelliforme flabelliforme
Bathmoceras taichoutense,Rhabdinopora flabelliforme multithecatum
Bathmoceras taichoutense,Rhabdinopora flabelliformis socialis
Bathmoceras taichoutense,Rhabdinopora flabelliformis canadenisis
Bathmoceras taichoutense,Rhabdinopora flabelliforme norvegicum
Bathmoceras taichoutense,Acrograptus nicholsoni
Bathmoceras taichoutense,Adelograptus sp.
Bathmoceras taichoutense,Azygograptus eivionicus
Bathmoceras taichoutense,Azygograptus sp.
Bathmoceras taichoutense,Etagraptus putillus
Bathmoceras taichoutense,Hermannograptus sp.
Bathmoceras taichoutense,Isograptus caduceus arcuatus
Bathmoceras taichoutense,Isograptus caduceus gracilis
Bathmoceras taichoutense,Isograptus furcula
Bathmoceras taichoutense,Pterograptus sp.
Bathmoceras taichoutense,Schizograptus sp.
Bathmoceras taichoutense,Temnograptus multiflex
Bathmoceras taichoutense,Temnograptus cf. noveboracensis
Bathmoceras taichoutense,Temnograptus ramulus
Bathmoceras taichoutense,Adelograptus tenellus
Bathmoceras taichoutense,Choristograptus louai
Bathmoceras taichoutense,Ancoragraptus bulmani
Bathmoceras taichoutense,?Cymatograptus protobalticus
Bathmoceras taichoutense,?Baltograptus jacksoni
Bathmoceras taichoutense,Baltograptus minutus
Bathmoceras taichoutense,Baltograptus deflexus
Bathmoceras taichoutense,?Baltograptus kurcki
Bathmoceras taichoutense,Expansograptus sp.
Bathmoceras taichoutense,Webbyites felix
Bathmoceras taichoutense,Rhabdopleura-like epibiont
Bathmoceras taichoutense,Elegantilites sp.
Bathmoceras taichoutense,Gamalites? sp.
Bathmoceras taichoutense,Gompholites sp.
Bathmoceras taichoutense,Nephrotheca sp.
Bathmoceras taichoutense,Hyolithes sp.
Bathmoceras taichoutense,Pauxillites thaddei
Bathmoceras taichoutense,Pauxillites sp.
Bathmoceras taichoutense,Drepanoistodus? cf. pervetus
Bathmoceras taichoutense,Drepanoistodus cf. forceps
Bathmoceras taichoutense,Acodus deltatus
Bathmoceras taichoutense,Cornuodus longibasis
Bathmoceras taichoutense,Drepanodus arcuatus
Bathmoceras taichoutense,Paltodus cf. inaequalis
Bathmoceras taichoutense,Parapaltodus aff. flexuosus
Bathmoceras taichoutense,Parapaltodus aff. simplicissimus
Bathmoceras taichoutense,Paroistodus cf. proteus
Bathmoceras taichoutense,Paroistodus cf. parallellus
Bathmoceras taichoutense,Periodon cf. selenopsis
Bathmoceras taichoutense,Periodon cf. primus
Bathmoceras taichoutense,Prioniodus sp.
Bathmoceras taichoutense,Prioniodus cf. gilberti
Bathmoceras taichoutense,Protopanderodus cf. leonardii
Bathmoceras taichoutense,Scalpellodus aff. gracilis
Bathmoceras taichoutense,Scolopodus aff. krummi
Bathmoceras taichoutense,Semiacontiodus sp.
Bathmoceras taichoutense,Semiacontiodus cf. cornuformis
Bathmoceras taichoutense,Stolodus cf. stola
Bathmoceras taichoutense,Tripodus sp.
Bathmoceras taichoutense,Tripodus aff. Laevis
Bathmoceras taichoutense,Tropodus sp.
Bathmoceras taichoutense,Tropodus cf. sweeti
Rioceras sp.,Ranorthis fasciata
Rioceras sp.,undet. Athyridida
Rioceras sp.,Acrothele sp.
Rioceras sp.,Plectorthis simplex
Rioceras sp.,Angusticardinia sp.
Rioceras sp.,Lingula salteri
Rioceras sp.,Orbithele vana
Rioceras sp.,Paurorthis tadristensis
Rioceras sp.,Tarfaya marocana
Rioceras sp.,Wosekella sp.
Rioceras sp.,Monobolina sp.
Rioceras sp.,Elliptoglossa sp.
Rioceras sp.,Celdobolus sp.
Rioceras sp.,Discinoidea?
Rioceras sp.,undet. Dalmanelloidea
Rioceras sp.,Babinka prima
Rioceras sp.,Ctenodonta escosurae
Rioceras sp.,Praenucula sp.
Rioceras sp.,Redonia michelae
Rioceras sp.,Coxiconchia guiraudi
Rioceras sp.,Alococoncha?
Rioceras sp.,Cardiolaria? sp.
Rioceras sp.,Cienagomya? sp.
Rioceras sp.,Ekaterodonta courtessolei
Rioceras sp.,Glyptarca sp.
Rioceras sp.,Pelecyogyra fezouataensis
Rioceras sp.,Sinuites sp.
Rioceras sp.,Lesueurilla prima
Rioceras sp.,undet. Platyceratoidea
Rioceras sp.,Thoralispira laevis
Rioceras sp.,Thoralispira? cf. occitana
Rioceras sp.,Carcassonnella courtessolei
Rioceras sp.,Carcassonnella vizcainoi
Rioceras sp.,Carcassonnella sp.
Rioceras sp.,Ribeiria sp.
Rioceras sp.,Bactroceras sp.
Rioceras sp.,Bathmoceras taichoutense
Rioceras sp.,Destombesiceras zagorense
Rioceras sp.,Polymeres sp.
Rioceras sp.,Protocyptendoceras longicameratum
Rioceras sp.,Furca sp. 1
Rioceras sp.,Furca sp. 2
Rioceras sp.,Furca sp. 3
Rioceras sp.,Enosiaspis hrungnir
Rioceras sp.,Leanchoilia sp.
Rioceras sp.,Possible waptiid
Rioceras sp., 'Synziphosurine'/Synziphosurina?
Rioceras sp.,Chasmataspidid
Rioceras sp.,Possible pycnogonid
Rioceras sp.,Possible helmetiid
Rioceras sp.,Possible retifaciid
Rioceras sp.,Tariccoia tazagurtensis
Rioceras sp.,Chlupacaris? sp.
Rioceras sp.,Cheloniellid
Rioceras sp.,Phyllocarid
Rioceras sp.,Ostracod
Rioceras sp.,Lepadomorph barnacle
Rioceras sp.,Asaphellus sp aff. jujuanus
Rioceras sp.,Kierarges morrisoni
Rioceras sp.,Symphysurus sicardi
Rioceras sp.,Symphysurus ebbestadi
Rioceras sp.,Apatokephalus cf. incisus
Rioceras sp.,undet. Dikelocephalidae
Rioceras sp.,undet. Illaenacea
Rioceras sp.,Orometopus sp.
Rioceras sp.,Cnemidopyge sp.
Rioceras sp.,Parvilichas marochii
Rioceras sp.,Selenopeltis aff. Gallica
Rioceras sp.,Selenopeltis binodosa
Rioceras sp.,Selenopeltis sp. 1
Rioceras sp.,Selenopeltis sp. 2
Rioceras sp.,Foulonia peregrina
Rioceras sp.,Foulonia sp.
Rioceras sp.,Toletanaspis aff. borni
Rioceras sp.,undet. Dalmanitacea
Rioceras sp.,Bathycheilus gallicus
Rioceras sp.,Bavarilla aff. zemmourensis
Rioceras sp.,Bavarilla zemmourensis
Rioceras sp.,Bavarilla sp.
Rioceras sp.,Colpocoryphe thorali
Rioceras sp.,Colpocoryphe pradesensis
Rioceras sp.,Pharostoma sp.
Rioceras sp.,Pharostomina sp. 
Rioceras sp.,Agerina quadrata
Rioceras sp.,Euloma sp.
Rioceras sp.,Geragnostus aff. occitanus
Rioceras sp.,Geragnostus sp.
Rioceras sp.,Beltella sp.
Rioceras sp.,Ampyx priscus
Rioceras sp.,Ampyx cf. priscus
Rioceras sp.,Ceraurinella? sp.
Rioceras sp.,Megalaspidella sp.
Rioceras sp.,Platycoryphe sp.
Rioceras sp.,Parabathycheilus gallicus
Rioceras sp.,Proetidae?
Rioceras sp.,undet. Trinucleidae
Rioceras sp.,Nileus deynouxi
Rioceras sp.,Hospes sp.
Rioceras sp.,Ogygiocaris sp.
Rioceras sp.,Ormathops clariondi
Rioceras sp.,Pterygometopus sp.
Rioceras sp.,Iberocoryphe sp.
Rioceras sp.,cf. Niobella sp.
Rioceras sp.,Somasteroid indet. n. sp. 1
Rioceras sp.,Somasteroid indet. n. sp. 2
Rioceras sp.,Somasteroid indet. n. sp. 3
Rioceras sp.,Somasteroid indet.
Rioceras sp.,undet. Asteroidea
Rioceras sp.,undet. Stelleroidea
Rioceras sp.,Palaeosphaeronites sp.
Rioceras sp.,Palaeosphaeronites? prokopi
Rioceras sp.,Aristocystites cf. bohemicus (sinuous?)
Rioceras sp.,Aristocystites sp.
Rioceras sp.,Ascocystites? sp.
Rioceras sp.,Balantiocystis regnelli
Rioceras sp.,Balantiocystis sp.
Rioceras sp.,Rhopalocystis sp.
Rioceras sp.,Rhopalocystis dehirensis
Rioceras sp.,Rhopalocystis destombesi
Rioceras sp.,Rhopalocystis fraga
Rioceras sp.,Rhopalocystis grandis
Rioceras sp.,Rhopalocystis havliceki
Rioceras sp.,Rhopalocystis lehmani
Rioceras sp.,Rhopalocystis zagoraensis
Rioceras sp.,Rhopalocystis sp. A
Rioceras sp.,Rhopalocystis sp. B
Rioceras sp.,Rhopalocystis sp. C
Rioceras sp.,cf. Rhopalocystis
Rioceras sp.,Lingulocystis aff. deani
Rioceras sp.,Lingulocystis elongata
Rioceras sp.,cf. Pareocrinus
Rioceras sp.,Eocrinoidea indet. sp. 1
Rioceras sp.,Eocrinoidea indet. sp. 2
Rioceras sp.,Eocrinoidea indet.
Rioceras sp.,Ramseyocrinus sp.
Rioceras sp.,Crinoid 2
Rioceras sp.,Aethocrinus cf. moorei
Rioceras sp.,Iocrinus n. sp.
Rioceras sp.,Cystoidea?/undet. Cystoidea
Rioceras sp.,Argodiscus espilezorum
Rioceras sp.,Anedriophus moroccoensis
Rioceras sp.,Rhenopyrgid indet.
Rioceras sp.,Ampelocarpus sp.
Rioceras sp.,Amygdalotheca griffei
Rioceras sp.,Anatifopsis escandei
Rioceras sp.,Anatifopsis trapeziiformis
Rioceras sp.,Anatifopsis sp.
Rioceras sp.,"Anomalocystid n. gen., n. sp. "
Rioceras sp.,Aspidocarpus sp.
Rioceras sp.,Arauricystis? sp.
Rioceras sp.,Balanocystites primus
Rioceras sp.,Bohemiaecystis
Rioceras sp.,Chauvelicystis ubaghsi
Rioceras sp.,Chauvelicystis spinosa
Rioceras sp.,Chauvelicystis vizcainoi
Rioceras sp.,Chauvelicystis sp.
Rioceras sp.,"Chauvelicystid n. gen., n. sp. 1"
Rioceras sp.,"Chauvelicystid n. gen., n. sp. 2"
Rioceras sp.,Chinianocarpos sp.
Rioceras sp.,"Cornuta n. gen. 1, n. sp."
Rioceras sp.,"Cornuta n. gen. 2, n. sp."
Rioceras sp.,Flabellicarpus rushtoni
Rioceras sp.,Flabellicarpus?
Rioceras sp.,Galliaecystis n. sp.
Rioceras sp.,Galliaecystis ubaghsi
Rioceras sp.,Hanusia n. sp.
Rioceras sp.,Lagynocystis pyramidalis
Rioceras sp.,Kirkocystidae?
Rioceras sp.,Lyricocarpus courtessolei
Rioceras sp.,Milonicystis sp.
Rioceras sp.,Mitrocystitid indet. cf. Ovocarpus
Rioceras sp.,Nanocarpus cf. dolambii
Rioceras sp.,Phyllocystis blayaci
Rioceras sp.,Phyllocystis sp.
Rioceras sp.,Procothurnocystis n. sp.
Rioceras sp.,Prokopicystis sp.
Rioceras sp.,Thoralicystis zagoraensis
Rioceras sp.,Thoralicystis n. sp.
Rioceras sp.,Vizcainocarpus sp.
Rioceras sp.,Cothurnocystid indetl.
Rioceras sp.,Hanusiid indet.
Rioceras sp.,Peltocystis cornuta
Rioceras sp.,Scotiaevystis? sp.
Rioceras sp.,Macrocystella sp.
Rioceras sp.,Macrocystella bohemica
Rioceras sp.,Macrocystella cf. mariae
Rioceras sp.,Macrocystella tasseftensis
Rioceras sp.,undet. Ophiuroidea
Rioceras sp.,Clonograptus rigidus
Rioceras sp.,Clonograptus flexibilis
Rioceras sp.,Clonograptus flexilis
Rioceras sp.,Clonograptus persistens
Rioceras sp.,Clonograptus multiplex
Rioceras sp.,Didymograptus cf. arcuatus
Rioceras sp.,Didymograptus deflexus
Rioceras sp.,Didymograptus extensus
Rioceras sp.,Didymograptus v-fractus
Rioceras sp.,Didymograptus intendus
Rioceras sp.,Didymograptus pennatulus
Rioceras sp.,Didymograptus nanus
Rioceras sp.,Didymograptus nitidus
Rioceras sp.,Didymograptus patulus
Rioceras sp.,Didymograptus sparsus
Rioceras sp.,"""Didymograptus sp. 1"""
Rioceras sp.,Didymograptus sp.
Rioceras sp.,Didymograptid indet.
Rioceras sp.,Dichograptidae?
Rioceras sp.,Hunnegraptus copiosus
Rioceras sp., 'Kiaerograptus' supremus
Rioceras sp.,Koremagraptus sp.
Rioceras sp.,Paradelograptus norvegicus
Rioceras sp.,Paradelograptus tenuis
Rioceras sp.,Paratemnograptus magnificus
Rioceras sp.,Tetragraptus cf. approximatus
Rioceras sp.,Tetragraptus quadribrachiatus
Rioceras sp.,Tetragraptus reclinatus
Rioceras sp.,Tetragraptus serra
Rioceras sp.,Tetragraptus tornquisti
Rioceras sp., 'Tetragraptus' bulmani
Rioceras sp.,Tetragraptus sp.
Rioceras sp.,Araneograptus murrayi
Rioceras sp.,Dictyonema sp.
Rioceras sp.,Tuboid
Rioceras sp.,Anisograptus cf. matanensis
Rioceras sp.,Bryograptus divergens
Rioceras sp.,Bryograptus kjerulfi cumbrensis
Rioceras sp.,Bryograptus lapworthi
Rioceras sp.,Rhabdinopora flabelliforme cf. anglica
Rioceras sp.,Rhabdinopora flabelliforme flabelliforme
Rioceras sp.,Rhabdinopora flabelliforme multithecatum
Rioceras sp.,Rhabdinopora flabelliformis socialis
Rioceras sp.,Rhabdinopora flabelliformis canadenisis
Rioceras sp.,Rhabdinopora flabelliforme norvegicum
Rioceras sp.,Acrograptus nicholsoni
Rioceras sp.,Adelograptus sp.
Rioceras sp.,Azygograptus eivionicus
Rioceras sp.,Azygograptus sp.
Rioceras sp.,Etagraptus putillus
Rioceras sp.,Hermannograptus sp.
Rioceras sp.,Isograptus caduceus arcuatus
Rioceras sp.,Isograptus caduceus gracilis
Rioceras sp.,Isograptus furcula
Rioceras sp.,Pterograptus sp.
Rioceras sp.,Schizograptus sp.
Rioceras sp.,Temnograptus multiflex
Rioceras sp.,Temnograptus cf. noveboracensis
Rioceras sp.,Temnograptus ramulus
Rioceras sp.,Adelograptus tenellus
Rioceras sp.,Choristograptus louai
Rioceras sp.,Ancoragraptus bulmani
Rioceras sp.,?Cymatograptus protobalticus
Rioceras sp.,?Baltograptus jacksoni
Rioceras sp.,Baltograptus minutus
Rioceras sp.,Baltograptus deflexus
Rioceras sp.,?Baltograptus kurcki
Rioceras sp.,Expansograptus sp.
Rioceras sp.,Webbyites felix
Rioceras sp.,Rhabdopleura-like epibiont
Rioceras sp.,Elegantilites sp.
Rioceras sp.,Gamalites? sp.
Rioceras sp.,Gompholites sp.
Rioceras sp.,Nephrotheca sp.
Rioceras sp.,Hyolithes sp.
Rioceras sp.,Pauxillites thaddei
Rioceras sp.,Pauxillites sp.
Rioceras sp.,Drepanoistodus? cf. pervetus
Rioceras sp.,Drepanoistodus cf. forceps
Rioceras sp.,Acodus deltatus
Rioceras sp.,Cornuodus longibasis
Rioceras sp.,Drepanodus arcuatus
Rioceras sp.,Paltodus cf. inaequalis
Rioceras sp.,Parapaltodus aff. flexuosus
Rioceras sp.,Parapaltodus aff. simplicissimus
Rioceras sp.,Paroistodus cf. proteus
Rioceras sp.,Paroistodus cf. parallellus
Rioceras sp.,Periodon cf. selenopsis
Rioceras sp.,Periodon cf. primus
Rioceras sp.,Prioniodus sp.
Rioceras sp.,Prioniodus cf. gilberti
Rioceras sp.,Protopanderodus cf. leonardii
Rioceras sp.,Scalpellodus aff. gracilis
Rioceras sp.,Scolopodus aff. krummi
Rioceras sp.,Semiacontiodus sp.
Rioceras sp.,Semiacontiodus cf. cornuformis
Rioceras sp.,Stolodus cf. stola
Rioceras sp.,Tripodus sp.
Rioceras sp.,Tripodus aff. Laevis
Rioceras sp.,Tropodus sp.
Rioceras sp.,Tropodus cf. sweeti
Destombesiceras zagorense,Ranorthis fasciata
Destombesiceras zagorense,undet. Athyridida
Destombesiceras zagorense,Acrothele sp.
Destombesiceras zagorense,Plectorthis simplex
Destombesiceras zagorense,Angusticardinia sp.
Destombesiceras zagorense,Lingula salteri
Destombesiceras zagorense,Orbithele vana
Destombesiceras zagorense,Paurorthis tadristensis
Destombesiceras zagorense,Tarfaya marocana
Destombesiceras zagorense,Wosekella sp.
Destombesiceras zagorense,Monobolina sp.
Destombesiceras zagorense,Elliptoglossa sp.
Destombesiceras zagorense,Celdobolus sp.
Destombesiceras zagorense,Discinoidea?
Destombesiceras zagorense,undet. Dalmanelloidea
Destombesiceras zagorense,Ctenodonta escosurae
Destombesiceras zagorense,Praenucula sp.
Destombesiceras zagorense,Redonia michelae
Destombesiceras zagorense,Coxiconchia guiraudi
Destombesiceras zagorense,Alococoncha?
Destombesiceras zagorense,Cardiolaria? sp.
Destombesiceras zagorense,Cienagomya? sp.
Destombesiceras zagorense,Ekaterodonta courtessolei
Destombesiceras zagorense,Glyptarca sp.
Destombesiceras zagorense,Pelecyogyra fezouataensis
Destombesiceras zagorense,Sinuites sp.
Destombesiceras zagorense,Lesueurilla prima
Destombesiceras zagorense,undet. Platyceratoidea
Destombesiceras zagorense,Thoralispira? cf. occitana
Destombesiceras zagorense,Carcassonnella courtessolei
Destombesiceras zagorense,Carcassonnella vizcainoi
Destombesiceras zagorense,Carcassonnella sp.
Destombesiceras zagorense,Enosiaspis hrungnir
Destombesiceras zagorense, 'Synziphosurine'/Synziphosurina?
Destombesiceras zagorense,Possible pycnogonid
Destombesiceras zagorense,Tariccoia tazagurtensis
Destombesiceras zagorense,Ostracod
Destombesiceras zagorense,Lepadomorph barnacle
Destombesiceras zagorense,undet. Dikelocephalidae
Destombesiceras zagorense,undet. Illaenacea
Destombesiceras zagorense,Orometopus sp.
Destombesiceras zagorense,Agerina quadrata
Destombesiceras zagorense,Geragnostus aff. occitanus
Destombesiceras zagorense,Geragnostus sp.
Destombesiceras zagorense,Ampyx priscus
Destombesiceras zagorense,Ampyx cf. priscus
Destombesiceras zagorense,Proetidae?
Destombesiceras zagorense,undet. Trinucleidae
Destombesiceras zagorense,Nileus deynouxi
Destombesiceras zagorense,Hospes sp.
Destombesiceras zagorense,Ogygiocaris sp.
Destombesiceras zagorense,Palaeosphaeronites sp.
Destombesiceras zagorense,Palaeosphaeronites? prokopi
Destombesiceras zagorense,Aristocystites cf. bohemicus (sinuous?)
Destombesiceras zagorense,Aristocystites sp.
Destombesiceras zagorense,Ascocystites? sp.
Destombesiceras zagorense,Balantiocystis regnelli
Destombesiceras zagorense,Balantiocystis sp.
Destombesiceras zagorense,Rhopalocystis sp.
Destombesiceras zagorense,Rhopalocystis dehirensis
Destombesiceras zagorense,Rhopalocystis destombesi
Destombesiceras zagorense,Rhopalocystis fraga
Destombesiceras zagorense,Rhopalocystis grandis
Destombesiceras zagorense,Rhopalocystis havliceki
Destombesiceras zagorense,Rhopalocystis lehmani
Destombesiceras zagorense,Rhopalocystis zagoraensis
Destombesiceras zagorense,Rhopalocystis sp. A
Destombesiceras zagorense,Rhopalocystis sp. B
Destombesiceras zagorense,Rhopalocystis sp. C
Destombesiceras zagorense,cf. Rhopalocystis
Destombesiceras zagorense,Lingulocystis aff. deani
Destombesiceras zagorense,Lingulocystis elongata
Destombesiceras zagorense,cf. Pareocrinus
Destombesiceras zagorense,Eocrinoidea indet. sp. 1
Destombesiceras zagorense,Eocrinoidea indet. sp. 2
Destombesiceras zagorense,Eocrinoidea indet.
Destombesiceras zagorense,Ramseyocrinus sp.
Destombesiceras zagorense,Crinoid 2
Destombesiceras zagorense,Aethocrinus cf. moorei
Destombesiceras zagorense,Iocrinus n. sp.
Destombesiceras zagorense,Cystoidea?/undet. Cystoidea
Destombesiceras zagorense,Argodiscus espilezorum
Destombesiceras zagorense,Anedriophus moroccoensis
Destombesiceras zagorense,Rhenopyrgid indet.
Destombesiceras zagorense,Ampelocarpus sp.
Destombesiceras zagorense,Amygdalotheca griffei
Destombesiceras zagorense,Anatifopsis escandei
Destombesiceras zagorense,Anatifopsis trapeziiformis
Destombesiceras zagorense,Anatifopsis sp.
Destombesiceras zagorense,"Anomalocystid n. gen., n. sp. "
Destombesiceras zagorense,Aspidocarpus sp.
Destombesiceras zagorense,Arauricystis? sp.
Destombesiceras zagorense,Balanocystites primus
Destombesiceras zagorense,Bohemiaecystis
Destombesiceras zagorense,Chauvelicystis ubaghsi
Destombesiceras zagorense,Chauvelicystis spinosa
Destombesiceras zagorense,Chauvelicystis vizcainoi
Destombesiceras zagorense,Chauvelicystis sp.
Destombesiceras zagorense,"Chauvelicystid n. gen., n. sp. 1"
Destombesiceras zagorense,"Chauvelicystid n. gen., n. sp. 2"
Destombesiceras zagorense,Chinianocarpos sp.
Destombesiceras zagorense,"Cornuta n. gen. 1, n. sp."
Destombesiceras zagorense,"Cornuta n. gen. 2, n. sp."
Destombesiceras zagorense,Flabellicarpus rushtoni
Destombesiceras zagorense,Flabellicarpus?
Destombesiceras zagorense,Galliaecystis n. sp.
Destombesiceras zagorense,Galliaecystis ubaghsi
Destombesiceras zagorense,Hanusia n. sp.
Destombesiceras zagorense,Lagynocystis pyramidalis
Destombesiceras zagorense,Kirkocystidae?
Destombesiceras zagorense,Lyricocarpus courtessolei
Destombesiceras zagorense,Milonicystis sp.
Destombesiceras zagorense,Mitrocystitid indet. cf. Ovocarpus
Destombesiceras zagorense,Nanocarpus cf. dolambii
Destombesiceras zagorense,Phyllocystis blayaci
Destombesiceras zagorense,Phyllocystis sp.
Destombesiceras zagorense,Procothurnocystis n. sp.
Destombesiceras zagorense,Prokopicystis sp.
Destombesiceras zagorense,Thoralicystis zagoraensis
Destombesiceras zagorense,Thoralicystis n. sp.
Destombesiceras zagorense,Vizcainocarpus sp.
Destombesiceras zagorense,Cothurnocystid indetl.
Destombesiceras zagorense,Hanusiid indet.
Destombesiceras zagorense,Peltocystis cornuta
Destombesiceras zagorense,Scotiaevystis? sp.
Destombesiceras zagorense,Macrocystella sp.
Destombesiceras zagorense,Macrocystella bohemica
Destombesiceras zagorense,Macrocystella cf. mariae
Destombesiceras zagorense,Macrocystella tasseftensis
Destombesiceras zagorense,undet. Ophiuroidea
Destombesiceras zagorense,Clonograptus rigidus
Destombesiceras zagorense,Clonograptus flexibilis
Destombesiceras zagorense,Clonograptus flexilis
Destombesiceras zagorense,Clonograptus persistens
Destombesiceras zagorense,Clonograptus multiplex
Destombesiceras zagorense,Didymograptus cf. arcuatus
Destombesiceras zagorense,Didymograptus deflexus
Destombesiceras zagorense,Didymograptus extensus
Destombesiceras zagorense,Didymograptus v-fractus
Destombesiceras zagorense,Didymograptus intendus
Destombesiceras zagorense,Didymograptus pennatulus
Destombesiceras zagorense,Didymograptus nanus
Destombesiceras zagorense,Didymograptus nitidus
Destombesiceras zagorense,Didymograptus patulus
Destombesiceras zagorense,Didymograptus sparsus
Destombesiceras zagorense,"""Didymograptus sp. 1"""
Destombesiceras zagorense,Didymograptus sp.
Destombesiceras zagorense,Didymograptid indet.
Destombesiceras zagorense,Dichograptidae?
Destombesiceras zagorense,Hunnegraptus copiosus
Destombesiceras zagorense, 'Kiaerograptus' supremus
Destombesiceras zagorense,Koremagraptus sp.
Destombesiceras zagorense,Paradelograptus norvegicus
Destombesiceras zagorense,Paradelograptus tenuis
Destombesiceras zagorense,Paratemnograptus magnificus
Destombesiceras zagorense,Tetragraptus cf. approximatus
Destombesiceras zagorense,Tetragraptus quadribrachiatus
Destombesiceras zagorense,Tetragraptus reclinatus
Destombesiceras zagorense,Tetragraptus serra
Destombesiceras zagorense,Tetragraptus tornquisti
Destombesiceras zagorense, 'Tetragraptus' bulmani
Destombesiceras zagorense,Tetragraptus sp.
Destombesiceras zagorense,Araneograptus murrayi
Destombesiceras zagorense,Dictyonema sp.
Destombesiceras zagorense,Tuboid
Destombesiceras zagorense,Anisograptus cf. matanensis
Destombesiceras zagorense,Bryograptus divergens
Destombesiceras zagorense,Bryograptus kjerulfi cumbrensis
Destombesiceras zagorense,Bryograptus lapworthi
Destombesiceras zagorense,Rhabdinopora flabelliforme cf. anglica
Destombesiceras zagorense,Rhabdinopora flabelliforme flabelliforme
Destombesiceras zagorense,Rhabdinopora flabelliforme multithecatum
Destombesiceras zagorense,Rhabdinopora flabelliformis socialis
Destombesiceras zagorense,Rhabdinopora flabelliformis canadenisis
Destombesiceras zagorense,Rhabdinopora flabelliforme norvegicum
Destombesiceras zagorense,Acrograptus nicholsoni
Destombesiceras zagorense,Adelograptus sp.
Destombesiceras zagorense,Azygograptus eivionicus
Destombesiceras zagorense,Azygograptus sp.
Destombesiceras zagorense,Etagraptus putillus
Destombesiceras zagorense,Hermannograptus sp.
Destombesiceras zagorense,Isograptus caduceus arcuatus
Destombesiceras zagorense,Isograptus caduceus gracilis
Destombesiceras zagorense,Isograptus furcula
Destombesiceras zagorense,Pterograptus sp.
Destombesiceras zagorense,Schizograptus sp.
Destombesiceras zagorense,Temnograptus multiflex
Destombesiceras zagorense,Temnograptus cf. noveboracensis
Destombesiceras zagorense,Temnograptus ramulus
Destombesiceras zagorense,Adelograptus tenellus
Destombesiceras zagorense,Choristograptus louai
Destombesiceras zagorense,Ancoragraptus bulmani
Destombesiceras zagorense,?Cymatograptus protobalticus
Destombesiceras zagorense,?Baltograptus jacksoni
Destombesiceras zagorense,Baltograptus minutus
Destombesiceras zagorense,Baltograptus deflexus
Destombesiceras zagorense,?Baltograptus kurcki
Destombesiceras zagorense,Expansograptus sp.
Destombesiceras zagorense,Webbyites felix
Destombesiceras zagorense,Rhabdopleura-like epibiont
Destombesiceras zagorense,Elegantilites sp.
Destombesiceras zagorense,Gamalites? sp.
Destombesiceras zagorense,Gompholites sp.
Destombesiceras zagorense,Nephrotheca sp.
Destombesiceras zagorense,Hyolithes sp.
Destombesiceras zagorense,Pauxillites thaddei
Destombesiceras zagorense,Pauxillites sp.
Destombesiceras zagorense,Drepanoistodus? cf. pervetus
Destombesiceras zagorense,Drepanoistodus cf. forceps
Destombesiceras zagorense,Acodus deltatus
Destombesiceras zagorense,Cornuodus longibasis
Destombesiceras zagorense,Drepanodus arcuatus
Destombesiceras zagorense,Paltodus cf. inaequalis
Destombesiceras zagorense,Parapaltodus aff. flexuosus
Destombesiceras zagorense,Parapaltodus aff. simplicissimus
Destombesiceras zagorense,Paroistodus cf. proteus
Destombesiceras zagorense,Paroistodus cf. parallellus
Destombesiceras zagorense,Periodon cf. selenopsis
Destombesiceras zagorense,Periodon cf. primus
Destombesiceras zagorense,Prioniodus sp.
Destombesiceras zagorense,Prioniodus cf. gilberti
Destombesiceras zagorense,Protopanderodus cf. leonardii
Destombesiceras zagorense,Scalpellodus aff. gracilis
Destombesiceras zagorense,Scolopodus aff. krummi
Destombesiceras zagorense,Semiacontiodus sp.
Destombesiceras zagorense,Semiacontiodus cf. cornuformis
Destombesiceras zagorense,Stolodus cf. stola
Destombesiceras zagorense,Tripodus sp.
Destombesiceras zagorense,Tripodus aff. Laevis
Destombesiceras zagorense,Tropodus sp.
Destombesiceras zagorense,Tropodus cf. sweeti
Destombesiceras zagorense,Rhabdopleura-like epibiont
Polymeres sp.,Ranorthis fasciata
Polymeres sp.,undet. Athyridida
Polymeres sp.,Acrothele sp.
Polymeres sp.,Plectorthis simplex
Polymeres sp.,Angusticardinia sp.
Polymeres sp.,Lingula salteri
Polymeres sp.,Orbithele vana
Polymeres sp.,Paurorthis tadristensis
Polymeres sp.,Tarfaya marocana
Polymeres sp.,Wosekella sp.
Polymeres sp.,Monobolina sp.
Polymeres sp.,Elliptoglossa sp.
Polymeres sp.,Celdobolus sp.
Polymeres sp.,Discinoidea?
Polymeres sp.,undet. Dalmanelloidea
Polymeres sp.,Babinka prima
Polymeres sp.,Ctenodonta escosurae
Polymeres sp.,Praenucula sp.
Polymeres sp.,Redonia michelae
Polymeres sp.,Coxiconchia guiraudi
Polymeres sp.,Alococoncha?
Polymeres sp.,Cardiolaria? sp.
Polymeres sp.,Cienagomya? sp.
Polymeres sp.,Ekaterodonta courtessolei
Polymeres sp.,Glyptarca sp.
Polymeres sp.,Pelecyogyra fezouataensis
Polymeres sp.,Sinuites sp.
Polymeres sp.,Lesueurilla prima
Polymeres sp.,undet. Platyceratoidea
Polymeres sp.,Thoralispira laevis
Polymeres sp.,Thoralispira? cf. occitana
Polymeres sp.,Carcassonnella courtessolei
Polymeres sp.,Carcassonnella vizcainoi
Polymeres sp.,Carcassonnella sp.
Polymeres sp.,Ribeiria sp.
Polymeres sp.,Bathmoceras taichoutense
Polymeres sp.,Destombesiceras zagorense
Polymeres sp.,Enosiaspis hrungnir
Polymeres sp., 'Synziphosurine'/Synziphosurina?
Polymeres sp.,Chasmataspidid
Polymeres sp.,Possible pycnogonid
Polymeres sp.,Tariccoia tazagurtensis
Polymeres sp.,Cheloniellid
Polymeres sp.,Phyllocarid
Polymeres sp.,Ostracod
Polymeres sp.,Lepadomorph barnacle
Polymeres sp.,undet. Dikelocephalidae
Polymeres sp.,undet. Illaenacea
Polymeres sp.,Orometopus sp.
Polymeres sp.,Cnemidopyge sp.
Polymeres sp.,Toletanaspis aff. borni
Polymeres sp.,undet. Dalmanitacea
Polymeres sp.,Bathycheilus gallicus
Polymeres sp.,Agerina quadrata
Polymeres sp.,Geragnostus aff. occitanus
Polymeres sp.,Geragnostus sp.
Polymeres sp.,Beltella sp.
Polymeres sp.,Ampyx priscus
Polymeres sp.,Ampyx cf. priscus
Polymeres sp.,Proetidae?
Polymeres sp.,undet. Trinucleidae
Polymeres sp.,Nileus deynouxi
Polymeres sp.,Hospes sp.
Polymeres sp.,Ogygiocaris sp.
Polymeres sp.,cf. Niobella sp.
Polymeres sp.,Somasteroid indet. n. sp. 1
Polymeres sp.,Somasteroid indet. n. sp. 2
Polymeres sp.,Somasteroid indet. n. sp. 3
Polymeres sp.,Somasteroid indet.
Polymeres sp.,undet. Asteroidea
Polymeres sp.,Palaeosphaeronites sp.
Polymeres sp.,Palaeosphaeronites? prokopi
Polymeres sp.,Aristocystites cf. bohemicus (sinuous?)
Polymeres sp.,Aristocystites sp.
Polymeres sp.,Ascocystites? sp.
Polymeres sp.,Balantiocystis regnelli
Polymeres sp.,Balantiocystis sp.
Polymeres sp.,Rhopalocystis sp.
Polymeres sp.,Rhopalocystis dehirensis
Polymeres sp.,Rhopalocystis destombesi
Polymeres sp.,Rhopalocystis fraga
Polymeres sp.,Rhopalocystis grandis
Polymeres sp.,Rhopalocystis havliceki
Polymeres sp.,Rhopalocystis lehmani
Polymeres sp.,Rhopalocystis zagoraensis
Polymeres sp.,Rhopalocystis sp. A
Polymeres sp.,Rhopalocystis sp. B
Polymeres sp.,Rhopalocystis sp. C
Polymeres sp.,cf. Rhopalocystis
Polymeres sp.,Lingulocystis aff. deani
Polymeres sp.,Lingulocystis elongata
Polymeres sp.,cf. Pareocrinus
Polymeres sp.,Eocrinoidea indet. sp. 1
Polymeres sp.,Eocrinoidea indet. sp. 2
Polymeres sp.,Eocrinoidea indet.
Polymeres sp.,Ramseyocrinus sp.
Polymeres sp.,Crinoid 2
Polymeres sp.,Aethocrinus cf. moorei
Polymeres sp.,Iocrinus n. sp.
Polymeres sp.,Cystoidea?/undet. Cystoidea
Polymeres sp.,Argodiscus espilezorum
Polymeres sp.,Anedriophus moroccoensis
Polymeres sp.,Rhenopyrgid indet.
Polymeres sp.,Ampelocarpus sp.
Polymeres sp.,Amygdalotheca griffei
Polymeres sp.,Anatifopsis escandei
Polymeres sp.,Anatifopsis trapeziiformis
Polymeres sp.,Anatifopsis sp.
Polymeres sp.,"Anomalocystid n. gen., n. sp. "
Polymeres sp.,Aspidocarpus sp.
Polymeres sp.,Arauricystis? sp.
Polymeres sp.,Balanocystites primus
Polymeres sp.,Bohemiaecystis
Polymeres sp.,Chauvelicystis ubaghsi
Polymeres sp.,Chauvelicystis spinosa
Polymeres sp.,Chauvelicystis vizcainoi
Polymeres sp.,Chauvelicystis sp.
Polymeres sp.,"Chauvelicystid n. gen., n. sp. 1"
Polymeres sp.,"Chauvelicystid n. gen., n. sp. 2"
Polymeres sp.,Chinianocarpos sp.
Polymeres sp.,"Cornuta n. gen. 1, n. sp."
Polymeres sp.,"Cornuta n. gen. 2, n. sp."
Polymeres sp.,Flabellicarpus rushtoni
Polymeres sp.,Flabellicarpus?
Polymeres sp.,Galliaecystis n. sp.
Polymeres sp.,Galliaecystis ubaghsi
Polymeres sp.,Hanusia n. sp.
Polymeres sp.,Lagynocystis pyramidalis
Polymeres sp.,Kirkocystidae?
Polymeres sp.,Lyricocarpus courtessolei
Polymeres sp.,Milonicystis sp.
Polymeres sp.,Mitrocystitid indet. cf. Ovocarpus
Polymeres sp.,Nanocarpus cf. dolambii
Polymeres sp.,Phyllocystis blayaci
Polymeres sp.,Phyllocystis sp.
Polymeres sp.,Procothurnocystis n. sp.
Polymeres sp.,Prokopicystis sp.
Polymeres sp.,Thoralicystis zagoraensis
Polymeres sp.,Thoralicystis n. sp.
Polymeres sp.,Vizcainocarpus sp.
Polymeres sp.,Cothurnocystid indetl.
Polymeres sp.,Hanusiid indet.
Polymeres sp.,Peltocystis cornuta
Polymeres sp.,Scotiaevystis? sp.
Polymeres sp.,Macrocystella sp.
Polymeres sp.,Macrocystella bohemica
Polymeres sp.,Macrocystella cf. mariae
Polymeres sp.,Macrocystella tasseftensis
Polymeres sp.,cf. Castericystis
Polymeres sp.,cf. Minervaecystis
Polymeres sp.,Plasiacystis mobilis
Polymeres sp.,Plasiacystis sp.
Polymeres sp.,Nimchacystis agterbosi
Polymeres sp.,undet. Ophiuroidea
Polymeres sp.,Clonograptus rigidus
Polymeres sp.,Clonograptus flexibilis
Polymeres sp.,Clonograptus flexilis
Polymeres sp.,Clonograptus persistens
Polymeres sp.,Clonograptus multiplex
Polymeres sp.,Didymograptus cf. arcuatus
Polymeres sp.,Didymograptus deflexus
Polymeres sp.,Didymograptus extensus
Polymeres sp.,Didymograptus v-fractus
Polymeres sp.,Didymograptus intendus
Polymeres sp.,Didymograptus pennatulus
Polymeres sp.,Didymograptus nanus
Polymeres sp.,Didymograptus nitidus
Polymeres sp.,Didymograptus patulus
Polymeres sp.,Didymograptus sparsus
Polymeres sp.,"""Didymograptus sp. 1"""
Polymeres sp.,Didymograptus sp.
Polymeres sp.,Didymograptid indet.
Polymeres sp.,Dichograptidae?
Polymeres sp.,Hunnegraptus copiosus
Polymeres sp., 'Kiaerograptus' supremus
Polymeres sp.,Koremagraptus sp.
Polymeres sp.,Paradelograptus norvegicus
Polymeres sp.,Paradelograptus tenuis
Polymeres sp.,Paratemnograptus magnificus
Polymeres sp.,Tetragraptus cf. approximatus
Polymeres sp.,Tetragraptus quadribrachiatus
Polymeres sp.,Tetragraptus reclinatus
Polymeres sp.,Tetragraptus serra
Polymeres sp.,Tetragraptus tornquisti
Polymeres sp., 'Tetragraptus' bulmani
Polymeres sp.,Tetragraptus sp.
Polymeres sp.,Araneograptus murrayi
Polymeres sp.,Dictyonema sp.
Polymeres sp.,Tuboid
Polymeres sp.,Anisograptus cf. matanensis
Polymeres sp.,Bryograptus divergens
Polymeres sp.,Bryograptus kjerulfi cumbrensis
Polymeres sp.,Bryograptus lapworthi
Polymeres sp.,Rhabdinopora flabelliforme cf. anglica
Polymeres sp.,Rhabdinopora flabelliforme flabelliforme
Polymeres sp.,Rhabdinopora flabelliforme multithecatum
Polymeres sp.,Rhabdinopora flabelliformis socialis
Polymeres sp.,Rhabdinopora flabelliformis canadenisis
Polymeres sp.,Rhabdinopora flabelliforme norvegicum
Polymeres sp.,Acrograptus nicholsoni
Polymeres sp.,Adelograptus sp.
Polymeres sp.,Azygograptus eivionicus
Polymeres sp.,Azygograptus sp.
Polymeres sp.,Etagraptus putillus
Polymeres sp.,Hermannograptus sp.
Polymeres sp.,Isograptus caduceus arcuatus
Polymeres sp.,Isograptus caduceus gracilis
Polymeres sp.,Isograptus furcula
Polymeres sp.,Pterograptus sp.
Polymeres sp.,Schizograptus sp.
Polymeres sp.,Temnograptus multiflex
Polymeres sp.,Temnograptus cf. noveboracensis
Polymeres sp.,Temnograptus ramulus
Polymeres sp.,Adelograptus tenellus
Polymeres sp.,Choristograptus louai
Polymeres sp.,Ancoragraptus bulmani
Polymeres sp.,?Cymatograptus protobalticus
Polymeres sp.,?Baltograptus jacksoni
Polymeres sp.,Baltograptus minutus
Polymeres sp.,Baltograptus deflexus
Polymeres sp.,?Baltograptus kurcki
Polymeres sp.,Expansograptus sp.
Polymeres sp.,Webbyites felix
Polymeres sp.,Rhabdopleura-like epibiont
Polymeres sp.,Hyolithes sp.
Polymeres sp.,Drepanoistodus? cf. pervetus
Polymeres sp.,Drepanoistodus cf. forceps
Polymeres sp.,Acodus deltatus
Polymeres sp.,Cornuodus longibasis
Polymeres sp.,Drepanodus arcuatus
Polymeres sp.,Paltodus cf. inaequalis
Polymeres sp.,Parapaltodus aff. flexuosus
Polymeres sp.,Parapaltodus aff. simplicissimus
Polymeres sp.,Paroistodus cf. proteus
Polymeres sp.,Paroistodus cf. parallellus
Polymeres sp.,Periodon cf. selenopsis
Polymeres sp.,Periodon cf. primus
Polymeres sp.,Prioniodus sp.
Polymeres sp.,Prioniodus cf. gilberti
Polymeres sp.,Protopanderodus cf. leonardii
Polymeres sp.,Scalpellodus aff. gracilis
Polymeres sp.,Scolopodus aff. krummi
Polymeres sp.,Semiacontiodus sp.
Polymeres sp.,Semiacontiodus cf. cornuformis
Polymeres sp.,Stolodus cf. stola
Polymeres sp.,Tripodus sp.
Polymeres sp.,Tripodus aff. Laevis
Polymeres sp.,Tropodus sp.
Polymeres sp.,Tropodus cf. sweeti
Protocyptendoceras longicameratum,Zooplankton
Protocyptendoceras longicameratum,Clonograptus rigidus
Protocyptendoceras longicameratum,Clonograptus flexibilis
Protocyptendoceras longicameratum,Clonograptus flexilis
Protocyptendoceras longicameratum,Clonograptus persistens
Protocyptendoceras longicameratum,Clonograptus multiplex
Protocyptendoceras longicameratum,Dichograptidae?
Protocyptendoceras longicameratum,Hunnegraptus copiosus
Protocyptendoceras longicameratum, 'Kiaerograptus' supremus
Protocyptendoceras longicameratum,Paradelograptus norvegicus
Protocyptendoceras longicameratum,Paradelograptus tenuis
Protocyptendoceras longicameratum,Paratemnograptus magnificus
Protocyptendoceras longicameratum,Tetragraptus cf. approximatus
Protocyptendoceras longicameratum,Tetragraptus quadribrachiatus
Protocyptendoceras longicameratum,Tetragraptus reclinatus
Protocyptendoceras longicameratum,Tetragraptus serra
Protocyptendoceras longicameratum,Tetragraptus tornquisti
Protocyptendoceras longicameratum, 'Tetragraptus' bulmani
Protocyptendoceras longicameratum,Tetragraptus sp.
Protocyptendoceras longicameratum,Araneograptus murrayi
Protocyptendoceras longicameratum,Anisograptus cf. matanensis
Protocyptendoceras longicameratum,Bryograptus divergens
Protocyptendoceras longicameratum,Bryograptus kjerulfi cumbrensis
Protocyptendoceras longicameratum,Bryograptus lapworthi
Protocyptendoceras longicameratum,Rhabdinopora flabelliforme cf. anglica
Protocyptendoceras longicameratum,Rhabdinopora flabelliforme flabelliforme
Protocyptendoceras longicameratum,Rhabdinopora flabelliforme multithecatum
Protocyptendoceras longicameratum,Rhabdinopora flabelliformis socialis
Protocyptendoceras longicameratum,Rhabdinopora flabelliformis canadenisis
Protocyptendoceras longicameratum,Rhabdinopora flabelliforme norvegicum
Protocyptendoceras longicameratum,Acrograptus nicholsoni
Protocyptendoceras longicameratum,Adelograptus sp.
Protocyptendoceras longicameratum,Azygograptus eivionicus
Protocyptendoceras longicameratum,Azygograptus sp.
Protocyptendoceras longicameratum,Etagraptus putillus
Protocyptendoceras longicameratum,Hermannograptus sp.
Protocyptendoceras longicameratum,Isograptus caduceus arcuatus
Protocyptendoceras longicameratum,Isograptus caduceus gracilis
Protocyptendoceras longicameratum,Isograptus furcula
Protocyptendoceras longicameratum,Pterograptus sp.
Protocyptendoceras longicameratum,Schizograptus sp.
Protocyptendoceras longicameratum,Temnograptus multiflex
Protocyptendoceras longicameratum,Temnograptus cf. noveboracensis
Protocyptendoceras longicameratum,Temnograptus ramulus
Protocyptendoceras longicameratum,Adelograptus tenellus
Protocyptendoceras longicameratum,Choristograptus louai
Protocyptendoceras longicameratum,Ancoragraptus bulmani
Protocyptendoceras longicameratum,?Baltograptus jacksoni
Protocyptendoceras longicameratum,Baltograptus minutus
Protocyptendoceras longicameratum,Baltograptus deflexus
Protocyptendoceras longicameratum,?Baltograptus kurcki
Protocyptendoceras longicameratum,Expansograptus sp.
Plumulites bengtsoni,Benthic detritus
Plumulites bengtsoni,Bryozoan
Plumulites bengtsoni,Coxiconchia guiraudi
Plumulites bengtsoni,Cienagomya? sp.
Plumulites bengtsoni,Carcassonnella courtessolei
Plumulites bengtsoni,Carcassonnella vizcainoi
Plumulites bengtsoni,Carcassonnella sp.
Plumulites bengtsoni,Large plumulitid
Plumulites bengtsoni,Possible phyllodocid
Plumulites bengtsoni, 'Synziphosurine'/Synziphosurina?
Plumulites bengtsoni,Ostracod
Plumulites bengtsoni,undet. Dikelocephalidae
Plumulites bengtsoni,undet. Illaenacea
Plumulites bengtsoni,Orometopus sp.
Plumulites bengtsoni,Proetidae?
Plumulites bengtsoni,undet. Trinucleidae
Plumulites bengtsoni,Didymograptus cf. arcuatus
Plumulites bengtsoni,Didymograptus deflexus
Plumulites bengtsoni,Didymograptus extensus
Plumulites bengtsoni,Didymograptus v-fractus
Plumulites bengtsoni,Didymograptus intendus
Plumulites bengtsoni,Didymograptus pennatulus
Plumulites bengtsoni,Didymograptus nanus
Plumulites bengtsoni,Didymograptus nitidus
Plumulites bengtsoni,Didymograptus patulus
Plumulites bengtsoni,Didymograptus sparsus
Plumulites bengtsoni,"""Didymograptus sp. 1"""
Plumulites bengtsoni,Didymograptus sp.
Plumulites bengtsoni,Didymograptid indet.
Plumulites bengtsoni,Koremagraptus sp.
Plumulites bengtsoni,Dictyonema sp.
Plumulites bengtsoni,Tuboid
Plumulites bengtsoni,?Cymatograptus protobalticus
Plumulites bengtsoni,Webbyites felix
Plumulites bengtsoni,Rhabdopleura-like epibiont
Large plumulitid,Benthic detritus
Large plumulitid,Bryozoan
Large plumulitid,Coxiconchia guiraudi
Large plumulitid,Cienagomya? sp.
Large plumulitid,Carcassonnella courtessolei
Large plumulitid,Carcassonnella vizcainoi
Large plumulitid,Carcassonnella sp.
Large plumulitid,Plumulites bengtsoni
Large plumulitid,Possible phyllodocid
Large plumulitid,Enosiaspis hrungnir
Large plumulitid, 'Synziphosurine'/Synziphosurina?
Large plumulitid,Ostracod
Large plumulitid,undet. Dikelocephalidae
Large plumulitid,undet. Illaenacea
Large plumulitid,Orometopus sp.
Large plumulitid,Geragnostus sp.
Large plumulitid,Proetidae?
Large plumulitid,undet. Trinucleidae
Large plumulitid,Didymograptus cf. arcuatus
Large plumulitid,Didymograptus deflexus
Large plumulitid,Didymograptus extensus
Large plumulitid,Didymograptus v-fractus
Large plumulitid,Didymograptus intendus
Large plumulitid,Didymograptus pennatulus
Large plumulitid,Didymograptus nanus
Large plumulitid,Didymograptus nitidus
Large plumulitid,Didymograptus patulus
Large plumulitid,Didymograptus sparsus
Large plumulitid,"""Didymograptus sp. 1"""
Large plumulitid,Didymograptus sp.
Large plumulitid,Didymograptid indet.
Large plumulitid,Koremagraptus sp.
Large plumulitid,Dictyonema sp.
Large plumulitid,Tuboid
Large plumulitid,?Cymatograptus protobalticus
Large plumulitid,Webbyites felix
Large plumulitid,Rhabdopleura-like epibiont
Possible phyllodocid,Benthic detritus
Possible phyllodocid,Bryozoan
Possible phyllodocid,Coxiconchia guiraudi
Possible phyllodocid,Cienagomya? sp.
Possible phyllodocid,Carcassonnella courtessolei
Possible phyllodocid,Carcassonnella vizcainoi
Possible phyllodocid,Carcassonnella sp.
Possible phyllodocid,Plumulites bengtsoni
Possible phyllodocid,Large plumulitid
Possible phyllodocid, 'Synziphosurine'/Synziphosurina?
Possible phyllodocid,Ostracod
Possible phyllodocid,undet. Dikelocephalidae
Possible phyllodocid,undet. Illaenacea
Possible phyllodocid,Orometopus sp.
Possible phyllodocid,Proetidae?
Possible phyllodocid,undet. Trinucleidae
Possible phyllodocid,Didymograptus cf. arcuatus
Possible phyllodocid,Didymograptus deflexus
Possible phyllodocid,Didymograptus extensus
Possible phyllodocid,Didymograptus v-fractus
Possible phyllodocid,Didymograptus intendus
Possible phyllodocid,Didymograptus pennatulus
Possible phyllodocid,Didymograptus nanus
Possible phyllodocid,Didymograptus nitidus
Possible phyllodocid,Didymograptus patulus
Possible phyllodocid,Didymograptus sparsus
Possible phyllodocid,"""Didymograptus sp. 1"""
Possible phyllodocid,Didymograptus sp.
Possible phyllodocid,Didymograptid indet.
Possible phyllodocid,Koremagraptus sp.
Possible phyllodocid,Dictyonema sp.
Possible phyllodocid,Tuboid
Possible phyllodocid,?Cymatograptus protobalticus
Possible phyllodocid,Webbyites felix
Possible phyllodocid,Rhabdopleura-like epibiont
Palaeoscolex cf. tenensis,Benthic detritus
Palaeoscolex cf. tenensis,Ranorthis fasciata
Palaeoscolex cf. tenensis,undet. Athyridida
Palaeoscolex cf. tenensis,Acrothele sp.
Palaeoscolex cf. tenensis,Plectorthis simplex
Palaeoscolex cf. tenensis,Angusticardinia sp.
Palaeoscolex cf. tenensis,Lingula salteri
Palaeoscolex cf. tenensis,Orbithele vana
Palaeoscolex cf. tenensis,Paurorthis tadristensis
Palaeoscolex cf. tenensis,Tarfaya marocana
Palaeoscolex cf. tenensis,Wosekella sp.
Palaeoscolex cf. tenensis,Monobolina sp.
Palaeoscolex cf. tenensis,Elliptoglossa sp.
Palaeoscolex cf. tenensis,Celdobolus sp.
Palaeoscolex cf. tenensis,Discinoidea?
Palaeoscolex cf. tenensis,undet. Dalmanelloidea
Palaeoscolex cf. tenensis,Plumulites bengtsoni
Palaeoscolex cf. tenensis,Large plumulitid
Palaeoscolex cf. tenensis,Possible phyllodocid
Palaeoscolex cf. tenensis,Enosiaspis hrungnir
Palaeoscolex cf. tenensis, 'Synziphosurine'/Synziphosurina?
Palaeoscolex cf. tenensis,Tariccoia tazagurtensis
Palaeoscolex cf. tenensis,Phyllocarid
Palaeoscolex cf. tenensis,Ostracod
Palaeoscolex cf. tenensis,Lepadomorph barnacle
Palaeoscolex cf. tenensis,undet. Dikelocephalidae
Palaeoscolex cf. tenensis,undet. Illaenacea
Palaeoscolex cf. tenensis,Orometopus sp.
Palaeoscolex cf. tenensis,Geragnostus sp.
Palaeoscolex cf. tenensis,Ampyx priscus
Palaeoscolex cf. tenensis,Ampyx cf. priscus
Palaeoscolex cf. tenensis,Proetidae?
Palaeoscolex cf. tenensis,undet. Trinucleidae
Palaeoscolex cf. tenensis,Nileus deynouxi
Palaeoscolex cf. tenensis,cf. Niobella sp.
Palaeoscolex cf. tenensis,Gamalites? sp.
Palaeoscolex cf. tenensis,Nephrotheca sp.
Palaeoscolex cf. tenensis,Hyolithes sp.
Priapulid,Benthic detritus
Priapulid,Ranorthis fasciata
Priapulid,Acrothele sp.
Priapulid,Plectorthis simplex
Priapulid,Angusticardinia sp.
Priapulid,Lingula salteri
Priapulid,Orbithele vana
Priapulid,Paurorthis tadristensis
Priapulid,Tarfaya marocana
Priapulid,Wosekella sp.
Priapulid,Monobolina sp.
Priapulid,Elliptoglossa sp.
Priapulid,Celdobolus sp.
Priapulid,Discinoidea?
Priapulid,undet. Dalmanelloidea
Priapulid,Plumulites bengtsoni
Priapulid,Possible phyllodocid
Priapulid,Ostracod
Priapulid,undet. Dikelocephalidae
Priapulid,undet. Illaenacea
Priapulid,Orometopus sp.
Priapulid,Proetidae?
Large taxon with spinose limbs,Zooplankton
Small taxon with spinose limbs,Zooplankton
Armoured lobopodian 1,Wapkiids
Armoured lobopodian 1,Leptomitids
Armoured lobopodian 1,leptomitid A
Armoured lobopodian 1,leptomitid B
Armoured lobopodian 1,Choia sp.
Armoured lobopodian 1,Choia sp. B
Armoured lobopodian 1,Choiaella sp.
Armoured lobopodian 1,Choiid A
Armoured lobopodian 1,Choiid B
Armoured lobopodian 1,Choiid C
Armoured lobopodian 1,Choiid 2
Armoured lobopodian 1,Hamptonia sp.
Armoured lobopodian 1,Pirania auraeum
Armoured lobopodian 1,Pellipirania gloria
Armoured lobopodian 1,piraniid A
Armoured lobopodian 1,Hamptonia' christi
Armoured lobopodian 1,hazeliid
Armoured lobopodian 1,Hexactinellids
Armoured lobopodian 1,species ressembling Valospongia
Armoured lobopodian 1,reticulosan A
Armoured lobopodian 1,reticulosan B
Armoured lobopodian 1,reticulosan C
Armoured lobopodian 1,reticulosan D
Armoured lobopodian 1,reticulosan E
Armoured lobopodian 2,Wapkiids
Armoured lobopodian 2,Leptomitids
Armoured lobopodian 2,leptomitid A
Armoured lobopodian 2,leptomitid B
Armoured lobopodian 2,Choia sp.
Armoured lobopodian 2,Choia sp. B
Armoured lobopodian 2,Choiaella sp.
Armoured lobopodian 2,Choiid A
Armoured lobopodian 2,Choiid B
Armoured lobopodian 2,Choiid C
Armoured lobopodian 2,Choiid 2
Armoured lobopodian 2,Hamptonia sp.
Armoured lobopodian 2,Pirania auraeum
Armoured lobopodian 2,Pellipirania gloria
Armoured lobopodian 2,piraniid A
Armoured lobopodian 2,Hamptonia' christi
Armoured lobopodian 2,hazeliid
Armoured lobopodian 2,Hexactinellids
Armoured lobopodian 2,species ressembling Valospongia
Armoured lobopodian 2,reticulosan A
Armoured lobopodian 2,reticulosan B
Armoured lobopodian 2,reticulosan C
Armoured lobopodian 2,reticulosan D
Armoured lobopodian 2,reticulosan E
Armoured lobopodian 3,Wapkiids
Armoured lobopodian 3,Leptomitids
Armoured lobopodian 3,leptomitid A
Armoured lobopodian 3,leptomitid B
Armoured lobopodian 3,Choia sp.
Armoured lobopodian 3,Choia sp. B
Armoured lobopodian 3,Choiaella sp.
Armoured lobopodian 3,Choiid A
Armoured lobopodian 3,Choiid B
Armoured lobopodian 3,Choiid C
Armoured lobopodian 3,Choiid 2
Armoured lobopodian 3,Hamptonia sp.
Armoured lobopodian 3,Pirania auraeum
Armoured lobopodian 3,Pellipirania gloria
Armoured lobopodian 3,piraniid A
Armoured lobopodian 3,Hamptonia' christi
Armoured lobopodian 3,hazeliid
Armoured lobopodian 3,Hexactinellids
Armoured lobopodian 3,species ressembling Valospongia
Armoured lobopodian 3,reticulosan A
Armoured lobopodian 3,reticulosan B
Armoured lobopodian 3,reticulosan C
Armoured lobopodian 3,reticulosan D
Armoured lobopodian 3,reticulosan E
Diania-like lobopodian,Wapkiids
Diania-like lobopodian,Leptomitids
Diania-like lobopodian,leptomitid A
Diania-like lobopodian,leptomitid B
Diania-like lobopodian,Choia sp.
Diania-like lobopodian,Choia sp. B
Diania-like lobopodian,Choiaella sp.
Diania-like lobopodian,Choiid A
Diania-like lobopodian,Choiid B
Diania-like lobopodian,Choiid C
Diania-like lobopodian,Choiid 2
Diania-like lobopodian,Hamptonia sp.
Diania-like lobopodian,Pirania auraeum
Diania-like lobopodian,Pellipirania gloria
Diania-like lobopodian,piraniid A
Diania-like lobopodian,Hamptonia' christi
Diania-like lobopodian,hazeliid
Diania-like lobopodian,Hexactinellids
Diania-like lobopodian,species ressembling Valospongia
Diania-like lobopodian,reticulosan A
Diania-like lobopodian,reticulosan B
Diania-like lobopodian,reticulosan C
Diania-like lobopodian,reticulosan D
Diania-like lobopodian,reticulosan E
Aegirocassis benmoulai,Zooplankton
Aegirocassis benmoulai,Clonograptus rigidus
Aegirocassis benmoulai,Clonograptus flexibilis
Aegirocassis benmoulai,Clonograptus flexilis
Aegirocassis benmoulai,Clonograptus persistens
Aegirocassis benmoulai,Clonograptus multiplex
Aegirocassis benmoulai,Dichograptidae?
Aegirocassis benmoulai,Hunnegraptus copiosus
Aegirocassis benmoulai, 'Kiaerograptus' supremus
Aegirocassis benmoulai,Paradelograptus norvegicus
Aegirocassis benmoulai,Paradelograptus tenuis
Aegirocassis benmoulai,Paratemnograptus magnificus
Aegirocassis benmoulai,Tetragraptus cf. approximatus
Aegirocassis benmoulai,Tetragraptus quadribrachiatus
Aegirocassis benmoulai,Tetragraptus reclinatus
Aegirocassis benmoulai,Tetragraptus serra
Aegirocassis benmoulai,Tetragraptus tornquisti
Aegirocassis benmoulai, 'Tetragraptus' bulmani
Aegirocassis benmoulai,Tetragraptus sp.
Aegirocassis benmoulai,Araneograptus murrayi
Aegirocassis benmoulai,Anisograptus cf. matanensis
Aegirocassis benmoulai,Bryograptus divergens
Aegirocassis benmoulai,Bryograptus kjerulfi cumbrensis
Aegirocassis benmoulai,Bryograptus lapworthi
Aegirocassis benmoulai,Rhabdinopora flabelliforme cf. anglica
Aegirocassis benmoulai,Rhabdinopora flabelliforme flabelliforme
Aegirocassis benmoulai,Rhabdinopora flabelliforme multithecatum
Aegirocassis benmoulai,Rhabdinopora flabelliformis socialis
Aegirocassis benmoulai,Rhabdinopora flabelliformis canadenisis
Aegirocassis benmoulai,Rhabdinopora flabelliforme norvegicum
Aegirocassis benmoulai,Acrograptus nicholsoni
Aegirocassis benmoulai,Adelograptus sp.
Aegirocassis benmoulai,Azygograptus eivionicus
Aegirocassis benmoulai,Azygograptus sp.
Aegirocassis benmoulai,Etagraptus putillus
Aegirocassis benmoulai,Hermannograptus sp.
Aegirocassis benmoulai,Isograptus caduceus arcuatus
Aegirocassis benmoulai,Isograptus caduceus gracilis
Aegirocassis benmoulai,Isograptus furcula
Aegirocassis benmoulai,Pterograptus sp.
Aegirocassis benmoulai,Schizograptus sp.
Aegirocassis benmoulai,Temnograptus multiflex
Aegirocassis benmoulai,Temnograptus cf. noveboracensis
Aegirocassis benmoulai,Temnograptus ramulus
Aegirocassis benmoulai,Adelograptus tenellus
Aegirocassis benmoulai,Choristograptus louai
Aegirocassis benmoulai,Ancoragraptus bulmani
Aegirocassis benmoulai,?Baltograptus jacksoni
Aegirocassis benmoulai,Baltograptus minutus
Aegirocassis benmoulai,Baltograptus deflexus
Aegirocassis benmoulai,?Baltograptus kurcki
Aegirocassis benmoulai,Expansograptus sp.
Hurdiid 2,Benthic detritus
Hurdiid 2,Ranorthis fasciata
Hurdiid 2,undet. Athyridida
Hurdiid 2,Acrothele sp.
Hurdiid 2,Plectorthis simplex
Hurdiid 2,Angusticardinia sp.
Hurdiid 2,Lingula salteri
Hurdiid 2,Orbithele vana
Hurdiid 2,Paurorthis tadristensis
Hurdiid 2,Tarfaya marocana
Hurdiid 2,Wosekella sp.
Hurdiid 2,Monobolina sp.
Hurdiid 2,Elliptoglossa sp.
Hurdiid 2,Celdobolus sp.
Hurdiid 2,Discinoidea?
Hurdiid 2,undet. Dalmanelloidea
Hurdiid 2,Babinka prima
Hurdiid 2,Ctenodonta escosurae
Hurdiid 2,Praenucula sp.
Hurdiid 2,Redonia michelae
Hurdiid 2,Coxiconchia guiraudi
Hurdiid 2,Alococoncha?
Hurdiid 2,Cardiolaria? sp.
Hurdiid 2,Cienagomya? sp.
Hurdiid 2,Ekaterodonta courtessolei
Hurdiid 2,Glyptarca sp.
Hurdiid 2,Pelecyogyra fezouataensis
Hurdiid 2,Sinuites sp.
Hurdiid 2,Lesueurilla prima
Hurdiid 2,undet. Platyceratoidea
Hurdiid 2,undet. Monoplacophora
Hurdiid 2,Thoralispira laevis
Hurdiid 2,Thoralispira? cf. occitana
Hurdiid 2,Carcassonnella courtessolei
Hurdiid 2,Carcassonnella vizcainoi
Hurdiid 2,Carcassonnella sp.
Hurdiid 2,Ribeiria sp.
Hurdiid 2,Tolmachovia?
Hurdiid 2,Wiwaxiid
Hurdiid 2,Halkieriid
Hurdiid 2,Helcionelloid
Hurdiid 2,Calvapilosa kroegeri
Hurdiid 2,Plumulites bengtsoni
Hurdiid 2,Large plumulitid
Hurdiid 2,Possible phyllodocid
Hurdiid 2,Palaeoscolex cf. tenensis
Hurdiid 2,Priapulid
Hurdiid 2,Phyllocarid
Hurdiid 2,Elegantilites sp.
Hurdiid 2,Gamalites? sp.
Hurdiid 2,Gompholites sp.
Hurdiid 2,Nephrotheca sp.
Hurdiid 2,Hyolithes sp.
Hurdiid 2,Pauxillites thaddei
Hurdiid 2,Pauxillites sp.
Hurdiid 3,Benthic detritus
Hurdiid 3,Ranorthis fasciata
Hurdiid 3,undet. Athyridida
Hurdiid 3,Acrothele sp.
Hurdiid 3,Plectorthis simplex
Hurdiid 3,Angusticardinia sp.
Hurdiid 3,Lingula salteri
Hurdiid 3,Orbithele vana
Hurdiid 3,Paurorthis tadristensis
Hurdiid 3,Tarfaya marocana
Hurdiid 3,Wosekella sp.
Hurdiid 3,Monobolina sp.
Hurdiid 3,Elliptoglossa sp.
Hurdiid 3,Celdobolus sp.
Hurdiid 3,Discinoidea?
Hurdiid 3,undet. Dalmanelloidea
Hurdiid 3,Babinka prima
Hurdiid 3,Ctenodonta escosurae
Hurdiid 3,Praenucula sp.
Hurdiid 3,Redonia michelae
Hurdiid 3,Coxiconchia guiraudi
Hurdiid 3,Alococoncha?
Hurdiid 3,Cardiolaria? sp.
Hurdiid 3,Cienagomya? sp.
Hurdiid 3,Ekaterodonta courtessolei
Hurdiid 3,Glyptarca sp.
Hurdiid 3,Pelecyogyra fezouataensis
Hurdiid 3,Sinuites sp.
Hurdiid 3,Lesueurilla prima
Hurdiid 3,undet. Platyceratoidea
Hurdiid 3,undet. Monoplacophora
Hurdiid 3,Thoralispira laevis
Hurdiid 3,Thoralispira? cf. occitana
Hurdiid 3,Carcassonnella courtessolei
Hurdiid 3,Carcassonnella vizcainoi
Hurdiid 3,Carcassonnella sp.
Hurdiid 3,Ribeiria sp.
Hurdiid 3,Tolmachovia?
Hurdiid 3,Wiwaxiid
Hurdiid 3,Halkieriid
Hurdiid 3,Helcionelloid
Hurdiid 3,Calvapilosa kroegeri
Hurdiid 3,Plumulites bengtsoni
Hurdiid 3,Large plumulitid
Hurdiid 3,Possible phyllodocid
Hurdiid 3,Palaeoscolex cf. tenensis
Hurdiid 3,Priapulid
Hurdiid 3,Phyllocarid
Hurdiid 3,Elegantilites sp.
Hurdiid 3,Gamalites? sp.
Hurdiid 3,Gompholites sp.
Hurdiid 3,Nephrotheca sp.
Hurdiid 3,Hyolithes sp.
Hurdiid 3,Pauxillites thaddei
Hurdiid 3,Pauxillites sp.
Hurdiid 4,Benthic detritus
Hurdiid 4,Ranorthis fasciata
Hurdiid 4,undet. Athyridida
Hurdiid 4,Acrothele sp.
Hurdiid 4,Plectorthis simplex
Hurdiid 4,Angusticardinia sp.
Hurdiid 4,Lingula salteri
Hurdiid 4,Orbithele vana
Hurdiid 4,Paurorthis tadristensis
Hurdiid 4,Tarfaya marocana
Hurdiid 4,Wosekella sp.
Hurdiid 4,Monobolina sp.
Hurdiid 4,Elliptoglossa sp.
Hurdiid 4,Celdobolus sp.
Hurdiid 4,Discinoidea?
Hurdiid 4,undet. Dalmanelloidea
Hurdiid 4,Babinka prima
Hurdiid 4,Ctenodonta escosurae
Hurdiid 4,Praenucula sp.
Hurdiid 4,Redonia michelae
Hurdiid 4,Coxiconchia guiraudi
Hurdiid 4,Alococoncha?
Hurdiid 4,Cardiolaria? sp.
Hurdiid 4,Cienagomya? sp.
Hurdiid 4,Ekaterodonta courtessolei
Hurdiid 4,Glyptarca sp.
Hurdiid 4,Pelecyogyra fezouataensis
Hurdiid 4,Sinuites sp.
Hurdiid 4,Lesueurilla prima
Hurdiid 4,undet. Platyceratoidea
Hurdiid 4,undet. Monoplacophora
Hurdiid 4,Thoralispira laevis
Hurdiid 4,Thoralispira? cf. occitana
Hurdiid 4,Carcassonnella courtessolei
Hurdiid 4,Carcassonnella vizcainoi
Hurdiid 4,Carcassonnella sp.
Hurdiid 4,Ribeiria sp.
Hurdiid 4,Tolmachovia?
Hurdiid 4,Wiwaxiid
Hurdiid 4,Halkieriid
Hurdiid 4,Helcionelloid
Hurdiid 4,Calvapilosa kroegeri
Hurdiid 4,Plumulites bengtsoni
Hurdiid 4,Large plumulitid
Hurdiid 4,Possible phyllodocid
Hurdiid 4,Palaeoscolex cf. tenensis
Hurdiid 4,Priapulid
Hurdiid 4,Phyllocarid
Hurdiid 4,Elegantilites sp.
Hurdiid 4,Gamalites? sp.
Hurdiid 4,Gompholites sp.
Hurdiid 4,Nephrotheca sp.
Hurdiid 4,Hyolithes sp.
Hurdiid 4,Pauxillites thaddei
Hurdiid 4,Pauxillites sp.
Hurdia sp.,Benthic detritus
Hurdia sp.,Ranorthis fasciata
Hurdia sp.,undet. Athyridida
Hurdia sp.,Acrothele sp.
Hurdia sp.,Plectorthis simplex
Hurdia sp.,Angusticardinia sp.
Hurdia sp.,Lingula salteri
Hurdia sp.,Orbithele vana
Hurdia sp.,Paurorthis tadristensis
Hurdia sp.,Tarfaya marocana
Hurdia sp.,Wosekella sp.
Hurdia sp.,Monobolina sp.
Hurdia sp.,Elliptoglossa sp.
Hurdia sp.,Celdobolus sp.
Hurdia sp.,Discinoidea?
Hurdia sp.,undet. Dalmanelloidea
Hurdia sp.,Ctenodonta escosurae
Hurdia sp.,Praenucula sp.
Hurdia sp.,Redonia michelae
Hurdia sp.,Coxiconchia guiraudi
Hurdia sp.,Alococoncha?
Hurdia sp.,Cardiolaria? sp.
Hurdia sp.,Cienagomya? sp.
Hurdia sp.,Ekaterodonta courtessolei
Hurdia sp.,Glyptarca sp.
Hurdia sp.,Pelecyogyra fezouataensis
Hurdia sp.,Sinuites sp.
Hurdia sp.,Lesueurilla prima
Hurdia sp.,undet. Platyceratoidea
Hurdia sp.,undet. Monoplacophora
Hurdia sp.,Thoralispira? cf. occitana
Hurdia sp.,Carcassonnella courtessolei
Hurdia sp.,Carcassonnella vizcainoi
Hurdia sp.,Carcassonnella sp.
Hurdia sp.,Ribeiria sp.
Hurdia sp.,Tolmachovia?
Hurdia sp.,Wiwaxiid
Hurdia sp.,Helcionelloid
Hurdia sp.,Plumulites bengtsoni
Hurdia sp.,Large plumulitid
Hurdia sp.,Possible phyllodocid
Hurdia sp.,Priapulid
Hurdia sp.,Phyllocarid
Hurdia sp.,Hyolithes sp.
Anomalocaris-like taxon,Bactroceras sp.
Anomalocaris-like taxon,Bathmoceras australe
Anomalocaris-like taxon,Bathmoceras taichoutense
Anomalocaris-like taxon,Rioceras sp.
Anomalocaris-like taxon,Destombesiceras zagorense
Anomalocaris-like taxon,Polymeres sp.
Anomalocaris-like taxon,Protocyptendoceras longicameratum
Anomalocaris-like taxon,Large taxon with spinose limbs
Anomalocaris-like taxon,Small taxon with spinose limbs
Anomalocaris-like taxon,Armoured lobopodian 1
Anomalocaris-like taxon,Armoured lobopodian 2
Anomalocaris-like taxon,Armoured lobopodian 3
Anomalocaris-like taxon,Diania-like lobopodian
Anomalocaris-like taxon,Hurdiid 2
Anomalocaris-like taxon,Hurdiid 3
Anomalocaris-like taxon,Hurdiid 4
Anomalocaris-like taxon,Hurdia sp.
Anomalocaris-like taxon,Canadaspidid
Anomalocaris-like taxon,Furca sp. 1
Anomalocaris-like taxon,Furca sp. 2
Anomalocaris-like taxon,Furca sp. 3
Anomalocaris-like taxon,Marrella sp.
Anomalocaris-like taxon,Enosiaspis hrungnir
Anomalocaris-like taxon,Leanchoilia sp.
Anomalocaris-like taxon,Possible waptiid
Anomalocaris-like taxon,Chasmataspidid
Anomalocaris-like taxon,Possible pycnogonid
Anomalocaris-like taxon,Xiphosurid
Anomalocaris-like taxon,Possible helmetiid
Anomalocaris-like taxon,Possible retifaciid
Anomalocaris-like taxon,Naraoiid
Anomalocaris-like taxon,Chlupacaris? sp.
Anomalocaris-like taxon,Tremaglaspis sp.
Anomalocaris-like taxon,Brachyaglaspis singularis
Anomalocaris-like taxon,Cheloniellid
Anomalocaris-like taxon,Pseudoangustidontus duplospineus
Anomalocaris-like taxon,Pseudoangustidontus sp.
Anomalocaris-like taxon,Phyllocarid
Anomalocaris-like taxon,Angustidontid
Anomalocaris-like taxon,Eoduslia
Anomalocaris-like taxon,Asaphellus fezouataensis 
Anomalocaris-like taxon,Asaphellus sp aff. jujuanus
Anomalocaris-like taxon,Asaphellus tataensis
Anomalocaris-like taxon,Asaphellus sp.
Anomalocaris-like taxon,Kierarges morrisoni
Anomalocaris-like taxon,Platypeltoides magrebiensis
Anomalocaris-like taxon,Playpeltoides carmenae
Anomalocaris-like taxon,Symphysurus sicardi
Anomalocaris-like taxon,Symphysurus ebbestadi
Anomalocaris-like taxon,Symphysurus sp.
Anomalocaris-like taxon,Apatokephalus cf. incisus
Anomalocaris-like taxon,Dikelokephalina brenchleyi
Anomalocaris-like taxon,Cnemidopyge sp.
Anomalocaris-like taxon,Parvilichas marochii
Anomalocaris-like taxon,Selenopeltis aff. Gallica
Anomalocaris-like taxon,Selenopeltis binodosa
Anomalocaris-like taxon,Selenopeltis sp. 1
Anomalocaris-like taxon,Selenopeltis sp. 2
Anomalocaris-like taxon,Harpides sp.
Anomalocaris-like taxon,Foulonia peregrina
Anomalocaris-like taxon,Foulonia sp.
Anomalocaris-like taxon,Pilekia sp.
Anomalocaris-like taxon,Toletanaspis aff. borni
Anomalocaris-like taxon,undet. Dalmanitacea
Anomalocaris-like taxon,Bathycheilus gallicus
Anomalocaris-like taxon,Bavarilla aff. zemmourensis
Anomalocaris-like taxon,Bavarilla zemmourensis
Anomalocaris-like taxon,Bavarilla sp.
Anomalocaris-like taxon,Colpocoryphe thorali
Anomalocaris-like taxon,Colpocoryphe pradesensis
Anomalocaris-like taxon,Colpocoryphe sp.
Anomalocaris-like taxon,Pharostoma sp.
Anomalocaris-like taxon,Pharostomina sp. 
Anomalocaris-like taxon,Prionocheilus aff. languedocensis
Anomalocaris-like taxon,Prionocheilus sp.
Anomalocaris-like taxon,Agerina quadrata
Anomalocaris-like taxon,Euloma sp.
Anomalocaris-like taxon,Beltella sp.
Anomalocaris-like taxon,Ampyx priscus
Anomalocaris-like taxon,Ampyx cf. priscus
Anomalocaris-like taxon,Ceraurinella? sp.
Anomalocaris-like taxon,Megalaspidella sp.
Anomalocaris-like taxon,Megistaspis (Ekeraspis) sp. indet.
Anomalocaris-like taxon,Neseuretus cf. attenuatus
Anomalocaris-like taxon,Neseuretus aff. attenuatus
Anomalocaris-like taxon,Platycoryphe sp.
Anomalocaris-like taxon,Parabathycheilus gallicus
Anomalocaris-like taxon,Anacheirurus adserai
Anomalocaris-like taxon,Eoharpes sp.
Anomalocaris-like taxon,Ormathops clariondi
Anomalocaris-like taxon,Pterygometopus sp.
Anomalocaris-like taxon,Megalaspides? sp.
Anomalocaris-like taxon,Iberocoryphe sp.
Anomalocaris-like taxon,cf. Niobella sp.
Anomalocaris-like taxon,Somasteroid indet. n. sp. 1
Anomalocaris-like taxon,Somasteroid indet. n. sp. 2
Anomalocaris-like taxon,Somasteroid indet. n. sp. 3
Anomalocaris-like taxon,Somasteroid indet.
Anomalocaris-like taxon,undet. Asteroidea
Anomalocaris-like taxon,undet. Stelleroidea
Anomalocaris-like taxon,Villebrunaster fezouataensis
Anomalocaris-like taxon,Palaeosphaeronites sp.
Anomalocaris-like taxon,Palaeosphaeronites? prokopi
Anomalocaris-like taxon,Aristocystites cf. bohemicus (sinuous?)
Anomalocaris-like taxon,Aristocystites sp.
Anomalocaris-like taxon,Ascocystites? sp.
Anomalocaris-like taxon,Balantiocystis regnelli
Anomalocaris-like taxon,Balantiocystis sp.
Anomalocaris-like taxon,Rhopalocystis sp.
Anomalocaris-like taxon,Rhopalocystis dehirensis
Anomalocaris-like taxon,Rhopalocystis destombesi
Anomalocaris-like taxon,Rhopalocystis fraga
Anomalocaris-like taxon,Rhopalocystis grandis
Anomalocaris-like taxon,Rhopalocystis havliceki
Anomalocaris-like taxon,Rhopalocystis lehmani
Anomalocaris-like taxon,Rhopalocystis zagoraensis
Anomalocaris-like taxon,Rhopalocystis sp. A
Anomalocaris-like taxon,Rhopalocystis sp. B
Anomalocaris-like taxon,Rhopalocystis sp. C
Anomalocaris-like taxon,cf. Rhopalocystis
Anomalocaris-like taxon,Lingulocystis aff. deani
Anomalocaris-like taxon,Lingulocystis elongata
Anomalocaris-like taxon,cf. Pareocrinus
Anomalocaris-like taxon,Eocrinoidea indet. sp. 1
Anomalocaris-like taxon,Eocrinoidea indet. sp. 2
Anomalocaris-like taxon,Eocrinoidea indet.
Anomalocaris-like taxon,Ramseyocrinus sp.
Anomalocaris-like taxon,Crinoid 2
Anomalocaris-like taxon,Aethocrinus cf. moorei
Anomalocaris-like taxon,Iocrinus n. sp.
Anomalocaris-like taxon,Cystoidea?/undet. Cystoidea
Anomalocaris-like taxon,Argodiscus espilezorum
Anomalocaris-like taxon,Anedriophus moroccoensis
Anomalocaris-like taxon,Rhenopyrgid indet.
Anomalocaris-like taxon,Ampelocarpus sp.
Anomalocaris-like taxon,Amygdalotheca griffei
Anomalocaris-like taxon,Anatifopsis escandei
Anomalocaris-like taxon,Anatifopsis trapeziiformis
Anomalocaris-like taxon,Anatifopsis sp.
Anomalocaris-like taxon,"Anomalocystid n. gen., n. sp. "
Anomalocaris-like taxon,Aspidocarpus sp.
Anomalocaris-like taxon,Arauricystis? sp.
Anomalocaris-like taxon,Balanocystites primus
Anomalocaris-like taxon,Bohemiaecystis
Anomalocaris-like taxon,Chauvelicystis ubaghsi
Anomalocaris-like taxon,Chauvelicystis spinosa
Anomalocaris-like taxon,Chauvelicystis vizcainoi
Anomalocaris-like taxon,Chauvelicystis sp.
Anomalocaris-like taxon,"Chauvelicystid n. gen., n. sp. 1"
Anomalocaris-like taxon,"Chauvelicystid n. gen., n. sp. 2"
Anomalocaris-like taxon,Chinianocarpos sp.
Anomalocaris-like taxon,"Cornuta n. gen. 1, n. sp."
Anomalocaris-like taxon,"Cornuta n. gen. 2, n. sp."
Anomalocaris-like taxon,Flabellicarpus rushtoni
Anomalocaris-like taxon,Flabellicarpus?
Anomalocaris-like taxon,Galliaecystis n. sp.
Anomalocaris-like taxon,Galliaecystis ubaghsi
Anomalocaris-like taxon,Hanusia n. sp.
Anomalocaris-like taxon,Lagynocystis pyramidalis
Anomalocaris-like taxon,Kirkocystidae?
Anomalocaris-like taxon,Lyricocarpus courtessolei
Anomalocaris-like taxon,Milonicystis sp.
Anomalocaris-like taxon,Mitrocystitid indet. cf. Ovocarpus
Anomalocaris-like taxon,Nanocarpus cf. dolambii
Anomalocaris-like taxon,Phyllocystis blayaci
Anomalocaris-like taxon,Phyllocystis sp.
Anomalocaris-like taxon,Procothurnocystis n. sp.
Anomalocaris-like taxon,Prokopicystis sp.
Anomalocaris-like taxon,Thoralicystis zagoraensis
Anomalocaris-like taxon,Thoralicystis n. sp.
Anomalocaris-like taxon,Vizcainocarpus sp.
Anomalocaris-like taxon,Cothurnocystid indetl.
Anomalocaris-like taxon,Hanusiid indet.
Anomalocaris-like taxon,Peltocystis cornuta
Anomalocaris-like taxon,Scotiaevystis? sp.
Anomalocaris-like taxon,Macrocystella sp.
Anomalocaris-like taxon,Macrocystella bohemica
Anomalocaris-like taxon,Macrocystella cf. mariae
Anomalocaris-like taxon,Macrocystella tasseftensis
Anomalocaris-like taxon,cf. Castericystis
Anomalocaris-like taxon,cf. Minervaecystis
Anomalocaris-like taxon,Plasiacystis mobilis
Anomalocaris-like taxon,Plasiacystis sp.
Anomalocaris-like taxon,Nimchacystis agterbosi
Anomalocaris-like taxon,undet. Ophiuroidea
Anomalocaris-like taxon,Clonograptus rigidus
Anomalocaris-like taxon,Clonograptus flexibilis
Anomalocaris-like taxon,Clonograptus flexilis
Anomalocaris-like taxon,Clonograptus persistens
Anomalocaris-like taxon,Clonograptus multiplex
Anomalocaris-like taxon,Didymograptus cf. arcuatus
Anomalocaris-like taxon,Didymograptus deflexus
Anomalocaris-like taxon,Didymograptus extensus
Anomalocaris-like taxon,Didymograptus v-fractus
Anomalocaris-like taxon,Didymograptus intendus
Anomalocaris-like taxon,Didymograptus pennatulus
Anomalocaris-like taxon,Didymograptus nanus
Anomalocaris-like taxon,Didymograptus nitidus
Anomalocaris-like taxon,Didymograptus patulus
Anomalocaris-like taxon,Didymograptus sparsus
Anomalocaris-like taxon,"""Didymograptus sp. 1"""
Anomalocaris-like taxon,Didymograptus sp.
Anomalocaris-like taxon,Didymograptid indet.
Anomalocaris-like taxon,Dichograptidae?
Anomalocaris-like taxon,Hunnegraptus copiosus
Anomalocaris-like taxon, 'Kiaerograptus' supremus
Anomalocaris-like taxon,Koremagraptus sp.
Anomalocaris-like taxon,Paradelograptus norvegicus
Anomalocaris-like taxon,Paradelograptus tenuis
Anomalocaris-like taxon,Paratemnograptus magnificus
Anomalocaris-like taxon,Tetragraptus cf. approximatus
Anomalocaris-like taxon,Tetragraptus quadribrachiatus
Anomalocaris-like taxon,Tetragraptus reclinatus
Anomalocaris-like taxon,Tetragraptus serra
Anomalocaris-like taxon,Tetragraptus tornquisti
Anomalocaris-like taxon, 'Tetragraptus' bulmani
Anomalocaris-like taxon,Tetragraptus sp.
Anomalocaris-like taxon,Araneograptus murrayi
Anomalocaris-like taxon,Dictyonema sp.
Anomalocaris-like taxon,Tuboid
Anomalocaris-like taxon,Anisograptus cf. matanensis
Anomalocaris-like taxon,Bryograptus divergens
Anomalocaris-like taxon,Bryograptus kjerulfi cumbrensis
Anomalocaris-like taxon,Bryograptus lapworthi
Anomalocaris-like taxon,Rhabdinopora flabelliforme cf. anglica
Anomalocaris-like taxon,Rhabdinopora flabelliforme flabelliforme
Anomalocaris-like taxon,Rhabdinopora flabelliforme multithecatum
Anomalocaris-like taxon,Rhabdinopora flabelliformis socialis
Anomalocaris-like taxon,Rhabdinopora flabelliformis canadenisis
Anomalocaris-like taxon,Rhabdinopora flabelliforme norvegicum
Anomalocaris-like taxon,Acrograptus nicholsoni
Anomalocaris-like taxon,Adelograptus sp.
Anomalocaris-like taxon,Azygograptus eivionicus
Anomalocaris-like taxon,Azygograptus sp.
Anomalocaris-like taxon,Etagraptus putillus
Anomalocaris-like taxon,Hermannograptus sp.
Anomalocaris-like taxon,Isograptus caduceus arcuatus
Anomalocaris-like taxon,Isograptus caduceus gracilis
Anomalocaris-like taxon,Isograptus furcula
Anomalocaris-like taxon,Pterograptus sp.
Anomalocaris-like taxon,Schizograptus sp.
Anomalocaris-like taxon,Temnograptus multiflex
Anomalocaris-like taxon,Temnograptus cf. noveboracensis
Anomalocaris-like taxon,Temnograptus ramulus
Anomalocaris-like taxon,Adelograptus tenellus
Anomalocaris-like taxon,Choristograptus louai
Anomalocaris-like taxon,Ancoragraptus bulmani
Anomalocaris-like taxon,?Cymatograptus protobalticus
Anomalocaris-like taxon,?Baltograptus jacksoni
Anomalocaris-like taxon,Baltograptus minutus
Anomalocaris-like taxon,Baltograptus deflexus
Anomalocaris-like taxon,?Baltograptus kurcki
Anomalocaris-like taxon,Expansograptus sp.
Anomalocaris-like taxon,Webbyites felix
Anomalocaris-like taxon,Rhabdopleura-like epibiont
Anomalocaris-like taxon,Drepanoistodus? cf. pervetus
Anomalocaris-like taxon,Drepanoistodus cf. forceps
Anomalocaris-like taxon,Acodus deltatus
Anomalocaris-like taxon,Cornuodus longibasis
Anomalocaris-like taxon,Drepanodus arcuatus
Anomalocaris-like taxon,Paltodus cf. inaequalis
Anomalocaris-like taxon,Parapaltodus aff. flexuosus
Anomalocaris-like taxon,Parapaltodus aff. simplicissimus
Anomalocaris-like taxon,Paroistodus cf. proteus
Anomalocaris-like taxon,Paroistodus cf. parallellus
Anomalocaris-like taxon,Periodon cf. selenopsis
Anomalocaris-like taxon,Periodon cf. primus
Anomalocaris-like taxon,Prioniodus sp.
Anomalocaris-like taxon,Prioniodus cf. gilberti
Anomalocaris-like taxon,Protopanderodus cf. leonardii
Anomalocaris-like taxon,Scalpellodus aff. gracilis
Anomalocaris-like taxon,Scolopodus aff. krummi
Anomalocaris-like taxon,Semiacontiodus sp.
Anomalocaris-like taxon,Semiacontiodus cf. cornuformis
Anomalocaris-like taxon,Stolodus cf. stola
Anomalocaris-like taxon,Tripodus sp.
Anomalocaris-like taxon,Tripodus aff. Laevis
Anomalocaris-like taxon,Tropodus sp.
Anomalocaris-like taxon,Tropodus cf. sweeti
amplectobeluids,Bactroceras sp.
amplectobeluids,Bathmoceras taichoutense
amplectobeluids,Destombesiceras zagorense
amplectobeluids,Polymeres sp.
amplectobeluids,Protocyptendoceras longicameratum
amplectobeluids,Large taxon with spinose limbs
amplectobeluids,Small taxon with spinose limbs
amplectobeluids,Armoured lobopodian 1
amplectobeluids,Armoured lobopodian 2
amplectobeluids,Armoured lobopodian 3
amplectobeluids,Diania-like lobopodian
amplectobeluids,Canadaspidid
amplectobeluids,Furca sp. 1
amplectobeluids,Furca sp. 2
amplectobeluids,Furca sp. 3
amplectobeluids,Marrella sp.
amplectobeluids,Enosiaspis hrungnir
amplectobeluids,Leanchoilia sp.
amplectobeluids,Possible waptiid
amplectobeluids, 'Synziphosurine'/Synziphosurina?
amplectobeluids,Chasmataspidid
amplectobeluids,Possible pycnogonid
amplectobeluids,Xiphosurid
amplectobeluids,Possible helmetiid
amplectobeluids,Possible retifaciid
amplectobeluids,Tariccoia tazagurtensis
amplectobeluids,Chlupacaris? sp.
amplectobeluids,Cheloniellid
amplectobeluids,Pseudoangustidontus duplospineus
amplectobeluids,Pseudoangustidontus sp.
amplectobeluids,Phyllocarid
amplectobeluids,Lepadomorph barnacle
amplectobeluids,Eoduslia
amplectobeluids,Symphysurus sicardi
amplectobeluids,Symphysurus ebbestadi
amplectobeluids,Apatokephalus cf. incisus
amplectobeluids,Dikelokephalina brenchleyi
amplectobeluids,Orometopus sp.
amplectobeluids,Cnemidopyge sp.
amplectobeluids,Parvilichas marochii
amplectobeluids,Selenopeltis aff. Gallica
amplectobeluids,Selenopeltis binodosa
amplectobeluids,Selenopeltis sp. 1
amplectobeluids,Selenopeltis sp. 2
amplectobeluids,Foulonia peregrina
amplectobeluids,Foulonia sp.
amplectobeluids,Toletanaspis aff. borni
amplectobeluids,undet. Dalmanitacea
amplectobeluids,Bathycheilus gallicus
amplectobeluids,Bavarilla aff. zemmourensis
amplectobeluids,Bavarilla zemmourensis
amplectobeluids,Bavarilla sp.
amplectobeluids,Colpocoryphe thorali
amplectobeluids,Colpocoryphe pradesensis
amplectobeluids,Pharostoma sp.
amplectobeluids,Pharostomina sp. 
amplectobeluids,Agerina quadrata
amplectobeluids,Euloma sp.
amplectobeluids,Geragnostus aff. occitanus
amplectobeluids,Geragnostus sp.
amplectobeluids,Beltella sp.
amplectobeluids,Ampyx priscus
amplectobeluids,Ampyx cf. priscus
amplectobeluids,Ceraurinella? sp.
amplectobeluids,Megalaspidella sp.
amplectobeluids,Platycoryphe sp.
amplectobeluids,Parabathycheilus gallicus
amplectobeluids,Proetidae?
amplectobeluids,undet. Trinucleidae
amplectobeluids,Nileus deynouxi
amplectobeluids,Hospes sp.
amplectobeluids,Ogygiocaris sp.
amplectobeluids,Ormathops clariondi
amplectobeluids,Pterygometopus sp.
amplectobeluids,Iberocoryphe sp.
amplectobeluids,cf. Niobella sp.
amplectobeluids,Somasteroid indet. n. sp. 1
amplectobeluids,Somasteroid indet. n. sp. 2
amplectobeluids,Somasteroid indet. n. sp. 3
amplectobeluids,Somasteroid indet.
amplectobeluids,undet. Asteroidea
amplectobeluids,undet. Stelleroidea
amplectobeluids,Palaeosphaeronites sp.
amplectobeluids,Palaeosphaeronites? prokopi
amplectobeluids,Aristocystites cf. bohemicus (sinuous?)
amplectobeluids,Aristocystites sp.
amplectobeluids,Ascocystites? sp.
amplectobeluids,Balantiocystis regnelli
amplectobeluids,Balantiocystis sp.
amplectobeluids,Rhopalocystis sp.
amplectobeluids,Rhopalocystis dehirensis
amplectobeluids,Rhopalocystis destombesi
amplectobeluids,Rhopalocystis fraga
amplectobeluids,Rhopalocystis grandis
amplectobeluids,Rhopalocystis havliceki
amplectobeluids,Rhopalocystis lehmani
amplectobeluids,Rhopalocystis zagoraensis
amplectobeluids,Rhopalocystis sp. A
amplectobeluids,Rhopalocystis sp. B
amplectobeluids,Rhopalocystis sp. C
amplectobeluids,cf. Rhopalocystis
amplectobeluids,Lingulocystis aff. deani
amplectobeluids,Lingulocystis elongata
amplectobeluids,cf. Pareocrinus
amplectobeluids,Eocrinoidea indet. sp. 1
amplectobeluids,Eocrinoidea indet. sp. 2
amplectobeluids,Eocrinoidea indet.
amplectobeluids,Ramseyocrinus sp.
amplectobeluids,Crinoid 2
amplectobeluids,Aethocrinus cf. moorei
amplectobeluids,Iocrinus n. sp.
amplectobeluids,Cystoidea?/undet. Cystoidea
amplectobeluids,Argodiscus espilezorum
amplectobeluids,Anedriophus moroccoensis
amplectobeluids,Rhenopyrgid indet.
amplectobeluids,Ampelocarpus sp.
amplectobeluids,Amygdalotheca griffei
amplectobeluids,Anatifopsis escandei
amplectobeluids,Anatifopsis trapeziiformis
amplectobeluids,Anatifopsis sp.
amplectobeluids,"Anomalocystid n. gen., n. sp. "
amplectobeluids,Aspidocarpus sp.
amplectobeluids,Arauricystis? sp.
amplectobeluids,Balanocystites primus
amplectobeluids,Bohemiaecystis
amplectobeluids,Chauvelicystis ubaghsi
amplectobeluids,Chauvelicystis spinosa
amplectobeluids,Chauvelicystis vizcainoi
amplectobeluids,Chauvelicystis sp.
amplectobeluids,"Chauvelicystid n. gen., n. sp. 1"
amplectobeluids,"Chauvelicystid n. gen., n. sp. 2"
amplectobeluids,Chinianocarpos sp.
amplectobeluids,"Cornuta n. gen. 1, n. sp."
amplectobeluids,"Cornuta n. gen. 2, n. sp."
amplectobeluids,Flabellicarpus rushtoni
amplectobeluids,Flabellicarpus?
amplectobeluids,Galliaecystis n. sp.
amplectobeluids,Galliaecystis ubaghsi
amplectobeluids,Hanusia n. sp.
amplectobeluids,Lagynocystis pyramidalis
amplectobeluids,Kirkocystidae?
amplectobeluids,Lyricocarpus courtessolei
amplectobeluids,Milonicystis sp.
amplectobeluids,Mitrocystitid indet. cf. Ovocarpus
amplectobeluids,Nanocarpus cf. dolambii
amplectobeluids,Phyllocystis blayaci
amplectobeluids,Phyllocystis sp.
amplectobeluids,Procothurnocystis n. sp.
amplectobeluids,Prokopicystis sp.
amplectobeluids,Thoralicystis zagoraensis
amplectobeluids,Thoralicystis n. sp.
amplectobeluids,Vizcainocarpus sp.
amplectobeluids,Cothurnocystid indetl.
amplectobeluids,Hanusiid indet.
amplectobeluids,Peltocystis cornuta
amplectobeluids,Scotiaevystis? sp.
amplectobeluids,Macrocystella sp.
amplectobeluids,Macrocystella bohemica
amplectobeluids,Macrocystella cf. mariae
amplectobeluids,Macrocystella tasseftensis
amplectobeluids,undet. Ophiuroidea
amplectobeluids,Clonograptus rigidus
amplectobeluids,Clonograptus flexibilis
amplectobeluids,Clonograptus flexilis
amplectobeluids,Clonograptus persistens
amplectobeluids,Clonograptus multiplex
amplectobeluids,Didymograptus cf. arcuatus
amplectobeluids,Didymograptus deflexus
amplectobeluids,Didymograptus extensus
amplectobeluids,Didymograptus v-fractus
amplectobeluids,Didymograptus intendus
amplectobeluids,Didymograptus pennatulus
amplectobeluids,Didymograptus nanus
amplectobeluids,Didymograptus nitidus
amplectobeluids,Didymograptus patulus
amplectobeluids,Didymograptus sparsus
amplectobeluids,"""Didymograptus sp. 1"""
amplectobeluids,Didymograptus sp.
amplectobeluids,Didymograptid indet.
amplectobeluids,Dichograptidae?
amplectobeluids,Hunnegraptus copiosus
amplectobeluids, 'Kiaerograptus' supremus
amplectobeluids,Koremagraptus sp.
amplectobeluids,Paradelograptus norvegicus
amplectobeluids,Paradelograptus tenuis
amplectobeluids,Paratemnograptus magnificus
amplectobeluids,Tetragraptus cf. approximatus
amplectobeluids,Tetragraptus quadribrachiatus
amplectobeluids,Tetragraptus reclinatus
amplectobeluids,Tetragraptus serra
amplectobeluids,Tetragraptus tornquisti
amplectobeluids, 'Tetragraptus' bulmani
amplectobeluids,Tetragraptus sp.
amplectobeluids,Araneograptus murrayi
amplectobeluids,Dictyonema sp.
amplectobeluids,Tuboid
amplectobeluids,Anisograptus cf. matanensis
amplectobeluids,Bryograptus divergens
amplectobeluids,Bryograptus kjerulfi cumbrensis
amplectobeluids,Bryograptus lapworthi
amplectobeluids,Rhabdinopora flabelliforme cf. anglica
amplectobeluids,Rhabdinopora flabelliforme flabelliforme
amplectobeluids,Rhabdinopora flabelliforme multithecatum
amplectobeluids,Rhabdinopora flabelliformis socialis
amplectobeluids,Rhabdinopora flabelliformis canadenisis
amplectobeluids,Rhabdinopora flabelliforme norvegicum
amplectobeluids,Acrograptus nicholsoni
amplectobeluids,Adelograptus sp.
amplectobeluids,Azygograptus eivionicus
amplectobeluids,Azygograptus sp.
amplectobeluids,Etagraptus putillus
amplectobeluids,Hermannograptus sp.
amplectobeluids,Isograptus caduceus arcuatus
amplectobeluids,Isograptus caduceus gracilis
amplectobeluids,Isograptus furcula
amplectobeluids,Pterograptus sp.
amplectobeluids,Schizograptus sp.
amplectobeluids,Temnograptus multiflex
amplectobeluids,Temnograptus cf. noveboracensis
amplectobeluids,Temnograptus ramulus
amplectobeluids,Adelograptus tenellus
amplectobeluids,Choristograptus louai
amplectobeluids,Ancoragraptus bulmani
amplectobeluids,?Cymatograptus protobalticus
amplectobeluids,?Baltograptus jacksoni
amplectobeluids,Baltograptus minutus
amplectobeluids,Baltograptus deflexus
amplectobeluids,?Baltograptus kurcki
amplectobeluids,Expansograptus sp.
amplectobeluids,Webbyites felix
amplectobeluids,Rhabdopleura-like epibiont
amplectobeluids,Drepanoistodus? cf. pervetus
amplectobeluids,Drepanoistodus cf. forceps
amplectobeluids,Acodus deltatus
amplectobeluids,Cornuodus longibasis
amplectobeluids,Drepanodus arcuatus
amplectobeluids,Paltodus cf. inaequalis
amplectobeluids,Parapaltodus aff. flexuosus
amplectobeluids,Parapaltodus aff. simplicissimus
amplectobeluids,Paroistodus cf. proteus
amplectobeluids,Paroistodus cf. parallellus
amplectobeluids,Periodon cf. selenopsis
amplectobeluids,Periodon cf. primus
amplectobeluids,Prioniodus sp.
amplectobeluids,Prioniodus cf. gilberti
amplectobeluids,Protopanderodus cf. leonardii
amplectobeluids,Scalpellodus aff. gracilis
amplectobeluids,Scolopodus aff. krummi
amplectobeluids,Semiacontiodus sp.
amplectobeluids,Semiacontiodus cf. cornuformis
amplectobeluids,Stolodus cf. stola
amplectobeluids,Tripodus sp.
amplectobeluids,Tripodus aff. Laevis
amplectobeluids,Tropodus sp.
amplectobeluids,Tropodus cf. sweeti
Canadaspidid,Furca sp. 1
Canadaspidid,Furca sp. 2
Canadaspidid,Furca sp. 3
Canadaspidid,Enosiaspis hrungnir
Canadaspidid, 'Synziphosurine'/Synziphosurina?
Canadaspidid,Tariccoia tazagurtensis
Canadaspidid,Ostracod
Canadaspidid,Lepadomorph barnacle
Canadaspidid,undet. Dikelocephalidae
Canadaspidid,undet. Illaenacea
Canadaspidid,Orometopus sp.
Canadaspidid,Toletanaspis aff. borni
Canadaspidid,Agerina quadrata
Canadaspidid,Geragnostus aff. occitanus
Canadaspidid,Geragnostus sp.
Canadaspidid,Ampyx priscus
Canadaspidid,Ampyx cf. priscus
Canadaspidid,Parabathycheilus gallicus
Canadaspidid,Proetidae?
Canadaspidid,undet. Trinucleidae
Canadaspidid,Nileus deynouxi
Furca sp. 1,suspended organic matter
Furca sp. 1,Zooplankton
Furca sp. 2,suspended organic matter
Furca sp. 2,Zooplankton
Furca sp. 3,suspended organic matter
Furca sp. 3,Zooplankton
Marrella sp.,suspended organic matter
Marrella sp.,Zooplankton
Enosiaspis hrungnir,Benthic detritus
Leanchoilia sp.,Bryozoan
Leanchoilia sp.,Coxiconchia guiraudi
Leanchoilia sp.,Cienagomya? sp.
Leanchoilia sp.,Ekaterodonta courtessolei
Leanchoilia sp.,Glyptarca sp.
Leanchoilia sp.,Carcassonnella courtessolei
Leanchoilia sp.,Carcassonnella vizcainoi
Leanchoilia sp.,Carcassonnella sp.
Leanchoilia sp., 'Synziphosurine'/Synziphosurina?
Leanchoilia sp.,Tariccoia tazagurtensis
Leanchoilia sp.,Ostracod
Leanchoilia sp.,Lepadomorph barnacle
Leanchoilia sp.,undet. Dikelocephalidae
Leanchoilia sp.,undet. Illaenacea
Leanchoilia sp.,Orometopus sp.
Leanchoilia sp.,Agerina quadrata
Leanchoilia sp.,Geragnostus aff. occitanus
Leanchoilia sp.,Geragnostus sp.
Leanchoilia sp.,Proetidae?
Leanchoilia sp.,undet. Trinucleidae
Leanchoilia sp.,Nileus deynouxi
Leanchoilia sp.,Didymograptus cf. arcuatus
Leanchoilia sp.,Didymograptus deflexus
Leanchoilia sp.,Didymograptus extensus
Leanchoilia sp.,Didymograptus v-fractus
Leanchoilia sp.,Didymograptus intendus
Leanchoilia sp.,Didymograptus pennatulus
Leanchoilia sp.,Didymograptus nanus
Leanchoilia sp.,Didymograptus nitidus
Leanchoilia sp.,Didymograptus patulus
Leanchoilia sp.,Didymograptus sparsus
Leanchoilia sp.,"""Didymograptus sp. 1"""
Leanchoilia sp.,Didymograptus sp.
Leanchoilia sp.,Didymograptid indet.
Leanchoilia sp.,Koremagraptus sp.
Leanchoilia sp.,Dictyonema sp.
Leanchoilia sp.,Tuboid
Leanchoilia sp.,?Cymatograptus protobalticus
Leanchoilia sp.,Webbyites felix
Leanchoilia sp.,Rhabdopleura-like epibiont
Leanchoilia sp.,Hyolithes sp.
Possible waptiid,Benthic detritus
Possible waptiid,Archaeoconularia sp.
Possible waptiid,Eoconularia sp.
Possible waptiid,Sphenothallus sp. 1
Possible waptiid,?Sphenothallus sp. 2
Possible waptiid,Octocorallia?
Possible waptiid,Bryozoan
Possible waptiid,Plumulites bengtsoni
Possible waptiid,Possible phyllodocid
Possible waptiid,Priapulid
Possible waptiid,Large taxon with spinose limbs
Possible waptiid,Small taxon with spinose limbs
Possible waptiid,Didymograptus cf. arcuatus
Possible waptiid,Didymograptus deflexus
Possible waptiid,Didymograptus extensus
Possible waptiid,Didymograptus v-fractus
Possible waptiid,Didymograptus intendus
Possible waptiid,Didymograptus pennatulus
Possible waptiid,Didymograptus nanus
Possible waptiid,Didymograptus nitidus
Possible waptiid,Didymograptus patulus
Possible waptiid,Didymograptus sparsus
Possible waptiid,"""Didymograptus sp. 1"""
Possible waptiid,Didymograptus sp.
Possible waptiid,Didymograptid indet.
Possible waptiid,Koremagraptus sp.
Possible waptiid,Dictyonema sp.
Possible waptiid,Tuboid
Possible waptiid,?Cymatograptus protobalticus
Possible waptiid,Webbyites felix
Possible waptiid,Rhabdopleura-like epibiont
Possible waptiid,Hyolithes sp.
 'Synziphosurine'/Synziphosurina?,Bryozoan
 'Synziphosurine'/Synziphosurina?,Carcassonnella sp.
 'Synziphosurine'/Synziphosurina?,Ostracod
 'Synziphosurine'/Synziphosurina?,undet. Dikelocephalidae
 'Synziphosurine'/Synziphosurina?,undet. Illaenacea
 'Synziphosurine'/Synziphosurina?,Proetidae?
 'Synziphosurine'/Synziphosurina?,Didymograptus cf. arcuatus
 'Synziphosurine'/Synziphosurina?,Didymograptus deflexus
 'Synziphosurine'/Synziphosurina?,Didymograptus extensus
 'Synziphosurine'/Synziphosurina?,Didymograptus v-fractus
 'Synziphosurine'/Synziphosurina?,Didymograptus intendus
 'Synziphosurine'/Synziphosurina?,Didymograptus pennatulus
 'Synziphosurine'/Synziphosurina?,Didymograptus nanus
 'Synziphosurine'/Synziphosurina?,Didymograptus nitidus
 'Synziphosurine'/Synziphosurina?,Didymograptus patulus
 'Synziphosurine'/Synziphosurina?,Didymograptus sparsus
 'Synziphosurine'/Synziphosurina?,"""Didymograptus sp. 1"""
 'Synziphosurine'/Synziphosurina?,Didymograptus sp.
 'Synziphosurine'/Synziphosurina?,Didymograptid indet.
 'Synziphosurine'/Synziphosurina?,Koremagraptus sp.
 'Synziphosurine'/Synziphosurina?,Dictyonema sp.
 'Synziphosurine'/Synziphosurina?,Tuboid
 'Synziphosurine'/Synziphosurina?,?Cymatograptus protobalticus
 'Synziphosurine'/Synziphosurina?,Webbyites felix
 'Synziphosurine'/Synziphosurina?,Rhabdopleura-like epibiont
Chasmataspidid,Bryozoan
Chasmataspidid,Coxiconchia guiraudi
Chasmataspidid,Cienagomya? sp.
Chasmataspidid,Carcassonnella courtessolei
Chasmataspidid,Carcassonnella vizcainoi
Chasmataspidid,Carcassonnella sp.
Chasmataspidid, 'Synziphosurine'/Synziphosurina?
Chasmataspidid,Tariccoia tazagurtensis
Chasmataspidid,Ostracod
Chasmataspidid,undet. Dikelocephalidae
Chasmataspidid,undet. Illaenacea
Chasmataspidid,Geragnostus aff. occitanus
Chasmataspidid,Geragnostus sp.
Chasmataspidid,Proetidae?
Chasmataspidid,undet. Trinucleidae
Chasmataspidid,Didymograptus cf. arcuatus
Chasmataspidid,Didymograptus deflexus
Chasmataspidid,Didymograptus extensus
Chasmataspidid,Didymograptus v-fractus
Chasmataspidid,Didymograptus intendus
Chasmataspidid,Didymograptus pennatulus
Chasmataspidid,Didymograptus nanus
Chasmataspidid,Didymograptus nitidus
Chasmataspidid,Didymograptus patulus
Chasmataspidid,Didymograptus sparsus
Chasmataspidid,"""Didymograptus sp. 1"""
Chasmataspidid,Didymograptus sp.
Chasmataspidid,Didymograptid indet.
Chasmataspidid,Koremagraptus sp.
Chasmataspidid,Dictyonema sp.
Chasmataspidid,Tuboid
Chasmataspidid,?Cymatograptus protobalticus
Chasmataspidid,Webbyites felix
Chasmataspidid,Rhabdopleura-like epibiont
Eurypterid 1,Ranorthis fasciata
Eurypterid 1,undet. Athyridida
Eurypterid 1,Acrothele sp.
Eurypterid 1,Plectorthis simplex
Eurypterid 1,Angusticardinia sp.
Eurypterid 1,Lingula salteri
Eurypterid 1,Orbithele vana
Eurypterid 1,Paurorthis tadristensis
Eurypterid 1,Tarfaya marocana
Eurypterid 1,Wosekella sp.
Eurypterid 1,Monobolina sp.
Eurypterid 1,Elliptoglossa sp.
Eurypterid 1,Celdobolus sp.
Eurypterid 1,Discinoidea?
Eurypterid 1,undet. Dalmanelloidea
Eurypterid 1,Babinka prima
Eurypterid 1,Ctenodonta escosurae
Eurypterid 1,Praenucula sp.
Eurypterid 1,Redonia michelae
Eurypterid 1,Coxiconchia guiraudi
Eurypterid 1,Alococoncha?
Eurypterid 1,Cardiolaria? sp.
Eurypterid 1,Cienagomya? sp.
Eurypterid 1,Ekaterodonta courtessolei
Eurypterid 1,Glyptarca sp.
Eurypterid 1,Pelecyogyra fezouataensis
Eurypterid 1,Sinuites sp.
Eurypterid 1,Lesueurilla prima
Eurypterid 1,undet. Platyceratoidea
Eurypterid 1,undet. Monoplacophora
Eurypterid 1,Thoralispira laevis
Eurypterid 1,Thoralispira? cf. occitana
Eurypterid 1,Carcassonnella courtessolei
Eurypterid 1,Carcassonnella vizcainoi
Eurypterid 1,Carcassonnella sp.
Eurypterid 1,Ribeiria sp.
Eurypterid 1,Tolmachovia?
Eurypterid 1,Wiwaxiid
Eurypterid 1,Halkieriid
Eurypterid 1,Helcionelloid
Eurypterid 1,Calvapilosa kroegeri
Eurypterid 1,Bactroceras sp.
Eurypterid 1,Bathmoceras taichoutense
Eurypterid 1,Destombesiceras zagorense
Eurypterid 1,Polymeres sp.
Eurypterid 1,Protocyptendoceras longicameratum
Eurypterid 1,Large taxon with spinose limbs
Eurypterid 1,Small taxon with spinose limbs
Eurypterid 1,Armoured lobopodian 1
Eurypterid 1,Armoured lobopodian 2
Eurypterid 1,Armoured lobopodian 3
Eurypterid 1,Diania-like lobopodian
Eurypterid 1,Furca sp. 1
Eurypterid 1,Furca sp. 2
Eurypterid 1,Furca sp. 3
Eurypterid 1,Marrella sp.
Eurypterid 1,Enosiaspis hrungnir
Eurypterid 1,Leanchoilia sp.
Eurypterid 1,Possible waptiid
Eurypterid 1, 'Synziphosurine'/Synziphosurina?
Eurypterid 1,Chasmataspidid
Eurypterid 1,Possible pycnogonid
Eurypterid 1,Possible helmetiid
Eurypterid 1,Possible retifaciid
Eurypterid 1,Tariccoia tazagurtensis
Eurypterid 1,Chlupacaris? sp.
Eurypterid 1,Cheloniellid
Eurypterid 1,Phyllocarid
Eurypterid 1,Lepadomorph barnacle
Eurypterid 1,Eoduslia
Eurypterid 1,Symphysurus sicardi
Eurypterid 1,Apatokephalus cf. incisus
Eurypterid 1,Dikelokephalina brenchleyi
Eurypterid 1,Orometopus sp.
Eurypterid 1,Cnemidopyge sp.
Eurypterid 1,Parvilichas marochii
Eurypterid 1,Selenopeltis aff. Gallica
Eurypterid 1,Selenopeltis binodosa
Eurypterid 1,Selenopeltis sp. 1
Eurypterid 1,Selenopeltis sp. 2
Eurypterid 1,Foulonia peregrina
Eurypterid 1,Foulonia sp.
Eurypterid 1,Toletanaspis aff. borni
Eurypterid 1,undet. Dalmanitacea
Eurypterid 1,Bathycheilus gallicus
Eurypterid 1,Bavarilla aff. zemmourensis
Eurypterid 1,Bavarilla zemmourensis
Eurypterid 1,Bavarilla sp.
Eurypterid 1,Colpocoryphe thorali
Eurypterid 1,Colpocoryphe pradesensis
Eurypterid 1,Pharostoma sp.
Eurypterid 1,Pharostomina sp. 
Eurypterid 1,Agerina quadrata
Eurypterid 1,Geragnostus aff. occitanus
Eurypterid 1,Geragnostus sp.
Eurypterid 1,Beltella sp.
Eurypterid 1,Ampyx priscus
Eurypterid 1,Ampyx cf. priscus
Eurypterid 1,Ceraurinella? sp.
Eurypterid 1,Megalaspidella sp.
Eurypterid 1,Platycoryphe sp.
Eurypterid 1,Parabathycheilus gallicus
Eurypterid 1,Nileus deynouxi
Eurypterid 1,Hospes sp.
Eurypterid 1,Ogygiocaris sp.
Eurypterid 1,Ormathops clariondi
Eurypterid 1,cf. Niobella sp.
Eurypterid 1,Somasteroid indet. n. sp. 1
Eurypterid 1,Somasteroid indet. n. sp. 2
Eurypterid 1,Somasteroid indet. n. sp. 3
Eurypterid 1,Somasteroid indet.
Eurypterid 1,undet. Asteroidea
Eurypterid 1,Palaeosphaeronites sp.
Eurypterid 1,Palaeosphaeronites? prokopi
Eurypterid 1,Aristocystites cf. bohemicus (sinuous?)
Eurypterid 1,Aristocystites sp.
Eurypterid 1,Ascocystites? sp.
Eurypterid 1,Balantiocystis regnelli
Eurypterid 1,Balantiocystis sp.
Eurypterid 1,Rhopalocystis sp.
Eurypterid 1,Rhopalocystis dehirensis
Eurypterid 1,Rhopalocystis destombesi
Eurypterid 1,Rhopalocystis fraga
Eurypterid 1,Rhopalocystis grandis
Eurypterid 1,Rhopalocystis havliceki
Eurypterid 1,Rhopalocystis lehmani
Eurypterid 1,Rhopalocystis zagoraensis
Eurypterid 1,Rhopalocystis sp. A
Eurypterid 1,Rhopalocystis sp. B
Eurypterid 1,Rhopalocystis sp. C
Eurypterid 1,cf. Rhopalocystis
Eurypterid 1,Lingulocystis aff. deani
Eurypterid 1,Lingulocystis elongata
Eurypterid 1,cf. Pareocrinus
Eurypterid 1,Eocrinoidea indet. sp. 1
Eurypterid 1,Eocrinoidea indet. sp. 2
Eurypterid 1,Eocrinoidea indet.
Eurypterid 1,Ramseyocrinus sp.
Eurypterid 1,Crinoid 2
Eurypterid 1,Aethocrinus cf. moorei
Eurypterid 1,Iocrinus n. sp.
Eurypterid 1,Cystoidea?/undet. Cystoidea
Eurypterid 1,Argodiscus espilezorum
Eurypterid 1,Anedriophus moroccoensis
Eurypterid 1,Rhenopyrgid indet.
Eurypterid 1,Ampelocarpus sp.
Eurypterid 1,Amygdalotheca griffei
Eurypterid 1,Anatifopsis escandei
Eurypterid 1,Anatifopsis trapeziiformis
Eurypterid 1,Anatifopsis sp.
Eurypterid 1,"Anomalocystid n. gen., n. sp. "
Eurypterid 1,Aspidocarpus sp.
Eurypterid 1,Arauricystis? sp.
Eurypterid 1,Balanocystites primus
Eurypterid 1,Bohemiaecystis
Eurypterid 1,Chauvelicystis ubaghsi
Eurypterid 1,Chauvelicystis spinosa
Eurypterid 1,Chauvelicystis vizcainoi
Eurypterid 1,Chauvelicystis sp.
Eurypterid 1,"Chauvelicystid n. gen., n. sp. 1"
Eurypterid 1,"Chauvelicystid n. gen., n. sp. 2"
Eurypterid 1,Chinianocarpos sp.
Eurypterid 1,"Cornuta n. gen. 1, n. sp."
Eurypterid 1,"Cornuta n. gen. 2, n. sp."
Eurypterid 1,Flabellicarpus rushtoni
Eurypterid 1,Flabellicarpus?
Eurypterid 1,Galliaecystis n. sp.
Eurypterid 1,Galliaecystis ubaghsi
Eurypterid 1,Hanusia n. sp.
Eurypterid 1,Lagynocystis pyramidalis
Eurypterid 1,Kirkocystidae?
Eurypterid 1,Lyricocarpus courtessolei
Eurypterid 1,Milonicystis sp.
Eurypterid 1,Mitrocystitid indet. cf. Ovocarpus
Eurypterid 1,Nanocarpus cf. dolambii
Eurypterid 1,Phyllocystis blayaci
Eurypterid 1,Phyllocystis sp.
Eurypterid 1,Procothurnocystis n. sp.
Eurypterid 1,Prokopicystis sp.
Eurypterid 1,Thoralicystis zagoraensis
Eurypterid 1,Thoralicystis n. sp.
Eurypterid 1,Vizcainocarpus sp.
Eurypterid 1,Cothurnocystid indetl.
Eurypterid 1,Hanusiid indet.
Eurypterid 1,Peltocystis cornuta
Eurypterid 1,Scotiaevystis? sp.
Eurypterid 1,Macrocystella sp.
Eurypterid 1,Macrocystella bohemica
Eurypterid 1,Macrocystella cf. mariae
Eurypterid 1,Macrocystella tasseftensis
Eurypterid 1,undet. Ophiuroidea
Eurypterid 1,Clonograptus rigidus
Eurypterid 1,Clonograptus flexibilis
Eurypterid 1,Clonograptus flexilis
Eurypterid 1,Clonograptus persistens
Eurypterid 1,Clonograptus multiplex
Eurypterid 1,Didymograptus cf. arcuatus
Eurypterid 1,Didymograptus deflexus
Eurypterid 1,Didymograptus extensus
Eurypterid 1,Didymograptus v-fractus
Eurypterid 1,Didymograptus intendus
Eurypterid 1,Didymograptus pennatulus
Eurypterid 1,Didymograptus nanus
Eurypterid 1,Didymograptus nitidus
Eurypterid 1,Didymograptus patulus
Eurypterid 1,Didymograptus sparsus
Eurypterid 1,"""Didymograptus sp. 1"""
Eurypterid 1,Didymograptus sp.
Eurypterid 1,Didymograptid indet.
Eurypterid 1,Dichograptidae?
Eurypterid 1,Hunnegraptus copiosus
Eurypterid 1, 'Kiaerograptus' supremus
Eurypterid 1,Koremagraptus sp.
Eurypterid 1,Paradelograptus norvegicus
Eurypterid 1,Paradelograptus tenuis
Eurypterid 1,Paratemnograptus magnificus
Eurypterid 1,Tetragraptus cf. approximatus
Eurypterid 1,Tetragraptus quadribrachiatus
Eurypterid 1,Tetragraptus reclinatus
Eurypterid 1,Tetragraptus serra
Eurypterid 1,Tetragraptus tornquisti
Eurypterid 1, 'Tetragraptus' bulmani
Eurypterid 1,Tetragraptus sp.
Eurypterid 1,Araneograptus murrayi
Eurypterid 1,Dictyonema sp.
Eurypterid 1,Tuboid
Eurypterid 1,Anisograptus cf. matanensis
Eurypterid 1,Bryograptus divergens
Eurypterid 1,Bryograptus kjerulfi cumbrensis
Eurypterid 1,Bryograptus lapworthi
Eurypterid 1,Rhabdinopora flabelliforme cf. anglica
Eurypterid 1,Rhabdinopora flabelliforme flabelliforme
Eurypterid 1,Rhabdinopora flabelliforme multithecatum
Eurypterid 1,Rhabdinopora flabelliformis socialis
Eurypterid 1,Rhabdinopora flabelliformis canadenisis
Eurypterid 1,Rhabdinopora flabelliforme norvegicum
Eurypterid 1,Acrograptus nicholsoni
Eurypterid 1,Adelograptus sp.
Eurypterid 1,Azygograptus eivionicus
Eurypterid 1,Azygograptus sp.
Eurypterid 1,Etagraptus putillus
Eurypterid 1,Hermannograptus sp.
Eurypterid 1,Isograptus caduceus arcuatus
Eurypterid 1,Isograptus caduceus gracilis
Eurypterid 1,Isograptus furcula
Eurypterid 1,Pterograptus sp.
Eurypterid 1,Schizograptus sp.
Eurypterid 1,Temnograptus multiflex
Eurypterid 1,Temnograptus cf. noveboracensis
Eurypterid 1,Temnograptus ramulus
Eurypterid 1,Adelograptus tenellus
Eurypterid 1,Choristograptus louai
Eurypterid 1,Ancoragraptus bulmani
Eurypterid 1,?Cymatograptus protobalticus
Eurypterid 1,?Baltograptus jacksoni
Eurypterid 1,Baltograptus minutus
Eurypterid 1,Baltograptus deflexus
Eurypterid 1,?Baltograptus kurcki
Eurypterid 1,Expansograptus sp.
Eurypterid 1,Webbyites felix
Eurypterid 1,Rhabdopleura-like epibiont
Eurypterid 1,Drepanoistodus? cf. pervetus
Eurypterid 1,Drepanoistodus cf. forceps
Eurypterid 1,Acodus deltatus
Eurypterid 1,Cornuodus longibasis
Eurypterid 1,Drepanodus arcuatus
Eurypterid 1,Paltodus cf. inaequalis
Eurypterid 1,Parapaltodus aff. flexuosus
Eurypterid 1,Parapaltodus aff. simplicissimus
Eurypterid 1,Paroistodus cf. proteus
Eurypterid 1,Paroistodus cf. parallellus
Eurypterid 1,Periodon cf. selenopsis
Eurypterid 1,Periodon cf. primus
Eurypterid 1,Prioniodus sp.
Eurypterid 1,Prioniodus cf. gilberti
Eurypterid 1,Protopanderodus cf. leonardii
Eurypterid 1,Scalpellodus aff. gracilis
Eurypterid 1,Scolopodus aff. krummi
Eurypterid 1,Semiacontiodus sp.
Eurypterid 1,Semiacontiodus cf. cornuformis
Eurypterid 1,Stolodus cf. stola
Eurypterid 1,Tripodus sp.
Eurypterid 1,Tripodus aff. Laevis
Eurypterid 1,Tropodus sp.
Eurypterid 1,Tropodus cf. sweeti
Eurypterid 2,Ranorthis fasciata
Eurypterid 2,undet. Athyridida
Eurypterid 2,Acrothele sp.
Eurypterid 2,Plectorthis simplex
Eurypterid 2,Angusticardinia sp.
Eurypterid 2,Lingula salteri
Eurypterid 2,Orbithele vana
Eurypterid 2,Paurorthis tadristensis
Eurypterid 2,Tarfaya marocana
Eurypterid 2,Wosekella sp.
Eurypterid 2,Monobolina sp.
Eurypterid 2,Elliptoglossa sp.
Eurypterid 2,Celdobolus sp.
Eurypterid 2,Discinoidea?
Eurypterid 2,undet. Dalmanelloidea
Eurypterid 2,Babinka prima
Eurypterid 2,Ctenodonta escosurae
Eurypterid 2,Praenucula sp.
Eurypterid 2,Redonia michelae
Eurypterid 2,Coxiconchia guiraudi
Eurypterid 2,Alococoncha?
Eurypterid 2,Cardiolaria? sp.
Eurypterid 2,Cienagomya? sp.
Eurypterid 2,Ekaterodonta courtessolei
Eurypterid 2,Glyptarca sp.
Eurypterid 2,Pelecyogyra fezouataensis
Eurypterid 2,Sinuites sp.
Eurypterid 2,Lesueurilla prima
Eurypterid 2,undet. Platyceratoidea
Eurypterid 2,undet. Monoplacophora
Eurypterid 2,Thoralispira laevis
Eurypterid 2,Thoralispira? cf. occitana
Eurypterid 2,Carcassonnella courtessolei
Eurypterid 2,Carcassonnella vizcainoi
Eurypterid 2,Carcassonnella sp.
Eurypterid 2,Ribeiria sp.
Eurypterid 2,Tolmachovia?
Eurypterid 2,Wiwaxiid
Eurypterid 2,Halkieriid
Eurypterid 2,Helcionelloid
Eurypterid 2,Calvapilosa kroegeri
Eurypterid 2,Bactroceras sp.
Eurypterid 2,Bathmoceras taichoutense
Eurypterid 2,Destombesiceras zagorense
Eurypterid 2,Polymeres sp.
Eurypterid 2,Protocyptendoceras longicameratum
Eurypterid 2,Large taxon with spinose limbs
Eurypterid 2,Small taxon with spinose limbs
Eurypterid 2,Armoured lobopodian 1
Eurypterid 2,Armoured lobopodian 2
Eurypterid 2,Armoured lobopodian 3
Eurypterid 2,Diania-like lobopodian
Eurypterid 2,Furca sp. 1
Eurypterid 2,Furca sp. 2
Eurypterid 2,Furca sp. 3
Eurypterid 2,Marrella sp.
Eurypterid 2,Enosiaspis hrungnir
Eurypterid 2,Leanchoilia sp.
Eurypterid 2,Possible waptiid
Eurypterid 2, 'Synziphosurine'/Synziphosurina?
Eurypterid 2,Chasmataspidid
Eurypterid 2,Possible pycnogonid
Eurypterid 2,Possible helmetiid
Eurypterid 2,Possible retifaciid
Eurypterid 2,Tariccoia tazagurtensis
Eurypterid 2,Chlupacaris? sp.
Eurypterid 2,Cheloniellid
Eurypterid 2,Phyllocarid
Eurypterid 2,Lepadomorph barnacle
Eurypterid 2,Eoduslia
Eurypterid 2,Symphysurus sicardi
Eurypterid 2,Apatokephalus cf. incisus
Eurypterid 2,Dikelokephalina brenchleyi
Eurypterid 2,Orometopus sp.
Eurypterid 2,Cnemidopyge sp.
Eurypterid 2,Parvilichas marochii
Eurypterid 2,Selenopeltis aff. Gallica
Eurypterid 2,Selenopeltis binodosa
Eurypterid 2,Selenopeltis sp. 1
Eurypterid 2,Selenopeltis sp. 2
Eurypterid 2,Foulonia peregrina
Eurypterid 2,Foulonia sp.
Eurypterid 2,Toletanaspis aff. borni
Eurypterid 2,undet. Dalmanitacea
Eurypterid 2,Bathycheilus gallicus
Eurypterid 2,Bavarilla aff. zemmourensis
Eurypterid 2,Bavarilla zemmourensis
Eurypterid 2,Bavarilla sp.
Eurypterid 2,Colpocoryphe thorali
Eurypterid 2,Colpocoryphe pradesensis
Eurypterid 2,Pharostoma sp.
Eurypterid 2,Pharostomina sp. 
Eurypterid 2,Agerina quadrata
Eurypterid 2,Geragnostus aff. occitanus
Eurypterid 2,Geragnostus sp.
Eurypterid 2,Beltella sp.
Eurypterid 2,Ampyx priscus
Eurypterid 2,Ampyx cf. priscus
Eurypterid 2,Ceraurinella? sp.
Eurypterid 2,Megalaspidella sp.
Eurypterid 2,Platycoryphe sp.
Eurypterid 2,Parabathycheilus gallicus
Eurypterid 2,Nileus deynouxi
Eurypterid 2,Hospes sp.
Eurypterid 2,Ogygiocaris sp.
Eurypterid 2,Ormathops clariondi
Eurypterid 2,cf. Niobella sp.
Eurypterid 2,Somasteroid indet. n. sp. 1
Eurypterid 2,Somasteroid indet. n. sp. 2
Eurypterid 2,Somasteroid indet. n. sp. 3
Eurypterid 2,Somasteroid indet.
Eurypterid 2,undet. Asteroidea
Eurypterid 2,Palaeosphaeronites sp.
Eurypterid 2,Palaeosphaeronites? prokopi
Eurypterid 2,Aristocystites cf. bohemicus (sinuous?)
Eurypterid 2,Aristocystites sp.
Eurypterid 2,Ascocystites? sp.
Eurypterid 2,Balantiocystis regnelli
Eurypterid 2,Balantiocystis sp.
Eurypterid 2,Rhopalocystis sp.
Eurypterid 2,Rhopalocystis dehirensis
Eurypterid 2,Rhopalocystis destombesi
Eurypterid 2,Rhopalocystis fraga
Eurypterid 2,Rhopalocystis grandis
Eurypterid 2,Rhopalocystis havliceki
Eurypterid 2,Rhopalocystis lehmani
Eurypterid 2,Rhopalocystis zagoraensis
Eurypterid 2,Rhopalocystis sp. A
Eurypterid 2,Rhopalocystis sp. B
Eurypterid 2,Rhopalocystis sp. C
Eurypterid 2,cf. Rhopalocystis
Eurypterid 2,Lingulocystis aff. deani
Eurypterid 2,Lingulocystis elongata
Eurypterid 2,cf. Pareocrinus
Eurypterid 2,Eocrinoidea indet. sp. 1
Eurypterid 2,Eocrinoidea indet. sp. 2
Eurypterid 2,Eocrinoidea indet.
Eurypterid 2,Ramseyocrinus sp.
Eurypterid 2,Crinoid 2
Eurypterid 2,Aethocrinus cf. moorei
Eurypterid 2,Iocrinus n. sp.
Eurypterid 2,Cystoidea?/undet. Cystoidea
Eurypterid 2,Argodiscus espilezorum
Eurypterid 2,Anedriophus moroccoensis
Eurypterid 2,Rhenopyrgid indet.
Eurypterid 2,Ampelocarpus sp.
Eurypterid 2,Amygdalotheca griffei
Eurypterid 2,Anatifopsis escandei
Eurypterid 2,Anatifopsis trapeziiformis
Eurypterid 2,Anatifopsis sp.
Eurypterid 2,"Anomalocystid n. gen., n. sp. "
Eurypterid 2,Aspidocarpus sp.
Eurypterid 2,Arauricystis? sp.
Eurypterid 2,Balanocystites primus
Eurypterid 2,Bohemiaecystis
Eurypterid 2,Chauvelicystis ubaghsi
Eurypterid 2,Chauvelicystis spinosa
Eurypterid 2,Chauvelicystis vizcainoi
Eurypterid 2,Chauvelicystis sp.
Eurypterid 2,"Chauvelicystid n. gen., n. sp. 1"
Eurypterid 2,"Chauvelicystid n. gen., n. sp. 2"
Eurypterid 2,Chinianocarpos sp.
Eurypterid 2,"Cornuta n. gen. 1, n. sp."
Eurypterid 2,"Cornuta n. gen. 2, n. sp."
Eurypterid 2,Flabellicarpus rushtoni
Eurypterid 2,Flabellicarpus?
Eurypterid 2,Galliaecystis n. sp.
Eurypterid 2,Galliaecystis ubaghsi
Eurypterid 2,Hanusia n. sp.
Eurypterid 2,Lagynocystis pyramidalis
Eurypterid 2,Kirkocystidae?
Eurypterid 2,Lyricocarpus courtessolei
Eurypterid 2,Milonicystis sp.
Eurypterid 2,Mitrocystitid indet. cf. Ovocarpus
Eurypterid 2,Nanocarpus cf. dolambii
Eurypterid 2,Phyllocystis blayaci
Eurypterid 2,Phyllocystis sp.
Eurypterid 2,Procothurnocystis n. sp.
Eurypterid 2,Prokopicystis sp.
Eurypterid 2,Thoralicystis zagoraensis
Eurypterid 2,Thoralicystis n. sp.
Eurypterid 2,Vizcainocarpus sp.
Eurypterid 2,Cothurnocystid indetl.
Eurypterid 2,Hanusiid indet.
Eurypterid 2,Peltocystis cornuta
Eurypterid 2,Scotiaevystis? sp.
Eurypterid 2,Macrocystella sp.
Eurypterid 2,Macrocystella bohemica
Eurypterid 2,Macrocystella cf. mariae
Eurypterid 2,Macrocystella tasseftensis
Eurypterid 2,undet. Ophiuroidea
Eurypterid 2,Clonograptus rigidus
Eurypterid 2,Clonograptus flexibilis
Eurypterid 2,Clonograptus flexilis
Eurypterid 2,Clonograptus persistens
Eurypterid 2,Clonograptus multiplex
Eurypterid 2,Didymograptus cf. arcuatus
Eurypterid 2,Didymograptus deflexus
Eurypterid 2,Didymograptus extensus
Eurypterid 2,Didymograptus v-fractus
Eurypterid 2,Didymograptus intendus
Eurypterid 2,Didymograptus pennatulus
Eurypterid 2,Didymograptus nanus
Eurypterid 2,Didymograptus nitidus
Eurypterid 2,Didymograptus patulus
Eurypterid 2,Didymograptus sparsus
Eurypterid 2,"""Didymograptus sp. 1"""
Eurypterid 2,Didymograptus sp.
Eurypterid 2,Didymograptid indet.
Eurypterid 2,Dichograptidae?
Eurypterid 2,Hunnegraptus copiosus
Eurypterid 2, 'Kiaerograptus' supremus
Eurypterid 2,Koremagraptus sp.
Eurypterid 2,Paradelograptus norvegicus
Eurypterid 2,Paradelograptus tenuis
Eurypterid 2,Paratemnograptus magnificus
Eurypterid 2,Tetragraptus cf. approximatus
Eurypterid 2,Tetragraptus quadribrachiatus
Eurypterid 2,Tetragraptus reclinatus
Eurypterid 2,Tetragraptus serra
Eurypterid 2,Tetragraptus tornquisti
Eurypterid 2, 'Tetragraptus' bulmani
Eurypterid 2,Tetragraptus sp.
Eurypterid 2,Araneograptus murrayi
Eurypterid 2,Dictyonema sp.
Eurypterid 2,Tuboid
Eurypterid 2,Anisograptus cf. matanensis
Eurypterid 2,Bryograptus divergens
Eurypterid 2,Bryograptus kjerulfi cumbrensis
Eurypterid 2,Bryograptus lapworthi
Eurypterid 2,Rhabdinopora flabelliforme cf. anglica
Eurypterid 2,Rhabdinopora flabelliforme flabelliforme
Eurypterid 2,Rhabdinopora flabelliforme multithecatum
Eurypterid 2,Rhabdinopora flabelliformis socialis
Eurypterid 2,Rhabdinopora flabelliformis canadenisis
Eurypterid 2,Rhabdinopora flabelliforme norvegicum
Eurypterid 2,Acrograptus nicholsoni
Eurypterid 2,Adelograptus sp.
Eurypterid 2,Azygograptus eivionicus
Eurypterid 2,Azygograptus sp.
Eurypterid 2,Etagraptus putillus
Eurypterid 2,Hermannograptus sp.
Eurypterid 2,Isograptus caduceus arcuatus
Eurypterid 2,Isograptus caduceus gracilis
Eurypterid 2,Isograptus furcula
Eurypterid 2,Pterograptus sp.
Eurypterid 2,Schizograptus sp.
Eurypterid 2,Temnograptus multiflex
Eurypterid 2,Temnograptus cf. noveboracensis
Eurypterid 2,Temnograptus ramulus
Eurypterid 2,Adelograptus tenellus
Eurypterid 2,Choristograptus louai
Eurypterid 2,Ancoragraptus bulmani
Eurypterid 2,?Cymatograptus protobalticus
Eurypterid 2,?Baltograptus jacksoni
Eurypterid 2,Baltograptus minutus
Eurypterid 2,Baltograptus deflexus
Eurypterid 2,?Baltograptus kurcki
Eurypterid 2,Expansograptus sp.
Eurypterid 2,Webbyites felix
Eurypterid 2,Rhabdopleura-like epibiont
Eurypterid 2,Drepanoistodus? cf. pervetus
Eurypterid 2,Drepanoistodus cf. forceps
Eurypterid 2,Acodus deltatus
Eurypterid 2,Cornuodus longibasis
Eurypterid 2,Drepanodus arcuatus
Eurypterid 2,Paltodus cf. inaequalis
Eurypterid 2,Parapaltodus aff. flexuosus
Eurypterid 2,Parapaltodus aff. simplicissimus
Eurypterid 2,Paroistodus cf. proteus
Eurypterid 2,Paroistodus cf. parallellus
Eurypterid 2,Periodon cf. selenopsis
Eurypterid 2,Periodon cf. primus
Eurypterid 2,Prioniodus sp.
Eurypterid 2,Prioniodus cf. gilberti
Eurypterid 2,Protopanderodus cf. leonardii
Eurypterid 2,Scalpellodus aff. gracilis
Eurypterid 2,Scolopodus aff. krummi
Eurypterid 2,Semiacontiodus sp.
Eurypterid 2,Semiacontiodus cf. cornuformis
Eurypterid 2,Stolodus cf. stola
Eurypterid 2,Tripodus sp.
Eurypterid 2,Tripodus aff. Laevis
Eurypterid 2,Tropodus sp.
Eurypterid 2,Tropodus cf. sweeti
Possible pycnogonid,Benthic detritus
Possible pycnogonid,Chaetocladid
Possible pycnogonid,Alga type 1
Possible pycnogonid,Alga type 2
Possible pycnogonid,Bryozoan
Xiphosurid,Chaetocladid
Xiphosurid,Alga type 1
Xiphosurid,Alga type 2
Xiphosurid,Bryozoan
Xiphosurid,Ctenodonta escosurae
Xiphosurid,Praenucula sp.
Xiphosurid,Redonia michelae
Xiphosurid,Coxiconchia guiraudi
Xiphosurid,Alococoncha?
Xiphosurid,Cardiolaria? sp.
Xiphosurid,Cienagomya? sp.
Xiphosurid,Ekaterodonta courtessolei
Xiphosurid,Glyptarca sp.
Xiphosurid,Pelecyogyra fezouataensis
Xiphosurid,Sinuites sp.
Xiphosurid,Lesueurilla prima
Xiphosurid,Carcassonnella courtessolei
Xiphosurid,Carcassonnella vizcainoi
Xiphosurid,Carcassonnella sp.
Xiphosurid,Ribeiria sp.
Xiphosurid,Tolmachovia?
Xiphosurid,Plumulites bengtsoni
Xiphosurid,Priapulid
Xiphosurid,Enosiaspis hrungnir
Xiphosurid, 'Synziphosurine'/Synziphosurina?
Xiphosurid,Tariccoia tazagurtensis
Xiphosurid,Ostracod
Xiphosurid,undet. Dikelocephalidae
Xiphosurid,undet. Illaenacea
Xiphosurid,Orometopus sp.
Xiphosurid,Agerina quadrata
Xiphosurid,Geragnostus aff. occitanus
Xiphosurid,Geragnostus sp.
Xiphosurid,Proetidae?
Xiphosurid,undet. Trinucleidae
Xiphosurid,Hospes sp.
Xiphosurid,Didymograptus cf. arcuatus
Xiphosurid,Didymograptus deflexus
Xiphosurid,Didymograptus extensus
Xiphosurid,Didymograptus v-fractus
Xiphosurid,Didymograptus intendus
Xiphosurid,Didymograptus pennatulus
Xiphosurid,Didymograptus nanus
Xiphosurid,Didymograptus nitidus
Xiphosurid,Didymograptus patulus
Xiphosurid,Didymograptus sparsus
Xiphosurid,"""Didymograptus sp. 1"""
Xiphosurid,Didymograptus sp.
Xiphosurid,Didymograptid indet.
Xiphosurid,Koremagraptus sp.
Xiphosurid,Dictyonema sp.
Xiphosurid,Tuboid
Xiphosurid,?Cymatograptus protobalticus
Xiphosurid,Webbyites felix
Xiphosurid,Rhabdopleura-like epibiont
Xiphosurid,Hyolithes sp.
Possible helmetiid,suspended organic matter
Possible helmetiid,Benthic detritus
Possible helmetiid,Zooplankton
Possible retifaciid,Benthic detritus
Possible retifaciid,Archaeoconularia sp.
Possible retifaciid,Eoconularia sp.
Possible retifaciid,Sphenothallus sp. 1
Possible retifaciid,?Sphenothallus sp. 2
Possible retifaciid,Bryozoan
Possible retifaciid,Coxiconchia guiraudi
Possible retifaciid,Cienagomya? sp.
Possible retifaciid,Ekaterodonta courtessolei
Possible retifaciid,Glyptarca sp.
Possible retifaciid,Carcassonnella courtessolei
Possible retifaciid,Carcassonnella vizcainoi
Possible retifaciid,Carcassonnella sp.
Possible retifaciid,Priapulid
Possible retifaciid,Didymograptus cf. arcuatus
Possible retifaciid,Didymograptus deflexus
Possible retifaciid,Didymograptus extensus
Possible retifaciid,Didymograptus v-fractus
Possible retifaciid,Didymograptus intendus
Possible retifaciid,Didymograptus pennatulus
Possible retifaciid,Didymograptus nanus
Possible retifaciid,Didymograptus nitidus
Possible retifaciid,Didymograptus patulus
Possible retifaciid,Didymograptus sparsus
Possible retifaciid,"""Didymograptus sp. 1"""
Possible retifaciid,Didymograptus sp.
Possible retifaciid,Didymograptid indet.
Possible retifaciid,Koremagraptus sp.
Possible retifaciid,Dictyonema sp.
Possible retifaciid,Tuboid
Possible retifaciid,?Cymatograptus protobalticus
Possible retifaciid,Webbyites felix
Possible retifaciid,Rhabdopleura-like epibiont
Possible retifaciid,Hyolithes sp.
Naraoiid,Benthic detritus
Naraoiid,Archaeoconularia sp.
Naraoiid,Eoconularia sp.
Naraoiid,Sphenothallus sp. 1
Naraoiid,?Sphenothallus sp. 2
Naraoiid,Bryozoan
Naraoiid,Wiwaxiid
Naraoiid,Calvapilosa kroegeri
Naraoiid,Plumulites bengtsoni
Naraoiid,Large plumulitid
Naraoiid,Possible phyllodocid
Naraoiid,Palaeoscolex cf. tenensis
Naraoiid,Priapulid
Naraoiid,Large taxon with spinose limbs
Naraoiid,Small taxon with spinose limbs
Naraoiid,Didymograptus cf. arcuatus
Naraoiid,Didymograptus deflexus
Naraoiid,Didymograptus extensus
Naraoiid,Didymograptus v-fractus
Naraoiid,Didymograptus intendus
Naraoiid,Didymograptus pennatulus
Naraoiid,Didymograptus nanus
Naraoiid,Didymograptus nitidus
Naraoiid,Didymograptus patulus
Naraoiid,Didymograptus sparsus
Naraoiid,"""Didymograptus sp. 1"""
Naraoiid,Didymograptus sp.
Naraoiid,Didymograptid indet.
Naraoiid,Koremagraptus sp.
Naraoiid,Dictyonema sp.
Naraoiid,Tuboid
Naraoiid,?Cymatograptus protobalticus
Naraoiid,Webbyites felix
Naraoiid,Rhabdopleura-like epibiont
Tariccoita tazagurtensis,Benthic detritus
Tariccoita tazagurtensis,Archaeoconularia sp.
Tariccoita tazagurtensis,Eoconularia sp.
Tariccoita tazagurtensis,Sphenothallus sp. 1
Tariccoita tazagurtensis,?Sphenothallus sp. 2
Tariccoita tazagurtensis,Bryozoan
Tariccoita tazagurtensis,Wiwaxiid
Tariccoita tazagurtensis,Priapulid
Tariccoita tazagurtensis,Didymograptus cf. arcuatus
Tariccoita tazagurtensis,Didymograptus deflexus
Tariccoita tazagurtensis,Didymograptus extensus
Tariccoita tazagurtensis,Didymograptus v-fractus
Tariccoita tazagurtensis,Didymograptus intendus
Tariccoita tazagurtensis,Didymograptus pennatulus
Tariccoita tazagurtensis,Didymograptus nanus
Tariccoita tazagurtensis,Didymograptus nitidus
Tariccoita tazagurtensis,Didymograptus patulus
Tariccoita tazagurtensis,Didymograptus sparsus
Tariccoita tazagurtensis,"""Didymograptus sp. 1"""
Tariccoita tazagurtensis,Didymograptus sp.
Tariccoita tazagurtensis,Didymograptid indet.
Tariccoita tazagurtensis,Koremagraptus sp.
Tariccoita tazagurtensis,Dictyonema sp.
Tariccoita tazagurtensis,Tuboid
Tariccoita tazagurtensis,?Cymatograptus protobalticus
Tariccoita tazagurtensis,Webbyites felix
Tariccoita tazagurtensis,Rhabdopleura-like epibiont
Chlupacaris? sp.,suspended organic matter
Chlupacaris? sp.,Benthic detritus
Chlupacaris? sp.,Zooplankton
Tremaglaspis sp.,suspended organic matter
Tremaglaspis sp.,Benthic detritus
Brachyaglaspis singularis,suspended organic matter
Brachyaglaspis singularis,Benthic detritus
Cheloniellid,Benthic detritus
Cheloniellid,Chaetocladid
Cheloniellid,Alga type 1
Cheloniellid,Alga type 2
Cheloniellid,Bryozoan
Cheloniellid,Ctenodonta escosurae
Cheloniellid,Praenucula sp.
Cheloniellid,Redonia michelae
Cheloniellid,Coxiconchia guiraudi
Cheloniellid,Alococoncha?
Cheloniellid,Cardiolaria? sp.
Cheloniellid,Cienagomya? sp.
Cheloniellid,Ekaterodonta courtessolei
Cheloniellid,Glyptarca sp.
Cheloniellid,Sinuites sp.
Cheloniellid,Lesueurilla prima
Cheloniellid,Carcassonnella courtessolei
Cheloniellid,Carcassonnella vizcainoi
Cheloniellid,Carcassonnella sp.
Cheloniellid,Ribeiria sp.
Cheloniellid,Priapulid
Cheloniellid,Enosiaspis hrungnir
Cheloniellid, 'Synziphosurine'/Synziphosurina?
Cheloniellid,Chasmataspidid
Cheloniellid,Tariccoia tazagurtensis
Cheloniellid,Phyllocarid
Cheloniellid,Ostracod
Cheloniellid,Lepadomorph barnacle
Cheloniellid,undet. Dikelocephalidae
Cheloniellid,undet. Illaenacea
Cheloniellid,Orometopus sp.
Cheloniellid,Cnemidopyge sp.
Cheloniellid,Toletanaspis aff. borni
Cheloniellid,Agerina quadrata
Cheloniellid,Geragnostus aff. occitanus
Cheloniellid,Geragnostus sp.
Cheloniellid,Ampyx priscus
Cheloniellid,Ampyx cf. priscus
Cheloniellid,Proetidae?
Cheloniellid,undet. Trinucleidae
Cheloniellid,Nileus deynouxi
Cheloniellid,Hospes sp.
Cheloniellid,Ogygiocaris sp.
Cheloniellid,cf. Niobella sp.
Cheloniellid,Didymograptus cf. arcuatus
Cheloniellid,Didymograptus deflexus
Cheloniellid,Didymograptus extensus
Cheloniellid,Didymograptus v-fractus
Cheloniellid,Didymograptus intendus
Cheloniellid,Didymograptus pennatulus
Cheloniellid,Didymograptus nanus
Cheloniellid,Didymograptus nitidus
Cheloniellid,Didymograptus patulus
Cheloniellid,Didymograptus sparsus
Cheloniellid,"""Didymograptus sp. 1"""
Cheloniellid,Didymograptus sp.
Cheloniellid,Didymograptid indet.
Cheloniellid,Koremagraptus sp.
Cheloniellid,Dictyonema sp.
Cheloniellid,Tuboid
Cheloniellid,?Cymatograptus protobalticus
Cheloniellid,Webbyites felix
Cheloniellid,Rhabdopleura-like epibiont
Cheloniellid,Hyolithes sp.
Pseudoangustidontus duplospineus,Zooplankton
Pseudoangustidontus duplospineus,Clonograptus rigidus
Pseudoangustidontus duplospineus,Clonograptus flexibilis
Pseudoangustidontus duplospineus,Clonograptus flexilis
Pseudoangustidontus duplospineus,Clonograptus persistens
Pseudoangustidontus duplospineus,Clonograptus multiplex
Pseudoangustidontus duplospineus,Dichograptidae?
Pseudoangustidontus duplospineus,Hunnegraptus copiosus
Pseudoangustidontus duplospineus, 'Kiaerograptus' supremus
Pseudoangustidontus duplospineus,Paradelograptus norvegicus
Pseudoangustidontus duplospineus,Paradelograptus tenuis
Pseudoangustidontus duplospineus,Paratemnograptus magnificus
Pseudoangustidontus duplospineus,Tetragraptus cf. approximatus
Pseudoangustidontus duplospineus,Tetragraptus quadribrachiatus
Pseudoangustidontus duplospineus,Tetragraptus reclinatus
Pseudoangustidontus duplospineus,Tetragraptus serra
Pseudoangustidontus duplospineus,Tetragraptus tornquisti
Pseudoangustidontus duplospineus, 'Tetragraptus' bulmani
Pseudoangustidontus duplospineus,Tetragraptus sp.
Pseudoangustidontus duplospineus,Araneograptus murrayi
Pseudoangustidontus duplospineus,Anisograptus cf. matanensis
Pseudoangustidontus duplospineus,Bryograptus divergens
Pseudoangustidontus duplospineus,Bryograptus kjerulfi cumbrensis
Pseudoangustidontus duplospineus,Bryograptus lapworthi
Pseudoangustidontus duplospineus,Rhabdinopora flabelliforme cf. anglica
Pseudoangustidontus duplospineus,Rhabdinopora flabelliforme flabelliforme
Pseudoangustidontus duplospineus,Rhabdinopora flabelliforme multithecatum
Pseudoangustidontus duplospineus,Rhabdinopora flabelliformis socialis
Pseudoangustidontus duplospineus,Rhabdinopora flabelliformis canadenisis
Pseudoangustidontus duplospineus,Rhabdinopora flabelliforme norvegicum
Pseudoangustidontus duplospineus,Acrograptus nicholsoni
Pseudoangustidontus duplospineus,Adelograptus sp.
Pseudoangustidontus duplospineus,Azygograptus eivionicus
Pseudoangustidontus duplospineus,Azygograptus sp.
Pseudoangustidontus duplospineus,Etagraptus putillus
Pseudoangustidontus duplospineus,Hermannograptus sp.
Pseudoangustidontus duplospineus,Isograptus caduceus arcuatus
Pseudoangustidontus duplospineus,Isograptus caduceus gracilis
Pseudoangustidontus duplospineus,Isograptus furcula
Pseudoangustidontus duplospineus,Pterograptus sp.
Pseudoangustidontus duplospineus,Schizograptus sp.
Pseudoangustidontus duplospineus,Temnograptus multiflex
Pseudoangustidontus duplospineus,Temnograptus cf. noveboracensis
Pseudoangustidontus duplospineus,Temnograptus ramulus
Pseudoangustidontus duplospineus,Adelograptus tenellus
Pseudoangustidontus duplospineus,Choristograptus louai
Pseudoangustidontus duplospineus,Ancoragraptus bulmani
Pseudoangustidontus duplospineus,?Baltograptus jacksoni
Pseudoangustidontus duplospineus,Baltograptus minutus
Pseudoangustidontus duplospineus,Baltograptus deflexus
Pseudoangustidontus duplospineus,?Baltograptus kurcki
Pseudoangustidontus duplospineus,Expansograptus sp.
Pseudoangustidontus sp.,Zooplankton
Pseudoangustidontus sp.,Clonograptus rigidus
Pseudoangustidontus sp.,Clonograptus flexibilis
Pseudoangustidontus sp.,Clonograptus flexilis
Pseudoangustidontus sp.,Clonograptus persistens
Pseudoangustidontus sp.,Clonograptus multiplex
Pseudoangustidontus sp.,Dichograptidae?
Pseudoangustidontus sp.,Hunnegraptus copiosus
Pseudoangustidontus sp., 'Kiaerograptus' supremus
Pseudoangustidontus sp.,Paradelograptus norvegicus
Pseudoangustidontus sp.,Paradelograptus tenuis
Pseudoangustidontus sp.,Paratemnograptus magnificus
Pseudoangustidontus sp.,Tetragraptus cf. approximatus
Pseudoangustidontus sp.,Tetragraptus quadribrachiatus
Pseudoangustidontus sp.,Tetragraptus reclinatus
Pseudoangustidontus sp.,Tetragraptus serra
Pseudoangustidontus sp.,Tetragraptus tornquisti
Pseudoangustidontus sp., 'Tetragraptus' bulmani
Pseudoangustidontus sp.,Tetragraptus sp.
Pseudoangustidontus sp.,Araneograptus murrayi
Pseudoangustidontus sp.,Anisograptus cf. matanensis
Pseudoangustidontus sp.,Bryograptus divergens
Pseudoangustidontus sp.,Bryograptus kjerulfi cumbrensis
Pseudoangustidontus sp.,Bryograptus lapworthi
Pseudoangustidontus sp.,Rhabdinopora flabelliforme cf. anglica
Pseudoangustidontus sp.,Rhabdinopora flabelliforme flabelliforme
Pseudoangustidontus sp.,Rhabdinopora flabelliforme multithecatum
Pseudoangustidontus sp.,Rhabdinopora flabelliformis socialis
Pseudoangustidontus sp.,Rhabdinopora flabelliformis canadenisis
Pseudoangustidontus sp.,Rhabdinopora flabelliforme norvegicum
Pseudoangustidontus sp.,Acrograptus nicholsoni
Pseudoangustidontus sp.,Adelograptus sp.
Pseudoangustidontus sp.,Azygograptus eivionicus
Pseudoangustidontus sp.,Azygograptus sp.
Pseudoangustidontus sp.,Etagraptus putillus
Pseudoangustidontus sp.,Hermannograptus sp.
Pseudoangustidontus sp.,Isograptus caduceus arcuatus
Pseudoangustidontus sp.,Isograptus caduceus gracilis
Pseudoangustidontus sp.,Isograptus furcula
Pseudoangustidontus sp.,Pterograptus sp.
Pseudoangustidontus sp.,Schizograptus sp.
Pseudoangustidontus sp.,Temnograptus multiflex
Pseudoangustidontus sp.,Temnograptus cf. noveboracensis
Pseudoangustidontus sp.,Temnograptus ramulus
Pseudoangustidontus sp.,Adelograptus tenellus
Pseudoangustidontus sp.,Choristograptus louai
Pseudoangustidontus sp.,Ancoragraptus bulmani
Pseudoangustidontus sp.,?Baltograptus jacksoni
Pseudoangustidontus sp.,Baltograptus minutus
Pseudoangustidontus sp.,Baltograptus deflexus
Pseudoangustidontus sp.,?Baltograptus kurcki
Pseudoangustidontus sp.,Expansograptus sp.
Phyllocarid,suspended organic matter
Phyllocarid,Benthic detritus
Angustidontid,Ranorthis fasciata
Angustidontid,undet. Athyridida
Angustidontid,Acrothele sp.
Angustidontid,Plectorthis simplex
Angustidontid,Angusticardinia sp.
Angustidontid,Lingula salteri
Angustidontid,Orbithele vana
Angustidontid,Paurorthis tadristensis
Angustidontid,Tarfaya marocana
Angustidontid,Wosekella sp.
Angustidontid,Monobolina sp.
Angustidontid,Elliptoglossa sp.
Angustidontid,Celdobolus sp.
Angustidontid,Discinoidea?
Angustidontid,undet. Dalmanelloidea
Angustidontid,Babinka prima
Angustidontid,Ctenodonta escosurae
Angustidontid,Praenucula sp.
Angustidontid,Redonia michelae
Angustidontid,Coxiconchia guiraudi
Angustidontid,Alococoncha?
Angustidontid,Cardiolaria? sp.
Angustidontid,Cienagomya? sp.
Angustidontid,Ekaterodonta courtessolei
Angustidontid,Glyptarca sp.
Angustidontid,Pelecyogyra fezouataensis
Angustidontid,Sinuites sp.
Angustidontid,Lesueurilla prima
Angustidontid,undet. Platyceratoidea
Angustidontid,undet. Monoplacophora
Angustidontid,Thoralispira laevis
Angustidontid,Thoralispira? cf. occitana
Angustidontid,Carcassonnella courtessolei
Angustidontid,Carcassonnella vizcainoi
Angustidontid,Carcassonnella sp.
Angustidontid,Ribeiria sp.
Angustidontid,Tolmachovia?
Angustidontid,Wiwaxiid
Angustidontid,Halkieriid
Angustidontid,Helcionelloid
Angustidontid,Calvapilosa kroegeri
Angustidontid,Bactroceras sp.
Angustidontid,Bathmoceras taichoutense
Angustidontid,Destombesiceras zagorense
Angustidontid,Polymeres sp.
Angustidontid,Protocyptendoceras longicameratum
Angustidontid,Large taxon with spinose limbs
Angustidontid,Small taxon with spinose limbs
Angustidontid,Armoured lobopodian 1
Angustidontid,Armoured lobopodian 2
Angustidontid,Armoured lobopodian 3
Angustidontid,Diania-like lobopodian
Angustidontid,Furca sp. 1
Angustidontid,Furca sp. 2
Angustidontid,Furca sp. 3
Angustidontid,Enosiaspis hrungnir
Angustidontid,Leanchoilia sp.
Angustidontid,Possible waptiid
Angustidontid, 'Synziphosurine'/Synziphosurina?
Angustidontid,Chasmataspidid
Angustidontid,Possible pycnogonid
Angustidontid,Possible helmetiid
Angustidontid,Possible retifaciid
Angustidontid,Tariccoia tazagurtensis
Angustidontid,Chlupacaris? sp.
Angustidontid,Cheloniellid
Angustidontid,Phyllocarid
Angustidontid,Ostracod
Angustidontid,Lepadomorph barnacle
Angustidontid,Eoduslia
Angustidontid,Symphysurus sicardi
Angustidontid,Apatokephalus cf. incisus
Angustidontid,Dikelokephalina brenchleyi
Angustidontid,undet. Dikelocephalidae
Angustidontid,undet. Illaenacea
Angustidontid,Orometopus sp.
Angustidontid,Cnemidopyge sp.
Angustidontid,Parvilichas marochii
Angustidontid,Selenopeltis aff. Gallica
Angustidontid,Selenopeltis binodosa
Angustidontid,Selenopeltis sp. 1
Angustidontid,Selenopeltis sp. 2
Angustidontid,Foulonia peregrina
Angustidontid,Foulonia sp.
Angustidontid,Toletanaspis aff. borni
Angustidontid,undet. Dalmanitacea
Angustidontid,Bathycheilus gallicus
Angustidontid,Bavarilla aff. zemmourensis
Angustidontid,Bavarilla zemmourensis
Angustidontid,Bavarilla sp.
Angustidontid,Colpocoryphe thorali
Angustidontid,Colpocoryphe pradesensis
Angustidontid,Pharostoma sp.
Angustidontid,Pharostomina sp. 
Angustidontid,Agerina quadrata
Angustidontid,Geragnostus aff. occitanus
Angustidontid,Geragnostus sp.
Angustidontid,Beltella sp.
Angustidontid,Ampyx priscus
Angustidontid,Ampyx cf. priscus
Angustidontid,Ceraurinella? sp.
Angustidontid,Megalaspidella sp.
Angustidontid,Platycoryphe sp.
Angustidontid,Parabathycheilus gallicus
Angustidontid,Proetidae?
Angustidontid,undet. Trinucleidae
Angustidontid,Nileus deynouxi
Angustidontid,Hospes sp.
Angustidontid,Ogygiocaris sp.
Angustidontid,Ormathops clariondi
Angustidontid,Pterygometopus sp.
Angustidontid,Iberocoryphe sp.
Angustidontid,cf. Niobella sp.
Angustidontid,Somasteroid indet. n. sp. 1
Angustidontid,Somasteroid indet. n. sp. 2
Angustidontid,Somasteroid indet. n. sp. 3
Angustidontid,Somasteroid indet.
Angustidontid,undet. Asteroidea
Angustidontid,Palaeosphaeronites sp.
Angustidontid,Palaeosphaeronites? prokopi
Angustidontid,Aristocystites cf. bohemicus (sinuous?)
Angustidontid,Aristocystites sp.
Angustidontid,Ascocystites? sp.
Angustidontid,Balantiocystis regnelli
Angustidontid,Balantiocystis sp.
Angustidontid,Rhopalocystis sp.
Angustidontid,Rhopalocystis dehirensis
Angustidontid,Rhopalocystis destombesi
Angustidontid,Rhopalocystis fraga
Angustidontid,Rhopalocystis grandis
Angustidontid,Rhopalocystis havliceki
Angustidontid,Rhopalocystis lehmani
Angustidontid,Rhopalocystis zagoraensis
Angustidontid,Rhopalocystis sp. A
Angustidontid,Rhopalocystis sp. B
Angustidontid,Rhopalocystis sp. C
Angustidontid,cf. Rhopalocystis
Angustidontid,Lingulocystis aff. deani
Angustidontid,Lingulocystis elongata
Angustidontid,cf. Pareocrinus
Angustidontid,Eocrinoidea indet. sp. 1
Angustidontid,Eocrinoidea indet. sp. 2
Angustidontid,Eocrinoidea indet.
Angustidontid,Ramseyocrinus sp.
Angustidontid,Crinoid 2
Angustidontid,Aethocrinus cf. moorei
Angustidontid,Iocrinus n. sp.
Angustidontid,Cystoidea?/undet. Cystoidea
Angustidontid,Argodiscus espilezorum
Angustidontid,Anedriophus moroccoensis
Angustidontid,Rhenopyrgid indet.
Angustidontid,Ampelocarpus sp.
Angustidontid,Amygdalotheca griffei
Angustidontid,Anatifopsis escandei
Angustidontid,Anatifopsis trapeziiformis
Angustidontid,Anatifopsis sp.
Angustidontid,"Anomalocystid n. gen., n. sp. "
Angustidontid,Aspidocarpus sp.
Angustidontid,Arauricystis? sp.
Angustidontid,Balanocystites primus
Angustidontid,Bohemiaecystis
Angustidontid,Chauvelicystis ubaghsi
Angustidontid,Chauvelicystis spinosa
Angustidontid,Chauvelicystis vizcainoi
Angustidontid,Chauvelicystis sp.
Angustidontid,"Chauvelicystid n. gen., n. sp. 1"
Angustidontid,"Chauvelicystid n. gen., n. sp. 2"
Angustidontid,Chinianocarpos sp.
Angustidontid,"Cornuta n. gen. 1, n. sp."
Angustidontid,"Cornuta n. gen. 2, n. sp."
Angustidontid,Flabellicarpus rushtoni
Angustidontid,Flabellicarpus?
Angustidontid,Galliaecystis n. sp.
Angustidontid,Galliaecystis ubaghsi
Angustidontid,Hanusia n. sp.
Angustidontid,Lagynocystis pyramidalis
Angustidontid,Kirkocystidae?
Angustidontid,Lyricocarpus courtessolei
Angustidontid,Milonicystis sp.
Angustidontid,Mitrocystitid indet. cf. Ovocarpus
Angustidontid,Nanocarpus cf. dolambii
Angustidontid,Phyllocystis blayaci
Angustidontid,Phyllocystis sp.
Angustidontid,Procothurnocystis n. sp.
Angustidontid,Prokopicystis sp.
Angustidontid,Thoralicystis zagoraensis
Angustidontid,Thoralicystis n. sp.
Angustidontid,Vizcainocarpus sp.
Angustidontid,Cothurnocystid indetl.
Angustidontid,Hanusiid indet.
Angustidontid,Peltocystis cornuta
Angustidontid,Scotiaevystis? sp.
Angustidontid,Macrocystella sp.
Angustidontid,Macrocystella bohemica
Angustidontid,Macrocystella cf. mariae
Angustidontid,Macrocystella tasseftensis
Angustidontid,undet. Ophiuroidea
Angustidontid,Clonograptus rigidus
Angustidontid,Clonograptus flexibilis
Angustidontid,Clonograptus flexilis
Angustidontid,Clonograptus persistens
Angustidontid,Clonograptus multiplex
Angustidontid,Didymograptus cf. arcuatus
Angustidontid,Didymograptus deflexus
Angustidontid,Didymograptus extensus
Angustidontid,Didymograptus v-fractus
Angustidontid,Didymograptus intendus
Angustidontid,Didymograptus pennatulus
Angustidontid,Didymograptus nanus
Angustidontid,Didymograptus nitidus
Angustidontid,Didymograptus patulus
Angustidontid,Didymograptus sparsus
Angustidontid,"""Didymograptus sp. 1"""
Angustidontid,Didymograptus sp.
Angustidontid,Didymograptid indet.
Angustidontid,Dichograptidae?
Angustidontid,Hunnegraptus copiosus
Angustidontid, 'Kiaerograptus' supremus
Angustidontid,Koremagraptus sp.
Angustidontid,Paradelograptus norvegicus
Angustidontid,Paradelograptus tenuis
Angustidontid,Paratemnograptus magnificus
Angustidontid,Tetragraptus cf. approximatus
Angustidontid,Tetragraptus quadribrachiatus
Angustidontid,Tetragraptus reclinatus
Angustidontid,Tetragraptus serra
Angustidontid,Tetragraptus tornquisti
Angustidontid, 'Tetragraptus' bulmani
Angustidontid,Tetragraptus sp.
Angustidontid,Araneograptus murrayi
Angustidontid,Dictyonema sp.
Angustidontid,Tuboid
Angustidontid,Anisograptus cf. matanensis
Angustidontid,Bryograptus divergens
Angustidontid,Bryograptus kjerulfi cumbrensis
Angustidontid,Bryograptus lapworthi
Angustidontid,Rhabdinopora flabelliforme cf. anglica
Angustidontid,Rhabdinopora flabelliforme flabelliforme
Angustidontid,Rhabdinopora flabelliforme multithecatum
Angustidontid,Rhabdinopora flabelliformis socialis
Angustidontid,Rhabdinopora flabelliformis canadenisis
Angustidontid,Rhabdinopora flabelliforme norvegicum
Angustidontid,Acrograptus nicholsoni
Angustidontid,Adelograptus sp.
Angustidontid,Azygograptus eivionicus
Angustidontid,Azygograptus sp.
Angustidontid,Etagraptus putillus
Angustidontid,Hermannograptus sp.
Angustidontid,Isograptus caduceus arcuatus
Angustidontid,Isograptus caduceus gracilis
Angustidontid,Isograptus furcula
Angustidontid,Pterograptus sp.
Angustidontid,Schizograptus sp.
Angustidontid,Temnograptus multiflex
Angustidontid,Temnograptus cf. noveboracensis
Angustidontid,Temnograptus ramulus
Angustidontid,Adelograptus tenellus
Angustidontid,Choristograptus louai
Angustidontid,Ancoragraptus bulmani
Angustidontid,?Cymatograptus protobalticus
Angustidontid,?Baltograptus jacksoni
Angustidontid,Baltograptus minutus
Angustidontid,Baltograptus deflexus
Angustidontid,?Baltograptus kurcki
Angustidontid,Expansograptus sp.
Angustidontid,Webbyites felix
Angustidontid,Rhabdopleura-like epibiont
Angustidontid,Hyolithes sp.
Angustidontid,Pauxillites thaddei
Angustidontid,Drepanoistodus? cf. pervetus
Angustidontid,Drepanoistodus cf. forceps
Angustidontid,Acodus deltatus
Angustidontid,Cornuodus longibasis
Angustidontid,Drepanodus arcuatus
Angustidontid,Paltodus cf. inaequalis
Angustidontid,Parapaltodus aff. flexuosus
Angustidontid,Parapaltodus aff. simplicissimus
Angustidontid,Paroistodus cf. proteus
Angustidontid,Paroistodus cf. parallellus
Angustidontid,Periodon cf. selenopsis
Angustidontid,Periodon cf. primus
Angustidontid,Prioniodus sp.
Angustidontid,Prioniodus cf. gilberti
Angustidontid,Protopanderodus cf. leonardii
Angustidontid,Scalpellodus aff. gracilis
Angustidontid,Scolopodus aff. krummi
Angustidontid,Semiacontiodus sp.
Angustidontid,Semiacontiodus cf. cornuformis
Angustidontid,Stolodus cf. stola
Angustidontid,Tripodus sp.
Angustidontid,Tripodus aff. Laevis
Angustidontid,Tropodus sp.
Angustidontid,Tropodus cf. sweeti
Ostracod,suspended organic matter
Ostracod,Benthic detritus
Ostracod,Zooplankton
Lepadomorph barnacle,phytoplankton
Lepadomorph barnacle,suspended organic matter
Lepadomorph barnacle,Zooplankton
Eoduslia,Benthic detritus
Eoduslia,Archaeoconularia sp.
Eoduslia,Eoconularia sp.
Eoduslia,Sphenothallus sp. 1
Eoduslia,?Sphenothallus sp. 2
Eoduslia,Octocorallia?
Eoduslia,Ranorthis fasciata
Eoduslia,undet. Athyridida
Eoduslia,Lingula salteri
Eoduslia,Orbithele vana
Eoduslia,Wosekella sp.
Eoduslia,undet. Dalmanelloidea
Eoduslia,Ctenodonta escosurae
Eoduslia,Redonia michelae
Eoduslia,Coxiconchia guiraudi
Eoduslia,Cienagomya? sp.
Eoduslia,Ekaterodonta courtessolei
Eoduslia,Glyptarca sp.
Eoduslia,Carcassonnella courtessolei
Eoduslia,Carcassonnella vizcainoi
Eoduslia,Carcassonnella sp.
Eoduslia,Priapulid
Eoduslia,Enosiaspis hrungnir
Eoduslia, 'Synziphosurine'/Synziphosurina?
Eoduslia,Tariccoia tazagurtensis
Eoduslia,Ostracod
Eoduslia,undet. Dikelocephalidae
Eoduslia,undet. Illaenacea
Eoduslia,Orometopus sp.
Eoduslia,Agerina quadrata
Eoduslia,Geragnostus aff. occitanus
Eoduslia,Geragnostus sp.
Eoduslia,Proetidae?
Eoduslia,undet. Trinucleidae
Eoduslia,Hospes sp.
Eoduslia,Hyolithes sp.
Asaphellus stubbsi,Benthic detritus
Asaphellus stubbsi,Ranorthis fasciata
Asaphellus stubbsi,Acrothele sp.
Asaphellus stubbsi,Plectorthis simplex
Asaphellus stubbsi,Angusticardinia sp.
Asaphellus stubbsi,Paurorthis tadristensis
Asaphellus stubbsi,Tarfaya marocana
Asaphellus stubbsi,Monobolina sp.
Asaphellus stubbsi,Elliptoglossa sp.
Asaphellus stubbsi,Celdobolus sp.
Asaphellus stubbsi,Discinoidea?
Asaphellus stubbsi,undet. Dalmanelloidea
Asaphellus stubbsi,Babinka prima
Asaphellus stubbsi,Praenucula sp.
Asaphellus stubbsi,Redonia michelae
Asaphellus stubbsi,Alococoncha?
Asaphellus stubbsi,Cardiolaria? sp.
Asaphellus stubbsi,Pelecyogyra fezouataensis
Asaphellus stubbsi,Sinuites sp.
Asaphellus stubbsi,Lesueurilla prima
Asaphellus stubbsi,undet. Platyceratoidea
Asaphellus stubbsi,undet. Monoplacophora
Asaphellus stubbsi,Thoralispira laevis
Asaphellus stubbsi,Thoralispira? cf. occitana
Asaphellus stubbsi,Ribeiria sp.
Asaphellus stubbsi,Tolmachovia?
Asaphellus stubbsi,Wiwaxiid
Asaphellus stubbsi,Halkieriid
Asaphellus stubbsi,Helcionelloid
Asaphellus stubbsi,Calvapilosa kroegeri
Asaphellus stubbsi,Plumulites bengtsoni
Asaphellus stubbsi,Large plumulitid
Asaphellus stubbsi,Possible phyllodocid
Asaphellus stubbsi,Palaeoscolex cf. tenensis
Asaphellus stubbsi,Priapulid
Asaphellus stubbsi,Large taxon with spinose limbs
Asaphellus stubbsi,Small taxon with spinose limbs
Asaphellus stubbsi,Armoured lobopodian 1
Asaphellus stubbsi,Armoured lobopodian 2
Asaphellus stubbsi,Armoured lobopodian 3
Asaphellus stubbsi,Diania-like lobopodian
Asaphellus stubbsi,Furca sp. 1
Asaphellus stubbsi,Furca sp. 2
Asaphellus stubbsi,Furca sp. 3
Asaphellus stubbsi,Marrella sp.
Asaphellus stubbsi,Enosiaspis hrungnir
Asaphellus stubbsi,Possible waptiid
Asaphellus stubbsi,Chasmataspidid
Asaphellus stubbsi,Possible pycnogonid
Asaphellus stubbsi,Xiphosurid
Asaphellus stubbsi,Possible retifaciid
Asaphellus stubbsi,Chlupacaris? sp.
Asaphellus stubbsi,Tremaglaspis sp.
Asaphellus stubbsi,Brachyaglaspis singularis
Asaphellus stubbsi,Cheloniellid
Asaphellus stubbsi,Phyllocarid
Asaphellus stubbsi,Eoduslia
Asaphellus stubbsi,Asaphellus fezouataensis 
Asaphellus stubbsi,Asaphellus sp aff. jujuanus
Asaphellus stubbsi,Asaphellus tataensis
Asaphellus stubbsi,Asaphellus sp.
Asaphellus stubbsi,Kierarges morrisoni
Asaphellus stubbsi,Playpeltoides carmenae
Asaphellus stubbsi,Symphysurus sicardi
Asaphellus stubbsi,Symphysurus ebbestadi
Asaphellus stubbsi,Symphysurus sp.
Asaphellus stubbsi,Apatokephalus cf. incisus
Asaphellus stubbsi,Cnemidopyge sp.
Asaphellus stubbsi,Parvilichas marochii
Asaphellus stubbsi,Selenopeltis aff. Gallica
Asaphellus stubbsi,Selenopeltis binodosa
Asaphellus stubbsi,Selenopeltis sp. 1
Asaphellus stubbsi,Selenopeltis sp. 2
Asaphellus stubbsi,Harpides sp.
Asaphellus stubbsi,Foulonia peregrina
Asaphellus stubbsi,Foulonia sp.
Asaphellus stubbsi,Toletanaspis aff. borni
Asaphellus stubbsi,undet. Dalmanitacea
Asaphellus stubbsi,Bathycheilus gallicus
Asaphellus stubbsi,Bavarilla aff. zemmourensis
Asaphellus stubbsi,Bavarilla zemmourensis
Asaphellus stubbsi,Bavarilla sp.
Asaphellus stubbsi,Colpocoryphe thorali
Asaphellus stubbsi,Colpocoryphe pradesensis
Asaphellus stubbsi,Colpocoryphe sp.
Asaphellus stubbsi,Pharostoma sp.
Asaphellus stubbsi,Pharostomina sp. 
Asaphellus stubbsi,Prionocheilus aff. languedocensis
Asaphellus stubbsi,Prionocheilus sp.
Asaphellus stubbsi,Euloma sp.
Asaphellus stubbsi,Beltella sp.
Asaphellus stubbsi,Ampyx priscus
Asaphellus stubbsi,Ampyx cf. priscus
Asaphellus stubbsi,Ceraurinella? sp.
Asaphellus stubbsi,Megalaspidella sp.
Asaphellus stubbsi,Megistaspis (Ekeraspis) sp. indet.
Asaphellus stubbsi,Neseuretus cf. attenuatus
Asaphellus stubbsi,Neseuretus aff. attenuatus
Asaphellus stubbsi,Platycoryphe sp.
Asaphellus stubbsi,Parabathycheilus gallicus
Asaphellus stubbsi,Anacheirurus adserai
Asaphellus stubbsi,Eoharpes sp.
Asaphellus stubbsi,Ormathops clariondi
Asaphellus stubbsi,Pterygometopus sp.
Asaphellus stubbsi,Megalaspides? sp.
Asaphellus stubbsi,Iberocoryphe sp.
Asaphellus stubbsi,cf. Niobella sp.
Asaphellus stubbsi,Somasteroid indet. n. sp. 1
Asaphellus stubbsi,Somasteroid indet. n. sp. 2
Asaphellus stubbsi,Somasteroid indet. n. sp. 3
Asaphellus stubbsi,Somasteroid indet.
Asaphellus stubbsi,undet. Stelleroidea
Asaphellus stubbsi,Villebrunaster fezouataensis
Asaphellus stubbsi,Palaeosphaeronites sp.
Asaphellus stubbsi,Palaeosphaeronites? prokopi
Asaphellus stubbsi,Aristocystites cf. bohemicus (sinuous?)
Asaphellus stubbsi,Aristocystites sp.
Asaphellus stubbsi,Ascocystites? sp.
Asaphellus stubbsi,Balantiocystis regnelli
Asaphellus stubbsi,Balantiocystis sp.
Asaphellus stubbsi,Rhopalocystis sp.
Asaphellus stubbsi,Rhopalocystis dehirensis
Asaphellus stubbsi,Rhopalocystis destombesi
Asaphellus stubbsi,Rhopalocystis fraga
Asaphellus stubbsi,Rhopalocystis grandis
Asaphellus stubbsi,Rhopalocystis havliceki
Asaphellus stubbsi,Rhopalocystis lehmani
Asaphellus stubbsi,Rhopalocystis zagoraensis
Asaphellus stubbsi,Rhopalocystis sp. A
Asaphellus stubbsi,Rhopalocystis sp. B
Asaphellus stubbsi,Rhopalocystis sp. C
Asaphellus stubbsi,cf. Rhopalocystis
Asaphellus stubbsi,Lingulocystis aff. deani
Asaphellus stubbsi,Lingulocystis elongata
Asaphellus stubbsi,cf. Pareocrinus
Asaphellus stubbsi,Eocrinoidea indet. sp. 1
Asaphellus stubbsi,Eocrinoidea indet. sp. 2
Asaphellus stubbsi,Eocrinoidea indet.
Asaphellus stubbsi,Ramseyocrinus sp.
Asaphellus stubbsi,Crinoid 2
Asaphellus stubbsi,Aethocrinus cf. moorei
Asaphellus stubbsi,Iocrinus n. sp.
Asaphellus stubbsi,Cystoidea?/undet. Cystoidea
Asaphellus stubbsi,Argodiscus espilezorum
Asaphellus stubbsi,Anedriophus moroccoensis
Asaphellus stubbsi,Rhenopyrgid indet.
Asaphellus stubbsi,Ampelocarpus sp.
Asaphellus stubbsi,Amygdalotheca griffei
Asaphellus stubbsi,Anatifopsis escandei
Asaphellus stubbsi,Anatifopsis trapeziiformis
Asaphellus stubbsi,Anatifopsis sp.
Asaphellus stubbsi,"Anomalocystid n. gen., n. sp. "
Asaphellus stubbsi,Aspidocarpus sp.
Asaphellus stubbsi,Balanocystites primus
Asaphellus stubbsi,Bohemiaecystis
Asaphellus stubbsi,Chauvelicystis ubaghsi
Asaphellus stubbsi,Chauvelicystis spinosa
Asaphellus stubbsi,Chauvelicystis vizcainoi
Asaphellus stubbsi,Chauvelicystis sp.
Asaphellus stubbsi,"Chauvelicystid n. gen., n. sp. 1"
Asaphellus stubbsi,"Chauvelicystid n. gen., n. sp. 2"
Asaphellus stubbsi,Chinianocarpos sp.
Asaphellus stubbsi,"Cornuta n. gen. 1, n. sp."
Asaphellus stubbsi,"Cornuta n. gen. 2, n. sp."
Asaphellus stubbsi,Flabellicarpus rushtoni
Asaphellus stubbsi,Flabellicarpus?
Asaphellus stubbsi,Galliaecystis n. sp.
Asaphellus stubbsi,Galliaecystis ubaghsi
Asaphellus stubbsi,Hanusia n. sp.
Asaphellus stubbsi,Lagynocystis pyramidalis
Asaphellus stubbsi,Lyricocarpus courtessolei
Asaphellus stubbsi,Milonicystis sp.
Asaphellus stubbsi,Mitrocystitid indet. cf. Ovocarpus
Asaphellus stubbsi,Nanocarpus cf. dolambii
Asaphellus stubbsi,Phyllocystis blayaci
Asaphellus stubbsi,Phyllocystis sp.
Asaphellus stubbsi,Procothurnocystis n. sp.
Asaphellus stubbsi,Prokopicystis sp.
Asaphellus stubbsi,Thoralicystis zagoraensis
Asaphellus stubbsi,Thoralicystis n. sp.
Asaphellus stubbsi,Vizcainocarpus sp.
Asaphellus stubbsi,Cothurnocystid indetl.
Asaphellus stubbsi,Hanusiid indet.
Asaphellus stubbsi,Macrocystella sp.
Asaphellus stubbsi,Macrocystella bohemica
Asaphellus stubbsi,Macrocystella cf. mariae
Asaphellus stubbsi,Macrocystella tasseftensis
Asaphellus stubbsi,cf. Castericystis
Asaphellus stubbsi,cf. Minervaecystis
Asaphellus stubbsi,Plasiacystis mobilis
Asaphellus stubbsi,Plasiacystis sp.
Asaphellus stubbsi,Nimchacystis agterbosi
Asaphellus stubbsi,undet. Ophiuroidea
Asaphellus stubbsi,Cavernolites senex
Asaphellus stubbsi,Elegantilites sp.
Asaphellus stubbsi,Gamalites? sp.
Asaphellus stubbsi,Gompholites sp.
Asaphellus stubbsi,Nephrotheca sp.
Asaphellus stubbsi,Pauxillites thaddei
Asaphellus stubbsi,Pauxillites sp.
Asaphellus cuervoae,Benthic detritus
Asaphellus cuervoae,Ranorthis fasciata
Asaphellus cuervoae,undet. Athyridida
Asaphellus cuervoae,Acrothele sp.
Asaphellus cuervoae,Plectorthis simplex
Asaphellus cuervoae,Angusticardinia sp.
Asaphellus cuervoae,Lingula salteri
Asaphellus cuervoae,Orbithele vana
Asaphellus cuervoae,Paurorthis tadristensis
Asaphellus cuervoae,Tarfaya marocana
Asaphellus cuervoae,Wosekella sp.
Asaphellus cuervoae,Monobolina sp.
Asaphellus cuervoae,Elliptoglossa sp.
Asaphellus cuervoae,Celdobolus sp.
Asaphellus cuervoae,Discinoidea?
Asaphellus cuervoae,undet. Dalmanelloidea
Asaphellus cuervoae,Bryozoan
Asaphellus cuervoae,Babinka prima
Asaphellus cuervoae,Ctenodonta escosurae
Asaphellus cuervoae,Praenucula sp.
Asaphellus cuervoae,Redonia michelae
Asaphellus cuervoae,Coxiconchia guiraudi
Asaphellus cuervoae,Alococoncha?
Asaphellus cuervoae,Cardiolaria? sp.
Asaphellus cuervoae,Cienagomya? sp.
Asaphellus cuervoae,Ekaterodonta courtessolei
Asaphellus cuervoae,Glyptarca sp.
Asaphellus cuervoae,Pelecyogyra fezouataensis
Asaphellus cuervoae,Sinuites sp.
Asaphellus cuervoae,Lesueurilla prima
Asaphellus cuervoae,undet. Platyceratoidea
Asaphellus cuervoae,undet. Monoplacophora
Asaphellus cuervoae,Thoralispira? cf. occitana
Asaphellus cuervoae,Carcassonnella courtessolei
Asaphellus cuervoae,Carcassonnella vizcainoi
Asaphellus cuervoae,Carcassonnella sp.
Asaphellus cuervoae,Ribeiria sp.
Asaphellus cuervoae,Tolmachovia?
Asaphellus cuervoae,Wiwaxiid
Asaphellus cuervoae,Halkieriid
Asaphellus cuervoae,Helcionelloid
Asaphellus cuervoae,Calvapilosa kroegeri
Asaphellus cuervoae,Possible phyllodocid
Asaphellus cuervoae,Palaeoscolex cf. tenensis
Asaphellus cuervoae,Priapulid
Asaphellus cuervoae,Large taxon with spinose limbs
Asaphellus cuervoae,Small taxon with spinose limbs
Asaphellus cuervoae,Armoured lobopodian 1
Asaphellus cuervoae,Armoured lobopodian 2
Asaphellus cuervoae,Armoured lobopodian 3
Asaphellus cuervoae,Diania-like lobopodian
Asaphellus cuervoae,Furca sp. 1
Asaphellus cuervoae,Furca sp. 2
Asaphellus cuervoae,Furca sp. 3
Asaphellus cuervoae,Enosiaspis hrungnir
Asaphellus cuervoae,Possible waptiid
Asaphellus cuervoae, 'Synziphosurine'/Synziphosurina?
Asaphellus cuervoae,Chasmataspidid
Asaphellus cuervoae,Possible pycnogonid
Asaphellus cuervoae,Possible retifaciid
Asaphellus cuervoae,Tariccoia tazagurtensis
Asaphellus cuervoae,Chlupacaris? sp.
Asaphellus cuervoae,Cheloniellid
Asaphellus cuervoae,Phyllocarid
Asaphellus cuervoae,Ostracod
Asaphellus cuervoae,Lepadomorph barnacle
Asaphellus cuervoae,Eoduslia
Asaphellus cuervoae,Apatokephalus cf. incisus
Asaphellus cuervoae,undet. Dikelocephalidae
Asaphellus cuervoae,undet. Illaenacea
Asaphellus cuervoae,Orometopus sp.
Asaphellus cuervoae,Cnemidopyge sp.
Asaphellus cuervoae,Parvilichas marochii
Asaphellus cuervoae,Selenopeltis sp. 1
Asaphellus cuervoae,Selenopeltis sp. 2
Asaphellus cuervoae,Foulonia peregrina
Asaphellus cuervoae,Foulonia sp.
Asaphellus cuervoae,Toletanaspis aff. borni
Asaphellus cuervoae,undet. Dalmanitacea
Asaphellus cuervoae,Bathycheilus gallicus
Asaphellus cuervoae,Bavarilla aff. zemmourensis
Asaphellus cuervoae,Bavarilla zemmourensis
Asaphellus cuervoae,Bavarilla sp.
Asaphellus cuervoae,Colpocoryphe thorali
Asaphellus cuervoae,Colpocoryphe pradesensis
Asaphellus cuervoae,Pharostoma sp.
Asaphellus cuervoae,Pharostomina sp. 
Asaphellus cuervoae,Agerina quadrata
Asaphellus cuervoae,Geragnostus aff. occitanus
Asaphellus cuervoae,Geragnostus sp.
Asaphellus cuervoae,Beltella sp.
Asaphellus cuervoae,Ampyx priscus
Asaphellus cuervoae,Ampyx cf. priscus
Asaphellus cuervoae,Ceraurinella? sp.
Asaphellus cuervoae,Platycoryphe sp.
Asaphellus cuervoae,Parabathycheilus gallicus
Asaphellus cuervoae,Proetidae?
Asaphellus cuervoae,undet. Trinucleidae
Asaphellus cuervoae,Eoharpes sp.
Asaphellus cuervoae,Nileus deynouxi
Asaphellus cuervoae,Hospes sp.
Asaphellus cuervoae,Ogygiocaris sp.
Asaphellus cuervoae,Pterygometopus sp.
Asaphellus cuervoae,Iberocoryphe sp.
Asaphellus cuervoae,cf. Niobella sp.
Asaphellus cuervoae,Somasteroid indet. n. sp. 1
Asaphellus cuervoae,Somasteroid indet. n. sp. 2
Asaphellus cuervoae,Somasteroid indet. n. sp. 3
Asaphellus cuervoae,Somasteroid indet.
Asaphellus cuervoae,undet. Asteroidea
Asaphellus cuervoae,Palaeosphaeronites sp.
Asaphellus cuervoae,Palaeosphaeronites? prokopi
Asaphellus cuervoae,Aristocystites cf. bohemicus (sinuous?)
Asaphellus cuervoae,Aristocystites sp.
Asaphellus cuervoae,Balantiocystis regnelli
Asaphellus cuervoae,Balantiocystis sp.
Asaphellus cuervoae,Rhopalocystis sp.
Asaphellus cuervoae,Rhopalocystis dehirensis
Asaphellus cuervoae,Rhopalocystis destombesi
Asaphellus cuervoae,Rhopalocystis fraga
Asaphellus cuervoae,Rhopalocystis grandis
Asaphellus cuervoae,Rhopalocystis havliceki
Asaphellus cuervoae,Rhopalocystis lehmani
Asaphellus cuervoae,Rhopalocystis zagoraensis
Asaphellus cuervoae,Rhopalocystis sp. A
Asaphellus cuervoae,Rhopalocystis sp. B
Asaphellus cuervoae,Rhopalocystis sp. C
Asaphellus cuervoae,cf. Rhopalocystis
Asaphellus cuervoae,Lingulocystis aff. deani
Asaphellus cuervoae,Lingulocystis elongata
Asaphellus cuervoae,cf. Pareocrinus
Asaphellus cuervoae,Eocrinoidea indet. sp. 1
Asaphellus cuervoae,Eocrinoidea indet. sp. 2
Asaphellus cuervoae,Eocrinoidea indet.
Asaphellus cuervoae,Ramseyocrinus sp.
Asaphellus cuervoae,Crinoid 2
Asaphellus cuervoae,Aethocrinus cf. moorei
Asaphellus cuervoae,Iocrinus n. sp.
Asaphellus cuervoae,Cystoidea?/undet. Cystoidea
Asaphellus cuervoae,Argodiscus espilezorum
Asaphellus cuervoae,Anedriophus moroccoensis
Asaphellus cuervoae,Rhenopyrgid indet.
Asaphellus cuervoae,Ampelocarpus sp.
Asaphellus cuervoae,Amygdalotheca griffei
Asaphellus cuervoae,Anatifopsis escandei
Asaphellus cuervoae,Anatifopsis trapeziiformis
Asaphellus cuervoae,Anatifopsis sp.
Asaphellus cuervoae,"Anomalocystid n. gen., n. sp. "
Asaphellus cuervoae,Aspidocarpus sp.
Asaphellus cuervoae,Arauricystis? sp.
Asaphellus cuervoae,Balanocystites primus
Asaphellus cuervoae,Bohemiaecystis
Asaphellus cuervoae,Chauvelicystis ubaghsi
Asaphellus cuervoae,Chauvelicystis spinosa
Asaphellus cuervoae,Chauvelicystis vizcainoi
Asaphellus cuervoae,Chauvelicystis sp.
Asaphellus cuervoae,"Chauvelicystid n. gen., n. sp. 1"
Asaphellus cuervoae,"Chauvelicystid n. gen., n. sp. 2"
Asaphellus cuervoae,Chinianocarpos sp.
Asaphellus cuervoae,"Cornuta n. gen. 1, n. sp."
Asaphellus cuervoae,"Cornuta n. gen. 2, n. sp."
Asaphellus cuervoae,Flabellicarpus rushtoni
Asaphellus cuervoae,Flabellicarpus?
Asaphellus cuervoae,Galliaecystis n. sp.
Asaphellus cuervoae,Galliaecystis ubaghsi
Asaphellus cuervoae,Hanusia n. sp.
Asaphellus cuervoae,Lagynocystis pyramidalis
Asaphellus cuervoae,Kirkocystidae?
Asaphellus cuervoae,Lyricocarpus courtessolei
Asaphellus cuervoae,Milonicystis sp.
Asaphellus cuervoae,Mitrocystitid indet. cf. Ovocarpus
Asaphellus cuervoae,Nanocarpus cf. dolambii
Asaphellus cuervoae,Phyllocystis blayaci
Asaphellus cuervoae,Phyllocystis sp.
Asaphellus cuervoae,Procothurnocystis n. sp.
Asaphellus cuervoae,Prokopicystis sp.
Asaphellus cuervoae,Thoralicystis zagoraensis
Asaphellus cuervoae,Thoralicystis n. sp.
Asaphellus cuervoae,Vizcainocarpus sp.
Asaphellus cuervoae,Cothurnocystid indetl.
Asaphellus cuervoae,Hanusiid indet.
Asaphellus cuervoae,Peltocystis cornuta
Asaphellus cuervoae,Scotiaevystis? sp.
Asaphellus cuervoae,Macrocystella sp.
Asaphellus cuervoae,Macrocystella bohemica
Asaphellus cuervoae,Macrocystella cf. mariae
Asaphellus cuervoae,Macrocystella tasseftensis
Asaphellus cuervoae,undet. Ophiuroidea
Asaphellus cuervoae,Didymograptus cf. arcuatus
Asaphellus cuervoae,Didymograptus deflexus
Asaphellus cuervoae,Didymograptus extensus
Asaphellus cuervoae,Didymograptus v-fractus
Asaphellus cuervoae,Didymograptus intendus
Asaphellus cuervoae,Didymograptus pennatulus
Asaphellus cuervoae,Didymograptus nanus
Asaphellus cuervoae,Didymograptus nitidus
Asaphellus cuervoae,Didymograptus patulus
Asaphellus cuervoae,Didymograptus sparsus
Asaphellus cuervoae,"""Didymograptus sp. 1"""
Asaphellus cuervoae,Didymograptus sp.
Asaphellus cuervoae,Didymograptid indet.
Asaphellus cuervoae,Koremagraptus sp.
Asaphellus cuervoae,Dictyonema sp.
Asaphellus cuervoae,Tuboid
Asaphellus cuervoae,?Cymatograptus protobalticus
Asaphellus cuervoae,Webbyites felix
Asaphellus cuervoae,Rhabdopleura-like epibiont
Asaphellus cuervoae,Gamalites? sp.
Asaphellus cuervoae,Gompholites sp.
Asaphellus cuervoae,Hyolithes sp.
Asaphellus cuervoae,Pauxillites thaddei
Asaphellus fezouataensis ,Benthic detritus
Asaphellus fezouataensis ,Ranorthis fasciata
Asaphellus fezouataensis ,undet. Athyridida
Asaphellus fezouataensis ,Acrothele sp.
Asaphellus fezouataensis ,Plectorthis simplex
Asaphellus fezouataensis ,Angusticardinia sp.
Asaphellus fezouataensis ,Lingula salteri
Asaphellus fezouataensis ,Orbithele vana
Asaphellus fezouataensis ,Paurorthis tadristensis
Asaphellus fezouataensis ,Tarfaya marocana
Asaphellus fezouataensis ,Wosekella sp.
Asaphellus fezouataensis ,Monobolina sp.
Asaphellus fezouataensis ,Elliptoglossa sp.
Asaphellus fezouataensis ,Celdobolus sp.
Asaphellus fezouataensis ,Discinoidea?
Asaphellus fezouataensis ,undet. Dalmanelloidea
Asaphellus fezouataensis ,Bryozoan
Asaphellus fezouataensis ,Babinka prima
Asaphellus fezouataensis ,Ctenodonta escosurae
Asaphellus fezouataensis ,Praenucula sp.
Asaphellus fezouataensis ,Redonia michelae
Asaphellus fezouataensis ,Coxiconchia guiraudi
Asaphellus fezouataensis ,Alococoncha?
Asaphellus fezouataensis ,Cardiolaria? sp.
Asaphellus fezouataensis ,Cienagomya? sp.
Asaphellus fezouataensis ,Ekaterodonta courtessolei
Asaphellus fezouataensis ,Glyptarca sp.
Asaphellus fezouataensis ,Pelecyogyra fezouataensis
Asaphellus fezouataensis ,Sinuites sp.
Asaphellus fezouataensis ,Lesueurilla prima
Asaphellus fezouataensis ,undet. Platyceratoidea
Asaphellus fezouataensis ,undet. Monoplacophora
Asaphellus fezouataensis ,Thoralispira? cf. occitana
Asaphellus fezouataensis ,Carcassonnella courtessolei
Asaphellus fezouataensis ,Carcassonnella vizcainoi
Asaphellus fezouataensis ,Carcassonnella sp.
Asaphellus fezouataensis ,Ribeiria sp.
Asaphellus fezouataensis ,Tolmachovia?
Asaphellus fezouataensis ,Wiwaxiid
Asaphellus fezouataensis ,Halkieriid
Asaphellus fezouataensis ,Helcionelloid
Asaphellus fezouataensis ,Calvapilosa kroegeri
Asaphellus fezouataensis ,Possible phyllodocid
Asaphellus fezouataensis ,Palaeoscolex cf. tenensis
Asaphellus fezouataensis ,Priapulid
Asaphellus fezouataensis ,Large taxon with spinose limbs
Asaphellus fezouataensis ,Small taxon with spinose limbs
Asaphellus fezouataensis ,Armoured lobopodian 1
Asaphellus fezouataensis ,Armoured lobopodian 2
Asaphellus fezouataensis ,Armoured lobopodian 3
Asaphellus fezouataensis ,Diania-like lobopodian
Asaphellus fezouataensis ,Furca sp. 1
Asaphellus fezouataensis ,Furca sp. 2
Asaphellus fezouataensis ,Furca sp. 3
Asaphellus fezouataensis ,Enosiaspis hrungnir
Asaphellus fezouataensis ,Possible waptiid
Asaphellus fezouataensis , 'Synziphosurine'/Synziphosurina?
Asaphellus fezouataensis ,Chasmataspidid
Asaphellus fezouataensis ,Possible pycnogonid
Asaphellus fezouataensis ,Possible retifaciid
Asaphellus fezouataensis ,Tariccoia tazagurtensis
Asaphellus fezouataensis ,Chlupacaris? sp.
Asaphellus fezouataensis ,Cheloniellid
Asaphellus fezouataensis ,Phyllocarid
Asaphellus fezouataensis ,Ostracod
Asaphellus fezouataensis ,Lepadomorph barnacle
Asaphellus fezouataensis ,Eoduslia
Asaphellus fezouataensis ,Apatokephalus cf. incisus
Asaphellus fezouataensis ,undet. Dikelocephalidae
Asaphellus fezouataensis ,undet. Illaenacea
Asaphellus fezouataensis ,Orometopus sp.
Asaphellus fezouataensis ,Cnemidopyge sp.
Asaphellus fezouataensis ,Parvilichas marochii
Asaphellus fezouataensis ,Selenopeltis sp. 1
Asaphellus fezouataensis ,Selenopeltis sp. 2
Asaphellus fezouataensis ,Foulonia peregrina
Asaphellus fezouataensis ,Foulonia sp.
Asaphellus fezouataensis ,Toletanaspis aff. borni
Asaphellus fezouataensis ,undet. Dalmanitacea
Asaphellus fezouataensis ,Bathycheilus gallicus
Asaphellus fezouataensis ,Bavarilla aff. zemmourensis
Asaphellus fezouataensis ,Bavarilla zemmourensis
Asaphellus fezouataensis ,Bavarilla sp.
Asaphellus fezouataensis ,Colpocoryphe thorali
Asaphellus fezouataensis ,Colpocoryphe pradesensis
Asaphellus fezouataensis ,Pharostoma sp.
Asaphellus fezouataensis ,Pharostomina sp. 
Asaphellus fezouataensis ,Agerina quadrata
Asaphellus fezouataensis ,Geragnostus aff. occitanus
Asaphellus fezouataensis ,Geragnostus sp.
Asaphellus fezouataensis ,Beltella sp.
Asaphellus fezouataensis ,Ampyx priscus
Asaphellus fezouataensis ,Ampyx cf. priscus
Asaphellus fezouataensis ,Ceraurinella? sp.
Asaphellus fezouataensis ,Platycoryphe sp.
Asaphellus fezouataensis ,Parabathycheilus gallicus
Asaphellus fezouataensis ,Proetidae?
Asaphellus fezouataensis ,undet. Trinucleidae
Asaphellus fezouataensis ,Eoharpes sp.
Asaphellus fezouataensis ,Nileus deynouxi
Asaphellus fezouataensis ,Hospes sp.
Asaphellus fezouataensis ,Ogygiocaris sp.
Asaphellus fezouataensis ,Pterygometopus sp.
Asaphellus fezouataensis ,Iberocoryphe sp.
Asaphellus fezouataensis ,cf. Niobella sp.
Asaphellus fezouataensis ,Somasteroid indet. n. sp. 1
Asaphellus fezouataensis ,Somasteroid indet. n. sp. 2
Asaphellus fezouataensis ,Somasteroid indet. n. sp. 3
Asaphellus fezouataensis ,Somasteroid indet.
Asaphellus fezouataensis ,undet. Asteroidea
Asaphellus fezouataensis ,Palaeosphaeronites sp.
Asaphellus fezouataensis ,Palaeosphaeronites? prokopi
Asaphellus fezouataensis ,Aristocystites cf. bohemicus (sinuous?)
Asaphellus fezouataensis ,Aristocystites sp.
Asaphellus fezouataensis ,Balantiocystis regnelli
Asaphellus fezouataensis ,Balantiocystis sp.
Asaphellus fezouataensis ,Rhopalocystis sp.
Asaphellus fezouataensis ,Rhopalocystis dehirensis
Asaphellus fezouataensis ,Rhopalocystis destombesi
Asaphellus fezouataensis ,Rhopalocystis fraga
Asaphellus fezouataensis ,Rhopalocystis grandis
Asaphellus fezouataensis ,Rhopalocystis havliceki
Asaphellus fezouataensis ,Rhopalocystis lehmani
Asaphellus fezouataensis ,Rhopalocystis zagoraensis
Asaphellus fezouataensis ,Rhopalocystis sp. A
Asaphellus fezouataensis ,Rhopalocystis sp. B
Asaphellus fezouataensis ,Rhopalocystis sp. C
Asaphellus fezouataensis ,cf. Rhopalocystis
Asaphellus fezouataensis ,Lingulocystis aff. deani
Asaphellus fezouataensis ,Lingulocystis elongata
Asaphellus fezouataensis ,cf. Pareocrinus
Asaphellus fezouataensis ,Eocrinoidea indet. sp. 1
Asaphellus fezouataensis ,Eocrinoidea indet. sp. 2
Asaphellus fezouataensis ,Eocrinoidea indet.
Asaphellus fezouataensis ,Ramseyocrinus sp.
Asaphellus fezouataensis ,Crinoid 2
Asaphellus fezouataensis ,Aethocrinus cf. moorei
Asaphellus fezouataensis ,Iocrinus n. sp.
Asaphellus fezouataensis ,Cystoidea?/undet. Cystoidea
Asaphellus fezouataensis ,Argodiscus espilezorum
Asaphellus fezouataensis ,Anedriophus moroccoensis
Asaphellus fezouataensis ,Rhenopyrgid indet.
Asaphellus fezouataensis ,Ampelocarpus sp.
Asaphellus fezouataensis ,Amygdalotheca griffei
Asaphellus fezouataensis ,Anatifopsis escandei
Asaphellus fezouataensis ,Anatifopsis trapeziiformis
Asaphellus fezouataensis ,Anatifopsis sp.
Asaphellus fezouataensis ,"Anomalocystid n. gen., n. sp. "
Asaphellus fezouataensis ,Aspidocarpus sp.
Asaphellus fezouataensis ,Arauricystis? sp.
Asaphellus fezouataensis ,Balanocystites primus
Asaphellus fezouataensis ,Bohemiaecystis
Asaphellus fezouataensis ,Chauvelicystis ubaghsi
Asaphellus fezouataensis ,Chauvelicystis spinosa
Asaphellus fezouataensis ,Chauvelicystis vizcainoi
Asaphellus fezouataensis ,Chauvelicystis sp.
Asaphellus fezouataensis ,"Chauvelicystid n. gen., n. sp. 1"
Asaphellus fezouataensis ,"Chauvelicystid n. gen., n. sp. 2"
Asaphellus fezouataensis ,Chinianocarpos sp.
Asaphellus fezouataensis ,"Cornuta n. gen. 1, n. sp."
Asaphellus fezouataensis ,"Cornuta n. gen. 2, n. sp."
Asaphellus fezouataensis ,Flabellicarpus rushtoni
Asaphellus fezouataensis ,Flabellicarpus?
Asaphellus fezouataensis ,Galliaecystis n. sp.
Asaphellus fezouataensis ,Galliaecystis ubaghsi
Asaphellus fezouataensis ,Hanusia n. sp.
Asaphellus fezouataensis ,Lagynocystis pyramidalis
Asaphellus fezouataensis ,Kirkocystidae?
Asaphellus fezouataensis ,Lyricocarpus courtessolei
Asaphellus fezouataensis ,Milonicystis sp.
Asaphellus fezouataensis ,Mitrocystitid indet. cf. Ovocarpus
Asaphellus fezouataensis ,Nanocarpus cf. dolambii
Asaphellus fezouataensis ,Phyllocystis blayaci
Asaphellus fezouataensis ,Phyllocystis sp.
Asaphellus fezouataensis ,Procothurnocystis n. sp.
Asaphellus fezouataensis ,Prokopicystis sp.
Asaphellus fezouataensis ,Thoralicystis zagoraensis
Asaphellus fezouataensis ,Thoralicystis n. sp.
Asaphellus fezouataensis ,Vizcainocarpus sp.
Asaphellus fezouataensis ,Cothurnocystid indetl.
Asaphellus fezouataensis ,Hanusiid indet.
Asaphellus fezouataensis ,Peltocystis cornuta
Asaphellus fezouataensis ,Scotiaevystis? sp.
Asaphellus fezouataensis ,Macrocystella sp.
Asaphellus fezouataensis ,Macrocystella bohemica
Asaphellus fezouataensis ,Macrocystella cf. mariae
Asaphellus fezouataensis ,Macrocystella tasseftensis
Asaphellus fezouataensis ,undet. Ophiuroidea
Asaphellus fezouataensis ,Didymograptus cf. arcuatus
Asaphellus fezouataensis ,Didymograptus deflexus
Asaphellus fezouataensis ,Didymograptus extensus
Asaphellus fezouataensis ,Didymograptus v-fractus
Asaphellus fezouataensis ,Didymograptus intendus
Asaphellus fezouataensis ,Didymograptus pennatulus
Asaphellus fezouataensis ,Didymograptus nanus
Asaphellus fezouataensis ,Didymograptus nitidus
Asaphellus fezouataensis ,Didymograptus patulus
Asaphellus fezouataensis ,Didymograptus sparsus
Asaphellus fezouataensis ,"""Didymograptus sp. 1"""
Asaphellus fezouataensis ,Didymograptus sp.
Asaphellus fezouataensis ,Didymograptid indet.
Asaphellus fezouataensis ,Koremagraptus sp.
Asaphellus fezouataensis ,Dictyonema sp.
Asaphellus fezouataensis ,Tuboid
Asaphellus fezouataensis ,?Cymatograptus protobalticus
Asaphellus fezouataensis ,Webbyites felix
Asaphellus fezouataensis ,Rhabdopleura-like epibiont
Asaphellus fezouataensis ,Gamalites? sp.
Asaphellus fezouataensis ,Gompholites sp.
Asaphellus fezouataensis ,Hyolithes sp.
Asaphellus fezouataensis ,Pauxillites thaddei
Asaphellus sp aff. jujuanus,Benthic detritus
Asaphellus sp aff. jujuanus,Ranorthis fasciata
Asaphellus sp aff. jujuanus,undet. Athyridida
Asaphellus sp aff. jujuanus,Acrothele sp.
Asaphellus sp aff. jujuanus,Plectorthis simplex
Asaphellus sp aff. jujuanus,Angusticardinia sp.
Asaphellus sp aff. jujuanus,Lingula salteri
Asaphellus sp aff. jujuanus,Orbithele vana
Asaphellus sp aff. jujuanus,Paurorthis tadristensis
Asaphellus sp aff. jujuanus,Tarfaya marocana
Asaphellus sp aff. jujuanus,Wosekella sp.
Asaphellus sp aff. jujuanus,Monobolina sp.
Asaphellus sp aff. jujuanus,Elliptoglossa sp.
Asaphellus sp aff. jujuanus,Celdobolus sp.
Asaphellus sp aff. jujuanus,Discinoidea?
Asaphellus sp aff. jujuanus,undet. Dalmanelloidea
Asaphellus sp aff. jujuanus,Bryozoan
Asaphellus sp aff. jujuanus,Ctenodonta escosurae
Asaphellus sp aff. jujuanus,Praenucula sp.
Asaphellus sp aff. jujuanus,Redonia michelae
Asaphellus sp aff. jujuanus,Coxiconchia guiraudi
Asaphellus sp aff. jujuanus,Alococoncha?
Asaphellus sp aff. jujuanus,Cardiolaria? sp.
Asaphellus sp aff. jujuanus,Cienagomya? sp.
Asaphellus sp aff. jujuanus,Ekaterodonta courtessolei
Asaphellus sp aff. jujuanus,Glyptarca sp.
Asaphellus sp aff. jujuanus,Sinuites sp.
Asaphellus sp aff. jujuanus,Lesueurilla prima
Asaphellus sp aff. jujuanus,undet. Platyceratoidea
Asaphellus sp aff. jujuanus,undet. Monoplacophora
Asaphellus sp aff. jujuanus,Carcassonnella courtessolei
Asaphellus sp aff. jujuanus,Carcassonnella vizcainoi
Asaphellus sp aff. jujuanus,Carcassonnella sp.
Asaphellus sp aff. jujuanus,Ribeiria sp.
Asaphellus sp aff. jujuanus,Wiwaxiid
Asaphellus sp aff. jujuanus,Helcionelloid
Asaphellus sp aff. jujuanus,Possible phyllodocid
Asaphellus sp aff. jujuanus,Priapulid
Asaphellus sp aff. jujuanus,Large taxon with spinose limbs
Asaphellus sp aff. jujuanus,Small taxon with spinose limbs
Asaphellus sp aff. jujuanus,Armoured lobopodian 1
Asaphellus sp aff. jujuanus,Armoured lobopodian 2
Asaphellus sp aff. jujuanus,Armoured lobopodian 3
Asaphellus sp aff. jujuanus,Diania-like lobopodian
Asaphellus sp aff. jujuanus,Furca sp. 1
Asaphellus sp aff. jujuanus,Furca sp. 2
Asaphellus sp aff. jujuanus,Furca sp. 3
Asaphellus sp aff. jujuanus,Enosiaspis hrungnir
Asaphellus sp aff. jujuanus, 'Synziphosurine'/Synziphosurina?
Asaphellus sp aff. jujuanus,Chasmataspidid
Asaphellus sp aff. jujuanus,Possible pycnogonid
Asaphellus sp aff. jujuanus,Possible retifaciid
Asaphellus sp aff. jujuanus,Tariccoia tazagurtensis
Asaphellus sp aff. jujuanus,Cheloniellid
Asaphellus sp aff. jujuanus,Phyllocarid
Asaphellus sp aff. jujuanus,Ostracod
Asaphellus sp aff. jujuanus,Lepadomorph barnacle
Asaphellus sp aff. jujuanus,Apatokephalus cf. incisus
Asaphellus sp aff. jujuanus,undet. Dikelocephalidae
Asaphellus sp aff. jujuanus,undet. Illaenacea
Asaphellus sp aff. jujuanus,Orometopus sp.
Asaphellus sp aff. jujuanus,Cnemidopyge sp.
Asaphellus sp aff. jujuanus,Toletanaspis aff. borni
Asaphellus sp aff. jujuanus,Bathycheilus gallicus
Asaphellus sp aff. jujuanus,Colpocoryphe thorali
Asaphellus sp aff. jujuanus,Agerina quadrata
Asaphellus sp aff. jujuanus,Geragnostus aff. occitanus
Asaphellus sp aff. jujuanus,Geragnostus sp.
Asaphellus sp aff. jujuanus,Ampyx priscus
Asaphellus sp aff. jujuanus,Ampyx cf. priscus
Asaphellus sp aff. jujuanus,Parabathycheilus gallicus
Asaphellus sp aff. jujuanus,Proetidae?
Asaphellus sp aff. jujuanus,undet. Trinucleidae
Asaphellus sp aff. jujuanus,Nileus deynouxi
Asaphellus sp aff. jujuanus,Hospes sp.
Asaphellus sp aff. jujuanus,Ogygiocaris sp.
Asaphellus sp aff. jujuanus,cf. Niobella sp.
Asaphellus sp aff. jujuanus,Somasteroid indet. n. sp. 1
Asaphellus sp aff. jujuanus,Somasteroid indet. n. sp. 2
Asaphellus sp aff. jujuanus,Somasteroid indet. n. sp. 3
Asaphellus sp aff. jujuanus,Somasteroid indet.
Asaphellus sp aff. jujuanus,undet. Asteroidea
Asaphellus sp aff. jujuanus,Palaeosphaeronites sp.
Asaphellus sp aff. jujuanus,Palaeosphaeronites? prokopi
Asaphellus sp aff. jujuanus,Aristocystites cf. bohemicus (sinuous?)
Asaphellus sp aff. jujuanus,Aristocystites sp.
Asaphellus sp aff. jujuanus,Balantiocystis regnelli
Asaphellus sp aff. jujuanus,Balantiocystis sp.
Asaphellus sp aff. jujuanus,Rhopalocystis sp.
Asaphellus sp aff. jujuanus,Rhopalocystis dehirensis
Asaphellus sp aff. jujuanus,Rhopalocystis destombesi
Asaphellus sp aff. jujuanus,Rhopalocystis fraga
Asaphellus sp aff. jujuanus,Rhopalocystis grandis
Asaphellus sp aff. jujuanus,Rhopalocystis havliceki
Asaphellus sp aff. jujuanus,Rhopalocystis lehmani
Asaphellus sp aff. jujuanus,Rhopalocystis zagoraensis
Asaphellus sp aff. jujuanus,Rhopalocystis sp. A
Asaphellus sp aff. jujuanus,Rhopalocystis sp. B
Asaphellus sp aff. jujuanus,Rhopalocystis sp. C
Asaphellus sp aff. jujuanus,cf. Rhopalocystis
Asaphellus sp aff. jujuanus,Lingulocystis aff. deani
Asaphellus sp aff. jujuanus,Lingulocystis elongata
Asaphellus sp aff. jujuanus,cf. Pareocrinus
Asaphellus sp aff. jujuanus,Eocrinoidea indet. sp. 1
Asaphellus sp aff. jujuanus,Eocrinoidea indet. sp. 2
Asaphellus sp aff. jujuanus,Eocrinoidea indet.
Asaphellus sp aff. jujuanus,Ramseyocrinus sp.
Asaphellus sp aff. jujuanus,Crinoid 2
Asaphellus sp aff. jujuanus,Aethocrinus cf. moorei
Asaphellus sp aff. jujuanus,Iocrinus n. sp.
Asaphellus sp aff. jujuanus,Cystoidea?/undet. Cystoidea
Asaphellus sp aff. jujuanus,Argodiscus espilezorum
Asaphellus sp aff. jujuanus,Anedriophus moroccoensis
Asaphellus sp aff. jujuanus,Rhenopyrgid indet.
Asaphellus sp aff. jujuanus,Ampelocarpus sp.
Asaphellus sp aff. jujuanus,Amygdalotheca griffei
Asaphellus sp aff. jujuanus,Anatifopsis escandei
Asaphellus sp aff. jujuanus,Anatifopsis trapeziiformis
Asaphellus sp aff. jujuanus,Anatifopsis sp.
Asaphellus sp aff. jujuanus,"Anomalocystid n. gen., n. sp. "
Asaphellus sp aff. jujuanus,Aspidocarpus sp.
Asaphellus sp aff. jujuanus,Arauricystis? sp.
Asaphellus sp aff. jujuanus,Balanocystites primus
Asaphellus sp aff. jujuanus,Bohemiaecystis
Asaphellus sp aff. jujuanus,Chauvelicystis ubaghsi
Asaphellus sp aff. jujuanus,Chauvelicystis spinosa
Asaphellus sp aff. jujuanus,Chauvelicystis vizcainoi
Asaphellus sp aff. jujuanus,Chauvelicystis sp.
Asaphellus sp aff. jujuanus,"Chauvelicystid n. gen., n. sp. 1"
Asaphellus sp aff. jujuanus,"Chauvelicystid n. gen., n. sp. 2"
Asaphellus sp aff. jujuanus,Chinianocarpos sp.
Asaphellus sp aff. jujuanus,"Cornuta n. gen. 1, n. sp."
Asaphellus sp aff. jujuanus,"Cornuta n. gen. 2, n. sp."
Asaphellus sp aff. jujuanus,Flabellicarpus rushtoni
Asaphellus sp aff. jujuanus,Flabellicarpus?
Asaphellus sp aff. jujuanus,Galliaecystis n. sp.
Asaphellus sp aff. jujuanus,Galliaecystis ubaghsi
Asaphellus sp aff. jujuanus,Hanusia n. sp.
Asaphellus sp aff. jujuanus,Lagynocystis pyramidalis
Asaphellus sp aff. jujuanus,Kirkocystidae?
Asaphellus sp aff. jujuanus,Lyricocarpus courtessolei
Asaphellus sp aff. jujuanus,Milonicystis sp.
Asaphellus sp aff. jujuanus,Mitrocystitid indet. cf. Ovocarpus
Asaphellus sp aff. jujuanus,Nanocarpus cf. dolambii
Asaphellus sp aff. jujuanus,Phyllocystis blayaci
Asaphellus sp aff. jujuanus,Phyllocystis sp.
Asaphellus sp aff. jujuanus,Procothurnocystis n. sp.
Asaphellus sp aff. jujuanus,Prokopicystis sp.
Asaphellus sp aff. jujuanus,Thoralicystis zagoraensis
Asaphellus sp aff. jujuanus,Thoralicystis n. sp.
Asaphellus sp aff. jujuanus,Vizcainocarpus sp.
Asaphellus sp aff. jujuanus,Cothurnocystid indetl.
Asaphellus sp aff. jujuanus,Hanusiid indet.
Asaphellus sp aff. jujuanus,Peltocystis cornuta
Asaphellus sp aff. jujuanus,Scotiaevystis? sp.
Asaphellus sp aff. jujuanus,Macrocystella sp.
Asaphellus sp aff. jujuanus,Macrocystella bohemica
Asaphellus sp aff. jujuanus,Macrocystella cf. mariae
Asaphellus sp aff. jujuanus,Macrocystella tasseftensis
Asaphellus sp aff. jujuanus,undet. Ophiuroidea
Asaphellus sp aff. jujuanus,Didymograptus cf. arcuatus
Asaphellus sp aff. jujuanus,Didymograptus deflexus
Asaphellus sp aff. jujuanus,Didymograptus extensus
Asaphellus sp aff. jujuanus,Didymograptus v-fractus
Asaphellus sp aff. jujuanus,Didymograptus intendus
Asaphellus sp aff. jujuanus,Didymograptus pennatulus
Asaphellus sp aff. jujuanus,Didymograptus nanus
Asaphellus sp aff. jujuanus,Didymograptus nitidus
Asaphellus sp aff. jujuanus,Didymograptus patulus
Asaphellus sp aff. jujuanus,Didymograptus sparsus
Asaphellus sp aff. jujuanus,"""Didymograptus sp. 1"""
Asaphellus sp aff. jujuanus,Didymograptus sp.
Asaphellus sp aff. jujuanus,Didymograptid indet.
Asaphellus sp aff. jujuanus,Koremagraptus sp.
Asaphellus sp aff. jujuanus,Dictyonema sp.
Asaphellus sp aff. jujuanus,Tuboid
Asaphellus sp aff. jujuanus,?Cymatograptus protobalticus
Asaphellus sp aff. jujuanus,Webbyites felix
Asaphellus sp aff. jujuanus,Rhabdopleura-like epibiont
Asaphellus sp aff. jujuanus,Hyolithes sp.
Asaphellus tataensis,Benthic detritus
Asaphellus tataensis,Ranorthis fasciata
Asaphellus tataensis,undet. Athyridida
Asaphellus tataensis,Acrothele sp.
Asaphellus tataensis,Plectorthis simplex
Asaphellus tataensis,Angusticardinia sp.
Asaphellus tataensis,Lingula salteri
Asaphellus tataensis,Orbithele vana
Asaphellus tataensis,Paurorthis tadristensis
Asaphellus tataensis,Tarfaya marocana
Asaphellus tataensis,Wosekella sp.
Asaphellus tataensis,Monobolina sp.
Asaphellus tataensis,Elliptoglossa sp.
Asaphellus tataensis,Celdobolus sp.
Asaphellus tataensis,Discinoidea?
Asaphellus tataensis,undet. Dalmanelloidea
Asaphellus tataensis,Bryozoan
Asaphellus tataensis,Ctenodonta escosurae
Asaphellus tataensis,Praenucula sp.
Asaphellus tataensis,Redonia michelae
Asaphellus tataensis,Coxiconchia guiraudi
Asaphellus tataensis,Alococoncha?
Asaphellus tataensis,Cardiolaria? sp.
Asaphellus tataensis,Cienagomya? sp.
Asaphellus tataensis,Ekaterodonta courtessolei
Asaphellus tataensis,Glyptarca sp.
Asaphellus tataensis,Sinuites sp.
Asaphellus tataensis,Lesueurilla prima
Asaphellus tataensis,undet. Platyceratoidea
Asaphellus tataensis,undet. Monoplacophora
Asaphellus tataensis,Carcassonnella courtessolei
Asaphellus tataensis,Carcassonnella vizcainoi
Asaphellus tataensis,Carcassonnella sp.
Asaphellus tataensis,Ribeiria sp.
Asaphellus tataensis,Tolmachovia?
Asaphellus tataensis,Wiwaxiid
Asaphellus tataensis,Halkieriid
Asaphellus tataensis,Helcionelloid
Asaphellus tataensis,Calvapilosa kroegeri
Asaphellus tataensis,Possible phyllodocid
Asaphellus tataensis,Palaeoscolex cf. tenensis
Asaphellus tataensis,Priapulid
Asaphellus tataensis,Large taxon with spinose limbs
Asaphellus tataensis,Small taxon with spinose limbs
Asaphellus tataensis,Armoured lobopodian 1
Asaphellus tataensis,Armoured lobopodian 2
Asaphellus tataensis,Armoured lobopodian 3
Asaphellus tataensis,Diania-like lobopodian
Asaphellus tataensis,Furca sp. 1
Asaphellus tataensis,Furca sp. 2
Asaphellus tataensis,Furca sp. 3
Asaphellus tataensis,Enosiaspis hrungnir
Asaphellus tataensis,Possible waptiid
Asaphellus tataensis, 'Synziphosurine'/Synziphosurina?
Asaphellus tataensis,Chasmataspidid
Asaphellus tataensis,Possible pycnogonid
Asaphellus tataensis,Possible retifaciid
Asaphellus tataensis,Tariccoia tazagurtensis
Asaphellus tataensis,Chlupacaris? sp.
Asaphellus tataensis,Cheloniellid
Asaphellus tataensis,Phyllocarid
Asaphellus tataensis,Ostracod
Asaphellus tataensis,Lepadomorph barnacle
Asaphellus tataensis,Eoduslia
Asaphellus tataensis,Apatokephalus cf. incisus
Asaphellus tataensis,undet. Dikelocephalidae
Asaphellus tataensis,undet. Illaenacea
Asaphellus tataensis,Orometopus sp.
Asaphellus tataensis,Cnemidopyge sp.
Asaphellus tataensis,Selenopeltis sp. 1
Asaphellus tataensis,Selenopeltis sp. 2
Asaphellus tataensis,Foulonia peregrina
Asaphellus tataensis,Foulonia sp.
Asaphellus tataensis,Toletanaspis aff. borni
Asaphellus tataensis,undet. Dalmanitacea
Asaphellus tataensis,Bathycheilus gallicus
Asaphellus tataensis,Bavarilla aff. zemmourensis
Asaphellus tataensis,Bavarilla zemmourensis
Asaphellus tataensis,Colpocoryphe thorali
Asaphellus tataensis,Colpocoryphe pradesensis
Asaphellus tataensis,Pharostoma sp.
Asaphellus tataensis,Pharostomina sp. 
Asaphellus tataensis,Agerina quadrata
Asaphellus tataensis,Geragnostus aff. occitanus
Asaphellus tataensis,Geragnostus sp.
Asaphellus tataensis,Beltella sp.
Asaphellus tataensis,Ampyx priscus
Asaphellus tataensis,Ampyx cf. priscus
Asaphellus tataensis,Parabathycheilus gallicus
Asaphellus tataensis,Proetidae?
Asaphellus tataensis,undet. Trinucleidae
Asaphellus tataensis,Eoharpes sp.
Asaphellus tataensis,Nileus deynouxi
Asaphellus tataensis,Hospes sp.
Asaphellus tataensis,Ogygiocaris sp.
Asaphellus tataensis,cf. Niobella sp.
Asaphellus tataensis,Somasteroid indet. n. sp. 1
Asaphellus tataensis,Somasteroid indet. n. sp. 2
Asaphellus tataensis,Somasteroid indet. n. sp. 3
Asaphellus tataensis,Somasteroid indet.
Asaphellus tataensis,undet. Asteroidea
Asaphellus tataensis,Palaeosphaeronites sp.
Asaphellus tataensis,Palaeosphaeronites? prokopi
Asaphellus tataensis,Aristocystites cf. bohemicus (sinuous?)
Asaphellus tataensis,Aristocystites sp.
Asaphellus tataensis,Balantiocystis regnelli
Asaphellus tataensis,Balantiocystis sp.
Asaphellus tataensis,Rhopalocystis sp.
Asaphellus tataensis,Rhopalocystis dehirensis
Asaphellus tataensis,Rhopalocystis destombesi
Asaphellus tataensis,Rhopalocystis fraga
Asaphellus tataensis,Rhopalocystis grandis
Asaphellus tataensis,Rhopalocystis havliceki
Asaphellus tataensis,Rhopalocystis lehmani
Asaphellus tataensis,Rhopalocystis zagoraensis
Asaphellus tataensis,Rhopalocystis sp. A
Asaphellus tataensis,Rhopalocystis sp. B
Asaphellus tataensis,Rhopalocystis sp. C
Asaphellus tataensis,cf. Rhopalocystis
Asaphellus tataensis,Lingulocystis aff. deani
Asaphellus tataensis,Lingulocystis elongata
Asaphellus tataensis,cf. Pareocrinus
Asaphellus tataensis,Eocrinoidea indet. sp. 1
Asaphellus tataensis,Eocrinoidea indet. sp. 2
Asaphellus tataensis,Eocrinoidea indet.
Asaphellus tataensis,Ramseyocrinus sp.
Asaphellus tataensis,Crinoid 2
Asaphellus tataensis,Aethocrinus cf. moorei
Asaphellus tataensis,Iocrinus n. sp.
Asaphellus tataensis,Cystoidea?/undet. Cystoidea
Asaphellus tataensis,Argodiscus espilezorum
Asaphellus tataensis,Anedriophus moroccoensis
Asaphellus tataensis,Rhenopyrgid indet.
Asaphellus tataensis,Ampelocarpus sp.
Asaphellus tataensis,Amygdalotheca griffei
Asaphellus tataensis,Anatifopsis escandei
Asaphellus tataensis,Anatifopsis trapeziiformis
Asaphellus tataensis,Anatifopsis sp.
Asaphellus tataensis,"Anomalocystid n. gen., n. sp. "
Asaphellus tataensis,Aspidocarpus sp.
Asaphellus tataensis,Arauricystis? sp.
Asaphellus tataensis,Balanocystites primus
Asaphellus tataensis,Bohemiaecystis
Asaphellus tataensis,Chauvelicystis ubaghsi
Asaphellus tataensis,Chauvelicystis spinosa
Asaphellus tataensis,Chauvelicystis vizcainoi
Asaphellus tataensis,Chauvelicystis sp.
Asaphellus tataensis,"Chauvelicystid n. gen., n. sp. 1"
Asaphellus tataensis,"Chauvelicystid n. gen., n. sp. 2"
Asaphellus tataensis,Chinianocarpos sp.
Asaphellus tataensis,"Cornuta n. gen. 1, n. sp."
Asaphellus tataensis,"Cornuta n. gen. 2, n. sp."
Asaphellus tataensis,Flabellicarpus rushtoni
Asaphellus tataensis,Flabellicarpus?
Asaphellus tataensis,Galliaecystis n. sp.
Asaphellus tataensis,Galliaecystis ubaghsi
Asaphellus tataensis,Hanusia n. sp.
Asaphellus tataensis,Lagynocystis pyramidalis
Asaphellus tataensis,Kirkocystidae?
Asaphellus tataensis,Lyricocarpus courtessolei
Asaphellus tataensis,Milonicystis sp.
Asaphellus tataensis,Mitrocystitid indet. cf. Ovocarpus
Asaphellus tataensis,Nanocarpus cf. dolambii
Asaphellus tataensis,Phyllocystis blayaci
Asaphellus tataensis,Phyllocystis sp.
Asaphellus tataensis,Procothurnocystis n. sp.
Asaphellus tataensis,Prokopicystis sp.
Asaphellus tataensis,Thoralicystis zagoraensis
Asaphellus tataensis,Thoralicystis n. sp.
Asaphellus tataensis,Vizcainocarpus sp.
Asaphellus tataensis,Cothurnocystid indetl.
Asaphellus tataensis,Hanusiid indet.
Asaphellus tataensis,Peltocystis cornuta
Asaphellus tataensis,Scotiaevystis? sp.
Asaphellus tataensis,Macrocystella sp.
Asaphellus tataensis,Macrocystella bohemica
Asaphellus tataensis,Macrocystella cf. mariae
Asaphellus tataensis,Macrocystella tasseftensis
Asaphellus tataensis,undet. Ophiuroidea
Asaphellus tataensis,Didymograptus cf. arcuatus
Asaphellus tataensis,Didymograptus deflexus
Asaphellus tataensis,Didymograptus extensus
Asaphellus tataensis,Didymograptus v-fractus
Asaphellus tataensis,Didymograptus intendus
Asaphellus tataensis,Didymograptus pennatulus
Asaphellus tataensis,Didymograptus nanus
Asaphellus tataensis,Didymograptus nitidus
Asaphellus tataensis,Didymograptus patulus
Asaphellus tataensis,Didymograptus sparsus
Asaphellus tataensis,"""Didymograptus sp. 1"""
Asaphellus tataensis,Didymograptus sp.
Asaphellus tataensis,Didymograptid indet.
Asaphellus tataensis,Koremagraptus sp.
Asaphellus tataensis,Dictyonema sp.
Asaphellus tataensis,Tuboid
Asaphellus tataensis,?Cymatograptus protobalticus
Asaphellus tataensis,Webbyites felix
Asaphellus tataensis,Rhabdopleura-like epibiont
Asaphellus tataensis,Hyolithes sp.
Asaphellus tataensis,Pauxillites thaddei
Asaphellus sp.,Benthic detritus
Asaphellus sp.,Ranorthis fasciata
Asaphellus sp.,undet. Athyridida
Asaphellus sp.,Acrothele sp.
Asaphellus sp.,Plectorthis simplex
Asaphellus sp.,Angusticardinia sp.
Asaphellus sp.,Lingula salteri
Asaphellus sp.,Orbithele vana
Asaphellus sp.,Paurorthis tadristensis
Asaphellus sp.,Tarfaya marocana
Asaphellus sp.,Wosekella sp.
Asaphellus sp.,Monobolina sp.
Asaphellus sp.,Elliptoglossa sp.
Asaphellus sp.,Celdobolus sp.
Asaphellus sp.,Discinoidea?
Asaphellus sp.,undet. Dalmanelloidea
Asaphellus sp.,Bryozoan
Asaphellus sp.,Ctenodonta escosurae
Asaphellus sp.,Praenucula sp.
Asaphellus sp.,Redonia michelae
Asaphellus sp.,Coxiconchia guiraudi
Asaphellus sp.,Alococoncha?
Asaphellus sp.,Cardiolaria? sp.
Asaphellus sp.,Cienagomya? sp.
Asaphellus sp.,Ekaterodonta courtessolei
Asaphellus sp.,Glyptarca sp.
Asaphellus sp.,Sinuites sp.
Asaphellus sp.,Lesueurilla prima
Asaphellus sp.,undet. Platyceratoidea
Asaphellus sp.,undet. Monoplacophora
Asaphellus sp.,Thoralispira? cf. occitana
Asaphellus sp.,Carcassonnella courtessolei
Asaphellus sp.,Carcassonnella vizcainoi
Asaphellus sp.,Carcassonnella sp.
Asaphellus sp.,Ribeiria sp.
Asaphellus sp.,Tolmachovia?
Asaphellus sp.,Wiwaxiid
Asaphellus sp.,Halkieriid
Asaphellus sp.,Helcionelloid
Asaphellus sp.,Calvapilosa kroegeri
Asaphellus sp.,Possible phyllodocid
Asaphellus sp.,Palaeoscolex cf. tenensis
Asaphellus sp.,Priapulid
Asaphellus sp.,Large taxon with spinose limbs
Asaphellus sp.,Small taxon with spinose limbs
Asaphellus sp.,Armoured lobopodian 1
Asaphellus sp.,Armoured lobopodian 2
Asaphellus sp.,Armoured lobopodian 3
Asaphellus sp.,Diania-like lobopodian
Asaphellus sp.,Furca sp. 1
Asaphellus sp.,Furca sp. 2
Asaphellus sp.,Furca sp. 3
Asaphellus sp.,Enosiaspis hrungnir
Asaphellus sp.,Possible waptiid
Asaphellus sp., 'Synziphosurine'/Synziphosurina?
Asaphellus sp.,Chasmataspidid
Asaphellus sp.,Possible pycnogonid
Asaphellus sp.,Possible retifaciid
Asaphellus sp.,Tariccoia tazagurtensis
Asaphellus sp.,Chlupacaris? sp.
Asaphellus sp.,Cheloniellid
Asaphellus sp.,Phyllocarid
Asaphellus sp.,Ostracod
Asaphellus sp.,Lepadomorph barnacle
Asaphellus sp.,Eoduslia
Asaphellus sp.,Asaphellus sp aff. jujuanus
Asaphellus sp.,Asaphellus sp.
Asaphellus sp.,Apatokephalus cf. incisus
Asaphellus sp.,undet. Dikelocephalidae
Asaphellus sp.,undet. Illaenacea
Asaphellus sp.,Orometopus sp.
Asaphellus sp.,Cnemidopyge sp.
Asaphellus sp.,Selenopeltis sp. 1
Asaphellus sp.,Selenopeltis sp. 2
Asaphellus sp.,Foulonia peregrina
Asaphellus sp.,Foulonia sp.
Asaphellus sp.,Toletanaspis aff. borni
Asaphellus sp.,undet. Dalmanitacea
Asaphellus sp.,Bathycheilus gallicus
Asaphellus sp.,Bavarilla aff. zemmourensis
Asaphellus sp.,Bavarilla zemmourensis
Asaphellus sp.,Colpocoryphe thorali
Asaphellus sp.,Colpocoryphe pradesensis
Asaphellus sp.,Pharostoma sp.
Asaphellus sp.,Pharostomina sp. 
Asaphellus sp.,Agerina quadrata
Asaphellus sp.,Geragnostus aff. occitanus
Asaphellus sp.,Geragnostus sp.
Asaphellus sp.,Beltella sp.
Asaphellus sp.,Ampyx priscus
Asaphellus sp.,Ampyx cf. priscus
Asaphellus sp.,Parabathycheilus gallicus
Asaphellus sp.,Proetidae?
Asaphellus sp.,undet. Trinucleidae
Asaphellus sp.,Eoharpes sp.
Asaphellus sp.,Nileus deynouxi
Asaphellus sp.,Hospes sp.
Asaphellus sp.,Ogygiocaris sp.
Asaphellus sp.,cf. Niobella sp.
Asaphellus sp.,Somasteroid indet. n. sp. 1
Asaphellus sp.,Somasteroid indet. n. sp. 2
Asaphellus sp.,Somasteroid indet. n. sp. 3
Asaphellus sp.,Somasteroid indet.
Asaphellus sp.,undet. Asteroidea
Asaphellus sp.,Palaeosphaeronites sp.
Asaphellus sp.,Palaeosphaeronites? prokopi
Asaphellus sp.,Aristocystites cf. bohemicus (sinuous?)
Asaphellus sp.,Aristocystites sp.
Asaphellus sp.,Balantiocystis regnelli
Asaphellus sp.,Balantiocystis sp.
Asaphellus sp.,Rhopalocystis sp.
Asaphellus sp.,Rhopalocystis dehirensis
Asaphellus sp.,Rhopalocystis destombesi
Asaphellus sp.,Rhopalocystis fraga
Asaphellus sp.,Rhopalocystis grandis
Asaphellus sp.,Rhopalocystis havliceki
Asaphellus sp.,Rhopalocystis lehmani
Asaphellus sp.,Rhopalocystis zagoraensis
Asaphellus sp.,Rhopalocystis sp. A
Asaphellus sp.,Rhopalocystis sp. B
Asaphellus sp.,Rhopalocystis sp. C
Asaphellus sp.,cf. Rhopalocystis
Asaphellus sp.,Lingulocystis aff. deani
Asaphellus sp.,Lingulocystis elongata
Asaphellus sp.,cf. Pareocrinus
Asaphellus sp.,Eocrinoidea indet. sp. 1
Asaphellus sp.,Eocrinoidea indet. sp. 2
Asaphellus sp.,Eocrinoidea indet.
Asaphellus sp.,Ramseyocrinus sp.
Asaphellus sp.,Crinoid 2
Asaphellus sp.,Aethocrinus cf. moorei
Asaphellus sp.,Iocrinus n. sp.
Asaphellus sp.,Cystoidea?/undet. Cystoidea
Asaphellus sp.,Argodiscus espilezorum
Asaphellus sp.,Anedriophus moroccoensis
Asaphellus sp.,Rhenopyrgid indet.
Asaphellus sp.,Ampelocarpus sp.
Asaphellus sp.,Amygdalotheca griffei
Asaphellus sp.,Anatifopsis escandei
Asaphellus sp.,Anatifopsis trapeziiformis
Asaphellus sp.,Anatifopsis sp.
Asaphellus sp.,"Anomalocystid n. gen., n. sp. "
Asaphellus sp.,Aspidocarpus sp.
Asaphellus sp.,Arauricystis? sp.
Asaphellus sp.,Balanocystites primus
Asaphellus sp.,Bohemiaecystis
Asaphellus sp.,Chauvelicystis ubaghsi
Asaphellus sp.,Chauvelicystis spinosa
Asaphellus sp.,Chauvelicystis vizcainoi
Asaphellus sp.,Chauvelicystis sp.
Asaphellus sp.,"Chauvelicystid n. gen., n. sp. 1"
Asaphellus sp.,"Chauvelicystid n. gen., n. sp. 2"
Asaphellus sp.,Chinianocarpos sp.
Asaphellus sp.,"Cornuta n. gen. 1, n. sp."
Asaphellus sp.,"Cornuta n. gen. 2, n. sp."
Asaphellus sp.,Flabellicarpus rushtoni
Asaphellus sp.,Flabellicarpus?
Asaphellus sp.,Galliaecystis n. sp.
Asaphellus sp.,Galliaecystis ubaghsi
Asaphellus sp.,Hanusia n. sp.
Asaphellus sp.,Lagynocystis pyramidalis
Asaphellus sp.,Kirkocystidae?
Asaphellus sp.,Lyricocarpus courtessolei
Asaphellus sp.,Milonicystis sp.
Asaphellus sp.,Mitrocystitid indet. cf. Ovocarpus
Asaphellus sp.,Nanocarpus cf. dolambii
Asaphellus sp.,Phyllocystis blayaci
Asaphellus sp.,Phyllocystis sp.
Asaphellus sp.,Procothurnocystis n. sp.
Asaphellus sp.,Prokopicystis sp.
Asaphellus sp.,Thoralicystis zagoraensis
Asaphellus sp.,Thoralicystis n. sp.
Asaphellus sp.,Vizcainocarpus sp.
Asaphellus sp.,Cothurnocystid indetl.
Asaphellus sp.,Hanusiid indet.
Asaphellus sp.,Peltocystis cornuta
Asaphellus sp.,Scotiaevystis? sp.
Asaphellus sp.,Macrocystella sp.
Asaphellus sp.,Macrocystella bohemica
Asaphellus sp.,Macrocystella cf. mariae
Asaphellus sp.,Macrocystella tasseftensis
Asaphellus sp.,undet. Ophiuroidea
Asaphellus sp.,Didymograptus cf. arcuatus
Asaphellus sp.,Didymograptus deflexus
Asaphellus sp.,Didymograptus extensus
Asaphellus sp.,Didymograptus v-fractus
Asaphellus sp.,Didymograptus intendus
Asaphellus sp.,Didymograptus pennatulus
Asaphellus sp.,Didymograptus nanus
Asaphellus sp.,Didymograptus nitidus
Asaphellus sp.,Didymograptus patulus
Asaphellus sp.,Didymograptus sparsus
Asaphellus sp.,"""Didymograptus sp. 1"""
Asaphellus sp.,Didymograptus sp.
Asaphellus sp.,Didymograptid indet.
Asaphellus sp.,Koremagraptus sp.
Asaphellus sp.,Dictyonema sp.
Asaphellus sp.,Tuboid
Asaphellus sp.,?Cymatograptus protobalticus
Asaphellus sp.,Webbyites felix
Asaphellus sp.,Rhabdopleura-like epibiont
Asaphellus sp.,Hyolithes sp.
Asaphellus sp.,Pauxillites thaddei
Asaphopsis sp.,Benthic detritus
Asaphopsis sp.,Ranorthis fasciata
Asaphopsis sp.,undet. Athyridida
Asaphopsis sp.,Acrothele sp.
Asaphopsis sp.,Plectorthis simplex
Asaphopsis sp.,Angusticardinia sp.
Asaphopsis sp.,Lingula salteri
Asaphopsis sp.,Orbithele vana
Asaphopsis sp.,Paurorthis tadristensis
Asaphopsis sp.,Tarfaya marocana
Asaphopsis sp.,Wosekella sp.
Asaphopsis sp.,Monobolina sp.
Asaphopsis sp.,Elliptoglossa sp.
Asaphopsis sp.,Celdobolus sp.
Asaphopsis sp.,Discinoidea?
Asaphopsis sp.,undet. Dalmanelloidea
Asaphopsis sp.,Bryozoan
Asaphopsis sp.,Babinka prima
Asaphopsis sp.,Ctenodonta escosurae
Asaphopsis sp.,Praenucula sp.
Asaphopsis sp.,Redonia michelae
Asaphopsis sp.,Coxiconchia guiraudi
Asaphopsis sp.,Alococoncha?
Asaphopsis sp.,Cardiolaria? sp.
Asaphopsis sp.,Cienagomya? sp.
Asaphopsis sp.,Ekaterodonta courtessolei
Asaphopsis sp.,Glyptarca sp.
Asaphopsis sp.,Pelecyogyra fezouataensis
Asaphopsis sp.,Sinuites sp.
Asaphopsis sp.,Lesueurilla prima
Asaphopsis sp.,undet. Platyceratoidea
Asaphopsis sp.,undet. Monoplacophora
Asaphopsis sp.,Thoralispira? cf. occitana
Asaphopsis sp.,Carcassonnella courtessolei
Asaphopsis sp.,Carcassonnella vizcainoi
Asaphopsis sp.,Carcassonnella sp.
Asaphopsis sp.,Ribeiria sp.
Asaphopsis sp.,Tolmachovia?
Asaphopsis sp.,Wiwaxiid
Asaphopsis sp.,Halkieriid
Asaphopsis sp.,Helcionelloid
Asaphopsis sp.,Calvapilosa kroegeri
Asaphopsis sp.,Possible phyllodocid
Asaphopsis sp.,Palaeoscolex cf. tenensis
Asaphopsis sp.,Priapulid
Asaphopsis sp.,Large taxon with spinose limbs
Asaphopsis sp.,Small taxon with spinose limbs
Asaphopsis sp.,Armoured lobopodian 1
Asaphopsis sp.,Armoured lobopodian 2
Asaphopsis sp.,Armoured lobopodian 3
Asaphopsis sp.,Diania-like lobopodian
Asaphopsis sp.,Furca sp. 1
Asaphopsis sp.,Furca sp. 2
Asaphopsis sp.,Furca sp. 3
Asaphopsis sp.,Enosiaspis hrungnir
Asaphopsis sp.,Possible waptiid
Asaphopsis sp., 'Synziphosurine'/Synziphosurina?
Asaphopsis sp.,Chasmataspidid
Asaphopsis sp.,Possible pycnogonid
Asaphopsis sp.,Possible retifaciid
Asaphopsis sp.,Tariccoia tazagurtensis
Asaphopsis sp.,Chlupacaris? sp.
Asaphopsis sp.,Cheloniellid
Asaphopsis sp.,Phyllocarid
Asaphopsis sp.,Ostracod
Asaphopsis sp.,Lepadomorph barnacle
Asaphopsis sp.,Eoduslia
Asaphopsis sp.,Apatokephalus cf. incisus
Asaphopsis sp.,undet. Dikelocephalidae
Asaphopsis sp.,undet. Illaenacea
Asaphopsis sp.,Orometopus sp.
Asaphopsis sp.,Cnemidopyge sp.
Asaphopsis sp.,Parvilichas marochii
Asaphopsis sp.,Selenopeltis sp. 1
Asaphopsis sp.,Selenopeltis sp. 2
Asaphopsis sp.,Foulonia peregrina
Asaphopsis sp.,Foulonia sp.
Asaphopsis sp.,Toletanaspis aff. borni
Asaphopsis sp.,undet. Dalmanitacea
Asaphopsis sp.,Bathycheilus gallicus
Asaphopsis sp.,Bavarilla aff. zemmourensis
Asaphopsis sp.,Bavarilla zemmourensis
Asaphopsis sp.,Bavarilla sp.
Asaphopsis sp.,Colpocoryphe thorali
Asaphopsis sp.,Colpocoryphe pradesensis
Asaphopsis sp.,Pharostoma sp.
Asaphopsis sp.,Pharostomina sp. 
Asaphopsis sp.,Agerina quadrata
Asaphopsis sp.,Geragnostus aff. occitanus
Asaphopsis sp.,Geragnostus sp.
Asaphopsis sp.,Beltella sp.
Asaphopsis sp.,Ampyx priscus
Asaphopsis sp.,Ampyx cf. priscus
Asaphopsis sp.,Ceraurinella? sp.
Asaphopsis sp.,Platycoryphe sp.
Asaphopsis sp.,Parabathycheilus gallicus
Asaphopsis sp.,Proetidae?
Asaphopsis sp.,undet. Trinucleidae
Asaphopsis sp.,Eoharpes sp.
Asaphopsis sp.,Nileus deynouxi
Asaphopsis sp.,Hospes sp.
Asaphopsis sp.,Ogygiocaris sp.
Asaphopsis sp.,Pterygometopus sp.
Asaphopsis sp.,Iberocoryphe sp.
Asaphopsis sp.,cf. Niobella sp.
Asaphopsis sp.,Somasteroid indet. n. sp. 1
Asaphopsis sp.,Somasteroid indet. n. sp. 2
Asaphopsis sp.,Somasteroid indet. n. sp. 3
Asaphopsis sp.,Somasteroid indet.
Asaphopsis sp.,undet. Asteroidea
Asaphopsis sp.,Palaeosphaeronites sp.
Asaphopsis sp.,Palaeosphaeronites? prokopi
Asaphopsis sp.,Aristocystites cf. bohemicus (sinuous?)
Asaphopsis sp.,Aristocystites sp.
Asaphopsis sp.,Balantiocystis regnelli
Asaphopsis sp.,Balantiocystis sp.
Asaphopsis sp.,Rhopalocystis sp.
Asaphopsis sp.,Rhopalocystis dehirensis
Asaphopsis sp.,Rhopalocystis destombesi
Asaphopsis sp.,Rhopalocystis fraga
Asaphopsis sp.,Rhopalocystis grandis
Asaphopsis sp.,Rhopalocystis havliceki
Asaphopsis sp.,Rhopalocystis lehmani
Asaphopsis sp.,Rhopalocystis zagoraensis
Asaphopsis sp.,Rhopalocystis sp. A
Asaphopsis sp.,Rhopalocystis sp. B
Asaphopsis sp.,Rhopalocystis sp. C
Asaphopsis sp.,cf. Rhopalocystis
Asaphopsis sp.,Lingulocystis aff. deani
Asaphopsis sp.,Lingulocystis elongata
Asaphopsis sp.,cf. Pareocrinus
Asaphopsis sp.,Eocrinoidea indet. sp. 1
Asaphopsis sp.,Eocrinoidea indet. sp. 2
Asaphopsis sp.,Eocrinoidea indet.
Asaphopsis sp.,Ramseyocrinus sp.
Asaphopsis sp.,Crinoid 2
Asaphopsis sp.,Aethocrinus cf. moorei
Asaphopsis sp.,Iocrinus n. sp.
Asaphopsis sp.,Cystoidea?/undet. Cystoidea
Asaphopsis sp.,Argodiscus espilezorum
Asaphopsis sp.,Anedriophus moroccoensis
Asaphopsis sp.,Rhenopyrgid indet.
Asaphopsis sp.,Ampelocarpus sp.
Asaphopsis sp.,Amygdalotheca griffei
Asaphopsis sp.,Anatifopsis escandei
Asaphopsis sp.,Anatifopsis trapeziiformis
Asaphopsis sp.,Anatifopsis sp.
Asaphopsis sp.,"Anomalocystid n. gen., n. sp. "
Asaphopsis sp.,Aspidocarpus sp.
Asaphopsis sp.,Arauricystis? sp.
Asaphopsis sp.,Balanocystites primus
Asaphopsis sp.,Bohemiaecystis
Asaphopsis sp.,Chauvelicystis ubaghsi
Asaphopsis sp.,Chauvelicystis spinosa
Asaphopsis sp.,Chauvelicystis vizcainoi
Asaphopsis sp.,Chauvelicystis sp.
Asaphopsis sp.,"Chauvelicystid n. gen., n. sp. 1"
Asaphopsis sp.,"Chauvelicystid n. gen., n. sp. 2"
Asaphopsis sp.,Chinianocarpos sp.
Asaphopsis sp.,"Cornuta n. gen. 1, n. sp."
Asaphopsis sp.,"Cornuta n. gen. 2, n. sp."
Asaphopsis sp.,Flabellicarpus rushtoni
Asaphopsis sp.,Flabellicarpus?
Asaphopsis sp.,Galliaecystis n. sp.
Asaphopsis sp.,Galliaecystis ubaghsi
Asaphopsis sp.,Hanusia n. sp.
Asaphopsis sp.,Lagynocystis pyramidalis
Asaphopsis sp.,Kirkocystidae?
Asaphopsis sp.,Lyricocarpus courtessolei
Asaphopsis sp.,Milonicystis sp.
Asaphopsis sp.,Mitrocystitid indet. cf. Ovocarpus
Asaphopsis sp.,Nanocarpus cf. dolambii
Asaphopsis sp.,Phyllocystis blayaci
Asaphopsis sp.,Phyllocystis sp.
Asaphopsis sp.,Procothurnocystis n. sp.
Asaphopsis sp.,Prokopicystis sp.
Asaphopsis sp.,Thoralicystis zagoraensis
Asaphopsis sp.,Thoralicystis n. sp.
Asaphopsis sp.,Vizcainocarpus sp.
Asaphopsis sp.,Cothurnocystid indetl.
Asaphopsis sp.,Hanusiid indet.
Asaphopsis sp.,Peltocystis cornuta
Asaphopsis sp.,Scotiaevystis? sp.
Asaphopsis sp.,Macrocystella sp.
Asaphopsis sp.,Macrocystella bohemica
Asaphopsis sp.,Macrocystella cf. mariae
Asaphopsis sp.,Macrocystella tasseftensis
Asaphopsis sp.,undet. Ophiuroidea
Asaphopsis sp.,Didymograptus cf. arcuatus
Asaphopsis sp.,Didymograptus deflexus
Asaphopsis sp.,Didymograptus extensus
Asaphopsis sp.,Didymograptus v-fractus
Asaphopsis sp.,Didymograptus intendus
Asaphopsis sp.,Didymograptus pennatulus
Asaphopsis sp.,Didymograptus nanus
Asaphopsis sp.,Didymograptus nitidus
Asaphopsis sp.,Didymograptus patulus
Asaphopsis sp.,Didymograptus sparsus
Asaphopsis sp.,"""Didymograptus sp. 1"""
Asaphopsis sp.,Didymograptus sp.
Asaphopsis sp.,Didymograptid indet.
Asaphopsis sp.,Koremagraptus sp.
Asaphopsis sp.,Dictyonema sp.
Asaphopsis sp.,Tuboid
Asaphopsis sp.,?Cymatograptus protobalticus
Asaphopsis sp.,Webbyites felix
Asaphopsis sp.,Rhabdopleura-like epibiont
Asaphopsis sp.,Gamalites? sp.
Asaphopsis sp.,Gompholites sp.
Asaphopsis sp.,Hyolithes sp.
Asaphopsis sp.,Pauxillites thaddei
Basilicus (Basiliella?) destombesi,Benthic detritus
Basilicus (Basiliella?) destombesi,Ranorthis fasciata
Basilicus (Basiliella?) destombesi,undet. Athyridida
Basilicus (Basiliella?) destombesi,Acrothele sp.
Basilicus (Basiliella?) destombesi,Plectorthis simplex
Basilicus (Basiliella?) destombesi,Angusticardinia sp.
Basilicus (Basiliella?) destombesi,Lingula salteri
Basilicus (Basiliella?) destombesi,Orbithele vana
Basilicus (Basiliella?) destombesi,Paurorthis tadristensis
Basilicus (Basiliella?) destombesi,Tarfaya marocana
Basilicus (Basiliella?) destombesi,Wosekella sp.
Basilicus (Basiliella?) destombesi,Monobolina sp.
Basilicus (Basiliella?) destombesi,Elliptoglossa sp.
Basilicus (Basiliella?) destombesi,Celdobolus sp.
Basilicus (Basiliella?) destombesi,Discinoidea?
Basilicus (Basiliella?) destombesi,undet. Dalmanelloidea
Basilicus (Basiliella?) destombesi,Babinka prima
Basilicus (Basiliella?) destombesi,Ctenodonta escosurae
Basilicus (Basiliella?) destombesi,Praenucula sp.
Basilicus (Basiliella?) destombesi,Redonia michelae
Basilicus (Basiliella?) destombesi,Alococoncha?
Basilicus (Basiliella?) destombesi,Cardiolaria? sp.
Basilicus (Basiliella?) destombesi,Pelecyogyra fezouataensis
Basilicus (Basiliella?) destombesi,Sinuites sp.
Basilicus (Basiliella?) destombesi,Lesueurilla prima
Basilicus (Basiliella?) destombesi,undet. Platyceratoidea
Basilicus (Basiliella?) destombesi,undet. Monoplacophora
Basilicus (Basiliella?) destombesi,Thoralispira laevis
Basilicus (Basiliella?) destombesi,Thoralispira? cf. occitana
Basilicus (Basiliella?) destombesi,Ribeiria sp.
Basilicus (Basiliella?) destombesi,Tolmachovia?
Basilicus (Basiliella?) destombesi,Wiwaxiid
Basilicus (Basiliella?) destombesi,Halkieriid
Basilicus (Basiliella?) destombesi,Helcionelloid
Basilicus (Basiliella?) destombesi,Calvapilosa kroegeri
Basilicus (Basiliella?) destombesi,Plumulites bengtsoni
Basilicus (Basiliella?) destombesi,Large plumulitid
Basilicus (Basiliella?) destombesi,Possible phyllodocid
Basilicus (Basiliella?) destombesi,Palaeoscolex cf. tenensis
Basilicus (Basiliella?) destombesi,Priapulid
Basilicus (Basiliella?) destombesi,Large taxon with spinose limbs
Basilicus (Basiliella?) destombesi,Small taxon with spinose limbs
Basilicus (Basiliella?) destombesi,Armoured lobopodian 1
Basilicus (Basiliella?) destombesi,Armoured lobopodian 2
Basilicus (Basiliella?) destombesi,Armoured lobopodian 3
Basilicus (Basiliella?) destombesi,Diania-like lobopodian
Basilicus (Basiliella?) destombesi,Furca sp. 1
Basilicus (Basiliella?) destombesi,Furca sp. 2
Basilicus (Basiliella?) destombesi,Furca sp. 3
Basilicus (Basiliella?) destombesi,Marrella sp.
Basilicus (Basiliella?) destombesi,Enosiaspis hrungnir
Basilicus (Basiliella?) destombesi,Possible waptiid
Basilicus (Basiliella?) destombesi,Chasmataspidid
Basilicus (Basiliella?) destombesi,Possible pycnogonid
Basilicus (Basiliella?) destombesi,Xiphosurid
Basilicus (Basiliella?) destombesi,Possible retifaciid
Basilicus (Basiliella?) destombesi,Chlupacaris? sp.
Basilicus (Basiliella?) destombesi,Tremaglaspis sp.
Basilicus (Basiliella?) destombesi,Brachyaglaspis singularis
Basilicus (Basiliella?) destombesi,Cheloniellid
Basilicus (Basiliella?) destombesi,Phyllocarid
Basilicus (Basiliella?) destombesi,Lepadomorph barnacle
Basilicus (Basiliella?) destombesi,Eoduslia
Basilicus (Basiliella?) destombesi,Asaphellus fezouataensis 
Basilicus (Basiliella?) destombesi,Asaphellus sp aff. jujuanus
Basilicus (Basiliella?) destombesi,Asaphellus tataensis
Basilicus (Basiliella?) destombesi,Asaphellus sp.
Basilicus (Basiliella?) destombesi,Kierarges morrisoni
Basilicus (Basiliella?) destombesi,Playpeltoides carmenae
Basilicus (Basiliella?) destombesi,Symphysurus sicardi
Basilicus (Basiliella?) destombesi,Symphysurus ebbestadi
Basilicus (Basiliella?) destombesi,Symphysurus sp.
Basilicus (Basiliella?) destombesi,Apatokephalus cf. incisus
Basilicus (Basiliella?) destombesi,Orometopus sp.
Basilicus (Basiliella?) destombesi,Cnemidopyge sp.
Basilicus (Basiliella?) destombesi,Parvilichas marochii
Basilicus (Basiliella?) destombesi,Selenopeltis aff. Gallica
Basilicus (Basiliella?) destombesi,Selenopeltis binodosa
Basilicus (Basiliella?) destombesi,Selenopeltis sp. 1
Basilicus (Basiliella?) destombesi,Selenopeltis sp. 2
Basilicus (Basiliella?) destombesi,Harpides sp.
Basilicus (Basiliella?) destombesi,Foulonia peregrina
Basilicus (Basiliella?) destombesi,Foulonia sp.
Basilicus (Basiliella?) destombesi,Toletanaspis aff. borni
Basilicus (Basiliella?) destombesi,undet. Dalmanitacea
Basilicus (Basiliella?) destombesi,Bathycheilus gallicus
Basilicus (Basiliella?) destombesi,Bavarilla aff. zemmourensis
Basilicus (Basiliella?) destombesi,Bavarilla zemmourensis
Basilicus (Basiliella?) destombesi,Bavarilla sp.
Basilicus (Basiliella?) destombesi,Colpocoryphe thorali
Basilicus (Basiliella?) destombesi,Colpocoryphe pradesensis
Basilicus (Basiliella?) destombesi,Colpocoryphe sp.
Basilicus (Basiliella?) destombesi,Pharostoma sp.
Basilicus (Basiliella?) destombesi,Pharostomina sp. 
Basilicus (Basiliella?) destombesi,Prionocheilus aff. languedocensis
Basilicus (Basiliella?) destombesi,Prionocheilus sp.
Basilicus (Basiliella?) destombesi,Agerina quadrata
Basilicus (Basiliella?) destombesi,Euloma sp.
Basilicus (Basiliella?) destombesi,Beltella sp.
Basilicus (Basiliella?) destombesi,Ampyx priscus
Basilicus (Basiliella?) destombesi,Ampyx cf. priscus
Basilicus (Basiliella?) destombesi,Ceraurinella? sp.
Basilicus (Basiliella?) destombesi,Megalaspidella sp.
Basilicus (Basiliella?) destombesi,Megistaspis (Ekeraspis) sp. indet.
Basilicus (Basiliella?) destombesi,Platycoryphe sp.
Basilicus (Basiliella?) destombesi,Parabathycheilus gallicus
Basilicus (Basiliella?) destombesi,Anacheirurus adserai
Basilicus (Basiliella?) destombesi,Eoharpes sp.
Basilicus (Basiliella?) destombesi,Nileus deynouxi
Basilicus (Basiliella?) destombesi,Hospes sp.
Basilicus (Basiliella?) destombesi,Ogygiocaris sp.
Basilicus (Basiliella?) destombesi,Ormathops clariondi
Basilicus (Basiliella?) destombesi,Pterygometopus sp.
Basilicus (Basiliella?) destombesi,Megalaspides? sp.
Basilicus (Basiliella?) destombesi,Iberocoryphe sp.
Basilicus (Basiliella?) destombesi,cf. Niobella sp.
Basilicus (Basiliella?) destombesi,Somasteroid indet. n. sp. 1
Basilicus (Basiliella?) destombesi,Somasteroid indet. n. sp. 2
Basilicus (Basiliella?) destombesi,Somasteroid indet. n. sp. 3
Basilicus (Basiliella?) destombesi,Somasteroid indet.
Basilicus (Basiliella?) destombesi,undet. Asteroidea
Basilicus (Basiliella?) destombesi,undet. Stelleroidea
Basilicus (Basiliella?) destombesi,Villebrunaster fezouataensis
Basilicus (Basiliella?) destombesi,Palaeosphaeronites sp.
Basilicus (Basiliella?) destombesi,Palaeosphaeronites? prokopi
Basilicus (Basiliella?) destombesi,Aristocystites cf. bohemicus (sinuous?)
Basilicus (Basiliella?) destombesi,Aristocystites sp.
Basilicus (Basiliella?) destombesi,Ascocystites? sp.
Basilicus (Basiliella?) destombesi,Balantiocystis regnelli
Basilicus (Basiliella?) destombesi,Balantiocystis sp.
Basilicus (Basiliella?) destombesi,Rhopalocystis sp.
Basilicus (Basiliella?) destombesi,Rhopalocystis dehirensis
Basilicus (Basiliella?) destombesi,Rhopalocystis destombesi
Basilicus (Basiliella?) destombesi,Rhopalocystis fraga
Basilicus (Basiliella?) destombesi,Rhopalocystis grandis
Basilicus (Basiliella?) destombesi,Rhopalocystis havliceki
Basilicus (Basiliella?) destombesi,Rhopalocystis lehmani
Basilicus (Basiliella?) destombesi,Rhopalocystis zagoraensis
Basilicus (Basiliella?) destombesi,Rhopalocystis sp. A
Basilicus (Basiliella?) destombesi,Rhopalocystis sp. B
Basilicus (Basiliella?) destombesi,Rhopalocystis sp. C
Basilicus (Basiliella?) destombesi,cf. Rhopalocystis
Basilicus (Basiliella?) destombesi,Lingulocystis aff. deani
Basilicus (Basiliella?) destombesi,Lingulocystis elongata
Basilicus (Basiliella?) destombesi,cf. Pareocrinus
Basilicus (Basiliella?) destombesi,Eocrinoidea indet. sp. 1
Basilicus (Basiliella?) destombesi,Eocrinoidea indet. sp. 2
Basilicus (Basiliella?) destombesi,Eocrinoidea indet.
Basilicus (Basiliella?) destombesi,Ramseyocrinus sp.
Basilicus (Basiliella?) destombesi,Crinoid 2
Basilicus (Basiliella?) destombesi,Aethocrinus cf. moorei
Basilicus (Basiliella?) destombesi,Iocrinus n. sp.
Basilicus (Basiliella?) destombesi,Cystoidea?/undet. Cystoidea
Basilicus (Basiliella?) destombesi,Argodiscus espilezorum
Basilicus (Basiliella?) destombesi,Anedriophus moroccoensis
Basilicus (Basiliella?) destombesi,Rhenopyrgid indet.
Basilicus (Basiliella?) destombesi,Ampelocarpus sp.
Basilicus (Basiliella?) destombesi,Amygdalotheca griffei
Basilicus (Basiliella?) destombesi,Anatifopsis escandei
Basilicus (Basiliella?) destombesi,Anatifopsis trapeziiformis
Basilicus (Basiliella?) destombesi,Anatifopsis sp.
Basilicus (Basiliella?) destombesi,"Anomalocystid n. gen., n. sp. "
Basilicus (Basiliella?) destombesi,Aspidocarpus sp.
Basilicus (Basiliella?) destombesi,Arauricystis? sp.
Basilicus (Basiliella?) destombesi,Balanocystites primus
Basilicus (Basiliella?) destombesi,Bohemiaecystis
Basilicus (Basiliella?) destombesi,Chauvelicystis ubaghsi
Basilicus (Basiliella?) destombesi,Chauvelicystis spinosa
Basilicus (Basiliella?) destombesi,Chauvelicystis vizcainoi
Basilicus (Basiliella?) destombesi,Chauvelicystis sp.
Basilicus (Basiliella?) destombesi,"Chauvelicystid n. gen., n. sp. 1"
Basilicus (Basiliella?) destombesi,"Chauvelicystid n. gen., n. sp. 2"
Basilicus (Basiliella?) destombesi,Chinianocarpos sp.
Basilicus (Basiliella?) destombesi,"Cornuta n. gen. 1, n. sp."
Basilicus (Basiliella?) destombesi,"Cornuta n. gen. 2, n. sp."
Basilicus (Basiliella?) destombesi,Flabellicarpus rushtoni
Basilicus (Basiliella?) destombesi,Flabellicarpus?
Basilicus (Basiliella?) destombesi,Galliaecystis n. sp.
Basilicus (Basiliella?) destombesi,Galliaecystis ubaghsi
Basilicus (Basiliella?) destombesi,Hanusia n. sp.
Basilicus (Basiliella?) destombesi,Lagynocystis pyramidalis
Basilicus (Basiliella?) destombesi,Lyricocarpus courtessolei
Basilicus (Basiliella?) destombesi,Milonicystis sp.
Basilicus (Basiliella?) destombesi,Mitrocystitid indet. cf. Ovocarpus
Basilicus (Basiliella?) destombesi,Nanocarpus cf. dolambii
Basilicus (Basiliella?) destombesi,Phyllocystis blayaci
Basilicus (Basiliella?) destombesi,Phyllocystis sp.
Basilicus (Basiliella?) destombesi,Procothurnocystis n. sp.
Basilicus (Basiliella?) destombesi,Prokopicystis sp.
Basilicus (Basiliella?) destombesi,Thoralicystis zagoraensis
Basilicus (Basiliella?) destombesi,Thoralicystis n. sp.
Basilicus (Basiliella?) destombesi,Vizcainocarpus sp.
Basilicus (Basiliella?) destombesi,Cothurnocystid indetl.
Basilicus (Basiliella?) destombesi,Hanusiid indet.
Basilicus (Basiliella?) destombesi,Peltocystis cornuta
Basilicus (Basiliella?) destombesi,Scotiaevystis? sp.
Basilicus (Basiliella?) destombesi,Macrocystella sp.
Basilicus (Basiliella?) destombesi,Macrocystella bohemica
Basilicus (Basiliella?) destombesi,Macrocystella cf. mariae
Basilicus (Basiliella?) destombesi,Macrocystella tasseftensis
Basilicus (Basiliella?) destombesi,cf. Castericystis
Basilicus (Basiliella?) destombesi,cf. Minervaecystis
Basilicus (Basiliella?) destombesi,Plasiacystis mobilis
Basilicus (Basiliella?) destombesi,Plasiacystis sp.
Basilicus (Basiliella?) destombesi,Nimchacystis agterbosi
Basilicus (Basiliella?) destombesi,undet. Ophiuroidea
Basilicus (Basiliella?) destombesi,Elegantilites sp.
Basilicus (Basiliella?) destombesi,Gamalites? sp.
Basilicus (Basiliella?) destombesi,Gompholites sp.
Basilicus (Basiliella?) destombesi,Nephrotheca sp.
Basilicus (Basiliella?) destombesi,Hyolithes sp.
Basilicus (Basiliella?) destombesi,Pauxillites thaddei
Basilicus (Basiliella?) destombesi,Pauxillites sp.
Basilicus (Basiliella?) aff. destombesi,Benthic detritus
Basilicus (Basiliella?) aff. destombesi,Ranorthis fasciata
Basilicus (Basiliella?) aff. destombesi,undet. Athyridida
Basilicus (Basiliella?) aff. destombesi,Acrothele sp.
Basilicus (Basiliella?) aff. destombesi,Plectorthis simplex
Basilicus (Basiliella?) aff. destombesi,Angusticardinia sp.
Basilicus (Basiliella?) aff. destombesi,Lingula salteri
Basilicus (Basiliella?) aff. destombesi,Orbithele vana
Basilicus (Basiliella?) aff. destombesi,Paurorthis tadristensis
Basilicus (Basiliella?) aff. destombesi,Tarfaya marocana
Basilicus (Basiliella?) aff. destombesi,Wosekella sp.
Basilicus (Basiliella?) aff. destombesi,Monobolina sp.
Basilicus (Basiliella?) aff. destombesi,Elliptoglossa sp.
Basilicus (Basiliella?) aff. destombesi,Celdobolus sp.
Basilicus (Basiliella?) aff. destombesi,Discinoidea?
Basilicus (Basiliella?) aff. destombesi,undet. Dalmanelloidea
Basilicus (Basiliella?) aff. destombesi,Babinka prima
Basilicus (Basiliella?) aff. destombesi,Ctenodonta escosurae
Basilicus (Basiliella?) aff. destombesi,Praenucula sp.
Basilicus (Basiliella?) aff. destombesi,Redonia michelae
Basilicus (Basiliella?) aff. destombesi,Alococoncha?
Basilicus (Basiliella?) aff. destombesi,Cardiolaria? sp.
Basilicus (Basiliella?) aff. destombesi,Pelecyogyra fezouataensis
Basilicus (Basiliella?) aff. destombesi,Sinuites sp.
Basilicus (Basiliella?) aff. destombesi,Lesueurilla prima
Basilicus (Basiliella?) aff. destombesi,undet. Platyceratoidea
Basilicus (Basiliella?) aff. destombesi,undet. Monoplacophora
Basilicus (Basiliella?) aff. destombesi,Thoralispira laevis
Basilicus (Basiliella?) aff. destombesi,Thoralispira? cf. occitana
Basilicus (Basiliella?) aff. destombesi,Ribeiria sp.
Basilicus (Basiliella?) aff. destombesi,Tolmachovia?
Basilicus (Basiliella?) aff. destombesi,Wiwaxiid
Basilicus (Basiliella?) aff. destombesi,Halkieriid
Basilicus (Basiliella?) aff. destombesi,Helcionelloid
Basilicus (Basiliella?) aff. destombesi,Calvapilosa kroegeri
Basilicus (Basiliella?) aff. destombesi,Plumulites bengtsoni
Basilicus (Basiliella?) aff. destombesi,Large plumulitid
Basilicus (Basiliella?) aff. destombesi,Possible phyllodocid
Basilicus (Basiliella?) aff. destombesi,Palaeoscolex cf. tenensis
Basilicus (Basiliella?) aff. destombesi,Priapulid
Basilicus (Basiliella?) aff. destombesi,Large taxon with spinose limbs
Basilicus (Basiliella?) aff. destombesi,Small taxon with spinose limbs
Basilicus (Basiliella?) aff. destombesi,Armoured lobopodian 1
Basilicus (Basiliella?) aff. destombesi,Armoured lobopodian 2
Basilicus (Basiliella?) aff. destombesi,Armoured lobopodian 3
Basilicus (Basiliella?) aff. destombesi,Diania-like lobopodian
Basilicus (Basiliella?) aff. destombesi,Furca sp. 1
Basilicus (Basiliella?) aff. destombesi,Furca sp. 2
Basilicus (Basiliella?) aff. destombesi,Furca sp. 3
Basilicus (Basiliella?) aff. destombesi,Marrella sp.
Basilicus (Basiliella?) aff. destombesi,Enosiaspis hrungnir
Basilicus (Basiliella?) aff. destombesi,Possible waptiid
Basilicus (Basiliella?) aff. destombesi,Chasmataspidid
Basilicus (Basiliella?) aff. destombesi,Possible pycnogonid
Basilicus (Basiliella?) aff. destombesi,Xiphosurid
Basilicus (Basiliella?) aff. destombesi,Possible retifaciid
Basilicus (Basiliella?) aff. destombesi,Chlupacaris? sp.
Basilicus (Basiliella?) aff. destombesi,Tremaglaspis sp.
Basilicus (Basiliella?) aff. destombesi,Brachyaglaspis singularis
Basilicus (Basiliella?) aff. destombesi,Cheloniellid
Basilicus (Basiliella?) aff. destombesi,Phyllocarid
Basilicus (Basiliella?) aff. destombesi,Lepadomorph barnacle
Basilicus (Basiliella?) aff. destombesi,Eoduslia
Basilicus (Basiliella?) aff. destombesi,Asaphellus fezouataensis 
Basilicus (Basiliella?) aff. destombesi,Asaphellus sp aff. jujuanus
Basilicus (Basiliella?) aff. destombesi,Asaphellus tataensis
Basilicus (Basiliella?) aff. destombesi,Asaphellus sp.
Basilicus (Basiliella?) aff. destombesi,Kierarges morrisoni
Basilicus (Basiliella?) aff. destombesi,Playpeltoides carmenae
Basilicus (Basiliella?) aff. destombesi,Symphysurus sicardi
Basilicus (Basiliella?) aff. destombesi,Symphysurus ebbestadi
Basilicus (Basiliella?) aff. destombesi,Symphysurus sp.
Basilicus (Basiliella?) aff. destombesi,Apatokephalus cf. incisus
Basilicus (Basiliella?) aff. destombesi,Orometopus sp.
Basilicus (Basiliella?) aff. destombesi,Cnemidopyge sp.
Basilicus (Basiliella?) aff. destombesi,Parvilichas marochii
Basilicus (Basiliella?) aff. destombesi,Selenopeltis aff. Gallica
Basilicus (Basiliella?) aff. destombesi,Selenopeltis binodosa
Basilicus (Basiliella?) aff. destombesi,Selenopeltis sp. 1
Basilicus (Basiliella?) aff. destombesi,Selenopeltis sp. 2
Basilicus (Basiliella?) aff. destombesi,Harpides sp.
Basilicus (Basiliella?) aff. destombesi,Foulonia peregrina
Basilicus (Basiliella?) aff. destombesi,Foulonia sp.
Basilicus (Basiliella?) aff. destombesi,Toletanaspis aff. borni
Basilicus (Basiliella?) aff. destombesi,undet. Dalmanitacea
Basilicus (Basiliella?) aff. destombesi,Bathycheilus gallicus
Basilicus (Basiliella?) aff. destombesi,Bavarilla aff. zemmourensis
Basilicus (Basiliella?) aff. destombesi,Bavarilla zemmourensis
Basilicus (Basiliella?) aff. destombesi,Bavarilla sp.
Basilicus (Basiliella?) aff. destombesi,Colpocoryphe thorali
Basilicus (Basiliella?) aff. destombesi,Colpocoryphe pradesensis
Basilicus (Basiliella?) aff. destombesi,Colpocoryphe sp.
Basilicus (Basiliella?) aff. destombesi,Pharostoma sp.
Basilicus (Basiliella?) aff. destombesi,Pharostomina sp. 
Basilicus (Basiliella?) aff. destombesi,Prionocheilus aff. languedocensis
Basilicus (Basiliella?) aff. destombesi,Prionocheilus sp.
Basilicus (Basiliella?) aff. destombesi,Agerina quadrata
Basilicus (Basiliella?) aff. destombesi,Euloma sp.
Basilicus (Basiliella?) aff. destombesi,Beltella sp.
Basilicus (Basiliella?) aff. destombesi,Ampyx priscus
Basilicus (Basiliella?) aff. destombesi,Ampyx cf. priscus
Basilicus (Basiliella?) aff. destombesi,Ceraurinella? sp.
Basilicus (Basiliella?) aff. destombesi,Megalaspidella sp.
Basilicus (Basiliella?) aff. destombesi,Megistaspis (Ekeraspis) sp. indet.
Basilicus (Basiliella?) aff. destombesi,Platycoryphe sp.
Basilicus (Basiliella?) aff. destombesi,Parabathycheilus gallicus
Basilicus (Basiliella?) aff. destombesi,Anacheirurus adserai
Basilicus (Basiliella?) aff. destombesi,Eoharpes sp.
Basilicus (Basiliella?) aff. destombesi,Nileus deynouxi
Basilicus (Basiliella?) aff. destombesi,Hospes sp.
Basilicus (Basiliella?) aff. destombesi,Ogygiocaris sp.
Basilicus (Basiliella?) aff. destombesi,Ormathops clariondi
Basilicus (Basiliella?) aff. destombesi,Pterygometopus sp.
Basilicus (Basiliella?) aff. destombesi,Megalaspides? sp.
Basilicus (Basiliella?) aff. destombesi,Iberocoryphe sp.
Basilicus (Basiliella?) aff. destombesi,cf. Niobella sp.
Basilicus (Basiliella?) aff. destombesi,Somasteroid indet. n. sp. 1
Basilicus (Basiliella?) aff. destombesi,Somasteroid indet. n. sp. 2
Basilicus (Basiliella?) aff. destombesi,Somasteroid indet. n. sp. 3
Basilicus (Basiliella?) aff. destombesi,Somasteroid indet.
Basilicus (Basiliella?) aff. destombesi,undet. Asteroidea
Basilicus (Basiliella?) aff. destombesi,undet. Stelleroidea
Basilicus (Basiliella?) aff. destombesi,Villebrunaster fezouataensis
Basilicus (Basiliella?) aff. destombesi,Palaeosphaeronites sp.
Basilicus (Basiliella?) aff. destombesi,Palaeosphaeronites? prokopi
Basilicus (Basiliella?) aff. destombesi,Aristocystites cf. bohemicus (sinuous?)
Basilicus (Basiliella?) aff. destombesi,Aristocystites sp.
Basilicus (Basiliella?) aff. destombesi,Ascocystites? sp.
Basilicus (Basiliella?) aff. destombesi,Balantiocystis regnelli
Basilicus (Basiliella?) aff. destombesi,Balantiocystis sp.
Basilicus (Basiliella?) aff. destombesi,Rhopalocystis sp.
Basilicus (Basiliella?) aff. destombesi,Rhopalocystis dehirensis
Basilicus (Basiliella?) aff. destombesi,Rhopalocystis destombesi
Basilicus (Basiliella?) aff. destombesi,Rhopalocystis fraga
Basilicus (Basiliella?) aff. destombesi,Rhopalocystis grandis
Basilicus (Basiliella?) aff. destombesi,Rhopalocystis havliceki
Basilicus (Basiliella?) aff. destombesi,Rhopalocystis lehmani
Basilicus (Basiliella?) aff. destombesi,Rhopalocystis zagoraensis
Basilicus (Basiliella?) aff. destombesi,Rhopalocystis sp. A
Basilicus (Basiliella?) aff. destombesi,Rhopalocystis sp. B
Basilicus (Basiliella?) aff. destombesi,Rhopalocystis sp. C
Basilicus (Basiliella?) aff. destombesi,cf. Rhopalocystis
Basilicus (Basiliella?) aff. destombesi,Lingulocystis aff. deani
Basilicus (Basiliella?) aff. destombesi,Lingulocystis elongata
Basilicus (Basiliella?) aff. destombesi,cf. Pareocrinus
Basilicus (Basiliella?) aff. destombesi,Eocrinoidea indet. sp. 1
Basilicus (Basiliella?) aff. destombesi,Eocrinoidea indet. sp. 2
Basilicus (Basiliella?) aff. destombesi,Eocrinoidea indet.
Basilicus (Basiliella?) aff. destombesi,Ramseyocrinus sp.
Basilicus (Basiliella?) aff. destombesi,Crinoid 2
Basilicus (Basiliella?) aff. destombesi,Aethocrinus cf. moorei
Basilicus (Basiliella?) aff. destombesi,Iocrinus n. sp.
Basilicus (Basiliella?) aff. destombesi,Cystoidea?/undet. Cystoidea
Basilicus (Basiliella?) aff. destombesi,Argodiscus espilezorum
Basilicus (Basiliella?) aff. destombesi,Anedriophus moroccoensis
Basilicus (Basiliella?) aff. destombesi,Rhenopyrgid indet.
Basilicus (Basiliella?) aff. destombesi,Ampelocarpus sp.
Basilicus (Basiliella?) aff. destombesi,Amygdalotheca griffei
Basilicus (Basiliella?) aff. destombesi,Anatifopsis escandei
Basilicus (Basiliella?) aff. destombesi,Anatifopsis trapeziiformis
Basilicus (Basiliella?) aff. destombesi,Anatifopsis sp.
Basilicus (Basiliella?) aff. destombesi,"Anomalocystid n. gen., n. sp. "
Basilicus (Basiliella?) aff. destombesi,Aspidocarpus sp.
Basilicus (Basiliella?) aff. destombesi,Arauricystis? sp.
Basilicus (Basiliella?) aff. destombesi,Balanocystites primus
Basilicus (Basiliella?) aff. destombesi,Bohemiaecystis
Basilicus (Basiliella?) aff. destombesi,Chauvelicystis ubaghsi
Basilicus (Basiliella?) aff. destombesi,Chauvelicystis spinosa
Basilicus (Basiliella?) aff. destombesi,Chauvelicystis vizcainoi
Basilicus (Basiliella?) aff. destombesi,Chauvelicystis sp.
Basilicus (Basiliella?) aff. destombesi,"Chauvelicystid n. gen., n. sp. 1"
Basilicus (Basiliella?) aff. destombesi,"Chauvelicystid n. gen., n. sp. 2"
Basilicus (Basiliella?) aff. destombesi,Chinianocarpos sp.
Basilicus (Basiliella?) aff. destombesi,"Cornuta n. gen. 1, n. sp."
Basilicus (Basiliella?) aff. destombesi,"Cornuta n. gen. 2, n. sp."
Basilicus (Basiliella?) aff. destombesi,Flabellicarpus rushtoni
Basilicus (Basiliella?) aff. destombesi,Flabellicarpus?
Basilicus (Basiliella?) aff. destombesi,Galliaecystis n. sp.
Basilicus (Basiliella?) aff. destombesi,Galliaecystis ubaghsi
Basilicus (Basiliella?) aff. destombesi,Hanusia n. sp.
Basilicus (Basiliella?) aff. destombesi,Lagynocystis pyramidalis
Basilicus (Basiliella?) aff. destombesi,Lyricocarpus courtessolei
Basilicus (Basiliella?) aff. destombesi,Milonicystis sp.
Basilicus (Basiliella?) aff. destombesi,Mitrocystitid indet. cf. Ovocarpus
Basilicus (Basiliella?) aff. destombesi,Nanocarpus cf. dolambii
Basilicus (Basiliella?) aff. destombesi,Phyllocystis blayaci
Basilicus (Basiliella?) aff. destombesi,Phyllocystis sp.
Basilicus (Basiliella?) aff. destombesi,Procothurnocystis n. sp.
Basilicus (Basiliella?) aff. destombesi,Prokopicystis sp.
Basilicus (Basiliella?) aff. destombesi,Thoralicystis zagoraensis
Basilicus (Basiliella?) aff. destombesi,Thoralicystis n. sp.
Basilicus (Basiliella?) aff. destombesi,Vizcainocarpus sp.
Basilicus (Basiliella?) aff. destombesi,Cothurnocystid indetl.
Basilicus (Basiliella?) aff. destombesi,Hanusiid indet.
Basilicus (Basiliella?) aff. destombesi,Peltocystis cornuta
Basilicus (Basiliella?) aff. destombesi,Scotiaevystis? sp.
Basilicus (Basiliella?) aff. destombesi,Macrocystella sp.
Basilicus (Basiliella?) aff. destombesi,Macrocystella bohemica
Basilicus (Basiliella?) aff. destombesi,Macrocystella cf. mariae
Basilicus (Basiliella?) aff. destombesi,Macrocystella tasseftensis
Basilicus (Basiliella?) aff. destombesi,cf. Castericystis
Basilicus (Basiliella?) aff. destombesi,cf. Minervaecystis
Basilicus (Basiliella?) aff. destombesi,Plasiacystis mobilis
Basilicus (Basiliella?) aff. destombesi,Plasiacystis sp.
Basilicus (Basiliella?) aff. destombesi,Nimchacystis agterbosi
Basilicus (Basiliella?) aff. destombesi,undet. Ophiuroidea
Basilicus (Basiliella?) aff. destombesi,Elegantilites sp.
Basilicus (Basiliella?) aff. destombesi,Gamalites? sp.
Basilicus (Basiliella?) aff. destombesi,Gompholites sp.
Basilicus (Basiliella?) aff. destombesi,Nephrotheca sp.
Basilicus (Basiliella?) aff. destombesi,Hyolithes sp.
Basilicus (Basiliella?) aff. destombesi,Pauxillites thaddei
Basilicus (Basiliella?) aff. destombesi,Pauxillites sp.
Basilicus (Basiliella?) sp. A,Benthic detritus
Basilicus (Basiliella?) sp. A,Acrothele sp.
Basilicus (Basiliella?) sp. A,Plectorthis simplex
Basilicus (Basiliella?) sp. A,Angusticardinia sp.
Basilicus (Basiliella?) sp. A,Paurorthis tadristensis
Basilicus (Basiliella?) sp. A,Tarfaya marocana
Basilicus (Basiliella?) sp. A,Monobolina sp.
Basilicus (Basiliella?) sp. A,Elliptoglossa sp.
Basilicus (Basiliella?) sp. A,Celdobolus sp.
Basilicus (Basiliella?) sp. A,Discinoidea?
Basilicus (Basiliella?) sp. A,Babinka prima
Basilicus (Basiliella?) sp. A,Redonia michelae
Basilicus (Basiliella?) sp. A,Alococoncha?
Basilicus (Basiliella?) sp. A,Cardiolaria? sp.
Basilicus (Basiliella?) sp. A,Pelecyogyra fezouataensis
Basilicus (Basiliella?) sp. A,Lesueurilla prima
Basilicus (Basiliella?) sp. A,undet. Platyceratoidea
Basilicus (Basiliella?) sp. A,undet. Monoplacophora
Basilicus (Basiliella?) sp. A,Thoralispira laevis
Basilicus (Basiliella?) sp. A,Thoralispira? cf. occitana
Basilicus (Basiliella?) sp. A,Wiwaxiid
Basilicus (Basiliella?) sp. A,Halkieriid
Basilicus (Basiliella?) sp. A,Helcionelloid
Basilicus (Basiliella?) sp. A,Calvapilosa kroegeri
Basilicus (Basiliella?) sp. A,Plumulites bengtsoni
Basilicus (Basiliella?) sp. A,Large plumulitid
Basilicus (Basiliella?) sp. A,Possible phyllodocid
Basilicus (Basiliella?) sp. A,Palaeoscolex cf. tenensis
Basilicus (Basiliella?) sp. A,Priapulid
Basilicus (Basiliella?) sp. A,Large taxon with spinose limbs
Basilicus (Basiliella?) sp. A,Small taxon with spinose limbs
Basilicus (Basiliella?) sp. A,Armoured lobopodian 1
Basilicus (Basiliella?) sp. A,Armoured lobopodian 2
Basilicus (Basiliella?) sp. A,Armoured lobopodian 3
Basilicus (Basiliella?) sp. A,Diania-like lobopodian
Basilicus (Basiliella?) sp. A,Furca sp. 1
Basilicus (Basiliella?) sp. A,Furca sp. 2
Basilicus (Basiliella?) sp. A,Furca sp. 3
Basilicus (Basiliella?) sp. A,Marrella sp.
Basilicus (Basiliella?) sp. A,Possible waptiid
Basilicus (Basiliella?) sp. A,Possible pycnogonid
Basilicus (Basiliella?) sp. A,Xiphosurid
Basilicus (Basiliella?) sp. A,Possible retifaciid
Basilicus (Basiliella?) sp. A,Chlupacaris? sp.
Basilicus (Basiliella?) sp. A,Tremaglaspis sp.
Basilicus (Basiliella?) sp. A,Brachyaglaspis singularis
Basilicus (Basiliella?) sp. A,Cheloniellid
Basilicus (Basiliella?) sp. A,Eoduslia
Basilicus (Basiliella?) sp. A,Asaphellus fezouataensis 
Basilicus (Basiliella?) sp. A,Asaphellus sp aff. jujuanus
Basilicus (Basiliella?) sp. A,Asaphellus tataensis
Basilicus (Basiliella?) sp. A,Asaphellus sp.
Basilicus (Basiliella?) sp. A,Asaphopsis sp.
Basilicus (Basiliella?) sp. A,Kierarges morrisoni
Basilicus (Basiliella?) sp. A,Playpeltoides carmenae
Basilicus (Basiliella?) sp. A,Symphysurus sicardi
Basilicus (Basiliella?) sp. A,Symphysurus ebbestadi
Basilicus (Basiliella?) sp. A,Symphysurus sp.
Basilicus (Basiliella?) sp. A,Apatokephalus cf. incisus
Basilicus (Basiliella?) sp. A,Parvilichas marochii
Basilicus (Basiliella?) sp. A,Selenopeltis aff. Gallica
Basilicus (Basiliella?) sp. A,Selenopeltis binodosa
Basilicus (Basiliella?) sp. A,Selenopeltis sp. 1
Basilicus (Basiliella?) sp. A,Selenopeltis sp. 2
Basilicus (Basiliella?) sp. A,Harpides sp.
Basilicus (Basiliella?) sp. A,Foulonia peregrina
Basilicus (Basiliella?) sp. A,Foulonia sp.
Basilicus (Basiliella?) sp. A,Bavarilla aff. zemmourensis
Basilicus (Basiliella?) sp. A,Bavarilla zemmourensis
Basilicus (Basiliella?) sp. A,Bavarilla sp.
Basilicus (Basiliella?) sp. A,Colpocoryphe thorali
Basilicus (Basiliella?) sp. A,Colpocoryphe sp.
Basilicus (Basiliella?) sp. A,Pharostomina sp. 
Basilicus (Basiliella?) sp. A,Prionocheilus aff. languedocensis
Basilicus (Basiliella?) sp. A,Prionocheilus sp.
Basilicus (Basiliella?) sp. A,Euloma sp.
Basilicus (Basiliella?) sp. A,Ceraurinella? sp.
Basilicus (Basiliella?) sp. A,Megalaspidella sp.
Basilicus (Basiliella?) sp. A,Megistaspis (Ekeraspis) sp. indet.
Basilicus (Basiliella?) sp. A,Neseuretus cf. attenuatus
Basilicus (Basiliella?) sp. A,Neseuretus aff. attenuatus
Basilicus (Basiliella?) sp. A,Platycoryphe sp.
Basilicus (Basiliella?) sp. A,Parabathycheilus gallicus
Basilicus (Basiliella?) sp. A,Anacheirurus adserai
Basilicus (Basiliella?) sp. A,Eoharpes sp.
Basilicus (Basiliella?) sp. A,Ormathops clariondi
Basilicus (Basiliella?) sp. A,Pterygometopus sp.
Basilicus (Basiliella?) sp. A,Megalaspides? sp.
Basilicus (Basiliella?) sp. A,Iberocoryphe sp.
Basilicus (Basiliella?) sp. A,Somasteroid indet. n. sp. 1
Basilicus (Basiliella?) sp. A,Somasteroid indet. n. sp. 2
Basilicus (Basiliella?) sp. A,Somasteroid indet. n. sp. 3
Basilicus (Basiliella?) sp. A,Somasteroid indet.
Basilicus (Basiliella?) sp. A,undet. Stelleroidea
Basilicus (Basiliella?) sp. A,Villebrunaster fezouataensis
Basilicus (Basiliella?) sp. A,Palaeosphaeronites sp.
Basilicus (Basiliella?) sp. A,Palaeosphaeronites? prokopi
Basilicus (Basiliella?) sp. A,Aristocystites cf. bohemicus (sinuous?)
Basilicus (Basiliella?) sp. A,Aristocystites sp.
Basilicus (Basiliella?) sp. A,Ascocystites? sp.
Basilicus (Basiliella?) sp. A,Balantiocystis regnelli
Basilicus (Basiliella?) sp. A,Balantiocystis sp.
Basilicus (Basiliella?) sp. A,Rhopalocystis sp.
Basilicus (Basiliella?) sp. A,Rhopalocystis dehirensis
Basilicus (Basiliella?) sp. A,Rhopalocystis destombesi
Basilicus (Basiliella?) sp. A,Rhopalocystis fraga
Basilicus (Basiliella?) sp. A,Rhopalocystis grandis
Basilicus (Basiliella?) sp. A,Rhopalocystis havliceki
Basilicus (Basiliella?) sp. A,Rhopalocystis lehmani
Basilicus (Basiliella?) sp. A,Rhopalocystis zagoraensis
Basilicus (Basiliella?) sp. A,Rhopalocystis sp. A
Basilicus (Basiliella?) sp. A,Rhopalocystis sp. B
Basilicus (Basiliella?) sp. A,Rhopalocystis sp. C
Basilicus (Basiliella?) sp. A,cf. Rhopalocystis
Basilicus (Basiliella?) sp. A,Lingulocystis aff. deani
Basilicus (Basiliella?) sp. A,Lingulocystis elongata
Basilicus (Basiliella?) sp. A,cf. Pareocrinus
Basilicus (Basiliella?) sp. A,Eocrinoidea indet. sp. 1
Basilicus (Basiliella?) sp. A,Eocrinoidea indet. sp. 2
Basilicus (Basiliella?) sp. A,Eocrinoidea indet.
Basilicus (Basiliella?) sp. A,Ramseyocrinus sp.
Basilicus (Basiliella?) sp. A,Crinoid 2
Basilicus (Basiliella?) sp. A,Aethocrinus cf. moorei
Basilicus (Basiliella?) sp. A,Iocrinus n. sp.
Basilicus (Basiliella?) sp. A,Cystoidea?/undet. Cystoidea
Basilicus (Basiliella?) sp. A,Argodiscus espilezorum
Basilicus (Basiliella?) sp. A,Anedriophus moroccoensis
Basilicus (Basiliella?) sp. A,Rhenopyrgid indet.
Basilicus (Basiliella?) sp. A,Ampelocarpus sp.
Basilicus (Basiliella?) sp. A,Amygdalotheca griffei
Basilicus (Basiliella?) sp. A,Anatifopsis escandei
Basilicus (Basiliella?) sp. A,Anatifopsis trapeziiformis
Basilicus (Basiliella?) sp. A,Anatifopsis sp.
Basilicus (Basiliella?) sp. A,"Anomalocystid n. gen., n. sp. "
Basilicus (Basiliella?) sp. A,Aspidocarpus sp.
Basilicus (Basiliella?) sp. A,Balanocystites primus
Basilicus (Basiliella?) sp. A,Bohemiaecystis
Basilicus (Basiliella?) sp. A,Chauvelicystis ubaghsi
Basilicus (Basiliella?) sp. A,Chauvelicystis spinosa
Basilicus (Basiliella?) sp. A,Chauvelicystis vizcainoi
Basilicus (Basiliella?) sp. A,Chauvelicystis sp.
Basilicus (Basiliella?) sp. A,"Chauvelicystid n. gen., n. sp. 1"
Basilicus (Basiliella?) sp. A,"Chauvelicystid n. gen., n. sp. 2"
Basilicus (Basiliella?) sp. A,Chinianocarpos sp.
Basilicus (Basiliella?) sp. A,"Cornuta n. gen. 1, n. sp."
Basilicus (Basiliella?) sp. A,"Cornuta n. gen. 2, n. sp."
Basilicus (Basiliella?) sp. A,Flabellicarpus rushtoni
Basilicus (Basiliella?) sp. A,Flabellicarpus?
Basilicus (Basiliella?) sp. A,Galliaecystis n. sp.
Basilicus (Basiliella?) sp. A,Galliaecystis ubaghsi
Basilicus (Basiliella?) sp. A,Lagynocystis pyramidalis
Basilicus (Basiliella?) sp. A,Lyricocarpus courtessolei
Basilicus (Basiliella?) sp. A,Milonicystis sp.
Basilicus (Basiliella?) sp. A,Mitrocystitid indet. cf. Ovocarpus
Basilicus (Basiliella?) sp. A,Nanocarpus cf. dolambii
Basilicus (Basiliella?) sp. A,Phyllocystis blayaci
Basilicus (Basiliella?) sp. A,Phyllocystis sp.
Basilicus (Basiliella?) sp. A,Procothurnocystis n. sp.
Basilicus (Basiliella?) sp. A,Prokopicystis sp.
Basilicus (Basiliella?) sp. A,Thoralicystis zagoraensis
Basilicus (Basiliella?) sp. A,Vizcainocarpus sp.
Basilicus (Basiliella?) sp. A,Cothurnocystid indetl.
Basilicus (Basiliella?) sp. A,Macrocystella sp.
Basilicus (Basiliella?) sp. A,Macrocystella bohemica
Basilicus (Basiliella?) sp. A,Macrocystella cf. mariae
Basilicus (Basiliella?) sp. A,Macrocystella tasseftensis
Basilicus (Basiliella?) sp. A,cf. Castericystis
Basilicus (Basiliella?) sp. A,cf. Minervaecystis
Basilicus (Basiliella?) sp. A,Plasiacystis mobilis
Basilicus (Basiliella?) sp. A,Plasiacystis sp.
Basilicus (Basiliella?) sp. A,Nimchacystis agterbosi
Basilicus (Basiliella?) sp. A,undet. Ophiuroidea
Basilicus (Basiliella?) sp. A,Cavernolites senex
Basilicus (Basiliella?) sp. A,Elegantilites sp.
Basilicus (Basiliella?) sp. A,Gamalites? sp.
Basilicus (Basiliella?) sp. A,Gompholites sp.
Basilicus (Basiliella?) sp. A,Nephrotheca sp.
Basilicus (Basiliella?) sp. A,Pauxillites thaddei
Basilicus (Basiliella?) sp. A,Pauxillites sp.
Basilicus (Basiliella?) sp. B,Benthic detritus
Basilicus (Basiliella?) sp. B,Acrothele sp.
Basilicus (Basiliella?) sp. B,Plectorthis simplex
Basilicus (Basiliella?) sp. B,Angusticardinia sp.
Basilicus (Basiliella?) sp. B,Paurorthis tadristensis
Basilicus (Basiliella?) sp. B,Tarfaya marocana
Basilicus (Basiliella?) sp. B,Monobolina sp.
Basilicus (Basiliella?) sp. B,Elliptoglossa sp.
Basilicus (Basiliella?) sp. B,Celdobolus sp.
Basilicus (Basiliella?) sp. B,Discinoidea?
Basilicus (Basiliella?) sp. B,Babinka prima
Basilicus (Basiliella?) sp. B,Redonia michelae
Basilicus (Basiliella?) sp. B,Alococoncha?
Basilicus (Basiliella?) sp. B,Cardiolaria? sp.
Basilicus (Basiliella?) sp. B,Pelecyogyra fezouataensis
Basilicus (Basiliella?) sp. B,Lesueurilla prima
Basilicus (Basiliella?) sp. B,undet. Platyceratoidea
Basilicus (Basiliella?) sp. B,undet. Monoplacophora
Basilicus (Basiliella?) sp. B,Thoralispira laevis
Basilicus (Basiliella?) sp. B,Thoralispira? cf. occitana
Basilicus (Basiliella?) sp. B,Wiwaxiid
Basilicus (Basiliella?) sp. B,Halkieriid
Basilicus (Basiliella?) sp. B,Helcionelloid
Basilicus (Basiliella?) sp. B,Calvapilosa kroegeri
Basilicus (Basiliella?) sp. B,Plumulites bengtsoni
Basilicus (Basiliella?) sp. B,Large plumulitid
Basilicus (Basiliella?) sp. B,Possible phyllodocid
Basilicus (Basiliella?) sp. B,Palaeoscolex cf. tenensis
Basilicus (Basiliella?) sp. B,Priapulid
Basilicus (Basiliella?) sp. B,Large taxon with spinose limbs
Basilicus (Basiliella?) sp. B,Small taxon with spinose limbs
Basilicus (Basiliella?) sp. B,Armoured lobopodian 1
Basilicus (Basiliella?) sp. B,Armoured lobopodian 2
Basilicus (Basiliella?) sp. B,Armoured lobopodian 3
Basilicus (Basiliella?) sp. B,Diania-like lobopodian
Basilicus (Basiliella?) sp. B,Furca sp. 1
Basilicus (Basiliella?) sp. B,Furca sp. 2
Basilicus (Basiliella?) sp. B,Furca sp. 3
Basilicus (Basiliella?) sp. B,Marrella sp.
Basilicus (Basiliella?) sp. B,Possible waptiid
Basilicus (Basiliella?) sp. B,Possible pycnogonid
Basilicus (Basiliella?) sp. B,Xiphosurid
Basilicus (Basiliella?) sp. B,Possible retifaciid
Basilicus (Basiliella?) sp. B,Chlupacaris? sp.
Basilicus (Basiliella?) sp. B,Tremaglaspis sp.
Basilicus (Basiliella?) sp. B,Brachyaglaspis singularis
Basilicus (Basiliella?) sp. B,Cheloniellid
Basilicus (Basiliella?) sp. B,Eoduslia
Basilicus (Basiliella?) sp. B,Asaphellus fezouataensis 
Basilicus (Basiliella?) sp. B,Asaphellus sp aff. jujuanus
Basilicus (Basiliella?) sp. B,Asaphellus tataensis
Basilicus (Basiliella?) sp. B,Asaphellus sp.
Basilicus (Basiliella?) sp. B,Asaphopsis sp.
Basilicus (Basiliella?) sp. B,Kierarges morrisoni
Basilicus (Basiliella?) sp. B,Playpeltoides carmenae
Basilicus (Basiliella?) sp. B,Symphysurus sicardi
Basilicus (Basiliella?) sp. B,Symphysurus ebbestadi
Basilicus (Basiliella?) sp. B,Symphysurus sp.
Basilicus (Basiliella?) sp. B,Apatokephalus cf. incisus
Basilicus (Basiliella?) sp. B,Parvilichas marochii
Basilicus (Basiliella?) sp. B,Selenopeltis aff. Gallica
Basilicus (Basiliella?) sp. B,Selenopeltis binodosa
Basilicus (Basiliella?) sp. B,Selenopeltis sp. 1
Basilicus (Basiliella?) sp. B,Selenopeltis sp. 2
Basilicus (Basiliella?) sp. B,Harpides sp.
Basilicus (Basiliella?) sp. B,Foulonia peregrina
Basilicus (Basiliella?) sp. B,Foulonia sp.
Basilicus (Basiliella?) sp. B,Bavarilla aff. zemmourensis
Basilicus (Basiliella?) sp. B,Bavarilla zemmourensis
Basilicus (Basiliella?) sp. B,Bavarilla sp.
Basilicus (Basiliella?) sp. B,Colpocoryphe thorali
Basilicus (Basiliella?) sp. B,Colpocoryphe sp.
Basilicus (Basiliella?) sp. B,Pharostomina sp. 
Basilicus (Basiliella?) sp. B,Prionocheilus aff. languedocensis
Basilicus (Basiliella?) sp. B,Prionocheilus sp.
Basilicus (Basiliella?) sp. B,Euloma sp.
Basilicus (Basiliella?) sp. B,Ceraurinella? sp.
Basilicus (Basiliella?) sp. B,Megalaspidella sp.
Basilicus (Basiliella?) sp. B,Megistaspis (Ekeraspis) sp. indet.
Basilicus (Basiliella?) sp. B,Neseuretus cf. attenuatus
Basilicus (Basiliella?) sp. B,Neseuretus aff. attenuatus
Basilicus (Basiliella?) sp. B,Platycoryphe sp.
Basilicus (Basiliella?) sp. B,Parabathycheilus gallicus
Basilicus (Basiliella?) sp. B,Anacheirurus adserai
Basilicus (Basiliella?) sp. B,Eoharpes sp.
Basilicus (Basiliella?) sp. B,Ormathops clariondi
Basilicus (Basiliella?) sp. B,Pterygometopus sp.
Basilicus (Basiliella?) sp. B,Megalaspides? sp.
Basilicus (Basiliella?) sp. B,Iberocoryphe sp.
Basilicus (Basiliella?) sp. B,Somasteroid indet. n. sp. 1
Basilicus (Basiliella?) sp. B,Somasteroid indet. n. sp. 2
Basilicus (Basiliella?) sp. B,Somasteroid indet. n. sp. 3
Basilicus (Basiliella?) sp. B,Somasteroid indet.
Basilicus (Basiliella?) sp. B,undet. Stelleroidea
Basilicus (Basiliella?) sp. B,Villebrunaster fezouataensis
Basilicus (Basiliella?) sp. B,Palaeosphaeronites sp.
Basilicus (Basiliella?) sp. B,Palaeosphaeronites? prokopi
Basilicus (Basiliella?) sp. B,Aristocystites cf. bohemicus (sinuous?)
Basilicus (Basiliella?) sp. B,Aristocystites sp.
Basilicus (Basiliella?) sp. B,Ascocystites? sp.
Basilicus (Basiliella?) sp. B,Balantiocystis regnelli
Basilicus (Basiliella?) sp. B,Balantiocystis sp.
Basilicus (Basiliella?) sp. B,Rhopalocystis sp.
Basilicus (Basiliella?) sp. B,Rhopalocystis dehirensis
Basilicus (Basiliella?) sp. B,Rhopalocystis destombesi
Basilicus (Basiliella?) sp. B,Rhopalocystis fraga
Basilicus (Basiliella?) sp. B,Rhopalocystis grandis
Basilicus (Basiliella?) sp. B,Rhopalocystis havliceki
Basilicus (Basiliella?) sp. B,Rhopalocystis lehmani
Basilicus (Basiliella?) sp. B,Rhopalocystis zagoraensis
Basilicus (Basiliella?) sp. B,Rhopalocystis sp. A
Basilicus (Basiliella?) sp. B,Rhopalocystis sp. B
Basilicus (Basiliella?) sp. B,Rhopalocystis sp. C
Basilicus (Basiliella?) sp. B,cf. Rhopalocystis
Basilicus (Basiliella?) sp. B,Lingulocystis aff. deani
Basilicus (Basiliella?) sp. B,Lingulocystis elongata
Basilicus (Basiliella?) sp. B,cf. Pareocrinus
Basilicus (Basiliella?) sp. B,Eocrinoidea indet. sp. 1
Basilicus (Basiliella?) sp. B,Eocrinoidea indet. sp. 2
Basilicus (Basiliella?) sp. B,Eocrinoidea indet.
Basilicus (Basiliella?) sp. B,Ramseyocrinus sp.
Basilicus (Basiliella?) sp. B,Crinoid 2
Basilicus (Basiliella?) sp. B,Aethocrinus cf. moorei
Basilicus (Basiliella?) sp. B,Iocrinus n. sp.
Basilicus (Basiliella?) sp. B,Cystoidea?/undet. Cystoidea
Basilicus (Basiliella?) sp. B,Argodiscus espilezorum
Basilicus (Basiliella?) sp. B,Anedriophus moroccoensis
Basilicus (Basiliella?) sp. B,Rhenopyrgid indet.
Basilicus (Basiliella?) sp. B,Ampelocarpus sp.
Basilicus (Basiliella?) sp. B,Amygdalotheca griffei
Basilicus (Basiliella?) sp. B,Anatifopsis escandei
Basilicus (Basiliella?) sp. B,Anatifopsis trapeziiformis
Basilicus (Basiliella?) sp. B,Anatifopsis sp.
Basilicus (Basiliella?) sp. B,"Anomalocystid n. gen., n. sp. "
Basilicus (Basiliella?) sp. B,Aspidocarpus sp.
Basilicus (Basiliella?) sp. B,Balanocystites primus
Basilicus (Basiliella?) sp. B,Bohemiaecystis
Basilicus (Basiliella?) sp. B,Chauvelicystis ubaghsi
Basilicus (Basiliella?) sp. B,Chauvelicystis spinosa
Basilicus (Basiliella?) sp. B,Chauvelicystis vizcainoi
Basilicus (Basiliella?) sp. B,Chauvelicystis sp.
Basilicus (Basiliella?) sp. B,"Chauvelicystid n. gen., n. sp. 1"
Basilicus (Basiliella?) sp. B,"Chauvelicystid n. gen., n. sp. 2"
Basilicus (Basiliella?) sp. B,Chinianocarpos sp.
Basilicus (Basiliella?) sp. B,"Cornuta n. gen. 1, n. sp."
Basilicus (Basiliella?) sp. B,"Cornuta n. gen. 2, n. sp."
Basilicus (Basiliella?) sp. B,Flabellicarpus rushtoni
Basilicus (Basiliella?) sp. B,Flabellicarpus?
Basilicus (Basiliella?) sp. B,Galliaecystis n. sp.
Basilicus (Basiliella?) sp. B,Galliaecystis ubaghsi
Basilicus (Basiliella?) sp. B,Lagynocystis pyramidalis
Basilicus (Basiliella?) sp. B,Lyricocarpus courtessolei
Basilicus (Basiliella?) sp. B,Milonicystis sp.
Basilicus (Basiliella?) sp. B,Mitrocystitid indet. cf. Ovocarpus
Basilicus (Basiliella?) sp. B,Nanocarpus cf. dolambii
Basilicus (Basiliella?) sp. B,Phyllocystis blayaci
Basilicus (Basiliella?) sp. B,Phyllocystis sp.
Basilicus (Basiliella?) sp. B,Procothurnocystis n. sp.
Basilicus (Basiliella?) sp. B,Prokopicystis sp.
Basilicus (Basiliella?) sp. B,Thoralicystis zagoraensis
Basilicus (Basiliella?) sp. B,Vizcainocarpus sp.
Basilicus (Basiliella?) sp. B,Cothurnocystid indetl.
Basilicus (Basiliella?) sp. B,Macrocystella sp.
Basilicus (Basiliella?) sp. B,Macrocystella bohemica
Basilicus (Basiliella?) sp. B,Macrocystella cf. mariae
Basilicus (Basiliella?) sp. B,Macrocystella tasseftensis
Basilicus (Basiliella?) sp. B,cf. Castericystis
Basilicus (Basiliella?) sp. B,cf. Minervaecystis
Basilicus (Basiliella?) sp. B,Plasiacystis mobilis
Basilicus (Basiliella?) sp. B,Plasiacystis sp.
Basilicus (Basiliella?) sp. B,Nimchacystis agterbosi
Basilicus (Basiliella?) sp. B,undet. Ophiuroidea
Basilicus (Basiliella?) sp. B,Cavernolites senex
Basilicus (Basiliella?) sp. B,Elegantilites sp.
Basilicus (Basiliella?) sp. B,Gamalites? sp.
Basilicus (Basiliella?) sp. B,Gompholites sp.
Basilicus (Basiliella?) sp. B,Nephrotheca sp.
Basilicus (Basiliella?) sp. B,Pauxillites thaddei
Basilicus (Basiliella?) sp. B,Pauxillites sp.
Basilicus (Basilicus) vidali,Benthic detritus
Basilicus (Basilicus) vidali,Ranorthis fasciata
Basilicus (Basilicus) vidali,Acrothele sp.
Basilicus (Basilicus) vidali,Plectorthis simplex
Basilicus (Basilicus) vidali,Angusticardinia sp.
Basilicus (Basilicus) vidali,Paurorthis tadristensis
Basilicus (Basilicus) vidali,Tarfaya marocana
Basilicus (Basilicus) vidali,Monobolina sp.
Basilicus (Basilicus) vidali,Elliptoglossa sp.
Basilicus (Basilicus) vidali,Celdobolus sp.
Basilicus (Basilicus) vidali,Discinoidea?
Basilicus (Basilicus) vidali,undet. Dalmanelloidea
Basilicus (Basilicus) vidali,Babinka prima
Basilicus (Basilicus) vidali,Praenucula sp.
Basilicus (Basilicus) vidali,Redonia michelae
Basilicus (Basilicus) vidali,Alococoncha?
Basilicus (Basilicus) vidali,Cardiolaria? sp.
Basilicus (Basilicus) vidali,Pelecyogyra fezouataensis
Basilicus (Basilicus) vidali,Sinuites sp.
Basilicus (Basilicus) vidali,Lesueurilla prima
Basilicus (Basilicus) vidali,undet. Platyceratoidea
Basilicus (Basilicus) vidali,undet. Monoplacophora
Basilicus (Basilicus) vidali,Thoralispira laevis
Basilicus (Basilicus) vidali,Thoralispira? cf. occitana
Basilicus (Basilicus) vidali,Ribeiria sp.
Basilicus (Basilicus) vidali,Tolmachovia?
Basilicus (Basilicus) vidali,Wiwaxiid
Basilicus (Basilicus) vidali,Halkieriid
Basilicus (Basilicus) vidali,Helcionelloid
Basilicus (Basilicus) vidali,Calvapilosa kroegeri
Basilicus (Basilicus) vidali,Plumulites bengtsoni
Basilicus (Basilicus) vidali,Large plumulitid
Basilicus (Basilicus) vidali,Possible phyllodocid
Basilicus (Basilicus) vidali,Palaeoscolex cf. tenensis
Basilicus (Basilicus) vidali,Priapulid
Basilicus (Basilicus) vidali,Large taxon with spinose limbs
Basilicus (Basilicus) vidali,Small taxon with spinose limbs
Basilicus (Basilicus) vidali,Armoured lobopodian 1
Basilicus (Basilicus) vidali,Armoured lobopodian 2
Basilicus (Basilicus) vidali,Armoured lobopodian 3
Basilicus (Basilicus) vidali,Diania-like lobopodian
Basilicus (Basilicus) vidali,Furca sp. 1
Basilicus (Basilicus) vidali,Furca sp. 2
Basilicus (Basilicus) vidali,Furca sp. 3
Basilicus (Basilicus) vidali,Marrella sp.
Basilicus (Basilicus) vidali,Enosiaspis hrungnir
Basilicus (Basilicus) vidali,Possible waptiid
Basilicus (Basilicus) vidali,Chasmataspidid
Basilicus (Basilicus) vidali,Possible pycnogonid
Basilicus (Basilicus) vidali,Xiphosurid
Basilicus (Basilicus) vidali,Possible retifaciid
Basilicus (Basilicus) vidali,Chlupacaris? sp.
Basilicus (Basilicus) vidali,Tremaglaspis sp.
Basilicus (Basilicus) vidali,Brachyaglaspis singularis
Basilicus (Basilicus) vidali,Cheloniellid
Basilicus (Basilicus) vidali,Phyllocarid
Basilicus (Basilicus) vidali,Eoduslia
Basilicus (Basilicus) vidali,Asaphellus fezouataensis 
Basilicus (Basilicus) vidali,Asaphellus sp aff. jujuanus
Basilicus (Basilicus) vidali,Asaphellus tataensis
Basilicus (Basilicus) vidali,Asaphellus sp.
Basilicus (Basilicus) vidali,Kierarges morrisoni
Basilicus (Basilicus) vidali,Playpeltoides carmenae
Basilicus (Basilicus) vidali,Symphysurus sicardi
Basilicus (Basilicus) vidali,Symphysurus ebbestadi
Basilicus (Basilicus) vidali,Symphysurus sp.
Basilicus (Basilicus) vidali,Apatokephalus cf. incisus
Basilicus (Basilicus) vidali,Cnemidopyge sp.
Basilicus (Basilicus) vidali,Parvilichas marochii
Basilicus (Basilicus) vidali,Selenopeltis aff. Gallica
Basilicus (Basilicus) vidali,Selenopeltis binodosa
Basilicus (Basilicus) vidali,Selenopeltis sp. 1
Basilicus (Basilicus) vidali,Selenopeltis sp. 2
Basilicus (Basilicus) vidali,Harpides sp.
Basilicus (Basilicus) vidali,Foulonia peregrina
Basilicus (Basilicus) vidali,Foulonia sp.
Basilicus (Basilicus) vidali,Toletanaspis aff. borni
Basilicus (Basilicus) vidali,undet. Dalmanitacea
Basilicus (Basilicus) vidali,Bathycheilus gallicus
Basilicus (Basilicus) vidali,Bavarilla aff. zemmourensis
Basilicus (Basilicus) vidali,Bavarilla zemmourensis
Basilicus (Basilicus) vidali,Bavarilla sp.
Basilicus (Basilicus) vidali,Colpocoryphe thorali
Basilicus (Basilicus) vidali,Colpocoryphe pradesensis
Basilicus (Basilicus) vidali,Colpocoryphe sp.
Basilicus (Basilicus) vidali,Pharostoma sp.
Basilicus (Basilicus) vidali,Pharostomina sp. 
Basilicus (Basilicus) vidali,Prionocheilus aff. languedocensis
Basilicus (Basilicus) vidali,Prionocheilus sp.
Basilicus (Basilicus) vidali,Euloma sp.
Basilicus (Basilicus) vidali,Beltella sp.
Basilicus (Basilicus) vidali,Ampyx priscus
Basilicus (Basilicus) vidali,Ampyx cf. priscus
Basilicus (Basilicus) vidali,Ceraurinella? sp.
Basilicus (Basilicus) vidali,Megalaspidella sp.
Basilicus (Basilicus) vidali,Megistaspis (Ekeraspis) sp. indet.
Basilicus (Basilicus) vidali,Neseuretus cf. attenuatus
Basilicus (Basilicus) vidali,Neseuretus aff. attenuatus
Basilicus (Basilicus) vidali,Platycoryphe sp.
Basilicus (Basilicus) vidali,Parabathycheilus gallicus
Basilicus (Basilicus) vidali,Anacheirurus adserai
Basilicus (Basilicus) vidali,Eoharpes sp.
Basilicus (Basilicus) vidali,Ormathops clariondi
Basilicus (Basilicus) vidali,Pterygometopus sp.
Basilicus (Basilicus) vidali,Megalaspides? sp.
Basilicus (Basilicus) vidali,Iberocoryphe sp.
Basilicus (Basilicus) vidali,cf. Niobella sp.
Basilicus (Basilicus) vidali,Somasteroid indet. n. sp. 1
Basilicus (Basilicus) vidali,Somasteroid indet. n. sp. 2
Basilicus (Basilicus) vidali,Somasteroid indet. n. sp. 3
Basilicus (Basilicus) vidali,Somasteroid indet.
Basilicus (Basilicus) vidali,undet. Stelleroidea
Basilicus (Basilicus) vidali,Villebrunaster fezouataensis
Basilicus (Basilicus) vidali,Palaeosphaeronites sp.
Basilicus (Basilicus) vidali,Palaeosphaeronites? prokopi
Basilicus (Basilicus) vidali,Aristocystites cf. bohemicus (sinuous?)
Basilicus (Basilicus) vidali,Aristocystites sp.
Basilicus (Basilicus) vidali,Ascocystites? sp.
Basilicus (Basilicus) vidali,Balantiocystis regnelli
Basilicus (Basilicus) vidali,Balantiocystis sp.
Basilicus (Basilicus) vidali,Rhopalocystis sp.
Basilicus (Basilicus) vidali,Rhopalocystis dehirensis
Basilicus (Basilicus) vidali,Rhopalocystis destombesi
Basilicus (Basilicus) vidali,Rhopalocystis fraga
Basilicus (Basilicus) vidali,Rhopalocystis grandis
Basilicus (Basilicus) vidali,Rhopalocystis havliceki
Basilicus (Basilicus) vidali,Rhopalocystis lehmani
Basilicus (Basilicus) vidali,Rhopalocystis zagoraensis
Basilicus (Basilicus) vidali,Rhopalocystis sp. A
Basilicus (Basilicus) vidali,Rhopalocystis sp. B
Basilicus (Basilicus) vidali,Rhopalocystis sp. C
Basilicus (Basilicus) vidali,cf. Rhopalocystis
Basilicus (Basilicus) vidali,Lingulocystis aff. deani
Basilicus (Basilicus) vidali,Lingulocystis elongata
Basilicus (Basilicus) vidali,cf. Pareocrinus
Basilicus (Basilicus) vidali,Eocrinoidea indet. sp. 1
Basilicus (Basilicus) vidali,Eocrinoidea indet. sp. 2
Basilicus (Basilicus) vidali,Eocrinoidea indet.
Basilicus (Basilicus) vidali,Ramseyocrinus sp.
Basilicus (Basilicus) vidali,Crinoid 2
Basilicus (Basilicus) vidali,Aethocrinus cf. moorei
Basilicus (Basilicus) vidali,Iocrinus n. sp.
Basilicus (Basilicus) vidali,Cystoidea?/undet. Cystoidea
Basilicus (Basilicus) vidali,Argodiscus espilezorum
Basilicus (Basilicus) vidali,Anedriophus moroccoensis
Basilicus (Basilicus) vidali,Rhenopyrgid indet.
Basilicus (Basilicus) vidali,Ampelocarpus sp.
Basilicus (Basilicus) vidali,Amygdalotheca griffei
Basilicus (Basilicus) vidali,Anatifopsis escandei
Basilicus (Basilicus) vidali,Anatifopsis trapeziiformis
Basilicus (Basilicus) vidali,Anatifopsis sp.
Basilicus (Basilicus) vidali,"Anomalocystid n. gen., n. sp. "
Basilicus (Basilicus) vidali,Aspidocarpus sp.
Basilicus (Basilicus) vidali,Balanocystites primus
Basilicus (Basilicus) vidali,Bohemiaecystis
Basilicus (Basilicus) vidali,Chauvelicystis ubaghsi
Basilicus (Basilicus) vidali,Chauvelicystis spinosa
Basilicus (Basilicus) vidali,Chauvelicystis vizcainoi
Basilicus (Basilicus) vidali,Chauvelicystis sp.
Basilicus (Basilicus) vidali,"Chauvelicystid n. gen., n. sp. 1"
Basilicus (Basilicus) vidali,"Chauvelicystid n. gen., n. sp. 2"
Basilicus (Basilicus) vidali,Chinianocarpos sp.
Basilicus (Basilicus) vidali,"Cornuta n. gen. 1, n. sp."
Basilicus (Basilicus) vidali,"Cornuta n. gen. 2, n. sp."
Basilicus (Basilicus) vidali,Flabellicarpus rushtoni
Basilicus (Basilicus) vidali,Flabellicarpus?
Basilicus (Basilicus) vidali,Galliaecystis n. sp.
Basilicus (Basilicus) vidali,Galliaecystis ubaghsi
Basilicus (Basilicus) vidali,Hanusia n. sp.
Basilicus (Basilicus) vidali,Lagynocystis pyramidalis
Basilicus (Basilicus) vidali,Lyricocarpus courtessolei
Basilicus (Basilicus) vidali,Milonicystis sp.
Basilicus (Basilicus) vidali,Mitrocystitid indet. cf. Ovocarpus
Basilicus (Basilicus) vidali,Nanocarpus cf. dolambii
Basilicus (Basilicus) vidali,Phyllocystis blayaci
Basilicus (Basilicus) vidali,Phyllocystis sp.
Basilicus (Basilicus) vidali,Procothurnocystis n. sp.
Basilicus (Basilicus) vidali,Prokopicystis sp.
Basilicus (Basilicus) vidali,Thoralicystis zagoraensis
Basilicus (Basilicus) vidali,Thoralicystis n. sp.
Basilicus (Basilicus) vidali,Vizcainocarpus sp.
Basilicus (Basilicus) vidali,Cothurnocystid indetl.
Basilicus (Basilicus) vidali,Hanusiid indet.
Basilicus (Basilicus) vidali,Macrocystella sp.
Basilicus (Basilicus) vidali,Macrocystella bohemica
Basilicus (Basilicus) vidali,Macrocystella cf. mariae
Basilicus (Basilicus) vidali,Macrocystella tasseftensis
Basilicus (Basilicus) vidali,cf. Castericystis
Basilicus (Basilicus) vidali,cf. Minervaecystis
Basilicus (Basilicus) vidali,Plasiacystis mobilis
Basilicus (Basilicus) vidali,Plasiacystis sp.
Basilicus (Basilicus) vidali,Nimchacystis agterbosi
Basilicus (Basilicus) vidali,undet. Ophiuroidea
Basilicus (Basilicus) vidali,Cavernolites senex
Basilicus (Basilicus) vidali,Elegantilites sp.
Basilicus (Basilicus) vidali,Gamalites? sp.
Basilicus (Basilicus) vidali,Gompholites sp.
Basilicus (Basilicus) vidali,Nephrotheca sp.
Basilicus (Basilicus) vidali,Pauxillites thaddei
Basilicus (Basilicus) vidali,Pauxillites sp.
Basilicus (Basilicus) sp.,Benthic detritus
Basilicus (Basilicus) sp.,Acrothele sp.
Basilicus (Basilicus) sp.,Plectorthis simplex
Basilicus (Basilicus) sp.,Angusticardinia sp.
Basilicus (Basilicus) sp.,Paurorthis tadristensis
Basilicus (Basilicus) sp.,Tarfaya marocana
Basilicus (Basilicus) sp.,Monobolina sp.
Basilicus (Basilicus) sp.,Elliptoglossa sp.
Basilicus (Basilicus) sp.,Celdobolus sp.
Basilicus (Basilicus) sp.,Discinoidea?
Basilicus (Basilicus) sp.,Babinka prima
Basilicus (Basilicus) sp.,Redonia michelae
Basilicus (Basilicus) sp.,Alococoncha?
Basilicus (Basilicus) sp.,Cardiolaria? sp.
Basilicus (Basilicus) sp.,Pelecyogyra fezouataensis
Basilicus (Basilicus) sp.,Lesueurilla prima
Basilicus (Basilicus) sp.,undet. Platyceratoidea
Basilicus (Basilicus) sp.,undet. Monoplacophora
Basilicus (Basilicus) sp.,Thoralispira laevis
Basilicus (Basilicus) sp.,Thoralispira? cf. occitana
Basilicus (Basilicus) sp.,Wiwaxiid
Basilicus (Basilicus) sp.,Halkieriid
Basilicus (Basilicus) sp.,Helcionelloid
Basilicus (Basilicus) sp.,Calvapilosa kroegeri
Basilicus (Basilicus) sp.,Plumulites bengtsoni
Basilicus (Basilicus) sp.,Large plumulitid
Basilicus (Basilicus) sp.,Possible phyllodocid
Basilicus (Basilicus) sp.,Palaeoscolex cf. tenensis
Basilicus (Basilicus) sp.,Priapulid
Basilicus (Basilicus) sp.,Large taxon with spinose limbs
Basilicus (Basilicus) sp.,Small taxon with spinose limbs
Basilicus (Basilicus) sp.,Armoured lobopodian 1
Basilicus (Basilicus) sp.,Armoured lobopodian 2
Basilicus (Basilicus) sp.,Armoured lobopodian 3
Basilicus (Basilicus) sp.,Diania-like lobopodian
Basilicus (Basilicus) sp.,Furca sp. 1
Basilicus (Basilicus) sp.,Furca sp. 2
Basilicus (Basilicus) sp.,Furca sp. 3
Basilicus (Basilicus) sp.,Marrella sp.
Basilicus (Basilicus) sp.,Possible waptiid
Basilicus (Basilicus) sp.,Possible pycnogonid
Basilicus (Basilicus) sp.,Xiphosurid
Basilicus (Basilicus) sp.,Possible retifaciid
Basilicus (Basilicus) sp.,Chlupacaris? sp.
Basilicus (Basilicus) sp.,Tremaglaspis sp.
Basilicus (Basilicus) sp.,Brachyaglaspis singularis
Basilicus (Basilicus) sp.,Cheloniellid
Basilicus (Basilicus) sp.,Eoduslia
Basilicus (Basilicus) sp.,Asaphellus fezouataensis 
Basilicus (Basilicus) sp.,Asaphellus sp aff. jujuanus
Basilicus (Basilicus) sp.,Asaphellus tataensis
Basilicus (Basilicus) sp.,Asaphellus sp.
Basilicus (Basilicus) sp.,Asaphopsis sp.
Basilicus (Basilicus) sp.,Kierarges morrisoni
Basilicus (Basilicus) sp.,Playpeltoides carmenae
Basilicus (Basilicus) sp.,Symphysurus sicardi
Basilicus (Basilicus) sp.,Symphysurus ebbestadi
Basilicus (Basilicus) sp.,Symphysurus sp.
Basilicus (Basilicus) sp.,Apatokephalus cf. incisus
Basilicus (Basilicus) sp.,Parvilichas marochii
Basilicus (Basilicus) sp.,Selenopeltis aff. Gallica
Basilicus (Basilicus) sp.,Selenopeltis binodosa
Basilicus (Basilicus) sp.,Selenopeltis sp. 1
Basilicus (Basilicus) sp.,Selenopeltis sp. 2
Basilicus (Basilicus) sp.,Harpides sp.
Basilicus (Basilicus) sp.,Foulonia peregrina
Basilicus (Basilicus) sp.,Foulonia sp.
Basilicus (Basilicus) sp.,Bavarilla aff. zemmourensis
Basilicus (Basilicus) sp.,Bavarilla zemmourensis
Basilicus (Basilicus) sp.,Bavarilla sp.
Basilicus (Basilicus) sp.,Colpocoryphe thorali
Basilicus (Basilicus) sp.,Colpocoryphe sp.
Basilicus (Basilicus) sp.,Pharostomina sp. 
Basilicus (Basilicus) sp.,Prionocheilus aff. languedocensis
Basilicus (Basilicus) sp.,Prionocheilus sp.
Basilicus (Basilicus) sp.,Euloma sp.
Basilicus (Basilicus) sp.,Ceraurinella? sp.
Basilicus (Basilicus) sp.,Megalaspidella sp.
Basilicus (Basilicus) sp.,Megistaspis (Ekeraspis) sp. indet.
Basilicus (Basilicus) sp.,Neseuretus cf. attenuatus
Basilicus (Basilicus) sp.,Neseuretus aff. attenuatus
Basilicus (Basilicus) sp.,Platycoryphe sp.
Basilicus (Basilicus) sp.,Parabathycheilus gallicus
Basilicus (Basilicus) sp.,Anacheirurus adserai
Basilicus (Basilicus) sp.,Eoharpes sp.
Basilicus (Basilicus) sp.,Ormathops clariondi
Basilicus (Basilicus) sp.,Pterygometopus sp.
Basilicus (Basilicus) sp.,Megalaspides? sp.
Basilicus (Basilicus) sp.,Iberocoryphe sp.
Basilicus (Basilicus) sp.,Somasteroid indet. n. sp. 1
Basilicus (Basilicus) sp.,Somasteroid indet. n. sp. 2
Basilicus (Basilicus) sp.,Somasteroid indet. n. sp. 3
Basilicus (Basilicus) sp.,Somasteroid indet.
Basilicus (Basilicus) sp.,undet. Stelleroidea
Basilicus (Basilicus) sp.,Villebrunaster fezouataensis
Basilicus (Basilicus) sp.,Palaeosphaeronites sp.
Basilicus (Basilicus) sp.,Palaeosphaeronites? prokopi
Basilicus (Basilicus) sp.,Aristocystites cf. bohemicus (sinuous?)
Basilicus (Basilicus) sp.,Aristocystites sp.
Basilicus (Basilicus) sp.,Ascocystites? sp.
Basilicus (Basilicus) sp.,Balantiocystis regnelli
Basilicus (Basilicus) sp.,Balantiocystis sp.
Basilicus (Basilicus) sp.,Rhopalocystis sp.
Basilicus (Basilicus) sp.,Rhopalocystis dehirensis
Basilicus (Basilicus) sp.,Rhopalocystis destombesi
Basilicus (Basilicus) sp.,Rhopalocystis fraga
Basilicus (Basilicus) sp.,Rhopalocystis grandis
Basilicus (Basilicus) sp.,Rhopalocystis havliceki
Basilicus (Basilicus) sp.,Rhopalocystis lehmani
Basilicus (Basilicus) sp.,Rhopalocystis zagoraensis
Basilicus (Basilicus) sp.,Rhopalocystis sp. A
Basilicus (Basilicus) sp.,Rhopalocystis sp. B
Basilicus (Basilicus) sp.,Rhopalocystis sp. C
Basilicus (Basilicus) sp.,cf. Rhopalocystis
Basilicus (Basilicus) sp.,Lingulocystis aff. deani
Basilicus (Basilicus) sp.,Lingulocystis elongata
Basilicus (Basilicus) sp.,cf. Pareocrinus
Basilicus (Basilicus) sp.,Eocrinoidea indet. sp. 1
Basilicus (Basilicus) sp.,Eocrinoidea indet. sp. 2
Basilicus (Basilicus) sp.,Eocrinoidea indet.
Basilicus (Basilicus) sp.,Ramseyocrinus sp.
Basilicus (Basilicus) sp.,Crinoid 2
Basilicus (Basilicus) sp.,Aethocrinus cf. moorei
Basilicus (Basilicus) sp.,Iocrinus n. sp.
Basilicus (Basilicus) sp.,Cystoidea?/undet. Cystoidea
Basilicus (Basilicus) sp.,Argodiscus espilezorum
Basilicus (Basilicus) sp.,Anedriophus moroccoensis
Basilicus (Basilicus) sp.,Rhenopyrgid indet.
Basilicus (Basilicus) sp.,Ampelocarpus sp.
Basilicus (Basilicus) sp.,Amygdalotheca griffei
Basilicus (Basilicus) sp.,Anatifopsis escandei
Basilicus (Basilicus) sp.,Anatifopsis trapeziiformis
Basilicus (Basilicus) sp.,Anatifopsis sp.
Basilicus (Basilicus) sp.,"Anomalocystid n. gen., n. sp. "
Basilicus (Basilicus) sp.,Aspidocarpus sp.
Basilicus (Basilicus) sp.,Balanocystites primus
Basilicus (Basilicus) sp.,Bohemiaecystis
Basilicus (Basilicus) sp.,Chauvelicystis ubaghsi
Basilicus (Basilicus) sp.,Chauvelicystis spinosa
Basilicus (Basilicus) sp.,Chauvelicystis vizcainoi
Basilicus (Basilicus) sp.,Chauvelicystis sp.
Basilicus (Basilicus) sp.,"Chauvelicystid n. gen., n. sp. 1"
Basilicus (Basilicus) sp.,"Chauvelicystid n. gen., n. sp. 2"
Basilicus (Basilicus) sp.,Chinianocarpos sp.
Basilicus (Basilicus) sp.,"Cornuta n. gen. 1, n. sp."
Basilicus (Basilicus) sp.,"Cornuta n. gen. 2, n. sp."
Basilicus (Basilicus) sp.,Flabellicarpus rushtoni
Basilicus (Basilicus) sp.,Flabellicarpus?
Basilicus (Basilicus) sp.,Galliaecystis n. sp.
Basilicus (Basilicus) sp.,Galliaecystis ubaghsi
Basilicus (Basilicus) sp.,Lagynocystis pyramidalis
Basilicus (Basilicus) sp.,Lyricocarpus courtessolei
Basilicus (Basilicus) sp.,Milonicystis sp.
Basilicus (Basilicus) sp.,Mitrocystitid indet. cf. Ovocarpus
Basilicus (Basilicus) sp.,Nanocarpus cf. dolambii
Basilicus (Basilicus) sp.,Phyllocystis blayaci
Basilicus (Basilicus) sp.,Phyllocystis sp.
Basilicus (Basilicus) sp.,Procothurnocystis n. sp.
Basilicus (Basilicus) sp.,Prokopicystis sp.
Basilicus (Basilicus) sp.,Thoralicystis zagoraensis
Basilicus (Basilicus) sp.,Vizcainocarpus sp.
Basilicus (Basilicus) sp.,Cothurnocystid indetl.
Basilicus (Basilicus) sp.,Macrocystella sp.
Basilicus (Basilicus) sp.,Macrocystella bohemica
Basilicus (Basilicus) sp.,Macrocystella cf. mariae
Basilicus (Basilicus) sp.,Macrocystella tasseftensis
Basilicus (Basilicus) sp.,cf. Castericystis
Basilicus (Basilicus) sp.,cf. Minervaecystis
Basilicus (Basilicus) sp.,Plasiacystis mobilis
Basilicus (Basilicus) sp.,Plasiacystis sp.
Basilicus (Basilicus) sp.,Nimchacystis agterbosi
Basilicus (Basilicus) sp.,undet. Ophiuroidea
Basilicus (Basilicus) sp.,Cavernolites senex
Basilicus (Basilicus) sp.,Elegantilites sp.
Basilicus (Basilicus) sp.,Gamalites? sp.
Basilicus (Basilicus) sp.,Gompholites sp.
Basilicus (Basilicus) sp.,Nephrotheca sp.
Basilicus (Basilicus) sp.,Pauxillites thaddei
Basilicus (Basilicus) sp.,Pauxillites sp.
Kierarges morrisoni,Benthic detritus
Kierarges morrisoni,Ranorthis fasciata
Kierarges morrisoni,undet. Athyridida
Kierarges morrisoni,Acrothele sp.
Kierarges morrisoni,Plectorthis simplex
Kierarges morrisoni,Angusticardinia sp.
Kierarges morrisoni,Lingula salteri
Kierarges morrisoni,Orbithele vana
Kierarges morrisoni,Paurorthis tadristensis
Kierarges morrisoni,Tarfaya marocana
Kierarges morrisoni,Wosekella sp.
Kierarges morrisoni,Monobolina sp.
Kierarges morrisoni,Elliptoglossa sp.
Kierarges morrisoni,Celdobolus sp.
Kierarges morrisoni,Discinoidea?
Kierarges morrisoni,undet. Dalmanelloidea
Kierarges morrisoni,Babinka prima
Kierarges morrisoni,Ctenodonta escosurae
Kierarges morrisoni,Praenucula sp.
Kierarges morrisoni,Redonia michelae
Kierarges morrisoni,Alococoncha?
Kierarges morrisoni,Cardiolaria? sp.
Kierarges morrisoni,Cienagomya? sp.
Kierarges morrisoni,Glyptarca sp.
Kierarges morrisoni,Pelecyogyra fezouataensis
Kierarges morrisoni,Sinuites sp.
Kierarges morrisoni,Lesueurilla prima
Kierarges morrisoni,undet. Platyceratoidea
Kierarges morrisoni,undet. Monoplacophora
Kierarges morrisoni,Thoralispira laevis
Kierarges morrisoni,Thoralispira? cf. occitana
Kierarges morrisoni,Carcassonnella courtessolei
Kierarges morrisoni,Carcassonnella vizcainoi
Kierarges morrisoni,Ribeiria sp.
Kierarges morrisoni,Tolmachovia?
Kierarges morrisoni,Wiwaxiid
Kierarges morrisoni,Halkieriid
Kierarges morrisoni,Helcionelloid
Kierarges morrisoni,Calvapilosa kroegeri
Kierarges morrisoni,Possible phyllodocid
Kierarges morrisoni,Palaeoscolex cf. tenensis
Kierarges morrisoni,Priapulid
Kierarges morrisoni,Large taxon with spinose limbs
Kierarges morrisoni,Small taxon with spinose limbs
Kierarges morrisoni,Armoured lobopodian 1
Kierarges morrisoni,Armoured lobopodian 2
Kierarges morrisoni,Armoured lobopodian 3
Kierarges morrisoni,Diania-like lobopodian
Kierarges morrisoni,Furca sp. 1
Kierarges morrisoni,Furca sp. 2
Kierarges morrisoni,Furca sp. 3
Kierarges morrisoni,Marrella sp.
Kierarges morrisoni,Enosiaspis hrungnir
Kierarges morrisoni,Possible waptiid
Kierarges morrisoni, 'Synziphosurine'/Synziphosurina?
Kierarges morrisoni,Chasmataspidid
Kierarges morrisoni,Possible pycnogonid
Kierarges morrisoni,Xiphosurid
Kierarges morrisoni,Possible retifaciid
Kierarges morrisoni,Tariccoia tazagurtensis
Kierarges morrisoni,Chlupacaris? sp.
Kierarges morrisoni,Cheloniellid
Kierarges morrisoni,Phyllocarid
Kierarges morrisoni,Lepadomorph barnacle
Kierarges morrisoni,Eoduslia
Kierarges morrisoni,Asaphellus sp aff. jujuanus
Kierarges morrisoni,Kierarges morrisoni
Kierarges morrisoni,Symphysurus sicardi
Kierarges morrisoni,Symphysurus ebbestadi
Kierarges morrisoni,Symphysurus sp.
Kierarges morrisoni,Apatokephalus cf. incisus
Kierarges morrisoni,Orometopus sp.
Kierarges morrisoni,Cnemidopyge sp.
Kierarges morrisoni,Parvilichas marochii
Kierarges morrisoni,Selenopeltis aff. Gallica
Kierarges morrisoni,Selenopeltis binodosa
Kierarges morrisoni,Selenopeltis sp. 1
Kierarges morrisoni,Selenopeltis sp. 2
Kierarges morrisoni,Foulonia peregrina
Kierarges morrisoni,Foulonia sp.
Kierarges morrisoni,Toletanaspis aff. borni
Kierarges morrisoni,undet. Dalmanitacea
Kierarges morrisoni,Bathycheilus gallicus
Kierarges morrisoni,Bavarilla aff. zemmourensis
Kierarges morrisoni,Bavarilla zemmourensis
Kierarges morrisoni,Bavarilla sp.
Kierarges morrisoni,Colpocoryphe thorali
Kierarges morrisoni,Colpocoryphe pradesensis
Kierarges morrisoni,Pharostoma sp.
Kierarges morrisoni,Pharostomina sp. 
Kierarges morrisoni,Agerina quadrata
Kierarges morrisoni,Euloma sp.
Kierarges morrisoni,Geragnostus aff. occitanus
Kierarges morrisoni,Geragnostus sp.
Kierarges morrisoni,Beltella sp.
Kierarges morrisoni,Ampyx priscus
Kierarges morrisoni,Ampyx cf. priscus
Kierarges morrisoni,Ceraurinella? sp.
Kierarges morrisoni,Megalaspidella sp.
Kierarges morrisoni,Platycoryphe sp.
Kierarges morrisoni,Parabathycheilus gallicus
Kierarges morrisoni,undet. Trinucleidae
Kierarges morrisoni,Anacheirurus adserai
Kierarges morrisoni,Eoharpes sp.
Kierarges morrisoni,Nileus deynouxi
Kierarges morrisoni,Hospes sp.
Kierarges morrisoni,Ogygiocaris sp.
Kierarges morrisoni,Ormathops clariondi
Kierarges morrisoni,Pterygometopus sp.
Kierarges morrisoni,Iberocoryphe sp.
Kierarges morrisoni,cf. Niobella sp.
Kierarges morrisoni,Somasteroid indet. n. sp. 1
Kierarges morrisoni,Somasteroid indet. n. sp. 2
Kierarges morrisoni,Somasteroid indet. n. sp. 3
Kierarges morrisoni,Somasteroid indet.
Kierarges morrisoni,undet. Asteroidea
Kierarges morrisoni,undet. Stelleroidea
Kierarges morrisoni,Villebrunaster fezouataensis
Kierarges morrisoni,Palaeosphaeronites sp.
Kierarges morrisoni,Palaeosphaeronites? prokopi
Kierarges morrisoni,Aristocystites cf. bohemicus (sinuous?)
Kierarges morrisoni,Aristocystites sp.
Kierarges morrisoni,Ascocystites? sp.
Kierarges morrisoni,Balantiocystis regnelli
Kierarges morrisoni,Balantiocystis sp.
Kierarges morrisoni,Rhopalocystis sp.
Kierarges morrisoni,Rhopalocystis dehirensis
Kierarges morrisoni,Rhopalocystis destombesi
Kierarges morrisoni,Rhopalocystis fraga
Kierarges morrisoni,Rhopalocystis grandis
Kierarges morrisoni,Rhopalocystis havliceki
Kierarges morrisoni,Rhopalocystis lehmani
Kierarges morrisoni,Rhopalocystis zagoraensis
Kierarges morrisoni,Rhopalocystis sp. A
Kierarges morrisoni,Rhopalocystis sp. B
Kierarges morrisoni,Rhopalocystis sp. C
Kierarges morrisoni,cf. Rhopalocystis
Kierarges morrisoni,Lingulocystis aff. deani
Kierarges morrisoni,Lingulocystis elongata
Kierarges morrisoni,cf. Pareocrinus
Kierarges morrisoni,Eocrinoidea indet. sp. 1
Kierarges morrisoni,Eocrinoidea indet. sp. 2
Kierarges morrisoni,Eocrinoidea indet.
Kierarges morrisoni,Ramseyocrinus sp.
Kierarges morrisoni,Crinoid 2
Kierarges morrisoni,Aethocrinus cf. moorei
Kierarges morrisoni,Iocrinus n. sp.
Kierarges morrisoni,Cystoidea?/undet. Cystoidea
Kierarges morrisoni,Argodiscus espilezorum
Kierarges morrisoni,Anedriophus moroccoensis
Kierarges morrisoni,Rhenopyrgid indet.
Kierarges morrisoni,Ampelocarpus sp.
Kierarges morrisoni,Amygdalotheca griffei
Kierarges morrisoni,Anatifopsis escandei
Kierarges morrisoni,Anatifopsis trapeziiformis
Kierarges morrisoni,Anatifopsis sp.
Kierarges morrisoni,"Anomalocystid n. gen., n. sp. "
Kierarges morrisoni,Aspidocarpus sp.
Kierarges morrisoni,Arauricystis? sp.
Kierarges morrisoni,Balanocystites primus
Kierarges morrisoni,Bohemiaecystis
Kierarges morrisoni,Chauvelicystis ubaghsi
Kierarges morrisoni,Chauvelicystis spinosa
Kierarges morrisoni,Chauvelicystis vizcainoi
Kierarges morrisoni,Chauvelicystis sp.
Kierarges morrisoni,"Chauvelicystid n. gen., n. sp. 1"
Kierarges morrisoni,"Chauvelicystid n. gen., n. sp. 2"
Kierarges morrisoni,Chinianocarpos sp.
Kierarges morrisoni,"Cornuta n. gen. 1, n. sp."
Kierarges morrisoni,"Cornuta n. gen. 2, n. sp."
Kierarges morrisoni,Flabellicarpus rushtoni
Kierarges morrisoni,Flabellicarpus?
Kierarges morrisoni,Galliaecystis n. sp.
Kierarges morrisoni,Galliaecystis ubaghsi
Kierarges morrisoni,Hanusia n. sp.
Kierarges morrisoni,Lagynocystis pyramidalis
Kierarges morrisoni,Kirkocystidae?
Kierarges morrisoni,Lyricocarpus courtessolei
Kierarges morrisoni,Milonicystis sp.
Kierarges morrisoni,Mitrocystitid indet. cf. Ovocarpus
Kierarges morrisoni,Nanocarpus cf. dolambii
Kierarges morrisoni,Phyllocystis blayaci
Kierarges morrisoni,Phyllocystis sp.
Kierarges morrisoni,Procothurnocystis n. sp.
Kierarges morrisoni,Prokopicystis sp.
Kierarges morrisoni,Thoralicystis zagoraensis
Kierarges morrisoni,Thoralicystis n. sp.
Kierarges morrisoni,Vizcainocarpus sp.
Kierarges morrisoni,Cothurnocystid indetl.
Kierarges morrisoni,Hanusiid indet.
Kierarges morrisoni,Peltocystis cornuta
Kierarges morrisoni,Scotiaevystis? sp.
Kierarges morrisoni,Macrocystella sp.
Kierarges morrisoni,Macrocystella bohemica
Kierarges morrisoni,Macrocystella cf. mariae
Kierarges morrisoni,Macrocystella tasseftensis
Kierarges morrisoni,cf. Minervaecystis
Kierarges morrisoni,Plasiacystis sp.
Kierarges morrisoni,undet. Ophiuroidea
Kierarges morrisoni,Elegantilites sp.
Kierarges morrisoni,Gamalites? sp.
Kierarges morrisoni,Gompholites sp.
Kierarges morrisoni,Hyolithes sp.
Kierarges morrisoni,Pauxillites thaddei
Kierarges morrisoni,Pauxillites sp.
Platypeltoides magrebiensis,Benthic detritus
Platypeltoides magrebiensis,Ranorthis fasciata
Platypeltoides magrebiensis,undet. Athyridida
Platypeltoides magrebiensis,Acrothele sp.
Platypeltoides magrebiensis,Plectorthis simplex
Platypeltoides magrebiensis,Angusticardinia sp.
Platypeltoides magrebiensis,Lingula salteri
Platypeltoides magrebiensis,Orbithele vana
Platypeltoides magrebiensis,Paurorthis tadristensis
Platypeltoides magrebiensis,Tarfaya marocana
Platypeltoides magrebiensis,Wosekella sp.
Platypeltoides magrebiensis,Monobolina sp.
Platypeltoides magrebiensis,Elliptoglossa sp.
Platypeltoides magrebiensis,Celdobolus sp.
Platypeltoides magrebiensis,Discinoidea?
Platypeltoides magrebiensis,undet. Dalmanelloidea
Platypeltoides magrebiensis,Babinka prima
Platypeltoides magrebiensis,Ctenodonta escosurae
Platypeltoides magrebiensis,Praenucula sp.
Platypeltoides magrebiensis,Redonia michelae
Platypeltoides magrebiensis,Alococoncha?
Platypeltoides magrebiensis,Cardiolaria? sp.
Platypeltoides magrebiensis,Pelecyogyra fezouataensis
Platypeltoides magrebiensis,Sinuites sp.
Platypeltoides magrebiensis,Lesueurilla prima
Platypeltoides magrebiensis,undet. Platyceratoidea
Platypeltoides magrebiensis,undet. Monoplacophora
Platypeltoides magrebiensis,Thoralispira laevis
Platypeltoides magrebiensis,Thoralispira? cf. occitana
Platypeltoides magrebiensis,Ribeiria sp.
Platypeltoides magrebiensis,Tolmachovia?
Platypeltoides magrebiensis,Wiwaxiid
Platypeltoides magrebiensis,Halkieriid
Platypeltoides magrebiensis,Helcionelloid
Platypeltoides magrebiensis,Calvapilosa kroegeri
Platypeltoides magrebiensis,Plumulites bengtsoni
Platypeltoides magrebiensis,Large plumulitid
Platypeltoides magrebiensis,Possible phyllodocid
Platypeltoides magrebiensis,Palaeoscolex cf. tenensis
Platypeltoides magrebiensis,Priapulid
Platypeltoides magrebiensis,Large taxon with spinose limbs
Platypeltoides magrebiensis,Small taxon with spinose limbs
Platypeltoides magrebiensis,Armoured lobopodian 1
Platypeltoides magrebiensis,Armoured lobopodian 2
Platypeltoides magrebiensis,Armoured lobopodian 3
Platypeltoides magrebiensis,Diania-like lobopodian
Platypeltoides magrebiensis,Furca sp. 1
Platypeltoides magrebiensis,Furca sp. 2
Platypeltoides magrebiensis,Furca sp. 3
Platypeltoides magrebiensis,Marrella sp.
Platypeltoides magrebiensis,Enosiaspis hrungnir
Platypeltoides magrebiensis,Possible waptiid
Platypeltoides magrebiensis,Chasmataspidid
Platypeltoides magrebiensis,Possible pycnogonid
Platypeltoides magrebiensis,Xiphosurid
Platypeltoides magrebiensis,Possible retifaciid
Platypeltoides magrebiensis,Chlupacaris? sp.
Platypeltoides magrebiensis,Tremaglaspis sp.
Platypeltoides magrebiensis,Cheloniellid
Platypeltoides magrebiensis,Phyllocarid
Platypeltoides magrebiensis,Lepadomorph barnacle
Platypeltoides magrebiensis,Eoduslia
Platypeltoides magrebiensis,Asaphellus sp aff. jujuanus
Platypeltoides magrebiensis,Asaphellus sp.
Platypeltoides magrebiensis,Kierarges morrisoni
Platypeltoides magrebiensis,Playpeltoides carmenae
Platypeltoides magrebiensis,Symphysurus sicardi
Platypeltoides magrebiensis,Symphysurus ebbestadi
Platypeltoides magrebiensis,Symphysurus sp.
Platypeltoides magrebiensis,Apatokephalus cf. incisus
Platypeltoides magrebiensis,Orometopus sp.
Platypeltoides magrebiensis,Cnemidopyge sp.
Platypeltoides magrebiensis,Parvilichas marochii
Platypeltoides magrebiensis,Selenopeltis aff. Gallica
Platypeltoides magrebiensis,Selenopeltis binodosa
Platypeltoides magrebiensis,Selenopeltis sp. 1
Platypeltoides magrebiensis,Selenopeltis sp. 2
Platypeltoides magrebiensis,Harpides sp.
Platypeltoides magrebiensis,Foulonia peregrina
Platypeltoides magrebiensis,Foulonia sp.
Platypeltoides magrebiensis,Toletanaspis aff. borni
Platypeltoides magrebiensis,undet. Dalmanitacea
Platypeltoides magrebiensis,Bathycheilus gallicus
Platypeltoides magrebiensis,Bavarilla aff. zemmourensis
Platypeltoides magrebiensis,Bavarilla zemmourensis
Platypeltoides magrebiensis,Bavarilla sp.
Platypeltoides magrebiensis,Colpocoryphe thorali
Platypeltoides magrebiensis,Colpocoryphe pradesensis
Platypeltoides magrebiensis,Colpocoryphe sp.
Platypeltoides magrebiensis,Pharostoma sp.
Platypeltoides magrebiensis,Pharostomina sp. 
Platypeltoides magrebiensis,Prionocheilus aff. languedocensis
Platypeltoides magrebiensis,Prionocheilus sp.
Platypeltoides magrebiensis,Agerina quadrata
Platypeltoides magrebiensis,Euloma sp.
Platypeltoides magrebiensis,Beltella sp.
Platypeltoides magrebiensis,Ampyx priscus
Platypeltoides magrebiensis,Ampyx cf. priscus
Platypeltoides magrebiensis,Ceraurinella? sp.
Platypeltoides magrebiensis,Megalaspidella sp.
Platypeltoides magrebiensis,Megistaspis (Ekeraspis) sp. indet.
Platypeltoides magrebiensis,Platycoryphe sp.
Platypeltoides magrebiensis,Parabathycheilus gallicus
Platypeltoides magrebiensis,Anacheirurus adserai
Platypeltoides magrebiensis,Eoharpes sp.
Platypeltoides magrebiensis,Nileus deynouxi
Platypeltoides magrebiensis,Hospes sp.
Platypeltoides magrebiensis,Ogygiocaris sp.
Platypeltoides magrebiensis,Ormathops clariondi
Platypeltoides magrebiensis,Pterygometopus sp.
Platypeltoides magrebiensis,Megalaspides? sp.
Platypeltoides magrebiensis,Iberocoryphe sp.
Platypeltoides magrebiensis,cf. Niobella sp.
Platypeltoides magrebiensis,Somasteroid indet. n. sp. 1
Platypeltoides magrebiensis,Somasteroid indet. n. sp. 2
Platypeltoides magrebiensis,Somasteroid indet. n. sp. 3
Platypeltoides magrebiensis,Somasteroid indet.
Platypeltoides magrebiensis,undet. Asteroidea
Platypeltoides magrebiensis,undet. Stelleroidea
Platypeltoides magrebiensis,Villebrunaster fezouataensis
Platypeltoides magrebiensis,Palaeosphaeronites sp.
Platypeltoides magrebiensis,Palaeosphaeronites? prokopi
Platypeltoides magrebiensis,Aristocystites cf. bohemicus (sinuous?)
Platypeltoides magrebiensis,Aristocystites sp.
Platypeltoides magrebiensis,Ascocystites? sp.
Platypeltoides magrebiensis,Balantiocystis regnelli
Platypeltoides magrebiensis,Balantiocystis sp.
Platypeltoides magrebiensis,Rhopalocystis sp.
Platypeltoides magrebiensis,Rhopalocystis dehirensis
Platypeltoides magrebiensis,Rhopalocystis destombesi
Platypeltoides magrebiensis,Rhopalocystis fraga
Platypeltoides magrebiensis,Rhopalocystis grandis
Platypeltoides magrebiensis,Rhopalocystis havliceki
Platypeltoides magrebiensis,Rhopalocystis lehmani
Platypeltoides magrebiensis,Rhopalocystis zagoraensis
Platypeltoides magrebiensis,Rhopalocystis sp. A
Platypeltoides magrebiensis,Rhopalocystis sp. B
Platypeltoides magrebiensis,Rhopalocystis sp. C
Platypeltoides magrebiensis,cf. Rhopalocystis
Platypeltoides magrebiensis,Lingulocystis aff. deani
Platypeltoides magrebiensis,Lingulocystis elongata
Platypeltoides magrebiensis,cf. Pareocrinus
Platypeltoides magrebiensis,Eocrinoidea indet. sp. 1
Platypeltoides magrebiensis,Eocrinoidea indet. sp. 2
Platypeltoides magrebiensis,Eocrinoidea indet.
Platypeltoides magrebiensis,Ramseyocrinus sp.
Platypeltoides magrebiensis,Crinoid 2
Platypeltoides magrebiensis,Aethocrinus cf. moorei
Platypeltoides magrebiensis,Iocrinus n. sp.
Platypeltoides magrebiensis,Cystoidea?/undet. Cystoidea
Platypeltoides magrebiensis,Argodiscus espilezorum
Platypeltoides magrebiensis,Anedriophus moroccoensis
Platypeltoides magrebiensis,Rhenopyrgid indet.
Platypeltoides magrebiensis,Ampelocarpus sp.
Platypeltoides magrebiensis,Amygdalotheca griffei
Platypeltoides magrebiensis,Anatifopsis escandei
Platypeltoides magrebiensis,Anatifopsis trapeziiformis
Platypeltoides magrebiensis,Anatifopsis sp.
Platypeltoides magrebiensis,"Anomalocystid n. gen., n. sp. "
Platypeltoides magrebiensis,Aspidocarpus sp.
Platypeltoides magrebiensis,Arauricystis? sp.
Platypeltoides magrebiensis,Balanocystites primus
Platypeltoides magrebiensis,Bohemiaecystis
Platypeltoides magrebiensis,Chauvelicystis ubaghsi
Platypeltoides magrebiensis,Chauvelicystis spinosa
Platypeltoides magrebiensis,Chauvelicystis vizcainoi
Platypeltoides magrebiensis,Chauvelicystis sp.
Platypeltoides magrebiensis,"Chauvelicystid n. gen., n. sp. 1"
Platypeltoides magrebiensis,"Chauvelicystid n. gen., n. sp. 2"
Platypeltoides magrebiensis,Chinianocarpos sp.
Platypeltoides magrebiensis,"Cornuta n. gen. 1, n. sp."
Platypeltoides magrebiensis,"Cornuta n. gen. 2, n. sp."
Platypeltoides magrebiensis,Flabellicarpus rushtoni
Platypeltoides magrebiensis,Flabellicarpus?
Platypeltoides magrebiensis,Galliaecystis n. sp.
Platypeltoides magrebiensis,Galliaecystis ubaghsi
Platypeltoides magrebiensis,Hanusia n. sp.
Platypeltoides magrebiensis,Lagynocystis pyramidalis
Platypeltoides magrebiensis,Lyricocarpus courtessolei
Platypeltoides magrebiensis,Milonicystis sp.
Platypeltoides magrebiensis,Mitrocystitid indet. cf. Ovocarpus
Platypeltoides magrebiensis,Nanocarpus cf. dolambii
Platypeltoides magrebiensis,Phyllocystis blayaci
Platypeltoides magrebiensis,Phyllocystis sp.
Platypeltoides magrebiensis,Procothurnocystis n. sp.
Platypeltoides magrebiensis,Prokopicystis sp.
Platypeltoides magrebiensis,Thoralicystis zagoraensis
Platypeltoides magrebiensis,Thoralicystis n. sp.
Platypeltoides magrebiensis,Vizcainocarpus sp.
Platypeltoides magrebiensis,Cothurnocystid indetl.
Platypeltoides magrebiensis,Hanusiid indet.
Platypeltoides magrebiensis,Peltocystis cornuta
Platypeltoides magrebiensis,Scotiaevystis? sp.
Platypeltoides magrebiensis,Macrocystella sp.
Platypeltoides magrebiensis,Macrocystella bohemica
Platypeltoides magrebiensis,Macrocystella cf. mariae
Platypeltoides magrebiensis,Macrocystella tasseftensis
Platypeltoides magrebiensis,cf. Castericystis
Platypeltoides magrebiensis,cf. Minervaecystis
Platypeltoides magrebiensis,Plasiacystis mobilis
Platypeltoides magrebiensis,Plasiacystis sp.
Platypeltoides magrebiensis,undet. Ophiuroidea
Platypeltoides magrebiensis,Elegantilites sp.
Platypeltoides magrebiensis,Gamalites? sp.
Platypeltoides magrebiensis,Gompholites sp.
Platypeltoides magrebiensis,Nephrotheca sp.
Platypeltoides magrebiensis,Hyolithes sp.
Platypeltoides magrebiensis,Pauxillites thaddei
Platypeltoides magrebiensis,Pauxillites sp.
Platypeltoides hammondi,Benthic detritus
Platypeltoides hammondi,Ranorthis fasciata
Platypeltoides hammondi,undet. Athyridida
Platypeltoides hammondi,Acrothele sp.
Platypeltoides hammondi,Plectorthis simplex
Platypeltoides hammondi,Angusticardinia sp.
Platypeltoides hammondi,Lingula salteri
Platypeltoides hammondi,Orbithele vana
Platypeltoides hammondi,Paurorthis tadristensis
Platypeltoides hammondi,Tarfaya marocana
Platypeltoides hammondi,Wosekella sp.
Platypeltoides hammondi,Monobolina sp.
Platypeltoides hammondi,Elliptoglossa sp.
Platypeltoides hammondi,Celdobolus sp.
Platypeltoides hammondi,Discinoidea?
Platypeltoides hammondi,undet. Dalmanelloidea
Platypeltoides hammondi,Babinka prima
Platypeltoides hammondi,Ctenodonta escosurae
Platypeltoides hammondi,Praenucula sp.
Platypeltoides hammondi,Redonia michelae
Platypeltoides hammondi,Alococoncha?
Platypeltoides hammondi,Cardiolaria? sp.
Platypeltoides hammondi,Cienagomya? sp.
Platypeltoides hammondi,Glyptarca sp.
Platypeltoides hammondi,Pelecyogyra fezouataensis
Platypeltoides hammondi,Sinuites sp.
Platypeltoides hammondi,Lesueurilla prima
Platypeltoides hammondi,undet. Platyceratoidea
Platypeltoides hammondi,undet. Monoplacophora
Platypeltoides hammondi,Thoralispira laevis
Platypeltoides hammondi,Thoralispira? cf. occitana
Platypeltoides hammondi,Carcassonnella courtessolei
Platypeltoides hammondi,Carcassonnella vizcainoi
Platypeltoides hammondi,Ribeiria sp.
Platypeltoides hammondi,Tolmachovia?
Platypeltoides hammondi,Wiwaxiid
Platypeltoides hammondi,Halkieriid
Platypeltoides hammondi,Helcionelloid
Platypeltoides hammondi,Calvapilosa kroegeri
Platypeltoides hammondi,Possible phyllodocid
Platypeltoides hammondi,Palaeoscolex cf. tenensis
Platypeltoides hammondi,Priapulid
Platypeltoides hammondi,Large taxon with spinose limbs
Platypeltoides hammondi,Small taxon with spinose limbs
Platypeltoides hammondi,Armoured lobopodian 1
Platypeltoides hammondi,Armoured lobopodian 2
Platypeltoides hammondi,Armoured lobopodian 3
Platypeltoides hammondi,Diania-like lobopodian
Platypeltoides hammondi,Furca sp. 1
Platypeltoides hammondi,Furca sp. 2
Platypeltoides hammondi,Furca sp. 3
Platypeltoides hammondi,Marrella sp.
Platypeltoides hammondi,Enosiaspis hrungnir
Platypeltoides hammondi,Possible waptiid
Platypeltoides hammondi, 'Synziphosurine'/Synziphosurina?
Platypeltoides hammondi,Chasmataspidid
Platypeltoides hammondi,Possible pycnogonid
Platypeltoides hammondi,Xiphosurid
Platypeltoides hammondi,Possible retifaciid
Platypeltoides hammondi,Tariccoia tazagurtensis
Platypeltoides hammondi,Chlupacaris? sp.
Platypeltoides hammondi,Cheloniellid
Platypeltoides hammondi,Phyllocarid
Platypeltoides hammondi,Lepadomorph barnacle
Platypeltoides hammondi,Eoduslia
Platypeltoides hammondi,Asaphellus sp aff. jujuanus
Platypeltoides hammondi,Kierarges morrisoni
Platypeltoides hammondi,Symphysurus sicardi
Platypeltoides hammondi,Symphysurus ebbestadi
Platypeltoides hammondi,Symphysurus sp.
Platypeltoides hammondi,Apatokephalus cf. incisus
Platypeltoides hammondi,Orometopus sp.
Platypeltoides hammondi,Cnemidopyge sp.
Platypeltoides hammondi,Parvilichas marochii
Platypeltoides hammondi,Selenopeltis aff. Gallica
Platypeltoides hammondi,Selenopeltis binodosa
Platypeltoides hammondi,Selenopeltis sp. 1
Platypeltoides hammondi,Selenopeltis sp. 2
Platypeltoides hammondi,Foulonia peregrina
Platypeltoides hammondi,Foulonia sp.
Platypeltoides hammondi,Toletanaspis aff. borni
Platypeltoides hammondi,undet. Dalmanitacea
Platypeltoides hammondi,Bathycheilus gallicus
Platypeltoides hammondi,Bavarilla aff. zemmourensis
Platypeltoides hammondi,Bavarilla zemmourensis
Platypeltoides hammondi,Bavarilla sp.
Platypeltoides hammondi,Colpocoryphe thorali
Platypeltoides hammondi,Colpocoryphe pradesensis
Platypeltoides hammondi,Pharostoma sp.
Platypeltoides hammondi,Pharostomina sp. 
Platypeltoides hammondi,Agerina quadrata
Platypeltoides hammondi,Euloma sp.
Platypeltoides hammondi,Geragnostus aff. occitanus
Platypeltoides hammondi,Geragnostus sp.
Platypeltoides hammondi,Beltella sp.
Platypeltoides hammondi,Ampyx priscus
Platypeltoides hammondi,Ampyx cf. priscus
Platypeltoides hammondi,Ceraurinella? sp.
Platypeltoides hammondi,Megalaspidella sp.
Platypeltoides hammondi,Platycoryphe sp.
Platypeltoides hammondi,Parabathycheilus gallicus
Platypeltoides hammondi,undet. Trinucleidae
Platypeltoides hammondi,Anacheirurus adserai
Platypeltoides hammondi,Eoharpes sp.
Platypeltoides hammondi,Nileus deynouxi
Platypeltoides hammondi,Hospes sp.
Platypeltoides hammondi,Ogygiocaris sp.
Platypeltoides hammondi,Ormathops clariondi
Platypeltoides hammondi,Pterygometopus sp.
Platypeltoides hammondi,Iberocoryphe sp.
Platypeltoides hammondi,cf. Niobella sp.
Platypeltoides hammondi,Somasteroid indet. n. sp. 1
Platypeltoides hammondi,Somasteroid indet. n. sp. 2
Platypeltoides hammondi,Somasteroid indet. n. sp. 3
Platypeltoides hammondi,Somasteroid indet.
Platypeltoides hammondi,undet. Asteroidea
Platypeltoides hammondi,undet. Stelleroidea
Platypeltoides hammondi,Villebrunaster fezouataensis
Platypeltoides hammondi,Palaeosphaeronites sp.
Platypeltoides hammondi,Palaeosphaeronites? prokopi
Platypeltoides hammondi,Aristocystites cf. bohemicus (sinuous?)
Platypeltoides hammondi,Aristocystites sp.
Platypeltoides hammondi,Ascocystites? sp.
Platypeltoides hammondi,Balantiocystis regnelli
Platypeltoides hammondi,Balantiocystis sp.
Platypeltoides hammondi,Rhopalocystis sp.
Platypeltoides hammondi,Rhopalocystis dehirensis
Platypeltoides hammondi,Rhopalocystis destombesi
Platypeltoides hammondi,Rhopalocystis fraga
Platypeltoides hammondi,Rhopalocystis grandis
Platypeltoides hammondi,Rhopalocystis havliceki
Platypeltoides hammondi,Rhopalocystis lehmani
Platypeltoides hammondi,Rhopalocystis zagoraensis
Platypeltoides hammondi,Rhopalocystis sp. A
Platypeltoides hammondi,Rhopalocystis sp. B
Platypeltoides hammondi,Rhopalocystis sp. C
Platypeltoides hammondi,cf. Rhopalocystis
Platypeltoides hammondi,Lingulocystis aff. deani
Platypeltoides hammondi,Lingulocystis elongata
Platypeltoides hammondi,cf. Pareocrinus
Platypeltoides hammondi,Eocrinoidea indet. sp. 1
Platypeltoides hammondi,Eocrinoidea indet. sp. 2
Platypeltoides hammondi,Eocrinoidea indet.
Platypeltoides hammondi,Ramseyocrinus sp.
Platypeltoides hammondi,Crinoid 2
Platypeltoides hammondi,Aethocrinus cf. moorei
Platypeltoides hammondi,Iocrinus n. sp.
Platypeltoides hammondi,Cystoidea?/undet. Cystoidea
Platypeltoides hammondi,Argodiscus espilezorum
Platypeltoides hammondi,Anedriophus moroccoensis
Platypeltoides hammondi,Rhenopyrgid indet.
Platypeltoides hammondi,Ampelocarpus sp.
Platypeltoides hammondi,Amygdalotheca griffei
Platypeltoides hammondi,Anatifopsis escandei
Platypeltoides hammondi,Anatifopsis trapeziiformis
Platypeltoides hammondi,Anatifopsis sp.
Platypeltoides hammondi,"Anomalocystid n. gen., n. sp. "
Platypeltoides hammondi,Aspidocarpus sp.
Platypeltoides hammondi,Arauricystis? sp.
Platypeltoides hammondi,Balanocystites primus
Platypeltoides hammondi,Bohemiaecystis
Platypeltoides hammondi,Chauvelicystis ubaghsi
Platypeltoides hammondi,Chauvelicystis spinosa
Platypeltoides hammondi,Chauvelicystis vizcainoi
Platypeltoides hammondi,Chauvelicystis sp.
Platypeltoides hammondi,"Chauvelicystid n. gen., n. sp. 1"
Platypeltoides hammondi,"Chauvelicystid n. gen., n. sp. 2"
Platypeltoides hammondi,Chinianocarpos sp.
Platypeltoides hammondi,"Cornuta n. gen. 1, n. sp."
Platypeltoides hammondi,"Cornuta n. gen. 2, n. sp."
Platypeltoides hammondi,Flabellicarpus rushtoni
Platypeltoides hammondi,Flabellicarpus?
Platypeltoides hammondi,Galliaecystis n. sp.
Platypeltoides hammondi,Galliaecystis ubaghsi
Platypeltoides hammondi,Hanusia n. sp.
Platypeltoides hammondi,Lagynocystis pyramidalis
Platypeltoides hammondi,Kirkocystidae?
Platypeltoides hammondi,Lyricocarpus courtessolei
Platypeltoides hammondi,Milonicystis sp.
Platypeltoides hammondi,Mitrocystitid indet. cf. Ovocarpus
Platypeltoides hammondi,Nanocarpus cf. dolambii
Platypeltoides hammondi,Phyllocystis blayaci
Platypeltoides hammondi,Phyllocystis sp.
Platypeltoides hammondi,Procothurnocystis n. sp.
Platypeltoides hammondi,Prokopicystis sp.
Platypeltoides hammondi,Thoralicystis zagoraensis
Platypeltoides hammondi,Thoralicystis n. sp.
Platypeltoides hammondi,Vizcainocarpus sp.
Platypeltoides hammondi,Cothurnocystid indetl.
Platypeltoides hammondi,Hanusiid indet.
Platypeltoides hammondi,Peltocystis cornuta
Platypeltoides hammondi,Scotiaevystis? sp.
Platypeltoides hammondi,Macrocystella sp.
Platypeltoides hammondi,Macrocystella bohemica
Platypeltoides hammondi,Macrocystella cf. mariae
Platypeltoides hammondi,Macrocystella tasseftensis
Platypeltoides hammondi,cf. Minervaecystis
Platypeltoides hammondi,Plasiacystis sp.
Platypeltoides hammondi,undet. Ophiuroidea
Platypeltoides hammondi,Elegantilites sp.
Platypeltoides hammondi,Gamalites? sp.
Platypeltoides hammondi,Gompholites sp.
Platypeltoides hammondi,Hyolithes sp.
Platypeltoides hammondi,Pauxillites thaddei
Platypeltoides hammondi,Pauxillites sp.
Playpeltoides carmenae,Benthic detritus
Playpeltoides carmenae,Ranorthis fasciata
Playpeltoides carmenae,undet. Athyridida
Playpeltoides carmenae,Acrothele sp.
Playpeltoides carmenae,Plectorthis simplex
Playpeltoides carmenae,Angusticardinia sp.
Playpeltoides carmenae,Lingula salteri
Playpeltoides carmenae,Orbithele vana
Playpeltoides carmenae,Paurorthis tadristensis
Playpeltoides carmenae,Tarfaya marocana
Playpeltoides carmenae,Wosekella sp.
Playpeltoides carmenae,Monobolina sp.
Playpeltoides carmenae,Elliptoglossa sp.
Playpeltoides carmenae,Celdobolus sp.
Playpeltoides carmenae,Discinoidea?
Playpeltoides carmenae,undet. Dalmanelloidea
Playpeltoides carmenae,Bryozoan
Playpeltoides carmenae,Ctenodonta escosurae
Playpeltoides carmenae,Praenucula sp.
Playpeltoides carmenae,Redonia michelae
Playpeltoides carmenae,Coxiconchia guiraudi
Playpeltoides carmenae,Alococoncha?
Playpeltoides carmenae,Cardiolaria? sp.
Playpeltoides carmenae,Cienagomya? sp.
Playpeltoides carmenae,Ekaterodonta courtessolei
Playpeltoides carmenae,Glyptarca sp.
Playpeltoides carmenae,Sinuites sp.
Playpeltoides carmenae,Lesueurilla prima
Playpeltoides carmenae,undet. Platyceratoidea
Playpeltoides carmenae,undet. Monoplacophora
Playpeltoides carmenae,Carcassonnella courtessolei
Playpeltoides carmenae,Carcassonnella vizcainoi
Playpeltoides carmenae,Carcassonnella sp.
Playpeltoides carmenae,Ribeiria sp.
Playpeltoides carmenae,Wiwaxiid
Playpeltoides carmenae,Helcionelloid
Playpeltoides carmenae,Possible phyllodocid
Playpeltoides carmenae,Priapulid
Playpeltoides carmenae,Large taxon with spinose limbs
Playpeltoides carmenae,Small taxon with spinose limbs
Playpeltoides carmenae,Armoured lobopodian 1
Playpeltoides carmenae,Armoured lobopodian 2
Playpeltoides carmenae,Armoured lobopodian 3
Playpeltoides carmenae,Diania-like lobopodian
Playpeltoides carmenae,Furca sp. 1
Playpeltoides carmenae,Furca sp. 2
Playpeltoides carmenae,Furca sp. 3
Playpeltoides carmenae,Enosiaspis hrungnir
Playpeltoides carmenae, 'Synziphosurine'/Synziphosurina?
Playpeltoides carmenae,Chasmataspidid
Playpeltoides carmenae,Possible pycnogonid
Playpeltoides carmenae,Possible retifaciid
Playpeltoides carmenae,Tariccoia tazagurtensis
Playpeltoides carmenae,Cheloniellid
Playpeltoides carmenae,Phyllocarid
Playpeltoides carmenae,Ostracod
Playpeltoides carmenae,Lepadomorph barnacle
Playpeltoides carmenae,Apatokephalus cf. incisus
Playpeltoides carmenae,undet. Dikelocephalidae
Playpeltoides carmenae,undet. Illaenacea
Playpeltoides carmenae,Orometopus sp.
Playpeltoides carmenae,Cnemidopyge sp.
Playpeltoides carmenae,Toletanaspis aff. borni
Playpeltoides carmenae,Bathycheilus gallicus
Playpeltoides carmenae,Colpocoryphe thorali
Playpeltoides carmenae,Agerina quadrata
Playpeltoides carmenae,Geragnostus aff. occitanus
Playpeltoides carmenae,Geragnostus sp.
Playpeltoides carmenae,Ampyx priscus
Playpeltoides carmenae,Ampyx cf. priscus
Playpeltoides carmenae,Parabathycheilus gallicus
Playpeltoides carmenae,Proetidae?
Playpeltoides carmenae,undet. Trinucleidae
Playpeltoides carmenae,Nileus deynouxi
Playpeltoides carmenae,Hospes sp.
Playpeltoides carmenae,Ogygiocaris sp.
Playpeltoides carmenae,cf. Niobella sp.
Playpeltoides carmenae,Somasteroid indet. n. sp. 1
Playpeltoides carmenae,Somasteroid indet. n. sp. 2
Playpeltoides carmenae,Somasteroid indet. n. sp. 3
Playpeltoides carmenae,Somasteroid indet.
Playpeltoides carmenae,undet. Asteroidea
Playpeltoides carmenae,Palaeosphaeronites sp.
Playpeltoides carmenae,Palaeosphaeronites? prokopi
Playpeltoides carmenae,Aristocystites cf. bohemicus (sinuous?)
Playpeltoides carmenae,Aristocystites sp.
Playpeltoides carmenae,Balantiocystis regnelli
Playpeltoides carmenae,Balantiocystis sp.
Playpeltoides carmenae,Rhopalocystis sp.
Playpeltoides carmenae,Rhopalocystis dehirensis
Playpeltoides carmenae,Rhopalocystis destombesi
Playpeltoides carmenae,Rhopalocystis fraga
Playpeltoides carmenae,Rhopalocystis grandis
Playpeltoides carmenae,Rhopalocystis havliceki
Playpeltoides carmenae,Rhopalocystis lehmani
Playpeltoides carmenae,Rhopalocystis zagoraensis
Playpeltoides carmenae,Rhopalocystis sp. A
Playpeltoides carmenae,Rhopalocystis sp. B
Playpeltoides carmenae,Rhopalocystis sp. C
Playpeltoides carmenae,cf. Rhopalocystis
Playpeltoides carmenae,Lingulocystis aff. deani
Playpeltoides carmenae,Lingulocystis elongata
Playpeltoides carmenae,cf. Pareocrinus
Playpeltoides carmenae,Eocrinoidea indet. sp. 1
Playpeltoides carmenae,Eocrinoidea indet. sp. 2
Playpeltoides carmenae,Eocrinoidea indet.
Playpeltoides carmenae,Ramseyocrinus sp.
Playpeltoides carmenae,Crinoid 2
Playpeltoides carmenae,Aethocrinus cf. moorei
Playpeltoides carmenae,Iocrinus n. sp.
Playpeltoides carmenae,Cystoidea?/undet. Cystoidea
Playpeltoides carmenae,Argodiscus espilezorum
Playpeltoides carmenae,Anedriophus moroccoensis
Playpeltoides carmenae,Rhenopyrgid indet.
Playpeltoides carmenae,Ampelocarpus sp.
Playpeltoides carmenae,Amygdalotheca griffei
Playpeltoides carmenae,Anatifopsis escandei
Playpeltoides carmenae,Anatifopsis trapeziiformis
Playpeltoides carmenae,Anatifopsis sp.
Playpeltoides carmenae,"Anomalocystid n. gen., n. sp. "
Playpeltoides carmenae,Aspidocarpus sp.
Playpeltoides carmenae,Arauricystis? sp.
Playpeltoides carmenae,Balanocystites primus
Playpeltoides carmenae,Bohemiaecystis
Playpeltoides carmenae,Chauvelicystis ubaghsi
Playpeltoides carmenae,Chauvelicystis spinosa
Playpeltoides carmenae,Chauvelicystis vizcainoi
Playpeltoides carmenae,Chauvelicystis sp.
Playpeltoides carmenae,"Chauvelicystid n. gen., n. sp. 1"
Playpeltoides carmenae,"Chauvelicystid n. gen., n. sp. 2"
Playpeltoides carmenae,Chinianocarpos sp.
Playpeltoides carmenae,"Cornuta n. gen. 1, n. sp."
Playpeltoides carmenae,"Cornuta n. gen. 2, n. sp."
Playpeltoides carmenae,Flabellicarpus rushtoni
Playpeltoides carmenae,Flabellicarpus?
Playpeltoides carmenae,Galliaecystis n. sp.
Playpeltoides carmenae,Galliaecystis ubaghsi
Playpeltoides carmenae,Hanusia n. sp.
Playpeltoides carmenae,Lagynocystis pyramidalis
Playpeltoides carmenae,Kirkocystidae?
Playpeltoides carmenae,Lyricocarpus courtessolei
Playpeltoides carmenae,Milonicystis sp.
Playpeltoides carmenae,Mitrocystitid indet. cf. Ovocarpus
Playpeltoides carmenae,Nanocarpus cf. dolambii
Playpeltoides carmenae,Phyllocystis blayaci
Playpeltoides carmenae,Phyllocystis sp.
Playpeltoides carmenae,Procothurnocystis n. sp.
Playpeltoides carmenae,Prokopicystis sp.
Playpeltoides carmenae,Thoralicystis zagoraensis
Playpeltoides carmenae,Thoralicystis n. sp.
Playpeltoides carmenae,Vizcainocarpus sp.
Playpeltoides carmenae,Cothurnocystid indetl.
Playpeltoides carmenae,Hanusiid indet.
Playpeltoides carmenae,Peltocystis cornuta
Playpeltoides carmenae,Scotiaevystis? sp.
Playpeltoides carmenae,Macrocystella sp.
Playpeltoides carmenae,Macrocystella bohemica
Playpeltoides carmenae,Macrocystella cf. mariae
Playpeltoides carmenae,Macrocystella tasseftensis
Playpeltoides carmenae,undet. Ophiuroidea
Playpeltoides carmenae,Didymograptus cf. arcuatus
Playpeltoides carmenae,Didymograptus deflexus
Playpeltoides carmenae,Didymograptus extensus
Playpeltoides carmenae,Didymograptus v-fractus
Playpeltoides carmenae,Didymograptus intendus
Playpeltoides carmenae,Didymograptus pennatulus
Playpeltoides carmenae,Didymograptus nanus
Playpeltoides carmenae,Didymograptus nitidus
Playpeltoides carmenae,Didymograptus patulus
Playpeltoides carmenae,Didymograptus sparsus
Playpeltoides carmenae,"""Didymograptus sp. 1"""
Playpeltoides carmenae,Didymograptus sp.
Playpeltoides carmenae,Didymograptid indet.
Playpeltoides carmenae,Koremagraptus sp.
Playpeltoides carmenae,Dictyonema sp.
Playpeltoides carmenae,Tuboid
Playpeltoides carmenae,?Cymatograptus protobalticus
Playpeltoides carmenae,Webbyites felix
Playpeltoides carmenae,Rhabdopleura-like epibiont
Playpeltoides carmenae,Hyolithes sp.
Symphysurus sicardi,Benthic detritus
Symphysurus sicardi,Ranorthis fasciata
Symphysurus sicardi,Acrothele sp.
Symphysurus sicardi,Plectorthis simplex
Symphysurus sicardi,Angusticardinia sp.
Symphysurus sicardi,Lingula salteri
Symphysurus sicardi,Orbithele vana
Symphysurus sicardi,Paurorthis tadristensis
Symphysurus sicardi,Tarfaya marocana
Symphysurus sicardi,Wosekella sp.
Symphysurus sicardi,Monobolina sp.
Symphysurus sicardi,Elliptoglossa sp.
Symphysurus sicardi,Celdobolus sp.
Symphysurus sicardi,Discinoidea?
Symphysurus sicardi,undet. Dalmanelloidea
Symphysurus sicardi,Bryozoan
Symphysurus sicardi,Ctenodonta escosurae
Symphysurus sicardi,Redonia michelae
Symphysurus sicardi,Coxiconchia guiraudi
Symphysurus sicardi,Alococoncha?
Symphysurus sicardi,Cardiolaria? sp.
Symphysurus sicardi,Cienagomya? sp.
Symphysurus sicardi,Ekaterodonta courtessolei
Symphysurus sicardi,Glyptarca sp.
Symphysurus sicardi,Lesueurilla prima
Symphysurus sicardi,undet. Monoplacophora
Symphysurus sicardi,Carcassonnella courtessolei
Symphysurus sicardi,Carcassonnella vizcainoi
Symphysurus sicardi,Carcassonnella sp.
Symphysurus sicardi,Wiwaxiid
Symphysurus sicardi,Helcionelloid
Symphysurus sicardi,Priapulid
Symphysurus sicardi,Large taxon with spinose limbs
Symphysurus sicardi,Small taxon with spinose limbs
Symphysurus sicardi,Armoured lobopodian 1
Symphysurus sicardi,Armoured lobopodian 2
Symphysurus sicardi,Armoured lobopodian 3
Symphysurus sicardi,Diania-like lobopodian
Symphysurus sicardi,Enosiaspis hrungnir
Symphysurus sicardi, 'Synziphosurine'/Synziphosurina?
Symphysurus sicardi,Possible pycnogonid
Symphysurus sicardi,Possible retifaciid
Symphysurus sicardi,Tariccoia tazagurtensis
Symphysurus sicardi,Ostracod
Symphysurus sicardi,undet. Dikelocephalidae
Symphysurus sicardi,undet. Illaenacea
Symphysurus sicardi,Orometopus sp.
Symphysurus sicardi,Agerina quadrata
Symphysurus sicardi,Geragnostus aff. occitanus
Symphysurus sicardi,Geragnostus sp.
Symphysurus sicardi,Ampyx priscus
Symphysurus sicardi,Ampyx cf. priscus
Symphysurus sicardi,Parabathycheilus gallicus
Symphysurus sicardi,Proetidae?
Symphysurus sicardi,undet. Trinucleidae
Symphysurus sicardi,Nileus deynouxi
Symphysurus sicardi,Hospes sp.
Symphysurus sicardi,Palaeosphaeronites sp.
Symphysurus sicardi,Palaeosphaeronites? prokopi
Symphysurus sicardi,Aristocystites cf. bohemicus (sinuous?)
Symphysurus sicardi,Aristocystites sp.
Symphysurus sicardi,Balantiocystis regnelli
Symphysurus sicardi,Balantiocystis sp.
Symphysurus sicardi,Rhopalocystis sp.
Symphysurus sicardi,Rhopalocystis dehirensis
Symphysurus sicardi,Rhopalocystis destombesi
Symphysurus sicardi,Rhopalocystis fraga
Symphysurus sicardi,Rhopalocystis grandis
Symphysurus sicardi,Rhopalocystis havliceki
Symphysurus sicardi,Rhopalocystis lehmani
Symphysurus sicardi,Rhopalocystis zagoraensis
Symphysurus sicardi,Rhopalocystis sp. A
Symphysurus sicardi,Rhopalocystis sp. B
Symphysurus sicardi,Rhopalocystis sp. C
Symphysurus sicardi,cf. Rhopalocystis
Symphysurus sicardi,Lingulocystis aff. deani
Symphysurus sicardi,Lingulocystis elongata
Symphysurus sicardi,cf. Pareocrinus
Symphysurus sicardi,Eocrinoidea indet. sp. 1
Symphysurus sicardi,Eocrinoidea indet. sp. 2
Symphysurus sicardi,Eocrinoidea indet.
Symphysurus sicardi,Ramseyocrinus sp.
Symphysurus sicardi,Crinoid 2
Symphysurus sicardi,Aethocrinus cf. moorei
Symphysurus sicardi,Iocrinus n. sp.
Symphysurus sicardi,Cystoidea?/undet. Cystoidea
Symphysurus sicardi,Argodiscus espilezorum
Symphysurus sicardi,Anedriophus moroccoensis
Symphysurus sicardi,Rhenopyrgid indet.
Symphysurus sicardi,Ampelocarpus sp.
Symphysurus sicardi,Amygdalotheca griffei
Symphysurus sicardi,Anatifopsis escandei
Symphysurus sicardi,Anatifopsis trapeziiformis
Symphysurus sicardi,Anatifopsis sp.
Symphysurus sicardi,"Anomalocystid n. gen., n. sp. "
Symphysurus sicardi,Aspidocarpus sp.
Symphysurus sicardi,Arauricystis? sp.
Symphysurus sicardi,Balanocystites primus
Symphysurus sicardi,Bohemiaecystis
Symphysurus sicardi,Chauvelicystis ubaghsi
Symphysurus sicardi,Chauvelicystis spinosa
Symphysurus sicardi,Chauvelicystis vizcainoi
Symphysurus sicardi,Chauvelicystis sp.
Symphysurus sicardi,"Chauvelicystid n. gen., n. sp. 1"
Symphysurus sicardi,"Chauvelicystid n. gen., n. sp. 2"
Symphysurus sicardi,Chinianocarpos sp.
Symphysurus sicardi,"Cornuta n. gen. 1, n. sp."
Symphysurus sicardi,"Cornuta n. gen. 2, n. sp."
Symphysurus sicardi,Flabellicarpus rushtoni
Symphysurus sicardi,Galliaecystis n. sp.
Symphysurus sicardi,Galliaecystis ubaghsi
Symphysurus sicardi,Lagynocystis pyramidalis
Symphysurus sicardi,Kirkocystidae?
Symphysurus sicardi,Lyricocarpus courtessolei
Symphysurus sicardi,Milonicystis sp.
Symphysurus sicardi,Mitrocystitid indet. cf. Ovocarpus
Symphysurus sicardi,Nanocarpus cf. dolambii
Symphysurus sicardi,Phyllocystis blayaci
Symphysurus sicardi,Phyllocystis sp.
Symphysurus sicardi,Procothurnocystis n. sp.
Symphysurus sicardi,Prokopicystis sp.
Symphysurus sicardi,Thoralicystis zagoraensis
Symphysurus sicardi,Vizcainocarpus sp.
Symphysurus sicardi,Cothurnocystid indetl.
Symphysurus sicardi,Peltocystis cornuta
Symphysurus sicardi,Scotiaevystis? sp.
Symphysurus sicardi,Macrocystella sp.
Symphysurus sicardi,Macrocystella bohemica
Symphysurus sicardi,Macrocystella cf. mariae
Symphysurus sicardi,Macrocystella tasseftensis
Symphysurus sicardi,undet. Ophiuroidea
Symphysurus sicardi,Didymograptus cf. arcuatus
Symphysurus sicardi,Didymograptus deflexus
Symphysurus sicardi,Didymograptus extensus
Symphysurus sicardi,Didymograptus v-fractus
Symphysurus sicardi,Didymograptus intendus
Symphysurus sicardi,Didymograptus pennatulus
Symphysurus sicardi,Didymograptus nanus
Symphysurus sicardi,Didymograptus nitidus
Symphysurus sicardi,Didymograptus patulus
Symphysurus sicardi,Didymograptus sparsus
Symphysurus sicardi,"""Didymograptus sp. 1"""
Symphysurus sicardi,Didymograptus sp.
Symphysurus sicardi,Didymograptid indet.
Symphysurus sicardi,Koremagraptus sp.
Symphysurus sicardi,Dictyonema sp.
Symphysurus sicardi,Tuboid
Symphysurus sicardi,?Cymatograptus protobalticus
Symphysurus sicardi,Webbyites felix
Symphysurus sicardi,Rhabdopleura-like epibiont
Symphysurus sicardi,Hyolithes sp.
Symphysurus ebbestadi,Benthic detritus
Symphysurus ebbestadi,Ranorthis fasciata
Symphysurus ebbestadi,Acrothele sp.
Symphysurus ebbestadi,Plectorthis simplex
Symphysurus ebbestadi,Angusticardinia sp.
Symphysurus ebbestadi,Lingula salteri
Symphysurus ebbestadi,Orbithele vana
Symphysurus ebbestadi,Paurorthis tadristensis
Symphysurus ebbestadi,Tarfaya marocana
Symphysurus ebbestadi,Wosekella sp.
Symphysurus ebbestadi,Monobolina sp.
Symphysurus ebbestadi,Elliptoglossa sp.
Symphysurus ebbestadi,Celdobolus sp.
Symphysurus ebbestadi,Discinoidea?
Symphysurus ebbestadi,undet. Dalmanelloidea
Symphysurus ebbestadi,Bryozoan
Symphysurus ebbestadi,Ctenodonta escosurae
Symphysurus ebbestadi,Redonia michelae
Symphysurus ebbestadi,Coxiconchia guiraudi
Symphysurus ebbestadi,Alococoncha?
Symphysurus ebbestadi,Cardiolaria? sp.
Symphysurus ebbestadi,Cienagomya? sp.
Symphysurus ebbestadi,Ekaterodonta courtessolei
Symphysurus ebbestadi,Glyptarca sp.
Symphysurus ebbestadi,Lesueurilla prima
Symphysurus ebbestadi,undet. Monoplacophora
Symphysurus ebbestadi,Carcassonnella courtessolei
Symphysurus ebbestadi,Carcassonnella vizcainoi
Symphysurus ebbestadi,Carcassonnella sp.
Symphysurus ebbestadi,Wiwaxiid
Symphysurus ebbestadi,Helcionelloid
Symphysurus ebbestadi,Priapulid
Symphysurus ebbestadi,Large taxon with spinose limbs
Symphysurus ebbestadi,Small taxon with spinose limbs
Symphysurus ebbestadi,Armoured lobopodian 1
Symphysurus ebbestadi,Armoured lobopodian 2
Symphysurus ebbestadi,Armoured lobopodian 3
Symphysurus ebbestadi,Diania-like lobopodian
Symphysurus ebbestadi,Enosiaspis hrungnir
Symphysurus ebbestadi, 'Synziphosurine'/Synziphosurina?
Symphysurus ebbestadi,Possible pycnogonid
Symphysurus ebbestadi,Possible retifaciid
Symphysurus ebbestadi,Tariccoia tazagurtensis
Symphysurus ebbestadi,Ostracod
Symphysurus ebbestadi,undet. Dikelocephalidae
Symphysurus ebbestadi,undet. Illaenacea
Symphysurus ebbestadi,Orometopus sp.
Symphysurus ebbestadi,Agerina quadrata
Symphysurus ebbestadi,Geragnostus aff. occitanus
Symphysurus ebbestadi,Geragnostus sp.
Symphysurus ebbestadi,Ampyx priscus
Symphysurus ebbestadi,Ampyx cf. priscus
Symphysurus ebbestadi,Parabathycheilus gallicus
Symphysurus ebbestadi,Proetidae?
Symphysurus ebbestadi,undet. Trinucleidae
Symphysurus ebbestadi,Nileus deynouxi
Symphysurus ebbestadi,Hospes sp.
Symphysurus ebbestadi,Palaeosphaeronites sp.
Symphysurus ebbestadi,Palaeosphaeronites? prokopi
Symphysurus ebbestadi,Aristocystites cf. bohemicus (sinuous?)
Symphysurus ebbestadi,Aristocystites sp.
Symphysurus ebbestadi,Balantiocystis regnelli
Symphysurus ebbestadi,Balantiocystis sp.
Symphysurus ebbestadi,Rhopalocystis sp.
Symphysurus ebbestadi,Rhopalocystis dehirensis
Symphysurus ebbestadi,Rhopalocystis destombesi
Symphysurus ebbestadi,Rhopalocystis fraga
Symphysurus ebbestadi,Rhopalocystis grandis
Symphysurus ebbestadi,Rhopalocystis havliceki
Symphysurus ebbestadi,Rhopalocystis lehmani
Symphysurus ebbestadi,Rhopalocystis zagoraensis
Symphysurus ebbestadi,Rhopalocystis sp. A
Symphysurus ebbestadi,Rhopalocystis sp. B
Symphysurus ebbestadi,Rhopalocystis sp. C
Symphysurus ebbestadi,cf. Rhopalocystis
Symphysurus ebbestadi,Lingulocystis aff. deani
Symphysurus ebbestadi,Lingulocystis elongata
Symphysurus ebbestadi,cf. Pareocrinus
Symphysurus ebbestadi,Eocrinoidea indet. sp. 1
Symphysurus ebbestadi,Eocrinoidea indet. sp. 2
Symphysurus ebbestadi,Eocrinoidea indet.
Symphysurus ebbestadi,Ramseyocrinus sp.
Symphysurus ebbestadi,Crinoid 2
Symphysurus ebbestadi,Aethocrinus cf. moorei
Symphysurus ebbestadi,Iocrinus n. sp.
Symphysurus ebbestadi,Cystoidea?/undet. Cystoidea
Symphysurus ebbestadi,Argodiscus espilezorum
Symphysurus ebbestadi,Anedriophus moroccoensis
Symphysurus ebbestadi,Rhenopyrgid indet.
Symphysurus ebbestadi,Ampelocarpus sp.
Symphysurus ebbestadi,Amygdalotheca griffei
Symphysurus ebbestadi,Anatifopsis escandei
Symphysurus ebbestadi,Anatifopsis trapeziiformis
Symphysurus ebbestadi,Anatifopsis sp.
Symphysurus ebbestadi,"Anomalocystid n. gen., n. sp. "
Symphysurus ebbestadi,Aspidocarpus sp.
Symphysurus ebbestadi,Arauricystis? sp.
Symphysurus ebbestadi,Balanocystites primus
Symphysurus ebbestadi,Bohemiaecystis
Symphysurus ebbestadi,Chauvelicystis ubaghsi
Symphysurus ebbestadi,Chauvelicystis spinosa
Symphysurus ebbestadi,Chauvelicystis vizcainoi
Symphysurus ebbestadi,Chauvelicystis sp.
Symphysurus ebbestadi,"Chauvelicystid n. gen., n. sp. 1"
Symphysurus ebbestadi,"Chauvelicystid n. gen., n. sp. 2"
Symphysurus ebbestadi,Chinianocarpos sp.
Symphysurus ebbestadi,"Cornuta n. gen. 1, n. sp."
Symphysurus ebbestadi,"Cornuta n. gen. 2, n. sp."
Symphysurus ebbestadi,Flabellicarpus rushtoni
Symphysurus ebbestadi,Galliaecystis n. sp.
Symphysurus ebbestadi,Galliaecystis ubaghsi
Symphysurus ebbestadi,Lagynocystis pyramidalis
Symphysurus ebbestadi,Kirkocystidae?
Symphysurus ebbestadi,Lyricocarpus courtessolei
Symphysurus ebbestadi,Milonicystis sp.
Symphysurus ebbestadi,Mitrocystitid indet. cf. Ovocarpus
Symphysurus ebbestadi,Nanocarpus cf. dolambii
Symphysurus ebbestadi,Phyllocystis blayaci
Symphysurus ebbestadi,Phyllocystis sp.
Symphysurus ebbestadi,Procothurnocystis n. sp.
Symphysurus ebbestadi,Prokopicystis sp.
Symphysurus ebbestadi,Thoralicystis zagoraensis
Symphysurus ebbestadi,Vizcainocarpus sp.
Symphysurus ebbestadi,Cothurnocystid indetl.
Symphysurus ebbestadi,Peltocystis cornuta
Symphysurus ebbestadi,Scotiaevystis? sp.
Symphysurus ebbestadi,Macrocystella sp.
Symphysurus ebbestadi,Macrocystella bohemica
Symphysurus ebbestadi,Macrocystella cf. mariae
Symphysurus ebbestadi,Macrocystella tasseftensis
Symphysurus ebbestadi,undet. Ophiuroidea
Symphysurus ebbestadi,Didymograptus cf. arcuatus
Symphysurus ebbestadi,Didymograptus deflexus
Symphysurus ebbestadi,Didymograptus extensus
Symphysurus ebbestadi,Didymograptus v-fractus
Symphysurus ebbestadi,Didymograptus intendus
Symphysurus ebbestadi,Didymograptus pennatulus
Symphysurus ebbestadi,Didymograptus nanus
Symphysurus ebbestadi,Didymograptus nitidus
Symphysurus ebbestadi,Didymograptus patulus
Symphysurus ebbestadi,Didymograptus sparsus
Symphysurus ebbestadi,"""Didymograptus sp. 1"""
Symphysurus ebbestadi,Didymograptus sp.
Symphysurus ebbestadi,Didymograptid indet.
Symphysurus ebbestadi,Koremagraptus sp.
Symphysurus ebbestadi,Dictyonema sp.
Symphysurus ebbestadi,Tuboid
Symphysurus ebbestadi,?Cymatograptus protobalticus
Symphysurus ebbestadi,Webbyites felix
Symphysurus ebbestadi,Rhabdopleura-like epibiont
Symphysurus ebbestadi,Hyolithes sp.
Symphysurus sp.,Benthic detritus
Symphysurus sp.,Ranorthis fasciata
Symphysurus sp.,undet. Athyridida
Symphysurus sp.,Acrothele sp.
Symphysurus sp.,Plectorthis simplex
Symphysurus sp.,Angusticardinia sp.
Symphysurus sp.,Lingula salteri
Symphysurus sp.,Orbithele vana
Symphysurus sp.,Paurorthis tadristensis
Symphysurus sp.,Tarfaya marocana
Symphysurus sp.,Wosekella sp.
Symphysurus sp.,Monobolina sp.
Symphysurus sp.,Elliptoglossa sp.
Symphysurus sp.,Celdobolus sp.
Symphysurus sp.,Discinoidea?
Symphysurus sp.,undet. Dalmanelloidea
Symphysurus sp.,Bryozoan
Symphysurus sp.,Ctenodonta escosurae
Symphysurus sp.,Praenucula sp.
Symphysurus sp.,Redonia michelae
Symphysurus sp.,Coxiconchia guiraudi
Symphysurus sp.,Alococoncha?
Symphysurus sp.,Cardiolaria? sp.
Symphysurus sp.,Cienagomya? sp.
Symphysurus sp.,Ekaterodonta courtessolei
Symphysurus sp.,Glyptarca sp.
Symphysurus sp.,Sinuites sp.
Symphysurus sp.,Lesueurilla prima
Symphysurus sp.,undet. Platyceratoidea
Symphysurus sp.,undet. Monoplacophora
Symphysurus sp.,Carcassonnella courtessolei
Symphysurus sp.,Carcassonnella vizcainoi
Symphysurus sp.,Carcassonnella sp.
Symphysurus sp.,Ribeiria sp.
Symphysurus sp.,Wiwaxiid
Symphysurus sp.,Helcionelloid
Symphysurus sp.,Possible phyllodocid
Symphysurus sp.,Priapulid
Symphysurus sp.,Large taxon with spinose limbs
Symphysurus sp.,Small taxon with spinose limbs
Symphysurus sp.,Armoured lobopodian 1
Symphysurus sp.,Armoured lobopodian 2
Symphysurus sp.,Armoured lobopodian 3
Symphysurus sp.,Diania-like lobopodian
Symphysurus sp.,Furca sp. 1
Symphysurus sp.,Furca sp. 2
Symphysurus sp.,Furca sp. 3
Symphysurus sp.,Enosiaspis hrungnir
Symphysurus sp., 'Synziphosurine'/Synziphosurina?
Symphysurus sp.,Chasmataspidid
Symphysurus sp.,Possible pycnogonid
Symphysurus sp.,Possible retifaciid
Symphysurus sp.,Tariccoia tazagurtensis
Symphysurus sp.,Cheloniellid
Symphysurus sp.,Phyllocarid
Symphysurus sp.,Ostracod
Symphysurus sp.,Lepadomorph barnacle
Symphysurus sp.,Apatokephalus cf. incisus
Symphysurus sp.,undet. Dikelocephalidae
Symphysurus sp.,undet. Illaenacea
Symphysurus sp.,Orometopus sp.
Symphysurus sp.,Cnemidopyge sp.
Symphysurus sp.,Toletanaspis aff. borni
Symphysurus sp.,Bathycheilus gallicus
Symphysurus sp.,Colpocoryphe thorali
Symphysurus sp.,Agerina quadrata
Symphysurus sp.,Geragnostus aff. occitanus
Symphysurus sp.,Geragnostus sp.
Symphysurus sp.,Ampyx priscus
Symphysurus sp.,Ampyx cf. priscus
Symphysurus sp.,Parabathycheilus gallicus
Symphysurus sp.,Proetidae?
Symphysurus sp.,undet. Trinucleidae
Symphysurus sp.,Nileus deynouxi
Symphysurus sp.,Hospes sp.
Symphysurus sp.,Ogygiocaris sp.
Symphysurus sp.,cf. Niobella sp.
Symphysurus sp.,Somasteroid indet. n. sp. 1
Symphysurus sp.,Somasteroid indet. n. sp. 2
Symphysurus sp.,Somasteroid indet. n. sp. 3
Symphysurus sp.,Somasteroid indet.
Symphysurus sp.,undet. Asteroidea
Symphysurus sp.,Palaeosphaeronites sp.
Symphysurus sp.,Palaeosphaeronites? prokopi
Symphysurus sp.,Aristocystites cf. bohemicus (sinuous?)
Symphysurus sp.,Aristocystites sp.
Symphysurus sp.,Balantiocystis regnelli
Symphysurus sp.,Balantiocystis sp.
Symphysurus sp.,Rhopalocystis sp.
Symphysurus sp.,Rhopalocystis dehirensis
Symphysurus sp.,Rhopalocystis destombesi
Symphysurus sp.,Rhopalocystis fraga
Symphysurus sp.,Rhopalocystis grandis
Symphysurus sp.,Rhopalocystis havliceki
Symphysurus sp.,Rhopalocystis lehmani
Symphysurus sp.,Rhopalocystis zagoraensis
Symphysurus sp.,Rhopalocystis sp. A
Symphysurus sp.,Rhopalocystis sp. B
Symphysurus sp.,Rhopalocystis sp. C
Symphysurus sp.,cf. Rhopalocystis
Symphysurus sp.,Lingulocystis aff. deani
Symphysurus sp.,Lingulocystis elongata
Symphysurus sp.,cf. Pareocrinus
Symphysurus sp.,Eocrinoidea indet. sp. 1
Symphysurus sp.,Eocrinoidea indet. sp. 2
Symphysurus sp.,Eocrinoidea indet.
Symphysurus sp.,Ramseyocrinus sp.
Symphysurus sp.,Crinoid 2
Symphysurus sp.,Aethocrinus cf. moorei
Symphysurus sp.,Iocrinus n. sp.
Symphysurus sp.,Cystoidea?/undet. Cystoidea
Symphysurus sp.,Argodiscus espilezorum
Symphysurus sp.,Anedriophus moroccoensis
Symphysurus sp.,Rhenopyrgid indet.
Symphysurus sp.,Ampelocarpus sp.
Symphysurus sp.,Amygdalotheca griffei
Symphysurus sp.,Anatifopsis escandei
Symphysurus sp.,Anatifopsis trapeziiformis
Symphysurus sp.,Anatifopsis sp.
Symphysurus sp.,"Anomalocystid n. gen., n. sp. "
Symphysurus sp.,Aspidocarpus sp.
Symphysurus sp.,Arauricystis? sp.
Symphysurus sp.,Balanocystites primus
Symphysurus sp.,Bohemiaecystis
Symphysurus sp.,Chauvelicystis ubaghsi
Symphysurus sp.,Chauvelicystis spinosa
Symphysurus sp.,Chauvelicystis vizcainoi
Symphysurus sp.,Chauvelicystis sp.
Symphysurus sp.,"Chauvelicystid n. gen., n. sp. 1"
Symphysurus sp.,"Chauvelicystid n. gen., n. sp. 2"
Symphysurus sp.,Chinianocarpos sp.
Symphysurus sp.,"Cornuta n. gen. 1, n. sp."
Symphysurus sp.,"Cornuta n. gen. 2, n. sp."
Symphysurus sp.,Flabellicarpus rushtoni
Symphysurus sp.,Flabellicarpus?
Symphysurus sp.,Galliaecystis n. sp.
Symphysurus sp.,Galliaecystis ubaghsi
Symphysurus sp.,Hanusia n. sp.
Symphysurus sp.,Lagynocystis pyramidalis
Symphysurus sp.,Kirkocystidae?
Symphysurus sp.,Lyricocarpus courtessolei
Symphysurus sp.,Milonicystis sp.
Symphysurus sp.,Mitrocystitid indet. cf. Ovocarpus
Symphysurus sp.,Nanocarpus cf. dolambii
Symphysurus sp.,Phyllocystis blayaci
Symphysurus sp.,Phyllocystis sp.
Symphysurus sp.,Procothurnocystis n. sp.
Symphysurus sp.,Prokopicystis sp.
Symphysurus sp.,Thoralicystis zagoraensis
Symphysurus sp.,Thoralicystis n. sp.
Symphysurus sp.,Vizcainocarpus sp.
Symphysurus sp.,Cothurnocystid indetl.
Symphysurus sp.,Hanusiid indet.
Symphysurus sp.,Peltocystis cornuta
Symphysurus sp.,Scotiaevystis? sp.
Symphysurus sp.,Macrocystella sp.
Symphysurus sp.,Macrocystella bohemica
Symphysurus sp.,Macrocystella cf. mariae
Symphysurus sp.,Macrocystella tasseftensis
Symphysurus sp.,undet. Ophiuroidea
Symphysurus sp.,Didymograptus cf. arcuatus
Symphysurus sp.,Didymograptus deflexus
Symphysurus sp.,Didymograptus extensus
Symphysurus sp.,Didymograptus v-fractus
Symphysurus sp.,Didymograptus intendus
Symphysurus sp.,Didymograptus pennatulus
Symphysurus sp.,Didymograptus nanus
Symphysurus sp.,Didymograptus nitidus
Symphysurus sp.,Didymograptus patulus
Symphysurus sp.,Didymograptus sparsus
Symphysurus sp.,"""Didymograptus sp. 1"""
Symphysurus sp.,Didymograptus sp.
Symphysurus sp.,Didymograptid indet.
Symphysurus sp.,Koremagraptus sp.
Symphysurus sp.,Dictyonema sp.
Symphysurus sp.,Tuboid
Symphysurus sp.,?Cymatograptus protobalticus
Symphysurus sp.,Webbyites felix
Symphysurus sp.,Rhabdopleura-like epibiont
Symphysurus sp.,Hyolithes sp.
Apatokephalus cf. incisus,Benthic detritus
Apatokephalus cf. incisus,Acrothele sp.
Apatokephalus cf. incisus,Plectorthis simplex
Apatokephalus cf. incisus,Angusticardinia sp.
Apatokephalus cf. incisus,Lingula salteri
Apatokephalus cf. incisus,Orbithele vana
Apatokephalus cf. incisus,Paurorthis tadristensis
Apatokephalus cf. incisus,Tarfaya marocana
Apatokephalus cf. incisus,Monobolina sp.
Apatokephalus cf. incisus,Elliptoglossa sp.
Apatokephalus cf. incisus,Celdobolus sp.
Apatokephalus cf. incisus,Discinoidea?
Apatokephalus cf. incisus,undet. Dalmanelloidea
Apatokephalus cf. incisus,Bryozoan
Apatokephalus cf. incisus,Redonia michelae
Apatokephalus cf. incisus,Coxiconchia guiraudi
Apatokephalus cf. incisus,Alococoncha?
Apatokephalus cf. incisus,Cienagomya? sp.
Apatokephalus cf. incisus,Ekaterodonta courtessolei
Apatokephalus cf. incisus,Lesueurilla prima
Apatokephalus cf. incisus,undet. Monoplacophora
Apatokephalus cf. incisus,Carcassonnella courtessolei
Apatokephalus cf. incisus,Carcassonnella vizcainoi
Apatokephalus cf. incisus,Carcassonnella sp.
Apatokephalus cf. incisus,Wiwaxiid
Apatokephalus cf. incisus,Helcionelloid
Apatokephalus cf. incisus,Priapulid
Apatokephalus cf. incisus,Enosiaspis hrungnir
Apatokephalus cf. incisus, 'Synziphosurine'/Synziphosurina?
Apatokephalus cf. incisus,Possible pycnogonid
Apatokephalus cf. incisus,Possible retifaciid
Apatokephalus cf. incisus,Tariccoia tazagurtensis
Apatokephalus cf. incisus,Ostracod
Apatokephalus cf. incisus,undet. Dikelocephalidae
Apatokephalus cf. incisus,undet. Illaenacea
Apatokephalus cf. incisus,Parabathycheilus gallicus
Apatokephalus cf. incisus,Proetidae?
Apatokephalus cf. incisus,undet. Trinucleidae
Apatokephalus cf. incisus,Palaeosphaeronites sp.
Apatokephalus cf. incisus,Palaeosphaeronites? prokopi
Apatokephalus cf. incisus,Aristocystites cf. bohemicus (sinuous?)
Apatokephalus cf. incisus,Aristocystites sp.
Apatokephalus cf. incisus,Balantiocystis regnelli
Apatokephalus cf. incisus,Balantiocystis sp.
Apatokephalus cf. incisus,Rhopalocystis sp.
Apatokephalus cf. incisus,Rhopalocystis dehirensis
Apatokephalus cf. incisus,Rhopalocystis destombesi
Apatokephalus cf. incisus,Rhopalocystis fraga
Apatokephalus cf. incisus,Rhopalocystis grandis
Apatokephalus cf. incisus,Rhopalocystis havliceki
Apatokephalus cf. incisus,Rhopalocystis lehmani
Apatokephalus cf. incisus,Rhopalocystis zagoraensis
Apatokephalus cf. incisus,Rhopalocystis sp. A
Apatokephalus cf. incisus,Rhopalocystis sp. B
Apatokephalus cf. incisus,Rhopalocystis sp. C
Apatokephalus cf. incisus,cf. Rhopalocystis
Apatokephalus cf. incisus,Lingulocystis aff. deani
Apatokephalus cf. incisus,Lingulocystis elongata
Apatokephalus cf. incisus,cf. Pareocrinus
Apatokephalus cf. incisus,Eocrinoidea indet. sp. 1
Apatokephalus cf. incisus,Eocrinoidea indet. sp. 2
Apatokephalus cf. incisus,Eocrinoidea indet.
Apatokephalus cf. incisus,Ramseyocrinus sp.
Apatokephalus cf. incisus,Crinoid 2
Apatokephalus cf. incisus,Aethocrinus cf. moorei
Apatokephalus cf. incisus,Iocrinus n. sp.
Apatokephalus cf. incisus,Argodiscus espilezorum
Apatokephalus cf. incisus,Anedriophus moroccoensis
Apatokephalus cf. incisus,Rhenopyrgid indet.
Apatokephalus cf. incisus,Ampelocarpus sp.
Apatokephalus cf. incisus,Amygdalotheca griffei
Apatokephalus cf. incisus,Anatifopsis escandei
Apatokephalus cf. incisus,Anatifopsis trapeziiformis
Apatokephalus cf. incisus,Anatifopsis sp.
Apatokephalus cf. incisus,"Anomalocystid n. gen., n. sp. "
Apatokephalus cf. incisus,Aspidocarpus sp.
Apatokephalus cf. incisus,Balanocystites primus
Apatokephalus cf. incisus,Bohemiaecystis
Apatokephalus cf. incisus,Chauvelicystis ubaghsi
Apatokephalus cf. incisus,Chauvelicystis spinosa
Apatokephalus cf. incisus,Chauvelicystis vizcainoi
Apatokephalus cf. incisus,Chauvelicystis sp.
Apatokephalus cf. incisus,"Chauvelicystid n. gen., n. sp. 1"
Apatokephalus cf. incisus,"Chauvelicystid n. gen., n. sp. 2"
Apatokephalus cf. incisus,Chinianocarpos sp.
Apatokephalus cf. incisus,"Cornuta n. gen. 1, n. sp."
Apatokephalus cf. incisus,"Cornuta n. gen. 2, n. sp."
Apatokephalus cf. incisus,Flabellicarpus rushtoni
Apatokephalus cf. incisus,Galliaecystis n. sp.
Apatokephalus cf. incisus,Galliaecystis ubaghsi
Apatokephalus cf. incisus,Lagynocystis pyramidalis
Apatokephalus cf. incisus,Kirkocystidae?
Apatokephalus cf. incisus,Lyricocarpus courtessolei
Apatokephalus cf. incisus,Milonicystis sp.
Apatokephalus cf. incisus,Mitrocystitid indet. cf. Ovocarpus
Apatokephalus cf. incisus,Nanocarpus cf. dolambii
Apatokephalus cf. incisus,Phyllocystis blayaci
Apatokephalus cf. incisus,Procothurnocystis n. sp.
Apatokephalus cf. incisus,Prokopicystis sp.
Apatokephalus cf. incisus,Thoralicystis zagoraensis
Apatokephalus cf. incisus,Vizcainocarpus sp.
Apatokephalus cf. incisus,Peltocystis cornuta
Apatokephalus cf. incisus,Macrocystella sp.
Apatokephalus cf. incisus,Macrocystella bohemica
Apatokephalus cf. incisus,Macrocystella cf. mariae
Apatokephalus cf. incisus,Macrocystella tasseftensis
Apatokephalus cf. incisus,undet. Ophiuroidea
Apatokephalus cf. incisus,Didymograptus cf. arcuatus
Apatokephalus cf. incisus,Didymograptus deflexus
Apatokephalus cf. incisus,Didymograptus extensus
Apatokephalus cf. incisus,Didymograptus v-fractus
Apatokephalus cf. incisus,Didymograptus intendus
Apatokephalus cf. incisus,Didymograptus pennatulus
Apatokephalus cf. incisus,Didymograptus nanus
Apatokephalus cf. incisus,Didymograptus nitidus
Apatokephalus cf. incisus,Didymograptus patulus
Apatokephalus cf. incisus,Didymograptus sparsus
Apatokephalus cf. incisus,"""Didymograptus sp. 1"""
Apatokephalus cf. incisus,Didymograptus sp.
Apatokephalus cf. incisus,Didymograptid indet.
Apatokephalus cf. incisus,Koremagraptus sp.
Apatokephalus cf. incisus,Dictyonema sp.
Apatokephalus cf. incisus,Tuboid
Apatokephalus cf. incisus,?Cymatograptus protobalticus
Apatokephalus cf. incisus,Webbyites felix
Apatokephalus cf. incisus,Rhabdopleura-like epibiont
Dikelokephalina brenchleyi,Benthic detritus
Dikelokephalina brenchleyi,Ranorthis fasciata
Dikelokephalina brenchleyi,undet. Athyridida
Dikelokephalina brenchleyi,Acrothele sp.
Dikelokephalina brenchleyi,Plectorthis simplex
Dikelokephalina brenchleyi,Angusticardinia sp.
Dikelokephalina brenchleyi,Lingula salteri
Dikelokephalina brenchleyi,Orbithele vana
Dikelokephalina brenchleyi,Paurorthis tadristensis
Dikelokephalina brenchleyi,Tarfaya marocana
Dikelokephalina brenchleyi,Wosekella sp.
Dikelokephalina brenchleyi,Monobolina sp.
Dikelokephalina brenchleyi,Elliptoglossa sp.
Dikelokephalina brenchleyi,Celdobolus sp.
Dikelokephalina brenchleyi,Discinoidea?
Dikelokephalina brenchleyi,undet. Dalmanelloidea
Dikelokephalina brenchleyi,Babinka prima
Dikelokephalina brenchleyi,Ctenodonta escosurae
Dikelokephalina brenchleyi,Praenucula sp.
Dikelokephalina brenchleyi,Redonia michelae
Dikelokephalina brenchleyi,Alococoncha?
Dikelokephalina brenchleyi,Cardiolaria? sp.
Dikelokephalina brenchleyi,Glyptarca sp.
Dikelokephalina brenchleyi,Pelecyogyra fezouataensis
Dikelokephalina brenchleyi,Sinuites sp.
Dikelokephalina brenchleyi,Lesueurilla prima
Dikelokephalina brenchleyi,undet. Platyceratoidea
Dikelokephalina brenchleyi,undet. Monoplacophora
Dikelokephalina brenchleyi,Thoralispira laevis
Dikelokephalina brenchleyi,Thoralispira? cf. occitana
Dikelokephalina brenchleyi,Ribeiria sp.
Dikelokephalina brenchleyi,Tolmachovia?
Dikelokephalina brenchleyi,Wiwaxiid
Dikelokephalina brenchleyi,Halkieriid
Dikelokephalina brenchleyi,Helcionelloid
Dikelokephalina brenchleyi,Calvapilosa kroegeri
Dikelokephalina brenchleyi,Plumulites bengtsoni
Dikelokephalina brenchleyi,Large plumulitid
Dikelokephalina brenchleyi,Possible phyllodocid
Dikelokephalina brenchleyi,Palaeoscolex cf. tenensis
Dikelokephalina brenchleyi,Priapulid
Dikelokephalina brenchleyi,Somasteroid indet. n. sp. 1
Dikelokephalina brenchleyi,Somasteroid indet. n. sp. 2
Dikelokephalina brenchleyi,Somasteroid indet. n. sp. 3
Dikelokephalina brenchleyi,Somasteroid indet.
Dikelokephalina brenchleyi,undet. Asteroidea
Dikelokephalina brenchleyi,undet. Stelleroidea
Dikelokephalina brenchleyi,Villebrunaster fezouataensis
Dikelokephalina brenchleyi,Palaeosphaeronites sp.
Dikelokephalina brenchleyi,Palaeosphaeronites? prokopi
Dikelokephalina brenchleyi,Aristocystites cf. bohemicus (sinuous?)
Dikelokephalina brenchleyi,Aristocystites sp.
Dikelokephalina brenchleyi,Ascocystites? sp.
Dikelokephalina brenchleyi,Balantiocystis regnelli
Dikelokephalina brenchleyi,Balantiocystis sp.
Dikelokephalina brenchleyi,Rhopalocystis sp.
Dikelokephalina brenchleyi,Rhopalocystis dehirensis
Dikelokephalina brenchleyi,Rhopalocystis destombesi
Dikelokephalina brenchleyi,Rhopalocystis fraga
Dikelokephalina brenchleyi,Rhopalocystis grandis
Dikelokephalina brenchleyi,Rhopalocystis havliceki
Dikelokephalina brenchleyi,Rhopalocystis lehmani
Dikelokephalina brenchleyi,Rhopalocystis zagoraensis
Dikelokephalina brenchleyi,Rhopalocystis sp. A
Dikelokephalina brenchleyi,Rhopalocystis sp. B
Dikelokephalina brenchleyi,Rhopalocystis sp. C
Dikelokephalina brenchleyi,cf. Rhopalocystis
Dikelokephalina brenchleyi,Lingulocystis aff. deani
Dikelokephalina brenchleyi,Lingulocystis elongata
Dikelokephalina brenchleyi,cf. Pareocrinus
Dikelokephalina brenchleyi,Eocrinoidea indet. sp. 1
Dikelokephalina brenchleyi,Eocrinoidea indet. sp. 2
Dikelokephalina brenchleyi,Eocrinoidea indet.
Dikelokephalina brenchleyi,Ramseyocrinus sp.
Dikelokephalina brenchleyi,Crinoid 2
Dikelokephalina brenchleyi,Aethocrinus cf. moorei
Dikelokephalina brenchleyi,Iocrinus n. sp.
Dikelokephalina brenchleyi,Cystoidea?/undet. Cystoidea
Dikelokephalina brenchleyi,Argodiscus espilezorum
Dikelokephalina brenchleyi,Anedriophus moroccoensis
Dikelokephalina brenchleyi,Rhenopyrgid indet.
Dikelokephalina brenchleyi,Ampelocarpus sp.
Dikelokephalina brenchleyi,Amygdalotheca griffei
Dikelokephalina brenchleyi,Anatifopsis escandei
Dikelokephalina brenchleyi,Anatifopsis trapeziiformis
Dikelokephalina brenchleyi,Anatifopsis sp.
Dikelokephalina brenchleyi,"Anomalocystid n. gen., n. sp. "
Dikelokephalina brenchleyi,Aspidocarpus sp.
Dikelokephalina brenchleyi,Arauricystis? sp.
Dikelokephalina brenchleyi,Balanocystites primus
Dikelokephalina brenchleyi,Bohemiaecystis
Dikelokephalina brenchleyi,Chauvelicystis ubaghsi
Dikelokephalina brenchleyi,Chauvelicystis spinosa
Dikelokephalina brenchleyi,Chauvelicystis vizcainoi
Dikelokephalina brenchleyi,Chauvelicystis sp.
Dikelokephalina brenchleyi,"Chauvelicystid n. gen., n. sp. 1"
Dikelokephalina brenchleyi,"Chauvelicystid n. gen., n. sp. 2"
Dikelokephalina brenchleyi,Chinianocarpos sp.
Dikelokephalina brenchleyi,"Cornuta n. gen. 1, n. sp."
Dikelokephalina brenchleyi,"Cornuta n. gen. 2, n. sp."
Dikelokephalina brenchleyi,Flabellicarpus rushtoni
Dikelokephalina brenchleyi,Flabellicarpus?
Dikelokephalina brenchleyi,Galliaecystis n. sp.
Dikelokephalina brenchleyi,Galliaecystis ubaghsi
Dikelokephalina brenchleyi,Hanusia n. sp.
Dikelokephalina brenchleyi,Lagynocystis pyramidalis
Dikelokephalina brenchleyi,Lyricocarpus courtessolei
Dikelokephalina brenchleyi,Milonicystis sp.
Dikelokephalina brenchleyi,Mitrocystitid indet. cf. Ovocarpus
Dikelokephalina brenchleyi,Nanocarpus cf. dolambii
Dikelokephalina brenchleyi,Phyllocystis blayaci
Dikelokephalina brenchleyi,Phyllocystis sp.
Dikelokephalina brenchleyi,Procothurnocystis n. sp.
Dikelokephalina brenchleyi,Prokopicystis sp.
Dikelokephalina brenchleyi,Thoralicystis zagoraensis
Dikelokephalina brenchleyi,Thoralicystis n. sp.
Dikelokephalina brenchleyi,Vizcainocarpus sp.
Dikelokephalina brenchleyi,Cothurnocystid indetl.
Dikelokephalina brenchleyi,Hanusiid indet.
Dikelokephalina brenchleyi,Scotiaevystis? sp.
Dikelokephalina brenchleyi,Macrocystella sp.
Dikelokephalina brenchleyi,Macrocystella bohemica
Dikelokephalina brenchleyi,Macrocystella cf. mariae
Dikelokephalina brenchleyi,Macrocystella tasseftensis
Dikelokephalina brenchleyi,cf. Minervaecystis
Dikelokephalina brenchleyi,Plasiacystis mobilis
Dikelokephalina brenchleyi,Plasiacystis sp.
Dikelokephalina brenchleyi,undet. Ophiuroidea
Dikelokephalina brenchleyi,Elegantilites sp.
Dikelokephalina brenchleyi,Gamalites? sp.
Dikelokephalina brenchleyi,Gompholites sp.
Dikelokephalina brenchleyi,Nephrotheca sp.
Dikelokephalina brenchleyi,Hyolithes sp.
Dikelokephalina brenchleyi,Pauxillites thaddei
Dikelokephalina brenchleyi,Pauxillites sp.
undet. Dikelocephalidae,Benthic detritus
undet. Dikelocephalidae,Bryozoan
undet. Dikelocephalidae,Carcassonnella courtessolei
undet. Dikelocephalidae,Carcassonnella sp.
undet. Dikelocephalidae,Wiwaxiid
undet. Dikelocephalidae,Helcionelloid
undet. Dikelocephalidae, 'Synziphosurine'/Synziphosurina?
undet. Dikelocephalidae,Ostracod
undet. Dikelocephalidae,Proetidae?
undet. Dikelocephalidae,Ascocystites? sp.
undet. Dikelocephalidae,Balantiocystis regnelli
undet. Dikelocephalidae,Balantiocystis sp.
undet. Dikelocephalidae,Rhopalocystis sp.
undet. Dikelocephalidae,Rhopalocystis dehirensis
undet. Dikelocephalidae,Rhopalocystis destombesi
undet. Dikelocephalidae,Rhopalocystis fraga
undet. Dikelocephalidae,Rhopalocystis grandis
undet. Dikelocephalidae,Rhopalocystis havliceki
undet. Dikelocephalidae,Rhopalocystis lehmani
undet. Dikelocephalidae,Rhopalocystis zagoraensis
undet. Dikelocephalidae,Rhopalocystis sp. A
undet. Dikelocephalidae,Rhopalocystis sp. B
undet. Dikelocephalidae,Rhopalocystis sp. C
undet. Dikelocephalidae,cf. Rhopalocystis
undet. Dikelocephalidae,Lingulocystis aff. deani
undet. Dikelocephalidae,Lingulocystis elongata
undet. Dikelocephalidae,cf. Pareocrinus
undet. Dikelocephalidae,Eocrinoidea indet. sp. 1
undet. Dikelocephalidae,Eocrinoidea indet. sp. 2
undet. Dikelocephalidae,Eocrinoidea indet.
undet. Dikelocephalidae,Ramseyocrinus sp.
undet. Dikelocephalidae,Crinoid 2
undet. Dikelocephalidae,Aethocrinus cf. moorei
undet. Dikelocephalidae,Iocrinus n. sp.
undet. Dikelocephalidae,Didymograptus cf. arcuatus
undet. Dikelocephalidae,Didymograptus deflexus
undet. Dikelocephalidae,Didymograptus extensus
undet. Dikelocephalidae,Didymograptus v-fractus
undet. Dikelocephalidae,Didymograptus intendus
undet. Dikelocephalidae,Didymograptus pennatulus
undet. Dikelocephalidae,Didymograptus nanus
undet. Dikelocephalidae,Didymograptus nitidus
undet. Dikelocephalidae,Didymograptus patulus
undet. Dikelocephalidae,Didymograptus sparsus
undet. Dikelocephalidae,"""Didymograptus sp. 1"""
undet. Dikelocephalidae,Didymograptus sp.
undet. Dikelocephalidae,Didymograptid indet.
undet. Dikelocephalidae,Koremagraptus sp.
undet. Dikelocephalidae,Dictyonema sp.
undet. Dikelocephalidae,Tuboid
undet. Dikelocephalidae,?Cymatograptus protobalticus
undet. Dikelocephalidae,Webbyites felix
undet. Dikelocephalidae,Rhabdopleura-like epibiont
undet. Illaenacea,Benthic detritus
undet. Illaenacea,Bryozoan
undet. Illaenacea,Carcassonnella courtessolei
undet. Illaenacea,Carcassonnella sp.
undet. Illaenacea,Wiwaxiid
undet. Illaenacea,Helcionelloid
undet. Illaenacea, 'Synziphosurine'/Synziphosurina?
undet. Illaenacea,Ostracod
undet. Illaenacea,Proetidae?
undet. Illaenacea,Ascocystites? sp.
undet. Illaenacea,Balantiocystis regnelli
undet. Illaenacea,Balantiocystis sp.
undet. Illaenacea,Rhopalocystis sp.
undet. Illaenacea,Rhopalocystis dehirensis
undet. Illaenacea,Rhopalocystis destombesi
undet. Illaenacea,Rhopalocystis fraga
undet. Illaenacea,Rhopalocystis grandis
undet. Illaenacea,Rhopalocystis havliceki
undet. Illaenacea,Rhopalocystis lehmani
undet. Illaenacea,Rhopalocystis zagoraensis
undet. Illaenacea,Rhopalocystis sp. A
undet. Illaenacea,Rhopalocystis sp. B
undet. Illaenacea,Rhopalocystis sp. C
undet. Illaenacea,cf. Rhopalocystis
undet. Illaenacea,Lingulocystis aff. deani
undet. Illaenacea,Lingulocystis elongata
undet. Illaenacea,cf. Pareocrinus
undet. Illaenacea,Eocrinoidea indet. sp. 1
undet. Illaenacea,Eocrinoidea indet. sp. 2
undet. Illaenacea,Eocrinoidea indet.
undet. Illaenacea,Ramseyocrinus sp.
undet. Illaenacea,Crinoid 2
undet. Illaenacea,Aethocrinus cf. moorei
undet. Illaenacea,Iocrinus n. sp.
undet. Illaenacea,Didymograptus cf. arcuatus
undet. Illaenacea,Didymograptus deflexus
undet. Illaenacea,Didymograptus extensus
undet. Illaenacea,Didymograptus v-fractus
undet. Illaenacea,Didymograptus intendus
undet. Illaenacea,Didymograptus pennatulus
undet. Illaenacea,Didymograptus nanus
undet. Illaenacea,Didymograptus nitidus
undet. Illaenacea,Didymograptus patulus
undet. Illaenacea,Didymograptus sparsus
undet. Illaenacea,"""Didymograptus sp. 1"""
undet. Illaenacea,Didymograptus sp.
undet. Illaenacea,Didymograptid indet.
undet. Illaenacea,Koremagraptus sp.
undet. Illaenacea,Dictyonema sp.
undet. Illaenacea,Tuboid
undet. Illaenacea,?Cymatograptus protobalticus
undet. Illaenacea,Webbyites felix
undet. Illaenacea,Rhabdopleura-like epibiont
Orometopus sp.,suspended organic matter
Orometopus sp.,Benthic detritus
Cnemidopyge sp.,suspended organic matter
Cnemidopyge sp.,Benthic detritus
Lichakephalus stubbsi,Benthic detritus
Lichakephalus stubbsi,Ranorthis fasciata
Lichakephalus stubbsi,undet. Athyridida
Lichakephalus stubbsi,Acrothele sp.
Lichakephalus stubbsi,Plectorthis simplex
Lichakephalus stubbsi,Angusticardinia sp.
Lichakephalus stubbsi,Lingula salteri
Lichakephalus stubbsi,Orbithele vana
Lichakephalus stubbsi,Paurorthis tadristensis
Lichakephalus stubbsi,Tarfaya marocana
Lichakephalus stubbsi,Wosekella sp.
Lichakephalus stubbsi,Monobolina sp.
Lichakephalus stubbsi,Elliptoglossa sp.
Lichakephalus stubbsi,Celdobolus sp.
Lichakephalus stubbsi,Discinoidea?
Lichakephalus stubbsi,undet. Dalmanelloidea
Lichakephalus stubbsi,Babinka prima
Lichakephalus stubbsi,Ctenodonta escosurae
Lichakephalus stubbsi,Praenucula sp.
Lichakephalus stubbsi,Redonia michelae
Lichakephalus stubbsi,Alococoncha?
Lichakephalus stubbsi,Cardiolaria? sp.
Lichakephalus stubbsi,Glyptarca sp.
Lichakephalus stubbsi,Pelecyogyra fezouataensis
Lichakephalus stubbsi,Sinuites sp.
Lichakephalus stubbsi,Lesueurilla prima
Lichakephalus stubbsi,undet. Platyceratoidea
Lichakephalus stubbsi,undet. Monoplacophora
Lichakephalus stubbsi,Thoralispira laevis
Lichakephalus stubbsi,Thoralispira? cf. occitana
Lichakephalus stubbsi,Ribeiria sp.
Lichakephalus stubbsi,Tolmachovia?
Lichakephalus stubbsi,Wiwaxiid
Lichakephalus stubbsi,Halkieriid
Lichakephalus stubbsi,Helcionelloid
Lichakephalus stubbsi,Calvapilosa kroegeri
Lichakephalus stubbsi,Plumulites bengtsoni
Lichakephalus stubbsi,Large plumulitid
Lichakephalus stubbsi,Possible phyllodocid
Lichakephalus stubbsi,Palaeoscolex cf. tenensis
Lichakephalus stubbsi,Priapulid
Lichakephalus stubbsi,Somasteroid indet. n. sp. 1
Lichakephalus stubbsi,Somasteroid indet. n. sp. 2
Lichakephalus stubbsi,Somasteroid indet. n. sp. 3
Lichakephalus stubbsi,Somasteroid indet.
Lichakephalus stubbsi,undet. Asteroidea
Lichakephalus stubbsi,undet. Stelleroidea
Lichakephalus stubbsi,Villebrunaster fezouataensis
Lichakephalus stubbsi,Palaeosphaeronites sp.
Lichakephalus stubbsi,Palaeosphaeronites? prokopi
Lichakephalus stubbsi,Aristocystites cf. bohemicus (sinuous?)
Lichakephalus stubbsi,Aristocystites sp.
Lichakephalus stubbsi,Ascocystites? sp.
Lichakephalus stubbsi,Balantiocystis regnelli
Lichakephalus stubbsi,Balantiocystis sp.
Lichakephalus stubbsi,Rhopalocystis sp.
Lichakephalus stubbsi,Rhopalocystis dehirensis
Lichakephalus stubbsi,Rhopalocystis destombesi
Lichakephalus stubbsi,Rhopalocystis fraga
Lichakephalus stubbsi,Rhopalocystis grandis
Lichakephalus stubbsi,Rhopalocystis havliceki
Lichakephalus stubbsi,Rhopalocystis lehmani
Lichakephalus stubbsi,Rhopalocystis zagoraensis
Lichakephalus stubbsi,Rhopalocystis sp. A
Lichakephalus stubbsi,Rhopalocystis sp. B
Lichakephalus stubbsi,Rhopalocystis sp. C
Lichakephalus stubbsi,cf. Rhopalocystis
Lichakephalus stubbsi,Lingulocystis aff. deani
Lichakephalus stubbsi,Lingulocystis elongata
Lichakephalus stubbsi,cf. Pareocrinus
Lichakephalus stubbsi,Eocrinoidea indet. sp. 1
Lichakephalus stubbsi,Eocrinoidea indet. sp. 2
Lichakephalus stubbsi,Eocrinoidea indet.
Lichakephalus stubbsi,Ramseyocrinus sp.
Lichakephalus stubbsi,Crinoid 2
Lichakephalus stubbsi,Aethocrinus cf. moorei
Lichakephalus stubbsi,Iocrinus n. sp.
Lichakephalus stubbsi,Cystoidea?/undet. Cystoidea
Lichakephalus stubbsi,Argodiscus espilezorum
Lichakephalus stubbsi,Anedriophus moroccoensis
Lichakephalus stubbsi,Rhenopyrgid indet.
Lichakephalus stubbsi,Ampelocarpus sp.
Lichakephalus stubbsi,Amygdalotheca griffei
Lichakephalus stubbsi,Anatifopsis escandei
Lichakephalus stubbsi,Anatifopsis trapeziiformis
Lichakephalus stubbsi,Anatifopsis sp.
Lichakephalus stubbsi,"Anomalocystid n. gen., n. sp. "
Lichakephalus stubbsi,Aspidocarpus sp.
Lichakephalus stubbsi,Arauricystis? sp.
Lichakephalus stubbsi,Balanocystites primus
Lichakephalus stubbsi,Bohemiaecystis
Lichakephalus stubbsi,Chauvelicystis ubaghsi
Lichakephalus stubbsi,Chauvelicystis spinosa
Lichakephalus stubbsi,Chauvelicystis vizcainoi
Lichakephalus stubbsi,Chauvelicystis sp.
Lichakephalus stubbsi,"Chauvelicystid n. gen., n. sp. 1"
Lichakephalus stubbsi,"Chauvelicystid n. gen., n. sp. 2"
Lichakephalus stubbsi,Chinianocarpos sp.
Lichakephalus stubbsi,"Cornuta n. gen. 1, n. sp."
Lichakephalus stubbsi,"Cornuta n. gen. 2, n. sp."
Lichakephalus stubbsi,Flabellicarpus rushtoni
Lichakephalus stubbsi,Flabellicarpus?
Lichakephalus stubbsi,Galliaecystis n. sp.
Lichakephalus stubbsi,Galliaecystis ubaghsi
Lichakephalus stubbsi,Hanusia n. sp.
Lichakephalus stubbsi,Lagynocystis pyramidalis
Lichakephalus stubbsi,Lyricocarpus courtessolei
Lichakephalus stubbsi,Milonicystis sp.
Lichakephalus stubbsi,Mitrocystitid indet. cf. Ovocarpus
Lichakephalus stubbsi,Nanocarpus cf. dolambii
Lichakephalus stubbsi,Phyllocystis blayaci
Lichakephalus stubbsi,Phyllocystis sp.
Lichakephalus stubbsi,Procothurnocystis n. sp.
Lichakephalus stubbsi,Prokopicystis sp.
Lichakephalus stubbsi,Thoralicystis zagoraensis
Lichakephalus stubbsi,Thoralicystis n. sp.
Lichakephalus stubbsi,Vizcainocarpus sp.
Lichakephalus stubbsi,Cothurnocystid indetl.
Lichakephalus stubbsi,Hanusiid indet.
Lichakephalus stubbsi,Scotiaevystis? sp.
Lichakephalus stubbsi,Macrocystella sp.
Lichakephalus stubbsi,Macrocystella bohemica
Lichakephalus stubbsi,Macrocystella cf. mariae
Lichakephalus stubbsi,Macrocystella tasseftensis
Lichakephalus stubbsi,cf. Minervaecystis
Lichakephalus stubbsi,Plasiacystis mobilis
Lichakephalus stubbsi,Plasiacystis sp.
Lichakephalus stubbsi,undet. Ophiuroidea
Lichakephalus stubbsi,Elegantilites sp.
Lichakephalus stubbsi,Gamalites? sp.
Lichakephalus stubbsi,Gompholites sp.
Lichakephalus stubbsi,Nephrotheca sp.
Lichakephalus stubbsi,Hyolithes sp.
Lichakephalus stubbsi,Pauxillites thaddei
Lichakephalus stubbsi,Pauxillites sp.
Parvilichas marochii,Benthic detritus
Parvilichas marochii,Acrothele sp.
Parvilichas marochii,Plectorthis simplex
Parvilichas marochii,Angusticardinia sp.
Parvilichas marochii,Lingula salteri
Parvilichas marochii,Orbithele vana
Parvilichas marochii,Paurorthis tadristensis
Parvilichas marochii,Tarfaya marocana
Parvilichas marochii,Monobolina sp.
Parvilichas marochii,Elliptoglossa sp.
Parvilichas marochii,Celdobolus sp.
Parvilichas marochii,Discinoidea?
Parvilichas marochii,undet. Dalmanelloidea
Parvilichas marochii,Bryozoan
Parvilichas marochii,Redonia michelae
Parvilichas marochii,Coxiconchia guiraudi
Parvilichas marochii,Alococoncha?
Parvilichas marochii,Cienagomya? sp.
Parvilichas marochii,Ekaterodonta courtessolei
Parvilichas marochii,Lesueurilla prima
Parvilichas marochii,undet. Monoplacophora
Parvilichas marochii,Carcassonnella courtessolei
Parvilichas marochii,Carcassonnella vizcainoi
Parvilichas marochii,Carcassonnella sp.
Parvilichas marochii,Wiwaxiid
Parvilichas marochii,Helcionelloid
Parvilichas marochii,Priapulid
Parvilichas marochii,Enosiaspis hrungnir
Parvilichas marochii, 'Synziphosurine'/Synziphosurina?
Parvilichas marochii,Possible pycnogonid
Parvilichas marochii,Possible retifaciid
Parvilichas marochii,Tariccoia tazagurtensis
Parvilichas marochii,Ostracod
Parvilichas marochii,undet. Dikelocephalidae
Parvilichas marochii,undet. Illaenacea
Parvilichas marochii,Parabathycheilus gallicus
Parvilichas marochii,Proetidae?
Parvilichas marochii,undet. Trinucleidae
Parvilichas marochii,Palaeosphaeronites sp.
Parvilichas marochii,Palaeosphaeronites? prokopi
Parvilichas marochii,Aristocystites cf. bohemicus (sinuous?)
Parvilichas marochii,Aristocystites sp.
Parvilichas marochii,Balantiocystis regnelli
Parvilichas marochii,Balantiocystis sp.
Parvilichas marochii,Rhopalocystis sp.
Parvilichas marochii,Rhopalocystis dehirensis
Parvilichas marochii,Rhopalocystis destombesi
Parvilichas marochii,Rhopalocystis fraga
Parvilichas marochii,Rhopalocystis grandis
Parvilichas marochii,Rhopalocystis havliceki
Parvilichas marochii,Rhopalocystis lehmani
Parvilichas marochii,Rhopalocystis zagoraensis
Parvilichas marochii,Rhopalocystis sp. A
Parvilichas marochii,Rhopalocystis sp. B
Parvilichas marochii,Rhopalocystis sp. C
Parvilichas marochii,cf. Rhopalocystis
Parvilichas marochii,Lingulocystis aff. deani
Parvilichas marochii,Lingulocystis elongata
Parvilichas marochii,cf. Pareocrinus
Parvilichas marochii,Eocrinoidea indet. sp. 1
Parvilichas marochii,Eocrinoidea indet. sp. 2
Parvilichas marochii,Eocrinoidea indet.
Parvilichas marochii,Ramseyocrinus sp.
Parvilichas marochii,Crinoid 2
Parvilichas marochii,Aethocrinus cf. moorei
Parvilichas marochii,Iocrinus n. sp.
Parvilichas marochii,Argodiscus espilezorum
Parvilichas marochii,Anedriophus moroccoensis
Parvilichas marochii,Rhenopyrgid indet.
Parvilichas marochii,Ampelocarpus sp.
Parvilichas marochii,Amygdalotheca griffei
Parvilichas marochii,Anatifopsis escandei
Parvilichas marochii,Anatifopsis trapeziiformis
Parvilichas marochii,Anatifopsis sp.
Parvilichas marochii,"Anomalocystid n. gen., n. sp. "
Parvilichas marochii,Aspidocarpus sp.
Parvilichas marochii,Balanocystites primus
Parvilichas marochii,Bohemiaecystis
Parvilichas marochii,Chauvelicystis ubaghsi
Parvilichas marochii,Chauvelicystis spinosa
Parvilichas marochii,Chauvelicystis vizcainoi
Parvilichas marochii,Chauvelicystis sp.
Parvilichas marochii,"Chauvelicystid n. gen., n. sp. 1"
Parvilichas marochii,"Chauvelicystid n. gen., n. sp. 2"
Parvilichas marochii,Chinianocarpos sp.
Parvilichas marochii,"Cornuta n. gen. 1, n. sp."
Parvilichas marochii,"Cornuta n. gen. 2, n. sp."
Parvilichas marochii,Flabellicarpus rushtoni
Parvilichas marochii,Galliaecystis n. sp.
Parvilichas marochii,Galliaecystis ubaghsi
Parvilichas marochii,Lagynocystis pyramidalis
Parvilichas marochii,Kirkocystidae?
Parvilichas marochii,Lyricocarpus courtessolei
Parvilichas marochii,Milonicystis sp.
Parvilichas marochii,Mitrocystitid indet. cf. Ovocarpus
Parvilichas marochii,Nanocarpus cf. dolambii
Parvilichas marochii,Phyllocystis blayaci
Parvilichas marochii,Procothurnocystis n. sp.
Parvilichas marochii,Prokopicystis sp.
Parvilichas marochii,Thoralicystis zagoraensis
Parvilichas marochii,Vizcainocarpus sp.
Parvilichas marochii,Peltocystis cornuta
Parvilichas marochii,Macrocystella sp.
Parvilichas marochii,Macrocystella bohemica
Parvilichas marochii,Macrocystella cf. mariae
Parvilichas marochii,Macrocystella tasseftensis
Parvilichas marochii,undet. Ophiuroidea
Parvilichas marochii,Didymograptus cf. arcuatus
Parvilichas marochii,Didymograptus deflexus
Parvilichas marochii,Didymograptus extensus
Parvilichas marochii,Didymograptus v-fractus
Parvilichas marochii,Didymograptus intendus
Parvilichas marochii,Didymograptus pennatulus
Parvilichas marochii,Didymograptus nanus
Parvilichas marochii,Didymograptus nitidus
Parvilichas marochii,Didymograptus patulus
Parvilichas marochii,Didymograptus sparsus
Parvilichas marochii,"""Didymograptus sp. 1"""
Parvilichas marochii,Didymograptus sp.
Parvilichas marochii,Didymograptid indet.
Parvilichas marochii,Koremagraptus sp.
Parvilichas marochii,Dictyonema sp.
Parvilichas marochii,Tuboid
Parvilichas marochii,?Cymatograptus protobalticus
Parvilichas marochii,Webbyites felix
Parvilichas marochii,Rhabdopleura-like epibiont
Selenopeltis aff. Gallica,Benthic detritus
Selenopeltis aff. Gallica,Ranorthis fasciata
Selenopeltis aff. Gallica,Acrothele sp.
Selenopeltis aff. Gallica,Plectorthis simplex
Selenopeltis aff. Gallica,Angusticardinia sp.
Selenopeltis aff. Gallica,Lingula salteri
Selenopeltis aff. Gallica,Orbithele vana
Selenopeltis aff. Gallica,Paurorthis tadristensis
Selenopeltis aff. Gallica,Tarfaya marocana
Selenopeltis aff. Gallica,Wosekella sp.
Selenopeltis aff. Gallica,Monobolina sp.
Selenopeltis aff. Gallica,Elliptoglossa sp.
Selenopeltis aff. Gallica,Celdobolus sp.
Selenopeltis aff. Gallica,Discinoidea?
Selenopeltis aff. Gallica,undet. Dalmanelloidea
Selenopeltis aff. Gallica,Bryozoan
Selenopeltis aff. Gallica,Ctenodonta escosurae
Selenopeltis aff. Gallica,Redonia michelae
Selenopeltis aff. Gallica,Coxiconchia guiraudi
Selenopeltis aff. Gallica,Alococoncha?
Selenopeltis aff. Gallica,Cardiolaria? sp.
Selenopeltis aff. Gallica,Cienagomya? sp.
Selenopeltis aff. Gallica,Ekaterodonta courtessolei
Selenopeltis aff. Gallica,Glyptarca sp.
Selenopeltis aff. Gallica,Lesueurilla prima
Selenopeltis aff. Gallica,undet. Monoplacophora
Selenopeltis aff. Gallica,Carcassonnella courtessolei
Selenopeltis aff. Gallica,Carcassonnella vizcainoi
Selenopeltis aff. Gallica,Carcassonnella sp.
Selenopeltis aff. Gallica,Wiwaxiid
Selenopeltis aff. Gallica,Helcionelloid
Selenopeltis aff. Gallica,Priapulid
Selenopeltis aff. Gallica,Large taxon with spinose limbs
Selenopeltis aff. Gallica,Small taxon with spinose limbs
Selenopeltis aff. Gallica,Armoured lobopodian 1
Selenopeltis aff. Gallica,Armoured lobopodian 2
Selenopeltis aff. Gallica,Armoured lobopodian 3
Selenopeltis aff. Gallica,Diania-like lobopodian
Selenopeltis aff. Gallica,Enosiaspis hrungnir
Selenopeltis aff. Gallica, 'Synziphosurine'/Synziphosurina?
Selenopeltis aff. Gallica,Possible pycnogonid
Selenopeltis aff. Gallica,Possible retifaciid
Selenopeltis aff. Gallica,Tariccoia tazagurtensis
Selenopeltis aff. Gallica,Ostracod
Selenopeltis aff. Gallica,undet. Dikelocephalidae
Selenopeltis aff. Gallica,undet. Illaenacea
Selenopeltis aff. Gallica,Orometopus sp.
Selenopeltis aff. Gallica,Agerina quadrata
Selenopeltis aff. Gallica,Geragnostus aff. occitanus
Selenopeltis aff. Gallica,Geragnostus sp.
Selenopeltis aff. Gallica,Ampyx priscus
Selenopeltis aff. Gallica,Ampyx cf. priscus
Selenopeltis aff. Gallica,Parabathycheilus gallicus
Selenopeltis aff. Gallica,Proetidae?
Selenopeltis aff. Gallica,undet. Trinucleidae
Selenopeltis aff. Gallica,Nileus deynouxi
Selenopeltis aff. Gallica,Hospes sp.
Selenopeltis aff. Gallica,Palaeosphaeronites sp.
Selenopeltis aff. Gallica,Palaeosphaeronites? prokopi
Selenopeltis aff. Gallica,Aristocystites cf. bohemicus (sinuous?)
Selenopeltis aff. Gallica,Aristocystites sp.
Selenopeltis aff. Gallica,Balantiocystis regnelli
Selenopeltis aff. Gallica,Balantiocystis sp.
Selenopeltis aff. Gallica,Rhopalocystis sp.
Selenopeltis aff. Gallica,Rhopalocystis dehirensis
Selenopeltis aff. Gallica,Rhopalocystis destombesi
Selenopeltis aff. Gallica,Rhopalocystis fraga
Selenopeltis aff. Gallica,Rhopalocystis grandis
Selenopeltis aff. Gallica,Rhopalocystis havliceki
Selenopeltis aff. Gallica,Rhopalocystis lehmani
Selenopeltis aff. Gallica,Rhopalocystis zagoraensis
Selenopeltis aff. Gallica,Rhopalocystis sp. A
Selenopeltis aff. Gallica,Rhopalocystis sp. B
Selenopeltis aff. Gallica,Rhopalocystis sp. C
Selenopeltis aff. Gallica,cf. Rhopalocystis
Selenopeltis aff. Gallica,Lingulocystis aff. deani
Selenopeltis aff. Gallica,Lingulocystis elongata
Selenopeltis aff. Gallica,cf. Pareocrinus
Selenopeltis aff. Gallica,Eocrinoidea indet. sp. 1
Selenopeltis aff. Gallica,Eocrinoidea indet. sp. 2
Selenopeltis aff. Gallica,Eocrinoidea indet.
Selenopeltis aff. Gallica,Ramseyocrinus sp.
Selenopeltis aff. Gallica,Crinoid 2
Selenopeltis aff. Gallica,Aethocrinus cf. moorei
Selenopeltis aff. Gallica,Iocrinus n. sp.
Selenopeltis aff. Gallica,Cystoidea?/undet. Cystoidea
Selenopeltis aff. Gallica,Argodiscus espilezorum
Selenopeltis aff. Gallica,Anedriophus moroccoensis
Selenopeltis aff. Gallica,Rhenopyrgid indet.
Selenopeltis aff. Gallica,Ampelocarpus sp.
Selenopeltis aff. Gallica,Amygdalotheca griffei
Selenopeltis aff. Gallica,Anatifopsis escandei
Selenopeltis aff. Gallica,Anatifopsis trapeziiformis
Selenopeltis aff. Gallica,Anatifopsis sp.
Selenopeltis aff. Gallica,"Anomalocystid n. gen., n. sp. "
Selenopeltis aff. Gallica,Aspidocarpus sp.
Selenopeltis aff. Gallica,Arauricystis? sp.
Selenopeltis aff. Gallica,Balanocystites primus
Selenopeltis aff. Gallica,Bohemiaecystis
Selenopeltis aff. Gallica,Chauvelicystis ubaghsi
Selenopeltis aff. Gallica,Chauvelicystis spinosa
Selenopeltis aff. Gallica,Chauvelicystis vizcainoi
Selenopeltis aff. Gallica,Chauvelicystis sp.
Selenopeltis aff. Gallica,"Chauvelicystid n. gen., n. sp. 1"
Selenopeltis aff. Gallica,"Chauvelicystid n. gen., n. sp. 2"
Selenopeltis aff. Gallica,Chinianocarpos sp.
Selenopeltis aff. Gallica,"Cornuta n. gen. 1, n. sp."
Selenopeltis aff. Gallica,"Cornuta n. gen. 2, n. sp."
Selenopeltis aff. Gallica,Flabellicarpus rushtoni
Selenopeltis aff. Gallica,Galliaecystis n. sp.
Selenopeltis aff. Gallica,Galliaecystis ubaghsi
Selenopeltis aff. Gallica,Lagynocystis pyramidalis
Selenopeltis aff. Gallica,Kirkocystidae?
Selenopeltis aff. Gallica,Lyricocarpus courtessolei
Selenopeltis aff. Gallica,Milonicystis sp.
Selenopeltis aff. Gallica,Mitrocystitid indet. cf. Ovocarpus
Selenopeltis aff. Gallica,Nanocarpus cf. dolambii
Selenopeltis aff. Gallica,Phyllocystis blayaci
Selenopeltis aff. Gallica,Phyllocystis sp.
Selenopeltis aff. Gallica,Procothurnocystis n. sp.
Selenopeltis aff. Gallica,Prokopicystis sp.
Selenopeltis aff. Gallica,Thoralicystis zagoraensis
Selenopeltis aff. Gallica,Vizcainocarpus sp.
Selenopeltis aff. Gallica,Cothurnocystid indetl.
Selenopeltis aff. Gallica,Peltocystis cornuta
Selenopeltis aff. Gallica,Scotiaevystis? sp.
Selenopeltis aff. Gallica,Macrocystella sp.
Selenopeltis aff. Gallica,Macrocystella bohemica
Selenopeltis aff. Gallica,Macrocystella cf. mariae
Selenopeltis aff. Gallica,Macrocystella tasseftensis
Selenopeltis aff. Gallica,undet. Ophiuroidea
Selenopeltis aff. Gallica,Didymograptus cf. arcuatus
Selenopeltis aff. Gallica,Didymograptus deflexus
Selenopeltis aff. Gallica,Didymograptus extensus
Selenopeltis aff. Gallica,Didymograptus v-fractus
Selenopeltis aff. Gallica,Didymograptus intendus
Selenopeltis aff. Gallica,Didymograptus pennatulus
Selenopeltis aff. Gallica,Didymograptus nanus
Selenopeltis aff. Gallica,Didymograptus nitidus
Selenopeltis aff. Gallica,Didymograptus patulus
Selenopeltis aff. Gallica,Didymograptus sparsus
Selenopeltis aff. Gallica,"""Didymograptus sp. 1"""
Selenopeltis aff. Gallica,Didymograptus sp.
Selenopeltis aff. Gallica,Didymograptid indet.
Selenopeltis aff. Gallica,Koremagraptus sp.
Selenopeltis aff. Gallica,Dictyonema sp.
Selenopeltis aff. Gallica,Tuboid
Selenopeltis aff. Gallica,?Cymatograptus protobalticus
Selenopeltis aff. Gallica,Webbyites felix
Selenopeltis aff. Gallica,Rhabdopleura-like epibiont
Selenopeltis aff. Gallica,Hyolithes sp.
Selenopeltis binodosa,Benthic detritus
Selenopeltis binodosa,Ranorthis fasciata
Selenopeltis binodosa,Acrothele sp.
Selenopeltis binodosa,Plectorthis simplex
Selenopeltis binodosa,Angusticardinia sp.
Selenopeltis binodosa,Lingula salteri
Selenopeltis binodosa,Orbithele vana
Selenopeltis binodosa,Paurorthis tadristensis
Selenopeltis binodosa,Tarfaya marocana
Selenopeltis binodosa,Wosekella sp.
Selenopeltis binodosa,Monobolina sp.
Selenopeltis binodosa,Elliptoglossa sp.
Selenopeltis binodosa,Celdobolus sp.
Selenopeltis binodosa,Discinoidea?
Selenopeltis binodosa,undet. Dalmanelloidea
Selenopeltis binodosa,Bryozoan
Selenopeltis binodosa,Ctenodonta escosurae
Selenopeltis binodosa,Redonia michelae
Selenopeltis binodosa,Coxiconchia guiraudi
Selenopeltis binodosa,Alococoncha?
Selenopeltis binodosa,Cardiolaria? sp.
Selenopeltis binodosa,Cienagomya? sp.
Selenopeltis binodosa,Ekaterodonta courtessolei
Selenopeltis binodosa,Glyptarca sp.
Selenopeltis binodosa,Lesueurilla prima
Selenopeltis binodosa,undet. Monoplacophora
Selenopeltis binodosa,Carcassonnella courtessolei
Selenopeltis binodosa,Carcassonnella vizcainoi
Selenopeltis binodosa,Carcassonnella sp.
Selenopeltis binodosa,Wiwaxiid
Selenopeltis binodosa,Helcionelloid
Selenopeltis binodosa,Priapulid
Selenopeltis binodosa,Large taxon with spinose limbs
Selenopeltis binodosa,Small taxon with spinose limbs
Selenopeltis binodosa,Armoured lobopodian 1
Selenopeltis binodosa,Armoured lobopodian 2
Selenopeltis binodosa,Armoured lobopodian 3
Selenopeltis binodosa,Diania-like lobopodian
Selenopeltis binodosa,Enosiaspis hrungnir
Selenopeltis binodosa, 'Synziphosurine'/Synziphosurina?
Selenopeltis binodosa,Possible pycnogonid
Selenopeltis binodosa,Possible retifaciid
Selenopeltis binodosa,Tariccoia tazagurtensis
Selenopeltis binodosa,Ostracod
Selenopeltis binodosa,undet. Dikelocephalidae
Selenopeltis binodosa,undet. Illaenacea
Selenopeltis binodosa,Orometopus sp.
Selenopeltis binodosa,Agerina quadrata
Selenopeltis binodosa,Geragnostus aff. occitanus
Selenopeltis binodosa,Geragnostus sp.
Selenopeltis binodosa,Ampyx priscus
Selenopeltis binodosa,Ampyx cf. priscus
Selenopeltis binodosa,Parabathycheilus gallicus
Selenopeltis binodosa,Proetidae?
Selenopeltis binodosa,undet. Trinucleidae
Selenopeltis binodosa,Nileus deynouxi
Selenopeltis binodosa,Hospes sp.
Selenopeltis binodosa,Palaeosphaeronites sp.
Selenopeltis binodosa,Palaeosphaeronites? prokopi
Selenopeltis binodosa,Aristocystites cf. bohemicus (sinuous?)
Selenopeltis binodosa,Aristocystites sp.
Selenopeltis binodosa,Balantiocystis regnelli
Selenopeltis binodosa,Balantiocystis sp.
Selenopeltis binodosa,Rhopalocystis sp.
Selenopeltis binodosa,Rhopalocystis dehirensis
Selenopeltis binodosa,Rhopalocystis destombesi
Selenopeltis binodosa,Rhopalocystis fraga
Selenopeltis binodosa,Rhopalocystis grandis
Selenopeltis binodosa,Rhopalocystis havliceki
Selenopeltis binodosa,Rhopalocystis lehmani
Selenopeltis binodosa,Rhopalocystis zagoraensis
Selenopeltis binodosa,Rhopalocystis sp. A
Selenopeltis binodosa,Rhopalocystis sp. B
Selenopeltis binodosa,Rhopalocystis sp. C
Selenopeltis binodosa,cf. Rhopalocystis
Selenopeltis binodosa,Lingulocystis aff. deani
Selenopeltis binodosa,Lingulocystis elongata
Selenopeltis binodosa,cf. Pareocrinus
Selenopeltis binodosa,Eocrinoidea indet. sp. 1
Selenopeltis binodosa,Eocrinoidea indet. sp. 2
Selenopeltis binodosa,Eocrinoidea indet.
Selenopeltis binodosa,Ramseyocrinus sp.
Selenopeltis binodosa,Crinoid 2
Selenopeltis binodosa,Aethocrinus cf. moorei
Selenopeltis binodosa,Iocrinus n. sp.
Selenopeltis binodosa,Cystoidea?/undet. Cystoidea
Selenopeltis binodosa,Argodiscus espilezorum
Selenopeltis binodosa,Anedriophus moroccoensis
Selenopeltis binodosa,Rhenopyrgid indet.
Selenopeltis binodosa,Ampelocarpus sp.
Selenopeltis binodosa,Amygdalotheca griffei
Selenopeltis binodosa,Anatifopsis escandei
Selenopeltis binodosa,Anatifopsis trapeziiformis
Selenopeltis binodosa,Anatifopsis sp.
Selenopeltis binodosa,"Anomalocystid n. gen., n. sp. "
Selenopeltis binodosa,Aspidocarpus sp.
Selenopeltis binodosa,Arauricystis? sp.
Selenopeltis binodosa,Balanocystites primus
Selenopeltis binodosa,Bohemiaecystis
Selenopeltis binodosa,Chauvelicystis ubaghsi
Selenopeltis binodosa,Chauvelicystis spinosa
Selenopeltis binodosa,Chauvelicystis vizcainoi
Selenopeltis binodosa,Chauvelicystis sp.
Selenopeltis binodosa,"Chauvelicystid n. gen., n. sp. 1"
Selenopeltis binodosa,"Chauvelicystid n. gen., n. sp. 2"
Selenopeltis binodosa,Chinianocarpos sp.
Selenopeltis binodosa,"Cornuta n. gen. 1, n. sp."
Selenopeltis binodosa,"Cornuta n. gen. 2, n. sp."
Selenopeltis binodosa,Flabellicarpus rushtoni
Selenopeltis binodosa,Galliaecystis n. sp.
Selenopeltis binodosa,Galliaecystis ubaghsi
Selenopeltis binodosa,Lagynocystis pyramidalis
Selenopeltis binodosa,Kirkocystidae?
Selenopeltis binodosa,Lyricocarpus courtessolei
Selenopeltis binodosa,Milonicystis sp.
Selenopeltis binodosa,Mitrocystitid indet. cf. Ovocarpus
Selenopeltis binodosa,Nanocarpus cf. dolambii
Selenopeltis binodosa,Phyllocystis blayaci
Selenopeltis binodosa,Phyllocystis sp.
Selenopeltis binodosa,Procothurnocystis n. sp.
Selenopeltis binodosa,Prokopicystis sp.
Selenopeltis binodosa,Thoralicystis zagoraensis
Selenopeltis binodosa,Vizcainocarpus sp.
Selenopeltis binodosa,Cothurnocystid indetl.
Selenopeltis binodosa,Peltocystis cornuta
Selenopeltis binodosa,Scotiaevystis? sp.
Selenopeltis binodosa,Macrocystella sp.
Selenopeltis binodosa,Macrocystella bohemica
Selenopeltis binodosa,Macrocystella cf. mariae
Selenopeltis binodosa,Macrocystella tasseftensis
Selenopeltis binodosa,undet. Ophiuroidea
Selenopeltis binodosa,Didymograptus cf. arcuatus
Selenopeltis binodosa,Didymograptus deflexus
Selenopeltis binodosa,Didymograptus extensus
Selenopeltis binodosa,Didymograptus v-fractus
Selenopeltis binodosa,Didymograptus intendus
Selenopeltis binodosa,Didymograptus pennatulus
Selenopeltis binodosa,Didymograptus nanus
Selenopeltis binodosa,Didymograptus nitidus
Selenopeltis binodosa,Didymograptus patulus
Selenopeltis binodosa,Didymograptus sparsus
Selenopeltis binodosa,"""Didymograptus sp. 1"""
Selenopeltis binodosa,Didymograptus sp.
Selenopeltis binodosa,Didymograptid indet.
Selenopeltis binodosa,Koremagraptus sp.
Selenopeltis binodosa,Dictyonema sp.
Selenopeltis binodosa,Tuboid
Selenopeltis binodosa,?Cymatograptus protobalticus
Selenopeltis binodosa,Webbyites felix
Selenopeltis binodosa,Rhabdopleura-like epibiont
Selenopeltis binodosa,Hyolithes sp.
Selenopeltis sp. 1,Benthic detritus
Selenopeltis sp. 1,Acrothele sp.
Selenopeltis sp. 1,Plectorthis simplex
Selenopeltis sp. 1,Angusticardinia sp.
Selenopeltis sp. 1,Lingula salteri
Selenopeltis sp. 1,Orbithele vana
Selenopeltis sp. 1,Paurorthis tadristensis
Selenopeltis sp. 1,Tarfaya marocana
Selenopeltis sp. 1,Monobolina sp.
Selenopeltis sp. 1,Elliptoglossa sp.
Selenopeltis sp. 1,Celdobolus sp.
Selenopeltis sp. 1,Discinoidea?
Selenopeltis sp. 1,undet. Dalmanelloidea
Selenopeltis sp. 1,Bryozoan
Selenopeltis sp. 1,Redonia michelae
Selenopeltis sp. 1,Coxiconchia guiraudi
Selenopeltis sp. 1,Alococoncha?
Selenopeltis sp. 1,Cienagomya? sp.
Selenopeltis sp. 1,Ekaterodonta courtessolei
Selenopeltis sp. 1,Lesueurilla prima
Selenopeltis sp. 1,undet. Monoplacophora
Selenopeltis sp. 1,Carcassonnella courtessolei
Selenopeltis sp. 1,Carcassonnella vizcainoi
Selenopeltis sp. 1,Carcassonnella sp.
Selenopeltis sp. 1,Wiwaxiid
Selenopeltis sp. 1,Helcionelloid
Selenopeltis sp. 1,Priapulid
Selenopeltis sp. 1,Enosiaspis hrungnir
Selenopeltis sp. 1, 'Synziphosurine'/Synziphosurina?
Selenopeltis sp. 1,Possible pycnogonid
Selenopeltis sp. 1,Possible retifaciid
Selenopeltis sp. 1,Tariccoia tazagurtensis
Selenopeltis sp. 1,Ostracod
Selenopeltis sp. 1,undet. Dikelocephalidae
Selenopeltis sp. 1,undet. Illaenacea
Selenopeltis sp. 1,Parabathycheilus gallicus
Selenopeltis sp. 1,Proetidae?
Selenopeltis sp. 1,undet. Trinucleidae
Selenopeltis sp. 1,Palaeosphaeronites sp.
Selenopeltis sp. 1,Palaeosphaeronites? prokopi
Selenopeltis sp. 1,Aristocystites cf. bohemicus (sinuous?)
Selenopeltis sp. 1,Aristocystites sp.
Selenopeltis sp. 1,Balantiocystis regnelli
Selenopeltis sp. 1,Balantiocystis sp.
Selenopeltis sp. 1,Rhopalocystis sp.
Selenopeltis sp. 1,Rhopalocystis dehirensis
Selenopeltis sp. 1,Rhopalocystis destombesi
Selenopeltis sp. 1,Rhopalocystis fraga
Selenopeltis sp. 1,Rhopalocystis grandis
Selenopeltis sp. 1,Rhopalocystis havliceki
Selenopeltis sp. 1,Rhopalocystis lehmani
Selenopeltis sp. 1,Rhopalocystis zagoraensis
Selenopeltis sp. 1,Rhopalocystis sp. A
Selenopeltis sp. 1,Rhopalocystis sp. B
Selenopeltis sp. 1,Rhopalocystis sp. C
Selenopeltis sp. 1,cf. Rhopalocystis
Selenopeltis sp. 1,Lingulocystis aff. deani
Selenopeltis sp. 1,Lingulocystis elongata
Selenopeltis sp. 1,cf. Pareocrinus
Selenopeltis sp. 1,Eocrinoidea indet. sp. 1
Selenopeltis sp. 1,Eocrinoidea indet. sp. 2
Selenopeltis sp. 1,Eocrinoidea indet.
Selenopeltis sp. 1,Ramseyocrinus sp.
Selenopeltis sp. 1,Crinoid 2
Selenopeltis sp. 1,Aethocrinus cf. moorei
Selenopeltis sp. 1,Iocrinus n. sp.
Selenopeltis sp. 1,Argodiscus espilezorum
Selenopeltis sp. 1,Anedriophus moroccoensis
Selenopeltis sp. 1,Rhenopyrgid indet.
Selenopeltis sp. 1,Ampelocarpus sp.
Selenopeltis sp. 1,Amygdalotheca griffei
Selenopeltis sp. 1,Anatifopsis escandei
Selenopeltis sp. 1,Anatifopsis trapeziiformis
Selenopeltis sp. 1,Anatifopsis sp.
Selenopeltis sp. 1,"Anomalocystid n. gen., n. sp. "
Selenopeltis sp. 1,Aspidocarpus sp.
Selenopeltis sp. 1,Balanocystites primus
Selenopeltis sp. 1,Bohemiaecystis
Selenopeltis sp. 1,Chauvelicystis ubaghsi
Selenopeltis sp. 1,Chauvelicystis spinosa
Selenopeltis sp. 1,Chauvelicystis vizcainoi
Selenopeltis sp. 1,Chauvelicystis sp.
Selenopeltis sp. 1,"Chauvelicystid n. gen., n. sp. 1"
Selenopeltis sp. 1,"Chauvelicystid n. gen., n. sp. 2"
Selenopeltis sp. 1,Chinianocarpos sp.
Selenopeltis sp. 1,"Cornuta n. gen. 1, n. sp."
Selenopeltis sp. 1,"Cornuta n. gen. 2, n. sp."
Selenopeltis sp. 1,Flabellicarpus rushtoni
Selenopeltis sp. 1,Galliaecystis n. sp.
Selenopeltis sp. 1,Galliaecystis ubaghsi
Selenopeltis sp. 1,Lagynocystis pyramidalis
Selenopeltis sp. 1,Kirkocystidae?
Selenopeltis sp. 1,Lyricocarpus courtessolei
Selenopeltis sp. 1,Milonicystis sp.
Selenopeltis sp. 1,Mitrocystitid indet. cf. Ovocarpus
Selenopeltis sp. 1,Nanocarpus cf. dolambii
Selenopeltis sp. 1,Phyllocystis blayaci
Selenopeltis sp. 1,Procothurnocystis n. sp.
Selenopeltis sp. 1,Prokopicystis sp.
Selenopeltis sp. 1,Thoralicystis zagoraensis
Selenopeltis sp. 1,Vizcainocarpus sp.
Selenopeltis sp. 1,Peltocystis cornuta
Selenopeltis sp. 1,Macrocystella sp.
Selenopeltis sp. 1,Macrocystella bohemica
Selenopeltis sp. 1,Macrocystella cf. mariae
Selenopeltis sp. 1,Macrocystella tasseftensis
Selenopeltis sp. 1,undet. Ophiuroidea
Selenopeltis sp. 1,Didymograptus cf. arcuatus
Selenopeltis sp. 1,Didymograptus deflexus
Selenopeltis sp. 1,Didymograptus extensus
Selenopeltis sp. 1,Didymograptus v-fractus
Selenopeltis sp. 1,Didymograptus intendus
Selenopeltis sp. 1,Didymograptus pennatulus
Selenopeltis sp. 1,Didymograptus nanus
Selenopeltis sp. 1,Didymograptus nitidus
Selenopeltis sp. 1,Didymograptus patulus
Selenopeltis sp. 1,Didymograptus sparsus
Selenopeltis sp. 1,"""Didymograptus sp. 1"""
Selenopeltis sp. 1,Didymograptus sp.
Selenopeltis sp. 1,Didymograptid indet.
Selenopeltis sp. 1,Koremagraptus sp.
Selenopeltis sp. 1,Dictyonema sp.
Selenopeltis sp. 1,Tuboid
Selenopeltis sp. 1,?Cymatograptus protobalticus
Selenopeltis sp. 1,Webbyites felix
Selenopeltis sp. 1,Rhabdopleura-like epibiont
Selenopeltis sp. 2,Benthic detritus
Selenopeltis sp. 2,Acrothele sp.
Selenopeltis sp. 2,Plectorthis simplex
Selenopeltis sp. 2,Angusticardinia sp.
Selenopeltis sp. 2,Lingula salteri
Selenopeltis sp. 2,Orbithele vana
Selenopeltis sp. 2,Paurorthis tadristensis
Selenopeltis sp. 2,Tarfaya marocana
Selenopeltis sp. 2,Monobolina sp.
Selenopeltis sp. 2,Elliptoglossa sp.
Selenopeltis sp. 2,Celdobolus sp.
Selenopeltis sp. 2,Discinoidea?
Selenopeltis sp. 2,undet. Dalmanelloidea
Selenopeltis sp. 2,Bryozoan
Selenopeltis sp. 2,Redonia michelae
Selenopeltis sp. 2,Coxiconchia guiraudi
Selenopeltis sp. 2,Alococoncha?
Selenopeltis sp. 2,Cienagomya? sp.
Selenopeltis sp. 2,Ekaterodonta courtessolei
Selenopeltis sp. 2,Lesueurilla prima
Selenopeltis sp. 2,undet. Monoplacophora
Selenopeltis sp. 2,Carcassonnella courtessolei
Selenopeltis sp. 2,Carcassonnella vizcainoi
Selenopeltis sp. 2,Carcassonnella sp.
Selenopeltis sp. 2,Wiwaxiid
Selenopeltis sp. 2,Helcionelloid
Selenopeltis sp. 2,Priapulid
Selenopeltis sp. 2,Enosiaspis hrungnir
Selenopeltis sp. 2, 'Synziphosurine'/Synziphosurina?
Selenopeltis sp. 2,Possible pycnogonid
Selenopeltis sp. 2,Possible retifaciid
Selenopeltis sp. 2,Tariccoia tazagurtensis
Selenopeltis sp. 2,Ostracod
Selenopeltis sp. 2,undet. Dikelocephalidae
Selenopeltis sp. 2,undet. Illaenacea
Selenopeltis sp. 2,Parabathycheilus gallicus
Selenopeltis sp. 2,Proetidae?
Selenopeltis sp. 2,undet. Trinucleidae
Selenopeltis sp. 2,Palaeosphaeronites sp.
Selenopeltis sp. 2,Palaeosphaeronites? prokopi
Selenopeltis sp. 2,Aristocystites cf. bohemicus (sinuous?)
Selenopeltis sp. 2,Aristocystites sp.
Selenopeltis sp. 2,Balantiocystis regnelli
Selenopeltis sp. 2,Balantiocystis sp.
Selenopeltis sp. 2,Rhopalocystis sp.
Selenopeltis sp. 2,Rhopalocystis dehirensis
Selenopeltis sp. 2,Rhopalocystis destombesi
Selenopeltis sp. 2,Rhopalocystis fraga
Selenopeltis sp. 2,Rhopalocystis grandis
Selenopeltis sp. 2,Rhopalocystis havliceki
Selenopeltis sp. 2,Rhopalocystis lehmani
Selenopeltis sp. 2,Rhopalocystis zagoraensis
Selenopeltis sp. 2,Rhopalocystis sp. A
Selenopeltis sp. 2,Rhopalocystis sp. B
Selenopeltis sp. 2,Rhopalocystis sp. C
Selenopeltis sp. 2,cf. Rhopalocystis
Selenopeltis sp. 2,Lingulocystis aff. deani
Selenopeltis sp. 2,Lingulocystis elongata
Selenopeltis sp. 2,cf. Pareocrinus
Selenopeltis sp. 2,Eocrinoidea indet. sp. 1
Selenopeltis sp. 2,Eocrinoidea indet. sp. 2
Selenopeltis sp. 2,Eocrinoidea indet.
Selenopeltis sp. 2,Ramseyocrinus sp.
Selenopeltis sp. 2,Crinoid 2
Selenopeltis sp. 2,Aethocrinus cf. moorei
Selenopeltis sp. 2,Iocrinus n. sp.
Selenopeltis sp. 2,Argodiscus espilezorum
Selenopeltis sp. 2,Anedriophus moroccoensis
Selenopeltis sp. 2,Rhenopyrgid indet.
Selenopeltis sp. 2,Ampelocarpus sp.
Selenopeltis sp. 2,Amygdalotheca griffei
Selenopeltis sp. 2,Anatifopsis escandei
Selenopeltis sp. 2,Anatifopsis trapeziiformis
Selenopeltis sp. 2,Anatifopsis sp.
Selenopeltis sp. 2,"Anomalocystid n. gen., n. sp. "
Selenopeltis sp. 2,Aspidocarpus sp.
Selenopeltis sp. 2,Balanocystites primus
Selenopeltis sp. 2,Bohemiaecystis
Selenopeltis sp. 2,Chauvelicystis ubaghsi
Selenopeltis sp. 2,Chauvelicystis spinosa
Selenopeltis sp. 2,Chauvelicystis vizcainoi
Selenopeltis sp. 2,Chauvelicystis sp.
Selenopeltis sp. 2,"Chauvelicystid n. gen., n. sp. 1"
Selenopeltis sp. 2,"Chauvelicystid n. gen., n. sp. 2"
Selenopeltis sp. 2,Chinianocarpos sp.
Selenopeltis sp. 2,"Cornuta n. gen. 1, n. sp."
Selenopeltis sp. 2,"Cornuta n. gen. 2, n. sp."
Selenopeltis sp. 2,Flabellicarpus rushtoni
Selenopeltis sp. 2,Galliaecystis n. sp.
Selenopeltis sp. 2,Galliaecystis ubaghsi
Selenopeltis sp. 2,Lagynocystis pyramidalis
Selenopeltis sp. 2,Kirkocystidae?
Selenopeltis sp. 2,Lyricocarpus courtessolei
Selenopeltis sp. 2,Milonicystis sp.
Selenopeltis sp. 2,Mitrocystitid indet. cf. Ovocarpus
Selenopeltis sp. 2,Nanocarpus cf. dolambii
Selenopeltis sp. 2,Phyllocystis blayaci
Selenopeltis sp. 2,Procothurnocystis n. sp.
Selenopeltis sp. 2,Prokopicystis sp.
Selenopeltis sp. 2,Thoralicystis zagoraensis
Selenopeltis sp. 2,Vizcainocarpus sp.
Selenopeltis sp. 2,Peltocystis cornuta
Selenopeltis sp. 2,Macrocystella sp.
Selenopeltis sp. 2,Macrocystella bohemica
Selenopeltis sp. 2,Macrocystella cf. mariae
Selenopeltis sp. 2,Macrocystella tasseftensis
Selenopeltis sp. 2,undet. Ophiuroidea
Selenopeltis sp. 2,Didymograptus cf. arcuatus
Selenopeltis sp. 2,Didymograptus deflexus
Selenopeltis sp. 2,Didymograptus extensus
Selenopeltis sp. 2,Didymograptus v-fractus
Selenopeltis sp. 2,Didymograptus intendus
Selenopeltis sp. 2,Didymograptus pennatulus
Selenopeltis sp. 2,Didymograptus nanus
Selenopeltis sp. 2,Didymograptus nitidus
Selenopeltis sp. 2,Didymograptus patulus
Selenopeltis sp. 2,Didymograptus sparsus
Selenopeltis sp. 2,"""Didymograptus sp. 1"""
Selenopeltis sp. 2,Didymograptus sp.
Selenopeltis sp. 2,Didymograptid indet.
Selenopeltis sp. 2,Koremagraptus sp.
Selenopeltis sp. 2,Dictyonema sp.
Selenopeltis sp. 2,Tuboid
Selenopeltis sp. 2,?Cymatograptus protobalticus
Selenopeltis sp. 2,Webbyites felix
Selenopeltis sp. 2,Rhabdopleura-like epibiont
Harpides sp.,suspended organic matter
Harpides sp.,Benthic detritus
Foulonia peregrina,Benthic detritus
Foulonia peregrina,Acrothele sp.
Foulonia peregrina,Plectorthis simplex
Foulonia peregrina,Angusticardinia sp.
Foulonia peregrina,Lingula salteri
Foulonia peregrina,Orbithele vana
Foulonia peregrina,Paurorthis tadristensis
Foulonia peregrina,Tarfaya marocana
Foulonia peregrina,Monobolina sp.
Foulonia peregrina,Elliptoglossa sp.
Foulonia peregrina,Celdobolus sp.
Foulonia peregrina,Discinoidea?
Foulonia peregrina,undet. Dalmanelloidea
Foulonia peregrina,Bryozoan
Foulonia peregrina,Redonia michelae
Foulonia peregrina,Coxiconchia guiraudi
Foulonia peregrina,Alococoncha?
Foulonia peregrina,Cienagomya? sp.
Foulonia peregrina,Ekaterodonta courtessolei
Foulonia peregrina,Lesueurilla prima
Foulonia peregrina,undet. Monoplacophora
Foulonia peregrina,Carcassonnella courtessolei
Foulonia peregrina,Carcassonnella vizcainoi
Foulonia peregrina,Carcassonnella sp.
Foulonia peregrina,Wiwaxiid
Foulonia peregrina,Helcionelloid
Foulonia peregrina,Priapulid
Foulonia peregrina,Enosiaspis hrungnir
Foulonia peregrina, 'Synziphosurine'/Synziphosurina?
Foulonia peregrina,Possible pycnogonid
Foulonia peregrina,Possible retifaciid
Foulonia peregrina,Tariccoia tazagurtensis
Foulonia peregrina,Ostracod
Foulonia peregrina,undet. Dikelocephalidae
Foulonia peregrina,undet. Illaenacea
Foulonia peregrina,Parabathycheilus gallicus
Foulonia peregrina,Proetidae?
Foulonia peregrina,undet. Trinucleidae
Foulonia peregrina,Palaeosphaeronites sp.
Foulonia peregrina,Palaeosphaeronites? prokopi
Foulonia peregrina,Aristocystites cf. bohemicus (sinuous?)
Foulonia peregrina,Aristocystites sp.
Foulonia peregrina,Balantiocystis regnelli
Foulonia peregrina,Balantiocystis sp.
Foulonia peregrina,Rhopalocystis sp.
Foulonia peregrina,Rhopalocystis dehirensis
Foulonia peregrina,Rhopalocystis destombesi
Foulonia peregrina,Rhopalocystis fraga
Foulonia peregrina,Rhopalocystis grandis
Foulonia peregrina,Rhopalocystis havliceki
Foulonia peregrina,Rhopalocystis lehmani
Foulonia peregrina,Rhopalocystis zagoraensis
Foulonia peregrina,Rhopalocystis sp. A
Foulonia peregrina,Rhopalocystis sp. B
Foulonia peregrina,Rhopalocystis sp. C
Foulonia peregrina,cf. Rhopalocystis
Foulonia peregrina,Lingulocystis aff. deani
Foulonia peregrina,Lingulocystis elongata
Foulonia peregrina,cf. Pareocrinus
Foulonia peregrina,Eocrinoidea indet. sp. 1
Foulonia peregrina,Eocrinoidea indet. sp. 2
Foulonia peregrina,Eocrinoidea indet.
Foulonia peregrina,Ramseyocrinus sp.
Foulonia peregrina,Crinoid 2
Foulonia peregrina,Aethocrinus cf. moorei
Foulonia peregrina,Iocrinus n. sp.
Foulonia peregrina,Argodiscus espilezorum
Foulonia peregrina,Anedriophus moroccoensis
Foulonia peregrina,Rhenopyrgid indet.
Foulonia peregrina,Ampelocarpus sp.
Foulonia peregrina,Amygdalotheca griffei
Foulonia peregrina,Anatifopsis escandei
Foulonia peregrina,Anatifopsis trapeziiformis
Foulonia peregrina,Anatifopsis sp.
Foulonia peregrina,"Anomalocystid n. gen., n. sp. "
Foulonia peregrina,Aspidocarpus sp.
Foulonia peregrina,Balanocystites primus
Foulonia peregrina,Bohemiaecystis
Foulonia peregrina,Chauvelicystis ubaghsi
Foulonia peregrina,Chauvelicystis spinosa
Foulonia peregrina,Chauvelicystis vizcainoi
Foulonia peregrina,Chauvelicystis sp.
Foulonia peregrina,"Chauvelicystid n. gen., n. sp. 1"
Foulonia peregrina,"Chauvelicystid n. gen., n. sp. 2"
Foulonia peregrina,Chinianocarpos sp.
Foulonia peregrina,"Cornuta n. gen. 1, n. sp."
Foulonia peregrina,"Cornuta n. gen. 2, n. sp."
Foulonia peregrina,Flabellicarpus rushtoni
Foulonia peregrina,Galliaecystis n. sp.
Foulonia peregrina,Galliaecystis ubaghsi
Foulonia peregrina,Lagynocystis pyramidalis
Foulonia peregrina,Kirkocystidae?
Foulonia peregrina,Lyricocarpus courtessolei
Foulonia peregrina,Milonicystis sp.
Foulonia peregrina,Mitrocystitid indet. cf. Ovocarpus
Foulonia peregrina,Nanocarpus cf. dolambii
Foulonia peregrina,Phyllocystis blayaci
Foulonia peregrina,Procothurnocystis n. sp.
Foulonia peregrina,Prokopicystis sp.
Foulonia peregrina,Thoralicystis zagoraensis
Foulonia peregrina,Vizcainocarpus sp.
Foulonia peregrina,Peltocystis cornuta
Foulonia peregrina,Macrocystella sp.
Foulonia peregrina,Macrocystella bohemica
Foulonia peregrina,Macrocystella cf. mariae
Foulonia peregrina,Macrocystella tasseftensis
Foulonia peregrina,undet. Ophiuroidea
Foulonia peregrina,Didymograptus cf. arcuatus
Foulonia peregrina,Didymograptus deflexus
Foulonia peregrina,Didymograptus extensus
Foulonia peregrina,Didymograptus v-fractus
Foulonia peregrina,Didymograptus intendus
Foulonia peregrina,Didymograptus pennatulus
Foulonia peregrina,Didymograptus nanus
Foulonia peregrina,Didymograptus nitidus
Foulonia peregrina,Didymograptus patulus
Foulonia peregrina,Didymograptus sparsus
Foulonia peregrina,"""Didymograptus sp. 1"""
Foulonia peregrina,Didymograptus sp.
Foulonia peregrina,Didymograptid indet.
Foulonia peregrina,Koremagraptus sp.
Foulonia peregrina,Dictyonema sp.
Foulonia peregrina,Tuboid
Foulonia peregrina,?Cymatograptus protobalticus
Foulonia peregrina,Webbyites felix
Foulonia peregrina,Rhabdopleura-like epibiont
Foulonia sp.,Benthic detritus
Foulonia sp.,Acrothele sp.
Foulonia sp.,Plectorthis simplex
Foulonia sp.,Angusticardinia sp.
Foulonia sp.,Lingula salteri
Foulonia sp.,Orbithele vana
Foulonia sp.,Paurorthis tadristensis
Foulonia sp.,Tarfaya marocana
Foulonia sp.,Monobolina sp.
Foulonia sp.,Elliptoglossa sp.
Foulonia sp.,Celdobolus sp.
Foulonia sp.,Discinoidea?
Foulonia sp.,undet. Dalmanelloidea
Foulonia sp.,Bryozoan
Foulonia sp.,Redonia michelae
Foulonia sp.,Coxiconchia guiraudi
Foulonia sp.,Alococoncha?
Foulonia sp.,Cienagomya? sp.
Foulonia sp.,Ekaterodonta courtessolei
Foulonia sp.,Lesueurilla prima
Foulonia sp.,undet. Monoplacophora
Foulonia sp.,Carcassonnella courtessolei
Foulonia sp.,Carcassonnella vizcainoi
Foulonia sp.,Carcassonnella sp.
Foulonia sp.,Wiwaxiid
Foulonia sp.,Helcionelloid
Foulonia sp.,Priapulid
Foulonia sp.,Enosiaspis hrungnir
Foulonia sp., 'Synziphosurine'/Synziphosurina?
Foulonia sp.,Possible pycnogonid
Foulonia sp.,Possible retifaciid
Foulonia sp.,Tariccoia tazagurtensis
Foulonia sp.,Ostracod
Foulonia sp.,undet. Dikelocephalidae
Foulonia sp.,undet. Illaenacea
Foulonia sp.,Parabathycheilus gallicus
Foulonia sp.,Proetidae?
Foulonia sp.,undet. Trinucleidae
Foulonia sp.,Palaeosphaeronites sp.
Foulonia sp.,Palaeosphaeronites? prokopi
Foulonia sp.,Aristocystites cf. bohemicus (sinuous?)
Foulonia sp.,Aristocystites sp.
Foulonia sp.,Balantiocystis regnelli
Foulonia sp.,Balantiocystis sp.
Foulonia sp.,Rhopalocystis sp.
Foulonia sp.,Rhopalocystis dehirensis
Foulonia sp.,Rhopalocystis destombesi
Foulonia sp.,Rhopalocystis fraga
Foulonia sp.,Rhopalocystis grandis
Foulonia sp.,Rhopalocystis havliceki
Foulonia sp.,Rhopalocystis lehmani
Foulonia sp.,Rhopalocystis zagoraensis
Foulonia sp.,Rhopalocystis sp. A
Foulonia sp.,Rhopalocystis sp. B
Foulonia sp.,Rhopalocystis sp. C
Foulonia sp.,cf. Rhopalocystis
Foulonia sp.,Lingulocystis aff. deani
Foulonia sp.,Lingulocystis elongata
Foulonia sp.,cf. Pareocrinus
Foulonia sp.,Eocrinoidea indet. sp. 1
Foulonia sp.,Eocrinoidea indet. sp. 2
Foulonia sp.,Eocrinoidea indet.
Foulonia sp.,Ramseyocrinus sp.
Foulonia sp.,Crinoid 2
Foulonia sp.,Aethocrinus cf. moorei
Foulonia sp.,Iocrinus n. sp.
Foulonia sp.,Argodiscus espilezorum
Foulonia sp.,Anedriophus moroccoensis
Foulonia sp.,Rhenopyrgid indet.
Foulonia sp.,Ampelocarpus sp.
Foulonia sp.,Amygdalotheca griffei
Foulonia sp.,Anatifopsis escandei
Foulonia sp.,Anatifopsis trapeziiformis
Foulonia sp.,Anatifopsis sp.
Foulonia sp.,"Anomalocystid n. gen., n. sp. "
Foulonia sp.,Aspidocarpus sp.
Foulonia sp.,Balanocystites primus
Foulonia sp.,Bohemiaecystis
Foulonia sp.,Chauvelicystis ubaghsi
Foulonia sp.,Chauvelicystis spinosa
Foulonia sp.,Chauvelicystis vizcainoi
Foulonia sp.,Chauvelicystis sp.
Foulonia sp.,"Chauvelicystid n. gen., n. sp. 1"
Foulonia sp.,"Chauvelicystid n. gen., n. sp. 2"
Foulonia sp.,Chinianocarpos sp.
Foulonia sp.,"Cornuta n. gen. 1, n. sp."
Foulonia sp.,"Cornuta n. gen. 2, n. sp."
Foulonia sp.,Flabellicarpus rushtoni
Foulonia sp.,Galliaecystis n. sp.
Foulonia sp.,Galliaecystis ubaghsi
Foulonia sp.,Lagynocystis pyramidalis
Foulonia sp.,Kirkocystidae?
Foulonia sp.,Lyricocarpus courtessolei
Foulonia sp.,Milonicystis sp.
Foulonia sp.,Mitrocystitid indet. cf. Ovocarpus
Foulonia sp.,Nanocarpus cf. dolambii
Foulonia sp.,Phyllocystis blayaci
Foulonia sp.,Procothurnocystis n. sp.
Foulonia sp.,Prokopicystis sp.
Foulonia sp.,Thoralicystis zagoraensis
Foulonia sp.,Vizcainocarpus sp.
Foulonia sp.,Peltocystis cornuta
Foulonia sp.,Macrocystella sp.
Foulonia sp.,Macrocystella bohemica
Foulonia sp.,Macrocystella cf. mariae
Foulonia sp.,Macrocystella tasseftensis
Foulonia sp.,undet. Ophiuroidea
Foulonia sp.,Didymograptus cf. arcuatus
Foulonia sp.,Didymograptus deflexus
Foulonia sp.,Didymograptus extensus
Foulonia sp.,Didymograptus v-fractus
Foulonia sp.,Didymograptus intendus
Foulonia sp.,Didymograptus pennatulus
Foulonia sp.,Didymograptus nanus
Foulonia sp.,Didymograptus nitidus
Foulonia sp.,Didymograptus patulus
Foulonia sp.,Didymograptus sparsus
Foulonia sp.,"""Didymograptus sp. 1"""
Foulonia sp.,Didymograptus sp.
Foulonia sp.,Didymograptid indet.
Foulonia sp.,Koremagraptus sp.
Foulonia sp.,Dictyonema sp.
Foulonia sp.,Tuboid
Foulonia sp.,?Cymatograptus protobalticus
Foulonia sp.,Webbyites felix
Foulonia sp.,Rhabdopleura-like epibiont
Parapilekia olesnaensis,Benthic detritus
Parapilekia olesnaensis,Ranorthis fasciata
Parapilekia olesnaensis,undet. Athyridida
Parapilekia olesnaensis,Acrothele sp.
Parapilekia olesnaensis,Plectorthis simplex
Parapilekia olesnaensis,Angusticardinia sp.
Parapilekia olesnaensis,Lingula salteri
Parapilekia olesnaensis,Orbithele vana
Parapilekia olesnaensis,Paurorthis tadristensis
Parapilekia olesnaensis,Tarfaya marocana
Parapilekia olesnaensis,Wosekella sp.
Parapilekia olesnaensis,Monobolina sp.
Parapilekia olesnaensis,Elliptoglossa sp.
Parapilekia olesnaensis,Celdobolus sp.
Parapilekia olesnaensis,Discinoidea?
Parapilekia olesnaensis,undet. Dalmanelloidea
Parapilekia olesnaensis,Babinka prima
Parapilekia olesnaensis,Ctenodonta escosurae
Parapilekia olesnaensis,Praenucula sp.
Parapilekia olesnaensis,Redonia michelae
Parapilekia olesnaensis,Alococoncha?
Parapilekia olesnaensis,Cardiolaria? sp.
Parapilekia olesnaensis,Pelecyogyra fezouataensis
Parapilekia olesnaensis,Sinuites sp.
Parapilekia olesnaensis,Lesueurilla prima
Parapilekia olesnaensis,undet. Platyceratoidea
Parapilekia olesnaensis,undet. Monoplacophora
Parapilekia olesnaensis,Thoralispira laevis
Parapilekia olesnaensis,Thoralispira? cf. occitana
Parapilekia olesnaensis,Ribeiria sp.
Parapilekia olesnaensis,Tolmachovia?
Parapilekia olesnaensis,Wiwaxiid
Parapilekia olesnaensis,Halkieriid
Parapilekia olesnaensis,Helcionelloid
Parapilekia olesnaensis,Calvapilosa kroegeri
Parapilekia olesnaensis,Plumulites bengtsoni
Parapilekia olesnaensis,Large plumulitid
Parapilekia olesnaensis,Possible phyllodocid
Parapilekia olesnaensis,Palaeoscolex cf. tenensis
Parapilekia olesnaensis,Priapulid
Parapilekia olesnaensis,Large taxon with spinose limbs
Parapilekia olesnaensis,Small taxon with spinose limbs
Parapilekia olesnaensis,Armoured lobopodian 1
Parapilekia olesnaensis,Armoured lobopodian 2
Parapilekia olesnaensis,Armoured lobopodian 3
Parapilekia olesnaensis,Diania-like lobopodian
Parapilekia olesnaensis,Furca sp. 1
Parapilekia olesnaensis,Furca sp. 2
Parapilekia olesnaensis,Furca sp. 3
Parapilekia olesnaensis,Marrella sp.
Parapilekia olesnaensis,Enosiaspis hrungnir
Parapilekia olesnaensis,Possible waptiid
Parapilekia olesnaensis,Chasmataspidid
Parapilekia olesnaensis,Possible pycnogonid
Parapilekia olesnaensis,Xiphosurid
Parapilekia olesnaensis,Possible retifaciid
Parapilekia olesnaensis,Chlupacaris? sp.
Parapilekia olesnaensis,Tremaglaspis sp.
Parapilekia olesnaensis,Cheloniellid
Parapilekia olesnaensis,Phyllocarid
Parapilekia olesnaensis,Lepadomorph barnacle
Parapilekia olesnaensis,Eoduslia
Parapilekia olesnaensis,Asaphellus sp aff. jujuanus
Parapilekia olesnaensis,Asaphellus sp.
Parapilekia olesnaensis,Kierarges morrisoni
Parapilekia olesnaensis,Playpeltoides carmenae
Parapilekia olesnaensis,Symphysurus sicardi
Parapilekia olesnaensis,Symphysurus ebbestadi
Parapilekia olesnaensis,Symphysurus sp.
Parapilekia olesnaensis,Apatokephalus cf. incisus
Parapilekia olesnaensis,Orometopus sp.
Parapilekia olesnaensis,Cnemidopyge sp.
Parapilekia olesnaensis,Parvilichas marochii
Parapilekia olesnaensis,Selenopeltis aff. Gallica
Parapilekia olesnaensis,Selenopeltis binodosa
Parapilekia olesnaensis,Selenopeltis sp. 1
Parapilekia olesnaensis,Selenopeltis sp. 2
Parapilekia olesnaensis,Harpides sp.
Parapilekia olesnaensis,Foulonia peregrina
Parapilekia olesnaensis,Foulonia sp.
Parapilekia olesnaensis,Toletanaspis aff. borni
Parapilekia olesnaensis,undet. Dalmanitacea
Parapilekia olesnaensis,Bathycheilus gallicus
Parapilekia olesnaensis,Bavarilla aff. zemmourensis
Parapilekia olesnaensis,Bavarilla zemmourensis
Parapilekia olesnaensis,Bavarilla sp.
Parapilekia olesnaensis,Colpocoryphe thorali
Parapilekia olesnaensis,Colpocoryphe pradesensis
Parapilekia olesnaensis,Colpocoryphe sp.
Parapilekia olesnaensis,Pharostoma sp.
Parapilekia olesnaensis,Pharostomina sp. 
Parapilekia olesnaensis,Prionocheilus aff. languedocensis
Parapilekia olesnaensis,Prionocheilus sp.
Parapilekia olesnaensis,Agerina quadrata
Parapilekia olesnaensis,Euloma sp.
Parapilekia olesnaensis,Beltella sp.
Parapilekia olesnaensis,Ampyx priscus
Parapilekia olesnaensis,Ampyx cf. priscus
Parapilekia olesnaensis,Ceraurinella? sp.
Parapilekia olesnaensis,Megalaspidella sp.
Parapilekia olesnaensis,Megistaspis (Ekeraspis) sp. indet.
Parapilekia olesnaensis,Platycoryphe sp.
Parapilekia olesnaensis,Parabathycheilus gallicus
Parapilekia olesnaensis,Anacheirurus adserai
Parapilekia olesnaensis,Eoharpes sp.
Parapilekia olesnaensis,Nileus deynouxi
Parapilekia olesnaensis,Hospes sp.
Parapilekia olesnaensis,Ogygiocaris sp.
Parapilekia olesnaensis,Ormathops clariondi
Parapilekia olesnaensis,Pterygometopus sp.
Parapilekia olesnaensis,Megalaspides? sp.
Parapilekia olesnaensis,Iberocoryphe sp.
Parapilekia olesnaensis,cf. Niobella sp.
Parapilekia olesnaensis,Somasteroid indet. n. sp. 1
Parapilekia olesnaensis,Somasteroid indet. n. sp. 2
Parapilekia olesnaensis,Somasteroid indet. n. sp. 3
Parapilekia olesnaensis,Somasteroid indet.
Parapilekia olesnaensis,undet. Asteroidea
Parapilekia olesnaensis,undet. Stelleroidea
Parapilekia olesnaensis,Villebrunaster fezouataensis
Parapilekia olesnaensis,Palaeosphaeronites sp.
Parapilekia olesnaensis,Palaeosphaeronites? prokopi
Parapilekia olesnaensis,Aristocystites cf. bohemicus (sinuous?)
Parapilekia olesnaensis,Aristocystites sp.
Parapilekia olesnaensis,Ascocystites? sp.
Parapilekia olesnaensis,Balantiocystis regnelli
Parapilekia olesnaensis,Balantiocystis sp.
Parapilekia olesnaensis,Rhopalocystis sp.
Parapilekia olesnaensis,Rhopalocystis dehirensis
Parapilekia olesnaensis,Rhopalocystis destombesi
Parapilekia olesnaensis,Rhopalocystis fraga
Parapilekia olesnaensis,Rhopalocystis grandis
Parapilekia olesnaensis,Rhopalocystis havliceki
Parapilekia olesnaensis,Rhopalocystis lehmani
Parapilekia olesnaensis,Rhopalocystis zagoraensis
Parapilekia olesnaensis,Rhopalocystis sp. A
Parapilekia olesnaensis,Rhopalocystis sp. B
Parapilekia olesnaensis,Rhopalocystis sp. C
Parapilekia olesnaensis,cf. Rhopalocystis
Parapilekia olesnaensis,Lingulocystis aff. deani
Parapilekia olesnaensis,Lingulocystis elongata
Parapilekia olesnaensis,cf. Pareocrinus
Parapilekia olesnaensis,Eocrinoidea indet. sp. 1
Parapilekia olesnaensis,Eocrinoidea indet. sp. 2
Parapilekia olesnaensis,Eocrinoidea indet.
Parapilekia olesnaensis,Ramseyocrinus sp.
Parapilekia olesnaensis,Crinoid 2
Parapilekia olesnaensis,Aethocrinus cf. moorei
Parapilekia olesnaensis,Iocrinus n. sp.
Parapilekia olesnaensis,Cystoidea?/undet. Cystoidea
Parapilekia olesnaensis,Argodiscus espilezorum
Parapilekia olesnaensis,Anedriophus moroccoensis
Parapilekia olesnaensis,Rhenopyrgid indet.
Parapilekia olesnaensis,Ampelocarpus sp.
Parapilekia olesnaensis,Amygdalotheca griffei
Parapilekia olesnaensis,Anatifopsis escandei
Parapilekia olesnaensis,Anatifopsis trapeziiformis
Parapilekia olesnaensis,Anatifopsis sp.
Parapilekia olesnaensis,"Anomalocystid n. gen., n. sp. "
Parapilekia olesnaensis,Aspidocarpus sp.
Parapilekia olesnaensis,Arauricystis? sp.
Parapilekia olesnaensis,Balanocystites primus
Parapilekia olesnaensis,Bohemiaecystis
Parapilekia olesnaensis,Chauvelicystis ubaghsi
Parapilekia olesnaensis,Chauvelicystis spinosa
Parapilekia olesnaensis,Chauvelicystis vizcainoi
Parapilekia olesnaensis,Chauvelicystis sp.
Parapilekia olesnaensis,"Chauvelicystid n. gen., n. sp. 1"
Parapilekia olesnaensis,"Chauvelicystid n. gen., n. sp. 2"
Parapilekia olesnaensis,Chinianocarpos sp.
Parapilekia olesnaensis,"Cornuta n. gen. 1, n. sp."
Parapilekia olesnaensis,"Cornuta n. gen. 2, n. sp."
Parapilekia olesnaensis,Flabellicarpus rushtoni
Parapilekia olesnaensis,Flabellicarpus?
Parapilekia olesnaensis,Galliaecystis n. sp.
Parapilekia olesnaensis,Galliaecystis ubaghsi
Parapilekia olesnaensis,Hanusia n. sp.
Parapilekia olesnaensis,Lagynocystis pyramidalis
Parapilekia olesnaensis,Lyricocarpus courtessolei
Parapilekia olesnaensis,Milonicystis sp.
Parapilekia olesnaensis,Mitrocystitid indet. cf. Ovocarpus
Parapilekia olesnaensis,Nanocarpus cf. dolambii
Parapilekia olesnaensis,Phyllocystis blayaci
Parapilekia olesnaensis,Phyllocystis sp.
Parapilekia olesnaensis,Procothurnocystis n. sp.
Parapilekia olesnaensis,Prokopicystis sp.
Parapilekia olesnaensis,Thoralicystis zagoraensis
Parapilekia olesnaensis,Thoralicystis n. sp.
Parapilekia olesnaensis,Vizcainocarpus sp.
Parapilekia olesnaensis,Cothurnocystid indetl.
Parapilekia olesnaensis,Hanusiid indet.
Parapilekia olesnaensis,Peltocystis cornuta
Parapilekia olesnaensis,Scotiaevystis? sp.
Parapilekia olesnaensis,Macrocystella sp.
Parapilekia olesnaensis,Macrocystella bohemica
Parapilekia olesnaensis,Macrocystella cf. mariae
Parapilekia olesnaensis,Macrocystella tasseftensis
Parapilekia olesnaensis,cf. Castericystis
Parapilekia olesnaensis,cf. Minervaecystis
Parapilekia olesnaensis,Plasiacystis mobilis
Parapilekia olesnaensis,Plasiacystis sp.
Parapilekia olesnaensis,undet. Ophiuroidea
Parapilekia olesnaensis,Elegantilites sp.
Parapilekia olesnaensis,Gamalites? sp.
Parapilekia olesnaensis,Gompholites sp.
Parapilekia olesnaensis,Nephrotheca sp.
Parapilekia olesnaensis,Hyolithes sp.
Parapilekia olesnaensis,Pauxillites thaddei
Parapilekia olesnaensis,Pauxillites sp.
Parapilekia sp.,Benthic detritus
Parapilekia sp.,Ranorthis fasciata
Parapilekia sp.,undet. Athyridida
Parapilekia sp.,Acrothele sp.
Parapilekia sp.,Plectorthis simplex
Parapilekia sp.,Angusticardinia sp.
Parapilekia sp.,Lingula salteri
Parapilekia sp.,Orbithele vana
Parapilekia sp.,Paurorthis tadristensis
Parapilekia sp.,Tarfaya marocana
Parapilekia sp.,Wosekella sp.
Parapilekia sp.,Monobolina sp.
Parapilekia sp.,Elliptoglossa sp.
Parapilekia sp.,Celdobolus sp.
Parapilekia sp.,Discinoidea?
Parapilekia sp.,undet. Dalmanelloidea
Parapilekia sp.,Babinka prima
Parapilekia sp.,Ctenodonta escosurae
Parapilekia sp.,Praenucula sp.
Parapilekia sp.,Redonia michelae
Parapilekia sp.,Alococoncha?
Parapilekia sp.,Cardiolaria? sp.
Parapilekia sp.,Pelecyogyra fezouataensis
Parapilekia sp.,Sinuites sp.
Parapilekia sp.,Lesueurilla prima
Parapilekia sp.,undet. Platyceratoidea
Parapilekia sp.,undet. Monoplacophora
Parapilekia sp.,Thoralispira laevis
Parapilekia sp.,Thoralispira? cf. occitana
Parapilekia sp.,Ribeiria sp.
Parapilekia sp.,Tolmachovia?
Parapilekia sp.,Wiwaxiid
Parapilekia sp.,Halkieriid
Parapilekia sp.,Helcionelloid
Parapilekia sp.,Calvapilosa kroegeri
Parapilekia sp.,Plumulites bengtsoni
Parapilekia sp.,Large plumulitid
Parapilekia sp.,Possible phyllodocid
Parapilekia sp.,Palaeoscolex cf. tenensis
Parapilekia sp.,Priapulid
Parapilekia sp.,Large taxon with spinose limbs
Parapilekia sp.,Small taxon with spinose limbs
Parapilekia sp.,Armoured lobopodian 1
Parapilekia sp.,Armoured lobopodian 2
Parapilekia sp.,Armoured lobopodian 3
Parapilekia sp.,Diania-like lobopodian
Parapilekia sp.,Furca sp. 1
Parapilekia sp.,Furca sp. 2
Parapilekia sp.,Furca sp. 3
Parapilekia sp.,Marrella sp.
Parapilekia sp.,Enosiaspis hrungnir
Parapilekia sp.,Possible waptiid
Parapilekia sp.,Chasmataspidid
Parapilekia sp.,Possible pycnogonid
Parapilekia sp.,Xiphosurid
Parapilekia sp.,Possible retifaciid
Parapilekia sp.,Chlupacaris? sp.
Parapilekia sp.,Tremaglaspis sp.
Parapilekia sp.,Cheloniellid
Parapilekia sp.,Phyllocarid
Parapilekia sp.,Lepadomorph barnacle
Parapilekia sp.,Eoduslia
Parapilekia sp.,Asaphellus sp aff. jujuanus
Parapilekia sp.,Asaphellus sp.
Parapilekia sp.,Kierarges morrisoni
Parapilekia sp.,Playpeltoides carmenae
Parapilekia sp.,Symphysurus sicardi
Parapilekia sp.,Symphysurus ebbestadi
Parapilekia sp.,Symphysurus sp.
Parapilekia sp.,Apatokephalus cf. incisus
Parapilekia sp.,Orometopus sp.
Parapilekia sp.,Cnemidopyge sp.
Parapilekia sp.,Parvilichas marochii
Parapilekia sp.,Selenopeltis aff. Gallica
Parapilekia sp.,Selenopeltis binodosa
Parapilekia sp.,Selenopeltis sp. 1
Parapilekia sp.,Selenopeltis sp. 2
Parapilekia sp.,Harpides sp.
Parapilekia sp.,Foulonia peregrina
Parapilekia sp.,Foulonia sp.
Parapilekia sp.,Toletanaspis aff. borni
Parapilekia sp.,undet. Dalmanitacea
Parapilekia sp.,Bathycheilus gallicus
Parapilekia sp.,Bavarilla aff. zemmourensis
Parapilekia sp.,Bavarilla zemmourensis
Parapilekia sp.,Bavarilla sp.
Parapilekia sp.,Colpocoryphe thorali
Parapilekia sp.,Colpocoryphe pradesensis
Parapilekia sp.,Colpocoryphe sp.
Parapilekia sp.,Pharostoma sp.
Parapilekia sp.,Pharostomina sp. 
Parapilekia sp.,Prionocheilus aff. languedocensis
Parapilekia sp.,Prionocheilus sp.
Parapilekia sp.,Agerina quadrata
Parapilekia sp.,Euloma sp.
Parapilekia sp.,Beltella sp.
Parapilekia sp.,Ampyx priscus
Parapilekia sp.,Ampyx cf. priscus
Parapilekia sp.,Ceraurinella? sp.
Parapilekia sp.,Megalaspidella sp.
Parapilekia sp.,Megistaspis (Ekeraspis) sp. indet.
Parapilekia sp.,Platycoryphe sp.
Parapilekia sp.,Parabathycheilus gallicus
Parapilekia sp.,Anacheirurus adserai
Parapilekia sp.,Eoharpes sp.
Parapilekia sp.,Nileus deynouxi
Parapilekia sp.,Hospes sp.
Parapilekia sp.,Ogygiocaris sp.
Parapilekia sp.,Ormathops clariondi
Parapilekia sp.,Pterygometopus sp.
Parapilekia sp.,Megalaspides? sp.
Parapilekia sp.,Iberocoryphe sp.
Parapilekia sp.,cf. Niobella sp.
Parapilekia sp.,Somasteroid indet. n. sp. 1
Parapilekia sp.,Somasteroid indet. n. sp. 2
Parapilekia sp.,Somasteroid indet. n. sp. 3
Parapilekia sp.,Somasteroid indet.
Parapilekia sp.,undet. Asteroidea
Parapilekia sp.,undet. Stelleroidea
Parapilekia sp.,Villebrunaster fezouataensis
Parapilekia sp.,Palaeosphaeronites sp.
Parapilekia sp.,Palaeosphaeronites? prokopi
Parapilekia sp.,Aristocystites cf. bohemicus (sinuous?)
Parapilekia sp.,Aristocystites sp.
Parapilekia sp.,Ascocystites? sp.
Parapilekia sp.,Balantiocystis regnelli
Parapilekia sp.,Balantiocystis sp.
Parapilekia sp.,Rhopalocystis sp.
Parapilekia sp.,Rhopalocystis dehirensis
Parapilekia sp.,Rhopalocystis destombesi
Parapilekia sp.,Rhopalocystis fraga
Parapilekia sp.,Rhopalocystis grandis
Parapilekia sp.,Rhopalocystis havliceki
Parapilekia sp.,Rhopalocystis lehmani
Parapilekia sp.,Rhopalocystis zagoraensis
Parapilekia sp.,Rhopalocystis sp. A
Parapilekia sp.,Rhopalocystis sp. B
Parapilekia sp.,Rhopalocystis sp. C
Parapilekia sp.,cf. Rhopalocystis
Parapilekia sp.,Lingulocystis aff. deani
Parapilekia sp.,Lingulocystis elongata
Parapilekia sp.,cf. Pareocrinus
Parapilekia sp.,Eocrinoidea indet. sp. 1
Parapilekia sp.,Eocrinoidea indet. sp. 2
Parapilekia sp.,Eocrinoidea indet.
Parapilekia sp.,Ramseyocrinus sp.
Parapilekia sp.,Crinoid 2
Parapilekia sp.,Aethocrinus cf. moorei
Parapilekia sp.,Iocrinus n. sp.
Parapilekia sp.,Cystoidea?/undet. Cystoidea
Parapilekia sp.,Argodiscus espilezorum
Parapilekia sp.,Anedriophus moroccoensis
Parapilekia sp.,Rhenopyrgid indet.
Parapilekia sp.,Ampelocarpus sp.
Parapilekia sp.,Amygdalotheca griffei
Parapilekia sp.,Anatifopsis escandei
Parapilekia sp.,Anatifopsis trapeziiformis
Parapilekia sp.,Anatifopsis sp.
Parapilekia sp.,"Anomalocystid n. gen., n. sp. "
Parapilekia sp.,Aspidocarpus sp.
Parapilekia sp.,Arauricystis? sp.
Parapilekia sp.,Balanocystites primus
Parapilekia sp.,Bohemiaecystis
Parapilekia sp.,Chauvelicystis ubaghsi
Parapilekia sp.,Chauvelicystis spinosa
Parapilekia sp.,Chauvelicystis vizcainoi
Parapilekia sp.,Chauvelicystis sp.
Parapilekia sp.,"Chauvelicystid n. gen., n. sp. 1"
Parapilekia sp.,"Chauvelicystid n. gen., n. sp. 2"
Parapilekia sp.,Chinianocarpos sp.
Parapilekia sp.,"Cornuta n. gen. 1, n. sp."
Parapilekia sp.,"Cornuta n. gen. 2, n. sp."
Parapilekia sp.,Flabellicarpus rushtoni
Parapilekia sp.,Flabellicarpus?
Parapilekia sp.,Galliaecystis n. sp.
Parapilekia sp.,Galliaecystis ubaghsi
Parapilekia sp.,Hanusia n. sp.
Parapilekia sp.,Lagynocystis pyramidalis
Parapilekia sp.,Lyricocarpus courtessolei
Parapilekia sp.,Milonicystis sp.
Parapilekia sp.,Mitrocystitid indet. cf. Ovocarpus
Parapilekia sp.,Nanocarpus cf. dolambii
Parapilekia sp.,Phyllocystis blayaci
Parapilekia sp.,Phyllocystis sp.
Parapilekia sp.,Procothurnocystis n. sp.
Parapilekia sp.,Prokopicystis sp.
Parapilekia sp.,Thoralicystis zagoraensis
Parapilekia sp.,Thoralicystis n. sp.
Parapilekia sp.,Vizcainocarpus sp.
Parapilekia sp.,Cothurnocystid indetl.
Parapilekia sp.,Hanusiid indet.
Parapilekia sp.,Peltocystis cornuta
Parapilekia sp.,Scotiaevystis? sp.
Parapilekia sp.,Macrocystella sp.
Parapilekia sp.,Macrocystella bohemica
Parapilekia sp.,Macrocystella cf. mariae
Parapilekia sp.,Macrocystella tasseftensis
Parapilekia sp.,cf. Castericystis
Parapilekia sp.,cf. Minervaecystis
Parapilekia sp.,Plasiacystis mobilis
Parapilekia sp.,Plasiacystis sp.
Parapilekia sp.,undet. Ophiuroidea
Parapilekia sp.,Elegantilites sp.
Parapilekia sp.,Gamalites? sp.
Parapilekia sp.,Gompholites sp.
Parapilekia sp.,Nephrotheca sp.
Parapilekia sp.,Hyolithes sp.
Parapilekia sp.,Pauxillites thaddei
Parapilekia sp.,Pauxillites sp.
Pileka sp.,Benthic detritus
Pileka sp.,Ranorthis fasciata
Pileka sp.,undet. Athyridida
Pileka sp.,Acrothele sp.
Pileka sp.,Plectorthis simplex
Pileka sp.,Angusticardinia sp.
Pileka sp.,Lingula salteri
Pileka sp.,Orbithele vana
Pileka sp.,Paurorthis tadristensis
Pileka sp.,Tarfaya marocana
Pileka sp.,Wosekella sp.
Pileka sp.,Monobolina sp.
Pileka sp.,Elliptoglossa sp.
Pileka sp.,Celdobolus sp.
Pileka sp.,Discinoidea?
Pileka sp.,undet. Dalmanelloidea
Pileka sp.,Bryozoan
Pileka sp.,Babinka prima
Pileka sp.,Ctenodonta escosurae
Pileka sp.,Praenucula sp.
Pileka sp.,Redonia michelae
Pileka sp.,Coxiconchia guiraudi
Pileka sp.,Alococoncha?
Pileka sp.,Cardiolaria? sp.
Pileka sp.,Cienagomya? sp.
Pileka sp.,Ekaterodonta courtessolei
Pileka sp.,Glyptarca sp.
Pileka sp.,Pelecyogyra fezouataensis
Pileka sp.,Sinuites sp.
Pileka sp.,Lesueurilla prima
Pileka sp.,undet. Platyceratoidea
Pileka sp.,undet. Monoplacophora
Pileka sp.,Thoralispira? cf. occitana
Pileka sp.,Carcassonnella courtessolei
Pileka sp.,Carcassonnella vizcainoi
Pileka sp.,Carcassonnella sp.
Pileka sp.,Ribeiria sp.
Pileka sp.,Tolmachovia?
Pileka sp.,Wiwaxiid
Pileka sp.,Halkieriid
Pileka sp.,Helcionelloid
Pileka sp.,Calvapilosa kroegeri
Pileka sp.,Possible phyllodocid
Pileka sp.,Palaeoscolex cf. tenensis
Pileka sp.,Priapulid
Pileka sp.,Large taxon with spinose limbs
Pileka sp.,Small taxon with spinose limbs
Pileka sp.,Armoured lobopodian 1
Pileka sp.,Armoured lobopodian 2
Pileka sp.,Armoured lobopodian 3
Pileka sp.,Diania-like lobopodian
Pileka sp.,Furca sp. 1
Pileka sp.,Furca sp. 2
Pileka sp.,Furca sp. 3
Pileka sp.,Enosiaspis hrungnir
Pileka sp.,Possible waptiid
Pileka sp., 'Synziphosurine'/Synziphosurina?
Pileka sp.,Chasmataspidid
Pileka sp.,Possible pycnogonid
Pileka sp.,Possible retifaciid
Pileka sp.,Tariccoia tazagurtensis
Pileka sp.,Chlupacaris? sp.
Pileka sp.,Cheloniellid
Pileka sp.,Phyllocarid
Pileka sp.,Ostracod
Pileka sp.,Lepadomorph barnacle
Pileka sp.,Eoduslia
Pileka sp.,Apatokephalus cf. incisus
Pileka sp.,undet. Dikelocephalidae
Pileka sp.,undet. Illaenacea
Pileka sp.,Orometopus sp.
Pileka sp.,Cnemidopyge sp.
Pileka sp.,Parvilichas marochii
Pileka sp.,Selenopeltis sp. 1
Pileka sp.,Selenopeltis sp. 2
Pileka sp.,Foulonia peregrina
Pileka sp.,Foulonia sp.
Pileka sp.,Toletanaspis aff. borni
Pileka sp.,undet. Dalmanitacea
Pileka sp.,Bathycheilus gallicus
Pileka sp.,Bavarilla aff. zemmourensis
Pileka sp.,Bavarilla zemmourensis
Pileka sp.,Bavarilla sp.
Pileka sp.,Colpocoryphe thorali
Pileka sp.,Colpocoryphe pradesensis
Pileka sp.,Pharostoma sp.
Pileka sp.,Pharostomina sp. 
Pileka sp.,Agerina quadrata
Pileka sp.,Geragnostus aff. occitanus
Pileka sp.,Geragnostus sp.
Pileka sp.,Beltella sp.
Pileka sp.,Ampyx priscus
Pileka sp.,Ampyx cf. priscus
Pileka sp.,Ceraurinella? sp.
Pileka sp.,Platycoryphe sp.
Pileka sp.,Parabathycheilus gallicus
Pileka sp.,Proetidae?
Pileka sp.,undet. Trinucleidae
Pileka sp.,Eoharpes sp.
Pileka sp.,Nileus deynouxi
Pileka sp.,Hospes sp.
Pileka sp.,Ogygiocaris sp.
Pileka sp.,Pterygometopus sp.
Pileka sp.,Iberocoryphe sp.
Pileka sp.,cf. Niobella sp.
Pileka sp.,Somasteroid indet. n. sp. 1
Pileka sp.,Somasteroid indet. n. sp. 2
Pileka sp.,Somasteroid indet. n. sp. 3
Pileka sp.,Somasteroid indet.
Pileka sp.,undet. Asteroidea
Pileka sp.,Palaeosphaeronites sp.
Pileka sp.,Palaeosphaeronites? prokopi
Pileka sp.,Aristocystites cf. bohemicus (sinuous?)
Pileka sp.,Aristocystites sp.
Pileka sp.,Balantiocystis regnelli
Pileka sp.,Balantiocystis sp.
Pileka sp.,Rhopalocystis sp.
Pileka sp.,Rhopalocystis dehirensis
Pileka sp.,Rhopalocystis destombesi
Pileka sp.,Rhopalocystis fraga
Pileka sp.,Rhopalocystis grandis
Pileka sp.,Rhopalocystis havliceki
Pileka sp.,Rhopalocystis lehmani
Pileka sp.,Rhopalocystis zagoraensis
Pileka sp.,Rhopalocystis sp. A
Pileka sp.,Rhopalocystis sp. B
Pileka sp.,Rhopalocystis sp. C
Pileka sp.,cf. Rhopalocystis
Pileka sp.,Lingulocystis aff. deani
Pileka sp.,Lingulocystis elongata
Pileka sp.,cf. Pareocrinus
Pileka sp.,Eocrinoidea indet. sp. 1
Pileka sp.,Eocrinoidea indet. sp. 2
Pileka sp.,Eocrinoidea indet.
Pileka sp.,Ramseyocrinus sp.
Pileka sp.,Crinoid 2
Pileka sp.,Aethocrinus cf. moorei
Pileka sp.,Iocrinus n. sp.
Pileka sp.,Cystoidea?/undet. Cystoidea
Pileka sp.,Argodiscus espilezorum
Pileka sp.,Anedriophus moroccoensis
Pileka sp.,Rhenopyrgid indet.
Pileka sp.,Ampelocarpus sp.
Pileka sp.,Amygdalotheca griffei
Pileka sp.,Anatifopsis escandei
Pileka sp.,Anatifopsis trapeziiformis
Pileka sp.,Anatifopsis sp.
Pileka sp.,"Anomalocystid n. gen., n. sp. "
Pileka sp.,Aspidocarpus sp.
Pileka sp.,Arauricystis? sp.
Pileka sp.,Balanocystites primus
Pileka sp.,Bohemiaecystis
Pileka sp.,Chauvelicystis ubaghsi
Pileka sp.,Chauvelicystis spinosa
Pileka sp.,Chauvelicystis vizcainoi
Pileka sp.,Chauvelicystis sp.
Pileka sp.,"Chauvelicystid n. gen., n. sp. 1"
Pileka sp.,"Chauvelicystid n. gen., n. sp. 2"
Pileka sp.,Chinianocarpos sp.
Pileka sp.,"Cornuta n. gen. 1, n. sp."
Pileka sp.,"Cornuta n. gen. 2, n. sp."
Pileka sp.,Flabellicarpus rushtoni
Pileka sp.,Flabellicarpus?
Pileka sp.,Galliaecystis n. sp.
Pileka sp.,Galliaecystis ubaghsi
Pileka sp.,Hanusia n. sp.
Pileka sp.,Lagynocystis pyramidalis
Pileka sp.,Kirkocystidae?
Pileka sp.,Lyricocarpus courtessolei
Pileka sp.,Milonicystis sp.
Pileka sp.,Mitrocystitid indet. cf. Ovocarpus
Pileka sp.,Nanocarpus cf. dolambii
Pileka sp.,Phyllocystis blayaci
Pileka sp.,Phyllocystis sp.
Pileka sp.,Procothurnocystis n. sp.
Pileka sp.,Prokopicystis sp.
Pileka sp.,Thoralicystis zagoraensis
Pileka sp.,Thoralicystis n. sp.
Pileka sp.,Vizcainocarpus sp.
Pileka sp.,Cothurnocystid indetl.
Pileka sp.,Hanusiid indet.
Pileka sp.,Peltocystis cornuta
Pileka sp.,Scotiaevystis? sp.
Pileka sp.,Macrocystella sp.
Pileka sp.,Macrocystella bohemica
Pileka sp.,Macrocystella cf. mariae
Pileka sp.,Macrocystella tasseftensis
Pileka sp.,undet. Ophiuroidea
Pileka sp.,Didymograptus cf. arcuatus
Pileka sp.,Didymograptus deflexus
Pileka sp.,Didymograptus extensus
Pileka sp.,Didymograptus v-fractus
Pileka sp.,Didymograptus intendus
Pileka sp.,Didymograptus pennatulus
Pileka sp.,Didymograptus nanus
Pileka sp.,Didymograptus nitidus
Pileka sp.,Didymograptus patulus
Pileka sp.,Didymograptus sparsus
Pileka sp.,"""Didymograptus sp. 1"""
Pileka sp.,Didymograptus sp.
Pileka sp.,Didymograptid indet.
Pileka sp.,Koremagraptus sp.
Pileka sp.,Dictyonema sp.
Pileka sp.,Tuboid
Pileka sp.,?Cymatograptus protobalticus
Pileka sp.,Webbyites felix
Pileka sp.,Rhabdopleura-like epibiont
Pileka sp.,Gamalites? sp.
Pileka sp.,Gompholites sp.
Pileka sp.,Hyolithes sp.
Pileka sp.,Pauxillites thaddei
Toletanaspis aff. borni,Benthic detritus
Toletanaspis aff. borni,Acrothele sp.
Toletanaspis aff. borni,Plectorthis simplex
Toletanaspis aff. borni,Angusticardinia sp.
Toletanaspis aff. borni,Lingula salteri
Toletanaspis aff. borni,Orbithele vana
Toletanaspis aff. borni,Paurorthis tadristensis
Toletanaspis aff. borni,Tarfaya marocana
Toletanaspis aff. borni,Monobolina sp.
Toletanaspis aff. borni,Elliptoglossa sp.
Toletanaspis aff. borni,Celdobolus sp.
Toletanaspis aff. borni,Discinoidea?
Toletanaspis aff. borni,undet. Dalmanelloidea
Toletanaspis aff. borni,Bryozoan
Toletanaspis aff. borni,Redonia michelae
Toletanaspis aff. borni,Coxiconchia guiraudi
Toletanaspis aff. borni,Alococoncha?
Toletanaspis aff. borni,Cienagomya? sp.
Toletanaspis aff. borni,Ekaterodonta courtessolei
Toletanaspis aff. borni,Lesueurilla prima
Toletanaspis aff. borni,undet. Monoplacophora
Toletanaspis aff. borni,Carcassonnella courtessolei
Toletanaspis aff. borni,Carcassonnella vizcainoi
Toletanaspis aff. borni,Carcassonnella sp.
Toletanaspis aff. borni,Wiwaxiid
Toletanaspis aff. borni,Helcionelloid
Toletanaspis aff. borni,Priapulid
Toletanaspis aff. borni,Enosiaspis hrungnir
Toletanaspis aff. borni, 'Synziphosurine'/Synziphosurina?
Toletanaspis aff. borni,Possible pycnogonid
Toletanaspis aff. borni,Possible retifaciid
Toletanaspis aff. borni,Tariccoia tazagurtensis
Toletanaspis aff. borni,Ostracod
Toletanaspis aff. borni,undet. Dikelocephalidae
Toletanaspis aff. borni,undet. Illaenacea
Toletanaspis aff. borni,Parabathycheilus gallicus
Toletanaspis aff. borni,Proetidae?
Toletanaspis aff. borni,undet. Trinucleidae
Toletanaspis aff. borni,Palaeosphaeronites sp.
Toletanaspis aff. borni,Palaeosphaeronites? prokopi
Toletanaspis aff. borni,Aristocystites cf. bohemicus (sinuous?)
Toletanaspis aff. borni,Aristocystites sp.
Toletanaspis aff. borni,Balantiocystis regnelli
Toletanaspis aff. borni,Balantiocystis sp.
Toletanaspis aff. borni,Rhopalocystis sp.
Toletanaspis aff. borni,Rhopalocystis dehirensis
Toletanaspis aff. borni,Rhopalocystis destombesi
Toletanaspis aff. borni,Rhopalocystis fraga
Toletanaspis aff. borni,Rhopalocystis grandis
Toletanaspis aff. borni,Rhopalocystis havliceki
Toletanaspis aff. borni,Rhopalocystis lehmani
Toletanaspis aff. borni,Rhopalocystis zagoraensis
Toletanaspis aff. borni,Rhopalocystis sp. A
Toletanaspis aff. borni,Rhopalocystis sp. B
Toletanaspis aff. borni,Rhopalocystis sp. C
Toletanaspis aff. borni,cf. Rhopalocystis
Toletanaspis aff. borni,Lingulocystis aff. deani
Toletanaspis aff. borni,Lingulocystis elongata
Toletanaspis aff. borni,cf. Pareocrinus
Toletanaspis aff. borni,Eocrinoidea indet. sp. 1
Toletanaspis aff. borni,Eocrinoidea indet. sp. 2
Toletanaspis aff. borni,Eocrinoidea indet.
Toletanaspis aff. borni,Ramseyocrinus sp.
Toletanaspis aff. borni,Crinoid 2
Toletanaspis aff. borni,Aethocrinus cf. moorei
Toletanaspis aff. borni,Iocrinus n. sp.
Toletanaspis aff. borni,Argodiscus espilezorum
Toletanaspis aff. borni,Anedriophus moroccoensis
Toletanaspis aff. borni,Rhenopyrgid indet.
Toletanaspis aff. borni,Ampelocarpus sp.
Toletanaspis aff. borni,Amygdalotheca griffei
Toletanaspis aff. borni,Anatifopsis escandei
Toletanaspis aff. borni,Anatifopsis trapeziiformis
Toletanaspis aff. borni,Anatifopsis sp.
Toletanaspis aff. borni,"Anomalocystid n. gen., n. sp. "
Toletanaspis aff. borni,Aspidocarpus sp.
Toletanaspis aff. borni,Balanocystites primus
Toletanaspis aff. borni,Bohemiaecystis
Toletanaspis aff. borni,Chauvelicystis ubaghsi
Toletanaspis aff. borni,Chauvelicystis spinosa
Toletanaspis aff. borni,Chauvelicystis vizcainoi
Toletanaspis aff. borni,Chauvelicystis sp.
Toletanaspis aff. borni,"Chauvelicystid n. gen., n. sp. 1"
Toletanaspis aff. borni,"Chauvelicystid n. gen., n. sp. 2"
Toletanaspis aff. borni,Chinianocarpos sp.
Toletanaspis aff. borni,"Cornuta n. gen. 1, n. sp."
Toletanaspis aff. borni,"Cornuta n. gen. 2, n. sp."
Toletanaspis aff. borni,Flabellicarpus rushtoni
Toletanaspis aff. borni,Galliaecystis n. sp.
Toletanaspis aff. borni,Galliaecystis ubaghsi
Toletanaspis aff. borni,Lagynocystis pyramidalis
Toletanaspis aff. borni,Kirkocystidae?
Toletanaspis aff. borni,Lyricocarpus courtessolei
Toletanaspis aff. borni,Milonicystis sp.
Toletanaspis aff. borni,Mitrocystitid indet. cf. Ovocarpus
Toletanaspis aff. borni,Nanocarpus cf. dolambii
Toletanaspis aff. borni,Phyllocystis blayaci
Toletanaspis aff. borni,Procothurnocystis n. sp.
Toletanaspis aff. borni,Prokopicystis sp.
Toletanaspis aff. borni,Thoralicystis zagoraensis
Toletanaspis aff. borni,Vizcainocarpus sp.
Toletanaspis aff. borni,Peltocystis cornuta
Toletanaspis aff. borni,Macrocystella sp.
Toletanaspis aff. borni,Macrocystella bohemica
Toletanaspis aff. borni,Macrocystella cf. mariae
Toletanaspis aff. borni,Macrocystella tasseftensis
Toletanaspis aff. borni,undet. Ophiuroidea
Toletanaspis aff. borni,Didymograptus cf. arcuatus
Toletanaspis aff. borni,Didymograptus deflexus
Toletanaspis aff. borni,Didymograptus extensus
Toletanaspis aff. borni,Didymograptus v-fractus
Toletanaspis aff. borni,Didymograptus intendus
Toletanaspis aff. borni,Didymograptus pennatulus
Toletanaspis aff. borni,Didymograptus nanus
Toletanaspis aff. borni,Didymograptus nitidus
Toletanaspis aff. borni,Didymograptus patulus
Toletanaspis aff. borni,Didymograptus sparsus
Toletanaspis aff. borni,"""Didymograptus sp. 1"""
Toletanaspis aff. borni,Didymograptus sp.
Toletanaspis aff. borni,Didymograptid indet.
Toletanaspis aff. borni,Koremagraptus sp.
Toletanaspis aff. borni,Dictyonema sp.
Toletanaspis aff. borni,Tuboid
Toletanaspis aff. borni,?Cymatograptus protobalticus
Toletanaspis aff. borni,Webbyites felix
Toletanaspis aff. borni,Rhabdopleura-like epibiont
undet. Dalmanitacea,Benthic detritus
undet. Dalmanitacea,Acrothele sp.
undet. Dalmanitacea,Plectorthis simplex
undet. Dalmanitacea,Angusticardinia sp.
undet. Dalmanitacea,Lingula salteri
undet. Dalmanitacea,Orbithele vana
undet. Dalmanitacea,Paurorthis tadristensis
undet. Dalmanitacea,Tarfaya marocana
undet. Dalmanitacea,Monobolina sp.
undet. Dalmanitacea,Elliptoglossa sp.
undet. Dalmanitacea,Celdobolus sp.
undet. Dalmanitacea,Discinoidea?
undet. Dalmanitacea,undet. Dalmanelloidea
undet. Dalmanitacea,Bryozoan
undet. Dalmanitacea,Redonia michelae
undet. Dalmanitacea,Coxiconchia guiraudi
undet. Dalmanitacea,Alococoncha?
undet. Dalmanitacea,Cienagomya? sp.
undet. Dalmanitacea,Ekaterodonta courtessolei
undet. Dalmanitacea,Lesueurilla prima
undet. Dalmanitacea,undet. Monoplacophora
undet. Dalmanitacea,Carcassonnella courtessolei
undet. Dalmanitacea,Carcassonnella vizcainoi
undet. Dalmanitacea,Carcassonnella sp.
undet. Dalmanitacea,Wiwaxiid
undet. Dalmanitacea,Helcionelloid
undet. Dalmanitacea,Priapulid
undet. Dalmanitacea,Enosiaspis hrungnir
undet. Dalmanitacea, 'Synziphosurine'/Synziphosurina?
undet. Dalmanitacea,Possible pycnogonid
undet. Dalmanitacea,Possible retifaciid
undet. Dalmanitacea,Tariccoia tazagurtensis
undet. Dalmanitacea,Ostracod
undet. Dalmanitacea,undet. Dikelocephalidae
undet. Dalmanitacea,undet. Illaenacea
undet. Dalmanitacea,Parabathycheilus gallicus
undet. Dalmanitacea,Proetidae?
undet. Dalmanitacea,undet. Trinucleidae
undet. Dalmanitacea,Palaeosphaeronites sp.
undet. Dalmanitacea,Palaeosphaeronites? prokopi
undet. Dalmanitacea,Aristocystites cf. bohemicus (sinuous?)
undet. Dalmanitacea,Aristocystites sp.
undet. Dalmanitacea,Balantiocystis regnelli
undet. Dalmanitacea,Balantiocystis sp.
undet. Dalmanitacea,Rhopalocystis sp.
undet. Dalmanitacea,Rhopalocystis dehirensis
undet. Dalmanitacea,Rhopalocystis destombesi
undet. Dalmanitacea,Rhopalocystis fraga
undet. Dalmanitacea,Rhopalocystis grandis
undet. Dalmanitacea,Rhopalocystis havliceki
undet. Dalmanitacea,Rhopalocystis lehmani
undet. Dalmanitacea,Rhopalocystis zagoraensis
undet. Dalmanitacea,Rhopalocystis sp. A
undet. Dalmanitacea,Rhopalocystis sp. B
undet. Dalmanitacea,Rhopalocystis sp. C
undet. Dalmanitacea,cf. Rhopalocystis
undet. Dalmanitacea,Lingulocystis aff. deani
undet. Dalmanitacea,Lingulocystis elongata
undet. Dalmanitacea,cf. Pareocrinus
undet. Dalmanitacea,Eocrinoidea indet. sp. 1
undet. Dalmanitacea,Eocrinoidea indet. sp. 2
undet. Dalmanitacea,Eocrinoidea indet.
undet. Dalmanitacea,Ramseyocrinus sp.
undet. Dalmanitacea,Crinoid 2
undet. Dalmanitacea,Aethocrinus cf. moorei
undet. Dalmanitacea,Iocrinus n. sp.
undet. Dalmanitacea,Argodiscus espilezorum
undet. Dalmanitacea,Anedriophus moroccoensis
undet. Dalmanitacea,Rhenopyrgid indet.
undet. Dalmanitacea,Ampelocarpus sp.
undet. Dalmanitacea,Amygdalotheca griffei
undet. Dalmanitacea,Anatifopsis escandei
undet. Dalmanitacea,Anatifopsis trapeziiformis
undet. Dalmanitacea,Anatifopsis sp.
undet. Dalmanitacea,"Anomalocystid n. gen., n. sp. "
undet. Dalmanitacea,Aspidocarpus sp.
undet. Dalmanitacea,Balanocystites primus
undet. Dalmanitacea,Bohemiaecystis
undet. Dalmanitacea,Chauvelicystis ubaghsi
undet. Dalmanitacea,Chauvelicystis spinosa
undet. Dalmanitacea,Chauvelicystis vizcainoi
undet. Dalmanitacea,Chauvelicystis sp.
undet. Dalmanitacea,"Chauvelicystid n. gen., n. sp. 1"
undet. Dalmanitacea,"Chauvelicystid n. gen., n. sp. 2"
undet. Dalmanitacea,Chinianocarpos sp.
undet. Dalmanitacea,"Cornuta n. gen. 1, n. sp."
undet. Dalmanitacea,"Cornuta n. gen. 2, n. sp."
undet. Dalmanitacea,Flabellicarpus rushtoni
undet. Dalmanitacea,Galliaecystis n. sp.
undet. Dalmanitacea,Galliaecystis ubaghsi
undet. Dalmanitacea,Lagynocystis pyramidalis
undet. Dalmanitacea,Kirkocystidae?
undet. Dalmanitacea,Lyricocarpus courtessolei
undet. Dalmanitacea,Milonicystis sp.
undet. Dalmanitacea,Mitrocystitid indet. cf. Ovocarpus
undet. Dalmanitacea,Nanocarpus cf. dolambii
undet. Dalmanitacea,Phyllocystis blayaci
undet. Dalmanitacea,Procothurnocystis n. sp.
undet. Dalmanitacea,Prokopicystis sp.
undet. Dalmanitacea,Thoralicystis zagoraensis
undet. Dalmanitacea,Vizcainocarpus sp.
undet. Dalmanitacea,Peltocystis cornuta
undet. Dalmanitacea,Macrocystella sp.
undet. Dalmanitacea,Macrocystella bohemica
undet. Dalmanitacea,Macrocystella cf. mariae
undet. Dalmanitacea,Macrocystella tasseftensis
undet. Dalmanitacea,undet. Ophiuroidea
undet. Dalmanitacea,Didymograptus cf. arcuatus
undet. Dalmanitacea,Didymograptus deflexus
undet. Dalmanitacea,Didymograptus extensus
undet. Dalmanitacea,Didymograptus v-fractus
undet. Dalmanitacea,Didymograptus intendus
undet. Dalmanitacea,Didymograptus pennatulus
undet. Dalmanitacea,Didymograptus nanus
undet. Dalmanitacea,Didymograptus nitidus
undet. Dalmanitacea,Didymograptus patulus
undet. Dalmanitacea,Didymograptus sparsus
undet. Dalmanitacea,"""Didymograptus sp. 1"""
undet. Dalmanitacea,Didymograptus sp.
undet. Dalmanitacea,Didymograptid indet.
undet. Dalmanitacea,Koremagraptus sp.
undet. Dalmanitacea,Dictyonema sp.
undet. Dalmanitacea,Tuboid
undet. Dalmanitacea,?Cymatograptus protobalticus
undet. Dalmanitacea,Webbyites felix
undet. Dalmanitacea,Rhabdopleura-like epibiont
Bathycheilus gallicus,Benthic detritus
Bathycheilus gallicus,Acrothele sp.
Bathycheilus gallicus,Plectorthis simplex
Bathycheilus gallicus,Angusticardinia sp.
Bathycheilus gallicus,Lingula salteri
Bathycheilus gallicus,Orbithele vana
Bathycheilus gallicus,Paurorthis tadristensis
Bathycheilus gallicus,Tarfaya marocana
Bathycheilus gallicus,Monobolina sp.
Bathycheilus gallicus,Elliptoglossa sp.
Bathycheilus gallicus,Celdobolus sp.
Bathycheilus gallicus,Discinoidea?
Bathycheilus gallicus,undet. Dalmanelloidea
Bathycheilus gallicus,Bryozoan
Bathycheilus gallicus,Redonia michelae
Bathycheilus gallicus,Coxiconchia guiraudi
Bathycheilus gallicus,Alococoncha?
Bathycheilus gallicus,Cienagomya? sp.
Bathycheilus gallicus,Ekaterodonta courtessolei
Bathycheilus gallicus,Lesueurilla prima
Bathycheilus gallicus,undet. Monoplacophora
Bathycheilus gallicus,Carcassonnella courtessolei
Bathycheilus gallicus,Carcassonnella vizcainoi
Bathycheilus gallicus,Carcassonnella sp.
Bathycheilus gallicus,Wiwaxiid
Bathycheilus gallicus,Helcionelloid
Bathycheilus gallicus,Priapulid
Bathycheilus gallicus,Enosiaspis hrungnir
Bathycheilus gallicus, 'Synziphosurine'/Synziphosurina?
Bathycheilus gallicus,Possible pycnogonid
Bathycheilus gallicus,Possible retifaciid
Bathycheilus gallicus,Tariccoia tazagurtensis
Bathycheilus gallicus,Ostracod
Bathycheilus gallicus,undet. Dikelocephalidae
Bathycheilus gallicus,undet. Illaenacea
Bathycheilus gallicus,Parabathycheilus gallicus
Bathycheilus gallicus,Proetidae?
Bathycheilus gallicus,undet. Trinucleidae
Bathycheilus gallicus,Palaeosphaeronites sp.
Bathycheilus gallicus,Palaeosphaeronites? prokopi
Bathycheilus gallicus,Aristocystites cf. bohemicus (sinuous?)
Bathycheilus gallicus,Aristocystites sp.
Bathycheilus gallicus,Balantiocystis regnelli
Bathycheilus gallicus,Balantiocystis sp.
Bathycheilus gallicus,Rhopalocystis sp.
Bathycheilus gallicus,Rhopalocystis dehirensis
Bathycheilus gallicus,Rhopalocystis destombesi
Bathycheilus gallicus,Rhopalocystis fraga
Bathycheilus gallicus,Rhopalocystis grandis
Bathycheilus gallicus,Rhopalocystis havliceki
Bathycheilus gallicus,Rhopalocystis lehmani
Bathycheilus gallicus,Rhopalocystis zagoraensis
Bathycheilus gallicus,Rhopalocystis sp. A
Bathycheilus gallicus,Rhopalocystis sp. B
Bathycheilus gallicus,Rhopalocystis sp. C
Bathycheilus gallicus,cf. Rhopalocystis
Bathycheilus gallicus,Lingulocystis aff. deani
Bathycheilus gallicus,Lingulocystis elongata
Bathycheilus gallicus,cf. Pareocrinus
Bathycheilus gallicus,Eocrinoidea indet. sp. 1
Bathycheilus gallicus,Eocrinoidea indet. sp. 2
Bathycheilus gallicus,Eocrinoidea indet.
Bathycheilus gallicus,Ramseyocrinus sp.
Bathycheilus gallicus,Crinoid 2
Bathycheilus gallicus,Aethocrinus cf. moorei
Bathycheilus gallicus,Iocrinus n. sp.
Bathycheilus gallicus,Argodiscus espilezorum
Bathycheilus gallicus,Anedriophus moroccoensis
Bathycheilus gallicus,Rhenopyrgid indet.
Bathycheilus gallicus,Ampelocarpus sp.
Bathycheilus gallicus,Amygdalotheca griffei
Bathycheilus gallicus,Anatifopsis escandei
Bathycheilus gallicus,Anatifopsis trapeziiformis
Bathycheilus gallicus,Anatifopsis sp.
Bathycheilus gallicus,"Anomalocystid n. gen., n. sp. "
Bathycheilus gallicus,Aspidocarpus sp.
Bathycheilus gallicus,Balanocystites primus
Bathycheilus gallicus,Bohemiaecystis
Bathycheilus gallicus,Chauvelicystis ubaghsi
Bathycheilus gallicus,Chauvelicystis spinosa
Bathycheilus gallicus,Chauvelicystis vizcainoi
Bathycheilus gallicus,Chauvelicystis sp.
Bathycheilus gallicus,"Chauvelicystid n. gen., n. sp. 1"
Bathycheilus gallicus,"Chauvelicystid n. gen., n. sp. 2"
Bathycheilus gallicus,Chinianocarpos sp.
Bathycheilus gallicus,"Cornuta n. gen. 1, n. sp."
Bathycheilus gallicus,"Cornuta n. gen. 2, n. sp."
Bathycheilus gallicus,Flabellicarpus rushtoni
Bathycheilus gallicus,Galliaecystis n. sp.
Bathycheilus gallicus,Galliaecystis ubaghsi
Bathycheilus gallicus,Lagynocystis pyramidalis
Bathycheilus gallicus,Kirkocystidae?
Bathycheilus gallicus,Lyricocarpus courtessolei
Bathycheilus gallicus,Milonicystis sp.
Bathycheilus gallicus,Mitrocystitid indet. cf. Ovocarpus
Bathycheilus gallicus,Nanocarpus cf. dolambii
Bathycheilus gallicus,Phyllocystis blayaci
Bathycheilus gallicus,Procothurnocystis n. sp.
Bathycheilus gallicus,Prokopicystis sp.
Bathycheilus gallicus,Thoralicystis zagoraensis
Bathycheilus gallicus,Vizcainocarpus sp.
Bathycheilus gallicus,Peltocystis cornuta
Bathycheilus gallicus,Macrocystella sp.
Bathycheilus gallicus,Macrocystella bohemica
Bathycheilus gallicus,Macrocystella cf. mariae
Bathycheilus gallicus,Macrocystella tasseftensis
Bathycheilus gallicus,undet. Ophiuroidea
Bathycheilus gallicus,Didymograptus cf. arcuatus
Bathycheilus gallicus,Didymograptus deflexus
Bathycheilus gallicus,Didymograptus extensus
Bathycheilus gallicus,Didymograptus v-fractus
Bathycheilus gallicus,Didymograptus intendus
Bathycheilus gallicus,Didymograptus pennatulus
Bathycheilus gallicus,Didymograptus nanus
Bathycheilus gallicus,Didymograptus nitidus
Bathycheilus gallicus,Didymograptus patulus
Bathycheilus gallicus,Didymograptus sparsus
Bathycheilus gallicus,"""Didymograptus sp. 1"""
Bathycheilus gallicus,Didymograptus sp.
Bathycheilus gallicus,Didymograptid indet.
Bathycheilus gallicus,Koremagraptus sp.
Bathycheilus gallicus,Dictyonema sp.
Bathycheilus gallicus,Tuboid
Bathycheilus gallicus,?Cymatograptus protobalticus
Bathycheilus gallicus,Webbyites felix
Bathycheilus gallicus,Rhabdopleura-like epibiont
Bavarilla aff. zemmourensis,Benthic detritus
Bavarilla aff. zemmourensis,Ranorthis fasciata
Bavarilla aff. zemmourensis,Acrothele sp.
Bavarilla aff. zemmourensis,Plectorthis simplex
Bavarilla aff. zemmourensis,Angusticardinia sp.
Bavarilla aff. zemmourensis,Lingula salteri
Bavarilla aff. zemmourensis,Orbithele vana
Bavarilla aff. zemmourensis,Paurorthis tadristensis
Bavarilla aff. zemmourensis,Tarfaya marocana
Bavarilla aff. zemmourensis,Wosekella sp.
Bavarilla aff. zemmourensis,Monobolina sp.
Bavarilla aff. zemmourensis,Elliptoglossa sp.
Bavarilla aff. zemmourensis,Celdobolus sp.
Bavarilla aff. zemmourensis,Discinoidea?
Bavarilla aff. zemmourensis,undet. Dalmanelloidea
Bavarilla aff. zemmourensis,Bryozoan
Bavarilla aff. zemmourensis,Ctenodonta escosurae
Bavarilla aff. zemmourensis,Redonia michelae
Bavarilla aff. zemmourensis,Coxiconchia guiraudi
Bavarilla aff. zemmourensis,Alococoncha?
Bavarilla aff. zemmourensis,Cardiolaria? sp.
Bavarilla aff. zemmourensis,Cienagomya? sp.
Bavarilla aff. zemmourensis,Ekaterodonta courtessolei
Bavarilla aff. zemmourensis,Glyptarca sp.
Bavarilla aff. zemmourensis,Lesueurilla prima
Bavarilla aff. zemmourensis,undet. Monoplacophora
Bavarilla aff. zemmourensis,Carcassonnella courtessolei
Bavarilla aff. zemmourensis,Carcassonnella vizcainoi
Bavarilla aff. zemmourensis,Carcassonnella sp.
Bavarilla aff. zemmourensis,Wiwaxiid
Bavarilla aff. zemmourensis,Helcionelloid
Bavarilla aff. zemmourensis,Priapulid
Bavarilla aff. zemmourensis,Large taxon with spinose limbs
Bavarilla aff. zemmourensis,Small taxon with spinose limbs
Bavarilla aff. zemmourensis,Armoured lobopodian 1
Bavarilla aff. zemmourensis,Armoured lobopodian 2
Bavarilla aff. zemmourensis,Armoured lobopodian 3
Bavarilla aff. zemmourensis,Diania-like lobopodian
Bavarilla aff. zemmourensis,Enosiaspis hrungnir
Bavarilla aff. zemmourensis, 'Synziphosurine'/Synziphosurina?
Bavarilla aff. zemmourensis,Possible pycnogonid
Bavarilla aff. zemmourensis,Possible retifaciid
Bavarilla aff. zemmourensis,Tariccoia tazagurtensis
Bavarilla aff. zemmourensis,Ostracod
Bavarilla aff. zemmourensis,undet. Dikelocephalidae
Bavarilla aff. zemmourensis,undet. Illaenacea
Bavarilla aff. zemmourensis,Orometopus sp.
Bavarilla aff. zemmourensis,Agerina quadrata
Bavarilla aff. zemmourensis,Geragnostus aff. occitanus
Bavarilla aff. zemmourensis,Geragnostus sp.
Bavarilla aff. zemmourensis,Ampyx priscus
Bavarilla aff. zemmourensis,Ampyx cf. priscus
Bavarilla aff. zemmourensis,Parabathycheilus gallicus
Bavarilla aff. zemmourensis,Proetidae?
Bavarilla aff. zemmourensis,undet. Trinucleidae
Bavarilla aff. zemmourensis,Nileus deynouxi
Bavarilla aff. zemmourensis,Hospes sp.
Bavarilla aff. zemmourensis,Palaeosphaeronites sp.
Bavarilla aff. zemmourensis,Palaeosphaeronites? prokopi
Bavarilla aff. zemmourensis,Aristocystites cf. bohemicus (sinuous?)
Bavarilla aff. zemmourensis,Aristocystites sp.
Bavarilla aff. zemmourensis,Balantiocystis regnelli
Bavarilla aff. zemmourensis,Balantiocystis sp.
Bavarilla aff. zemmourensis,Rhopalocystis sp.
Bavarilla aff. zemmourensis,Rhopalocystis dehirensis
Bavarilla aff. zemmourensis,Rhopalocystis destombesi
Bavarilla aff. zemmourensis,Rhopalocystis fraga
Bavarilla aff. zemmourensis,Rhopalocystis grandis
Bavarilla aff. zemmourensis,Rhopalocystis havliceki
Bavarilla aff. zemmourensis,Rhopalocystis lehmani
Bavarilla aff. zemmourensis,Rhopalocystis zagoraensis
Bavarilla aff. zemmourensis,Rhopalocystis sp. A
Bavarilla aff. zemmourensis,Rhopalocystis sp. B
Bavarilla aff. zemmourensis,Rhopalocystis sp. C
Bavarilla aff. zemmourensis,cf. Rhopalocystis
Bavarilla aff. zemmourensis,Lingulocystis aff. deani
Bavarilla aff. zemmourensis,Lingulocystis elongata
Bavarilla aff. zemmourensis,cf. Pareocrinus
Bavarilla aff. zemmourensis,Eocrinoidea indet. sp. 1
Bavarilla aff. zemmourensis,Eocrinoidea indet. sp. 2
Bavarilla aff. zemmourensis,Eocrinoidea indet.
Bavarilla aff. zemmourensis,Ramseyocrinus sp.
Bavarilla aff. zemmourensis,Crinoid 2
Bavarilla aff. zemmourensis,Aethocrinus cf. moorei
Bavarilla aff. zemmourensis,Iocrinus n. sp.
Bavarilla aff. zemmourensis,Cystoidea?/undet. Cystoidea
Bavarilla aff. zemmourensis,Argodiscus espilezorum
Bavarilla aff. zemmourensis,Anedriophus moroccoensis
Bavarilla aff. zemmourensis,Rhenopyrgid indet.
Bavarilla aff. zemmourensis,Ampelocarpus sp.
Bavarilla aff. zemmourensis,Amygdalotheca griffei
Bavarilla aff. zemmourensis,Anatifopsis escandei
Bavarilla aff. zemmourensis,Anatifopsis trapeziiformis
Bavarilla aff. zemmourensis,Anatifopsis sp.
Bavarilla aff. zemmourensis,"Anomalocystid n. gen., n. sp. "
Bavarilla aff. zemmourensis,Aspidocarpus sp.
Bavarilla aff. zemmourensis,Arauricystis? sp.
Bavarilla aff. zemmourensis,Balanocystites primus
Bavarilla aff. zemmourensis,Bohemiaecystis
Bavarilla aff. zemmourensis,Chauvelicystis ubaghsi
Bavarilla aff. zemmourensis,Chauvelicystis spinosa
Bavarilla aff. zemmourensis,Chauvelicystis vizcainoi
Bavarilla aff. zemmourensis,Chauvelicystis sp.
Bavarilla aff. zemmourensis,"Chauvelicystid n. gen., n. sp. 1"
Bavarilla aff. zemmourensis,"Chauvelicystid n. gen., n. sp. 2"
Bavarilla aff. zemmourensis,Chinianocarpos sp.
Bavarilla aff. zemmourensis,"Cornuta n. gen. 1, n. sp."
Bavarilla aff. zemmourensis,"Cornuta n. gen. 2, n. sp."
Bavarilla aff. zemmourensis,Flabellicarpus rushtoni
Bavarilla aff. zemmourensis,Galliaecystis n. sp.
Bavarilla aff. zemmourensis,Galliaecystis ubaghsi
Bavarilla aff. zemmourensis,Lagynocystis pyramidalis
Bavarilla aff. zemmourensis,Kirkocystidae?
Bavarilla aff. zemmourensis,Lyricocarpus courtessolei
Bavarilla aff. zemmourensis,Milonicystis sp.
Bavarilla aff. zemmourensis,Mitrocystitid indet. cf. Ovocarpus
Bavarilla aff. zemmourensis,Nanocarpus cf. dolambii
Bavarilla aff. zemmourensis,Phyllocystis blayaci
Bavarilla aff. zemmourensis,Phyllocystis sp.
Bavarilla aff. zemmourensis,Procothurnocystis n. sp.
Bavarilla aff. zemmourensis,Prokopicystis sp.
Bavarilla aff. zemmourensis,Thoralicystis zagoraensis
Bavarilla aff. zemmourensis,Vizcainocarpus sp.
Bavarilla aff. zemmourensis,Cothurnocystid indetl.
Bavarilla aff. zemmourensis,Peltocystis cornuta
Bavarilla aff. zemmourensis,Scotiaevystis? sp.
Bavarilla aff. zemmourensis,Macrocystella sp.
Bavarilla aff. zemmourensis,Macrocystella bohemica
Bavarilla aff. zemmourensis,Macrocystella cf. mariae
Bavarilla aff. zemmourensis,Macrocystella tasseftensis
Bavarilla aff. zemmourensis,undet. Ophiuroidea
Bavarilla aff. zemmourensis,Didymograptus cf. arcuatus
Bavarilla aff. zemmourensis,Didymograptus deflexus
Bavarilla aff. zemmourensis,Didymograptus extensus
Bavarilla aff. zemmourensis,Didymograptus v-fractus
Bavarilla aff. zemmourensis,Didymograptus intendus
Bavarilla aff. zemmourensis,Didymograptus pennatulus
Bavarilla aff. zemmourensis,Didymograptus nanus
Bavarilla aff. zemmourensis,Didymograptus nitidus
Bavarilla aff. zemmourensis,Didymograptus patulus
Bavarilla aff. zemmourensis,Didymograptus sparsus
Bavarilla aff. zemmourensis,"""Didymograptus sp. 1"""
Bavarilla aff. zemmourensis,Didymograptus sp.
Bavarilla aff. zemmourensis,Didymograptid indet.
Bavarilla aff. zemmourensis,Koremagraptus sp.
Bavarilla aff. zemmourensis,Dictyonema sp.
Bavarilla aff. zemmourensis,Tuboid
Bavarilla aff. zemmourensis,?Cymatograptus protobalticus
Bavarilla aff. zemmourensis,Webbyites felix
Bavarilla aff. zemmourensis,Rhabdopleura-like epibiont
Bavarilla aff. zemmourensis,Hyolithes sp.
Bavarilla zemmourensis,Benthic detritus
Bavarilla zemmourensis,Ranorthis fasciata
Bavarilla zemmourensis,Acrothele sp.
Bavarilla zemmourensis,Plectorthis simplex
Bavarilla zemmourensis,Angusticardinia sp.
Bavarilla zemmourensis,Lingula salteri
Bavarilla zemmourensis,Orbithele vana
Bavarilla zemmourensis,Paurorthis tadristensis
Bavarilla zemmourensis,Tarfaya marocana
Bavarilla zemmourensis,Wosekella sp.
Bavarilla zemmourensis,Monobolina sp.
Bavarilla zemmourensis,Elliptoglossa sp.
Bavarilla zemmourensis,Celdobolus sp.
Bavarilla zemmourensis,Discinoidea?
Bavarilla zemmourensis,undet. Dalmanelloidea
Bavarilla zemmourensis,Bryozoan
Bavarilla zemmourensis,Ctenodonta escosurae
Bavarilla zemmourensis,Redonia michelae
Bavarilla zemmourensis,Coxiconchia guiraudi
Bavarilla zemmourensis,Alococoncha?
Bavarilla zemmourensis,Cardiolaria? sp.
Bavarilla zemmourensis,Cienagomya? sp.
Bavarilla zemmourensis,Ekaterodonta courtessolei
Bavarilla zemmourensis,Glyptarca sp.
Bavarilla zemmourensis,Lesueurilla prima
Bavarilla zemmourensis,undet. Monoplacophora
Bavarilla zemmourensis,Carcassonnella courtessolei
Bavarilla zemmourensis,Carcassonnella vizcainoi
Bavarilla zemmourensis,Carcassonnella sp.
Bavarilla zemmourensis,Wiwaxiid
Bavarilla zemmourensis,Helcionelloid
Bavarilla zemmourensis,Priapulid
Bavarilla zemmourensis,Large taxon with spinose limbs
Bavarilla zemmourensis,Small taxon with spinose limbs
Bavarilla zemmourensis,Armoured lobopodian 1
Bavarilla zemmourensis,Armoured lobopodian 2
Bavarilla zemmourensis,Armoured lobopodian 3
Bavarilla zemmourensis,Diania-like lobopodian
Bavarilla zemmourensis,Enosiaspis hrungnir
Bavarilla zemmourensis, 'Synziphosurine'/Synziphosurina?
Bavarilla zemmourensis,Possible pycnogonid
Bavarilla zemmourensis,Possible retifaciid
Bavarilla zemmourensis,Tariccoia tazagurtensis
Bavarilla zemmourensis,Ostracod
Bavarilla zemmourensis,undet. Dikelocephalidae
Bavarilla zemmourensis,undet. Illaenacea
Bavarilla zemmourensis,Orometopus sp.
Bavarilla zemmourensis,Agerina quadrata
Bavarilla zemmourensis,Geragnostus aff. occitanus
Bavarilla zemmourensis,Geragnostus sp.
Bavarilla zemmourensis,Ampyx priscus
Bavarilla zemmourensis,Ampyx cf. priscus
Bavarilla zemmourensis,Parabathycheilus gallicus
Bavarilla zemmourensis,Proetidae?
Bavarilla zemmourensis,undet. Trinucleidae
Bavarilla zemmourensis,Nileus deynouxi
Bavarilla zemmourensis,Hospes sp.
Bavarilla zemmourensis,Palaeosphaeronites sp.
Bavarilla zemmourensis,Palaeosphaeronites? prokopi
Bavarilla zemmourensis,Aristocystites cf. bohemicus (sinuous?)
Bavarilla zemmourensis,Aristocystites sp.
Bavarilla zemmourensis,Balantiocystis regnelli
Bavarilla zemmourensis,Balantiocystis sp.
Bavarilla zemmourensis,Rhopalocystis sp.
Bavarilla zemmourensis,Rhopalocystis dehirensis
Bavarilla zemmourensis,Rhopalocystis destombesi
Bavarilla zemmourensis,Rhopalocystis fraga
Bavarilla zemmourensis,Rhopalocystis grandis
Bavarilla zemmourensis,Rhopalocystis havliceki
Bavarilla zemmourensis,Rhopalocystis lehmani
Bavarilla zemmourensis,Rhopalocystis zagoraensis
Bavarilla zemmourensis,Rhopalocystis sp. A
Bavarilla zemmourensis,Rhopalocystis sp. B
Bavarilla zemmourensis,Rhopalocystis sp. C
Bavarilla zemmourensis,cf. Rhopalocystis
Bavarilla zemmourensis,Lingulocystis aff. deani
Bavarilla zemmourensis,Lingulocystis elongata
Bavarilla zemmourensis,cf. Pareocrinus
Bavarilla zemmourensis,Eocrinoidea indet. sp. 1
Bavarilla zemmourensis,Eocrinoidea indet. sp. 2
Bavarilla zemmourensis,Eocrinoidea indet.
Bavarilla zemmourensis,Ramseyocrinus sp.
Bavarilla zemmourensis,Crinoid 2
Bavarilla zemmourensis,Aethocrinus cf. moorei
Bavarilla zemmourensis,Iocrinus n. sp.
Bavarilla zemmourensis,Cystoidea?/undet. Cystoidea
Bavarilla zemmourensis,Argodiscus espilezorum
Bavarilla zemmourensis,Anedriophus moroccoensis
Bavarilla zemmourensis,Rhenopyrgid indet.
Bavarilla zemmourensis,Ampelocarpus sp.
Bavarilla zemmourensis,Amygdalotheca griffei
Bavarilla zemmourensis,Anatifopsis escandei
Bavarilla zemmourensis,Anatifopsis trapeziiformis
Bavarilla zemmourensis,Anatifopsis sp.
Bavarilla zemmourensis,"Anomalocystid n. gen., n. sp. "
Bavarilla zemmourensis,Aspidocarpus sp.
Bavarilla zemmourensis,Arauricystis? sp.
Bavarilla zemmourensis,Balanocystites primus
Bavarilla zemmourensis,Bohemiaecystis
Bavarilla zemmourensis,Chauvelicystis ubaghsi
Bavarilla zemmourensis,Chauvelicystis spinosa
Bavarilla zemmourensis,Chauvelicystis vizcainoi
Bavarilla zemmourensis,Chauvelicystis sp.
Bavarilla zemmourensis,"Chauvelicystid n. gen., n. sp. 1"
Bavarilla zemmourensis,"Chauvelicystid n. gen., n. sp. 2"
Bavarilla zemmourensis,Chinianocarpos sp.
Bavarilla zemmourensis,"Cornuta n. gen. 1, n. sp."
Bavarilla zemmourensis,"Cornuta n. gen. 2, n. sp."
Bavarilla zemmourensis,Flabellicarpus rushtoni
Bavarilla zemmourensis,Galliaecystis n. sp.
Bavarilla zemmourensis,Galliaecystis ubaghsi
Bavarilla zemmourensis,Lagynocystis pyramidalis
Bavarilla zemmourensis,Kirkocystidae?
Bavarilla zemmourensis,Lyricocarpus courtessolei
Bavarilla zemmourensis,Milonicystis sp.
Bavarilla zemmourensis,Mitrocystitid indet. cf. Ovocarpus
Bavarilla zemmourensis,Nanocarpus cf. dolambii
Bavarilla zemmourensis,Phyllocystis blayaci
Bavarilla zemmourensis,Phyllocystis sp.
Bavarilla zemmourensis,Procothurnocystis n. sp.
Bavarilla zemmourensis,Prokopicystis sp.
Bavarilla zemmourensis,Thoralicystis zagoraensis
Bavarilla zemmourensis,Vizcainocarpus sp.
Bavarilla zemmourensis,Cothurnocystid indetl.
Bavarilla zemmourensis,Peltocystis cornuta
Bavarilla zemmourensis,Scotiaevystis? sp.
Bavarilla zemmourensis,Macrocystella sp.
Bavarilla zemmourensis,Macrocystella bohemica
Bavarilla zemmourensis,Macrocystella cf. mariae
Bavarilla zemmourensis,Macrocystella tasseftensis
Bavarilla zemmourensis,undet. Ophiuroidea
Bavarilla zemmourensis,Didymograptus cf. arcuatus
Bavarilla zemmourensis,Didymograptus deflexus
Bavarilla zemmourensis,Didymograptus extensus
Bavarilla zemmourensis,Didymograptus v-fractus
Bavarilla zemmourensis,Didymograptus intendus
Bavarilla zemmourensis,Didymograptus pennatulus
Bavarilla zemmourensis,Didymograptus nanus
Bavarilla zemmourensis,Didymograptus nitidus
Bavarilla zemmourensis,Didymograptus patulus
Bavarilla zemmourensis,Didymograptus sparsus
Bavarilla zemmourensis,"""Didymograptus sp. 1"""
Bavarilla zemmourensis,Didymograptus sp.
Bavarilla zemmourensis,Didymograptid indet.
Bavarilla zemmourensis,Koremagraptus sp.
Bavarilla zemmourensis,Dictyonema sp.
Bavarilla zemmourensis,Tuboid
Bavarilla zemmourensis,?Cymatograptus protobalticus
Bavarilla zemmourensis,Webbyites felix
Bavarilla zemmourensis,Rhabdopleura-like epibiont
Bavarilla zemmourensis,Hyolithes sp.
Bavarilla sp.,Benthic detritus
Bavarilla sp.,Ranorthis fasciata
Bavarilla sp.,Acrothele sp.
Bavarilla sp.,Plectorthis simplex
Bavarilla sp.,Angusticardinia sp.
Bavarilla sp.,Lingula salteri
Bavarilla sp.,Orbithele vana
Bavarilla sp.,Paurorthis tadristensis
Bavarilla sp.,Tarfaya marocana
Bavarilla sp.,Wosekella sp.
Bavarilla sp.,Monobolina sp.
Bavarilla sp.,Elliptoglossa sp.
Bavarilla sp.,Celdobolus sp.
Bavarilla sp.,Discinoidea?
Bavarilla sp.,undet. Dalmanelloidea
Bavarilla sp.,Bryozoan
Bavarilla sp.,Ctenodonta escosurae
Bavarilla sp.,Redonia michelae
Bavarilla sp.,Coxiconchia guiraudi
Bavarilla sp.,Alococoncha?
Bavarilla sp.,Cardiolaria? sp.
Bavarilla sp.,Cienagomya? sp.
Bavarilla sp.,Ekaterodonta courtessolei
Bavarilla sp.,Glyptarca sp.
Bavarilla sp.,Lesueurilla prima
Bavarilla sp.,undet. Monoplacophora
Bavarilla sp.,Carcassonnella courtessolei
Bavarilla sp.,Carcassonnella vizcainoi
Bavarilla sp.,Carcassonnella sp.
Bavarilla sp.,Wiwaxiid
Bavarilla sp.,Helcionelloid
Bavarilla sp.,Priapulid
Bavarilla sp.,Large taxon with spinose limbs
Bavarilla sp.,Small taxon with spinose limbs
Bavarilla sp.,Armoured lobopodian 1
Bavarilla sp.,Armoured lobopodian 2
Bavarilla sp.,Armoured lobopodian 3
Bavarilla sp.,Diania-like lobopodian
Bavarilla sp.,Enosiaspis hrungnir
Bavarilla sp., 'Synziphosurine'/Synziphosurina?
Bavarilla sp.,Possible pycnogonid
Bavarilla sp.,Possible retifaciid
Bavarilla sp.,Tariccoia tazagurtensis
Bavarilla sp.,Ostracod
Bavarilla sp.,undet. Dikelocephalidae
Bavarilla sp.,undet. Illaenacea
Bavarilla sp.,Orometopus sp.
Bavarilla sp.,Agerina quadrata
Bavarilla sp.,Geragnostus aff. occitanus
Bavarilla sp.,Geragnostus sp.
Bavarilla sp.,Ampyx priscus
Bavarilla sp.,Ampyx cf. priscus
Bavarilla sp.,Parabathycheilus gallicus
Bavarilla sp.,Proetidae?
Bavarilla sp.,undet. Trinucleidae
Bavarilla sp.,Nileus deynouxi
Bavarilla sp.,Hospes sp.
Bavarilla sp.,Palaeosphaeronites sp.
Bavarilla sp.,Palaeosphaeronites? prokopi
Bavarilla sp.,Aristocystites cf. bohemicus (sinuous?)
Bavarilla sp.,Aristocystites sp.
Bavarilla sp.,Balantiocystis regnelli
Bavarilla sp.,Balantiocystis sp.
Bavarilla sp.,Rhopalocystis sp.
Bavarilla sp.,Rhopalocystis dehirensis
Bavarilla sp.,Rhopalocystis destombesi
Bavarilla sp.,Rhopalocystis fraga
Bavarilla sp.,Rhopalocystis grandis
Bavarilla sp.,Rhopalocystis havliceki
Bavarilla sp.,Rhopalocystis lehmani
Bavarilla sp.,Rhopalocystis zagoraensis
Bavarilla sp.,Rhopalocystis sp. A
Bavarilla sp.,Rhopalocystis sp. B
Bavarilla sp.,Rhopalocystis sp. C
Bavarilla sp.,cf. Rhopalocystis
Bavarilla sp.,Lingulocystis aff. deani
Bavarilla sp.,Lingulocystis elongata
Bavarilla sp.,cf. Pareocrinus
Bavarilla sp.,Eocrinoidea indet. sp. 1
Bavarilla sp.,Eocrinoidea indet. sp. 2
Bavarilla sp.,Eocrinoidea indet.
Bavarilla sp.,Ramseyocrinus sp.
Bavarilla sp.,Crinoid 2
Bavarilla sp.,Aethocrinus cf. moorei
Bavarilla sp.,Iocrinus n. sp.
Bavarilla sp.,Cystoidea?/undet. Cystoidea
Bavarilla sp.,Argodiscus espilezorum
Bavarilla sp.,Anedriophus moroccoensis
Bavarilla sp.,Rhenopyrgid indet.
Bavarilla sp.,Ampelocarpus sp.
Bavarilla sp.,Amygdalotheca griffei
Bavarilla sp.,Anatifopsis escandei
Bavarilla sp.,Anatifopsis trapeziiformis
Bavarilla sp.,Anatifopsis sp.
Bavarilla sp.,"Anomalocystid n. gen., n. sp. "
Bavarilla sp.,Aspidocarpus sp.
Bavarilla sp.,Arauricystis? sp.
Bavarilla sp.,Balanocystites primus
Bavarilla sp.,Bohemiaecystis
Bavarilla sp.,Chauvelicystis ubaghsi
Bavarilla sp.,Chauvelicystis spinosa
Bavarilla sp.,Chauvelicystis vizcainoi
Bavarilla sp.,Chauvelicystis sp.
Bavarilla sp.,"Chauvelicystid n. gen., n. sp. 1"
Bavarilla sp.,"Chauvelicystid n. gen., n. sp. 2"
Bavarilla sp.,Chinianocarpos sp.
Bavarilla sp.,"Cornuta n. gen. 1, n. sp."
Bavarilla sp.,"Cornuta n. gen. 2, n. sp."
Bavarilla sp.,Flabellicarpus rushtoni
Bavarilla sp.,Galliaecystis n. sp.
Bavarilla sp.,Galliaecystis ubaghsi
Bavarilla sp.,Lagynocystis pyramidalis
Bavarilla sp.,Kirkocystidae?
Bavarilla sp.,Lyricocarpus courtessolei
Bavarilla sp.,Milonicystis sp.
Bavarilla sp.,Mitrocystitid indet. cf. Ovocarpus
Bavarilla sp.,Nanocarpus cf. dolambii
Bavarilla sp.,Phyllocystis blayaci
Bavarilla sp.,Phyllocystis sp.
Bavarilla sp.,Procothurnocystis n. sp.
Bavarilla sp.,Prokopicystis sp.
Bavarilla sp.,Thoralicystis zagoraensis
Bavarilla sp.,Vizcainocarpus sp.
Bavarilla sp.,Cothurnocystid indetl.
Bavarilla sp.,Peltocystis cornuta
Bavarilla sp.,Scotiaevystis? sp.
Bavarilla sp.,Macrocystella sp.
Bavarilla sp.,Macrocystella bohemica
Bavarilla sp.,Macrocystella cf. mariae
Bavarilla sp.,Macrocystella tasseftensis
Bavarilla sp.,undet. Ophiuroidea
Bavarilla sp.,Didymograptus cf. arcuatus
Bavarilla sp.,Didymograptus deflexus
Bavarilla sp.,Didymograptus extensus
Bavarilla sp.,Didymograptus v-fractus
Bavarilla sp.,Didymograptus intendus
Bavarilla sp.,Didymograptus pennatulus
Bavarilla sp.,Didymograptus nanus
Bavarilla sp.,Didymograptus nitidus
Bavarilla sp.,Didymograptus patulus
Bavarilla sp.,Didymograptus sparsus
Bavarilla sp.,"""Didymograptus sp. 1"""
Bavarilla sp.,Didymograptus sp.
Bavarilla sp.,Didymograptid indet.
Bavarilla sp.,Koremagraptus sp.
Bavarilla sp.,Dictyonema sp.
Bavarilla sp.,Tuboid
Bavarilla sp.,?Cymatograptus protobalticus
Bavarilla sp.,Webbyites felix
Bavarilla sp.,Rhabdopleura-like epibiont
Bavarilla sp.,Hyolithes sp.
Colpocoryphe thorali,Benthic detritus
Colpocoryphe thorali,Acrothele sp.
Colpocoryphe thorali,Plectorthis simplex
Colpocoryphe thorali,Angusticardinia sp.
Colpocoryphe thorali,Lingula salteri
Colpocoryphe thorali,Orbithele vana
Colpocoryphe thorali,Paurorthis tadristensis
Colpocoryphe thorali,Tarfaya marocana
Colpocoryphe thorali,Monobolina sp.
Colpocoryphe thorali,Elliptoglossa sp.
Colpocoryphe thorali,Celdobolus sp.
Colpocoryphe thorali,Discinoidea?
Colpocoryphe thorali,undet. Dalmanelloidea
Colpocoryphe thorali,Bryozoan
Colpocoryphe thorali,Redonia michelae
Colpocoryphe thorali,Coxiconchia guiraudi
Colpocoryphe thorali,Alococoncha?
Colpocoryphe thorali,Cienagomya? sp.
Colpocoryphe thorali,Ekaterodonta courtessolei
Colpocoryphe thorali,Lesueurilla prima
Colpocoryphe thorali,undet. Monoplacophora
Colpocoryphe thorali,Carcassonnella courtessolei
Colpocoryphe thorali,Carcassonnella vizcainoi
Colpocoryphe thorali,Carcassonnella sp.
Colpocoryphe thorali,Wiwaxiid
Colpocoryphe thorali,Helcionelloid
Colpocoryphe thorali,Priapulid
Colpocoryphe thorali,Enosiaspis hrungnir
Colpocoryphe thorali, 'Synziphosurine'/Synziphosurina?
Colpocoryphe thorali,Possible pycnogonid
Colpocoryphe thorali,Possible retifaciid
Colpocoryphe thorali,Tariccoia tazagurtensis
Colpocoryphe thorali,Ostracod
Colpocoryphe thorali,undet. Dikelocephalidae
Colpocoryphe thorali,undet. Illaenacea
Colpocoryphe thorali,Parabathycheilus gallicus
Colpocoryphe thorali,Proetidae?
Colpocoryphe thorali,undet. Trinucleidae
Colpocoryphe thorali,Palaeosphaeronites sp.
Colpocoryphe thorali,Palaeosphaeronites? prokopi
Colpocoryphe thorali,Aristocystites cf. bohemicus (sinuous?)
Colpocoryphe thorali,Aristocystites sp.
Colpocoryphe thorali,Balantiocystis regnelli
Colpocoryphe thorali,Balantiocystis sp.
Colpocoryphe thorali,Rhopalocystis sp.
Colpocoryphe thorali,Rhopalocystis dehirensis
Colpocoryphe thorali,Rhopalocystis destombesi
Colpocoryphe thorali,Rhopalocystis fraga
Colpocoryphe thorali,Rhopalocystis grandis
Colpocoryphe thorali,Rhopalocystis havliceki
Colpocoryphe thorali,Rhopalocystis lehmani
Colpocoryphe thorali,Rhopalocystis zagoraensis
Colpocoryphe thorali,Rhopalocystis sp. A
Colpocoryphe thorali,Rhopalocystis sp. B
Colpocoryphe thorali,Rhopalocystis sp. C
Colpocoryphe thorali,cf. Rhopalocystis
Colpocoryphe thorali,Lingulocystis aff. deani
Colpocoryphe thorali,Lingulocystis elongata
Colpocoryphe thorali,cf. Pareocrinus
Colpocoryphe thorali,Eocrinoidea indet. sp. 1
Colpocoryphe thorali,Eocrinoidea indet. sp. 2
Colpocoryphe thorali,Eocrinoidea indet.
Colpocoryphe thorali,Ramseyocrinus sp.
Colpocoryphe thorali,Crinoid 2
Colpocoryphe thorali,Aethocrinus cf. moorei
Colpocoryphe thorali,Iocrinus n. sp.
Colpocoryphe thorali,Argodiscus espilezorum
Colpocoryphe thorali,Anedriophus moroccoensis
Colpocoryphe thorali,Rhenopyrgid indet.
Colpocoryphe thorali,Ampelocarpus sp.
Colpocoryphe thorali,Amygdalotheca griffei
Colpocoryphe thorali,Anatifopsis escandei
Colpocoryphe thorali,Anatifopsis trapeziiformis
Colpocoryphe thorali,Anatifopsis sp.
Colpocoryphe thorali,"Anomalocystid n. gen., n. sp. "
Colpocoryphe thorali,Aspidocarpus sp.
Colpocoryphe thorali,Balanocystites primus
Colpocoryphe thorali,Bohemiaecystis
Colpocoryphe thorali,Chauvelicystis ubaghsi
Colpocoryphe thorali,Chauvelicystis spinosa
Colpocoryphe thorali,Chauvelicystis vizcainoi
Colpocoryphe thorali,Chauvelicystis sp.
Colpocoryphe thorali,"Chauvelicystid n. gen., n. sp. 1"
Colpocoryphe thorali,"Chauvelicystid n. gen., n. sp. 2"
Colpocoryphe thorali,Chinianocarpos sp.
Colpocoryphe thorali,"Cornuta n. gen. 1, n. sp."
Colpocoryphe thorali,"Cornuta n. gen. 2, n. sp."
Colpocoryphe thorali,Flabellicarpus rushtoni
Colpocoryphe thorali,Galliaecystis n. sp.
Colpocoryphe thorali,Galliaecystis ubaghsi
Colpocoryphe thorali,Lagynocystis pyramidalis
Colpocoryphe thorali,Kirkocystidae?
Colpocoryphe thorali,Lyricocarpus courtessolei
Colpocoryphe thorali,Milonicystis sp.
Colpocoryphe thorali,Mitrocystitid indet. cf. Ovocarpus
Colpocoryphe thorali,Nanocarpus cf. dolambii
Colpocoryphe thorali,Phyllocystis blayaci
Colpocoryphe thorali,Procothurnocystis n. sp.
Colpocoryphe thorali,Prokopicystis sp.
Colpocoryphe thorali,Thoralicystis zagoraensis
Colpocoryphe thorali,Vizcainocarpus sp.
Colpocoryphe thorali,Peltocystis cornuta
Colpocoryphe thorali,Macrocystella sp.
Colpocoryphe thorali,Macrocystella bohemica
Colpocoryphe thorali,Macrocystella cf. mariae
Colpocoryphe thorali,Macrocystella tasseftensis
Colpocoryphe thorali,undet. Ophiuroidea
Colpocoryphe thorali,Didymograptus cf. arcuatus
Colpocoryphe thorali,Didymograptus deflexus
Colpocoryphe thorali,Didymograptus extensus
Colpocoryphe thorali,Didymograptus v-fractus
Colpocoryphe thorali,Didymograptus intendus
Colpocoryphe thorali,Didymograptus pennatulus
Colpocoryphe thorali,Didymograptus nanus
Colpocoryphe thorali,Didymograptus nitidus
Colpocoryphe thorali,Didymograptus patulus
Colpocoryphe thorali,Didymograptus sparsus
Colpocoryphe thorali,"""Didymograptus sp. 1"""
Colpocoryphe thorali,Didymograptus sp.
Colpocoryphe thorali,Didymograptid indet.
Colpocoryphe thorali,Koremagraptus sp.
Colpocoryphe thorali,Dictyonema sp.
Colpocoryphe thorali,Tuboid
Colpocoryphe thorali,?Cymatograptus protobalticus
Colpocoryphe thorali,Webbyites felix
Colpocoryphe thorali,Rhabdopleura-like epibiont
Colpocoryphe pradesensis,Benthic detritus
Colpocoryphe pradesensis,Acrothele sp.
Colpocoryphe pradesensis,Plectorthis simplex
Colpocoryphe pradesensis,Angusticardinia sp.
Colpocoryphe pradesensis,Lingula salteri
Colpocoryphe pradesensis,Orbithele vana
Colpocoryphe pradesensis,Paurorthis tadristensis
Colpocoryphe pradesensis,Tarfaya marocana
Colpocoryphe pradesensis,Monobolina sp.
Colpocoryphe pradesensis,Elliptoglossa sp.
Colpocoryphe pradesensis,Celdobolus sp.
Colpocoryphe pradesensis,Discinoidea?
Colpocoryphe pradesensis,undet. Dalmanelloidea
Colpocoryphe pradesensis,Bryozoan
Colpocoryphe pradesensis,Redonia michelae
Colpocoryphe pradesensis,Coxiconchia guiraudi
Colpocoryphe pradesensis,Alococoncha?
Colpocoryphe pradesensis,Cienagomya? sp.
Colpocoryphe pradesensis,Ekaterodonta courtessolei
Colpocoryphe pradesensis,Lesueurilla prima
Colpocoryphe pradesensis,undet. Monoplacophora
Colpocoryphe pradesensis,Carcassonnella courtessolei
Colpocoryphe pradesensis,Carcassonnella vizcainoi
Colpocoryphe pradesensis,Carcassonnella sp.
Colpocoryphe pradesensis,Wiwaxiid
Colpocoryphe pradesensis,Helcionelloid
Colpocoryphe pradesensis,Priapulid
Colpocoryphe pradesensis,Enosiaspis hrungnir
Colpocoryphe pradesensis, 'Synziphosurine'/Synziphosurina?
Colpocoryphe pradesensis,Possible pycnogonid
Colpocoryphe pradesensis,Possible retifaciid
Colpocoryphe pradesensis,Tariccoia tazagurtensis
Colpocoryphe pradesensis,Ostracod
Colpocoryphe pradesensis,undet. Dikelocephalidae
Colpocoryphe pradesensis,undet. Illaenacea
Colpocoryphe pradesensis,Parabathycheilus gallicus
Colpocoryphe pradesensis,Proetidae?
Colpocoryphe pradesensis,undet. Trinucleidae
Colpocoryphe pradesensis,Palaeosphaeronites sp.
Colpocoryphe pradesensis,Palaeosphaeronites? prokopi
Colpocoryphe pradesensis,Aristocystites cf. bohemicus (sinuous?)
Colpocoryphe pradesensis,Aristocystites sp.
Colpocoryphe pradesensis,Balantiocystis regnelli
Colpocoryphe pradesensis,Balantiocystis sp.
Colpocoryphe pradesensis,Rhopalocystis sp.
Colpocoryphe pradesensis,Rhopalocystis dehirensis
Colpocoryphe pradesensis,Rhopalocystis destombesi
Colpocoryphe pradesensis,Rhopalocystis fraga
Colpocoryphe pradesensis,Rhopalocystis grandis
Colpocoryphe pradesensis,Rhopalocystis havliceki
Colpocoryphe pradesensis,Rhopalocystis lehmani
Colpocoryphe pradesensis,Rhopalocystis zagoraensis
Colpocoryphe pradesensis,Rhopalocystis sp. A
Colpocoryphe pradesensis,Rhopalocystis sp. B
Colpocoryphe pradesensis,Rhopalocystis sp. C
Colpocoryphe pradesensis,cf. Rhopalocystis
Colpocoryphe pradesensis,Lingulocystis aff. deani
Colpocoryphe pradesensis,Lingulocystis elongata
Colpocoryphe pradesensis,cf. Pareocrinus
Colpocoryphe pradesensis,Eocrinoidea indet. sp. 1
Colpocoryphe pradesensis,Eocrinoidea indet. sp. 2
Colpocoryphe pradesensis,Eocrinoidea indet.
Colpocoryphe pradesensis,Ramseyocrinus sp.
Colpocoryphe pradesensis,Crinoid 2
Colpocoryphe pradesensis,Aethocrinus cf. moorei
Colpocoryphe pradesensis,Iocrinus n. sp.
Colpocoryphe pradesensis,Argodiscus espilezorum
Colpocoryphe pradesensis,Anedriophus moroccoensis
Colpocoryphe pradesensis,Rhenopyrgid indet.
Colpocoryphe pradesensis,Ampelocarpus sp.
Colpocoryphe pradesensis,Amygdalotheca griffei
Colpocoryphe pradesensis,Anatifopsis escandei
Colpocoryphe pradesensis,Anatifopsis trapeziiformis
Colpocoryphe pradesensis,Anatifopsis sp.
Colpocoryphe pradesensis,"Anomalocystid n. gen., n. sp. "
Colpocoryphe pradesensis,Aspidocarpus sp.
Colpocoryphe pradesensis,Balanocystites primus
Colpocoryphe pradesensis,Bohemiaecystis
Colpocoryphe pradesensis,Chauvelicystis ubaghsi
Colpocoryphe pradesensis,Chauvelicystis spinosa
Colpocoryphe pradesensis,Chauvelicystis vizcainoi
Colpocoryphe pradesensis,Chauvelicystis sp.
Colpocoryphe pradesensis,"Chauvelicystid n. gen., n. sp. 1"
Colpocoryphe pradesensis,"Chauvelicystid n. gen., n. sp. 2"
Colpocoryphe pradesensis,Chinianocarpos sp.
Colpocoryphe pradesensis,"Cornuta n. gen. 1, n. sp."
Colpocoryphe pradesensis,"Cornuta n. gen. 2, n. sp."
Colpocoryphe pradesensis,Flabellicarpus rushtoni
Colpocoryphe pradesensis,Galliaecystis n. sp.
Colpocoryphe pradesensis,Galliaecystis ubaghsi
Colpocoryphe pradesensis,Lagynocystis pyramidalis
Colpocoryphe pradesensis,Kirkocystidae?
Colpocoryphe pradesensis,Lyricocarpus courtessolei
Colpocoryphe pradesensis,Milonicystis sp.
Colpocoryphe pradesensis,Mitrocystitid indet. cf. Ovocarpus
Colpocoryphe pradesensis,Nanocarpus cf. dolambii
Colpocoryphe pradesensis,Phyllocystis blayaci
Colpocoryphe pradesensis,Procothurnocystis n. sp.
Colpocoryphe pradesensis,Prokopicystis sp.
Colpocoryphe pradesensis,Thoralicystis zagoraensis
Colpocoryphe pradesensis,Vizcainocarpus sp.
Colpocoryphe pradesensis,Peltocystis cornuta
Colpocoryphe pradesensis,Macrocystella sp.
Colpocoryphe pradesensis,Macrocystella bohemica
Colpocoryphe pradesensis,Macrocystella cf. mariae
Colpocoryphe pradesensis,Macrocystella tasseftensis
Colpocoryphe pradesensis,undet. Ophiuroidea
Colpocoryphe pradesensis,Didymograptus cf. arcuatus
Colpocoryphe pradesensis,Didymograptus deflexus
Colpocoryphe pradesensis,Didymograptus extensus
Colpocoryphe pradesensis,Didymograptus v-fractus
Colpocoryphe pradesensis,Didymograptus intendus
Colpocoryphe pradesensis,Didymograptus pennatulus
Colpocoryphe pradesensis,Didymograptus nanus
Colpocoryphe pradesensis,Didymograptus nitidus
Colpocoryphe pradesensis,Didymograptus patulus
Colpocoryphe pradesensis,Didymograptus sparsus
Colpocoryphe pradesensis,"""Didymograptus sp. 1"""
Colpocoryphe pradesensis,Didymograptus sp.
Colpocoryphe pradesensis,Didymograptid indet.
Colpocoryphe pradesensis,Koremagraptus sp.
Colpocoryphe pradesensis,Dictyonema sp.
Colpocoryphe pradesensis,Tuboid
Colpocoryphe pradesensis,?Cymatograptus protobalticus
Colpocoryphe pradesensis,Webbyites felix
Colpocoryphe pradesensis,Rhabdopleura-like epibiont
Colpocoryphe sp.,Benthic detritus
Colpocoryphe sp.,Ranorthis fasciata
Colpocoryphe sp.,undet. Athyridida
Colpocoryphe sp.,Acrothele sp.
Colpocoryphe sp.,Plectorthis simplex
Colpocoryphe sp.,Angusticardinia sp.
Colpocoryphe sp.,Lingula salteri
Colpocoryphe sp.,Orbithele vana
Colpocoryphe sp.,Paurorthis tadristensis
Colpocoryphe sp.,Tarfaya marocana
Colpocoryphe sp.,Wosekella sp.
Colpocoryphe sp.,Monobolina sp.
Colpocoryphe sp.,Elliptoglossa sp.
Colpocoryphe sp.,Celdobolus sp.
Colpocoryphe sp.,Discinoidea?
Colpocoryphe sp.,undet. Dalmanelloidea
Colpocoryphe sp.,Bryozoan
Colpocoryphe sp.,Ctenodonta escosurae
Colpocoryphe sp.,Praenucula sp.
Colpocoryphe sp.,Redonia michelae
Colpocoryphe sp.,Coxiconchia guiraudi
Colpocoryphe sp.,Alococoncha?
Colpocoryphe sp.,Cardiolaria? sp.
Colpocoryphe sp.,Cienagomya? sp.
Colpocoryphe sp.,Ekaterodonta courtessolei
Colpocoryphe sp.,Glyptarca sp.
Colpocoryphe sp.,Sinuites sp.
Colpocoryphe sp.,Lesueurilla prima
Colpocoryphe sp.,undet. Platyceratoidea
Colpocoryphe sp.,undet. Monoplacophora
Colpocoryphe sp.,Carcassonnella courtessolei
Colpocoryphe sp.,Carcassonnella vizcainoi
Colpocoryphe sp.,Carcassonnella sp.
Colpocoryphe sp.,Ribeiria sp.
Colpocoryphe sp.,Wiwaxiid
Colpocoryphe sp.,Helcionelloid
Colpocoryphe sp.,Possible phyllodocid
Colpocoryphe sp.,Priapulid
Colpocoryphe sp.,Large taxon with spinose limbs
Colpocoryphe sp.,Small taxon with spinose limbs
Colpocoryphe sp.,Armoured lobopodian 1
Colpocoryphe sp.,Armoured lobopodian 2
Colpocoryphe sp.,Armoured lobopodian 3
Colpocoryphe sp.,Diania-like lobopodian
Colpocoryphe sp.,Furca sp. 1
Colpocoryphe sp.,Furca sp. 2
Colpocoryphe sp.,Furca sp. 3
Colpocoryphe sp.,Enosiaspis hrungnir
Colpocoryphe sp., 'Synziphosurine'/Synziphosurina?
Colpocoryphe sp.,Chasmataspidid
Colpocoryphe sp.,Possible pycnogonid
Colpocoryphe sp.,Possible retifaciid
Colpocoryphe sp.,Tariccoia tazagurtensis
Colpocoryphe sp.,Cheloniellid
Colpocoryphe sp.,Phyllocarid
Colpocoryphe sp.,Ostracod
Colpocoryphe sp.,Lepadomorph barnacle
Colpocoryphe sp.,Apatokephalus cf. incisus
Colpocoryphe sp.,undet. Dikelocephalidae
Colpocoryphe sp.,undet. Illaenacea
Colpocoryphe sp.,Orometopus sp.
Colpocoryphe sp.,Cnemidopyge sp.
Colpocoryphe sp.,Toletanaspis aff. borni
Colpocoryphe sp.,Bathycheilus gallicus
Colpocoryphe sp.,Colpocoryphe thorali
Colpocoryphe sp.,Agerina quadrata
Colpocoryphe sp.,Geragnostus aff. occitanus
Colpocoryphe sp.,Geragnostus sp.
Colpocoryphe sp.,Ampyx priscus
Colpocoryphe sp.,Ampyx cf. priscus
Colpocoryphe sp.,Parabathycheilus gallicus
Colpocoryphe sp.,Proetidae?
Colpocoryphe sp.,undet. Trinucleidae
Colpocoryphe sp.,Nileus deynouxi
Colpocoryphe sp.,Hospes sp.
Colpocoryphe sp.,Ogygiocaris sp.
Colpocoryphe sp.,cf. Niobella sp.
Colpocoryphe sp.,Somasteroid indet. n. sp. 1
Colpocoryphe sp.,Somasteroid indet. n. sp. 2
Colpocoryphe sp.,Somasteroid indet. n. sp. 3
Colpocoryphe sp.,Somasteroid indet.
Colpocoryphe sp.,undet. Asteroidea
Colpocoryphe sp.,Palaeosphaeronites sp.
Colpocoryphe sp.,Palaeosphaeronites? prokopi
Colpocoryphe sp.,Aristocystites cf. bohemicus (sinuous?)
Colpocoryphe sp.,Aristocystites sp.
Colpocoryphe sp.,Balantiocystis regnelli
Colpocoryphe sp.,Balantiocystis sp.
Colpocoryphe sp.,Rhopalocystis sp.
Colpocoryphe sp.,Rhopalocystis dehirensis
Colpocoryphe sp.,Rhopalocystis destombesi
Colpocoryphe sp.,Rhopalocystis fraga
Colpocoryphe sp.,Rhopalocystis grandis
Colpocoryphe sp.,Rhopalocystis havliceki
Colpocoryphe sp.,Rhopalocystis lehmani
Colpocoryphe sp.,Rhopalocystis zagoraensis
Colpocoryphe sp.,Rhopalocystis sp. A
Colpocoryphe sp.,Rhopalocystis sp. B
Colpocoryphe sp.,Rhopalocystis sp. C
Colpocoryphe sp.,cf. Rhopalocystis
Colpocoryphe sp.,Lingulocystis aff. deani
Colpocoryphe sp.,Lingulocystis elongata
Colpocoryphe sp.,cf. Pareocrinus
Colpocoryphe sp.,Eocrinoidea indet. sp. 1
Colpocoryphe sp.,Eocrinoidea indet. sp. 2
Colpocoryphe sp.,Eocrinoidea indet.
Colpocoryphe sp.,Ramseyocrinus sp.
Colpocoryphe sp.,Crinoid 2
Colpocoryphe sp.,Aethocrinus cf. moorei
Colpocoryphe sp.,Iocrinus n. sp.
Colpocoryphe sp.,Cystoidea?/undet. Cystoidea
Colpocoryphe sp.,Argodiscus espilezorum
Colpocoryphe sp.,Anedriophus moroccoensis
Colpocoryphe sp.,Rhenopyrgid indet.
Colpocoryphe sp.,Ampelocarpus sp.
Colpocoryphe sp.,Amygdalotheca griffei
Colpocoryphe sp.,Anatifopsis escandei
Colpocoryphe sp.,Anatifopsis trapeziiformis
Colpocoryphe sp.,Anatifopsis sp.
Colpocoryphe sp.,"Anomalocystid n. gen., n. sp. "
Colpocoryphe sp.,Aspidocarpus sp.
Colpocoryphe sp.,Arauricystis? sp.
Colpocoryphe sp.,Balanocystites primus
Colpocoryphe sp.,Bohemiaecystis
Colpocoryphe sp.,Chauvelicystis ubaghsi
Colpocoryphe sp.,Chauvelicystis spinosa
Colpocoryphe sp.,Chauvelicystis vizcainoi
Colpocoryphe sp.,Chauvelicystis sp.
Colpocoryphe sp.,"Chauvelicystid n. gen., n. sp. 1"
Colpocoryphe sp.,"Chauvelicystid n. gen., n. sp. 2"
Colpocoryphe sp.,Chinianocarpos sp.
Colpocoryphe sp.,"Cornuta n. gen. 1, n. sp."
Colpocoryphe sp.,"Cornuta n. gen. 2, n. sp."
Colpocoryphe sp.,Flabellicarpus rushtoni
Colpocoryphe sp.,Flabellicarpus?
Colpocoryphe sp.,Galliaecystis n. sp.
Colpocoryphe sp.,Galliaecystis ubaghsi
Colpocoryphe sp.,Hanusia n. sp.
Colpocoryphe sp.,Lagynocystis pyramidalis
Colpocoryphe sp.,Kirkocystidae?
Colpocoryphe sp.,Lyricocarpus courtessolei
Colpocoryphe sp.,Milonicystis sp.
Colpocoryphe sp.,Mitrocystitid indet. cf. Ovocarpus
Colpocoryphe sp.,Nanocarpus cf. dolambii
Colpocoryphe sp.,Phyllocystis blayaci
Colpocoryphe sp.,Phyllocystis sp.
Colpocoryphe sp.,Procothurnocystis n. sp.
Colpocoryphe sp.,Prokopicystis sp.
Colpocoryphe sp.,Thoralicystis zagoraensis
Colpocoryphe sp.,Thoralicystis n. sp.
Colpocoryphe sp.,Vizcainocarpus sp.
Colpocoryphe sp.,Cothurnocystid indetl.
Colpocoryphe sp.,Hanusiid indet.
Colpocoryphe sp.,Peltocystis cornuta
Colpocoryphe sp.,Scotiaevystis? sp.
Colpocoryphe sp.,Macrocystella sp.
Colpocoryphe sp.,Macrocystella bohemica
Colpocoryphe sp.,Macrocystella cf. mariae
Colpocoryphe sp.,Macrocystella tasseftensis
Colpocoryphe sp.,undet. Ophiuroidea
Colpocoryphe sp.,Didymograptus cf. arcuatus
Colpocoryphe sp.,Didymograptus deflexus
Colpocoryphe sp.,Didymograptus extensus
Colpocoryphe sp.,Didymograptus v-fractus
Colpocoryphe sp.,Didymograptus intendus
Colpocoryphe sp.,Didymograptus pennatulus
Colpocoryphe sp.,Didymograptus nanus
Colpocoryphe sp.,Didymograptus nitidus
Colpocoryphe sp.,Didymograptus patulus
Colpocoryphe sp.,Didymograptus sparsus
Colpocoryphe sp.,"""Didymograptus sp. 1"""
Colpocoryphe sp.,Didymograptus sp.
Colpocoryphe sp.,Didymograptid indet.
Colpocoryphe sp.,Koremagraptus sp.
Colpocoryphe sp.,Dictyonema sp.
Colpocoryphe sp.,Tuboid
Colpocoryphe sp.,?Cymatograptus protobalticus
Colpocoryphe sp.,Webbyites felix
Colpocoryphe sp.,Rhabdopleura-like epibiont
Colpocoryphe sp.,Hyolithes sp.
Pharostoma sp.,Benthic detritus
Pharostoma sp.,Acrothele sp.
Pharostoma sp.,Plectorthis simplex
Pharostoma sp.,Angusticardinia sp.
Pharostoma sp.,Lingula salteri
Pharostoma sp.,Orbithele vana
Pharostoma sp.,Paurorthis tadristensis
Pharostoma sp.,Tarfaya marocana
Pharostoma sp.,Monobolina sp.
Pharostoma sp.,Elliptoglossa sp.
Pharostoma sp.,Celdobolus sp.
Pharostoma sp.,Discinoidea?
Pharostoma sp.,undet. Dalmanelloidea
Pharostoma sp.,Bryozoan
Pharostoma sp.,Redonia michelae
Pharostoma sp.,Coxiconchia guiraudi
Pharostoma sp.,Alococoncha?
Pharostoma sp.,Cienagomya? sp.
Pharostoma sp.,Ekaterodonta courtessolei
Pharostoma sp.,Lesueurilla prima
Pharostoma sp.,undet. Monoplacophora
Pharostoma sp.,Carcassonnella courtessolei
Pharostoma sp.,Carcassonnella vizcainoi
Pharostoma sp.,Carcassonnella sp.
Pharostoma sp.,Wiwaxiid
Pharostoma sp.,Helcionelloid
Pharostoma sp.,Priapulid
Pharostoma sp.,Enosiaspis hrungnir
Pharostoma sp., 'Synziphosurine'/Synziphosurina?
Pharostoma sp.,Possible pycnogonid
Pharostoma sp.,Possible retifaciid
Pharostoma sp.,Tariccoia tazagurtensis
Pharostoma sp.,Ostracod
Pharostoma sp.,undet. Dikelocephalidae
Pharostoma sp.,undet. Illaenacea
Pharostoma sp.,Parabathycheilus gallicus
Pharostoma sp.,Proetidae?
Pharostoma sp.,undet. Trinucleidae
Pharostoma sp.,Palaeosphaeronites sp.
Pharostoma sp.,Palaeosphaeronites? prokopi
Pharostoma sp.,Aristocystites cf. bohemicus (sinuous?)
Pharostoma sp.,Aristocystites sp.
Pharostoma sp.,Balantiocystis regnelli
Pharostoma sp.,Balantiocystis sp.
Pharostoma sp.,Rhopalocystis sp.
Pharostoma sp.,Rhopalocystis dehirensis
Pharostoma sp.,Rhopalocystis destombesi
Pharostoma sp.,Rhopalocystis fraga
Pharostoma sp.,Rhopalocystis grandis
Pharostoma sp.,Rhopalocystis havliceki
Pharostoma sp.,Rhopalocystis lehmani
Pharostoma sp.,Rhopalocystis zagoraensis
Pharostoma sp.,Rhopalocystis sp. A
Pharostoma sp.,Rhopalocystis sp. B
Pharostoma sp.,Rhopalocystis sp. C
Pharostoma sp.,cf. Rhopalocystis
Pharostoma sp.,Lingulocystis aff. deani
Pharostoma sp.,Lingulocystis elongata
Pharostoma sp.,cf. Pareocrinus
Pharostoma sp.,Eocrinoidea indet. sp. 1
Pharostoma sp.,Eocrinoidea indet. sp. 2
Pharostoma sp.,Eocrinoidea indet.
Pharostoma sp.,Ramseyocrinus sp.
Pharostoma sp.,Crinoid 2
Pharostoma sp.,Aethocrinus cf. moorei
Pharostoma sp.,Iocrinus n. sp.
Pharostoma sp.,Argodiscus espilezorum
Pharostoma sp.,Anedriophus moroccoensis
Pharostoma sp.,Rhenopyrgid indet.
Pharostoma sp.,Ampelocarpus sp.
Pharostoma sp.,Amygdalotheca griffei
Pharostoma sp.,Anatifopsis escandei
Pharostoma sp.,Anatifopsis trapeziiformis
Pharostoma sp.,Anatifopsis sp.
Pharostoma sp.,"Anomalocystid n. gen., n. sp. "
Pharostoma sp.,Aspidocarpus sp.
Pharostoma sp.,Balanocystites primus
Pharostoma sp.,Bohemiaecystis
Pharostoma sp.,Chauvelicystis ubaghsi
Pharostoma sp.,Chauvelicystis spinosa
Pharostoma sp.,Chauvelicystis vizcainoi
Pharostoma sp.,Chauvelicystis sp.
Pharostoma sp.,"Chauvelicystid n. gen., n. sp. 1"
Pharostoma sp.,"Chauvelicystid n. gen., n. sp. 2"
Pharostoma sp.,Chinianocarpos sp.
Pharostoma sp.,"Cornuta n. gen. 1, n. sp."
Pharostoma sp.,"Cornuta n. gen. 2, n. sp."
Pharostoma sp.,Flabellicarpus rushtoni
Pharostoma sp.,Galliaecystis n. sp.
Pharostoma sp.,Galliaecystis ubaghsi
Pharostoma sp.,Lagynocystis pyramidalis
Pharostoma sp.,Kirkocystidae?
Pharostoma sp.,Lyricocarpus courtessolei
Pharostoma sp.,Milonicystis sp.
Pharostoma sp.,Mitrocystitid indet. cf. Ovocarpus
Pharostoma sp.,Nanocarpus cf. dolambii
Pharostoma sp.,Phyllocystis blayaci
Pharostoma sp.,Procothurnocystis n. sp.
Pharostoma sp.,Prokopicystis sp.
Pharostoma sp.,Thoralicystis zagoraensis
Pharostoma sp.,Vizcainocarpus sp.
Pharostoma sp.,Peltocystis cornuta
Pharostoma sp.,Macrocystella sp.
Pharostoma sp.,Macrocystella bohemica
Pharostoma sp.,Macrocystella cf. mariae
Pharostoma sp.,Macrocystella tasseftensis
Pharostoma sp.,undet. Ophiuroidea
Pharostoma sp.,Didymograptus cf. arcuatus
Pharostoma sp.,Didymograptus deflexus
Pharostoma sp.,Didymograptus extensus
Pharostoma sp.,Didymograptus v-fractus
Pharostoma sp.,Didymograptus intendus
Pharostoma sp.,Didymograptus pennatulus
Pharostoma sp.,Didymograptus nanus
Pharostoma sp.,Didymograptus nitidus
Pharostoma sp.,Didymograptus patulus
Pharostoma sp.,Didymograptus sparsus
Pharostoma sp.,"""Didymograptus sp. 1"""
Pharostoma sp.,Didymograptus sp.
Pharostoma sp.,Didymograptid indet.
Pharostoma sp.,Koremagraptus sp.
Pharostoma sp.,Dictyonema sp.
Pharostoma sp.,Tuboid
Pharostoma sp.,?Cymatograptus protobalticus
Pharostoma sp.,Webbyites felix
Pharostoma sp.,Rhabdopleura-like epibiont
Pharostomina sp. ,Benthic detritus
Pharostomina sp. ,Acrothele sp.
Pharostomina sp. ,Plectorthis simplex
Pharostomina sp. ,Angusticardinia sp.
Pharostomina sp. ,Lingula salteri
Pharostomina sp. ,Orbithele vana
Pharostomina sp. ,Paurorthis tadristensis
Pharostomina sp. ,Tarfaya marocana
Pharostomina sp. ,Monobolina sp.
Pharostomina sp. ,Elliptoglossa sp.
Pharostomina sp. ,Celdobolus sp.
Pharostomina sp. ,Discinoidea?
Pharostomina sp. ,undet. Dalmanelloidea
Pharostomina sp. ,Bryozoan
Pharostomina sp. ,Redonia michelae
Pharostomina sp. ,Coxiconchia guiraudi
Pharostomina sp. ,Alococoncha?
Pharostomina sp. ,Cienagomya? sp.
Pharostomina sp. ,Ekaterodonta courtessolei
Pharostomina sp. ,Lesueurilla prima
Pharostomina sp. ,undet. Monoplacophora
Pharostomina sp. ,Carcassonnella courtessolei
Pharostomina sp. ,Carcassonnella vizcainoi
Pharostomina sp. ,Carcassonnella sp.
Pharostomina sp. ,Wiwaxiid
Pharostomina sp. ,Helcionelloid
Pharostomina sp. ,Priapulid
Pharostomina sp. ,Enosiaspis hrungnir
Pharostomina sp. , 'Synziphosurine'/Synziphosurina?
Pharostomina sp. ,Possible pycnogonid
Pharostomina sp. ,Possible retifaciid
Pharostomina sp. ,Tariccoia tazagurtensis
Pharostomina sp. ,Ostracod
Pharostomina sp. ,undet. Dikelocephalidae
Pharostomina sp. ,undet. Illaenacea
Pharostomina sp. ,Parabathycheilus gallicus
Pharostomina sp. ,Proetidae?
Pharostomina sp. ,undet. Trinucleidae
Pharostomina sp. ,Palaeosphaeronites sp.
Pharostomina sp. ,Palaeosphaeronites? prokopi
Pharostomina sp. ,Aristocystites cf. bohemicus (sinuous?)
Pharostomina sp. ,Aristocystites sp.
Pharostomina sp. ,Balantiocystis regnelli
Pharostomina sp. ,Balantiocystis sp.
Pharostomina sp. ,Rhopalocystis sp.
Pharostomina sp. ,Rhopalocystis dehirensis
Pharostomina sp. ,Rhopalocystis destombesi
Pharostomina sp. ,Rhopalocystis fraga
Pharostomina sp. ,Rhopalocystis grandis
Pharostomina sp. ,Rhopalocystis havliceki
Pharostomina sp. ,Rhopalocystis lehmani
Pharostomina sp. ,Rhopalocystis zagoraensis
Pharostomina sp. ,Rhopalocystis sp. A
Pharostomina sp. ,Rhopalocystis sp. B
Pharostomina sp. ,Rhopalocystis sp. C
Pharostomina sp. ,cf. Rhopalocystis
Pharostomina sp. ,Lingulocystis aff. deani
Pharostomina sp. ,Lingulocystis elongata
Pharostomina sp. ,cf. Pareocrinus
Pharostomina sp. ,Eocrinoidea indet. sp. 1
Pharostomina sp. ,Eocrinoidea indet. sp. 2
Pharostomina sp. ,Eocrinoidea indet.
Pharostomina sp. ,Ramseyocrinus sp.
Pharostomina sp. ,Crinoid 2
Pharostomina sp. ,Aethocrinus cf. moorei
Pharostomina sp. ,Iocrinus n. sp.
Pharostomina sp. ,Argodiscus espilezorum
Pharostomina sp. ,Anedriophus moroccoensis
Pharostomina sp. ,Rhenopyrgid indet.
Pharostomina sp. ,Ampelocarpus sp.
Pharostomina sp. ,Amygdalotheca griffei
Pharostomina sp. ,Anatifopsis escandei
Pharostomina sp. ,Anatifopsis trapeziiformis
Pharostomina sp. ,Anatifopsis sp.
Pharostomina sp. ,"Anomalocystid n. gen., n. sp. "
Pharostomina sp. ,Aspidocarpus sp.
Pharostomina sp. ,Balanocystites primus
Pharostomina sp. ,Bohemiaecystis
Pharostomina sp. ,Chauvelicystis ubaghsi
Pharostomina sp. ,Chauvelicystis spinosa
Pharostomina sp. ,Chauvelicystis vizcainoi
Pharostomina sp. ,Chauvelicystis sp.
Pharostomina sp. ,"Chauvelicystid n. gen., n. sp. 1"
Pharostomina sp. ,"Chauvelicystid n. gen., n. sp. 2"
Pharostomina sp. ,Chinianocarpos sp.
Pharostomina sp. ,"Cornuta n. gen. 1, n. sp."
Pharostomina sp. ,"Cornuta n. gen. 2, n. sp."
Pharostomina sp. ,Flabellicarpus rushtoni
Pharostomina sp. ,Galliaecystis n. sp.
Pharostomina sp. ,Galliaecystis ubaghsi
Pharostomina sp. ,Lagynocystis pyramidalis
Pharostomina sp. ,Kirkocystidae?
Pharostomina sp. ,Lyricocarpus courtessolei
Pharostomina sp. ,Milonicystis sp.
Pharostomina sp. ,Mitrocystitid indet. cf. Ovocarpus
Pharostomina sp. ,Nanocarpus cf. dolambii
Pharostomina sp. ,Phyllocystis blayaci
Pharostomina sp. ,Procothurnocystis n. sp.
Pharostomina sp. ,Prokopicystis sp.
Pharostomina sp. ,Thoralicystis zagoraensis
Pharostomina sp. ,Vizcainocarpus sp.
Pharostomina sp. ,Peltocystis cornuta
Pharostomina sp. ,Macrocystella sp.
Pharostomina sp. ,Macrocystella bohemica
Pharostomina sp. ,Macrocystella cf. mariae
Pharostomina sp. ,Macrocystella tasseftensis
Pharostomina sp. ,undet. Ophiuroidea
Pharostomina sp. ,Didymograptus cf. arcuatus
Pharostomina sp. ,Didymograptus deflexus
Pharostomina sp. ,Didymograptus extensus
Pharostomina sp. ,Didymograptus v-fractus
Pharostomina sp. ,Didymograptus intendus
Pharostomina sp. ,Didymograptus pennatulus
Pharostomina sp. ,Didymograptus nanus
Pharostomina sp. ,Didymograptus nitidus
Pharostomina sp. ,Didymograptus patulus
Pharostomina sp. ,Didymograptus sparsus
Pharostomina sp. ,"""Didymograptus sp. 1"""
Pharostomina sp. ,Didymograptus sp.
Pharostomina sp. ,Didymograptid indet.
Pharostomina sp. ,Koremagraptus sp.
Pharostomina sp. ,Dictyonema sp.
Pharostomina sp. ,Tuboid
Pharostomina sp. ,?Cymatograptus protobalticus
Pharostomina sp. ,Webbyites felix
Pharostomina sp. ,Rhabdopleura-like epibiont
Prionocheilus aff. languedocensis,Benthic detritus
Prionocheilus aff. languedocensis,Ranorthis fasciata
Prionocheilus aff. languedocensis,undet. Athyridida
Prionocheilus aff. languedocensis,Acrothele sp.
Prionocheilus aff. languedocensis,Plectorthis simplex
Prionocheilus aff. languedocensis,Angusticardinia sp.
Prionocheilus aff. languedocensis,Lingula salteri
Prionocheilus aff. languedocensis,Orbithele vana
Prionocheilus aff. languedocensis,Paurorthis tadristensis
Prionocheilus aff. languedocensis,Tarfaya marocana
Prionocheilus aff. languedocensis,Wosekella sp.
Prionocheilus aff. languedocensis,Monobolina sp.
Prionocheilus aff. languedocensis,Elliptoglossa sp.
Prionocheilus aff. languedocensis,Celdobolus sp.
Prionocheilus aff. languedocensis,Discinoidea?
Prionocheilus aff. languedocensis,undet. Dalmanelloidea
Prionocheilus aff. languedocensis,Bryozoan
Prionocheilus aff. languedocensis,Ctenodonta escosurae
Prionocheilus aff. languedocensis,Praenucula sp.
Prionocheilus aff. languedocensis,Redonia michelae
Prionocheilus aff. languedocensis,Coxiconchia guiraudi
Prionocheilus aff. languedocensis,Alococoncha?
Prionocheilus aff. languedocensis,Cardiolaria? sp.
Prionocheilus aff. languedocensis,Cienagomya? sp.
Prionocheilus aff. languedocensis,Ekaterodonta courtessolei
Prionocheilus aff. languedocensis,Glyptarca sp.
Prionocheilus aff. languedocensis,Sinuites sp.
Prionocheilus aff. languedocensis,Lesueurilla prima
Prionocheilus aff. languedocensis,undet. Platyceratoidea
Prionocheilus aff. languedocensis,undet. Monoplacophora
Prionocheilus aff. languedocensis,Carcassonnella courtessolei
Prionocheilus aff. languedocensis,Carcassonnella vizcainoi
Prionocheilus aff. languedocensis,Carcassonnella sp.
Prionocheilus aff. languedocensis,Ribeiria sp.
Prionocheilus aff. languedocensis,Wiwaxiid
Prionocheilus aff. languedocensis,Helcionelloid
Prionocheilus aff. languedocensis,Possible phyllodocid
Prionocheilus aff. languedocensis,Priapulid
Prionocheilus aff. languedocensis,Large taxon with spinose limbs
Prionocheilus aff. languedocensis,Small taxon with spinose limbs
Prionocheilus aff. languedocensis,Armoured lobopodian 1
Prionocheilus aff. languedocensis,Armoured lobopodian 2
Prionocheilus aff. languedocensis,Armoured lobopodian 3
Prionocheilus aff. languedocensis,Diania-like lobopodian
Prionocheilus aff. languedocensis,Furca sp. 1
Prionocheilus aff. languedocensis,Furca sp. 2
Prionocheilus aff. languedocensis,Furca sp. 3
Prionocheilus aff. languedocensis,Enosiaspis hrungnir
Prionocheilus aff. languedocensis, 'Synziphosurine'/Synziphosurina?
Prionocheilus aff. languedocensis,Chasmataspidid
Prionocheilus aff. languedocensis,Possible pycnogonid
Prionocheilus aff. languedocensis,Possible retifaciid
Prionocheilus aff. languedocensis,Tariccoia tazagurtensis
Prionocheilus aff. languedocensis,Cheloniellid
Prionocheilus aff. languedocensis,Phyllocarid
Prionocheilus aff. languedocensis,Ostracod
Prionocheilus aff. languedocensis,Lepadomorph barnacle
Prionocheilus aff. languedocensis,Apatokephalus cf. incisus
Prionocheilus aff. languedocensis,undet. Dikelocephalidae
Prionocheilus aff. languedocensis,undet. Illaenacea
Prionocheilus aff. languedocensis,Orometopus sp.
Prionocheilus aff. languedocensis,Cnemidopyge sp.
Prionocheilus aff. languedocensis,Toletanaspis aff. borni
Prionocheilus aff. languedocensis,Bathycheilus gallicus
Prionocheilus aff. languedocensis,Colpocoryphe thorali
Prionocheilus aff. languedocensis,Agerina quadrata
Prionocheilus aff. languedocensis,Geragnostus aff. occitanus
Prionocheilus aff. languedocensis,Geragnostus sp.
Prionocheilus aff. languedocensis,Ampyx priscus
Prionocheilus aff. languedocensis,Ampyx cf. priscus
Prionocheilus aff. languedocensis,Parabathycheilus gallicus
Prionocheilus aff. languedocensis,Proetidae?
Prionocheilus aff. languedocensis,undet. Trinucleidae
Prionocheilus aff. languedocensis,Nileus deynouxi
Prionocheilus aff. languedocensis,Hospes sp.
Prionocheilus aff. languedocensis,Ogygiocaris sp.
Prionocheilus aff. languedocensis,cf. Niobella sp.
Prionocheilus aff. languedocensis,Somasteroid indet. n. sp. 1
Prionocheilus aff. languedocensis,Somasteroid indet. n. sp. 2
Prionocheilus aff. languedocensis,Somasteroid indet. n. sp. 3
Prionocheilus aff. languedocensis,Somasteroid indet.
Prionocheilus aff. languedocensis,undet. Asteroidea
Prionocheilus aff. languedocensis,Palaeosphaeronites sp.
Prionocheilus aff. languedocensis,Palaeosphaeronites? prokopi
Prionocheilus aff. languedocensis,Aristocystites cf. bohemicus (sinuous?)
Prionocheilus aff. languedocensis,Aristocystites sp.
Prionocheilus aff. languedocensis,Balantiocystis regnelli
Prionocheilus aff. languedocensis,Balantiocystis sp.
Prionocheilus aff. languedocensis,Rhopalocystis sp.
Prionocheilus aff. languedocensis,Rhopalocystis dehirensis
Prionocheilus aff. languedocensis,Rhopalocystis destombesi
Prionocheilus aff. languedocensis,Rhopalocystis fraga
Prionocheilus aff. languedocensis,Rhopalocystis grandis
Prionocheilus aff. languedocensis,Rhopalocystis havliceki
Prionocheilus aff. languedocensis,Rhopalocystis lehmani
Prionocheilus aff. languedocensis,Rhopalocystis zagoraensis
Prionocheilus aff. languedocensis,Rhopalocystis sp. A
Prionocheilus aff. languedocensis,Rhopalocystis sp. B
Prionocheilus aff. languedocensis,Rhopalocystis sp. C
Prionocheilus aff. languedocensis,cf. Rhopalocystis
Prionocheilus aff. languedocensis,Lingulocystis aff. deani
Prionocheilus aff. languedocensis,Lingulocystis elongata
Prionocheilus aff. languedocensis,cf. Pareocrinus
Prionocheilus aff. languedocensis,Eocrinoidea indet. sp. 1
Prionocheilus aff. languedocensis,Eocrinoidea indet. sp. 2
Prionocheilus aff. languedocensis,Eocrinoidea indet.
Prionocheilus aff. languedocensis,Ramseyocrinus sp.
Prionocheilus aff. languedocensis,Crinoid 2
Prionocheilus aff. languedocensis,Aethocrinus cf. moorei
Prionocheilus aff. languedocensis,Iocrinus n. sp.
Prionocheilus aff. languedocensis,Cystoidea?/undet. Cystoidea
Prionocheilus aff. languedocensis,Argodiscus espilezorum
Prionocheilus aff. languedocensis,Anedriophus moroccoensis
Prionocheilus aff. languedocensis,Rhenopyrgid indet.
Prionocheilus aff. languedocensis,Ampelocarpus sp.
Prionocheilus aff. languedocensis,Amygdalotheca griffei
Prionocheilus aff. languedocensis,Anatifopsis escandei
Prionocheilus aff. languedocensis,Anatifopsis trapeziiformis
Prionocheilus aff. languedocensis,Anatifopsis sp.
Prionocheilus aff. languedocensis,"Anomalocystid n. gen., n. sp. "
Prionocheilus aff. languedocensis,Aspidocarpus sp.
Prionocheilus aff. languedocensis,Arauricystis? sp.
Prionocheilus aff. languedocensis,Balanocystites primus
Prionocheilus aff. languedocensis,Bohemiaecystis
Prionocheilus aff. languedocensis,Chauvelicystis ubaghsi
Prionocheilus aff. languedocensis,Chauvelicystis spinosa
Prionocheilus aff. languedocensis,Chauvelicystis vizcainoi
Prionocheilus aff. languedocensis,Chauvelicystis sp.
Prionocheilus aff. languedocensis,"Chauvelicystid n. gen., n. sp. 1"
Prionocheilus aff. languedocensis,"Chauvelicystid n. gen., n. sp. 2"
Prionocheilus aff. languedocensis,Chinianocarpos sp.
Prionocheilus aff. languedocensis,"Cornuta n. gen. 1, n. sp."
Prionocheilus aff. languedocensis,"Cornuta n. gen. 2, n. sp."
Prionocheilus aff. languedocensis,Flabellicarpus rushtoni
Prionocheilus aff. languedocensis,Flabellicarpus?
Prionocheilus aff. languedocensis,Galliaecystis n. sp.
Prionocheilus aff. languedocensis,Galliaecystis ubaghsi
Prionocheilus aff. languedocensis,Hanusia n. sp.
Prionocheilus aff. languedocensis,Lagynocystis pyramidalis
Prionocheilus aff. languedocensis,Kirkocystidae?
Prionocheilus aff. languedocensis,Lyricocarpus courtessolei
Prionocheilus aff. languedocensis,Milonicystis sp.
Prionocheilus aff. languedocensis,Mitrocystitid indet. cf. Ovocarpus
Prionocheilus aff. languedocensis,Nanocarpus cf. dolambii
Prionocheilus aff. languedocensis,Phyllocystis blayaci
Prionocheilus aff. languedocensis,Phyllocystis sp.
Prionocheilus aff. languedocensis,Procothurnocystis n. sp.
Prionocheilus aff. languedocensis,Prokopicystis sp.
Prionocheilus aff. languedocensis,Thoralicystis zagoraensis
Prionocheilus aff. languedocensis,Thoralicystis n. sp.
Prionocheilus aff. languedocensis,Vizcainocarpus sp.
Prionocheilus aff. languedocensis,Cothurnocystid indetl.
Prionocheilus aff. languedocensis,Hanusiid indet.
Prionocheilus aff. languedocensis,Peltocystis cornuta
Prionocheilus aff. languedocensis,Scotiaevystis? sp.
Prionocheilus aff. languedocensis,Macrocystella sp.
Prionocheilus aff. languedocensis,Macrocystella bohemica
Prionocheilus aff. languedocensis,Macrocystella cf. mariae
Prionocheilus aff. languedocensis,Macrocystella tasseftensis
Prionocheilus aff. languedocensis,undet. Ophiuroidea
Prionocheilus aff. languedocensis,Didymograptus cf. arcuatus
Prionocheilus aff. languedocensis,Didymograptus deflexus
Prionocheilus aff. languedocensis,Didymograptus extensus
Prionocheilus aff. languedocensis,Didymograptus v-fractus
Prionocheilus aff. languedocensis,Didymograptus intendus
Prionocheilus aff. languedocensis,Didymograptus pennatulus
Prionocheilus aff. languedocensis,Didymograptus nanus
Prionocheilus aff. languedocensis,Didymograptus nitidus
Prionocheilus aff. languedocensis,Didymograptus patulus
Prionocheilus aff. languedocensis,Didymograptus sparsus
Prionocheilus aff. languedocensis,"""Didymograptus sp. 1"""
Prionocheilus aff. languedocensis,Didymograptus sp.
Prionocheilus aff. languedocensis,Didymograptid indet.
Prionocheilus aff. languedocensis,Koremagraptus sp.
Prionocheilus aff. languedocensis,Dictyonema sp.
Prionocheilus aff. languedocensis,Tuboid
Prionocheilus aff. languedocensis,?Cymatograptus protobalticus
Prionocheilus aff. languedocensis,Webbyites felix
Prionocheilus aff. languedocensis,Rhabdopleura-like epibiont
Prionocheilus aff. languedocensis,Hyolithes sp.
Prionocheilus sp.,Benthic detritus
Prionocheilus sp.,Ranorthis fasciata
Prionocheilus sp.,undet. Athyridida
Prionocheilus sp.,Acrothele sp.
Prionocheilus sp.,Plectorthis simplex
Prionocheilus sp.,Angusticardinia sp.
Prionocheilus sp.,Lingula salteri
Prionocheilus sp.,Orbithele vana
Prionocheilus sp.,Paurorthis tadristensis
Prionocheilus sp.,Tarfaya marocana
Prionocheilus sp.,Wosekella sp.
Prionocheilus sp.,Monobolina sp.
Prionocheilus sp.,Elliptoglossa sp.
Prionocheilus sp.,Celdobolus sp.
Prionocheilus sp.,Discinoidea?
Prionocheilus sp.,undet. Dalmanelloidea
Prionocheilus sp.,Bryozoan
Prionocheilus sp.,Ctenodonta escosurae
Prionocheilus sp.,Praenucula sp.
Prionocheilus sp.,Redonia michelae
Prionocheilus sp.,Coxiconchia guiraudi
Prionocheilus sp.,Alococoncha?
Prionocheilus sp.,Cardiolaria? sp.
Prionocheilus sp.,Cienagomya? sp.
Prionocheilus sp.,Ekaterodonta courtessolei
Prionocheilus sp.,Glyptarca sp.
Prionocheilus sp.,Sinuites sp.
Prionocheilus sp.,Lesueurilla prima
Prionocheilus sp.,undet. Platyceratoidea
Prionocheilus sp.,undet. Monoplacophora
Prionocheilus sp.,Carcassonnella courtessolei
Prionocheilus sp.,Carcassonnella vizcainoi
Prionocheilus sp.,Carcassonnella sp.
Prionocheilus sp.,Ribeiria sp.
Prionocheilus sp.,Wiwaxiid
Prionocheilus sp.,Helcionelloid
Prionocheilus sp.,Possible phyllodocid
Prionocheilus sp.,Priapulid
Prionocheilus sp.,Large taxon with spinose limbs
Prionocheilus sp.,Small taxon with spinose limbs
Prionocheilus sp.,Armoured lobopodian 1
Prionocheilus sp.,Armoured lobopodian 2
Prionocheilus sp.,Armoured lobopodian 3
Prionocheilus sp.,Diania-like lobopodian
Prionocheilus sp.,Furca sp. 1
Prionocheilus sp.,Furca sp. 2
Prionocheilus sp.,Furca sp. 3
Prionocheilus sp.,Enosiaspis hrungnir
Prionocheilus sp., 'Synziphosurine'/Synziphosurina?
Prionocheilus sp.,Chasmataspidid
Prionocheilus sp.,Possible pycnogonid
Prionocheilus sp.,Possible retifaciid
Prionocheilus sp.,Tariccoia tazagurtensis
Prionocheilus sp.,Cheloniellid
Prionocheilus sp.,Phyllocarid
Prionocheilus sp.,Ostracod
Prionocheilus sp.,Lepadomorph barnacle
Prionocheilus sp.,Apatokephalus cf. incisus
Prionocheilus sp.,undet. Dikelocephalidae
Prionocheilus sp.,undet. Illaenacea
Prionocheilus sp.,Orometopus sp.
Prionocheilus sp.,Cnemidopyge sp.
Prionocheilus sp.,Toletanaspis aff. borni
Prionocheilus sp.,Bathycheilus gallicus
Prionocheilus sp.,Colpocoryphe thorali
Prionocheilus sp.,Agerina quadrata
Prionocheilus sp.,Geragnostus aff. occitanus
Prionocheilus sp.,Geragnostus sp.
Prionocheilus sp.,Ampyx priscus
Prionocheilus sp.,Ampyx cf. priscus
Prionocheilus sp.,Parabathycheilus gallicus
Prionocheilus sp.,Proetidae?
Prionocheilus sp.,undet. Trinucleidae
Prionocheilus sp.,Nileus deynouxi
Prionocheilus sp.,Hospes sp.
Prionocheilus sp.,Ogygiocaris sp.
Prionocheilus sp.,cf. Niobella sp.
Prionocheilus sp.,Somasteroid indet. n. sp. 1
Prionocheilus sp.,Somasteroid indet. n. sp. 2
Prionocheilus sp.,Somasteroid indet. n. sp. 3
Prionocheilus sp.,Somasteroid indet.
Prionocheilus sp.,undet. Asteroidea
Prionocheilus sp.,Palaeosphaeronites sp.
Prionocheilus sp.,Palaeosphaeronites? prokopi
Prionocheilus sp.,Aristocystites cf. bohemicus (sinuous?)
Prionocheilus sp.,Aristocystites sp.
Prionocheilus sp.,Balantiocystis regnelli
Prionocheilus sp.,Balantiocystis sp.
Prionocheilus sp.,Rhopalocystis sp.
Prionocheilus sp.,Rhopalocystis dehirensis
Prionocheilus sp.,Rhopalocystis destombesi
Prionocheilus sp.,Rhopalocystis fraga
Prionocheilus sp.,Rhopalocystis grandis
Prionocheilus sp.,Rhopalocystis havliceki
Prionocheilus sp.,Rhopalocystis lehmani
Prionocheilus sp.,Rhopalocystis zagoraensis
Prionocheilus sp.,Rhopalocystis sp. A
Prionocheilus sp.,Rhopalocystis sp. B
Prionocheilus sp.,Rhopalocystis sp. C
Prionocheilus sp.,cf. Rhopalocystis
Prionocheilus sp.,Lingulocystis aff. deani
Prionocheilus sp.,Lingulocystis elongata
Prionocheilus sp.,cf. Pareocrinus
Prionocheilus sp.,Eocrinoidea indet. sp. 1
Prionocheilus sp.,Eocrinoidea indet. sp. 2
Prionocheilus sp.,Eocrinoidea indet.
Prionocheilus sp.,Ramseyocrinus sp.
Prionocheilus sp.,Crinoid 2
Prionocheilus sp.,Aethocrinus cf. moorei
Prionocheilus sp.,Iocrinus n. sp.
Prionocheilus sp.,Cystoidea?/undet. Cystoidea
Prionocheilus sp.,Argodiscus espilezorum
Prionocheilus sp.,Anedriophus moroccoensis
Prionocheilus sp.,Rhenopyrgid indet.
Prionocheilus sp.,Ampelocarpus sp.
Prionocheilus sp.,Amygdalotheca griffei
Prionocheilus sp.,Anatifopsis escandei
Prionocheilus sp.,Anatifopsis trapeziiformis
Prionocheilus sp.,Anatifopsis sp.
Prionocheilus sp.,"Anomalocystid n. gen., n. sp. "
Prionocheilus sp.,Aspidocarpus sp.
Prionocheilus sp.,Arauricystis? sp.
Prionocheilus sp.,Balanocystites primus
Prionocheilus sp.,Bohemiaecystis
Prionocheilus sp.,Chauvelicystis ubaghsi
Prionocheilus sp.,Chauvelicystis spinosa
Prionocheilus sp.,Chauvelicystis vizcainoi
Prionocheilus sp.,Chauvelicystis sp.
Prionocheilus sp.,"Chauvelicystid n. gen., n. sp. 1"
Prionocheilus sp.,"Chauvelicystid n. gen., n. sp. 2"
Prionocheilus sp.,Chinianocarpos sp.
Prionocheilus sp.,"Cornuta n. gen. 1, n. sp."
Prionocheilus sp.,"Cornuta n. gen. 2, n. sp."
Prionocheilus sp.,Flabellicarpus rushtoni
Prionocheilus sp.,Flabellicarpus?
Prionocheilus sp.,Galliaecystis n. sp.
Prionocheilus sp.,Galliaecystis ubaghsi
Prionocheilus sp.,Hanusia n. sp.
Prionocheilus sp.,Lagynocystis pyramidalis
Prionocheilus sp.,Kirkocystidae?
Prionocheilus sp.,Lyricocarpus courtessolei
Prionocheilus sp.,Milonicystis sp.
Prionocheilus sp.,Mitrocystitid indet. cf. Ovocarpus
Prionocheilus sp.,Nanocarpus cf. dolambii
Prionocheilus sp.,Phyllocystis blayaci
Prionocheilus sp.,Phyllocystis sp.
Prionocheilus sp.,Procothurnocystis n. sp.
Prionocheilus sp.,Prokopicystis sp.
Prionocheilus sp.,Thoralicystis zagoraensis
Prionocheilus sp.,Thoralicystis n. sp.
Prionocheilus sp.,Vizcainocarpus sp.
Prionocheilus sp.,Cothurnocystid indetl.
Prionocheilus sp.,Hanusiid indet.
Prionocheilus sp.,Peltocystis cornuta
Prionocheilus sp.,Scotiaevystis? sp.
Prionocheilus sp.,Macrocystella sp.
Prionocheilus sp.,Macrocystella bohemica
Prionocheilus sp.,Macrocystella cf. mariae
Prionocheilus sp.,Macrocystella tasseftensis
Prionocheilus sp.,undet. Ophiuroidea
Prionocheilus sp.,Didymograptus cf. arcuatus
Prionocheilus sp.,Didymograptus deflexus
Prionocheilus sp.,Didymograptus extensus
Prionocheilus sp.,Didymograptus v-fractus
Prionocheilus sp.,Didymograptus intendus
Prionocheilus sp.,Didymograptus pennatulus
Prionocheilus sp.,Didymograptus nanus
Prionocheilus sp.,Didymograptus nitidus
Prionocheilus sp.,Didymograptus patulus
Prionocheilus sp.,Didymograptus sparsus
Prionocheilus sp.,"""Didymograptus sp. 1"""
Prionocheilus sp.,Didymograptus sp.
Prionocheilus sp.,Didymograptid indet.
Prionocheilus sp.,Koremagraptus sp.
Prionocheilus sp.,Dictyonema sp.
Prionocheilus sp.,Tuboid
Prionocheilus sp.,?Cymatograptus protobalticus
Prionocheilus sp.,Webbyites felix
Prionocheilus sp.,Rhabdopleura-like epibiont
Prionocheilus sp.,Hyolithes sp.
Agerina quadrata,Benthic detritus
Agerina quadrata,Acrothele sp.
Agerina quadrata,Plectorthis simplex
Agerina quadrata,Angusticardinia sp.
Agerina quadrata,Lingula salteri
Agerina quadrata,Orbithele vana
Agerina quadrata,Paurorthis tadristensis
Agerina quadrata,Tarfaya marocana
Agerina quadrata,Monobolina sp.
Agerina quadrata,Elliptoglossa sp.
Agerina quadrata,Celdobolus sp.
Agerina quadrata,Bryozoan
Agerina quadrata,Redonia michelae
Agerina quadrata,Coxiconchia guiraudi
Agerina quadrata,Alococoncha?
Agerina quadrata,Cienagomya? sp.
Agerina quadrata,Ekaterodonta courtessolei
Agerina quadrata,Lesueurilla prima
Agerina quadrata,undet. Monoplacophora
Agerina quadrata,Carcassonnella courtessolei
Agerina quadrata,Carcassonnella vizcainoi
Agerina quadrata,Carcassonnella sp.
Agerina quadrata,Wiwaxiid
Agerina quadrata,Helcionelloid
Agerina quadrata,Priapulid
Agerina quadrata, 'Synziphosurine'/Synziphosurina?
Agerina quadrata,Possible pycnogonid
Agerina quadrata,Possible retifaciid
Agerina quadrata,Ostracod
Agerina quadrata,undet. Dikelocephalidae
Agerina quadrata,undet. Illaenacea
Agerina quadrata,Proetidae?
Agerina quadrata,Ascocystites? sp.
Agerina quadrata,Balantiocystis regnelli
Agerina quadrata,Balantiocystis sp.
Agerina quadrata,Rhopalocystis sp.
Agerina quadrata,Rhopalocystis dehirensis
Agerina quadrata,Rhopalocystis destombesi
Agerina quadrata,Rhopalocystis fraga
Agerina quadrata,Rhopalocystis grandis
Agerina quadrata,Rhopalocystis havliceki
Agerina quadrata,Rhopalocystis lehmani
Agerina quadrata,Rhopalocystis zagoraensis
Agerina quadrata,Rhopalocystis sp. A
Agerina quadrata,Rhopalocystis sp. B
Agerina quadrata,Rhopalocystis sp. C
Agerina quadrata,cf. Rhopalocystis
Agerina quadrata,Lingulocystis aff. deani
Agerina quadrata,Lingulocystis elongata
Agerina quadrata,cf. Pareocrinus
Agerina quadrata,Eocrinoidea indet. sp. 1
Agerina quadrata,Eocrinoidea indet. sp. 2
Agerina quadrata,Eocrinoidea indet.
Agerina quadrata,Ramseyocrinus sp.
Agerina quadrata,Crinoid 2
Agerina quadrata,Aethocrinus cf. moorei
Agerina quadrata,Iocrinus n. sp.
Agerina quadrata,Chauvelicystis ubaghsi
Agerina quadrata,Chauvelicystis spinosa
Agerina quadrata,Chauvelicystis vizcainoi
Agerina quadrata,Chauvelicystis sp.
Agerina quadrata,"Chauvelicystid n. gen., n. sp. 1"
Agerina quadrata,"Chauvelicystid n. gen., n. sp. 2"
Agerina quadrata,Kirkocystidae?
Agerina quadrata,Peltocystis cornuta
Agerina quadrata,Didymograptus cf. arcuatus
Agerina quadrata,Didymograptus deflexus
Agerina quadrata,Didymograptus extensus
Agerina quadrata,Didymograptus v-fractus
Agerina quadrata,Didymograptus intendus
Agerina quadrata,Didymograptus pennatulus
Agerina quadrata,Didymograptus nanus
Agerina quadrata,Didymograptus nitidus
Agerina quadrata,Didymograptus patulus
Agerina quadrata,Didymograptus sparsus
Agerina quadrata,"""Didymograptus sp. 1"""
Agerina quadrata,Didymograptus sp.
Agerina quadrata,Didymograptid indet.
Agerina quadrata,Koremagraptus sp.
Agerina quadrata,Dictyonema sp.
Agerina quadrata,Tuboid
Agerina quadrata,?Cymatograptus protobalticus
Agerina quadrata,Webbyites felix
Agerina quadrata,Rhabdopleura-like epibiont
Euloma sp.,suspended organic matter
Euloma sp.,Benthic detritus
Geragnostus aff. occitanus,bacterioplankton
Geragnostus aff. occitanus,Benthic detritus
Geragnostus aff. occitanus,Chaetocladid
Geragnostus aff. occitanus,Alga type 1
Geragnostus aff. occitanus,Alga type 2
Geragnostus aff. occitanus,Bryozoan
Geragnostus aff. occitanus,Didymograptus cf. arcuatus
Geragnostus aff. occitanus,Didymograptus deflexus
Geragnostus aff. occitanus,Didymograptus extensus
Geragnostus aff. occitanus,Didymograptus v-fractus
Geragnostus aff. occitanus,Didymograptus intendus
Geragnostus aff. occitanus,Didymograptus pennatulus
Geragnostus aff. occitanus,Didymograptus nanus
Geragnostus aff. occitanus,Didymograptus nitidus
Geragnostus aff. occitanus,Didymograptus patulus
Geragnostus aff. occitanus,Didymograptus sparsus
Geragnostus aff. occitanus,"""Didymograptus sp. 1"""
Geragnostus aff. occitanus,Didymograptus sp.
Geragnostus aff. occitanus,Didymograptid indet.
Geragnostus aff. occitanus,Koremagraptus sp.
Geragnostus aff. occitanus,Dictyonema sp.
Geragnostus aff. occitanus,Tuboid
Geragnostus aff. occitanus,?Cymatograptus protobalticus
Geragnostus aff. occitanus,Webbyites felix
Geragnostus aff. occitanus,Rhabdopleura-like epibiont
Geragnostus sp.,bacterioplankton
Geragnostus sp.,Benthic detritus
Geragnostus sp.,Chaetocladid
Geragnostus sp.,Alga type 1
Geragnostus sp.,Alga type 2
Geragnostus sp.,Bryozoan
Geragnostus sp.,Didymograptus cf. arcuatus
Geragnostus sp.,Didymograptus deflexus
Geragnostus sp.,Didymograptus extensus
Geragnostus sp.,Didymograptus v-fractus
Geragnostus sp.,Didymograptus intendus
Geragnostus sp.,Didymograptus pennatulus
Geragnostus sp.,Didymograptus nanus
Geragnostus sp.,Didymograptus nitidus
Geragnostus sp.,Didymograptus patulus
Geragnostus sp.,Didymograptus sparsus
Geragnostus sp.,"""Didymograptus sp. 1"""
Geragnostus sp.,Didymograptus sp.
Geragnostus sp.,Didymograptid indet.
Geragnostus sp.,Koremagraptus sp.
Geragnostus sp.,Dictyonema sp.
Geragnostus sp.,Tuboid
Geragnostus sp.,?Cymatograptus protobalticus
Geragnostus sp.,Webbyites felix
Geragnostus sp.,Rhabdopleura-like epibiont
Beltella sp.,Benthic detritus
Beltella sp.,Acrothele sp.
Beltella sp.,Plectorthis simplex
Beltella sp.,Angusticardinia sp.
Beltella sp.,Lingula salteri
Beltella sp.,Orbithele vana
Beltella sp.,Paurorthis tadristensis
Beltella sp.,Tarfaya marocana
Beltella sp.,Monobolina sp.
Beltella sp.,Elliptoglossa sp.
Beltella sp.,Celdobolus sp.
Beltella sp.,Discinoidea?
Beltella sp.,undet. Dalmanelloidea
Beltella sp.,Bryozoan
Beltella sp.,Redonia michelae
Beltella sp.,Coxiconchia guiraudi
Beltella sp.,Alococoncha?
Beltella sp.,Cienagomya? sp.
Beltella sp.,Ekaterodonta courtessolei
Beltella sp.,Lesueurilla prima
Beltella sp.,undet. Monoplacophora
Beltella sp.,Carcassonnella courtessolei
Beltella sp.,Carcassonnella vizcainoi
Beltella sp.,Carcassonnella sp.
Beltella sp.,Wiwaxiid
Beltella sp.,Helcionelloid
Beltella sp.,Priapulid
Beltella sp.,Enosiaspis hrungnir
Beltella sp., 'Synziphosurine'/Synziphosurina?
Beltella sp.,Possible pycnogonid
Beltella sp.,Possible retifaciid
Beltella sp.,Tariccoia tazagurtensis
Beltella sp.,Ostracod
Beltella sp.,undet. Dikelocephalidae
Beltella sp.,undet. Illaenacea
Beltella sp.,Parabathycheilus gallicus
Beltella sp.,Proetidae?
Beltella sp.,undet. Trinucleidae
Beltella sp.,Palaeosphaeronites sp.
Beltella sp.,Palaeosphaeronites? prokopi
Beltella sp.,Aristocystites cf. bohemicus (sinuous?)
Beltella sp.,Aristocystites sp.
Beltella sp.,Balantiocystis regnelli
Beltella sp.,Balantiocystis sp.
Beltella sp.,Rhopalocystis sp.
Beltella sp.,Rhopalocystis dehirensis
Beltella sp.,Rhopalocystis destombesi
Beltella sp.,Rhopalocystis fraga
Beltella sp.,Rhopalocystis grandis
Beltella sp.,Rhopalocystis havliceki
Beltella sp.,Rhopalocystis lehmani
Beltella sp.,Rhopalocystis zagoraensis
Beltella sp.,Rhopalocystis sp. A
Beltella sp.,Rhopalocystis sp. B
Beltella sp.,Rhopalocystis sp. C
Beltella sp.,cf. Rhopalocystis
Beltella sp.,Lingulocystis aff. deani
Beltella sp.,Lingulocystis elongata
Beltella sp.,cf. Pareocrinus
Beltella sp.,Eocrinoidea indet. sp. 1
Beltella sp.,Eocrinoidea indet. sp. 2
Beltella sp.,Eocrinoidea indet.
Beltella sp.,Ramseyocrinus sp.
Beltella sp.,Crinoid 2
Beltella sp.,Aethocrinus cf. moorei
Beltella sp.,Iocrinus n. sp.
Beltella sp.,Argodiscus espilezorum
Beltella sp.,Anedriophus moroccoensis
Beltella sp.,Rhenopyrgid indet.
Beltella sp.,Ampelocarpus sp.
Beltella sp.,Amygdalotheca griffei
Beltella sp.,Anatifopsis escandei
Beltella sp.,Anatifopsis trapeziiformis
Beltella sp.,Anatifopsis sp.
Beltella sp.,"Anomalocystid n. gen., n. sp. "
Beltella sp.,Aspidocarpus sp.
Beltella sp.,Balanocystites primus
Beltella sp.,Bohemiaecystis
Beltella sp.,Chauvelicystis ubaghsi
Beltella sp.,Chauvelicystis spinosa
Beltella sp.,Chauvelicystis vizcainoi
Beltella sp.,Chauvelicystis sp.
Beltella sp.,"Chauvelicystid n. gen., n. sp. 1"
Beltella sp.,"Chauvelicystid n. gen., n. sp. 2"
Beltella sp.,Chinianocarpos sp.
Beltella sp.,"Cornuta n. gen. 1, n. sp."
Beltella sp.,"Cornuta n. gen. 2, n. sp."
Beltella sp.,Flabellicarpus rushtoni
Beltella sp.,Galliaecystis n. sp.
Beltella sp.,Galliaecystis ubaghsi
Beltella sp.,Lagynocystis pyramidalis
Beltella sp.,Kirkocystidae?
Beltella sp.,Lyricocarpus courtessolei
Beltella sp.,Milonicystis sp.
Beltella sp.,Mitrocystitid indet. cf. Ovocarpus
Beltella sp.,Nanocarpus cf. dolambii
Beltella sp.,Phyllocystis blayaci
Beltella sp.,Procothurnocystis n. sp.
Beltella sp.,Prokopicystis sp.
Beltella sp.,Thoralicystis zagoraensis
Beltella sp.,Vizcainocarpus sp.
Beltella sp.,Peltocystis cornuta
Beltella sp.,Macrocystella sp.
Beltella sp.,Macrocystella bohemica
Beltella sp.,Macrocystella cf. mariae
Beltella sp.,Macrocystella tasseftensis
Beltella sp.,undet. Ophiuroidea
Beltella sp.,Didymograptus cf. arcuatus
Beltella sp.,Didymograptus deflexus
Beltella sp.,Didymograptus extensus
Beltella sp.,Didymograptus v-fractus
Beltella sp.,Didymograptus intendus
Beltella sp.,Didymograptus pennatulus
Beltella sp.,Didymograptus nanus
Beltella sp.,Didymograptus nitidus
Beltella sp.,Didymograptus patulus
Beltella sp.,Didymograptus sparsus
Beltella sp.,"""Didymograptus sp. 1"""
Beltella sp.,Didymograptus sp.
Beltella sp.,Didymograptid indet.
Beltella sp.,Koremagraptus sp.
Beltella sp.,Dictyonema sp.
Beltella sp.,Tuboid
Beltella sp.,?Cymatograptus protobalticus
Beltella sp.,Webbyites felix
Beltella sp.,Rhabdopleura-like epibiont
Ampyx priscus,suspended organic matter
Ampyx priscus,Benthic detritus
Ampyx cf. priscus,suspended organic matter
Ampyx cf. priscus,Benthic detritus
Ceraurinella? sp.,Benthic detritus
Ceraurinella? sp.,Acrothele sp.
Ceraurinella? sp.,Plectorthis simplex
Ceraurinella? sp.,Angusticardinia sp.
Ceraurinella? sp.,Lingula salteri
Ceraurinella? sp.,Orbithele vana
Ceraurinella? sp.,Paurorthis tadristensis
Ceraurinella? sp.,Tarfaya marocana
Ceraurinella? sp.,Monobolina sp.
Ceraurinella? sp.,Elliptoglossa sp.
Ceraurinella? sp.,Celdobolus sp.
Ceraurinella? sp.,Discinoidea?
Ceraurinella? sp.,undet. Dalmanelloidea
Ceraurinella? sp.,Bryozoan
Ceraurinella? sp.,Redonia michelae
Ceraurinella? sp.,Coxiconchia guiraudi
Ceraurinella? sp.,Alococoncha?
Ceraurinella? sp.,Cienagomya? sp.
Ceraurinella? sp.,Ekaterodonta courtessolei
Ceraurinella? sp.,Lesueurilla prima
Ceraurinella? sp.,undet. Monoplacophora
Ceraurinella? sp.,Carcassonnella courtessolei
Ceraurinella? sp.,Carcassonnella vizcainoi
Ceraurinella? sp.,Carcassonnella sp.
Ceraurinella? sp.,Wiwaxiid
Ceraurinella? sp.,Helcionelloid
Ceraurinella? sp.,Priapulid
Ceraurinella? sp.,Enosiaspis hrungnir
Ceraurinella? sp., 'Synziphosurine'/Synziphosurina?
Ceraurinella? sp.,Possible pycnogonid
Ceraurinella? sp.,Possible retifaciid
Ceraurinella? sp.,Tariccoia tazagurtensis
Ceraurinella? sp.,Ostracod
Ceraurinella? sp.,undet. Dikelocephalidae
Ceraurinella? sp.,undet. Illaenacea
Ceraurinella? sp.,Parabathycheilus gallicus
Ceraurinella? sp.,Proetidae?
Ceraurinella? sp.,undet. Trinucleidae
Ceraurinella? sp.,Palaeosphaeronites sp.
Ceraurinella? sp.,Palaeosphaeronites? prokopi
Ceraurinella? sp.,Aristocystites cf. bohemicus (sinuous?)
Ceraurinella? sp.,Aristocystites sp.
Ceraurinella? sp.,Balantiocystis regnelli
Ceraurinella? sp.,Balantiocystis sp.
Ceraurinella? sp.,Rhopalocystis sp.
Ceraurinella? sp.,Rhopalocystis dehirensis
Ceraurinella? sp.,Rhopalocystis destombesi
Ceraurinella? sp.,Rhopalocystis fraga
Ceraurinella? sp.,Rhopalocystis grandis
Ceraurinella? sp.,Rhopalocystis havliceki
Ceraurinella? sp.,Rhopalocystis lehmani
Ceraurinella? sp.,Rhopalocystis zagoraensis
Ceraurinella? sp.,Rhopalocystis sp. A
Ceraurinella? sp.,Rhopalocystis sp. B
Ceraurinella? sp.,Rhopalocystis sp. C
Ceraurinella? sp.,cf. Rhopalocystis
Ceraurinella? sp.,Lingulocystis aff. deani
Ceraurinella? sp.,Lingulocystis elongata
Ceraurinella? sp.,cf. Pareocrinus
Ceraurinella? sp.,Eocrinoidea indet. sp. 1
Ceraurinella? sp.,Eocrinoidea indet. sp. 2
Ceraurinella? sp.,Eocrinoidea indet.
Ceraurinella? sp.,Ramseyocrinus sp.
Ceraurinella? sp.,Crinoid 2
Ceraurinella? sp.,Aethocrinus cf. moorei
Ceraurinella? sp.,Iocrinus n. sp.
Ceraurinella? sp.,Argodiscus espilezorum
Ceraurinella? sp.,Anedriophus moroccoensis
Ceraurinella? sp.,Rhenopyrgid indet.
Ceraurinella? sp.,Ampelocarpus sp.
Ceraurinella? sp.,Amygdalotheca griffei
Ceraurinella? sp.,Anatifopsis escandei
Ceraurinella? sp.,Anatifopsis trapeziiformis
Ceraurinella? sp.,Anatifopsis sp.
Ceraurinella? sp.,"Anomalocystid n. gen., n. sp. "
Ceraurinella? sp.,Aspidocarpus sp.
Ceraurinella? sp.,Balanocystites primus
Ceraurinella? sp.,Bohemiaecystis
Ceraurinella? sp.,Chauvelicystis ubaghsi
Ceraurinella? sp.,Chauvelicystis spinosa
Ceraurinella? sp.,Chauvelicystis vizcainoi
Ceraurinella? sp.,Chauvelicystis sp.
Ceraurinella? sp.,"Chauvelicystid n. gen., n. sp. 1"
Ceraurinella? sp.,"Chauvelicystid n. gen., n. sp. 2"
Ceraurinella? sp.,Chinianocarpos sp.
Ceraurinella? sp.,"Cornuta n. gen. 1, n. sp."
Ceraurinella? sp.,"Cornuta n. gen. 2, n. sp."
Ceraurinella? sp.,Flabellicarpus rushtoni
Ceraurinella? sp.,Galliaecystis n. sp.
Ceraurinella? sp.,Galliaecystis ubaghsi
Ceraurinella? sp.,Lagynocystis pyramidalis
Ceraurinella? sp.,Kirkocystidae?
Ceraurinella? sp.,Lyricocarpus courtessolei
Ceraurinella? sp.,Milonicystis sp.
Ceraurinella? sp.,Mitrocystitid indet. cf. Ovocarpus
Ceraurinella? sp.,Nanocarpus cf. dolambii
Ceraurinella? sp.,Phyllocystis blayaci
Ceraurinella? sp.,Procothurnocystis n. sp.
Ceraurinella? sp.,Prokopicystis sp.
Ceraurinella? sp.,Thoralicystis zagoraensis
Ceraurinella? sp.,Vizcainocarpus sp.
Ceraurinella? sp.,Peltocystis cornuta
Ceraurinella? sp.,Macrocystella sp.
Ceraurinella? sp.,Macrocystella bohemica
Ceraurinella? sp.,Macrocystella cf. mariae
Ceraurinella? sp.,Macrocystella tasseftensis
Ceraurinella? sp.,undet. Ophiuroidea
Ceraurinella? sp.,Didymograptus cf. arcuatus
Ceraurinella? sp.,Didymograptus deflexus
Ceraurinella? sp.,Didymograptus extensus
Ceraurinella? sp.,Didymograptus v-fractus
Ceraurinella? sp.,Didymograptus intendus
Ceraurinella? sp.,Didymograptus pennatulus
Ceraurinella? sp.,Didymograptus nanus
Ceraurinella? sp.,Didymograptus nitidus
Ceraurinella? sp.,Didymograptus patulus
Ceraurinella? sp.,Didymograptus sparsus
Ceraurinella? sp.,"""Didymograptus sp. 1"""
Ceraurinella? sp.,Didymograptus sp.
Ceraurinella? sp.,Didymograptid indet.
Ceraurinella? sp.,Koremagraptus sp.
Ceraurinella? sp.,Dictyonema sp.
Ceraurinella? sp.,Tuboid
Ceraurinella? sp.,?Cymatograptus protobalticus
Ceraurinella? sp.,Webbyites felix
Ceraurinella? sp.,Rhabdopleura-like epibiont
Megalaspidella sp.,Benthic detritus
Megalaspidella sp.,Ranorthis fasciata
Megalaspidella sp.,Acrothele sp.
Megalaspidella sp.,Plectorthis simplex
Megalaspidella sp.,Angusticardinia sp.
Megalaspidella sp.,Lingula salteri
Megalaspidella sp.,Orbithele vana
Megalaspidella sp.,Paurorthis tadristensis
Megalaspidella sp.,Tarfaya marocana
Megalaspidella sp.,Wosekella sp.
Megalaspidella sp.,Monobolina sp.
Megalaspidella sp.,Elliptoglossa sp.
Megalaspidella sp.,Celdobolus sp.
Megalaspidella sp.,Discinoidea?
Megalaspidella sp.,undet. Dalmanelloidea
Megalaspidella sp.,Bryozoan
Megalaspidella sp.,Ctenodonta escosurae
Megalaspidella sp.,Redonia michelae
Megalaspidella sp.,Coxiconchia guiraudi
Megalaspidella sp.,Alococoncha?
Megalaspidella sp.,Cardiolaria? sp.
Megalaspidella sp.,Cienagomya? sp.
Megalaspidella sp.,Ekaterodonta courtessolei
Megalaspidella sp.,Glyptarca sp.
Megalaspidella sp.,Lesueurilla prima
Megalaspidella sp.,undet. Monoplacophora
Megalaspidella sp.,Carcassonnella courtessolei
Megalaspidella sp.,Carcassonnella vizcainoi
Megalaspidella sp.,Carcassonnella sp.
Megalaspidella sp.,Wiwaxiid
Megalaspidella sp.,Helcionelloid
Megalaspidella sp.,Priapulid
Megalaspidella sp.,Large taxon with spinose limbs
Megalaspidella sp.,Small taxon with spinose limbs
Megalaspidella sp.,Armoured lobopodian 1
Megalaspidella sp.,Armoured lobopodian 2
Megalaspidella sp.,Armoured lobopodian 3
Megalaspidella sp.,Diania-like lobopodian
Megalaspidella sp.,Enosiaspis hrungnir
Megalaspidella sp., 'Synziphosurine'/Synziphosurina?
Megalaspidella sp.,Possible pycnogonid
Megalaspidella sp.,Possible retifaciid
Megalaspidella sp.,Tariccoia tazagurtensis
Megalaspidella sp.,Ostracod
Megalaspidella sp.,undet. Dikelocephalidae
Megalaspidella sp.,undet. Illaenacea
Megalaspidella sp.,Orometopus sp.
Megalaspidella sp.,Agerina quadrata
Megalaspidella sp.,Geragnostus aff. occitanus
Megalaspidella sp.,Geragnostus sp.
Megalaspidella sp.,Ampyx priscus
Megalaspidella sp.,Ampyx cf. priscus
Megalaspidella sp.,Parabathycheilus gallicus
Megalaspidella sp.,Proetidae?
Megalaspidella sp.,undet. Trinucleidae
Megalaspidella sp.,Nileus deynouxi
Megalaspidella sp.,Hospes sp.
Megalaspidella sp.,Palaeosphaeronites sp.
Megalaspidella sp.,Palaeosphaeronites? prokopi
Megalaspidella sp.,Aristocystites cf. bohemicus (sinuous?)
Megalaspidella sp.,Aristocystites sp.
Megalaspidella sp.,Balantiocystis regnelli
Megalaspidella sp.,Balantiocystis sp.
Megalaspidella sp.,Rhopalocystis sp.
Megalaspidella sp.,Rhopalocystis dehirensis
Megalaspidella sp.,Rhopalocystis destombesi
Megalaspidella sp.,Rhopalocystis fraga
Megalaspidella sp.,Rhopalocystis grandis
Megalaspidella sp.,Rhopalocystis havliceki
Megalaspidella sp.,Rhopalocystis lehmani
Megalaspidella sp.,Rhopalocystis zagoraensis
Megalaspidella sp.,Rhopalocystis sp. A
Megalaspidella sp.,Rhopalocystis sp. B
Megalaspidella sp.,Rhopalocystis sp. C
Megalaspidella sp.,cf. Rhopalocystis
Megalaspidella sp.,Lingulocystis aff. deani
Megalaspidella sp.,Lingulocystis elongata
Megalaspidella sp.,cf. Pareocrinus
Megalaspidella sp.,Eocrinoidea indet. sp. 1
Megalaspidella sp.,Eocrinoidea indet. sp. 2
Megalaspidella sp.,Eocrinoidea indet.
Megalaspidella sp.,Ramseyocrinus sp.
Megalaspidella sp.,Crinoid 2
Megalaspidella sp.,Aethocrinus cf. moorei
Megalaspidella sp.,Iocrinus n. sp.
Megalaspidella sp.,Cystoidea?/undet. Cystoidea
Megalaspidella sp.,Argodiscus espilezorum
Megalaspidella sp.,Anedriophus moroccoensis
Megalaspidella sp.,Rhenopyrgid indet.
Megalaspidella sp.,Ampelocarpus sp.
Megalaspidella sp.,Amygdalotheca griffei
Megalaspidella sp.,Anatifopsis escandei
Megalaspidella sp.,Anatifopsis trapeziiformis
Megalaspidella sp.,Anatifopsis sp.
Megalaspidella sp.,"Anomalocystid n. gen., n. sp. "
Megalaspidella sp.,Aspidocarpus sp.
Megalaspidella sp.,Arauricystis? sp.
Megalaspidella sp.,Balanocystites primus
Megalaspidella sp.,Bohemiaecystis
Megalaspidella sp.,Chauvelicystis ubaghsi
Megalaspidella sp.,Chauvelicystis spinosa
Megalaspidella sp.,Chauvelicystis vizcainoi
Megalaspidella sp.,Chauvelicystis sp.
Megalaspidella sp.,"Chauvelicystid n. gen., n. sp. 1"
Megalaspidella sp.,"Chauvelicystid n. gen., n. sp. 2"
Megalaspidella sp.,Chinianocarpos sp.
Megalaspidella sp.,"Cornuta n. gen. 1, n. sp."
Megalaspidella sp.,"Cornuta n. gen. 2, n. sp."
Megalaspidella sp.,Flabellicarpus rushtoni
Megalaspidella sp.,Galliaecystis n. sp.
Megalaspidella sp.,Galliaecystis ubaghsi
Megalaspidella sp.,Lagynocystis pyramidalis
Megalaspidella sp.,Kirkocystidae?
Megalaspidella sp.,Lyricocarpus courtessolei
Megalaspidella sp.,Milonicystis sp.
Megalaspidella sp.,Mitrocystitid indet. cf. Ovocarpus
Megalaspidella sp.,Nanocarpus cf. dolambii
Megalaspidella sp.,Phyllocystis blayaci
Megalaspidella sp.,Phyllocystis sp.
Megalaspidella sp.,Procothurnocystis n. sp.
Megalaspidella sp.,Prokopicystis sp.
Megalaspidella sp.,Thoralicystis zagoraensis
Megalaspidella sp.,Vizcainocarpus sp.
Megalaspidella sp.,Cothurnocystid indetl.
Megalaspidella sp.,Peltocystis cornuta
Megalaspidella sp.,Scotiaevystis? sp.
Megalaspidella sp.,Macrocystella sp.
Megalaspidella sp.,Macrocystella bohemica
Megalaspidella sp.,Macrocystella cf. mariae
Megalaspidella sp.,Macrocystella tasseftensis
Megalaspidella sp.,undet. Ophiuroidea
Megalaspidella sp.,Didymograptus cf. arcuatus
Megalaspidella sp.,Didymograptus deflexus
Megalaspidella sp.,Didymograptus extensus
Megalaspidella sp.,Didymograptus v-fractus
Megalaspidella sp.,Didymograptus intendus
Megalaspidella sp.,Didymograptus pennatulus
Megalaspidella sp.,Didymograptus nanus
Megalaspidella sp.,Didymograptus nitidus
Megalaspidella sp.,Didymograptus patulus
Megalaspidella sp.,Didymograptus sparsus
Megalaspidella sp.,"""Didymograptus sp. 1"""
Megalaspidella sp.,Didymograptus sp.
Megalaspidella sp.,Didymograptid indet.
Megalaspidella sp.,Koremagraptus sp.
Megalaspidella sp.,Dictyonema sp.
Megalaspidella sp.,Tuboid
Megalaspidella sp.,?Cymatograptus protobalticus
Megalaspidella sp.,Webbyites felix
Megalaspidella sp.,Rhabdopleura-like epibiont
Megalaspidella sp.,Hyolithes sp.
Megistaspis (Ekeraspis) cf. filacovi,Benthic detritus
Megistaspis (Ekeraspis) sp. indet.,Benthic detritus
Megistaspis (Ekeraspis) hammondi,Benthic detritus
Megistaspis (Ekeraspis) hammondi forteyi,Benthic detritus
Neseuretus cf. attenuatus,Benthic detritus
Neseuretus cf. attenuatus,Ranorthis fasciata
Neseuretus cf. attenuatus,undet. Athyridida
Neseuretus cf. attenuatus,Acrothele sp.
Neseuretus cf. attenuatus,Plectorthis simplex
Neseuretus cf. attenuatus,Angusticardinia sp.
Neseuretus cf. attenuatus,Lingula salteri
Neseuretus cf. attenuatus,Orbithele vana
Neseuretus cf. attenuatus,Paurorthis tadristensis
Neseuretus cf. attenuatus,Tarfaya marocana
Neseuretus cf. attenuatus,Wosekella sp.
Neseuretus cf. attenuatus,Monobolina sp.
Neseuretus cf. attenuatus,Elliptoglossa sp.
Neseuretus cf. attenuatus,Celdobolus sp.
Neseuretus cf. attenuatus,Discinoidea?
Neseuretus cf. attenuatus,undet. Dalmanelloidea
Neseuretus cf. attenuatus,Bryozoan
Neseuretus cf. attenuatus,Ctenodonta escosurae
Neseuretus cf. attenuatus,Praenucula sp.
Neseuretus cf. attenuatus,Redonia michelae
Neseuretus cf. attenuatus,Coxiconchia guiraudi
Neseuretus cf. attenuatus,Alococoncha?
Neseuretus cf. attenuatus,Cardiolaria? sp.
Neseuretus cf. attenuatus,Cienagomya? sp.
Neseuretus cf. attenuatus,Ekaterodonta courtessolei
Neseuretus cf. attenuatus,Glyptarca sp.
Neseuretus cf. attenuatus,Sinuites sp.
Neseuretus cf. attenuatus,Lesueurilla prima
Neseuretus cf. attenuatus,undet. Platyceratoidea
Neseuretus cf. attenuatus,undet. Monoplacophora
Neseuretus cf. attenuatus,Carcassonnella courtessolei
Neseuretus cf. attenuatus,Carcassonnella vizcainoi
Neseuretus cf. attenuatus,Carcassonnella sp.
Neseuretus cf. attenuatus,Ribeiria sp.
Neseuretus cf. attenuatus,Tolmachovia?
Neseuretus cf. attenuatus,Wiwaxiid
Neseuretus cf. attenuatus,Halkieriid
Neseuretus cf. attenuatus,Helcionelloid
Neseuretus cf. attenuatus,Calvapilosa kroegeri
Neseuretus cf. attenuatus,Possible phyllodocid
Neseuretus cf. attenuatus,Palaeoscolex cf. tenensis
Neseuretus cf. attenuatus,Priapulid
Neseuretus cf. attenuatus,Large taxon with spinose limbs
Neseuretus cf. attenuatus,Small taxon with spinose limbs
Neseuretus cf. attenuatus,Armoured lobopodian 1
Neseuretus cf. attenuatus,Armoured lobopodian 2
Neseuretus cf. attenuatus,Armoured lobopodian 3
Neseuretus cf. attenuatus,Diania-like lobopodian
Neseuretus cf. attenuatus,Furca sp. 1
Neseuretus cf. attenuatus,Furca sp. 2
Neseuretus cf. attenuatus,Furca sp. 3
Neseuretus cf. attenuatus,Enosiaspis hrungnir
Neseuretus cf. attenuatus,Possible waptiid
Neseuretus cf. attenuatus, 'Synziphosurine'/Synziphosurina?
Neseuretus cf. attenuatus,Chasmataspidid
Neseuretus cf. attenuatus,Possible pycnogonid
Neseuretus cf. attenuatus,Possible retifaciid
Neseuretus cf. attenuatus,Tariccoia tazagurtensis
Neseuretus cf. attenuatus,Chlupacaris? sp.
Neseuretus cf. attenuatus,Cheloniellid
Neseuretus cf. attenuatus,Phyllocarid
Neseuretus cf. attenuatus,Ostracod
Neseuretus cf. attenuatus,Lepadomorph barnacle
Neseuretus cf. attenuatus,Eoduslia
Neseuretus cf. attenuatus,Apatokephalus cf. incisus
Neseuretus cf. attenuatus,undet. Dikelocephalidae
Neseuretus cf. attenuatus,undet. Illaenacea
Neseuretus cf. attenuatus,Orometopus sp.
Neseuretus cf. attenuatus,Cnemidopyge sp.
Neseuretus cf. attenuatus,Selenopeltis sp. 1
Neseuretus cf. attenuatus,Selenopeltis sp. 2
Neseuretus cf. attenuatus,Foulonia peregrina
Neseuretus cf. attenuatus,Foulonia sp.
Neseuretus cf. attenuatus,Toletanaspis aff. borni
Neseuretus cf. attenuatus,undet. Dalmanitacea
Neseuretus cf. attenuatus,Bathycheilus gallicus
Neseuretus cf. attenuatus,Bavarilla aff. zemmourensis
Neseuretus cf. attenuatus,Bavarilla zemmourensis
Neseuretus cf. attenuatus,Colpocoryphe thorali
Neseuretus cf. attenuatus,Colpocoryphe pradesensis
Neseuretus cf. attenuatus,Pharostoma sp.
Neseuretus cf. attenuatus,Pharostomina sp. 
Neseuretus cf. attenuatus,Agerina quadrata
Neseuretus cf. attenuatus,Geragnostus aff. occitanus
Neseuretus cf. attenuatus,Geragnostus sp.
Neseuretus cf. attenuatus,Beltella sp.
Neseuretus cf. attenuatus,Ampyx priscus
Neseuretus cf. attenuatus,Ampyx cf. priscus
Neseuretus cf. attenuatus,Parabathycheilus gallicus
Neseuretus cf. attenuatus,Proetidae?
Neseuretus cf. attenuatus,undet. Trinucleidae
Neseuretus cf. attenuatus,Eoharpes sp.
Neseuretus cf. attenuatus,Nileus deynouxi
Neseuretus cf. attenuatus,Hospes sp.
Neseuretus cf. attenuatus,Ogygiocaris sp.
Neseuretus cf. attenuatus,cf. Niobella sp.
Neseuretus cf. attenuatus,Somasteroid indet. n. sp. 1
Neseuretus cf. attenuatus,Somasteroid indet. n. sp. 2
Neseuretus cf. attenuatus,Somasteroid indet. n. sp. 3
Neseuretus cf. attenuatus,Somasteroid indet.
Neseuretus cf. attenuatus,undet. Asteroidea
Neseuretus cf. attenuatus,Palaeosphaeronites sp.
Neseuretus cf. attenuatus,Palaeosphaeronites? prokopi
Neseuretus cf. attenuatus,Aristocystites cf. bohemicus (sinuous?)
Neseuretus cf. attenuatus,Aristocystites sp.
Neseuretus cf. attenuatus,Balantiocystis regnelli
Neseuretus cf. attenuatus,Balantiocystis sp.
Neseuretus cf. attenuatus,Rhopalocystis sp.
Neseuretus cf. attenuatus,Rhopalocystis dehirensis
Neseuretus cf. attenuatus,Rhopalocystis destombesi
Neseuretus cf. attenuatus,Rhopalocystis fraga
Neseuretus cf. attenuatus,Rhopalocystis grandis
Neseuretus cf. attenuatus,Rhopalocystis havliceki
Neseuretus cf. attenuatus,Rhopalocystis lehmani
Neseuretus cf. attenuatus,Rhopalocystis zagoraensis
Neseuretus cf. attenuatus,Rhopalocystis sp. A
Neseuretus cf. attenuatus,Rhopalocystis sp. B
Neseuretus cf. attenuatus,Rhopalocystis sp. C
Neseuretus cf. attenuatus,cf. Rhopalocystis
Neseuretus cf. attenuatus,Lingulocystis aff. deani
Neseuretus cf. attenuatus,Lingulocystis elongata
Neseuretus cf. attenuatus,cf. Pareocrinus
Neseuretus cf. attenuatus,Eocrinoidea indet. sp. 1
Neseuretus cf. attenuatus,Eocrinoidea indet. sp. 2
Neseuretus cf. attenuatus,Eocrinoidea indet.
Neseuretus cf. attenuatus,Ramseyocrinus sp.
Neseuretus cf. attenuatus,Crinoid 2
Neseuretus cf. attenuatus,Aethocrinus cf. moorei
Neseuretus cf. attenuatus,Iocrinus n. sp.
Neseuretus cf. attenuatus,Cystoidea?/undet. Cystoidea
Neseuretus cf. attenuatus,Argodiscus espilezorum
Neseuretus cf. attenuatus,Anedriophus moroccoensis
Neseuretus cf. attenuatus,Rhenopyrgid indet.
Neseuretus cf. attenuatus,Ampelocarpus sp.
Neseuretus cf. attenuatus,Amygdalotheca griffei
Neseuretus cf. attenuatus,Anatifopsis escandei
Neseuretus cf. attenuatus,Anatifopsis trapeziiformis
Neseuretus cf. attenuatus,Anatifopsis sp.
Neseuretus cf. attenuatus,"Anomalocystid n. gen., n. sp. "
Neseuretus cf. attenuatus,Aspidocarpus sp.
Neseuretus cf. attenuatus,Arauricystis? sp.
Neseuretus cf. attenuatus,Balanocystites primus
Neseuretus cf. attenuatus,Bohemiaecystis
Neseuretus cf. attenuatus,Chauvelicystis ubaghsi
Neseuretus cf. attenuatus,Chauvelicystis spinosa
Neseuretus cf. attenuatus,Chauvelicystis vizcainoi
Neseuretus cf. attenuatus,Chauvelicystis sp.
Neseuretus cf. attenuatus,"Chauvelicystid n. gen., n. sp. 1"
Neseuretus cf. attenuatus,"Chauvelicystid n. gen., n. sp. 2"
Neseuretus cf. attenuatus,Chinianocarpos sp.
Neseuretus cf. attenuatus,"Cornuta n. gen. 1, n. sp."
Neseuretus cf. attenuatus,"Cornuta n. gen. 2, n. sp."
Neseuretus cf. attenuatus,Flabellicarpus rushtoni
Neseuretus cf. attenuatus,Flabellicarpus?
Neseuretus cf. attenuatus,Galliaecystis n. sp.
Neseuretus cf. attenuatus,Galliaecystis ubaghsi
Neseuretus cf. attenuatus,Hanusia n. sp.
Neseuretus cf. attenuatus,Lagynocystis pyramidalis
Neseuretus cf. attenuatus,Kirkocystidae?
Neseuretus cf. attenuatus,Lyricocarpus courtessolei
Neseuretus cf. attenuatus,Milonicystis sp.
Neseuretus cf. attenuatus,Mitrocystitid indet. cf. Ovocarpus
Neseuretus cf. attenuatus,Nanocarpus cf. dolambii
Neseuretus cf. attenuatus,Phyllocystis blayaci
Neseuretus cf. attenuatus,Phyllocystis sp.
Neseuretus cf. attenuatus,Procothurnocystis n. sp.
Neseuretus cf. attenuatus,Prokopicystis sp.
Neseuretus cf. attenuatus,Thoralicystis zagoraensis
Neseuretus cf. attenuatus,Thoralicystis n. sp.
Neseuretus cf. attenuatus,Vizcainocarpus sp.
Neseuretus cf. attenuatus,Cothurnocystid indetl.
Neseuretus cf. attenuatus,Hanusiid indet.
Neseuretus cf. attenuatus,Peltocystis cornuta
Neseuretus cf. attenuatus,Scotiaevystis? sp.
Neseuretus cf. attenuatus,Macrocystella sp.
Neseuretus cf. attenuatus,Macrocystella bohemica
Neseuretus cf. attenuatus,Macrocystella cf. mariae
Neseuretus cf. attenuatus,Macrocystella tasseftensis
Neseuretus cf. attenuatus,undet. Ophiuroidea
Neseuretus cf. attenuatus,Didymograptus cf. arcuatus
Neseuretus cf. attenuatus,Didymograptus deflexus
Neseuretus cf. attenuatus,Didymograptus extensus
Neseuretus cf. attenuatus,Didymograptus v-fractus
Neseuretus cf. attenuatus,Didymograptus intendus
Neseuretus cf. attenuatus,Didymograptus pennatulus
Neseuretus cf. attenuatus,Didymograptus nanus
Neseuretus cf. attenuatus,Didymograptus nitidus
Neseuretus cf. attenuatus,Didymograptus patulus
Neseuretus cf. attenuatus,Didymograptus sparsus
Neseuretus cf. attenuatus,"""Didymograptus sp. 1"""
Neseuretus cf. attenuatus,Didymograptus sp.
Neseuretus cf. attenuatus,Didymograptid indet.
Neseuretus cf. attenuatus,Koremagraptus sp.
Neseuretus cf. attenuatus,Dictyonema sp.
Neseuretus cf. attenuatus,Tuboid
Neseuretus cf. attenuatus,?Cymatograptus protobalticus
Neseuretus cf. attenuatus,Webbyites felix
Neseuretus cf. attenuatus,Rhabdopleura-like epibiont
Neseuretus cf. attenuatus,Hyolithes sp.
Neseuretus cf. attenuatus,Pauxillites thaddei
Neseuretus aff. attenuatus,Benthic detritus
Neseuretus aff. attenuatus,Ranorthis fasciata
Neseuretus aff. attenuatus,undet. Athyridida
Neseuretus aff. attenuatus,Acrothele sp.
Neseuretus aff. attenuatus,Plectorthis simplex
Neseuretus aff. attenuatus,Angusticardinia sp.
Neseuretus aff. attenuatus,Lingula salteri
Neseuretus aff. attenuatus,Orbithele vana
Neseuretus aff. attenuatus,Paurorthis tadristensis
Neseuretus aff. attenuatus,Tarfaya marocana
Neseuretus aff. attenuatus,Wosekella sp.
Neseuretus aff. attenuatus,Monobolina sp.
Neseuretus aff. attenuatus,Elliptoglossa sp.
Neseuretus aff. attenuatus,Celdobolus sp.
Neseuretus aff. attenuatus,Discinoidea?
Neseuretus aff. attenuatus,undet. Dalmanelloidea
Neseuretus aff. attenuatus,Bryozoan
Neseuretus aff. attenuatus,Ctenodonta escosurae
Neseuretus aff. attenuatus,Praenucula sp.
Neseuretus aff. attenuatus,Redonia michelae
Neseuretus aff. attenuatus,Coxiconchia guiraudi
Neseuretus aff. attenuatus,Alococoncha?
Neseuretus aff. attenuatus,Cardiolaria? sp.
Neseuretus aff. attenuatus,Cienagomya? sp.
Neseuretus aff. attenuatus,Ekaterodonta courtessolei
Neseuretus aff. attenuatus,Glyptarca sp.
Neseuretus aff. attenuatus,Sinuites sp.
Neseuretus aff. attenuatus,Lesueurilla prima
Neseuretus aff. attenuatus,undet. Platyceratoidea
Neseuretus aff. attenuatus,undet. Monoplacophora
Neseuretus aff. attenuatus,Carcassonnella courtessolei
Neseuretus aff. attenuatus,Carcassonnella vizcainoi
Neseuretus aff. attenuatus,Carcassonnella sp.
Neseuretus aff. attenuatus,Ribeiria sp.
Neseuretus aff. attenuatus,Tolmachovia?
Neseuretus aff. attenuatus,Wiwaxiid
Neseuretus aff. attenuatus,Halkieriid
Neseuretus aff. attenuatus,Helcionelloid
Neseuretus aff. attenuatus,Calvapilosa kroegeri
Neseuretus aff. attenuatus,Possible phyllodocid
Neseuretus aff. attenuatus,Palaeoscolex cf. tenensis
Neseuretus aff. attenuatus,Priapulid
Neseuretus aff. attenuatus,Large taxon with spinose limbs
Neseuretus aff. attenuatus,Small taxon with spinose limbs
Neseuretus aff. attenuatus,Armoured lobopodian 1
Neseuretus aff. attenuatus,Armoured lobopodian 2
Neseuretus aff. attenuatus,Armoured lobopodian 3
Neseuretus aff. attenuatus,Diania-like lobopodian
Neseuretus aff. attenuatus,Furca sp. 1
Neseuretus aff. attenuatus,Furca sp. 2
Neseuretus aff. attenuatus,Furca sp. 3
Neseuretus aff. attenuatus,Enosiaspis hrungnir
Neseuretus aff. attenuatus,Possible waptiid
Neseuretus aff. attenuatus, 'Synziphosurine'/Synziphosurina?
Neseuretus aff. attenuatus,Chasmataspidid
Neseuretus aff. attenuatus,Possible pycnogonid
Neseuretus aff. attenuatus,Possible retifaciid
Neseuretus aff. attenuatus,Tariccoia tazagurtensis
Neseuretus aff. attenuatus,Chlupacaris? sp.
Neseuretus aff. attenuatus,Cheloniellid
Neseuretus aff. attenuatus,Phyllocarid
Neseuretus aff. attenuatus,Ostracod
Neseuretus aff. attenuatus,Lepadomorph barnacle
Neseuretus aff. attenuatus,Eoduslia
Neseuretus aff. attenuatus,Apatokephalus cf. incisus
Neseuretus aff. attenuatus,undet. Dikelocephalidae
Neseuretus aff. attenuatus,undet. Illaenacea
Neseuretus aff. attenuatus,Orometopus sp.
Neseuretus aff. attenuatus,Cnemidopyge sp.
Neseuretus aff. attenuatus,Selenopeltis sp. 1
Neseuretus aff. attenuatus,Selenopeltis sp. 2
Neseuretus aff. attenuatus,Foulonia peregrina
Neseuretus aff. attenuatus,Foulonia sp.
Neseuretus aff. attenuatus,Toletanaspis aff. borni
Neseuretus aff. attenuatus,undet. Dalmanitacea
Neseuretus aff. attenuatus,Bathycheilus gallicus
Neseuretus aff. attenuatus,Bavarilla aff. zemmourensis
Neseuretus aff. attenuatus,Bavarilla zemmourensis
Neseuretus aff. attenuatus,Colpocoryphe thorali
Neseuretus aff. attenuatus,Colpocoryphe pradesensis
Neseuretus aff. attenuatus,Pharostoma sp.
Neseuretus aff. attenuatus,Pharostomina sp. 
Neseuretus aff. attenuatus,Agerina quadrata
Neseuretus aff. attenuatus,Geragnostus aff. occitanus
Neseuretus aff. attenuatus,Geragnostus sp.
Neseuretus aff. attenuatus,Beltella sp.
Neseuretus aff. attenuatus,Ampyx priscus
Neseuretus aff. attenuatus,Ampyx cf. priscus
Neseuretus aff. attenuatus,Parabathycheilus gallicus
Neseuretus aff. attenuatus,Proetidae?
Neseuretus aff. attenuatus,undet. Trinucleidae
Neseuretus aff. attenuatus,Eoharpes sp.
Neseuretus aff. attenuatus,Nileus deynouxi
Neseuretus aff. attenuatus,Hospes sp.
Neseuretus aff. attenuatus,Ogygiocaris sp.
Neseuretus aff. attenuatus,cf. Niobella sp.
Neseuretus aff. attenuatus,Somasteroid indet. n. sp. 1
Neseuretus aff. attenuatus,Somasteroid indet. n. sp. 2
Neseuretus aff. attenuatus,Somasteroid indet. n. sp. 3
Neseuretus aff. attenuatus,Somasteroid indet.
Neseuretus aff. attenuatus,undet. Asteroidea
Neseuretus aff. attenuatus,Palaeosphaeronites sp.
Neseuretus aff. attenuatus,Palaeosphaeronites? prokopi
Neseuretus aff. attenuatus,Aristocystites cf. bohemicus (sinuous?)
Neseuretus aff. attenuatus,Aristocystites sp.
Neseuretus aff. attenuatus,Balantiocystis regnelli
Neseuretus aff. attenuatus,Balantiocystis sp.
Neseuretus aff. attenuatus,Rhopalocystis sp.
Neseuretus aff. attenuatus,Rhopalocystis dehirensis
Neseuretus aff. attenuatus,Rhopalocystis destombesi
Neseuretus aff. attenuatus,Rhopalocystis fraga
Neseuretus aff. attenuatus,Rhopalocystis grandis
Neseuretus aff. attenuatus,Rhopalocystis havliceki
Neseuretus aff. attenuatus,Rhopalocystis lehmani
Neseuretus aff. attenuatus,Rhopalocystis zagoraensis
Neseuretus aff. attenuatus,Rhopalocystis sp. A
Neseuretus aff. attenuatus,Rhopalocystis sp. B
Neseuretus aff. attenuatus,Rhopalocystis sp. C
Neseuretus aff. attenuatus,cf. Rhopalocystis
Neseuretus aff. attenuatus,Lingulocystis aff. deani
Neseuretus aff. attenuatus,Lingulocystis elongata
Neseuretus aff. attenuatus,cf. Pareocrinus
Neseuretus aff. attenuatus,Eocrinoidea indet. sp. 1
Neseuretus aff. attenuatus,Eocrinoidea indet. sp. 2
Neseuretus aff. attenuatus,Eocrinoidea indet.
Neseuretus aff. attenuatus,Ramseyocrinus sp.
Neseuretus aff. attenuatus,Crinoid 2
Neseuretus aff. attenuatus,Aethocrinus cf. moorei
Neseuretus aff. attenuatus,Iocrinus n. sp.
Neseuretus aff. attenuatus,Cystoidea?/undet. Cystoidea
Neseuretus aff. attenuatus,Argodiscus espilezorum
Neseuretus aff. attenuatus,Anedriophus moroccoensis
Neseuretus aff. attenuatus,Rhenopyrgid indet.
Neseuretus aff. attenuatus,Ampelocarpus sp.
Neseuretus aff. attenuatus,Amygdalotheca griffei
Neseuretus aff. attenuatus,Anatifopsis escandei
Neseuretus aff. attenuatus,Anatifopsis trapeziiformis
Neseuretus aff. attenuatus,Anatifopsis sp.
Neseuretus aff. attenuatus,"Anomalocystid n. gen., n. sp. "
Neseuretus aff. attenuatus,Aspidocarpus sp.
Neseuretus aff. attenuatus,Arauricystis? sp.
Neseuretus aff. attenuatus,Balanocystites primus
Neseuretus aff. attenuatus,Bohemiaecystis
Neseuretus aff. attenuatus,Chauvelicystis ubaghsi
Neseuretus aff. attenuatus,Chauvelicystis spinosa
Neseuretus aff. attenuatus,Chauvelicystis vizcainoi
Neseuretus aff. attenuatus,Chauvelicystis sp.
Neseuretus aff. attenuatus,"Chauvelicystid n. gen., n. sp. 1"
Neseuretus aff. attenuatus,"Chauvelicystid n. gen., n. sp. 2"
Neseuretus aff. attenuatus,Chinianocarpos sp.
Neseuretus aff. attenuatus,"Cornuta n. gen. 1, n. sp."
Neseuretus aff. attenuatus,"Cornuta n. gen. 2, n. sp."
Neseuretus aff. attenuatus,Flabellicarpus rushtoni
Neseuretus aff. attenuatus,Flabellicarpus?
Neseuretus aff. attenuatus,Galliaecystis n. sp.
Neseuretus aff. attenuatus,Galliaecystis ubaghsi
Neseuretus aff. attenuatus,Hanusia n. sp.
Neseuretus aff. attenuatus,Lagynocystis pyramidalis
Neseuretus aff. attenuatus,Kirkocystidae?
Neseuretus aff. attenuatus,Lyricocarpus courtessolei
Neseuretus aff. attenuatus,Milonicystis sp.
Neseuretus aff. attenuatus,Mitrocystitid indet. cf. Ovocarpus
Neseuretus aff. attenuatus,Nanocarpus cf. dolambii
Neseuretus aff. attenuatus,Phyllocystis blayaci
Neseuretus aff. attenuatus,Phyllocystis sp.
Neseuretus aff. attenuatus,Procothurnocystis n. sp.
Neseuretus aff. attenuatus,Prokopicystis sp.
Neseuretus aff. attenuatus,Thoralicystis zagoraensis
Neseuretus aff. attenuatus,Thoralicystis n. sp.
Neseuretus aff. attenuatus,Vizcainocarpus sp.
Neseuretus aff. attenuatus,Cothurnocystid indetl.
Neseuretus aff. attenuatus,Hanusiid indet.
Neseuretus aff. attenuatus,Peltocystis cornuta
Neseuretus aff. attenuatus,Scotiaevystis? sp.
Neseuretus aff. attenuatus,Macrocystella sp.
Neseuretus aff. attenuatus,Macrocystella bohemica
Neseuretus aff. attenuatus,Macrocystella cf. mariae
Neseuretus aff. attenuatus,Macrocystella tasseftensis
Neseuretus aff. attenuatus,undet. Ophiuroidea
Neseuretus aff. attenuatus,Didymograptus cf. arcuatus
Neseuretus aff. attenuatus,Didymograptus deflexus
Neseuretus aff. attenuatus,Didymograptus extensus
Neseuretus aff. attenuatus,Didymograptus v-fractus
Neseuretus aff. attenuatus,Didymograptus intendus
Neseuretus aff. attenuatus,Didymograptus pennatulus
Neseuretus aff. attenuatus,Didymograptus nanus
Neseuretus aff. attenuatus,Didymograptus nitidus
Neseuretus aff. attenuatus,Didymograptus patulus
Neseuretus aff. attenuatus,Didymograptus sparsus
Neseuretus aff. attenuatus,"""Didymograptus sp. 1"""
Neseuretus aff. attenuatus,Didymograptus sp.
Neseuretus aff. attenuatus,Didymograptid indet.
Neseuretus aff. attenuatus,Koremagraptus sp.
Neseuretus aff. attenuatus,Dictyonema sp.
Neseuretus aff. attenuatus,Tuboid
Neseuretus aff. attenuatus,?Cymatograptus protobalticus
Neseuretus aff. attenuatus,Webbyites felix
Neseuretus aff. attenuatus,Rhabdopleura-like epibiont
Neseuretus aff. attenuatus,Hyolithes sp.
Neseuretus aff. attenuatus,Pauxillites thaddei
Platycoryphe sp.,Benthic detritus
Platycoryphe sp.,Acrothele sp.
Platycoryphe sp.,Plectorthis simplex
Platycoryphe sp.,Angusticardinia sp.
Platycoryphe sp.,Lingula salteri
Platycoryphe sp.,Orbithele vana
Platycoryphe sp.,Paurorthis tadristensis
Platycoryphe sp.,Tarfaya marocana
Platycoryphe sp.,Monobolina sp.
Platycoryphe sp.,Elliptoglossa sp.
Platycoryphe sp.,Celdobolus sp.
Platycoryphe sp.,Discinoidea?
Platycoryphe sp.,undet. Dalmanelloidea
Platycoryphe sp.,Bryozoan
Platycoryphe sp.,Redonia michelae
Platycoryphe sp.,Coxiconchia guiraudi
Platycoryphe sp.,Alococoncha?
Platycoryphe sp.,Cienagomya? sp.
Platycoryphe sp.,Ekaterodonta courtessolei
Platycoryphe sp.,Lesueurilla prima
Platycoryphe sp.,undet. Monoplacophora
Platycoryphe sp.,Carcassonnella courtessolei
Platycoryphe sp.,Carcassonnella vizcainoi
Platycoryphe sp.,Carcassonnella sp.
Platycoryphe sp.,Wiwaxiid
Platycoryphe sp.,Helcionelloid
Platycoryphe sp.,Priapulid
Platycoryphe sp.,Enosiaspis hrungnir
Platycoryphe sp., 'Synziphosurine'/Synziphosurina?
Platycoryphe sp.,Possible pycnogonid
Platycoryphe sp.,Possible retifaciid
Platycoryphe sp.,Tariccoia tazagurtensis
Platycoryphe sp.,Ostracod
Platycoryphe sp.,undet. Dikelocephalidae
Platycoryphe sp.,undet. Illaenacea
Platycoryphe sp.,Parabathycheilus gallicus
Platycoryphe sp.,Proetidae?
Platycoryphe sp.,undet. Trinucleidae
Platycoryphe sp.,Palaeosphaeronites sp.
Platycoryphe sp.,Palaeosphaeronites? prokopi
Platycoryphe sp.,Aristocystites cf. bohemicus (sinuous?)
Platycoryphe sp.,Aristocystites sp.
Platycoryphe sp.,Balantiocystis regnelli
Platycoryphe sp.,Balantiocystis sp.
Platycoryphe sp.,Rhopalocystis sp.
Platycoryphe sp.,Rhopalocystis dehirensis
Platycoryphe sp.,Rhopalocystis destombesi
Platycoryphe sp.,Rhopalocystis fraga
Platycoryphe sp.,Rhopalocystis grandis
Platycoryphe sp.,Rhopalocystis havliceki
Platycoryphe sp.,Rhopalocystis lehmani
Platycoryphe sp.,Rhopalocystis zagoraensis
Platycoryphe sp.,Rhopalocystis sp. A
Platycoryphe sp.,Rhopalocystis sp. B
Platycoryphe sp.,Rhopalocystis sp. C
Platycoryphe sp.,cf. Rhopalocystis
Platycoryphe sp.,Lingulocystis aff. deani
Platycoryphe sp.,Lingulocystis elongata
Platycoryphe sp.,cf. Pareocrinus
Platycoryphe sp.,Eocrinoidea indet. sp. 1
Platycoryphe sp.,Eocrinoidea indet. sp. 2
Platycoryphe sp.,Eocrinoidea indet.
Platycoryphe sp.,Ramseyocrinus sp.
Platycoryphe sp.,Crinoid 2
Platycoryphe sp.,Aethocrinus cf. moorei
Platycoryphe sp.,Iocrinus n. sp.
Platycoryphe sp.,Argodiscus espilezorum
Platycoryphe sp.,Anedriophus moroccoensis
Platycoryphe sp.,Rhenopyrgid indet.
Platycoryphe sp.,Ampelocarpus sp.
Platycoryphe sp.,Amygdalotheca griffei
Platycoryphe sp.,Anatifopsis escandei
Platycoryphe sp.,Anatifopsis trapeziiformis
Platycoryphe sp.,Anatifopsis sp.
Platycoryphe sp.,"Anomalocystid n. gen., n. sp. "
Platycoryphe sp.,Aspidocarpus sp.
Platycoryphe sp.,Balanocystites primus
Platycoryphe sp.,Bohemiaecystis
Platycoryphe sp.,Chauvelicystis ubaghsi
Platycoryphe sp.,Chauvelicystis spinosa
Platycoryphe sp.,Chauvelicystis vizcainoi
Platycoryphe sp.,Chauvelicystis sp.
Platycoryphe sp.,"Chauvelicystid n. gen., n. sp. 1"
Platycoryphe sp.,"Chauvelicystid n. gen., n. sp. 2"
Platycoryphe sp.,Chinianocarpos sp.
Platycoryphe sp.,"Cornuta n. gen. 1, n. sp."
Platycoryphe sp.,"Cornuta n. gen. 2, n. sp."
Platycoryphe sp.,Flabellicarpus rushtoni
Platycoryphe sp.,Galliaecystis n. sp.
Platycoryphe sp.,Galliaecystis ubaghsi
Platycoryphe sp.,Lagynocystis pyramidalis
Platycoryphe sp.,Kirkocystidae?
Platycoryphe sp.,Lyricocarpus courtessolei
Platycoryphe sp.,Milonicystis sp.
Platycoryphe sp.,Mitrocystitid indet. cf. Ovocarpus
Platycoryphe sp.,Nanocarpus cf. dolambii
Platycoryphe sp.,Phyllocystis blayaci
Platycoryphe sp.,Procothurnocystis n. sp.
Platycoryphe sp.,Prokopicystis sp.
Platycoryphe sp.,Thoralicystis zagoraensis
Platycoryphe sp.,Vizcainocarpus sp.
Platycoryphe sp.,Peltocystis cornuta
Platycoryphe sp.,Macrocystella sp.
Platycoryphe sp.,Macrocystella bohemica
Platycoryphe sp.,Macrocystella cf. mariae
Platycoryphe sp.,Macrocystella tasseftensis
Platycoryphe sp.,undet. Ophiuroidea
Platycoryphe sp.,Didymograptus cf. arcuatus
Platycoryphe sp.,Didymograptus deflexus
Platycoryphe sp.,Didymograptus extensus
Platycoryphe sp.,Didymograptus v-fractus
Platycoryphe sp.,Didymograptus intendus
Platycoryphe sp.,Didymograptus pennatulus
Platycoryphe sp.,Didymograptus nanus
Platycoryphe sp.,Didymograptus nitidus
Platycoryphe sp.,Didymograptus patulus
Platycoryphe sp.,Didymograptus sparsus
Platycoryphe sp.,"""Didymograptus sp. 1"""
Platycoryphe sp.,Didymograptus sp.
Platycoryphe sp.,Didymograptid indet.
Platycoryphe sp.,Koremagraptus sp.
Platycoryphe sp.,Dictyonema sp.
Platycoryphe sp.,Tuboid
Platycoryphe sp.,?Cymatograptus protobalticus
Platycoryphe sp.,Webbyites felix
Platycoryphe sp.,Rhabdopleura-like epibiont
Pradoella tazzarinensis,Benthic detritus
Pradoella tazzarinensis,Ranorthis fasciata
Pradoella tazzarinensis,undet. Athyridida
Pradoella tazzarinensis,Acrothele sp.
Pradoella tazzarinensis,Plectorthis simplex
Pradoella tazzarinensis,Angusticardinia sp.
Pradoella tazzarinensis,Lingula salteri
Pradoella tazzarinensis,Orbithele vana
Pradoella tazzarinensis,Paurorthis tadristensis
Pradoella tazzarinensis,Tarfaya marocana
Pradoella tazzarinensis,Wosekella sp.
Pradoella tazzarinensis,Monobolina sp.
Pradoella tazzarinensis,Elliptoglossa sp.
Pradoella tazzarinensis,Celdobolus sp.
Pradoella tazzarinensis,Discinoidea?
Pradoella tazzarinensis,undet. Dalmanelloidea
Pradoella tazzarinensis,Babinka prima
Pradoella tazzarinensis,Ctenodonta escosurae
Pradoella tazzarinensis,Praenucula sp.
Pradoella tazzarinensis,Redonia michelae
Pradoella tazzarinensis,Alococoncha?
Pradoella tazzarinensis,Cardiolaria? sp.
Pradoella tazzarinensis,Cienagomya? sp.
Pradoella tazzarinensis,Glyptarca sp.
Pradoella tazzarinensis,Pelecyogyra fezouataensis
Pradoella tazzarinensis,Sinuites sp.
Pradoella tazzarinensis,Lesueurilla prima
Pradoella tazzarinensis,undet. Platyceratoidea
Pradoella tazzarinensis,undet. Monoplacophora
Pradoella tazzarinensis,Thoralispira laevis
Pradoella tazzarinensis,Thoralispira? cf. occitana
Pradoella tazzarinensis,Carcassonnella courtessolei
Pradoella tazzarinensis,Carcassonnella vizcainoi
Pradoella tazzarinensis,Ribeiria sp.
Pradoella tazzarinensis,Tolmachovia?
Pradoella tazzarinensis,Wiwaxiid
Pradoella tazzarinensis,Halkieriid
Pradoella tazzarinensis,Helcionelloid
Pradoella tazzarinensis,Calvapilosa kroegeri
Pradoella tazzarinensis,Possible phyllodocid
Pradoella tazzarinensis,Palaeoscolex cf. tenensis
Pradoella tazzarinensis,Priapulid
Pradoella tazzarinensis,Large taxon with spinose limbs
Pradoella tazzarinensis,Small taxon with spinose limbs
Pradoella tazzarinensis,Armoured lobopodian 1
Pradoella tazzarinensis,Armoured lobopodian 2
Pradoella tazzarinensis,Armoured lobopodian 3
Pradoella tazzarinensis,Diania-like lobopodian
Pradoella tazzarinensis,Furca sp. 1
Pradoella tazzarinensis,Furca sp. 2
Pradoella tazzarinensis,Furca sp. 3
Pradoella tazzarinensis,Marrella sp.
Pradoella tazzarinensis,Enosiaspis hrungnir
Pradoella tazzarinensis,Possible waptiid
Pradoella tazzarinensis, 'Synziphosurine'/Synziphosurina?
Pradoella tazzarinensis,Chasmataspidid
Pradoella tazzarinensis,Possible pycnogonid
Pradoella tazzarinensis,Xiphosurid
Pradoella tazzarinensis,Possible retifaciid
Pradoella tazzarinensis,Tariccoia tazagurtensis
Pradoella tazzarinensis,Chlupacaris? sp.
Pradoella tazzarinensis,Cheloniellid
Pradoella tazzarinensis,Phyllocarid
Pradoella tazzarinensis,Lepadomorph barnacle
Pradoella tazzarinensis,Eoduslia
Pradoella tazzarinensis,Asaphellus sp aff. jujuanus
Pradoella tazzarinensis,Kierarges morrisoni
Pradoella tazzarinensis,Symphysurus sicardi
Pradoella tazzarinensis,Symphysurus ebbestadi
Pradoella tazzarinensis,Symphysurus sp.
Pradoella tazzarinensis,Apatokephalus cf. incisus
Pradoella tazzarinensis,Orometopus sp.
Pradoella tazzarinensis,Cnemidopyge sp.
Pradoella tazzarinensis,Parvilichas marochii
Pradoella tazzarinensis,Selenopeltis aff. Gallica
Pradoella tazzarinensis,Selenopeltis binodosa
Pradoella tazzarinensis,Selenopeltis sp. 1
Pradoella tazzarinensis,Selenopeltis sp. 2
Pradoella tazzarinensis,Foulonia peregrina
Pradoella tazzarinensis,Foulonia sp.
Pradoella tazzarinensis,Toletanaspis aff. borni
Pradoella tazzarinensis,undet. Dalmanitacea
Pradoella tazzarinensis,Bathycheilus gallicus
Pradoella tazzarinensis,Bavarilla aff. zemmourensis
Pradoella tazzarinensis,Bavarilla zemmourensis
Pradoella tazzarinensis,Bavarilla sp.
Pradoella tazzarinensis,Colpocoryphe thorali
Pradoella tazzarinensis,Colpocoryphe pradesensis
Pradoella tazzarinensis,Pharostoma sp.
Pradoella tazzarinensis,Pharostomina sp. 
Pradoella tazzarinensis,Agerina quadrata
Pradoella tazzarinensis,Euloma sp.
Pradoella tazzarinensis,Geragnostus aff. occitanus
Pradoella tazzarinensis,Geragnostus sp.
Pradoella tazzarinensis,Beltella sp.
Pradoella tazzarinensis,Ampyx priscus
Pradoella tazzarinensis,Ampyx cf. priscus
Pradoella tazzarinensis,Ceraurinella? sp.
Pradoella tazzarinensis,Megalaspidella sp.
Pradoella tazzarinensis,Platycoryphe sp.
Pradoella tazzarinensis,Parabathycheilus gallicus
Pradoella tazzarinensis,undet. Trinucleidae
Pradoella tazzarinensis,Anacheirurus adserai
Pradoella tazzarinensis,Eoharpes sp.
Pradoella tazzarinensis,Nileus deynouxi
Pradoella tazzarinensis,Hospes sp.
Pradoella tazzarinensis,Ogygiocaris sp.
Pradoella tazzarinensis,Ormathops clariondi
Pradoella tazzarinensis,Pterygometopus sp.
Pradoella tazzarinensis,Iberocoryphe sp.
Pradoella tazzarinensis,cf. Niobella sp.
Pradoella tazzarinensis,Somasteroid indet. n. sp. 1
Pradoella tazzarinensis,Somasteroid indet. n. sp. 2
Pradoella tazzarinensis,Somasteroid indet. n. sp. 3
Pradoella tazzarinensis,Somasteroid indet.
Pradoella tazzarinensis,undet. Asteroidea
Pradoella tazzarinensis,undet. Stelleroidea
Pradoella tazzarinensis,Villebrunaster fezouataensis
Pradoella tazzarinensis,Palaeosphaeronites sp.
Pradoella tazzarinensis,Palaeosphaeronites? prokopi
Pradoella tazzarinensis,Aristocystites cf. bohemicus (sinuous?)
Pradoella tazzarinensis,Aristocystites sp.
Pradoella tazzarinensis,Ascocystites? sp.
Pradoella tazzarinensis,Balantiocystis regnelli
Pradoella tazzarinensis,Balantiocystis sp.
Pradoella tazzarinensis,Rhopalocystis sp.
Pradoella tazzarinensis,Rhopalocystis dehirensis
Pradoella tazzarinensis,Rhopalocystis destombesi
Pradoella tazzarinensis,Rhopalocystis fraga
Pradoella tazzarinensis,Rhopalocystis grandis
Pradoella tazzarinensis,Rhopalocystis havliceki
Pradoella tazzarinensis,Rhopalocystis lehmani
Pradoella tazzarinensis,Rhopalocystis zagoraensis
Pradoella tazzarinensis,Rhopalocystis sp. A
Pradoella tazzarinensis,Rhopalocystis sp. B
Pradoella tazzarinensis,Rhopalocystis sp. C
Pradoella tazzarinensis,cf. Rhopalocystis
Pradoella tazzarinensis,Lingulocystis aff. deani
Pradoella tazzarinensis,Lingulocystis elongata
Pradoella tazzarinensis,cf. Pareocrinus
Pradoella tazzarinensis,Eocrinoidea indet. sp. 1
Pradoella tazzarinensis,Eocrinoidea indet. sp. 2
Pradoella tazzarinensis,Eocrinoidea indet.
Pradoella tazzarinensis,Ramseyocrinus sp.
Pradoella tazzarinensis,Crinoid 2
Pradoella tazzarinensis,Aethocrinus cf. moorei
Pradoella tazzarinensis,Iocrinus n. sp.
Pradoella tazzarinensis,Cystoidea?/undet. Cystoidea
Pradoella tazzarinensis,Argodiscus espilezorum
Pradoella tazzarinensis,Anedriophus moroccoensis
Pradoella tazzarinensis,Rhenopyrgid indet.
Pradoella tazzarinensis,Ampelocarpus sp.
Pradoella tazzarinensis,Amygdalotheca griffei
Pradoella tazzarinensis,Anatifopsis escandei
Pradoella tazzarinensis,Anatifopsis trapeziiformis
Pradoella tazzarinensis,Anatifopsis sp.
Pradoella tazzarinensis,"Anomalocystid n. gen., n. sp. "
Pradoella tazzarinensis,Aspidocarpus sp.
Pradoella tazzarinensis,Arauricystis? sp.
Pradoella tazzarinensis,Balanocystites primus
Pradoella tazzarinensis,Bohemiaecystis
Pradoella tazzarinensis,Chauvelicystis ubaghsi
Pradoella tazzarinensis,Chauvelicystis spinosa
Pradoella tazzarinensis,Chauvelicystis vizcainoi
Pradoella tazzarinensis,Chauvelicystis sp.
Pradoella tazzarinensis,"Chauvelicystid n. gen., n. sp. 1"
Pradoella tazzarinensis,"Chauvelicystid n. gen., n. sp. 2"
Pradoella tazzarinensis,Chinianocarpos sp.
Pradoella tazzarinensis,"Cornuta n. gen. 1, n. sp."
Pradoella tazzarinensis,"Cornuta n. gen. 2, n. sp."
Pradoella tazzarinensis,Flabellicarpus rushtoni
Pradoella tazzarinensis,Flabellicarpus?
Pradoella tazzarinensis,Galliaecystis n. sp.
Pradoella tazzarinensis,Galliaecystis ubaghsi
Pradoella tazzarinensis,Hanusia n. sp.
Pradoella tazzarinensis,Lagynocystis pyramidalis
Pradoella tazzarinensis,Kirkocystidae?
Pradoella tazzarinensis,Lyricocarpus courtessolei
Pradoella tazzarinensis,Milonicystis sp.
Pradoella tazzarinensis,Mitrocystitid indet. cf. Ovocarpus
Pradoella tazzarinensis,Nanocarpus cf. dolambii
Pradoella tazzarinensis,Phyllocystis blayaci
Pradoella tazzarinensis,Phyllocystis sp.
Pradoella tazzarinensis,Procothurnocystis n. sp.
Pradoella tazzarinensis,Prokopicystis sp.
Pradoella tazzarinensis,Thoralicystis zagoraensis
Pradoella tazzarinensis,Thoralicystis n. sp.
Pradoella tazzarinensis,Vizcainocarpus sp.
Pradoella tazzarinensis,Cothurnocystid indetl.
Pradoella tazzarinensis,Hanusiid indet.
Pradoella tazzarinensis,Peltocystis cornuta
Pradoella tazzarinensis,Scotiaevystis? sp.
Pradoella tazzarinensis,Macrocystella sp.
Pradoella tazzarinensis,Macrocystella bohemica
Pradoella tazzarinensis,Macrocystella cf. mariae
Pradoella tazzarinensis,Macrocystella tasseftensis
Pradoella tazzarinensis,cf. Minervaecystis
Pradoella tazzarinensis,Plasiacystis sp.
Pradoella tazzarinensis,undet. Ophiuroidea
Pradoella tazzarinensis,Elegantilites sp.
Pradoella tazzarinensis,Gamalites? sp.
Pradoella tazzarinensis,Gompholites sp.
Pradoella tazzarinensis,Hyolithes sp.
Pradoella tazzarinensis,Pauxillites thaddei
Pradoella tazzarinensis,Pauxillites sp.
Parabathycheilus gallicus,Benthic detritus
Proetidae?,suspended organic matter
Proetidae?,Benthic detritus
undet. Trinucleidae,suspended organic matter
undet. Trinucleidae,Benthic detritus
Anacheirurus adserai,Benthic detritus
Anacheirurus adserai,Ranorthis fasciata
Anacheirurus adserai,Acrothele sp.
Anacheirurus adserai,Plectorthis simplex
Anacheirurus adserai,Angusticardinia sp.
Anacheirurus adserai,Lingula salteri
Anacheirurus adserai,Orbithele vana
Anacheirurus adserai,Paurorthis tadristensis
Anacheirurus adserai,Tarfaya marocana
Anacheirurus adserai,Wosekella sp.
Anacheirurus adserai,Monobolina sp.
Anacheirurus adserai,Elliptoglossa sp.
Anacheirurus adserai,Celdobolus sp.
Anacheirurus adserai,Discinoidea?
Anacheirurus adserai,undet. Dalmanelloidea
Anacheirurus adserai,Bryozoan
Anacheirurus adserai,Ctenodonta escosurae
Anacheirurus adserai,Redonia michelae
Anacheirurus adserai,Coxiconchia guiraudi
Anacheirurus adserai,Alococoncha?
Anacheirurus adserai,Cardiolaria? sp.
Anacheirurus adserai,Cienagomya? sp.
Anacheirurus adserai,Ekaterodonta courtessolei
Anacheirurus adserai,Glyptarca sp.
Anacheirurus adserai,Lesueurilla prima
Anacheirurus adserai,undet. Monoplacophora
Anacheirurus adserai,Carcassonnella courtessolei
Anacheirurus adserai,Carcassonnella vizcainoi
Anacheirurus adserai,Carcassonnella sp.
Anacheirurus adserai,Wiwaxiid
Anacheirurus adserai,Helcionelloid
Anacheirurus adserai,Priapulid
Anacheirurus adserai,Large taxon with spinose limbs
Anacheirurus adserai,Small taxon with spinose limbs
Anacheirurus adserai,Armoured lobopodian 1
Anacheirurus adserai,Armoured lobopodian 2
Anacheirurus adserai,Armoured lobopodian 3
Anacheirurus adserai,Diania-like lobopodian
Anacheirurus adserai,Enosiaspis hrungnir
Anacheirurus adserai, 'Synziphosurine'/Synziphosurina?
Anacheirurus adserai,Possible pycnogonid
Anacheirurus adserai,Possible retifaciid
Anacheirurus adserai,Tariccoia tazagurtensis
Anacheirurus adserai,Ostracod
Anacheirurus adserai,undet. Dikelocephalidae
Anacheirurus adserai,undet. Illaenacea
Anacheirurus adserai,Orometopus sp.
Anacheirurus adserai,Agerina quadrata
Anacheirurus adserai,Geragnostus aff. occitanus
Anacheirurus adserai,Geragnostus sp.
Anacheirurus adserai,Ampyx priscus
Anacheirurus adserai,Ampyx cf. priscus
Anacheirurus adserai,Parabathycheilus gallicus
Anacheirurus adserai,Proetidae?
Anacheirurus adserai,undet. Trinucleidae
Anacheirurus adserai,Nileus deynouxi
Anacheirurus adserai,Hospes sp.
Anacheirurus adserai,Palaeosphaeronites sp.
Anacheirurus adserai,Palaeosphaeronites? prokopi
Anacheirurus adserai,Aristocystites cf. bohemicus (sinuous?)
Anacheirurus adserai,Aristocystites sp.
Anacheirurus adserai,Balantiocystis regnelli
Anacheirurus adserai,Balantiocystis sp.
Anacheirurus adserai,Rhopalocystis sp.
Anacheirurus adserai,Rhopalocystis dehirensis
Anacheirurus adserai,Rhopalocystis destombesi
Anacheirurus adserai,Rhopalocystis fraga
Anacheirurus adserai,Rhopalocystis grandis
Anacheirurus adserai,Rhopalocystis havliceki
Anacheirurus adserai,Rhopalocystis lehmani
Anacheirurus adserai,Rhopalocystis zagoraensis
Anacheirurus adserai,Rhopalocystis sp. A
Anacheirurus adserai,Rhopalocystis sp. B
Anacheirurus adserai,Rhopalocystis sp. C
Anacheirurus adserai,cf. Rhopalocystis
Anacheirurus adserai,Lingulocystis aff. deani
Anacheirurus adserai,Lingulocystis elongata
Anacheirurus adserai,cf. Pareocrinus
Anacheirurus adserai,Eocrinoidea indet. sp. 1
Anacheirurus adserai,Eocrinoidea indet. sp. 2
Anacheirurus adserai,Eocrinoidea indet.
Anacheirurus adserai,Ramseyocrinus sp.
Anacheirurus adserai,Crinoid 2
Anacheirurus adserai,Aethocrinus cf. moorei
Anacheirurus adserai,Iocrinus n. sp.
Anacheirurus adserai,Cystoidea?/undet. Cystoidea
Anacheirurus adserai,Argodiscus espilezorum
Anacheirurus adserai,Anedriophus moroccoensis
Anacheirurus adserai,Rhenopyrgid indet.
Anacheirurus adserai,Ampelocarpus sp.
Anacheirurus adserai,Amygdalotheca griffei
Anacheirurus adserai,Anatifopsis escandei
Anacheirurus adserai,Anatifopsis trapeziiformis
Anacheirurus adserai,Anatifopsis sp.
Anacheirurus adserai,"Anomalocystid n. gen., n. sp. "
Anacheirurus adserai,Aspidocarpus sp.
Anacheirurus adserai,Arauricystis? sp.
Anacheirurus adserai,Balanocystites primus
Anacheirurus adserai,Bohemiaecystis
Anacheirurus adserai,Chauvelicystis ubaghsi
Anacheirurus adserai,Chauvelicystis spinosa
Anacheirurus adserai,Chauvelicystis vizcainoi
Anacheirurus adserai,Chauvelicystis sp.
Anacheirurus adserai,"Chauvelicystid n. gen., n. sp. 1"
Anacheirurus adserai,"Chauvelicystid n. gen., n. sp. 2"
Anacheirurus adserai,Chinianocarpos sp.
Anacheirurus adserai,"Cornuta n. gen. 1, n. sp."
Anacheirurus adserai,"Cornuta n. gen. 2, n. sp."
Anacheirurus adserai,Flabellicarpus rushtoni
Anacheirurus adserai,Galliaecystis n. sp.
Anacheirurus adserai,Galliaecystis ubaghsi
Anacheirurus adserai,Lagynocystis pyramidalis
Anacheirurus adserai,Kirkocystidae?
Anacheirurus adserai,Lyricocarpus courtessolei
Anacheirurus adserai,Milonicystis sp.
Anacheirurus adserai,Mitrocystitid indet. cf. Ovocarpus
Anacheirurus adserai,Nanocarpus cf. dolambii
Anacheirurus adserai,Phyllocystis blayaci
Anacheirurus adserai,Phyllocystis sp.
Anacheirurus adserai,Procothurnocystis n. sp.
Anacheirurus adserai,Prokopicystis sp.
Anacheirurus adserai,Thoralicystis zagoraensis
Anacheirurus adserai,Vizcainocarpus sp.
Anacheirurus adserai,Cothurnocystid indetl.
Anacheirurus adserai,Peltocystis cornuta
Anacheirurus adserai,Scotiaevystis? sp.
Anacheirurus adserai,Macrocystella sp.
Anacheirurus adserai,Macrocystella bohemica
Anacheirurus adserai,Macrocystella cf. mariae
Anacheirurus adserai,Macrocystella tasseftensis
Anacheirurus adserai,undet. Ophiuroidea
Anacheirurus adserai,Didymograptus cf. arcuatus
Anacheirurus adserai,Didymograptus deflexus
Anacheirurus adserai,Didymograptus extensus
Anacheirurus adserai,Didymograptus v-fractus
Anacheirurus adserai,Didymograptus intendus
Anacheirurus adserai,Didymograptus pennatulus
Anacheirurus adserai,Didymograptus nanus
Anacheirurus adserai,Didymograptus nitidus
Anacheirurus adserai,Didymograptus patulus
Anacheirurus adserai,Didymograptus sparsus
Anacheirurus adserai,"""Didymograptus sp. 1"""
Anacheirurus adserai,Didymograptus sp.
Anacheirurus adserai,Didymograptid indet.
Anacheirurus adserai,Koremagraptus sp.
Anacheirurus adserai,Dictyonema sp.
Anacheirurus adserai,Tuboid
Anacheirurus adserai,?Cymatograptus protobalticus
Anacheirurus adserai,Webbyites felix
Anacheirurus adserai,Rhabdopleura-like epibiont
Anacheirurus adserai,Hyolithes sp.
Eoharpes sp.,suspended organic matter
Eoharpes sp.,Benthic detritus
Nileus deynouxi,Benthic detritus
Nileus deynouxi,Acrothele sp.
Nileus deynouxi,Plectorthis simplex
Nileus deynouxi,Angusticardinia sp.
Nileus deynouxi,Lingula salteri
Nileus deynouxi,Orbithele vana
Nileus deynouxi,Paurorthis tadristensis
Nileus deynouxi,Tarfaya marocana
Nileus deynouxi,Monobolina sp.
Nileus deynouxi,Elliptoglossa sp.
Nileus deynouxi,Celdobolus sp.
Nileus deynouxi,Bryozoan
Nileus deynouxi,Redonia michelae
Nileus deynouxi,Coxiconchia guiraudi
Nileus deynouxi,Alococoncha?
Nileus deynouxi,Cienagomya? sp.
Nileus deynouxi,Ekaterodonta courtessolei
Nileus deynouxi,Lesueurilla prima
Nileus deynouxi,undet. Monoplacophora
Nileus deynouxi,Carcassonnella courtessolei
Nileus deynouxi,Carcassonnella vizcainoi
Nileus deynouxi,Carcassonnella sp.
Nileus deynouxi,Wiwaxiid
Nileus deynouxi,Helcionelloid
Nileus deynouxi,Priapulid
Nileus deynouxi, 'Synziphosurine'/Synziphosurina?
Nileus deynouxi,Possible pycnogonid
Nileus deynouxi,Possible retifaciid
Nileus deynouxi,Ostracod
Nileus deynouxi,undet. Dikelocephalidae
Nileus deynouxi,undet. Illaenacea
Nileus deynouxi,Proetidae?
Nileus deynouxi,Ascocystites? sp.
Nileus deynouxi,Balantiocystis regnelli
Nileus deynouxi,Balantiocystis sp.
Nileus deynouxi,Rhopalocystis sp.
Nileus deynouxi,Rhopalocystis dehirensis
Nileus deynouxi,Rhopalocystis destombesi
Nileus deynouxi,Rhopalocystis fraga
Nileus deynouxi,Rhopalocystis grandis
Nileus deynouxi,Rhopalocystis havliceki
Nileus deynouxi,Rhopalocystis lehmani
Nileus deynouxi,Rhopalocystis zagoraensis
Nileus deynouxi,Rhopalocystis sp. A
Nileus deynouxi,Rhopalocystis sp. B
Nileus deynouxi,Rhopalocystis sp. C
Nileus deynouxi,cf. Rhopalocystis
Nileus deynouxi,Lingulocystis aff. deani
Nileus deynouxi,Lingulocystis elongata
Nileus deynouxi,cf. Pareocrinus
Nileus deynouxi,Eocrinoidea indet. sp. 1
Nileus deynouxi,Eocrinoidea indet. sp. 2
Nileus deynouxi,Eocrinoidea indet.
Nileus deynouxi,Ramseyocrinus sp.
Nileus deynouxi,Crinoid 2
Nileus deynouxi,Aethocrinus cf. moorei
Nileus deynouxi,Iocrinus n. sp.
Nileus deynouxi,Chauvelicystis ubaghsi
Nileus deynouxi,Chauvelicystis spinosa
Nileus deynouxi,Chauvelicystis vizcainoi
Nileus deynouxi,Chauvelicystis sp.
Nileus deynouxi,"Chauvelicystid n. gen., n. sp. 1"
Nileus deynouxi,"Chauvelicystid n. gen., n. sp. 2"
Nileus deynouxi,Kirkocystidae?
Nileus deynouxi,Peltocystis cornuta
Nileus deynouxi,Didymograptus cf. arcuatus
Nileus deynouxi,Didymograptus deflexus
Nileus deynouxi,Didymograptus extensus
Nileus deynouxi,Didymograptus v-fractus
Nileus deynouxi,Didymograptus intendus
Nileus deynouxi,Didymograptus pennatulus
Nileus deynouxi,Didymograptus nanus
Nileus deynouxi,Didymograptus nitidus
Nileus deynouxi,Didymograptus patulus
Nileus deynouxi,Didymograptus sparsus
Nileus deynouxi,"""Didymograptus sp. 1"""
Nileus deynouxi,Didymograptus sp.
Nileus deynouxi,Didymograptid indet.
Nileus deynouxi,Koremagraptus sp.
Nileus deynouxi,Dictyonema sp.
Nileus deynouxi,Tuboid
Nileus deynouxi,?Cymatograptus protobalticus
Nileus deynouxi,Webbyites felix
Nileus deynouxi,Rhabdopleura-like epibiont
Ogyginus forteyi hammondi,Benthic detritus
Ogyginus forteyi hammondi,Acrothele sp.
Ogyginus forteyi hammondi,Plectorthis simplex
Ogyginus forteyi hammondi,Angusticardinia sp.
Ogyginus forteyi hammondi,Paurorthis tadristensis
Ogyginus forteyi hammondi,Tarfaya marocana
Ogyginus forteyi hammondi,Monobolina sp.
Ogyginus forteyi hammondi,Elliptoglossa sp.
Ogyginus forteyi hammondi,Celdobolus sp.
Ogyginus forteyi hammondi,Discinoidea?
Ogyginus forteyi hammondi,Babinka prima
Ogyginus forteyi hammondi,Redonia michelae
Ogyginus forteyi hammondi,Alococoncha?
Ogyginus forteyi hammondi,Cardiolaria? sp.
Ogyginus forteyi hammondi,Pelecyogyra fezouataensis
Ogyginus forteyi hammondi,Lesueurilla prima
Ogyginus forteyi hammondi,undet. Platyceratoidea
Ogyginus forteyi hammondi,undet. Monoplacophora
Ogyginus forteyi hammondi,Thoralispira laevis
Ogyginus forteyi hammondi,Thoralispira? cf. occitana
Ogyginus forteyi hammondi,Wiwaxiid
Ogyginus forteyi hammondi,Halkieriid
Ogyginus forteyi hammondi,Helcionelloid
Ogyginus forteyi hammondi,Calvapilosa kroegeri
Ogyginus forteyi hammondi,Plumulites bengtsoni
Ogyginus forteyi hammondi,Large plumulitid
Ogyginus forteyi hammondi,Possible phyllodocid
Ogyginus forteyi hammondi,Palaeoscolex cf. tenensis
Ogyginus forteyi hammondi,Priapulid
Ogyginus forteyi hammondi,Large taxon with spinose limbs
Ogyginus forteyi hammondi,Small taxon with spinose limbs
Ogyginus forteyi hammondi,Armoured lobopodian 1
Ogyginus forteyi hammondi,Armoured lobopodian 2
Ogyginus forteyi hammondi,Armoured lobopodian 3
Ogyginus forteyi hammondi,Diania-like lobopodian
Ogyginus forteyi hammondi,Furca sp. 1
Ogyginus forteyi hammondi,Furca sp. 2
Ogyginus forteyi hammondi,Furca sp. 3
Ogyginus forteyi hammondi,Marrella sp.
Ogyginus forteyi hammondi,Possible waptiid
Ogyginus forteyi hammondi,Possible pycnogonid
Ogyginus forteyi hammondi,Xiphosurid
Ogyginus forteyi hammondi,Possible retifaciid
Ogyginus forteyi hammondi,Chlupacaris? sp.
Ogyginus forteyi hammondi,Tremaglaspis sp.
Ogyginus forteyi hammondi,Brachyaglaspis singularis
Ogyginus forteyi hammondi,Cheloniellid
Ogyginus forteyi hammondi,Eoduslia
Ogyginus forteyi hammondi,Asaphellus fezouataensis 
Ogyginus forteyi hammondi,Asaphellus sp aff. jujuanus
Ogyginus forteyi hammondi,Asaphellus tataensis
Ogyginus forteyi hammondi,Asaphellus sp.
Ogyginus forteyi hammondi,Asaphopsis sp.
Ogyginus forteyi hammondi,Kierarges morrisoni
Ogyginus forteyi hammondi,Playpeltoides carmenae
Ogyginus forteyi hammondi,Symphysurus sicardi
Ogyginus forteyi hammondi,Symphysurus ebbestadi
Ogyginus forteyi hammondi,Symphysurus sp.
Ogyginus forteyi hammondi,Apatokephalus cf. incisus
Ogyginus forteyi hammondi,Parvilichas marochii
Ogyginus forteyi hammondi,Selenopeltis aff. Gallica
Ogyginus forteyi hammondi,Selenopeltis binodosa
Ogyginus forteyi hammondi,Selenopeltis sp. 1
Ogyginus forteyi hammondi,Selenopeltis sp. 2
Ogyginus forteyi hammondi,Harpides sp.
Ogyginus forteyi hammondi,Foulonia peregrina
Ogyginus forteyi hammondi,Foulonia sp.
Ogyginus forteyi hammondi,Bavarilla aff. zemmourensis
Ogyginus forteyi hammondi,Bavarilla zemmourensis
Ogyginus forteyi hammondi,Bavarilla sp.
Ogyginus forteyi hammondi,Colpocoryphe thorali
Ogyginus forteyi hammondi,Colpocoryphe sp.
Ogyginus forteyi hammondi,Pharostomina sp. 
Ogyginus forteyi hammondi,Prionocheilus aff. languedocensis
Ogyginus forteyi hammondi,Prionocheilus sp.
Ogyginus forteyi hammondi,Euloma sp.
Ogyginus forteyi hammondi,Ceraurinella? sp.
Ogyginus forteyi hammondi,Megalaspidella sp.
Ogyginus forteyi hammondi,Megistaspis (Ekeraspis) sp. indet.
Ogyginus forteyi hammondi,Neseuretus cf. attenuatus
Ogyginus forteyi hammondi,Neseuretus aff. attenuatus
Ogyginus forteyi hammondi,Platycoryphe sp.
Ogyginus forteyi hammondi,Parabathycheilus gallicus
Ogyginus forteyi hammondi,Anacheirurus adserai
Ogyginus forteyi hammondi,Eoharpes sp.
Ogyginus forteyi hammondi,Ormathops clariondi
Ogyginus forteyi hammondi,Pterygometopus sp.
Ogyginus forteyi hammondi,Megalaspides? sp.
Ogyginus forteyi hammondi,Iberocoryphe sp.
Ogyginus forteyi hammondi,Somasteroid indet. n. sp. 1
Ogyginus forteyi hammondi,Somasteroid indet. n. sp. 2
Ogyginus forteyi hammondi,Somasteroid indet. n. sp. 3
Ogyginus forteyi hammondi,Somasteroid indet.
Ogyginus forteyi hammondi,undet. Stelleroidea
Ogyginus forteyi hammondi,Villebrunaster fezouataensis
Ogyginus forteyi hammondi,Palaeosphaeronites sp.
Ogyginus forteyi hammondi,Palaeosphaeronites? prokopi
Ogyginus forteyi hammondi,Aristocystites cf. bohemicus (sinuous?)
Ogyginus forteyi hammondi,Aristocystites sp.
Ogyginus forteyi hammondi,Ascocystites? sp.
Ogyginus forteyi hammondi,Balantiocystis regnelli
Ogyginus forteyi hammondi,Balantiocystis sp.
Ogyginus forteyi hammondi,Rhopalocystis sp.
Ogyginus forteyi hammondi,Rhopalocystis dehirensis
Ogyginus forteyi hammondi,Rhopalocystis destombesi
Ogyginus forteyi hammondi,Rhopalocystis fraga
Ogyginus forteyi hammondi,Rhopalocystis grandis
Ogyginus forteyi hammondi,Rhopalocystis havliceki
Ogyginus forteyi hammondi,Rhopalocystis lehmani
Ogyginus forteyi hammondi,Rhopalocystis zagoraensis
Ogyginus forteyi hammondi,Rhopalocystis sp. A
Ogyginus forteyi hammondi,Rhopalocystis sp. B
Ogyginus forteyi hammondi,Rhopalocystis sp. C
Ogyginus forteyi hammondi,cf. Rhopalocystis
Ogyginus forteyi hammondi,Lingulocystis aff. deani
Ogyginus forteyi hammondi,Lingulocystis elongata
Ogyginus forteyi hammondi,cf. Pareocrinus
Ogyginus forteyi hammondi,Eocrinoidea indet. sp. 1
Ogyginus forteyi hammondi,Eocrinoidea indet. sp. 2
Ogyginus forteyi hammondi,Eocrinoidea indet.
Ogyginus forteyi hammondi,Ramseyocrinus sp.
Ogyginus forteyi hammondi,Crinoid 2
Ogyginus forteyi hammondi,Aethocrinus cf. moorei
Ogyginus forteyi hammondi,Iocrinus n. sp.
Ogyginus forteyi hammondi,Cystoidea?/undet. Cystoidea
Ogyginus forteyi hammondi,Argodiscus espilezorum
Ogyginus forteyi hammondi,Anedriophus moroccoensis
Ogyginus forteyi hammondi,Rhenopyrgid indet.
Ogyginus forteyi hammondi,Ampelocarpus sp.
Ogyginus forteyi hammondi,Amygdalotheca griffei
Ogyginus forteyi hammondi,Anatifopsis escandei
Ogyginus forteyi hammondi,Anatifopsis trapeziiformis
Ogyginus forteyi hammondi,Anatifopsis sp.
Ogyginus forteyi hammondi,"Anomalocystid n. gen., n. sp. "
Ogyginus forteyi hammondi,Aspidocarpus sp.
Ogyginus forteyi hammondi,Balanocystites primus
Ogyginus forteyi hammondi,Bohemiaecystis
Ogyginus forteyi hammondi,Chauvelicystis ubaghsi
Ogyginus forteyi hammondi,Chauvelicystis spinosa
Ogyginus forteyi hammondi,Chauvelicystis vizcainoi
Ogyginus forteyi hammondi,Chauvelicystis sp.
Ogyginus forteyi hammondi,"Chauvelicystid n. gen., n. sp. 1"
Ogyginus forteyi hammondi,"Chauvelicystid n. gen., n. sp. 2"
Ogyginus forteyi hammondi,Chinianocarpos sp.
Ogyginus forteyi hammondi,"Cornuta n. gen. 1, n. sp."
Ogyginus forteyi hammondi,"Cornuta n. gen. 2, n. sp."
Ogyginus forteyi hammondi,Flabellicarpus rushtoni
Ogyginus forteyi hammondi,Flabellicarpus?
Ogyginus forteyi hammondi,Galliaecystis n. sp.
Ogyginus forteyi hammondi,Galliaecystis ubaghsi
Ogyginus forteyi hammondi,Lagynocystis pyramidalis
Ogyginus forteyi hammondi,Lyricocarpus courtessolei
Ogyginus forteyi hammondi,Milonicystis sp.
Ogyginus forteyi hammondi,Mitrocystitid indet. cf. Ovocarpus
Ogyginus forteyi hammondi,Nanocarpus cf. dolambii
Ogyginus forteyi hammondi,Phyllocystis blayaci
Ogyginus forteyi hammondi,Phyllocystis sp.
Ogyginus forteyi hammondi,Procothurnocystis n. sp.
Ogyginus forteyi hammondi,Prokopicystis sp.
Ogyginus forteyi hammondi,Thoralicystis zagoraensis
Ogyginus forteyi hammondi,Vizcainocarpus sp.
Ogyginus forteyi hammondi,Cothurnocystid indetl.
Ogyginus forteyi hammondi,Macrocystella sp.
Ogyginus forteyi hammondi,Macrocystella bohemica
Ogyginus forteyi hammondi,Macrocystella cf. mariae
Ogyginus forteyi hammondi,Macrocystella tasseftensis
Ogyginus forteyi hammondi,cf. Castericystis
Ogyginus forteyi hammondi,cf. Minervaecystis
Ogyginus forteyi hammondi,Plasiacystis mobilis
Ogyginus forteyi hammondi,Plasiacystis sp.
Ogyginus forteyi hammondi,Nimchacystis agterbosi
Ogyginus forteyi hammondi,undet. Ophiuroidea
Ogyginus forteyi hammondi,Cavernolites senex
Ogyginus forteyi hammondi,Elegantilites sp.
Ogyginus forteyi hammondi,Gamalites? sp.
Ogyginus forteyi hammondi,Gompholites sp.
Ogyginus forteyi hammondi,Nephrotheca sp.
Ogyginus forteyi hammondi,Pauxillites thaddei
Ogyginus forteyi hammondi,Pauxillites sp.
Uralichas,Benthic detritus
Uralichas,Ranorthis fasciata
Uralichas,undet. Athyridida
Uralichas,Acrothele sp.
Uralichas,Plectorthis simplex
Uralichas,Angusticardinia sp.
Uralichas,Lingula salteri
Uralichas,Orbithele vana
Uralichas,Paurorthis tadristensis
Uralichas,Tarfaya marocana
Uralichas,Wosekella sp.
Uralichas,Monobolina sp.
Uralichas,Elliptoglossa sp.
Uralichas,Celdobolus sp.
Uralichas,Discinoidea?
Uralichas,undet. Dalmanelloidea
Uralichas,Babinka prima
Uralichas,Ctenodonta escosurae
Uralichas,Praenucula sp.
Uralichas,Redonia michelae
Uralichas,Alococoncha?
Uralichas,Cardiolaria? sp.
Uralichas,Pelecyogyra fezouataensis
Uralichas,Sinuites sp.
Uralichas,Lesueurilla prima
Uralichas,undet. Platyceratoidea
Uralichas,undet. Monoplacophora
Uralichas,Thoralispira laevis
Uralichas,Thoralispira? cf. occitana
Uralichas,Ribeiria sp.
Uralichas,Tolmachovia?
Uralichas,Wiwaxiid
Uralichas,Halkieriid
Uralichas,Helcionelloid
Uralichas,Calvapilosa kroegeri
Uralichas,Plumulites bengtsoni
Uralichas,Large plumulitid
Uralichas,Possible phyllodocid
Uralichas,Palaeoscolex cf. tenensis
Uralichas,Priapulid
Uralichas,Large taxon with spinose limbs
Uralichas,Small taxon with spinose limbs
Uralichas,Armoured lobopodian 1
Uralichas,Armoured lobopodian 2
Uralichas,Armoured lobopodian 3
Uralichas,Diania-like lobopodian
Uralichas,Furca sp. 1
Uralichas,Furca sp. 2
Uralichas,Furca sp. 3
Uralichas,Marrella sp.
Uralichas,Enosiaspis hrungnir
Uralichas,Possible waptiid
Uralichas,Chasmataspidid
Uralichas,Possible pycnogonid
Uralichas,Xiphosurid
Uralichas,Possible retifaciid
Uralichas,Chlupacaris? sp.
Uralichas,Tremaglaspis sp.
Uralichas,Brachyaglaspis singularis
Uralichas,Cheloniellid
Uralichas,Phyllocarid
Uralichas,Lepadomorph barnacle
Uralichas,Eoduslia
Uralichas,Asaphellus fezouataensis 
Uralichas,Asaphellus sp aff. jujuanus
Uralichas,Asaphellus tataensis
Uralichas,Asaphellus sp.
Uralichas,Kierarges morrisoni
Uralichas,Playpeltoides carmenae
Uralichas,Symphysurus sicardi
Uralichas,Symphysurus ebbestadi
Uralichas,Symphysurus sp.
Uralichas,Apatokephalus cf. incisus
Uralichas,Orometopus sp.
Uralichas,Cnemidopyge sp.
Uralichas,Parvilichas marochii
Uralichas,Selenopeltis aff. Gallica
Uralichas,Selenopeltis binodosa
Uralichas,Selenopeltis sp. 1
Uralichas,Selenopeltis sp. 2
Uralichas,Harpides sp.
Uralichas,Foulonia peregrina
Uralichas,Foulonia sp.
Uralichas,Toletanaspis aff. borni
Uralichas,undet. Dalmanitacea
Uralichas,Bathycheilus gallicus
Uralichas,Bavarilla aff. zemmourensis
Uralichas,Bavarilla zemmourensis
Uralichas,Bavarilla sp.
Uralichas,Colpocoryphe thorali
Uralichas,Colpocoryphe pradesensis
Uralichas,Colpocoryphe sp.
Uralichas,Pharostoma sp.
Uralichas,Pharostomina sp. 
Uralichas,Prionocheilus aff. languedocensis
Uralichas,Prionocheilus sp.
Uralichas,Agerina quadrata
Uralichas,Euloma sp.
Uralichas,Beltella sp.
Uralichas,Ampyx priscus
Uralichas,Ampyx cf. priscus
Uralichas,Ceraurinella? sp.
Uralichas,Megalaspidella sp.
Uralichas,Megistaspis (Ekeraspis) sp. indet.
Uralichas,Platycoryphe sp.
Uralichas,Parabathycheilus gallicus
Uralichas,Anacheirurus adserai
Uralichas,Eoharpes sp.
Uralichas,Nileus deynouxi
Uralichas,Hospes sp.
Uralichas,Ogygiocaris sp.
Uralichas,Ormathops clariondi
Uralichas,Pterygometopus sp.
Uralichas,Megalaspides? sp.
Uralichas,Iberocoryphe sp.
Uralichas,cf. Niobella sp.
Uralichas,Somasteroid indet. n. sp. 1
Uralichas,Somasteroid indet. n. sp. 2
Uralichas,Somasteroid indet. n. sp. 3
Uralichas,Somasteroid indet.
Uralichas,undet. Asteroidea
Uralichas,undet. Stelleroidea
Uralichas,Villebrunaster fezouataensis
Uralichas,Palaeosphaeronites sp.
Uralichas,Palaeosphaeronites? prokopi
Uralichas,Aristocystites cf. bohemicus (sinuous?)
Uralichas,Aristocystites sp.
Uralichas,Ascocystites? sp.
Uralichas,Balantiocystis regnelli
Uralichas,Balantiocystis sp.
Uralichas,Rhopalocystis sp.
Uralichas,Rhopalocystis dehirensis
Uralichas,Rhopalocystis destombesi
Uralichas,Rhopalocystis fraga
Uralichas,Rhopalocystis grandis
Uralichas,Rhopalocystis havliceki
Uralichas,Rhopalocystis lehmani
Uralichas,Rhopalocystis zagoraensis
Uralichas,Rhopalocystis sp. A
Uralichas,Rhopalocystis sp. B
Uralichas,Rhopalocystis sp. C
Uralichas,cf. Rhopalocystis
Uralichas,Lingulocystis aff. deani
Uralichas,Lingulocystis elongata
Uralichas,cf. Pareocrinus
Uralichas,Eocrinoidea indet. sp. 1
Uralichas,Eocrinoidea indet. sp. 2
Uralichas,Eocrinoidea indet.
Uralichas,Ramseyocrinus sp.
Uralichas,Crinoid 2
Uralichas,Aethocrinus cf. moorei
Uralichas,Iocrinus n. sp.
Uralichas,Cystoidea?/undet. Cystoidea
Uralichas,Argodiscus espilezorum
Uralichas,Anedriophus moroccoensis
Uralichas,Rhenopyrgid indet.
Uralichas,Ampelocarpus sp.
Uralichas,Amygdalotheca griffei
Uralichas,Anatifopsis escandei
Uralichas,Anatifopsis trapeziiformis
Uralichas,Anatifopsis sp.
Uralichas,"Anomalocystid n. gen., n. sp. "
Uralichas,Aspidocarpus sp.
Uralichas,Arauricystis? sp.
Uralichas,Balanocystites primus
Uralichas,Bohemiaecystis
Uralichas,Chauvelicystis ubaghsi
Uralichas,Chauvelicystis spinosa
Uralichas,Chauvelicystis vizcainoi
Uralichas,Chauvelicystis sp.
Uralichas,"Chauvelicystid n. gen., n. sp. 1"
Uralichas,"Chauvelicystid n. gen., n. sp. 2"
Uralichas,Chinianocarpos sp.
Uralichas,"Cornuta n. gen. 1, n. sp."
Uralichas,"Cornuta n. gen. 2, n. sp."
Uralichas,Flabellicarpus rushtoni
Uralichas,Flabellicarpus?
Uralichas,Galliaecystis n. sp.
Uralichas,Galliaecystis ubaghsi
Uralichas,Hanusia n. sp.
Uralichas,Lagynocystis pyramidalis
Uralichas,Lyricocarpus courtessolei
Uralichas,Milonicystis sp.
Uralichas,Mitrocystitid indet. cf. Ovocarpus
Uralichas,Nanocarpus cf. dolambii
Uralichas,Phyllocystis blayaci
Uralichas,Phyllocystis sp.
Uralichas,Procothurnocystis n. sp.
Uralichas,Prokopicystis sp.
Uralichas,Thoralicystis zagoraensis
Uralichas,Thoralicystis n. sp.
Uralichas,Vizcainocarpus sp.
Uralichas,Cothurnocystid indetl.
Uralichas,Hanusiid indet.
Uralichas,Peltocystis cornuta
Uralichas,Scotiaevystis? sp.
Uralichas,Macrocystella sp.
Uralichas,Macrocystella bohemica
Uralichas,Macrocystella cf. mariae
Uralichas,Macrocystella tasseftensis
Uralichas,cf. Castericystis
Uralichas,cf. Minervaecystis
Uralichas,Plasiacystis mobilis
Uralichas,Plasiacystis sp.
Uralichas,Nimchacystis agterbosi
Uralichas,undet. Ophiuroidea
Uralichas,Elegantilites sp.
Uralichas,Gamalites? sp.
Uralichas,Gompholites sp.
Uralichas,Nephrotheca sp.
Uralichas,Hyolithes sp.
Uralichas,Pauxillites thaddei
Uralichas,Pauxillites sp.
Hospes sp.,Wapkiids
Hospes sp.,Leptomitids
Hospes sp.,leptomitid A
Hospes sp.,leptomitid B
Hospes sp.,Choia sp.
Hospes sp.,Choia sp. B
Hospes sp.,Choiaella sp.
Hospes sp.,Choiid A
Hospes sp.,Choiid B
Hospes sp.,Choiid C
Hospes sp.,Choiid 2
Hospes sp.,Hamptonia sp.
Hospes sp.,Pirania auraeum
Hospes sp.,Pellipirania gloria
Hospes sp.,piraniid A
Hospes sp.,Hamptonia' christi
Hospes sp.,hazeliid
Hospes sp.,Hexactinellids
Hospes sp.,species ressembling Valospongia
Hospes sp.,reticulosan A
Hospes sp.,reticulosan B
Hospes sp.,reticulosan C
Hospes sp.,reticulosan D
Hospes sp.,reticulosan E
Hospes sp.,Didymograptus cf. arcuatus
Hospes sp.,Didymograptus deflexus
Hospes sp.,Didymograptus extensus
Hospes sp.,Didymograptus v-fractus
Hospes sp.,Didymograptus intendus
Hospes sp.,Didymograptus pennatulus
Hospes sp.,Didymograptus nanus
Hospes sp.,Didymograptus nitidus
Hospes sp.,Didymograptus patulus
Hospes sp.,Didymograptus sparsus
Hospes sp.,"""Didymograptus sp. 1"""
Hospes sp.,Didymograptus sp.
Hospes sp.,Didymograptid indet.
Hospes sp.,Koremagraptus sp.
Hospes sp.,Dictyonema sp.
Hospes sp.,Tuboid
Hospes sp.,?Cymatograptus protobalticus
Hospes sp.,Webbyites felix
Hospes sp.,Rhabdopleura-like epibiont
Dactylocephalus sp.,Benthic detritus
Dactylocephalus sp.,Ranorthis fasciata
Dactylocephalus sp.,undet. Athyridida
Dactylocephalus sp.,Acrothele sp.
Dactylocephalus sp.,Plectorthis simplex
Dactylocephalus sp.,Angusticardinia sp.
Dactylocephalus sp.,Lingula salteri
Dactylocephalus sp.,Orbithele vana
Dactylocephalus sp.,Paurorthis tadristensis
Dactylocephalus sp.,Tarfaya marocana
Dactylocephalus sp.,Wosekella sp.
Dactylocephalus sp.,Monobolina sp.
Dactylocephalus sp.,Elliptoglossa sp.
Dactylocephalus sp.,Celdobolus sp.
Dactylocephalus sp.,Discinoidea?
Dactylocephalus sp.,undet. Dalmanelloidea
Dactylocephalus sp.,Babinka prima
Dactylocephalus sp.,Ctenodonta escosurae
Dactylocephalus sp.,Praenucula sp.
Dactylocephalus sp.,Redonia michelae
Dactylocephalus sp.,Alococoncha?
Dactylocephalus sp.,Cardiolaria? sp.
Dactylocephalus sp.,Pelecyogyra fezouataensis
Dactylocephalus sp.,Sinuites sp.
Dactylocephalus sp.,Lesueurilla prima
Dactylocephalus sp.,undet. Platyceratoidea
Dactylocephalus sp.,undet. Monoplacophora
Dactylocephalus sp.,Thoralispira laevis
Dactylocephalus sp.,Thoralispira? cf. occitana
Dactylocephalus sp.,Ribeiria sp.
Dactylocephalus sp.,Tolmachovia?
Dactylocephalus sp.,Wiwaxiid
Dactylocephalus sp.,Halkieriid
Dactylocephalus sp.,Helcionelloid
Dactylocephalus sp.,Calvapilosa kroegeri
Dactylocephalus sp.,Plumulites bengtsoni
Dactylocephalus sp.,Large plumulitid
Dactylocephalus sp.,Possible phyllodocid
Dactylocephalus sp.,Palaeoscolex cf. tenensis
Dactylocephalus sp.,Priapulid
Dactylocephalus sp.,Large taxon with spinose limbs
Dactylocephalus sp.,Small taxon with spinose limbs
Dactylocephalus sp.,Armoured lobopodian 1
Dactylocephalus sp.,Armoured lobopodian 2
Dactylocephalus sp.,Armoured lobopodian 3
Dactylocephalus sp.,Diania-like lobopodian
Dactylocephalus sp.,Furca sp. 1
Dactylocephalus sp.,Furca sp. 2
Dactylocephalus sp.,Furca sp. 3
Dactylocephalus sp.,Marrella sp.
Dactylocephalus sp.,Enosiaspis hrungnir
Dactylocephalus sp.,Possible waptiid
Dactylocephalus sp.,Chasmataspidid
Dactylocephalus sp.,Possible pycnogonid
Dactylocephalus sp.,Xiphosurid
Dactylocephalus sp.,Possible retifaciid
Dactylocephalus sp.,Chlupacaris? sp.
Dactylocephalus sp.,Tremaglaspis sp.
Dactylocephalus sp.,Brachyaglaspis singularis
Dactylocephalus sp.,Cheloniellid
Dactylocephalus sp.,Phyllocarid
Dactylocephalus sp.,Lepadomorph barnacle
Dactylocephalus sp.,Eoduslia
Dactylocephalus sp.,Asaphellus fezouataensis 
Dactylocephalus sp.,Asaphellus sp aff. jujuanus
Dactylocephalus sp.,Asaphellus tataensis
Dactylocephalus sp.,Asaphellus sp.
Dactylocephalus sp.,Kierarges morrisoni
Dactylocephalus sp.,Playpeltoides carmenae
Dactylocephalus sp.,Symphysurus sicardi
Dactylocephalus sp.,Symphysurus ebbestadi
Dactylocephalus sp.,Symphysurus sp.
Dactylocephalus sp.,Apatokephalus cf. incisus
Dactylocephalus sp.,Orometopus sp.
Dactylocephalus sp.,Cnemidopyge sp.
Dactylocephalus sp.,Parvilichas marochii
Dactylocephalus sp.,Selenopeltis aff. Gallica
Dactylocephalus sp.,Selenopeltis binodosa
Dactylocephalus sp.,Selenopeltis sp. 1
Dactylocephalus sp.,Selenopeltis sp. 2
Dactylocephalus sp.,Harpides sp.
Dactylocephalus sp.,Foulonia peregrina
Dactylocephalus sp.,Foulonia sp.
Dactylocephalus sp.,Toletanaspis aff. borni
Dactylocephalus sp.,undet. Dalmanitacea
Dactylocephalus sp.,Bathycheilus gallicus
Dactylocephalus sp.,Bavarilla aff. zemmourensis
Dactylocephalus sp.,Bavarilla zemmourensis
Dactylocephalus sp.,Bavarilla sp.
Dactylocephalus sp.,Colpocoryphe thorali
Dactylocephalus sp.,Colpocoryphe pradesensis
Dactylocephalus sp.,Colpocoryphe sp.
Dactylocephalus sp.,Pharostoma sp.
Dactylocephalus sp.,Pharostomina sp. 
Dactylocephalus sp.,Prionocheilus aff. languedocensis
Dactylocephalus sp.,Prionocheilus sp.
Dactylocephalus sp.,Agerina quadrata
Dactylocephalus sp.,Euloma sp.
Dactylocephalus sp.,Beltella sp.
Dactylocephalus sp.,Ampyx priscus
Dactylocephalus sp.,Ampyx cf. priscus
Dactylocephalus sp.,Ceraurinella? sp.
Dactylocephalus sp.,Megalaspidella sp.
Dactylocephalus sp.,Megistaspis (Ekeraspis) sp. indet.
Dactylocephalus sp.,Platycoryphe sp.
Dactylocephalus sp.,Parabathycheilus gallicus
Dactylocephalus sp.,Anacheirurus adserai
Dactylocephalus sp.,Eoharpes sp.
Dactylocephalus sp.,Nileus deynouxi
Dactylocephalus sp.,Hospes sp.
Dactylocephalus sp.,Ogygiocaris sp.
Dactylocephalus sp.,Ormathops clariondi
Dactylocephalus sp.,Pterygometopus sp.
Dactylocephalus sp.,Megalaspides? sp.
Dactylocephalus sp.,Iberocoryphe sp.
Dactylocephalus sp.,cf. Niobella sp.
Dactylocephalus sp.,Somasteroid indet. n. sp. 1
Dactylocephalus sp.,Somasteroid indet. n. sp. 2
Dactylocephalus sp.,Somasteroid indet. n. sp. 3
Dactylocephalus sp.,Somasteroid indet.
Dactylocephalus sp.,undet. Asteroidea
Dactylocephalus sp.,undet. Stelleroidea
Dactylocephalus sp.,Villebrunaster fezouataensis
Dactylocephalus sp.,Palaeosphaeronites sp.
Dactylocephalus sp.,Palaeosphaeronites? prokopi
Dactylocephalus sp.,Aristocystites cf. bohemicus (sinuous?)
Dactylocephalus sp.,Aristocystites sp.
Dactylocephalus sp.,Ascocystites? sp.
Dactylocephalus sp.,Balantiocystis regnelli
Dactylocephalus sp.,Balantiocystis sp.
Dactylocephalus sp.,Rhopalocystis sp.
Dactylocephalus sp.,Rhopalocystis dehirensis
Dactylocephalus sp.,Rhopalocystis destombesi
Dactylocephalus sp.,Rhopalocystis fraga
Dactylocephalus sp.,Rhopalocystis grandis
Dactylocephalus sp.,Rhopalocystis havliceki
Dactylocephalus sp.,Rhopalocystis lehmani
Dactylocephalus sp.,Rhopalocystis zagoraensis
Dactylocephalus sp.,Rhopalocystis sp. A
Dactylocephalus sp.,Rhopalocystis sp. B
Dactylocephalus sp.,Rhopalocystis sp. C
Dactylocephalus sp.,cf. Rhopalocystis
Dactylocephalus sp.,Lingulocystis aff. deani
Dactylocephalus sp.,Lingulocystis elongata
Dactylocephalus sp.,cf. Pareocrinus
Dactylocephalus sp.,Eocrinoidea indet. sp. 1
Dactylocephalus sp.,Eocrinoidea indet. sp. 2
Dactylocephalus sp.,Eocrinoidea indet.
Dactylocephalus sp.,Ramseyocrinus sp.
Dactylocephalus sp.,Crinoid 2
Dactylocephalus sp.,Aethocrinus cf. moorei
Dactylocephalus sp.,Iocrinus n. sp.
Dactylocephalus sp.,Cystoidea?/undet. Cystoidea
Dactylocephalus sp.,Argodiscus espilezorum
Dactylocephalus sp.,Anedriophus moroccoensis
Dactylocephalus sp.,Rhenopyrgid indet.
Dactylocephalus sp.,Ampelocarpus sp.
Dactylocephalus sp.,Amygdalotheca griffei
Dactylocephalus sp.,Anatifopsis escandei
Dactylocephalus sp.,Anatifopsis trapeziiformis
Dactylocephalus sp.,Anatifopsis sp.
Dactylocephalus sp.,"Anomalocystid n. gen., n. sp. "
Dactylocephalus sp.,Aspidocarpus sp.
Dactylocephalus sp.,Arauricystis? sp.
Dactylocephalus sp.,Balanocystites primus
Dactylocephalus sp.,Bohemiaecystis
Dactylocephalus sp.,Chauvelicystis ubaghsi
Dactylocephalus sp.,Chauvelicystis spinosa
Dactylocephalus sp.,Chauvelicystis vizcainoi
Dactylocephalus sp.,Chauvelicystis sp.
Dactylocephalus sp.,"Chauvelicystid n. gen., n. sp. 1"
Dactylocephalus sp.,"Chauvelicystid n. gen., n. sp. 2"
Dactylocephalus sp.,Chinianocarpos sp.
Dactylocephalus sp.,"Cornuta n. gen. 1, n. sp."
Dactylocephalus sp.,"Cornuta n. gen. 2, n. sp."
Dactylocephalus sp.,Flabellicarpus rushtoni
Dactylocephalus sp.,Flabellicarpus?
Dactylocephalus sp.,Galliaecystis n. sp.
Dactylocephalus sp.,Galliaecystis ubaghsi
Dactylocephalus sp.,Hanusia n. sp.
Dactylocephalus sp.,Lagynocystis pyramidalis
Dactylocephalus sp.,Lyricocarpus courtessolei
Dactylocephalus sp.,Milonicystis sp.
Dactylocephalus sp.,Mitrocystitid indet. cf. Ovocarpus
Dactylocephalus sp.,Nanocarpus cf. dolambii
Dactylocephalus sp.,Phyllocystis blayaci
Dactylocephalus sp.,Phyllocystis sp.
Dactylocephalus sp.,Procothurnocystis n. sp.
Dactylocephalus sp.,Prokopicystis sp.
Dactylocephalus sp.,Thoralicystis zagoraensis
Dactylocephalus sp.,Thoralicystis n. sp.
Dactylocephalus sp.,Vizcainocarpus sp.
Dactylocephalus sp.,Cothurnocystid indetl.
Dactylocephalus sp.,Hanusiid indet.
Dactylocephalus sp.,Peltocystis cornuta
Dactylocephalus sp.,Scotiaevystis? sp.
Dactylocephalus sp.,Macrocystella sp.
Dactylocephalus sp.,Macrocystella bohemica
Dactylocephalus sp.,Macrocystella cf. mariae
Dactylocephalus sp.,Macrocystella tasseftensis
Dactylocephalus sp.,cf. Castericystis
Dactylocephalus sp.,cf. Minervaecystis
Dactylocephalus sp.,Plasiacystis mobilis
Dactylocephalus sp.,Plasiacystis sp.
Dactylocephalus sp.,Nimchacystis agterbosi
Dactylocephalus sp.,undet. Ophiuroidea
Dactylocephalus sp.,Elegantilites sp.
Dactylocephalus sp.,Gamalites? sp.
Dactylocephalus sp.,Gompholites sp.
Dactylocephalus sp.,Nephrotheca sp.
Dactylocephalus sp.,Hyolithes sp.
Dactylocephalus sp.,Pauxillites thaddei
Dactylocephalus sp.,Pauxillites sp.
Hungioides sp.,Benthic detritus
Ogygiocaris sp.,Benthic detritus
Ogygiocaris sp.,Acrothele sp.
Ogygiocaris sp.,Plectorthis simplex
Ogygiocaris sp.,Angusticardinia sp.
Ogygiocaris sp.,Lingula salteri
Ogygiocaris sp.,Orbithele vana
Ogygiocaris sp.,Paurorthis tadristensis
Ogygiocaris sp.,Tarfaya marocana
Ogygiocaris sp.,Monobolina sp.
Ogygiocaris sp.,Elliptoglossa sp.
Ogygiocaris sp.,Celdobolus sp.
Ogygiocaris sp.,Bryozoan
Ogygiocaris sp.,Redonia michelae
Ogygiocaris sp.,Coxiconchia guiraudi
Ogygiocaris sp.,Alococoncha?
Ogygiocaris sp.,Cienagomya? sp.
Ogygiocaris sp.,Ekaterodonta courtessolei
Ogygiocaris sp.,Lesueurilla prima
Ogygiocaris sp.,undet. Monoplacophora
Ogygiocaris sp.,Carcassonnella courtessolei
Ogygiocaris sp.,Carcassonnella vizcainoi
Ogygiocaris sp.,Carcassonnella sp.
Ogygiocaris sp.,Wiwaxiid
Ogygiocaris sp.,Helcionelloid
Ogygiocaris sp.,Priapulid
Ogygiocaris sp., 'Synziphosurine'/Synziphosurina?
Ogygiocaris sp.,Possible pycnogonid
Ogygiocaris sp.,Possible retifaciid
Ogygiocaris sp.,Ostracod
Ogygiocaris sp.,undet. Dikelocephalidae
Ogygiocaris sp.,undet. Illaenacea
Ogygiocaris sp.,Proetidae?
Ogygiocaris sp.,Ascocystites? sp.
Ogygiocaris sp.,Balantiocystis regnelli
Ogygiocaris sp.,Balantiocystis sp.
Ogygiocaris sp.,Rhopalocystis sp.
Ogygiocaris sp.,Rhopalocystis dehirensis
Ogygiocaris sp.,Rhopalocystis destombesi
Ogygiocaris sp.,Rhopalocystis fraga
Ogygiocaris sp.,Rhopalocystis grandis
Ogygiocaris sp.,Rhopalocystis havliceki
Ogygiocaris sp.,Rhopalocystis lehmani
Ogygiocaris sp.,Rhopalocystis zagoraensis
Ogygiocaris sp.,Rhopalocystis sp. A
Ogygiocaris sp.,Rhopalocystis sp. B
Ogygiocaris sp.,Rhopalocystis sp. C
Ogygiocaris sp.,cf. Rhopalocystis
Ogygiocaris sp.,Lingulocystis aff. deani
Ogygiocaris sp.,Lingulocystis elongata
Ogygiocaris sp.,cf. Pareocrinus
Ogygiocaris sp.,Eocrinoidea indet. sp. 1
Ogygiocaris sp.,Eocrinoidea indet. sp. 2
Ogygiocaris sp.,Eocrinoidea indet.
Ogygiocaris sp.,Ramseyocrinus sp.
Ogygiocaris sp.,Crinoid 2
Ogygiocaris sp.,Aethocrinus cf. moorei
Ogygiocaris sp.,Iocrinus n. sp.
Ogygiocaris sp.,Chauvelicystis ubaghsi
Ogygiocaris sp.,Chauvelicystis spinosa
Ogygiocaris sp.,Chauvelicystis vizcainoi
Ogygiocaris sp.,Chauvelicystis sp.
Ogygiocaris sp.,"Chauvelicystid n. gen., n. sp. 1"
Ogygiocaris sp.,"Chauvelicystid n. gen., n. sp. 2"
Ogygiocaris sp.,Kirkocystidae?
Ogygiocaris sp.,Peltocystis cornuta
Ogygiocaris sp.,Didymograptus cf. arcuatus
Ogygiocaris sp.,Didymograptus deflexus
Ogygiocaris sp.,Didymograptus extensus
Ogygiocaris sp.,Didymograptus v-fractus
Ogygiocaris sp.,Didymograptus intendus
Ogygiocaris sp.,Didymograptus pennatulus
Ogygiocaris sp.,Didymograptus nanus
Ogygiocaris sp.,Didymograptus nitidus
Ogygiocaris sp.,Didymograptus patulus
Ogygiocaris sp.,Didymograptus sparsus
Ogygiocaris sp.,"""Didymograptus sp. 1"""
Ogygiocaris sp.,Didymograptus sp.
Ogygiocaris sp.,Didymograptid indet.
Ogygiocaris sp.,Koremagraptus sp.
Ogygiocaris sp.,Dictyonema sp.
Ogygiocaris sp.,Tuboid
Ogygiocaris sp.,?Cymatograptus protobalticus
Ogygiocaris sp.,Webbyites felix
Ogygiocaris sp.,Rhabdopleura-like epibiont
Ormathops clariondi,Benthic detritus
Ormathops clariondi,Acrothele sp.
Ormathops clariondi,Plectorthis simplex
Ormathops clariondi,Angusticardinia sp.
Ormathops clariondi,Lingula salteri
Ormathops clariondi,Orbithele vana
Ormathops clariondi,Paurorthis tadristensis
Ormathops clariondi,Tarfaya marocana
Ormathops clariondi,Monobolina sp.
Ormathops clariondi,Elliptoglossa sp.
Ormathops clariondi,Celdobolus sp.
Ormathops clariondi,Discinoidea?
Ormathops clariondi,undet. Dalmanelloidea
Ormathops clariondi,Bryozoan
Ormathops clariondi,Redonia michelae
Ormathops clariondi,Coxiconchia guiraudi
Ormathops clariondi,Alococoncha?
Ormathops clariondi,Cienagomya? sp.
Ormathops clariondi,Ekaterodonta courtessolei
Ormathops clariondi,Lesueurilla prima
Ormathops clariondi,undet. Monoplacophora
Ormathops clariondi,Carcassonnella courtessolei
Ormathops clariondi,Carcassonnella vizcainoi
Ormathops clariondi,Carcassonnella sp.
Ormathops clariondi,Wiwaxiid
Ormathops clariondi,Helcionelloid
Ormathops clariondi,Priapulid
Ormathops clariondi,Enosiaspis hrungnir
Ormathops clariondi, 'Synziphosurine'/Synziphosurina?
Ormathops clariondi,Possible pycnogonid
Ormathops clariondi,Possible retifaciid
Ormathops clariondi,Tariccoia tazagurtensis
Ormathops clariondi,Ostracod
Ormathops clariondi,undet. Dikelocephalidae
Ormathops clariondi,undet. Illaenacea
Ormathops clariondi,Parabathycheilus gallicus
Ormathops clariondi,Proetidae?
Ormathops clariondi,undet. Trinucleidae
Ormathops clariondi,Palaeosphaeronites sp.
Ormathops clariondi,Palaeosphaeronites? prokopi
Ormathops clariondi,Aristocystites cf. bohemicus (sinuous?)
Ormathops clariondi,Aristocystites sp.
Ormathops clariondi,Balantiocystis regnelli
Ormathops clariondi,Balantiocystis sp.
Ormathops clariondi,Rhopalocystis sp.
Ormathops clariondi,Rhopalocystis dehirensis
Ormathops clariondi,Rhopalocystis destombesi
Ormathops clariondi,Rhopalocystis fraga
Ormathops clariondi,Rhopalocystis grandis
Ormathops clariondi,Rhopalocystis havliceki
Ormathops clariondi,Rhopalocystis lehmani
Ormathops clariondi,Rhopalocystis zagoraensis
Ormathops clariondi,Rhopalocystis sp. A
Ormathops clariondi,Rhopalocystis sp. B
Ormathops clariondi,Rhopalocystis sp. C
Ormathops clariondi,cf. Rhopalocystis
Ormathops clariondi,Lingulocystis aff. deani
Ormathops clariondi,Lingulocystis elongata
Ormathops clariondi,cf. Pareocrinus
Ormathops clariondi,Eocrinoidea indet. sp. 1
Ormathops clariondi,Eocrinoidea indet. sp. 2
Ormathops clariondi,Eocrinoidea indet.
Ormathops clariondi,Ramseyocrinus sp.
Ormathops clariondi,Crinoid 2
Ormathops clariondi,Aethocrinus cf. moorei
Ormathops clariondi,Iocrinus n. sp.
Ormathops clariondi,Argodiscus espilezorum
Ormathops clariondi,Anedriophus moroccoensis
Ormathops clariondi,Rhenopyrgid indet.
Ormathops clariondi,Ampelocarpus sp.
Ormathops clariondi,Amygdalotheca griffei
Ormathops clariondi,Anatifopsis escandei
Ormathops clariondi,Anatifopsis trapeziiformis
Ormathops clariondi,Anatifopsis sp.
Ormathops clariondi,"Anomalocystid n. gen., n. sp. "
Ormathops clariondi,Aspidocarpus sp.
Ormathops clariondi,Balanocystites primus
Ormathops clariondi,Bohemiaecystis
Ormathops clariondi,Chauvelicystis ubaghsi
Ormathops clariondi,Chauvelicystis spinosa
Ormathops clariondi,Chauvelicystis vizcainoi
Ormathops clariondi,Chauvelicystis sp.
Ormathops clariondi,"Chauvelicystid n. gen., n. sp. 1"
Ormathops clariondi,"Chauvelicystid n. gen., n. sp. 2"
Ormathops clariondi,Chinianocarpos sp.
Ormathops clariondi,"Cornuta n. gen. 1, n. sp."
Ormathops clariondi,"Cornuta n. gen. 2, n. sp."
Ormathops clariondi,Flabellicarpus rushtoni
Ormathops clariondi,Galliaecystis n. sp.
Ormathops clariondi,Galliaecystis ubaghsi
Ormathops clariondi,Lagynocystis pyramidalis
Ormathops clariondi,Kirkocystidae?
Ormathops clariondi,Lyricocarpus courtessolei
Ormathops clariondi,Milonicystis sp.
Ormathops clariondi,Mitrocystitid indet. cf. Ovocarpus
Ormathops clariondi,Nanocarpus cf. dolambii
Ormathops clariondi,Phyllocystis blayaci
Ormathops clariondi,Procothurnocystis n. sp.
Ormathops clariondi,Prokopicystis sp.
Ormathops clariondi,Thoralicystis zagoraensis
Ormathops clariondi,Vizcainocarpus sp.
Ormathops clariondi,Peltocystis cornuta
Ormathops clariondi,Macrocystella sp.
Ormathops clariondi,Macrocystella bohemica
Ormathops clariondi,Macrocystella cf. mariae
Ormathops clariondi,Macrocystella tasseftensis
Ormathops clariondi,undet. Ophiuroidea
Ormathops clariondi,Didymograptus cf. arcuatus
Ormathops clariondi,Didymograptus deflexus
Ormathops clariondi,Didymograptus extensus
Ormathops clariondi,Didymograptus v-fractus
Ormathops clariondi,Didymograptus intendus
Ormathops clariondi,Didymograptus pennatulus
Ormathops clariondi,Didymograptus nanus
Ormathops clariondi,Didymograptus nitidus
Ormathops clariondi,Didymograptus patulus
Ormathops clariondi,Didymograptus sparsus
Ormathops clariondi,"""Didymograptus sp. 1"""
Ormathops clariondi,Didymograptus sp.
Ormathops clariondi,Didymograptid indet.
Ormathops clariondi,Koremagraptus sp.
Ormathops clariondi,Dictyonema sp.
Ormathops clariondi,Tuboid
Ormathops clariondi,?Cymatograptus protobalticus
Ormathops clariondi,Webbyites felix
Ormathops clariondi,Rhabdopleura-like epibiont
Niobe sp.,Benthic detritus
Niobe sp.,Ranorthis fasciata
Niobe sp.,undet. Athyridida
Niobe sp.,Acrothele sp.
Niobe sp.,Plectorthis simplex
Niobe sp.,Angusticardinia sp.
Niobe sp.,Lingula salteri
Niobe sp.,Orbithele vana
Niobe sp.,Paurorthis tadristensis
Niobe sp.,Tarfaya marocana
Niobe sp.,Wosekella sp.
Niobe sp.,Monobolina sp.
Niobe sp.,Elliptoglossa sp.
Niobe sp.,Celdobolus sp.
Niobe sp.,Discinoidea?
Niobe sp.,undet. Dalmanelloidea
Niobe sp.,Babinka prima
Niobe sp.,Ctenodonta escosurae
Niobe sp.,Praenucula sp.
Niobe sp.,Redonia michelae
Niobe sp.,Alococoncha?
Niobe sp.,Cardiolaria? sp.
Niobe sp.,Pelecyogyra fezouataensis
Niobe sp.,Sinuites sp.
Niobe sp.,Lesueurilla prima
Niobe sp.,undet. Platyceratoidea
Niobe sp.,undet. Monoplacophora
Niobe sp.,Thoralispira laevis
Niobe sp.,Thoralispira? cf. occitana
Niobe sp.,Ribeiria sp.
Niobe sp.,Tolmachovia?
Niobe sp.,Wiwaxiid
Niobe sp.,Halkieriid
Niobe sp.,Helcionelloid
Niobe sp.,Calvapilosa kroegeri
Niobe sp.,Plumulites bengtsoni
Niobe sp.,Large plumulitid
Niobe sp.,Possible phyllodocid
Niobe sp.,Palaeoscolex cf. tenensis
Niobe sp.,Priapulid
Niobe sp.,Large taxon with spinose limbs
Niobe sp.,Small taxon with spinose limbs
Niobe sp.,Armoured lobopodian 1
Niobe sp.,Armoured lobopodian 2
Niobe sp.,Armoured lobopodian 3
Niobe sp.,Diania-like lobopodian
Niobe sp.,Furca sp. 1
Niobe sp.,Furca sp. 2
Niobe sp.,Furca sp. 3
Niobe sp.,Marrella sp.
Niobe sp.,Enosiaspis hrungnir
Niobe sp.,Possible waptiid
Niobe sp.,Chasmataspidid
Niobe sp.,Possible pycnogonid
Niobe sp.,Xiphosurid
Niobe sp.,Possible retifaciid
Niobe sp.,Chlupacaris? sp.
Niobe sp.,Tremaglaspis sp.
Niobe sp.,Cheloniellid
Niobe sp.,Phyllocarid
Niobe sp.,Lepadomorph barnacle
Niobe sp.,Eoduslia
Niobe sp.,Asaphellus sp aff. jujuanus
Niobe sp.,Asaphellus sp.
Niobe sp.,Kierarges morrisoni
Niobe sp.,Playpeltoides carmenae
Niobe sp.,Symphysurus sicardi
Niobe sp.,Symphysurus ebbestadi
Niobe sp.,Symphysurus sp.
Niobe sp.,Apatokephalus cf. incisus
Niobe sp.,Orometopus sp.
Niobe sp.,Cnemidopyge sp.
Niobe sp.,Parvilichas marochii
Niobe sp.,Selenopeltis aff. Gallica
Niobe sp.,Selenopeltis binodosa
Niobe sp.,Selenopeltis sp. 1
Niobe sp.,Selenopeltis sp. 2
Niobe sp.,Harpides sp.
Niobe sp.,Foulonia peregrina
Niobe sp.,Foulonia sp.
Niobe sp.,Toletanaspis aff. borni
Niobe sp.,undet. Dalmanitacea
Niobe sp.,Bathycheilus gallicus
Niobe sp.,Bavarilla aff. zemmourensis
Niobe sp.,Bavarilla zemmourensis
Niobe sp.,Bavarilla sp.
Niobe sp.,Colpocoryphe thorali
Niobe sp.,Colpocoryphe pradesensis
Niobe sp.,Colpocoryphe sp.
Niobe sp.,Pharostoma sp.
Niobe sp.,Pharostomina sp. 
Niobe sp.,Prionocheilus aff. languedocensis
Niobe sp.,Prionocheilus sp.
Niobe sp.,Agerina quadrata
Niobe sp.,Euloma sp.
Niobe sp.,Beltella sp.
Niobe sp.,Ampyx priscus
Niobe sp.,Ampyx cf. priscus
Niobe sp.,Ceraurinella? sp.
Niobe sp.,Megalaspidella sp.
Niobe sp.,Megistaspis (Ekeraspis) sp. indet.
Niobe sp.,Platycoryphe sp.
Niobe sp.,Parabathycheilus gallicus
Niobe sp.,Anacheirurus adserai
Niobe sp.,Eoharpes sp.
Niobe sp.,Nileus deynouxi
Niobe sp.,Hospes sp.
Niobe sp.,Ogygiocaris sp.
Niobe sp.,Ormathops clariondi
Niobe sp.,Pterygometopus sp.
Niobe sp.,Megalaspides? sp.
Niobe sp.,Iberocoryphe sp.
Niobe sp.,cf. Niobella sp.
Niobe sp.,Somasteroid indet. n. sp. 1
Niobe sp.,Somasteroid indet. n. sp. 2
Niobe sp.,Somasteroid indet. n. sp. 3
Niobe sp.,Somasteroid indet.
Niobe sp.,undet. Asteroidea
Niobe sp.,undet. Stelleroidea
Niobe sp.,Villebrunaster fezouataensis
Niobe sp.,Palaeosphaeronites sp.
Niobe sp.,Palaeosphaeronites? prokopi
Niobe sp.,Aristocystites cf. bohemicus (sinuous?)
Niobe sp.,Aristocystites sp.
Niobe sp.,Ascocystites? sp.
Niobe sp.,Balantiocystis regnelli
Niobe sp.,Balantiocystis sp.
Niobe sp.,Rhopalocystis sp.
Niobe sp.,Rhopalocystis dehirensis
Niobe sp.,Rhopalocystis destombesi
Niobe sp.,Rhopalocystis fraga
Niobe sp.,Rhopalocystis grandis
Niobe sp.,Rhopalocystis havliceki
Niobe sp.,Rhopalocystis lehmani
Niobe sp.,Rhopalocystis zagoraensis
Niobe sp.,Rhopalocystis sp. A
Niobe sp.,Rhopalocystis sp. B
Niobe sp.,Rhopalocystis sp. C
Niobe sp.,cf. Rhopalocystis
Niobe sp.,Lingulocystis aff. deani
Niobe sp.,Lingulocystis elongata
Niobe sp.,cf. Pareocrinus
Niobe sp.,Eocrinoidea indet. sp. 1
Niobe sp.,Eocrinoidea indet. sp. 2
Niobe sp.,Eocrinoidea indet.
Niobe sp.,Ramseyocrinus sp.
Niobe sp.,Crinoid 2
Niobe sp.,Aethocrinus cf. moorei
Niobe sp.,Iocrinus n. sp.
Niobe sp.,Cystoidea?/undet. Cystoidea
Niobe sp.,Argodiscus espilezorum
Niobe sp.,Anedriophus moroccoensis
Niobe sp.,Rhenopyrgid indet.
Niobe sp.,Ampelocarpus sp.
Niobe sp.,Amygdalotheca griffei
Niobe sp.,Anatifopsis escandei
Niobe sp.,Anatifopsis trapeziiformis
Niobe sp.,Anatifopsis sp.
Niobe sp.,"Anomalocystid n. gen., n. sp. "
Niobe sp.,Aspidocarpus sp.
Niobe sp.,Arauricystis? sp.
Niobe sp.,Balanocystites primus
Niobe sp.,Bohemiaecystis
Niobe sp.,Chauvelicystis ubaghsi
Niobe sp.,Chauvelicystis spinosa
Niobe sp.,Chauvelicystis vizcainoi
Niobe sp.,Chauvelicystis sp.
Niobe sp.,"Chauvelicystid n. gen., n. sp. 1"
Niobe sp.,"Chauvelicystid n. gen., n. sp. 2"
Niobe sp.,Chinianocarpos sp.
Niobe sp.,"Cornuta n. gen. 1, n. sp."
Niobe sp.,"Cornuta n. gen. 2, n. sp."
Niobe sp.,Flabellicarpus rushtoni
Niobe sp.,Flabellicarpus?
Niobe sp.,Galliaecystis n. sp.
Niobe sp.,Galliaecystis ubaghsi
Niobe sp.,Hanusia n. sp.
Niobe sp.,Lagynocystis pyramidalis
Niobe sp.,Lyricocarpus courtessolei
Niobe sp.,Milonicystis sp.
Niobe sp.,Mitrocystitid indet. cf. Ovocarpus
Niobe sp.,Nanocarpus cf. dolambii
Niobe sp.,Phyllocystis blayaci
Niobe sp.,Phyllocystis sp.
Niobe sp.,Procothurnocystis n. sp.
Niobe sp.,Prokopicystis sp.
Niobe sp.,Thoralicystis zagoraensis
Niobe sp.,Thoralicystis n. sp.
Niobe sp.,Vizcainocarpus sp.
Niobe sp.,Cothurnocystid indetl.
Niobe sp.,Hanusiid indet.
Niobe sp.,Peltocystis cornuta
Niobe sp.,Scotiaevystis? sp.
Niobe sp.,Macrocystella sp.
Niobe sp.,Macrocystella bohemica
Niobe sp.,Macrocystella cf. mariae
Niobe sp.,Macrocystella tasseftensis
Niobe sp.,cf. Castericystis
Niobe sp.,cf. Minervaecystis
Niobe sp.,Plasiacystis mobilis
Niobe sp.,Plasiacystis sp.
Niobe sp.,undet. Ophiuroidea
Niobe sp.,Elegantilites sp.
Niobe sp.,Gamalites? sp.
Niobe sp.,Gompholites sp.
Niobe sp.,Nephrotheca sp.
Niobe sp.,Hyolithes sp.
Niobe sp.,Pauxillites thaddei
Niobe sp.,Pauxillites sp.
Pterygometopus sp.,Benthic detritus
Pterygometopus sp.,Acrothele sp.
Pterygometopus sp.,Plectorthis simplex
Pterygometopus sp.,Angusticardinia sp.
Pterygometopus sp.,Lingula salteri
Pterygometopus sp.,Orbithele vana
Pterygometopus sp.,Paurorthis tadristensis
Pterygometopus sp.,Tarfaya marocana
Pterygometopus sp.,Monobolina sp.
Pterygometopus sp.,Elliptoglossa sp.
Pterygometopus sp.,Celdobolus sp.
Pterygometopus sp.,Discinoidea?
Pterygometopus sp.,undet. Dalmanelloidea
Pterygometopus sp.,Bryozoan
Pterygometopus sp.,Redonia michelae
Pterygometopus sp.,Coxiconchia guiraudi
Pterygometopus sp.,Alococoncha?
Pterygometopus sp.,Cienagomya? sp.
Pterygometopus sp.,Ekaterodonta courtessolei
Pterygometopus sp.,Lesueurilla prima
Pterygometopus sp.,undet. Monoplacophora
Pterygometopus sp.,Carcassonnella courtessolei
Pterygometopus sp.,Carcassonnella vizcainoi
Pterygometopus sp.,Carcassonnella sp.
Pterygometopus sp.,Wiwaxiid
Pterygometopus sp.,Helcionelloid
Pterygometopus sp.,Priapulid
Pterygometopus sp.,Enosiaspis hrungnir
Pterygometopus sp., 'Synziphosurine'/Synziphosurina?
Pterygometopus sp.,Possible pycnogonid
Pterygometopus sp.,Possible retifaciid
Pterygometopus sp.,Tariccoia tazagurtensis
Pterygometopus sp.,Ostracod
Pterygometopus sp.,undet. Dikelocephalidae
Pterygometopus sp.,undet. Illaenacea
Pterygometopus sp.,Parabathycheilus gallicus
Pterygometopus sp.,Proetidae?
Pterygometopus sp.,undet. Trinucleidae
Pterygometopus sp.,Palaeosphaeronites sp.
Pterygometopus sp.,Palaeosphaeronites? prokopi
Pterygometopus sp.,Aristocystites cf. bohemicus (sinuous?)
Pterygometopus sp.,Aristocystites sp.
Pterygometopus sp.,Balantiocystis regnelli
Pterygometopus sp.,Balantiocystis sp.
Pterygometopus sp.,Rhopalocystis sp.
Pterygometopus sp.,Rhopalocystis dehirensis
Pterygometopus sp.,Rhopalocystis destombesi
Pterygometopus sp.,Rhopalocystis fraga
Pterygometopus sp.,Rhopalocystis grandis
Pterygometopus sp.,Rhopalocystis havliceki
Pterygometopus sp.,Rhopalocystis lehmani
Pterygometopus sp.,Rhopalocystis zagoraensis
Pterygometopus sp.,Rhopalocystis sp. A
Pterygometopus sp.,Rhopalocystis sp. B
Pterygometopus sp.,Rhopalocystis sp. C
Pterygometopus sp.,cf. Rhopalocystis
Pterygometopus sp.,Lingulocystis aff. deani
Pterygometopus sp.,Lingulocystis elongata
Pterygometopus sp.,cf. Pareocrinus
Pterygometopus sp.,Eocrinoidea indet. sp. 1
Pterygometopus sp.,Eocrinoidea indet. sp. 2
Pterygometopus sp.,Eocrinoidea indet.
Pterygometopus sp.,Ramseyocrinus sp.
Pterygometopus sp.,Crinoid 2
Pterygometopus sp.,Aethocrinus cf. moorei
Pterygometopus sp.,Iocrinus n. sp.
Pterygometopus sp.,Argodiscus espilezorum
Pterygometopus sp.,Anedriophus moroccoensis
Pterygometopus sp.,Rhenopyrgid indet.
Pterygometopus sp.,Ampelocarpus sp.
Pterygometopus sp.,Amygdalotheca griffei
Pterygometopus sp.,Anatifopsis escandei
Pterygometopus sp.,Anatifopsis trapeziiformis
Pterygometopus sp.,Anatifopsis sp.
Pterygometopus sp.,"Anomalocystid n. gen., n. sp. "
Pterygometopus sp.,Aspidocarpus sp.
Pterygometopus sp.,Balanocystites primus
Pterygometopus sp.,Bohemiaecystis
Pterygometopus sp.,Chauvelicystis ubaghsi
Pterygometopus sp.,Chauvelicystis spinosa
Pterygometopus sp.,Chauvelicystis vizcainoi
Pterygometopus sp.,Chauvelicystis sp.
Pterygometopus sp.,"Chauvelicystid n. gen., n. sp. 1"
Pterygometopus sp.,"Chauvelicystid n. gen., n. sp. 2"
Pterygometopus sp.,Chinianocarpos sp.
Pterygometopus sp.,"Cornuta n. gen. 1, n. sp."
Pterygometopus sp.,"Cornuta n. gen. 2, n. sp."
Pterygometopus sp.,Flabellicarpus rushtoni
Pterygometopus sp.,Galliaecystis n. sp.
Pterygometopus sp.,Galliaecystis ubaghsi
Pterygometopus sp.,Lagynocystis pyramidalis
Pterygometopus sp.,Kirkocystidae?
Pterygometopus sp.,Lyricocarpus courtessolei
Pterygometopus sp.,Milonicystis sp.
Pterygometopus sp.,Mitrocystitid indet. cf. Ovocarpus
Pterygometopus sp.,Nanocarpus cf. dolambii
Pterygometopus sp.,Phyllocystis blayaci
Pterygometopus sp.,Procothurnocystis n. sp.
Pterygometopus sp.,Prokopicystis sp.
Pterygometopus sp.,Thoralicystis zagoraensis
Pterygometopus sp.,Vizcainocarpus sp.
Pterygometopus sp.,Peltocystis cornuta
Pterygometopus sp.,Macrocystella sp.
Pterygometopus sp.,Macrocystella bohemica
Pterygometopus sp.,Macrocystella cf. mariae
Pterygometopus sp.,Macrocystella tasseftensis
Pterygometopus sp.,undet. Ophiuroidea
Pterygometopus sp.,Didymograptus cf. arcuatus
Pterygometopus sp.,Didymograptus deflexus
Pterygometopus sp.,Didymograptus extensus
Pterygometopus sp.,Didymograptus v-fractus
Pterygometopus sp.,Didymograptus intendus
Pterygometopus sp.,Didymograptus pennatulus
Pterygometopus sp.,Didymograptus nanus
Pterygometopus sp.,Didymograptus nitidus
Pterygometopus sp.,Didymograptus patulus
Pterygometopus sp.,Didymograptus sparsus
Pterygometopus sp.,"""Didymograptus sp. 1"""
Pterygometopus sp.,Didymograptus sp.
Pterygometopus sp.,Didymograptid indet.
Pterygometopus sp.,Koremagraptus sp.
Pterygometopus sp.,Dictyonema sp.
Pterygometopus sp.,Tuboid
Pterygometopus sp.,?Cymatograptus protobalticus
Pterygometopus sp.,Webbyites felix
Pterygometopus sp.,Rhabdopleura-like epibiont
Nobiliasaphus? sp.,Benthic detritus
Nobiliasaphus? sp.,Ranorthis fasciata
Nobiliasaphus? sp.,undet. Athyridida
Nobiliasaphus? sp.,Acrothele sp.
Nobiliasaphus? sp.,Plectorthis simplex
Nobiliasaphus? sp.,Angusticardinia sp.
Nobiliasaphus? sp.,Lingula salteri
Nobiliasaphus? sp.,Orbithele vana
Nobiliasaphus? sp.,Paurorthis tadristensis
Nobiliasaphus? sp.,Tarfaya marocana
Nobiliasaphus? sp.,Wosekella sp.
Nobiliasaphus? sp.,Monobolina sp.
Nobiliasaphus? sp.,Elliptoglossa sp.
Nobiliasaphus? sp.,Celdobolus sp.
Nobiliasaphus? sp.,Discinoidea?
Nobiliasaphus? sp.,undet. Dalmanelloidea
Nobiliasaphus? sp.,Babinka prima
Nobiliasaphus? sp.,Ctenodonta escosurae
Nobiliasaphus? sp.,Praenucula sp.
Nobiliasaphus? sp.,Redonia michelae
Nobiliasaphus? sp.,Alococoncha?
Nobiliasaphus? sp.,Cardiolaria? sp.
Nobiliasaphus? sp.,Pelecyogyra fezouataensis
Nobiliasaphus? sp.,Sinuites sp.
Nobiliasaphus? sp.,Lesueurilla prima
Nobiliasaphus? sp.,undet. Platyceratoidea
Nobiliasaphus? sp.,undet. Monoplacophora
Nobiliasaphus? sp.,Thoralispira laevis
Nobiliasaphus? sp.,Thoralispira? cf. occitana
Nobiliasaphus? sp.,Ribeiria sp.
Nobiliasaphus? sp.,Tolmachovia?
Nobiliasaphus? sp.,Wiwaxiid
Nobiliasaphus? sp.,Halkieriid
Nobiliasaphus? sp.,Helcionelloid
Nobiliasaphus? sp.,Calvapilosa kroegeri
Nobiliasaphus? sp.,Plumulites bengtsoni
Nobiliasaphus? sp.,Large plumulitid
Nobiliasaphus? sp.,Possible phyllodocid
Nobiliasaphus? sp.,Palaeoscolex cf. tenensis
Nobiliasaphus? sp.,Priapulid
Nobiliasaphus? sp.,Large taxon with spinose limbs
Nobiliasaphus? sp.,Small taxon with spinose limbs
Nobiliasaphus? sp.,Armoured lobopodian 1
Nobiliasaphus? sp.,Armoured lobopodian 2
Nobiliasaphus? sp.,Armoured lobopodian 3
Nobiliasaphus? sp.,Diania-like lobopodian
Nobiliasaphus? sp.,Furca sp. 1
Nobiliasaphus? sp.,Furca sp. 2
Nobiliasaphus? sp.,Furca sp. 3
Nobiliasaphus? sp.,Marrella sp.
Nobiliasaphus? sp.,Enosiaspis hrungnir
Nobiliasaphus? sp.,Possible waptiid
Nobiliasaphus? sp.,Chasmataspidid
Nobiliasaphus? sp.,Possible pycnogonid
Nobiliasaphus? sp.,Xiphosurid
Nobiliasaphus? sp.,Possible retifaciid
Nobiliasaphus? sp.,Chlupacaris? sp.
Nobiliasaphus? sp.,Tremaglaspis sp.
Nobiliasaphus? sp.,Brachyaglaspis singularis
Nobiliasaphus? sp.,Cheloniellid
Nobiliasaphus? sp.,Phyllocarid
Nobiliasaphus? sp.,Lepadomorph barnacle
Nobiliasaphus? sp.,Eoduslia
Nobiliasaphus? sp.,Asaphellus fezouataensis 
Nobiliasaphus? sp.,Asaphellus sp aff. jujuanus
Nobiliasaphus? sp.,Asaphellus tataensis
Nobiliasaphus? sp.,Asaphellus sp.
Nobiliasaphus? sp.,Kierarges morrisoni
Nobiliasaphus? sp.,Playpeltoides carmenae
Nobiliasaphus? sp.,Symphysurus sicardi
Nobiliasaphus? sp.,Symphysurus ebbestadi
Nobiliasaphus? sp.,Symphysurus sp.
Nobiliasaphus? sp.,Apatokephalus cf. incisus
Nobiliasaphus? sp.,Orometopus sp.
Nobiliasaphus? sp.,Cnemidopyge sp.
Nobiliasaphus? sp.,Parvilichas marochii
Nobiliasaphus? sp.,Selenopeltis aff. Gallica
Nobiliasaphus? sp.,Selenopeltis binodosa
Nobiliasaphus? sp.,Selenopeltis sp. 1
Nobiliasaphus? sp.,Selenopeltis sp. 2
Nobiliasaphus? sp.,Harpides sp.
Nobiliasaphus? sp.,Foulonia peregrina
Nobiliasaphus? sp.,Foulonia sp.
Nobiliasaphus? sp.,Toletanaspis aff. borni
Nobiliasaphus? sp.,undet. Dalmanitacea
Nobiliasaphus? sp.,Bathycheilus gallicus
Nobiliasaphus? sp.,Bavarilla aff. zemmourensis
Nobiliasaphus? sp.,Bavarilla zemmourensis
Nobiliasaphus? sp.,Bavarilla sp.
Nobiliasaphus? sp.,Colpocoryphe thorali
Nobiliasaphus? sp.,Colpocoryphe pradesensis
Nobiliasaphus? sp.,Colpocoryphe sp.
Nobiliasaphus? sp.,Pharostoma sp.
Nobiliasaphus? sp.,Pharostomina sp. 
Nobiliasaphus? sp.,Prionocheilus aff. languedocensis
Nobiliasaphus? sp.,Prionocheilus sp.
Nobiliasaphus? sp.,Agerina quadrata
Nobiliasaphus? sp.,Euloma sp.
Nobiliasaphus? sp.,Beltella sp.
Nobiliasaphus? sp.,Ampyx priscus
Nobiliasaphus? sp.,Ampyx cf. priscus
Nobiliasaphus? sp.,Ceraurinella? sp.
Nobiliasaphus? sp.,Megalaspidella sp.
Nobiliasaphus? sp.,Megistaspis (Ekeraspis) sp. indet.
Nobiliasaphus? sp.,Platycoryphe sp.
Nobiliasaphus? sp.,Parabathycheilus gallicus
Nobiliasaphus? sp.,Anacheirurus adserai
Nobiliasaphus? sp.,Eoharpes sp.
Nobiliasaphus? sp.,Nileus deynouxi
Nobiliasaphus? sp.,Hospes sp.
Nobiliasaphus? sp.,Ogygiocaris sp.
Nobiliasaphus? sp.,Ormathops clariondi
Nobiliasaphus? sp.,Pterygometopus sp.
Nobiliasaphus? sp.,Megalaspides? sp.
Nobiliasaphus? sp.,Iberocoryphe sp.
Nobiliasaphus? sp.,cf. Niobella sp.
Nobiliasaphus? sp.,Somasteroid indet. n. sp. 1
Nobiliasaphus? sp.,Somasteroid indet. n. sp. 2
Nobiliasaphus? sp.,Somasteroid indet. n. sp. 3
Nobiliasaphus? sp.,Somasteroid indet.
Nobiliasaphus? sp.,undet. Asteroidea
Nobiliasaphus? sp.,undet. Stelleroidea
Nobiliasaphus? sp.,Villebrunaster fezouataensis
Nobiliasaphus? sp.,Palaeosphaeronites sp.
Nobiliasaphus? sp.,Palaeosphaeronites? prokopi
Nobiliasaphus? sp.,Aristocystites cf. bohemicus (sinuous?)
Nobiliasaphus? sp.,Aristocystites sp.
Nobiliasaphus? sp.,Ascocystites? sp.
Nobiliasaphus? sp.,Balantiocystis regnelli
Nobiliasaphus? sp.,Balantiocystis sp.
Nobiliasaphus? sp.,Rhopalocystis sp.
Nobiliasaphus? sp.,Rhopalocystis dehirensis
Nobiliasaphus? sp.,Rhopalocystis destombesi
Nobiliasaphus? sp.,Rhopalocystis fraga
Nobiliasaphus? sp.,Rhopalocystis grandis
Nobiliasaphus? sp.,Rhopalocystis havliceki
Nobiliasaphus? sp.,Rhopalocystis lehmani
Nobiliasaphus? sp.,Rhopalocystis zagoraensis
Nobiliasaphus? sp.,Rhopalocystis sp. A
Nobiliasaphus? sp.,Rhopalocystis sp. B
Nobiliasaphus? sp.,Rhopalocystis sp. C
Nobiliasaphus? sp.,cf. Rhopalocystis
Nobiliasaphus? sp.,Lingulocystis aff. deani
Nobiliasaphus? sp.,Lingulocystis elongata
Nobiliasaphus? sp.,cf. Pareocrinus
Nobiliasaphus? sp.,Eocrinoidea indet. sp. 1
Nobiliasaphus? sp.,Eocrinoidea indet. sp. 2
Nobiliasaphus? sp.,Eocrinoidea indet.
Nobiliasaphus? sp.,Ramseyocrinus sp.
Nobiliasaphus? sp.,Crinoid 2
Nobiliasaphus? sp.,Aethocrinus cf. moorei
Nobiliasaphus? sp.,Iocrinus n. sp.
Nobiliasaphus? sp.,Cystoidea?/undet. Cystoidea
Nobiliasaphus? sp.,Argodiscus espilezorum
Nobiliasaphus? sp.,Anedriophus moroccoensis
Nobiliasaphus? sp.,Rhenopyrgid indet.
Nobiliasaphus? sp.,Ampelocarpus sp.
Nobiliasaphus? sp.,Amygdalotheca griffei
Nobiliasaphus? sp.,Anatifopsis escandei
Nobiliasaphus? sp.,Anatifopsis trapeziiformis
Nobiliasaphus? sp.,Anatifopsis sp.
Nobiliasaphus? sp.,"Anomalocystid n. gen., n. sp. "
Nobiliasaphus? sp.,Aspidocarpus sp.
Nobiliasaphus? sp.,Arauricystis? sp.
Nobiliasaphus? sp.,Balanocystites primus
Nobiliasaphus? sp.,Bohemiaecystis
Nobiliasaphus? sp.,Chauvelicystis ubaghsi
Nobiliasaphus? sp.,Chauvelicystis spinosa
Nobiliasaphus? sp.,Chauvelicystis vizcainoi
Nobiliasaphus? sp.,Chauvelicystis sp.
Nobiliasaphus? sp.,"Chauvelicystid n. gen., n. sp. 1"
Nobiliasaphus? sp.,"Chauvelicystid n. gen., n. sp. 2"
Nobiliasaphus? sp.,Chinianocarpos sp.
Nobiliasaphus? sp.,"Cornuta n. gen. 1, n. sp."
Nobiliasaphus? sp.,"Cornuta n. gen. 2, n. sp."
Nobiliasaphus? sp.,Flabellicarpus rushtoni
Nobiliasaphus? sp.,Flabellicarpus?
Nobiliasaphus? sp.,Galliaecystis n. sp.
Nobiliasaphus? sp.,Galliaecystis ubaghsi
Nobiliasaphus? sp.,Hanusia n. sp.
Nobiliasaphus? sp.,Lagynocystis pyramidalis
Nobiliasaphus? sp.,Lyricocarpus courtessolei
Nobiliasaphus? sp.,Milonicystis sp.
Nobiliasaphus? sp.,Mitrocystitid indet. cf. Ovocarpus
Nobiliasaphus? sp.,Nanocarpus cf. dolambii
Nobiliasaphus? sp.,Phyllocystis blayaci
Nobiliasaphus? sp.,Phyllocystis sp.
Nobiliasaphus? sp.,Procothurnocystis n. sp.
Nobiliasaphus? sp.,Prokopicystis sp.
Nobiliasaphus? sp.,Thoralicystis zagoraensis
Nobiliasaphus? sp.,Thoralicystis n. sp.
Nobiliasaphus? sp.,Vizcainocarpus sp.
Nobiliasaphus? sp.,Cothurnocystid indetl.
Nobiliasaphus? sp.,Hanusiid indet.
Nobiliasaphus? sp.,Peltocystis cornuta
Nobiliasaphus? sp.,Scotiaevystis? sp.
Nobiliasaphus? sp.,Macrocystella sp.
Nobiliasaphus? sp.,Macrocystella bohemica
Nobiliasaphus? sp.,Macrocystella cf. mariae
Nobiliasaphus? sp.,Macrocystella tasseftensis
Nobiliasaphus? sp.,cf. Castericystis
Nobiliasaphus? sp.,cf. Minervaecystis
Nobiliasaphus? sp.,Plasiacystis mobilis
Nobiliasaphus? sp.,Plasiacystis sp.
Nobiliasaphus? sp.,Nimchacystis agterbosi
Nobiliasaphus? sp.,undet. Ophiuroidea
Nobiliasaphus? sp.,Elegantilites sp.
Nobiliasaphus? sp.,Gamalites? sp.
Nobiliasaphus? sp.,Gompholites sp.
Nobiliasaphus? sp.,Nephrotheca sp.
Nobiliasaphus? sp.,Hyolithes sp.
Nobiliasaphus? sp.,Pauxillites thaddei
Nobiliasaphus? sp.,Pauxillites sp.
Megalaspides? sp.,Benthic detritus
Megalaspides? sp.,Ranorthis fasciata
Megalaspides? sp.,undet. Athyridida
Megalaspides? sp.,Acrothele sp.
Megalaspides? sp.,Plectorthis simplex
Megalaspides? sp.,Angusticardinia sp.
Megalaspides? sp.,Lingula salteri
Megalaspides? sp.,Orbithele vana
Megalaspides? sp.,Paurorthis tadristensis
Megalaspides? sp.,Tarfaya marocana
Megalaspides? sp.,Wosekella sp.
Megalaspides? sp.,Monobolina sp.
Megalaspides? sp.,Elliptoglossa sp.
Megalaspides? sp.,Celdobolus sp.
Megalaspides? sp.,Discinoidea?
Megalaspides? sp.,undet. Dalmanelloidea
Megalaspides? sp.,Bryozoan
Megalaspides? sp.,Ctenodonta escosurae
Megalaspides? sp.,Praenucula sp.
Megalaspides? sp.,Redonia michelae
Megalaspides? sp.,Coxiconchia guiraudi
Megalaspides? sp.,Alococoncha?
Megalaspides? sp.,Cardiolaria? sp.
Megalaspides? sp.,Cienagomya? sp.
Megalaspides? sp.,Ekaterodonta courtessolei
Megalaspides? sp.,Glyptarca sp.
Megalaspides? sp.,Sinuites sp.
Megalaspides? sp.,Lesueurilla prima
Megalaspides? sp.,undet. Platyceratoidea
Megalaspides? sp.,undet. Monoplacophora
Megalaspides? sp.,Carcassonnella courtessolei
Megalaspides? sp.,Carcassonnella vizcainoi
Megalaspides? sp.,Carcassonnella sp.
Megalaspides? sp.,Ribeiria sp.
Megalaspides? sp.,Wiwaxiid
Megalaspides? sp.,Helcionelloid
Megalaspides? sp.,Possible phyllodocid
Megalaspides? sp.,Priapulid
Megalaspides? sp.,Large taxon with spinose limbs
Megalaspides? sp.,Small taxon with spinose limbs
Megalaspides? sp.,Armoured lobopodian 1
Megalaspides? sp.,Armoured lobopodian 2
Megalaspides? sp.,Armoured lobopodian 3
Megalaspides? sp.,Diania-like lobopodian
Megalaspides? sp.,Furca sp. 1
Megalaspides? sp.,Furca sp. 2
Megalaspides? sp.,Furca sp. 3
Megalaspides? sp.,Enosiaspis hrungnir
Megalaspides? sp., 'Synziphosurine'/Synziphosurina?
Megalaspides? sp.,Chasmataspidid
Megalaspides? sp.,Possible pycnogonid
Megalaspides? sp.,Possible retifaciid
Megalaspides? sp.,Tariccoia tazagurtensis
Megalaspides? sp.,Cheloniellid
Megalaspides? sp.,Phyllocarid
Megalaspides? sp.,Ostracod
Megalaspides? sp.,Lepadomorph barnacle
Megalaspides? sp.,Apatokephalus cf. incisus
Megalaspides? sp.,undet. Dikelocephalidae
Megalaspides? sp.,undet. Illaenacea
Megalaspides? sp.,Orometopus sp.
Megalaspides? sp.,Cnemidopyge sp.
Megalaspides? sp.,Toletanaspis aff. borni
Megalaspides? sp.,Bathycheilus gallicus
Megalaspides? sp.,Colpocoryphe thorali
Megalaspides? sp.,Agerina quadrata
Megalaspides? sp.,Geragnostus aff. occitanus
Megalaspides? sp.,Geragnostus sp.
Megalaspides? sp.,Ampyx priscus
Megalaspides? sp.,Ampyx cf. priscus
Megalaspides? sp.,Parabathycheilus gallicus
Megalaspides? sp.,Proetidae?
Megalaspides? sp.,undet. Trinucleidae
Megalaspides? sp.,Nileus deynouxi
Megalaspides? sp.,Hospes sp.
Megalaspides? sp.,Ogygiocaris sp.
Megalaspides? sp.,cf. Niobella sp.
Megalaspides? sp.,Somasteroid indet. n. sp. 1
Megalaspides? sp.,Somasteroid indet. n. sp. 2
Megalaspides? sp.,Somasteroid indet. n. sp. 3
Megalaspides? sp.,Somasteroid indet.
Megalaspides? sp.,undet. Asteroidea
Megalaspides? sp.,Palaeosphaeronites sp.
Megalaspides? sp.,Palaeosphaeronites? prokopi
Megalaspides? sp.,Aristocystites cf. bohemicus (sinuous?)
Megalaspides? sp.,Aristocystites sp.
Megalaspides? sp.,Balantiocystis regnelli
Megalaspides? sp.,Balantiocystis sp.
Megalaspides? sp.,Rhopalocystis sp.
Megalaspides? sp.,Rhopalocystis dehirensis
Megalaspides? sp.,Rhopalocystis destombesi
Megalaspides? sp.,Rhopalocystis fraga
Megalaspides? sp.,Rhopalocystis grandis
Megalaspides? sp.,Rhopalocystis havliceki
Megalaspides? sp.,Rhopalocystis lehmani
Megalaspides? sp.,Rhopalocystis zagoraensis
Megalaspides? sp.,Rhopalocystis sp. A
Megalaspides? sp.,Rhopalocystis sp. B
Megalaspides? sp.,Rhopalocystis sp. C
Megalaspides? sp.,cf. Rhopalocystis
Megalaspides? sp.,Lingulocystis aff. deani
Megalaspides? sp.,Lingulocystis elongata
Megalaspides? sp.,cf. Pareocrinus
Megalaspides? sp.,Eocrinoidea indet. sp. 1
Megalaspides? sp.,Eocrinoidea indet. sp. 2
Megalaspides? sp.,Eocrinoidea indet.
Megalaspides? sp.,Ramseyocrinus sp.
Megalaspides? sp.,Crinoid 2
Megalaspides? sp.,Aethocrinus cf. moorei
Megalaspides? sp.,Iocrinus n. sp.
Megalaspides? sp.,Cystoidea?/undet. Cystoidea
Megalaspides? sp.,Argodiscus espilezorum
Megalaspides? sp.,Anedriophus moroccoensis
Megalaspides? sp.,Rhenopyrgid indet.
Megalaspides? sp.,Ampelocarpus sp.
Megalaspides? sp.,Amygdalotheca griffei
Megalaspides? sp.,Anatifopsis escandei
Megalaspides? sp.,Anatifopsis trapeziiformis
Megalaspides? sp.,Anatifopsis sp.
Megalaspides? sp.,"Anomalocystid n. gen., n. sp. "
Megalaspides? sp.,Aspidocarpus sp.
Megalaspides? sp.,Arauricystis? sp.
Megalaspides? sp.,Balanocystites primus
Megalaspides? sp.,Bohemiaecystis
Megalaspides? sp.,Chauvelicystis ubaghsi
Megalaspides? sp.,Chauvelicystis spinosa
Megalaspides? sp.,Chauvelicystis vizcainoi
Megalaspides? sp.,Chauvelicystis sp.
Megalaspides? sp.,"Chauvelicystid n. gen., n. sp. 1"
Megalaspides? sp.,"Chauvelicystid n. gen., n. sp. 2"
Megalaspides? sp.,Chinianocarpos sp.
Megalaspides? sp.,"Cornuta n. gen. 1, n. sp."
Megalaspides? sp.,"Cornuta n. gen. 2, n. sp."
Megalaspides? sp.,Flabellicarpus rushtoni
Megalaspides? sp.,Flabellicarpus?
Megalaspides? sp.,Galliaecystis n. sp.
Megalaspides? sp.,Galliaecystis ubaghsi
Megalaspides? sp.,Hanusia n. sp.
Megalaspides? sp.,Lagynocystis pyramidalis
Megalaspides? sp.,Kirkocystidae?
Megalaspides? sp.,Lyricocarpus courtessolei
Megalaspides? sp.,Milonicystis sp.
Megalaspides? sp.,Mitrocystitid indet. cf. Ovocarpus
Megalaspides? sp.,Nanocarpus cf. dolambii
Megalaspides? sp.,Phyllocystis blayaci
Megalaspides? sp.,Phyllocystis sp.
Megalaspides? sp.,Procothurnocystis n. sp.
Megalaspides? sp.,Prokopicystis sp.
Megalaspides? sp.,Thoralicystis zagoraensis
Megalaspides? sp.,Thoralicystis n. sp.
Megalaspides? sp.,Vizcainocarpus sp.
Megalaspides? sp.,Cothurnocystid indetl.
Megalaspides? sp.,Hanusiid indet.
Megalaspides? sp.,Peltocystis cornuta
Megalaspides? sp.,Scotiaevystis? sp.
Megalaspides? sp.,Macrocystella sp.
Megalaspides? sp.,Macrocystella bohemica
Megalaspides? sp.,Macrocystella cf. mariae
Megalaspides? sp.,Macrocystella tasseftensis
Megalaspides? sp.,undet. Ophiuroidea
Megalaspides? sp.,Didymograptus cf. arcuatus
Megalaspides? sp.,Didymograptus deflexus
Megalaspides? sp.,Didymograptus extensus
Megalaspides? sp.,Didymograptus v-fractus
Megalaspides? sp.,Didymograptus intendus
Megalaspides? sp.,Didymograptus pennatulus
Megalaspides? sp.,Didymograptus nanus
Megalaspides? sp.,Didymograptus nitidus
Megalaspides? sp.,Didymograptus patulus
Megalaspides? sp.,Didymograptus sparsus
Megalaspides? sp.,"""Didymograptus sp. 1"""
Megalaspides? sp.,Didymograptus sp.
Megalaspides? sp.,Didymograptid indet.
Megalaspides? sp.,Koremagraptus sp.
Megalaspides? sp.,Dictyonema sp.
Megalaspides? sp.,Tuboid
Megalaspides? sp.,?Cymatograptus protobalticus
Megalaspides? sp.,Webbyites felix
Megalaspides? sp.,Rhabdopleura-like epibiont
Megalaspides? sp.,Hyolithes sp.
Lannacus sp.,Benthic detritus
Lannacus sp.,Ranorthis fasciata
Lannacus sp.,undet. Athyridida
Lannacus sp.,Acrothele sp.
Lannacus sp.,Plectorthis simplex
Lannacus sp.,Angusticardinia sp.
Lannacus sp.,Lingula salteri
Lannacus sp.,Orbithele vana
Lannacus sp.,Paurorthis tadristensis
Lannacus sp.,Tarfaya marocana
Lannacus sp.,Wosekella sp.
Lannacus sp.,Monobolina sp.
Lannacus sp.,Elliptoglossa sp.
Lannacus sp.,Celdobolus sp.
Lannacus sp.,Discinoidea?
Lannacus sp.,undet. Dalmanelloidea
Lannacus sp.,Babinka prima
Lannacus sp.,Ctenodonta escosurae
Lannacus sp.,Praenucula sp.
Lannacus sp.,Redonia michelae
Lannacus sp.,Alococoncha?
Lannacus sp.,Cardiolaria? sp.
Lannacus sp.,Glyptarca sp.
Lannacus sp.,Pelecyogyra fezouataensis
Lannacus sp.,Sinuites sp.
Lannacus sp.,Lesueurilla prima
Lannacus sp.,undet. Platyceratoidea
Lannacus sp.,undet. Monoplacophora
Lannacus sp.,Thoralispira laevis
Lannacus sp.,Thoralispira? cf. occitana
Lannacus sp.,Carcassonnella vizcainoi
Lannacus sp.,Ribeiria sp.
Lannacus sp.,Tolmachovia?
Lannacus sp.,Wiwaxiid
Lannacus sp.,Halkieriid
Lannacus sp.,Helcionelloid
Lannacus sp.,Calvapilosa kroegeri
Lannacus sp.,Plumulites bengtsoni
Lannacus sp.,Large plumulitid
Lannacus sp.,Possible phyllodocid
Lannacus sp.,Palaeoscolex cf. tenensis
Lannacus sp.,Priapulid
Lannacus sp.,Large taxon with spinose limbs
Lannacus sp.,Small taxon with spinose limbs
Lannacus sp.,Armoured lobopodian 1
Lannacus sp.,Armoured lobopodian 2
Lannacus sp.,Armoured lobopodian 3
Lannacus sp.,Diania-like lobopodian
Lannacus sp.,Furca sp. 1
Lannacus sp.,Furca sp. 2
Lannacus sp.,Furca sp. 3
Lannacus sp.,Marrella sp.
Lannacus sp.,Enosiaspis hrungnir
Lannacus sp.,Possible waptiid
Lannacus sp.,Chasmataspidid
Lannacus sp.,Possible pycnogonid
Lannacus sp.,Xiphosurid
Lannacus sp.,Possible retifaciid
Lannacus sp.,Tariccoia tazagurtensis
Lannacus sp.,Chlupacaris? sp.
Lannacus sp.,Tremaglaspis sp.
Lannacus sp.,Cheloniellid
Lannacus sp.,Phyllocarid
Lannacus sp.,Lepadomorph barnacle
Lannacus sp.,Eoduslia
Lannacus sp.,Asaphellus sp aff. jujuanus
Lannacus sp.,Asaphellus sp.
Lannacus sp.,Kierarges morrisoni
Lannacus sp.,Symphysurus sicardi
Lannacus sp.,Symphysurus ebbestadi
Lannacus sp.,Symphysurus sp.
Lannacus sp.,Apatokephalus cf. incisus
Lannacus sp.,Orometopus sp.
Lannacus sp.,Cnemidopyge sp.
Lannacus sp.,Parvilichas marochii
Lannacus sp.,Selenopeltis aff. Gallica
Lannacus sp.,Selenopeltis binodosa
Lannacus sp.,Selenopeltis sp. 1
Lannacus sp.,Selenopeltis sp. 2
Lannacus sp.,Foulonia peregrina
Lannacus sp.,Foulonia sp.
Lannacus sp.,Toletanaspis aff. borni
Lannacus sp.,undet. Dalmanitacea
Lannacus sp.,Bathycheilus gallicus
Lannacus sp.,Bavarilla aff. zemmourensis
Lannacus sp.,Bavarilla zemmourensis
Lannacus sp.,Bavarilla sp.
Lannacus sp.,Colpocoryphe thorali
Lannacus sp.,Colpocoryphe pradesensis
Lannacus sp.,Colpocoryphe sp.
Lannacus sp.,Pharostoma sp.
Lannacus sp.,Pharostomina sp. 
Lannacus sp.,Prionocheilus aff. languedocensis
Lannacus sp.,Prionocheilus sp.
Lannacus sp.,Agerina quadrata
Lannacus sp.,Euloma sp.
Lannacus sp.,Geragnostus aff. occitanus
Lannacus sp.,Geragnostus sp.
Lannacus sp.,Beltella sp.
Lannacus sp.,Ampyx priscus
Lannacus sp.,Ampyx cf. priscus
Lannacus sp.,Ceraurinella? sp.
Lannacus sp.,Megalaspidella sp.
Lannacus sp.,Platycoryphe sp.
Lannacus sp.,Parabathycheilus gallicus
Lannacus sp.,Anacheirurus adserai
Lannacus sp.,Eoharpes sp.
Lannacus sp.,Nileus deynouxi
Lannacus sp.,Hospes sp.
Lannacus sp.,Ogygiocaris sp.
Lannacus sp.,Ormathops clariondi
Lannacus sp.,Pterygometopus sp.
Lannacus sp.,Megalaspides? sp.
Lannacus sp.,Iberocoryphe sp.
Lannacus sp.,cf. Niobella sp.
Lannacus sp.,Somasteroid indet. n. sp. 1
Lannacus sp.,Somasteroid indet. n. sp. 2
Lannacus sp.,Somasteroid indet. n. sp. 3
Lannacus sp.,Somasteroid indet.
Lannacus sp.,undet. Asteroidea
Lannacus sp.,undet. Stelleroidea
Lannacus sp.,Villebrunaster fezouataensis
Lannacus sp.,Palaeosphaeronites sp.
Lannacus sp.,Palaeosphaeronites? prokopi
Lannacus sp.,Aristocystites cf. bohemicus (sinuous?)
Lannacus sp.,Aristocystites sp.
Lannacus sp.,Ascocystites? sp.
Lannacus sp.,Balantiocystis regnelli
Lannacus sp.,Balantiocystis sp.
Lannacus sp.,Rhopalocystis sp.
Lannacus sp.,Rhopalocystis dehirensis
Lannacus sp.,Rhopalocystis destombesi
Lannacus sp.,Rhopalocystis fraga
Lannacus sp.,Rhopalocystis grandis
Lannacus sp.,Rhopalocystis havliceki
Lannacus sp.,Rhopalocystis lehmani
Lannacus sp.,Rhopalocystis zagoraensis
Lannacus sp.,Rhopalocystis sp. A
Lannacus sp.,Rhopalocystis sp. B
Lannacus sp.,Rhopalocystis sp. C
Lannacus sp.,cf. Rhopalocystis
Lannacus sp.,Lingulocystis aff. deani
Lannacus sp.,Lingulocystis elongata
Lannacus sp.,cf. Pareocrinus
Lannacus sp.,Eocrinoidea indet. sp. 1
Lannacus sp.,Eocrinoidea indet. sp. 2
Lannacus sp.,Eocrinoidea indet.
Lannacus sp.,Ramseyocrinus sp.
Lannacus sp.,Crinoid 2
Lannacus sp.,Aethocrinus cf. moorei
Lannacus sp.,Iocrinus n. sp.
Lannacus sp.,Cystoidea?/undet. Cystoidea
Lannacus sp.,Argodiscus espilezorum
Lannacus sp.,Anedriophus moroccoensis
Lannacus sp.,Rhenopyrgid indet.
Lannacus sp.,Ampelocarpus sp.
Lannacus sp.,Amygdalotheca griffei
Lannacus sp.,Anatifopsis escandei
Lannacus sp.,Anatifopsis trapeziiformis
Lannacus sp.,Anatifopsis sp.
Lannacus sp.,"Anomalocystid n. gen., n. sp. "
Lannacus sp.,Aspidocarpus sp.
Lannacus sp.,Arauricystis? sp.
Lannacus sp.,Balanocystites primus
Lannacus sp.,Bohemiaecystis
Lannacus sp.,Chauvelicystis ubaghsi
Lannacus sp.,Chauvelicystis spinosa
Lannacus sp.,Chauvelicystis vizcainoi
Lannacus sp.,Chauvelicystis sp.
Lannacus sp.,"Chauvelicystid n. gen., n. sp. 1"
Lannacus sp.,"Chauvelicystid n. gen., n. sp. 2"
Lannacus sp.,Chinianocarpos sp.
Lannacus sp.,"Cornuta n. gen. 1, n. sp."
Lannacus sp.,"Cornuta n. gen. 2, n. sp."
Lannacus sp.,Flabellicarpus rushtoni
Lannacus sp.,Flabellicarpus?
Lannacus sp.,Galliaecystis n. sp.
Lannacus sp.,Galliaecystis ubaghsi
Lannacus sp.,Hanusia n. sp.
Lannacus sp.,Lagynocystis pyramidalis
Lannacus sp.,Lyricocarpus courtessolei
Lannacus sp.,Milonicystis sp.
Lannacus sp.,Mitrocystitid indet. cf. Ovocarpus
Lannacus sp.,Nanocarpus cf. dolambii
Lannacus sp.,Phyllocystis blayaci
Lannacus sp.,Phyllocystis sp.
Lannacus sp.,Procothurnocystis n. sp.
Lannacus sp.,Prokopicystis sp.
Lannacus sp.,Thoralicystis zagoraensis
Lannacus sp.,Thoralicystis n. sp.
Lannacus sp.,Vizcainocarpus sp.
Lannacus sp.,Cothurnocystid indetl.
Lannacus sp.,Hanusiid indet.
Lannacus sp.,Peltocystis cornuta
Lannacus sp.,Scotiaevystis? sp.
Lannacus sp.,Macrocystella sp.
Lannacus sp.,Macrocystella bohemica
Lannacus sp.,Macrocystella cf. mariae
Lannacus sp.,Macrocystella tasseftensis
Lannacus sp.,cf. Minervaecystis
Lannacus sp.,Plasiacystis mobilis
Lannacus sp.,Plasiacystis sp.
Lannacus sp.,undet. Ophiuroidea
Lannacus sp.,Elegantilites sp.
Lannacus sp.,Gamalites? sp.
Lannacus sp.,Gompholites sp.
Lannacus sp.,Nephrotheca sp.
Lannacus sp.,Hyolithes sp.
Lannacus sp.,Pauxillites thaddei
Lannacus sp.,Pauxillites sp.
Iberocoryphe sp.,Benthic detritus
Iberocoryphe sp.,Ranorthis fasciata
Iberocoryphe sp.,undet. Athyridida
Iberocoryphe sp.,Acrothele sp.
Iberocoryphe sp.,Plectorthis simplex
Iberocoryphe sp.,Angusticardinia sp.
Iberocoryphe sp.,Lingula salteri
Iberocoryphe sp.,Orbithele vana
Iberocoryphe sp.,Paurorthis tadristensis
Iberocoryphe sp.,Tarfaya marocana
Iberocoryphe sp.,Wosekella sp.
Iberocoryphe sp.,Monobolina sp.
Iberocoryphe sp.,Elliptoglossa sp.
Iberocoryphe sp.,Celdobolus sp.
Iberocoryphe sp.,Discinoidea?
Iberocoryphe sp.,undet. Dalmanelloidea
Iberocoryphe sp.,Bryozoan
Iberocoryphe sp.,Ctenodonta escosurae
Iberocoryphe sp.,Praenucula sp.
Iberocoryphe sp.,Redonia michelae
Iberocoryphe sp.,Coxiconchia guiraudi
Iberocoryphe sp.,Alococoncha?
Iberocoryphe sp.,Cardiolaria? sp.
Iberocoryphe sp.,Cienagomya? sp.
Iberocoryphe sp.,Ekaterodonta courtessolei
Iberocoryphe sp.,Glyptarca sp.
Iberocoryphe sp.,Sinuites sp.
Iberocoryphe sp.,Lesueurilla prima
Iberocoryphe sp.,undet. Platyceratoidea
Iberocoryphe sp.,undet. Monoplacophora
Iberocoryphe sp.,Carcassonnella courtessolei
Iberocoryphe sp.,Carcassonnella vizcainoi
Iberocoryphe sp.,Carcassonnella sp.
Iberocoryphe sp.,Ribeiria sp.
Iberocoryphe sp.,Wiwaxiid
Iberocoryphe sp.,Helcionelloid
Iberocoryphe sp.,Possible phyllodocid
Iberocoryphe sp.,Priapulid
Iberocoryphe sp.,Large taxon with spinose limbs
Iberocoryphe sp.,Small taxon with spinose limbs
Iberocoryphe sp.,Armoured lobopodian 1
Iberocoryphe sp.,Armoured lobopodian 2
Iberocoryphe sp.,Armoured lobopodian 3
Iberocoryphe sp.,Diania-like lobopodian
Iberocoryphe sp.,Furca sp. 1
Iberocoryphe sp.,Furca sp. 2
Iberocoryphe sp.,Furca sp. 3
Iberocoryphe sp.,Enosiaspis hrungnir
Iberocoryphe sp., 'Synziphosurine'/Synziphosurina?
Iberocoryphe sp.,Chasmataspidid
Iberocoryphe sp.,Possible pycnogonid
Iberocoryphe sp.,Possible retifaciid
Iberocoryphe sp.,Tariccoia tazagurtensis
Iberocoryphe sp.,Cheloniellid
Iberocoryphe sp.,Phyllocarid
Iberocoryphe sp.,Ostracod
Iberocoryphe sp.,Lepadomorph barnacle
Iberocoryphe sp.,Apatokephalus cf. incisus
Iberocoryphe sp.,undet. Dikelocephalidae
Iberocoryphe sp.,undet. Illaenacea
Iberocoryphe sp.,Orometopus sp.
Iberocoryphe sp.,Cnemidopyge sp.
Iberocoryphe sp.,Toletanaspis aff. borni
Iberocoryphe sp.,Bathycheilus gallicus
Iberocoryphe sp.,Colpocoryphe thorali
Iberocoryphe sp.,Agerina quadrata
Iberocoryphe sp.,Geragnostus aff. occitanus
Iberocoryphe sp.,Geragnostus sp.
Iberocoryphe sp.,Ampyx priscus
Iberocoryphe sp.,Ampyx cf. priscus
Iberocoryphe sp.,Parabathycheilus gallicus
Iberocoryphe sp.,Proetidae?
Iberocoryphe sp.,undet. Trinucleidae
Iberocoryphe sp.,Nileus deynouxi
Iberocoryphe sp.,Hospes sp.
Iberocoryphe sp.,Ogygiocaris sp.
Iberocoryphe sp.,cf. Niobella sp.
Iberocoryphe sp.,Somasteroid indet. n. sp. 1
Iberocoryphe sp.,Somasteroid indet. n. sp. 2
Iberocoryphe sp.,Somasteroid indet. n. sp. 3
Iberocoryphe sp.,Somasteroid indet.
Iberocoryphe sp.,undet. Asteroidea
Iberocoryphe sp.,Palaeosphaeronites sp.
Iberocoryphe sp.,Palaeosphaeronites? prokopi
Iberocoryphe sp.,Aristocystites cf. bohemicus (sinuous?)
Iberocoryphe sp.,Aristocystites sp.
Iberocoryphe sp.,Balantiocystis regnelli
Iberocoryphe sp.,Balantiocystis sp.
Iberocoryphe sp.,Rhopalocystis sp.
Iberocoryphe sp.,Rhopalocystis dehirensis
Iberocoryphe sp.,Rhopalocystis destombesi
Iberocoryphe sp.,Rhopalocystis fraga
Iberocoryphe sp.,Rhopalocystis grandis
Iberocoryphe sp.,Rhopalocystis havliceki
Iberocoryphe sp.,Rhopalocystis lehmani
Iberocoryphe sp.,Rhopalocystis zagoraensis
Iberocoryphe sp.,Rhopalocystis sp. A
Iberocoryphe sp.,Rhopalocystis sp. B
Iberocoryphe sp.,Rhopalocystis sp. C
Iberocoryphe sp.,cf. Rhopalocystis
Iberocoryphe sp.,Lingulocystis aff. deani
Iberocoryphe sp.,Lingulocystis elongata
Iberocoryphe sp.,cf. Pareocrinus
Iberocoryphe sp.,Eocrinoidea indet. sp. 1
Iberocoryphe sp.,Eocrinoidea indet. sp. 2
Iberocoryphe sp.,Eocrinoidea indet.
Iberocoryphe sp.,Ramseyocrinus sp.
Iberocoryphe sp.,Crinoid 2
Iberocoryphe sp.,Aethocrinus cf. moorei
Iberocoryphe sp.,Iocrinus n. sp.
Iberocoryphe sp.,Cystoidea?/undet. Cystoidea
Iberocoryphe sp.,Argodiscus espilezorum
Iberocoryphe sp.,Anedriophus moroccoensis
Iberocoryphe sp.,Rhenopyrgid indet.
Iberocoryphe sp.,Ampelocarpus sp.
Iberocoryphe sp.,Amygdalotheca griffei
Iberocoryphe sp.,Anatifopsis escandei
Iberocoryphe sp.,Anatifopsis trapeziiformis
Iberocoryphe sp.,Anatifopsis sp.
Iberocoryphe sp.,"Anomalocystid n. gen., n. sp. "
Iberocoryphe sp.,Aspidocarpus sp.
Iberocoryphe sp.,Arauricystis? sp.
Iberocoryphe sp.,Balanocystites primus
Iberocoryphe sp.,Bohemiaecystis
Iberocoryphe sp.,Chauvelicystis ubaghsi
Iberocoryphe sp.,Chauvelicystis spinosa
Iberocoryphe sp.,Chauvelicystis vizcainoi
Iberocoryphe sp.,Chauvelicystis sp.
Iberocoryphe sp.,"Chauvelicystid n. gen., n. sp. 1"
Iberocoryphe sp.,"Chauvelicystid n. gen., n. sp. 2"
Iberocoryphe sp.,Chinianocarpos sp.
Iberocoryphe sp.,"Cornuta n. gen. 1, n. sp."
Iberocoryphe sp.,"Cornuta n. gen. 2, n. sp."
Iberocoryphe sp.,Flabellicarpus rushtoni
Iberocoryphe sp.,Flabellicarpus?
Iberocoryphe sp.,Galliaecystis n. sp.
Iberocoryphe sp.,Galliaecystis ubaghsi
Iberocoryphe sp.,Hanusia n. sp.
Iberocoryphe sp.,Lagynocystis pyramidalis
Iberocoryphe sp.,Kirkocystidae?
Iberocoryphe sp.,Lyricocarpus courtessolei
Iberocoryphe sp.,Milonicystis sp.
Iberocoryphe sp.,Mitrocystitid indet. cf. Ovocarpus
Iberocoryphe sp.,Nanocarpus cf. dolambii
Iberocoryphe sp.,Phyllocystis blayaci
Iberocoryphe sp.,Phyllocystis sp.
Iberocoryphe sp.,Procothurnocystis n. sp.
Iberocoryphe sp.,Prokopicystis sp.
Iberocoryphe sp.,Thoralicystis zagoraensis
Iberocoryphe sp.,Thoralicystis n. sp.
Iberocoryphe sp.,Vizcainocarpus sp.
Iberocoryphe sp.,Cothurnocystid indetl.
Iberocoryphe sp.,Hanusiid indet.
Iberocoryphe sp.,Peltocystis cornuta
Iberocoryphe sp.,Scotiaevystis? sp.
Iberocoryphe sp.,Macrocystella sp.
Iberocoryphe sp.,Macrocystella bohemica
Iberocoryphe sp.,Macrocystella cf. mariae
Iberocoryphe sp.,Macrocystella tasseftensis
Iberocoryphe sp.,undet. Ophiuroidea
Iberocoryphe sp.,Didymograptus cf. arcuatus
Iberocoryphe sp.,Didymograptus deflexus
Iberocoryphe sp.,Didymograptus extensus
Iberocoryphe sp.,Didymograptus v-fractus
Iberocoryphe sp.,Didymograptus intendus
Iberocoryphe sp.,Didymograptus pennatulus
Iberocoryphe sp.,Didymograptus nanus
Iberocoryphe sp.,Didymograptus nitidus
Iberocoryphe sp.,Didymograptus patulus
Iberocoryphe sp.,Didymograptus sparsus
Iberocoryphe sp.,"""Didymograptus sp. 1"""
Iberocoryphe sp.,Didymograptus sp.
Iberocoryphe sp.,Didymograptid indet.
Iberocoryphe sp.,Koremagraptus sp.
Iberocoryphe sp.,Dictyonema sp.
Iberocoryphe sp.,Tuboid
Iberocoryphe sp.,?Cymatograptus protobalticus
Iberocoryphe sp.,Webbyites felix
Iberocoryphe sp.,Rhabdopleura-like epibiont
Iberocoryphe sp.,Hyolithes sp.
cf. Niobella sp.,Benthic detritus
cf. Niobella sp.,Acrothele sp.
cf. Niobella sp.,Plectorthis simplex
cf. Niobella sp.,Angusticardinia sp.
cf. Niobella sp.,Lingula salteri
cf. Niobella sp.,Orbithele vana
cf. Niobella sp.,Paurorthis tadristensis
cf. Niobella sp.,Tarfaya marocana
cf. Niobella sp.,Monobolina sp.
cf. Niobella sp.,Elliptoglossa sp.
cf. Niobella sp.,Celdobolus sp.
cf. Niobella sp.,Discinoidea?
cf. Niobella sp.,undet. Dalmanelloidea
cf. Niobella sp.,Bryozoan
cf. Niobella sp.,Redonia michelae
cf. Niobella sp.,Coxiconchia guiraudi
cf. Niobella sp.,Alococoncha?
cf. Niobella sp.,Cienagomya? sp.
cf. Niobella sp.,Ekaterodonta courtessolei
cf. Niobella sp.,Lesueurilla prima
cf. Niobella sp.,undet. Monoplacophora
cf. Niobella sp.,Carcassonnella courtessolei
cf. Niobella sp.,Carcassonnella vizcainoi
cf. Niobella sp.,Carcassonnella sp.
cf. Niobella sp.,Wiwaxiid
cf. Niobella sp.,Helcionelloid
cf. Niobella sp.,Priapulid
cf. Niobella sp.,Enosiaspis hrungnir
cf. Niobella sp., 'Synziphosurine'/Synziphosurina?
cf. Niobella sp.,Possible pycnogonid
cf. Niobella sp.,Possible retifaciid
cf. Niobella sp.,Tariccoia tazagurtensis
cf. Niobella sp.,Ostracod
cf. Niobella sp.,undet. Dikelocephalidae
cf. Niobella sp.,undet. Illaenacea
cf. Niobella sp.,Parabathycheilus gallicus
cf. Niobella sp.,Proetidae?
cf. Niobella sp.,undet. Trinucleidae
cf. Niobella sp.,Palaeosphaeronites sp.
cf. Niobella sp.,Palaeosphaeronites? prokopi
cf. Niobella sp.,Aristocystites cf. bohemicus (sinuous?)
cf. Niobella sp.,Aristocystites sp.
cf. Niobella sp.,Balantiocystis regnelli
cf. Niobella sp.,Balantiocystis sp.
cf. Niobella sp.,Rhopalocystis sp.
cf. Niobella sp.,Rhopalocystis dehirensis
cf. Niobella sp.,Rhopalocystis destombesi
cf. Niobella sp.,Rhopalocystis fraga
cf. Niobella sp.,Rhopalocystis grandis
cf. Niobella sp.,Rhopalocystis havliceki
cf. Niobella sp.,Rhopalocystis lehmani
cf. Niobella sp.,Rhopalocystis zagoraensis
cf. Niobella sp.,Rhopalocystis sp. A
cf. Niobella sp.,Rhopalocystis sp. B
cf. Niobella sp.,Rhopalocystis sp. C
cf. Niobella sp.,cf. Rhopalocystis
cf. Niobella sp.,Lingulocystis aff. deani
cf. Niobella sp.,Lingulocystis elongata
cf. Niobella sp.,cf. Pareocrinus
cf. Niobella sp.,Eocrinoidea indet. sp. 1
cf. Niobella sp.,Eocrinoidea indet. sp. 2
cf. Niobella sp.,Eocrinoidea indet.
cf. Niobella sp.,Ramseyocrinus sp.
cf. Niobella sp.,Crinoid 2
cf. Niobella sp.,Aethocrinus cf. moorei
cf. Niobella sp.,Iocrinus n. sp.
cf. Niobella sp.,Argodiscus espilezorum
cf. Niobella sp.,Anedriophus moroccoensis
cf. Niobella sp.,Rhenopyrgid indet.
cf. Niobella sp.,Ampelocarpus sp.
cf. Niobella sp.,Amygdalotheca griffei
cf. Niobella sp.,Anatifopsis escandei
cf. Niobella sp.,Anatifopsis trapeziiformis
cf. Niobella sp.,Anatifopsis sp.
cf. Niobella sp.,"Anomalocystid n. gen., n. sp. "
cf. Niobella sp.,Aspidocarpus sp.
cf. Niobella sp.,Balanocystites primus
cf. Niobella sp.,Bohemiaecystis
cf. Niobella sp.,Chauvelicystis ubaghsi
cf. Niobella sp.,Chauvelicystis spinosa
cf. Niobella sp.,Chauvelicystis vizcainoi
cf. Niobella sp.,Chauvelicystis sp.
cf. Niobella sp.,"Chauvelicystid n. gen., n. sp. 1"
cf. Niobella sp.,"Chauvelicystid n. gen., n. sp. 2"
cf. Niobella sp.,Chinianocarpos sp.
cf. Niobella sp.,"Cornuta n. gen. 1, n. sp."
cf. Niobella sp.,"Cornuta n. gen. 2, n. sp."
cf. Niobella sp.,Flabellicarpus rushtoni
cf. Niobella sp.,Galliaecystis n. sp.
cf. Niobella sp.,Galliaecystis ubaghsi
cf. Niobella sp.,Lagynocystis pyramidalis
cf. Niobella sp.,Kirkocystidae?
cf. Niobella sp.,Lyricocarpus courtessolei
cf. Niobella sp.,Milonicystis sp.
cf. Niobella sp.,Mitrocystitid indet. cf. Ovocarpus
cf. Niobella sp.,Nanocarpus cf. dolambii
cf. Niobella sp.,Phyllocystis blayaci
cf. Niobella sp.,Procothurnocystis n. sp.
cf. Niobella sp.,Prokopicystis sp.
cf. Niobella sp.,Thoralicystis zagoraensis
cf. Niobella sp.,Vizcainocarpus sp.
cf. Niobella sp.,Peltocystis cornuta
cf. Niobella sp.,Macrocystella sp.
cf. Niobella sp.,Macrocystella bohemica
cf. Niobella sp.,Macrocystella cf. mariae
cf. Niobella sp.,Macrocystella tasseftensis
cf. Niobella sp.,undet. Ophiuroidea
cf. Niobella sp.,Didymograptus cf. arcuatus
cf. Niobella sp.,Didymograptus deflexus
cf. Niobella sp.,Didymograptus extensus
cf. Niobella sp.,Didymograptus v-fractus
cf. Niobella sp.,Didymograptus intendus
cf. Niobella sp.,Didymograptus pennatulus
cf. Niobella sp.,Didymograptus nanus
cf. Niobella sp.,Didymograptus nitidus
cf. Niobella sp.,Didymograptus patulus
cf. Niobella sp.,Didymograptus sparsus
cf. Niobella sp.,"""Didymograptus sp. 1"""
cf. Niobella sp.,Didymograptus sp.
cf. Niobella sp.,Didymograptid indet.
cf. Niobella sp.,Koremagraptus sp.
cf. Niobella sp.,Dictyonema sp.
cf. Niobella sp.,Tuboid
cf. Niobella sp.,?Cymatograptus protobalticus
cf. Niobella sp.,Webbyites felix
cf. Niobella sp.,Rhabdopleura-like epibiont
Somasteroid indet. n. sp. 1,phytoplankton
Somasteroid indet. n. sp. 1,suspended organic matter
Somasteroid indet. n. sp. 1,Zooplankton
Somasteroid indet. n. sp. 2,phytoplankton
Somasteroid indet. n. sp. 2,suspended organic matter
Somasteroid indet. n. sp. 2,Zooplankton
Somasteroid indet. n. sp. 3,phytoplankton
Somasteroid indet. n. sp. 3,suspended organic matter
Somasteroid indet. n. sp. 3,Zooplankton
Somasteroid indet.,phytoplankton
Somasteroid indet.,suspended organic matter
Somasteroid indet.,Zooplankton
undet. Asteroidea,Benthic detritus
undet. Asteroidea,Archaeoconularia sp.
undet. Asteroidea,Eoconularia sp.
undet. Asteroidea,Sphenothallus sp. 1
undet. Asteroidea,?Sphenothallus sp. 2
undet. Asteroidea,Octocorallia?
undet. Asteroidea,Ranorthis fasciata
undet. Asteroidea,undet. Athyridida
undet. Asteroidea,Acrothele sp.
undet. Asteroidea,Plectorthis simplex
undet. Asteroidea,Angusticardinia sp.
undet. Asteroidea,Lingula salteri
undet. Asteroidea,Orbithele vana
undet. Asteroidea,Paurorthis tadristensis
undet. Asteroidea,Tarfaya marocana
undet. Asteroidea,Wosekella sp.
undet. Asteroidea,Monobolina sp.
undet. Asteroidea,Elliptoglossa sp.
undet. Asteroidea,Celdobolus sp.
undet. Asteroidea,Discinoidea?
undet. Asteroidea,undet. Dalmanelloidea
undet. Asteroidea,Bryozoan
undet. Asteroidea,Ctenodonta escosurae
undet. Asteroidea,Praenucula sp.
undet. Asteroidea,Redonia michelae
undet. Asteroidea,Coxiconchia guiraudi
undet. Asteroidea,Alococoncha?
undet. Asteroidea,Cardiolaria? sp.
undet. Asteroidea,Cienagomya? sp.
undet. Asteroidea,Ekaterodonta courtessolei
undet. Asteroidea,Glyptarca sp.
undet. Asteroidea,Sinuites sp.
undet. Asteroidea,Lesueurilla prima
undet. Asteroidea,undet. Monoplacophora
undet. Asteroidea,Carcassonnella courtessolei
undet. Asteroidea,Carcassonnella vizcainoi
undet. Asteroidea,Carcassonnella sp.
undet. Asteroidea,Ribeiria sp.
undet. Asteroidea,Didymograptus cf. arcuatus
undet. Asteroidea,Didymograptus deflexus
undet. Asteroidea,Didymograptus extensus
undet. Asteroidea,Didymograptus v-fractus
undet. Asteroidea,Didymograptus intendus
undet. Asteroidea,Didymograptus pennatulus
undet. Asteroidea,Didymograptus nanus
undet. Asteroidea,Didymograptus nitidus
undet. Asteroidea,Didymograptus patulus
undet. Asteroidea,Didymograptus sparsus
undet. Asteroidea,"""Didymograptus sp. 1"""
undet. Asteroidea,Didymograptus sp.
undet. Asteroidea,Didymograptid indet.
undet. Asteroidea,Koremagraptus sp.
undet. Asteroidea,Dictyonema sp.
undet. Asteroidea,Tuboid
undet. Asteroidea,?Cymatograptus protobalticus
undet. Asteroidea,Webbyites felix
undet. Asteroidea,Rhabdopleura-like epibiont
undet. Asteroidea,Hyolithes sp.
undet. Stelleroidea,Benthic detritus
undet. Stelleroidea,Archaeoconularia sp.
undet. Stelleroidea,Eoconularia sp.
undet. Stelleroidea,Sphenothallus sp. 1
undet. Stelleroidea,?Sphenothallus sp. 2
undet. Stelleroidea,Octocorallia?
undet. Stelleroidea,Ranorthis fasciata
undet. Stelleroidea,undet. Athyridida
undet. Stelleroidea,Acrothele sp.
undet. Stelleroidea,Plectorthis simplex
undet. Stelleroidea,Angusticardinia sp.
undet. Stelleroidea,Lingula salteri
undet. Stelleroidea,Orbithele vana
undet. Stelleroidea,Paurorthis tadristensis
undet. Stelleroidea,Tarfaya marocana
undet. Stelleroidea,Wosekella sp.
undet. Stelleroidea,Monobolina sp.
undet. Stelleroidea,Elliptoglossa sp.
undet. Stelleroidea,Celdobolus sp.
undet. Stelleroidea,Discinoidea?
undet. Stelleroidea,undet. Dalmanelloidea
undet. Stelleroidea,Bryozoan
undet. Stelleroidea,Ctenodonta escosurae
undet. Stelleroidea,Praenucula sp.
undet. Stelleroidea,Redonia michelae
undet. Stelleroidea,Coxiconchia guiraudi
undet. Stelleroidea,Alococoncha?
undet. Stelleroidea,Cardiolaria? sp.
undet. Stelleroidea,Cienagomya? sp.
undet. Stelleroidea,Ekaterodonta courtessolei
undet. Stelleroidea,Glyptarca sp.
undet. Stelleroidea,Sinuites sp.
undet. Stelleroidea,Lesueurilla prima
undet. Stelleroidea,undet. Monoplacophora
undet. Stelleroidea,Carcassonnella courtessolei
undet. Stelleroidea,Carcassonnella vizcainoi
undet. Stelleroidea,Carcassonnella sp.
undet. Stelleroidea,Ribeiria sp.
undet. Stelleroidea,Didymograptus cf. arcuatus
undet. Stelleroidea,Didymograptus deflexus
undet. Stelleroidea,Didymograptus extensus
undet. Stelleroidea,Didymograptus v-fractus
undet. Stelleroidea,Didymograptus intendus
undet. Stelleroidea,Didymograptus pennatulus
undet. Stelleroidea,Didymograptus nanus
undet. Stelleroidea,Didymograptus nitidus
undet. Stelleroidea,Didymograptus patulus
undet. Stelleroidea,Didymograptus sparsus
undet. Stelleroidea,"""Didymograptus sp. 1"""
undet. Stelleroidea,Didymograptus sp.
undet. Stelleroidea,Didymograptid indet.
undet. Stelleroidea,Koremagraptus sp.
undet. Stelleroidea,Dictyonema sp.
undet. Stelleroidea,Tuboid
undet. Stelleroidea,?Cymatograptus protobalticus
undet. Stelleroidea,Webbyites felix
undet. Stelleroidea,Rhabdopleura-like epibiont
undet. Stelleroidea,Hyolithes sp.
Villebrunaster fezouataensis,phytoplankton
Villebrunaster fezouataensis,suspended organic matter
Villebrunaster fezouataensis,Zooplankton
Villebrunaster fezouataensis,Ostracod
Villebrunaster fezouataensis,undet. Dikelocephalidae
Villebrunaster fezouataensis,undet. Illaenacea
Villebrunaster fezouataensis,Proetidae?
Palaeosphaeronites sp.,phytoplankton
Palaeosphaeronites sp.,suspended organic matter
Palaeosphaeronites sp.,Zooplankton
Palaeosphaeronites? prokopi,phytoplankton
Palaeosphaeronites? prokopi,suspended organic matter
Palaeosphaeronites? prokopi,Zooplankton
Aristocystites cf. bohemicus (sinuous?),phytoplankton
Aristocystites cf. bohemicus (sinuous?),suspended organic matter
Aristocystites cf. bohemicus (sinuous?),Zooplankton
Aristocystites sp.,phytoplankton
Aristocystites sp.,suspended organic matter
Aristocystites sp.,Zooplankton
Ascocystites? sp.,phytoplankton
Ascocystites? sp.,suspended organic matter
Ascocystites? sp.,Zooplankton
Balantiocystis regnelli,phytoplankton
Balantiocystis regnelli,suspended organic matter
Balantiocystis regnelli,Zooplankton
Balantiocystis sp.,phytoplankton
Balantiocystis sp.,suspended organic matter
Balantiocystis sp.,Zooplankton
Rhopalocystis sp.,phytoplankton
Rhopalocystis sp.,suspended organic matter
Rhopalocystis sp.,Zooplankton
Rhopalocystis dehirensis,phytoplankton
Rhopalocystis dehirensis,suspended organic matter
Rhopalocystis dehirensis,Zooplankton
Rhopalocystis destombesi,phytoplankton
Rhopalocystis destombesi,suspended organic matter
Rhopalocystis destombesi,Zooplankton
Rhopalocystis fraga,phytoplankton
Rhopalocystis fraga,suspended organic matter
Rhopalocystis fraga,Zooplankton
Rhopalocystis grandis,phytoplankton
Rhopalocystis grandis,suspended organic matter
Rhopalocystis grandis,Zooplankton
Rhopalocystis havliceki,phytoplankton
Rhopalocystis havliceki,suspended organic matter
Rhopalocystis havliceki,Zooplankton
Rhopalocystis lehmani,phytoplankton
Rhopalocystis lehmani,suspended organic matter
Rhopalocystis lehmani,Zooplankton
Rhopalocystis zagoraensis,phytoplankton
Rhopalocystis zagoraensis,suspended organic matter
Rhopalocystis zagoraensis,Zooplankton
Rhopalocystis sp. A,phytoplankton
Rhopalocystis sp. A,suspended organic matter
Rhopalocystis sp. A,Zooplankton
Rhopalocystis sp. B,phytoplankton
Rhopalocystis sp. B,suspended organic matter
Rhopalocystis sp. B,Zooplankton
Rhopalocystis sp. C,phytoplankton
Rhopalocystis sp. C,suspended organic matter
Rhopalocystis sp. C,Zooplankton
cf. Rhopalocystis,phytoplankton
cf. Rhopalocystis,suspended organic matter
cf. Rhopalocystis,Zooplankton
Lingulocystis aff. deani,phytoplankton
Lingulocystis aff. deani,suspended organic matter
Lingulocystis aff. deani,Zooplankton
Lingulocystis elongata,phytoplankton
Lingulocystis elongata,suspended organic matter
Lingulocystis elongata,Zooplankton
cf. Pareocrinus,phytoplankton
cf. Pareocrinus,suspended organic matter
cf. Pareocrinus,Zooplankton
Eocrinoidea indet. sp. 1,phytoplankton
Eocrinoidea indet. sp. 1,suspended organic matter
Eocrinoidea indet. sp. 1,Zooplankton
Eocrinoidea indet. sp. 2,phytoplankton
Eocrinoidea indet. sp. 2,suspended organic matter
Eocrinoidea indet. sp. 2,Zooplankton
Eocrinoidea indet.,phytoplankton
Eocrinoidea indet.,suspended organic matter
Eocrinoidea indet.,Zooplankton
Ramseyocrinus sp.,phytoplankton
Ramseyocrinus sp.,suspended organic matter
Ramseyocrinus sp.,Zooplankton
Crinoid 2,phytoplankton
Crinoid 2,suspended organic matter
Crinoid 2,Zooplankton
Aethocrinus cf. moorei,phytoplankton
Aethocrinus cf. moorei,suspended organic matter
Aethocrinus cf. moorei,Zooplankton
Iocrinus n. sp.,phytoplankton
Iocrinus n. sp.,suspended organic matter
Iocrinus n. sp.,Zooplankton
Cystoidea?/undet. Cystoidea,phytoplankton
Cystoidea?/undet. Cystoidea,suspended organic matter
Cystoidea?/undet. Cystoidea,Zooplankton
Argodiscus espilezorum,phytoplankton
Argodiscus espilezorum,suspended organic matter
Argodiscus espilezorum,Benthic detritus
Argodiscus espilezorum,Zooplankton
Anedriophus moroccoensis,phytoplankton
Anedriophus moroccoensis,suspended organic matter
Anedriophus moroccoensis,Benthic detritus
Anedriophus moroccoensis,Zooplankton
Rhenopyrgid indet.,phytoplankton
Rhenopyrgid indet.,suspended organic matter
Rhenopyrgid indet.,Benthic detritus
Rhenopyrgid indet.,Zooplankton
Ampelocarpus sp.,phytoplankton
Ampelocarpus sp.,suspended organic matter
Ampelocarpus sp.,Benthic detritus
Ampelocarpus sp.,Zooplankton
Amygdalotheca griffei,phytoplankton
Amygdalotheca griffei,suspended organic matter
Amygdalotheca griffei,Benthic detritus
Amygdalotheca griffei,Zooplankton
Anatifopsis escandei,phytoplankton
Anatifopsis escandei,suspended organic matter
Anatifopsis escandei,Benthic detritus
Anatifopsis escandei,Zooplankton
Anatifopsis trapeziiformis,phytoplankton
Anatifopsis trapeziiformis,suspended organic matter
Anatifopsis trapeziiformis,Benthic detritus
Anatifopsis trapeziiformis,Zooplankton
Anatifopsis sp.,phytoplankton
Anatifopsis sp.,suspended organic matter
Anatifopsis sp.,Benthic detritus
Anatifopsis sp.,Zooplankton
"Anomalocystid n. gen., n. sp. ",phytoplankton
"Anomalocystid n. gen., n. sp. ",suspended organic matter
"Anomalocystid n. gen., n. sp. ",Benthic detritus
"Anomalocystid n. gen., n. sp. ",Zooplankton
Aspidocarpus sp.,phytoplankton
Aspidocarpus sp.,suspended organic matter
Aspidocarpus sp.,Benthic detritus
Aspidocarpus sp.,Zooplankton
Arauricystis? sp.,phytoplankton
Arauricystis? sp.,suspended organic matter
Arauricystis? sp.,Benthic detritus
Arauricystis? sp.,Zooplankton
Balanocystites primus,phytoplankton
Balanocystites primus,suspended organic matter
Balanocystites primus,Benthic detritus
Balanocystites primus,Zooplankton
Bohemiaecystis,phytoplankton
Bohemiaecystis,suspended organic matter
Bohemiaecystis,Benthic detritus
Bohemiaecystis,Zooplankton
Chauvelicystis ubaghsi,phytoplankton
Chauvelicystis ubaghsi,suspended organic matter
Chauvelicystis ubaghsi,Benthic detritus
Chauvelicystis ubaghsi,Zooplankton
Chauvelicystis spinosa,phytoplankton
Chauvelicystis spinosa,suspended organic matter
Chauvelicystis spinosa,Benthic detritus
Chauvelicystis spinosa,Zooplankton
Chauvelicystis vizcainoi,phytoplankton
Chauvelicystis vizcainoi,suspended organic matter
Chauvelicystis vizcainoi,Benthic detritus
Chauvelicystis vizcainoi,Zooplankton
Chauvelicystis sp.,phytoplankton
Chauvelicystis sp.,suspended organic matter
Chauvelicystis sp.,Benthic detritus
Chauvelicystis sp.,Zooplankton
"Chauvelicystid n. gen., n. sp. 1",phytoplankton
"Chauvelicystid n. gen., n. sp. 1",suspended organic matter
"Chauvelicystid n. gen., n. sp. 1",Benthic detritus
"Chauvelicystid n. gen., n. sp. 1",Zooplankton
"Chauvelicystid n. gen., n. sp. 2",phytoplankton
"Chauvelicystid n. gen., n. sp. 2",suspended organic matter
"Chauvelicystid n. gen., n. sp. 2",Benthic detritus
"Chauvelicystid n. gen., n. sp. 2",Zooplankton
Chinianocarpos sp.,phytoplankton
Chinianocarpos sp.,suspended organic matter
Chinianocarpos sp.,Benthic detritus
Chinianocarpos sp.,Zooplankton
"Cornuta n. gen. 1, n. sp.",phytoplankton
"Cornuta n. gen. 1, n. sp.",suspended organic matter
"Cornuta n. gen. 1, n. sp.",Benthic detritus
"Cornuta n. gen. 1, n. sp.",Zooplankton
"Cornuta n. gen. 2, n. sp.",phytoplankton
"Cornuta n. gen. 2, n. sp.",suspended organic matter
"Cornuta n. gen. 2, n. sp.",Benthic detritus
"Cornuta n. gen. 2, n. sp.",Zooplankton
Flabellicarpus rushtoni,phytoplankton
Flabellicarpus rushtoni,suspended organic matter
Flabellicarpus rushtoni,Benthic detritus
Flabellicarpus rushtoni,Zooplankton
Galliaecystis n. sp.,phytoplankton
Galliaecystis n. sp.,suspended organic matter
Galliaecystis n. sp.,Benthic detritus
Galliaecystis n. sp.,Zooplankton
Galliaecystis ubaghsi,phytoplankton
Galliaecystis ubaghsi,suspended organic matter
Galliaecystis ubaghsi,Benthic detritus
Galliaecystis ubaghsi,Zooplankton
Hanusia n. sp.,phytoplankton
Hanusia n. sp.,suspended organic matter
Hanusia n. sp.,Benthic detritus
Hanusia n. sp.,Zooplankton
Lagynocystis pyramidalis,phytoplankton
Lagynocystis pyramidalis,suspended organic matter
Lagynocystis pyramidalis,Benthic detritus
Lagynocystis pyramidalis,Zooplankton
Kirkocystidae?,phytoplankton
Kirkocystidae?,suspended organic matter
Kirkocystidae?,Benthic detritus
Kirkocystidae?,Zooplankton
Lyricocarpus courtessolei,phytoplankton
Lyricocarpus courtessolei,suspended organic matter
Lyricocarpus courtessolei,Benthic detritus
Lyricocarpus courtessolei,Zooplankton
Milonicystis sp.,phytoplankton
Milonicystis sp.,suspended organic matter
Milonicystis sp.,Benthic detritus
Milonicystis sp.,Zooplankton
Mitrocystitid indet. cf. Ovocarpus,phytoplankton
Mitrocystitid indet. cf. Ovocarpus,suspended organic matter
Mitrocystitid indet. cf. Ovocarpus,Benthic detritus
Mitrocystitid indet. cf. Ovocarpus,Zooplankton
Nanocarpus cf. dolambii,phytoplankton
Nanocarpus cf. dolambii,suspended organic matter
Nanocarpus cf. dolambii,Benthic detritus
Nanocarpus cf. dolambii,Zooplankton
Phyllocystis blayaci,phytoplankton
Phyllocystis blayaci,suspended organic matter
Phyllocystis blayaci,Benthic detritus
Phyllocystis blayaci,Zooplankton
Phyllocystis sp.,phytoplankton
Phyllocystis sp.,suspended organic matter
Phyllocystis sp.,Benthic detritus
Phyllocystis sp.,Zooplankton
Procothurnocystis n. sp.,phytoplankton
Procothurnocystis n. sp.,suspended organic matter
Procothurnocystis n. sp.,Benthic detritus
Procothurnocystis n. sp.,Zooplankton
Prokopicystis sp.,phytoplankton
Prokopicystis sp.,suspended organic matter
Prokopicystis sp.,Benthic detritus
Prokopicystis sp.,Zooplankton
Thoralicystis zagoraensis,phytoplankton
Thoralicystis zagoraensis,suspended organic matter
Thoralicystis zagoraensis,Benthic detritus
Thoralicystis zagoraensis,Zooplankton
Thoralicystis n. sp.,phytoplankton
Thoralicystis n. sp.,suspended organic matter
Thoralicystis n. sp.,Benthic detritus
Thoralicystis n. sp.,Zooplankton
Vizcainocarpus sp.,phytoplankton
Vizcainocarpus sp.,suspended organic matter
Vizcainocarpus sp.,Benthic detritus
Vizcainocarpus sp.,Zooplankton
Cothurnocystid indetl.,phytoplankton
Cothurnocystid indetl.,suspended organic matter
Cothurnocystid indetl.,Benthic detritus
Cothurnocystid indetl.,Zooplankton
Hanusiid indet.,phytoplankton
Hanusiid indet.,suspended organic matter
Hanusiid indet.,Benthic detritus
Hanusiid indet.,Zooplankton
Peltocystis cornuta,phytoplankton
Peltocystis cornuta,suspended organic matter
Peltocystis cornuta,Benthic detritus
Peltocystis cornuta,Zooplankton
Scotiaevystis? sp.,phytoplankton
Scotiaevystis? sp.,suspended organic matter
Scotiaevystis? sp.,Benthic detritus
Scotiaevystis? sp.,Zooplankton
Macrocystella sp.,phytoplankton
Macrocystella sp.,suspended organic matter
Macrocystella sp.,Zooplankton
Macrocystella bohemica,phytoplankton
Macrocystella bohemica,suspended organic matter
Macrocystella bohemica,Zooplankton
Macrocystella cf. mariae,phytoplankton
Macrocystella cf. mariae,suspended organic matter
Macrocystella cf. mariae,Zooplankton
Macrocystella tasseftensis,phytoplankton
Macrocystella tasseftensis,suspended organic matter
Macrocystella tasseftensis,Zooplankton
cf. Castericystis,phytoplankton
cf. Castericystis,suspended organic matter
cf. Castericystis,Zooplankton
cf. Minervaecystis,Benthic detritus
Plasiacystis mobilis,Benthic detritus
Plasiacystis sp.,Benthic detritus
Nimchacystis agterbosi,Benthic detritus
undet. Ophiuroidea,phytoplankton
undet. Ophiuroidea,suspended organic matter
undet. Ophiuroidea,Benthic detritus
undet. Ophiuroidea,Zooplankton
Clonograptus rigidus,phytoplankton
Clonograptus flexibilis,phytoplankton
Clonograptus flexilis,phytoplankton
Clonograptus persistens,phytoplankton
Clonograptus multiplex,phytoplankton
Didymograptus cf. arcuatus,phytoplankton
Didymograptus deflexus,phytoplankton
Didymograptus extensus,phytoplankton
Didymograptus v-fractus,phytoplankton
Didymograptus intendus,phytoplankton
Didymograptus pennatulus,phytoplankton
Didymograptus nanus,phytoplankton
Didymograptus nitidus,phytoplankton
Didymograptus patulus,phytoplankton
Didymograptus sparsus,phytoplankton
"""Didymograptus sp. 1""",phytoplankton
Didymograptus sp.,phytoplankton
Didymograptid indet.,phytoplankton
Dichograptidae?,phytoplankton
Hunnegraptus copiosus,phytoplankton
 'Kiaerograptus' supremus,phytoplankton
Koremagraptus sp.,phytoplankton
Paradelograptus norvegicus,phytoplankton
Paradelograptus tenuis,phytoplankton
Paratemnograptus magnificus,phytoplankton
Tetragraptus cf. approximatus,phytoplankton
Tetragraptus quadribrachiatus,phytoplankton
Tetragraptus reclinatus,phytoplankton
Tetragraptus serra,phytoplankton
Tetragraptus tornquisti,phytoplankton
 'Tetragraptus' bulmani,phytoplankton
Tetragraptus sp.,phytoplankton
Araneograptus murrayi,phytoplankton
Dictyonema sp.,phytoplankton
Tuboid,phytoplankton
Anisograptus cf. matanensis,phytoplankton
Bryograptus divergens,phytoplankton
Bryograptus kjerulfi cumbrensis,phytoplankton
Bryograptus lapworthi,phytoplankton
Rhabdinopora flabelliforme cf. anglica,phytoplankton
Rhabdinopora flabelliforme flabelliforme (flabelliformis flabelliformis ?),phytoplankton
Rhabdinopora flabelliforme multithecatum,phytoplankton
Rhabdinopora flabelliformis socialis,phytoplankton
Rhabdinopora flabelliformis canadenisis,phytoplankton
Rhabdinopora flabelliforme norvegicum,phytoplankton
Acrograptus nicholsoni,phytoplankton
Adelograptus sp.,phytoplankton
Azygograptus eivionicus,phytoplankton
Azygograptus sp.,phytoplankton
Etagraptus putillus,phytoplankton
Hermannograptus sp.,phytoplankton
Isograptus caduceus arcuatus,phytoplankton
Isograptus caduceus gracilis,phytoplankton
Isograptus furcula,phytoplankton
Pterograptus sp.,phytoplankton
Schizograptus sp.,phytoplankton
Temnograptus multiflex,phytoplankton
Temnograptus cf. noveboracensis,phytoplankton
Temnograptus ramulus,phytoplankton
Adelograptus tenellus,phytoplankton
Choristograptus louai,phytoplankton
Ancoragraptus bulmani,phytoplankton
?Cymatograptus protobalticus,phytoplankton
?Baltograptus jacksoni,phytoplankton
Baltograptus minutus,phytoplankton
Baltograptus deflexus,phytoplankton
?Baltograptus kurcki,phytoplankton
Expansograptus sp.,phytoplankton
Webbyites felix,phytoplankton
Cavernolites senex,phytoplankton
Cavernolites senex,suspended organic matter
Elegantilites sp.,phytoplankton
Elegantilites sp.,suspended organic matter
Gamalites? sp.,phytoplankton
Gamalites? sp.,suspended organic matter
Gompholites sp.,phytoplankton
Gompholites sp.,suspended organic matter
Nephrotheca sp.,phytoplankton
Nephrotheca sp.,suspended organic matter
Hyolithes sp.,phytoplankton
Hyolithes sp.,suspended organic matter
Pauxillites thaddei,phytoplankton
Pauxillites thaddei,suspended organic matter
Pauxillites sp.,phytoplankton
Pauxillites sp.,suspended organic matter
Drepanoistodus? cf. pervetus,Benthic detritus
Drepanoistodus? cf. pervetus,Zooplankton
Drepanoistodus? cf. pervetus,Bryozoan
Drepanoistodus? cf. pervetus,Halkieriid
Drepanoistodus? cf. pervetus,Calvapilosa kroegeri
Drepanoistodus? cf. pervetus,Plumulites bengtsoni
Drepanoistodus? cf. pervetus,Large plumulitid
Drepanoistodus? cf. pervetus,Possible phyllodocid
Drepanoistodus? cf. pervetus,Palaeoscolex cf. tenensis
Drepanoistodus? cf. pervetus,Priapulid
Drepanoistodus? cf. pervetus,Large taxon with spinose limbs
Drepanoistodus? cf. pervetus,Small taxon with spinose limbs
Drepanoistodus? cf. pervetus,Clonograptus rigidus
Drepanoistodus? cf. pervetus,Clonograptus flexibilis
Drepanoistodus? cf. pervetus,Clonograptus flexilis
Drepanoistodus? cf. pervetus,Clonograptus persistens
Drepanoistodus? cf. pervetus,Clonograptus multiplex
Drepanoistodus? cf. pervetus,Didymograptus cf. arcuatus
Drepanoistodus? cf. pervetus,Didymograptus deflexus
Drepanoistodus? cf. pervetus,Didymograptus extensus
Drepanoistodus? cf. pervetus,Didymograptus v-fractus
Drepanoistodus? cf. pervetus,Didymograptus intendus
Drepanoistodus? cf. pervetus,Didymograptus pennatulus
Drepanoistodus? cf. pervetus,Didymograptus nanus
Drepanoistodus? cf. pervetus,Didymograptus nitidus
Drepanoistodus? cf. pervetus,Didymograptus patulus
Drepanoistodus? cf. pervetus,Didymograptus sparsus
Drepanoistodus? cf. pervetus,"""Didymograptus sp. 1"""
Drepanoistodus? cf. pervetus,Didymograptus sp.
Drepanoistodus? cf. pervetus,Didymograptid indet.
Drepanoistodus? cf. pervetus,Dichograptidae?
Drepanoistodus? cf. pervetus,Hunnegraptus copiosus
Drepanoistodus? cf. pervetus, 'Kiaerograptus' supremus
Drepanoistodus? cf. pervetus,Koremagraptus sp.
Drepanoistodus? cf. pervetus,Paradelograptus norvegicus
Drepanoistodus? cf. pervetus,Paradelograptus tenuis
Drepanoistodus? cf. pervetus,Paratemnograptus magnificus
Drepanoistodus? cf. pervetus,Tetragraptus cf. approximatus
Drepanoistodus? cf. pervetus,Tetragraptus quadribrachiatus
Drepanoistodus? cf. pervetus,Tetragraptus reclinatus
Drepanoistodus? cf. pervetus,Tetragraptus serra
Drepanoistodus? cf. pervetus,Tetragraptus tornquisti
Drepanoistodus? cf. pervetus, 'Tetragraptus' bulmani
Drepanoistodus? cf. pervetus,Tetragraptus sp.
Drepanoistodus? cf. pervetus,Araneograptus murrayi
Drepanoistodus? cf. pervetus,Dictyonema sp.
Drepanoistodus? cf. pervetus,Tuboid
Drepanoistodus? cf. pervetus,Anisograptus cf. matanensis
Drepanoistodus? cf. pervetus,Bryograptus divergens
Drepanoistodus? cf. pervetus,Bryograptus kjerulfi cumbrensis
Drepanoistodus? cf. pervetus,Bryograptus lapworthi
Drepanoistodus? cf. pervetus,Rhabdinopora flabelliforme cf. anglica
Drepanoistodus? cf. pervetus,Rhabdinopora flabelliforme flabelliforme
Drepanoistodus? cf. pervetus,Rhabdinopora flabelliforme multithecatum
Drepanoistodus? cf. pervetus,Rhabdinopora flabelliformis socialis
Drepanoistodus? cf. pervetus,Rhabdinopora flabelliformis canadenisis
Drepanoistodus? cf. pervetus,Rhabdinopora flabelliforme norvegicum
Drepanoistodus? cf. pervetus,Acrograptus nicholsoni
Drepanoistodus? cf. pervetus,Adelograptus sp.
Drepanoistodus? cf. pervetus,Azygograptus eivionicus
Drepanoistodus? cf. pervetus,Azygograptus sp.
Drepanoistodus? cf. pervetus,Etagraptus putillus
Drepanoistodus? cf. pervetus,Hermannograptus sp.
Drepanoistodus? cf. pervetus,Isograptus caduceus arcuatus
Drepanoistodus? cf. pervetus,Isograptus caduceus gracilis
Drepanoistodus? cf. pervetus,Isograptus furcula
Drepanoistodus? cf. pervetus,Pterograptus sp.
Drepanoistodus? cf. pervetus,Schizograptus sp.
Drepanoistodus? cf. pervetus,Temnograptus multiflex
Drepanoistodus? cf. pervetus,Temnograptus cf. noveboracensis
Drepanoistodus? cf. pervetus,Temnograptus ramulus
Drepanoistodus? cf. pervetus,Adelograptus tenellus
Drepanoistodus? cf. pervetus,Choristograptus louai
Drepanoistodus? cf. pervetus,Ancoragraptus bulmani
Drepanoistodus? cf. pervetus,?Cymatograptus protobalticus
Drepanoistodus? cf. pervetus,?Baltograptus jacksoni
Drepanoistodus? cf. pervetus,Baltograptus minutus
Drepanoistodus? cf. pervetus,Baltograptus deflexus
Drepanoistodus? cf. pervetus,?Baltograptus kurcki
Drepanoistodus? cf. pervetus,Expansograptus sp.
Drepanoistodus? cf. pervetus,Webbyites felix
Drepanoistodus? cf. pervetus,Rhabdopleura-like epibiont
Drepanoistodus? cf. pervetus,Drepanoistodus? cf. pervetus
Drepanoistodus? cf. pervetus,Drepanoistodus cf. forceps
Drepanoistodus? cf. pervetus,Acodus deltatus
Drepanoistodus? cf. pervetus,Cornuodus longibasis
Drepanoistodus? cf. pervetus,Drepanodus arcuatus
Drepanoistodus? cf. pervetus,Paltodus cf. inaequalis
Drepanoistodus? cf. pervetus,Parapaltodus aff. flexuosus
Drepanoistodus? cf. pervetus,Parapaltodus aff. simplicissimus
Drepanoistodus? cf. pervetus,Paroistodus cf. proteus
Drepanoistodus? cf. pervetus,Paroistodus cf. parallellus
Drepanoistodus? cf. pervetus,Periodon cf. selenopsis
Drepanoistodus? cf. pervetus,Periodon cf. primus
Drepanoistodus? cf. pervetus,Prioniodus sp.
Drepanoistodus? cf. pervetus,Prioniodus cf. gilberti
Drepanoistodus? cf. pervetus,Protopanderodus cf. leonardii
Drepanoistodus? cf. pervetus,Scalpellodus aff. gracilis
Drepanoistodus? cf. pervetus,Scolopodus aff. krummi
Drepanoistodus? cf. pervetus,Semiacontiodus sp.
Drepanoistodus? cf. pervetus,Semiacontiodus cf. cornuformis
Drepanoistodus? cf. pervetus,Stolodus cf. stola
Drepanoistodus? cf. pervetus,Tripodus sp.
Drepanoistodus? cf. pervetus,Tripodus aff. Laevis
Drepanoistodus? cf. pervetus,Tropodus sp.
Drepanoistodus? cf. pervetus,Tropodus cf. sweeti
Drepanoistodus cf. forceps,Benthic detritus
Drepanoistodus cf. forceps,Zooplankton
Drepanoistodus cf. forceps,Bryozoan
Drepanoistodus cf. forceps,Halkieriid
Drepanoistodus cf. forceps,Calvapilosa kroegeri
Drepanoistodus cf. forceps,Plumulites bengtsoni
Drepanoistodus cf. forceps,Large plumulitid
Drepanoistodus cf. forceps,Possible phyllodocid
Drepanoistodus cf. forceps,Palaeoscolex cf. tenensis
Drepanoistodus cf. forceps,Priapulid
Drepanoistodus cf. forceps,Large taxon with spinose limbs
Drepanoistodus cf. forceps,Small taxon with spinose limbs
Drepanoistodus cf. forceps,Clonograptus rigidus
Drepanoistodus cf. forceps,Clonograptus flexibilis
Drepanoistodus cf. forceps,Clonograptus flexilis
Drepanoistodus cf. forceps,Clonograptus persistens
Drepanoistodus cf. forceps,Clonograptus multiplex
Drepanoistodus cf. forceps,Didymograptus cf. arcuatus
Drepanoistodus cf. forceps,Didymograptus deflexus
Drepanoistodus cf. forceps,Didymograptus extensus
Drepanoistodus cf. forceps,Didymograptus v-fractus
Drepanoistodus cf. forceps,Didymograptus intendus
Drepanoistodus cf. forceps,Didymograptus pennatulus
Drepanoistodus cf. forceps,Didymograptus nanus
Drepanoistodus cf. forceps,Didymograptus nitidus
Drepanoistodus cf. forceps,Didymograptus patulus
Drepanoistodus cf. forceps,Didymograptus sparsus
Drepanoistodus cf. forceps,"""Didymograptus sp. 1"""
Drepanoistodus cf. forceps,Didymograptus sp.
Drepanoistodus cf. forceps,Didymograptid indet.
Drepanoistodus cf. forceps,Dichograptidae?
Drepanoistodus cf. forceps,Hunnegraptus copiosus
Drepanoistodus cf. forceps, 'Kiaerograptus' supremus
Drepanoistodus cf. forceps,Koremagraptus sp.
Drepanoistodus cf. forceps,Paradelograptus norvegicus
Drepanoistodus cf. forceps,Paradelograptus tenuis
Drepanoistodus cf. forceps,Paratemnograptus magnificus
Drepanoistodus cf. forceps,Tetragraptus cf. approximatus
Drepanoistodus cf. forceps,Tetragraptus quadribrachiatus
Drepanoistodus cf. forceps,Tetragraptus reclinatus
Drepanoistodus cf. forceps,Tetragraptus serra
Drepanoistodus cf. forceps,Tetragraptus tornquisti
Drepanoistodus cf. forceps, 'Tetragraptus' bulmani
Drepanoistodus cf. forceps,Tetragraptus sp.
Drepanoistodus cf. forceps,Araneograptus murrayi
Drepanoistodus cf. forceps,Dictyonema sp.
Drepanoistodus cf. forceps,Tuboid
Drepanoistodus cf. forceps,Anisograptus cf. matanensis
Drepanoistodus cf. forceps,Bryograptus divergens
Drepanoistodus cf. forceps,Bryograptus kjerulfi cumbrensis
Drepanoistodus cf. forceps,Bryograptus lapworthi
Drepanoistodus cf. forceps,Rhabdinopora flabelliforme cf. anglica
Drepanoistodus cf. forceps,Rhabdinopora flabelliforme flabelliforme
Drepanoistodus cf. forceps,Rhabdinopora flabelliforme multithecatum
Drepanoistodus cf. forceps,Rhabdinopora flabelliformis socialis
Drepanoistodus cf. forceps,Rhabdinopora flabelliformis canadenisis
Drepanoistodus cf. forceps,Rhabdinopora flabelliforme norvegicum
Drepanoistodus cf. forceps,Acrograptus nicholsoni
Drepanoistodus cf. forceps,Adelograptus sp.
Drepanoistodus cf. forceps,Azygograptus eivionicus
Drepanoistodus cf. forceps,Azygograptus sp.
Drepanoistodus cf. forceps,Etagraptus putillus
Drepanoistodus cf. forceps,Hermannograptus sp.
Drepanoistodus cf. forceps,Isograptus caduceus arcuatus
Drepanoistodus cf. forceps,Isograptus caduceus gracilis
Drepanoistodus cf. forceps,Isograptus furcula
Drepanoistodus cf. forceps,Pterograptus sp.
Drepanoistodus cf. forceps,Schizograptus sp.
Drepanoistodus cf. forceps,Temnograptus multiflex
Drepanoistodus cf. forceps,Temnograptus cf. noveboracensis
Drepanoistodus cf. forceps,Temnograptus ramulus
Drepanoistodus cf. forceps,Adelograptus tenellus
Drepanoistodus cf. forceps,Choristograptus louai
Drepanoistodus cf. forceps,Ancoragraptus bulmani
Drepanoistodus cf. forceps,?Cymatograptus protobalticus
Drepanoistodus cf. forceps,?Baltograptus jacksoni
Drepanoistodus cf. forceps,Baltograptus minutus
Drepanoistodus cf. forceps,Baltograptus deflexus
Drepanoistodus cf. forceps,?Baltograptus kurcki
Drepanoistodus cf. forceps,Expansograptus sp.
Drepanoistodus cf. forceps,Webbyites felix
Drepanoistodus cf. forceps,Rhabdopleura-like epibiont
Drepanoistodus cf. forceps,Drepanoistodus? cf. pervetus
Drepanoistodus cf. forceps,Drepanoistodus cf. forceps
Drepanoistodus cf. forceps,Acodus deltatus
Drepanoistodus cf. forceps,Cornuodus longibasis
Drepanoistodus cf. forceps,Drepanodus arcuatus
Drepanoistodus cf. forceps,Paltodus cf. inaequalis
Drepanoistodus cf. forceps,Parapaltodus aff. flexuosus
Drepanoistodus cf. forceps,Parapaltodus aff. simplicissimus
Drepanoistodus cf. forceps,Paroistodus cf. proteus
Drepanoistodus cf. forceps,Paroistodus cf. parallellus
Drepanoistodus cf. forceps,Periodon cf. selenopsis
Drepanoistodus cf. forceps,Periodon cf. primus
Drepanoistodus cf. forceps,Prioniodus sp.
Drepanoistodus cf. forceps,Prioniodus cf. gilberti
Drepanoistodus cf. forceps,Protopanderodus cf. leonardii
Drepanoistodus cf. forceps,Scalpellodus aff. gracilis
Drepanoistodus cf. forceps,Scolopodus aff. krummi
Drepanoistodus cf. forceps,Semiacontiodus sp.
Drepanoistodus cf. forceps,Semiacontiodus cf. cornuformis
Drepanoistodus cf. forceps,Stolodus cf. stola
Drepanoistodus cf. forceps,Tripodus sp.
Drepanoistodus cf. forceps,Tripodus aff. Laevis
Drepanoistodus cf. forceps,Tropodus sp.
Drepanoistodus cf. forceps,Tropodus cf. sweeti
Acodus deltatus,Benthic detritus
Acodus deltatus,Zooplankton
Acodus deltatus,Bryozoan
Acodus deltatus,Halkieriid
Acodus deltatus,Calvapilosa kroegeri
Acodus deltatus,Plumulites bengtsoni
Acodus deltatus,Large plumulitid
Acodus deltatus,Possible phyllodocid
Acodus deltatus,Palaeoscolex cf. tenensis
Acodus deltatus,Priapulid
Acodus deltatus,Large taxon with spinose limbs
Acodus deltatus,Small taxon with spinose limbs
Acodus deltatus,Clonograptus rigidus
Acodus deltatus,Clonograptus flexibilis
Acodus deltatus,Clonograptus flexilis
Acodus deltatus,Clonograptus persistens
Acodus deltatus,Clonograptus multiplex
Acodus deltatus,Didymograptus cf. arcuatus
Acodus deltatus,Didymograptus deflexus
Acodus deltatus,Didymograptus extensus
Acodus deltatus,Didymograptus v-fractus
Acodus deltatus,Didymograptus intendus
Acodus deltatus,Didymograptus pennatulus
Acodus deltatus,Didymograptus nanus
Acodus deltatus,Didymograptus nitidus
Acodus deltatus,Didymograptus patulus
Acodus deltatus,Didymograptus sparsus
Acodus deltatus,"""Didymograptus sp. 1"""
Acodus deltatus,Didymograptus sp.
Acodus deltatus,Didymograptid indet.
Acodus deltatus,Dichograptidae?
Acodus deltatus,Hunnegraptus copiosus
Acodus deltatus, 'Kiaerograptus' supremus
Acodus deltatus,Koremagraptus sp.
Acodus deltatus,Paradelograptus norvegicus
Acodus deltatus,Paradelograptus tenuis
Acodus deltatus,Paratemnograptus magnificus
Acodus deltatus,Tetragraptus cf. approximatus
Acodus deltatus,Tetragraptus quadribrachiatus
Acodus deltatus,Tetragraptus reclinatus
Acodus deltatus,Tetragraptus serra
Acodus deltatus,Tetragraptus tornquisti
Acodus deltatus, 'Tetragraptus' bulmani
Acodus deltatus,Tetragraptus sp.
Acodus deltatus,Araneograptus murrayi
Acodus deltatus,Dictyonema sp.
Acodus deltatus,Tuboid
Acodus deltatus,Anisograptus cf. matanensis
Acodus deltatus,Bryograptus divergens
Acodus deltatus,Bryograptus kjerulfi cumbrensis
Acodus deltatus,Bryograptus lapworthi
Acodus deltatus,Rhabdinopora flabelliforme cf. anglica
Acodus deltatus,Rhabdinopora flabelliforme flabelliforme
Acodus deltatus,Rhabdinopora flabelliforme multithecatum
Acodus deltatus,Rhabdinopora flabelliformis socialis
Acodus deltatus,Rhabdinopora flabelliformis canadenisis
Acodus deltatus,Rhabdinopora flabelliforme norvegicum
Acodus deltatus,Acrograptus nicholsoni
Acodus deltatus,Adelograptus sp.
Acodus deltatus,Azygograptus eivionicus
Acodus deltatus,Azygograptus sp.
Acodus deltatus,Etagraptus putillus
Acodus deltatus,Hermannograptus sp.
Acodus deltatus,Isograptus caduceus arcuatus
Acodus deltatus,Isograptus caduceus gracilis
Acodus deltatus,Isograptus furcula
Acodus deltatus,Pterograptus sp.
Acodus deltatus,Schizograptus sp.
Acodus deltatus,Temnograptus multiflex
Acodus deltatus,Temnograptus cf. noveboracensis
Acodus deltatus,Temnograptus ramulus
Acodus deltatus,Adelograptus tenellus
Acodus deltatus,Choristograptus louai
Acodus deltatus,Ancoragraptus bulmani
Acodus deltatus,?Cymatograptus protobalticus
Acodus deltatus,?Baltograptus jacksoni
Acodus deltatus,Baltograptus minutus
Acodus deltatus,Baltograptus deflexus
Acodus deltatus,?Baltograptus kurcki
Acodus deltatus,Expansograptus sp.
Acodus deltatus,Webbyites felix
Acodus deltatus,Rhabdopleura-like epibiont
Acodus deltatus,Drepanoistodus? cf. pervetus
Acodus deltatus,Drepanoistodus cf. forceps
Acodus deltatus,Acodus deltatus
Acodus deltatus,Cornuodus longibasis
Acodus deltatus,Drepanodus arcuatus
Acodus deltatus,Paltodus cf. inaequalis
Acodus deltatus,Parapaltodus aff. flexuosus
Acodus deltatus,Parapaltodus aff. simplicissimus
Acodus deltatus,Paroistodus cf. proteus
Acodus deltatus,Paroistodus cf. parallellus
Acodus deltatus,Periodon cf. selenopsis
Acodus deltatus,Periodon cf. primus
Acodus deltatus,Prioniodus sp.
Acodus deltatus,Prioniodus cf. gilberti
Acodus deltatus,Protopanderodus cf. leonardii
Acodus deltatus,Scalpellodus aff. gracilis
Acodus deltatus,Scolopodus aff. krummi
Acodus deltatus,Semiacontiodus sp.
Acodus deltatus,Semiacontiodus cf. cornuformis
Acodus deltatus,Stolodus cf. stola
Acodus deltatus,Tripodus sp.
Acodus deltatus,Tripodus aff. Laevis
Acodus deltatus,Tropodus sp.
Acodus deltatus,Tropodus cf. sweeti
Cornuodus longibasis,Benthic detritus
Cornuodus longibasis,Zooplankton
Cornuodus longibasis,Bryozoan
Cornuodus longibasis,Halkieriid
Cornuodus longibasis,Calvapilosa kroegeri
Cornuodus longibasis,Plumulites bengtsoni
Cornuodus longibasis,Large plumulitid
Cornuodus longibasis,Possible phyllodocid
Cornuodus longibasis,Palaeoscolex cf. tenensis
Cornuodus longibasis,Priapulid
Cornuodus longibasis,Large taxon with spinose limbs
Cornuodus longibasis,Small taxon with spinose limbs
Cornuodus longibasis,Clonograptus rigidus
Cornuodus longibasis,Clonograptus flexibilis
Cornuodus longibasis,Clonograptus flexilis
Cornuodus longibasis,Clonograptus persistens
Cornuodus longibasis,Clonograptus multiplex
Cornuodus longibasis,Didymograptus cf. arcuatus
Cornuodus longibasis,Didymograptus deflexus
Cornuodus longibasis,Didymograptus extensus
Cornuodus longibasis,Didymograptus v-fractus
Cornuodus longibasis,Didymograptus intendus
Cornuodus longibasis,Didymograptus pennatulus
Cornuodus longibasis,Didymograptus nanus
Cornuodus longibasis,Didymograptus nitidus
Cornuodus longibasis,Didymograptus patulus
Cornuodus longibasis,Didymograptus sparsus
Cornuodus longibasis,"""Didymograptus sp. 1"""
Cornuodus longibasis,Didymograptus sp.
Cornuodus longibasis,Didymograptid indet.
Cornuodus longibasis,Dichograptidae?
Cornuodus longibasis,Hunnegraptus copiosus
Cornuodus longibasis, 'Kiaerograptus' supremus
Cornuodus longibasis,Koremagraptus sp.
Cornuodus longibasis,Paradelograptus norvegicus
Cornuodus longibasis,Paradelograptus tenuis
Cornuodus longibasis,Paratemnograptus magnificus
Cornuodus longibasis,Tetragraptus cf. approximatus
Cornuodus longibasis,Tetragraptus quadribrachiatus
Cornuodus longibasis,Tetragraptus reclinatus
Cornuodus longibasis,Tetragraptus serra
Cornuodus longibasis,Tetragraptus tornquisti
Cornuodus longibasis, 'Tetragraptus' bulmani
Cornuodus longibasis,Tetragraptus sp.
Cornuodus longibasis,Araneograptus murrayi
Cornuodus longibasis,Dictyonema sp.
Cornuodus longibasis,Tuboid
Cornuodus longibasis,Anisograptus cf. matanensis
Cornuodus longibasis,Bryograptus divergens
Cornuodus longibasis,Bryograptus kjerulfi cumbrensis
Cornuodus longibasis,Bryograptus lapworthi
Cornuodus longibasis,Rhabdinopora flabelliforme cf. anglica
Cornuodus longibasis,Rhabdinopora flabelliforme flabelliforme
Cornuodus longibasis,Rhabdinopora flabelliforme multithecatum
Cornuodus longibasis,Rhabdinopora flabelliformis socialis
Cornuodus longibasis,Rhabdinopora flabelliformis canadenisis
Cornuodus longibasis,Rhabdinopora flabelliforme norvegicum
Cornuodus longibasis,Acrograptus nicholsoni
Cornuodus longibasis,Adelograptus sp.
Cornuodus longibasis,Azygograptus eivionicus
Cornuodus longibasis,Azygograptus sp.
Cornuodus longibasis,Etagraptus putillus
Cornuodus longibasis,Hermannograptus sp.
Cornuodus longibasis,Isograptus caduceus arcuatus
Cornuodus longibasis,Isograptus caduceus gracilis
Cornuodus longibasis,Isograptus furcula
Cornuodus longibasis,Pterograptus sp.
Cornuodus longibasis,Schizograptus sp.
Cornuodus longibasis,Temnograptus multiflex
Cornuodus longibasis,Temnograptus cf. noveboracensis
Cornuodus longibasis,Temnograptus ramulus
Cornuodus longibasis,Adelograptus tenellus
Cornuodus longibasis,Choristograptus louai
Cornuodus longibasis,Ancoragraptus bulmani
Cornuodus longibasis,?Cymatograptus protobalticus
Cornuodus longibasis,?Baltograptus jacksoni
Cornuodus longibasis,Baltograptus minutus
Cornuodus longibasis,Baltograptus deflexus
Cornuodus longibasis,?Baltograptus kurcki
Cornuodus longibasis,Expansograptus sp.
Cornuodus longibasis,Webbyites felix
Cornuodus longibasis,Rhabdopleura-like epibiont
Cornuodus longibasis,Drepanoistodus? cf. pervetus
Cornuodus longibasis,Drepanoistodus cf. forceps
Cornuodus longibasis,Acodus deltatus
Cornuodus longibasis,Cornuodus longibasis
Cornuodus longibasis,Drepanodus arcuatus
Cornuodus longibasis,Paltodus cf. inaequalis
Cornuodus longibasis,Parapaltodus aff. flexuosus
Cornuodus longibasis,Parapaltodus aff. simplicissimus
Cornuodus longibasis,Paroistodus cf. proteus
Cornuodus longibasis,Paroistodus cf. parallellus
Cornuodus longibasis,Periodon cf. selenopsis
Cornuodus longibasis,Periodon cf. primus
Cornuodus longibasis,Prioniodus sp.
Cornuodus longibasis,Prioniodus cf. gilberti
Cornuodus longibasis,Protopanderodus cf. leonardii
Cornuodus longibasis,Scalpellodus aff. gracilis
Cornuodus longibasis,Scolopodus aff. krummi
Cornuodus longibasis,Semiacontiodus sp.
Cornuodus longibasis,Semiacontiodus cf. cornuformis
Cornuodus longibasis,Stolodus cf. stola
Cornuodus longibasis,Tripodus sp.
Cornuodus longibasis,Tripodus aff. Laevis
Cornuodus longibasis,Tropodus sp.
Cornuodus longibasis,Tropodus cf. sweeti
Drepanodus arcuatus,Benthic detritus
Drepanodus arcuatus,Zooplankton
Drepanodus arcuatus,Bryozoan
Drepanodus arcuatus,Halkieriid
Drepanodus arcuatus,Calvapilosa kroegeri
Drepanodus arcuatus,Plumulites bengtsoni
Drepanodus arcuatus,Large plumulitid
Drepanodus arcuatus,Possible phyllodocid
Drepanodus arcuatus,Palaeoscolex cf. tenensis
Drepanodus arcuatus,Priapulid
Drepanodus arcuatus,Large taxon with spinose limbs
Drepanodus arcuatus,Small taxon with spinose limbs
Drepanodus arcuatus,Clonograptus rigidus
Drepanodus arcuatus,Clonograptus flexibilis
Drepanodus arcuatus,Clonograptus flexilis
Drepanodus arcuatus,Clonograptus persistens
Drepanodus arcuatus,Clonograptus multiplex
Drepanodus arcuatus,Didymograptus cf. arcuatus
Drepanodus arcuatus,Didymograptus deflexus
Drepanodus arcuatus,Didymograptus extensus
Drepanodus arcuatus,Didymograptus v-fractus
Drepanodus arcuatus,Didymograptus intendus
Drepanodus arcuatus,Didymograptus pennatulus
Drepanodus arcuatus,Didymograptus nanus
Drepanodus arcuatus,Didymograptus nitidus
Drepanodus arcuatus,Didymograptus patulus
Drepanodus arcuatus,Didymograptus sparsus
Drepanodus arcuatus,"""Didymograptus sp. 1"""
Drepanodus arcuatus,Didymograptus sp.
Drepanodus arcuatus,Didymograptid indet.
Drepanodus arcuatus,Dichograptidae?
Drepanodus arcuatus,Hunnegraptus copiosus
Drepanodus arcuatus, 'Kiaerograptus' supremus
Drepanodus arcuatus,Koremagraptus sp.
Drepanodus arcuatus,Paradelograptus norvegicus
Drepanodus arcuatus,Paradelograptus tenuis
Drepanodus arcuatus,Paratemnograptus magnificus
Drepanodus arcuatus,Tetragraptus cf. approximatus
Drepanodus arcuatus,Tetragraptus quadribrachiatus
Drepanodus arcuatus,Tetragraptus reclinatus
Drepanodus arcuatus,Tetragraptus serra
Drepanodus arcuatus,Tetragraptus tornquisti
Drepanodus arcuatus, 'Tetragraptus' bulmani
Drepanodus arcuatus,Tetragraptus sp.
Drepanodus arcuatus,Araneograptus murrayi
Drepanodus arcuatus,Dictyonema sp.
Drepanodus arcuatus,Tuboid
Drepanodus arcuatus,Anisograptus cf. matanensis
Drepanodus arcuatus,Bryograptus divergens
Drepanodus arcuatus,Bryograptus kjerulfi cumbrensis
Drepanodus arcuatus,Bryograptus lapworthi
Drepanodus arcuatus,Rhabdinopora flabelliforme cf. anglica
Drepanodus arcuatus,Rhabdinopora flabelliforme flabelliforme
Drepanodus arcuatus,Rhabdinopora flabelliforme multithecatum
Drepanodus arcuatus,Rhabdinopora flabelliformis socialis
Drepanodus arcuatus,Rhabdinopora flabelliformis canadenisis
Drepanodus arcuatus,Rhabdinopora flabelliforme norvegicum
Drepanodus arcuatus,Acrograptus nicholsoni
Drepanodus arcuatus,Adelograptus sp.
Drepanodus arcuatus,Azygograptus eivionicus
Drepanodus arcuatus,Azygograptus sp.
Drepanodus arcuatus,Etagraptus putillus
Drepanodus arcuatus,Hermannograptus sp.
Drepanodus arcuatus,Isograptus caduceus arcuatus
Drepanodus arcuatus,Isograptus caduceus gracilis
Drepanodus arcuatus,Isograptus furcula
Drepanodus arcuatus,Pterograptus sp.
Drepanodus arcuatus,Schizograptus sp.
Drepanodus arcuatus,Temnograptus multiflex
Drepanodus arcuatus,Temnograptus cf. noveboracensis
Drepanodus arcuatus,Temnograptus ramulus
Drepanodus arcuatus,Adelograptus tenellus
Drepanodus arcuatus,Choristograptus louai
Drepanodus arcuatus,Ancoragraptus bulmani
Drepanodus arcuatus,?Cymatograptus protobalticus
Drepanodus arcuatus,?Baltograptus jacksoni
Drepanodus arcuatus,Baltograptus minutus
Drepanodus arcuatus,Baltograptus deflexus
Drepanodus arcuatus,?Baltograptus kurcki
Drepanodus arcuatus,Expansograptus sp.
Drepanodus arcuatus,Webbyites felix
Drepanodus arcuatus,Rhabdopleura-like epibiont
Drepanodus arcuatus,Drepanoistodus? cf. pervetus
Drepanodus arcuatus,Drepanoistodus cf. forceps
Drepanodus arcuatus,Acodus deltatus
Drepanodus arcuatus,Cornuodus longibasis
Drepanodus arcuatus,Drepanodus arcuatus
Drepanodus arcuatus,Paltodus cf. inaequalis
Drepanodus arcuatus,Parapaltodus aff. flexuosus
Drepanodus arcuatus,Parapaltodus aff. simplicissimus
Drepanodus arcuatus,Paroistodus cf. proteus
Drepanodus arcuatus,Paroistodus cf. parallellus
Drepanodus arcuatus,Periodon cf. selenopsis
Drepanodus arcuatus,Periodon cf. primus
Drepanodus arcuatus,Prioniodus sp.
Drepanodus arcuatus,Prioniodus cf. gilberti
Drepanodus arcuatus,Protopanderodus cf. leonardii
Drepanodus arcuatus,Scalpellodus aff. gracilis
Drepanodus arcuatus,Scolopodus aff. krummi
Drepanodus arcuatus,Semiacontiodus sp.
Drepanodus arcuatus,Semiacontiodus cf. cornuformis
Drepanodus arcuatus,Stolodus cf. stola
Drepanodus arcuatus,Tripodus sp.
Drepanodus arcuatus,Tripodus aff. Laevis
Drepanodus arcuatus,Tropodus sp.
Drepanodus arcuatus,Tropodus cf. sweeti
Paltodus cf. inaequalis,Benthic detritus
Paltodus cf. inaequalis,Zooplankton
Paltodus cf. inaequalis,Bryozoan
Paltodus cf. inaequalis,Halkieriid
Paltodus cf. inaequalis,Calvapilosa kroegeri
Paltodus cf. inaequalis,Plumulites bengtsoni
Paltodus cf. inaequalis,Large plumulitid
Paltodus cf. inaequalis,Possible phyllodocid
Paltodus cf. inaequalis,Palaeoscolex cf. tenensis
Paltodus cf. inaequalis,Priapulid
Paltodus cf. inaequalis,Large taxon with spinose limbs
Paltodus cf. inaequalis,Small taxon with spinose limbs
Paltodus cf. inaequalis,Clonograptus rigidus
Paltodus cf. inaequalis,Clonograptus flexibilis
Paltodus cf. inaequalis,Clonograptus flexilis
Paltodus cf. inaequalis,Clonograptus persistens
Paltodus cf. inaequalis,Clonograptus multiplex
Paltodus cf. inaequalis,Didymograptus cf. arcuatus
Paltodus cf. inaequalis,Didymograptus deflexus
Paltodus cf. inaequalis,Didymograptus extensus
Paltodus cf. inaequalis,Didymograptus v-fractus
Paltodus cf. inaequalis,Didymograptus intendus
Paltodus cf. inaequalis,Didymograptus pennatulus
Paltodus cf. inaequalis,Didymograptus nanus
Paltodus cf. inaequalis,Didymograptus nitidus
Paltodus cf. inaequalis,Didymograptus patulus
Paltodus cf. inaequalis,Didymograptus sparsus
Paltodus cf. inaequalis,"""Didymograptus sp. 1"""
Paltodus cf. inaequalis,Didymograptus sp.
Paltodus cf. inaequalis,Didymograptid indet.
Paltodus cf. inaequalis,Dichograptidae?
Paltodus cf. inaequalis,Hunnegraptus copiosus
Paltodus cf. inaequalis, 'Kiaerograptus' supremus
Paltodus cf. inaequalis,Koremagraptus sp.
Paltodus cf. inaequalis,Paradelograptus norvegicus
Paltodus cf. inaequalis,Paradelograptus tenuis
Paltodus cf. inaequalis,Paratemnograptus magnificus
Paltodus cf. inaequalis,Tetragraptus cf. approximatus
Paltodus cf. inaequalis,Tetragraptus quadribrachiatus
Paltodus cf. inaequalis,Tetragraptus reclinatus
Paltodus cf. inaequalis,Tetragraptus serra
Paltodus cf. inaequalis,Tetragraptus tornquisti
Paltodus cf. inaequalis, 'Tetragraptus' bulmani
Paltodus cf. inaequalis,Tetragraptus sp.
Paltodus cf. inaequalis,Araneograptus murrayi
Paltodus cf. inaequalis,Dictyonema sp.
Paltodus cf. inaequalis,Tuboid
Paltodus cf. inaequalis,Anisograptus cf. matanensis
Paltodus cf. inaequalis,Bryograptus divergens
Paltodus cf. inaequalis,Bryograptus kjerulfi cumbrensis
Paltodus cf. inaequalis,Bryograptus lapworthi
Paltodus cf. inaequalis,Rhabdinopora flabelliforme cf. anglica
Paltodus cf. inaequalis,Rhabdinopora flabelliforme flabelliforme
Paltodus cf. inaequalis,Rhabdinopora flabelliforme multithecatum
Paltodus cf. inaequalis,Rhabdinopora flabelliformis socialis
Paltodus cf. inaequalis,Rhabdinopora flabelliformis canadenisis
Paltodus cf. inaequalis,Rhabdinopora flabelliforme norvegicum
Paltodus cf. inaequalis,Acrograptus nicholsoni
Paltodus cf. inaequalis,Adelograptus sp.
Paltodus cf. inaequalis,Azygograptus eivionicus
Paltodus cf. inaequalis,Azygograptus sp.
Paltodus cf. inaequalis,Etagraptus putillus
Paltodus cf. inaequalis,Hermannograptus sp.
Paltodus cf. inaequalis,Isograptus caduceus arcuatus
Paltodus cf. inaequalis,Isograptus caduceus gracilis
Paltodus cf. inaequalis,Isograptus furcula
Paltodus cf. inaequalis,Pterograptus sp.
Paltodus cf. inaequalis,Schizograptus sp.
Paltodus cf. inaequalis,Temnograptus multiflex
Paltodus cf. inaequalis,Temnograptus cf. noveboracensis
Paltodus cf. inaequalis,Temnograptus ramulus
Paltodus cf. inaequalis,Adelograptus tenellus
Paltodus cf. inaequalis,Choristograptus louai
Paltodus cf. inaequalis,Ancoragraptus bulmani
Paltodus cf. inaequalis,?Cymatograptus protobalticus
Paltodus cf. inaequalis,?Baltograptus jacksoni
Paltodus cf. inaequalis,Baltograptus minutus
Paltodus cf. inaequalis,Baltograptus deflexus
Paltodus cf. inaequalis,?Baltograptus kurcki
Paltodus cf. inaequalis,Expansograptus sp.
Paltodus cf. inaequalis,Webbyites felix
Paltodus cf. inaequalis,Rhabdopleura-like epibiont
Paltodus cf. inaequalis,Drepanoistodus? cf. pervetus
Paltodus cf. inaequalis,Drepanoistodus cf. forceps
Paltodus cf. inaequalis,Acodus deltatus
Paltodus cf. inaequalis,Cornuodus longibasis
Paltodus cf. inaequalis,Drepanodus arcuatus
Paltodus cf. inaequalis,Paltodus cf. inaequalis
Paltodus cf. inaequalis,Parapaltodus aff. flexuosus
Paltodus cf. inaequalis,Parapaltodus aff. simplicissimus
Paltodus cf. inaequalis,Paroistodus cf. proteus
Paltodus cf. inaequalis,Paroistodus cf. parallellus
Paltodus cf. inaequalis,Periodon cf. selenopsis
Paltodus cf. inaequalis,Periodon cf. primus
Paltodus cf. inaequalis,Prioniodus sp.
Paltodus cf. inaequalis,Prioniodus cf. gilberti
Paltodus cf. inaequalis,Protopanderodus cf. leonardii
Paltodus cf. inaequalis,Scalpellodus aff. gracilis
Paltodus cf. inaequalis,Scolopodus aff. krummi
Paltodus cf. inaequalis,Semiacontiodus sp.
Paltodus cf. inaequalis,Semiacontiodus cf. cornuformis
Paltodus cf. inaequalis,Stolodus cf. stola
Paltodus cf. inaequalis,Tripodus sp.
Paltodus cf. inaequalis,Tripodus aff. Laevis
Paltodus cf. inaequalis,Tropodus sp.
Paltodus cf. inaequalis,Tropodus cf. sweeti
Parapaltodus aff. flexuosus,Benthic detritus
Parapaltodus aff. flexuosus,Zooplankton
Parapaltodus aff. flexuosus,Bryozoan
Parapaltodus aff. flexuosus,Halkieriid
Parapaltodus aff. flexuosus,Calvapilosa kroegeri
Parapaltodus aff. flexuosus,Plumulites bengtsoni
Parapaltodus aff. flexuosus,Large plumulitid
Parapaltodus aff. flexuosus,Possible phyllodocid
Parapaltodus aff. flexuosus,Palaeoscolex cf. tenensis
Parapaltodus aff. flexuosus,Priapulid
Parapaltodus aff. flexuosus,Large taxon with spinose limbs
Parapaltodus aff. flexuosus,Small taxon with spinose limbs
Parapaltodus aff. flexuosus,Clonograptus rigidus
Parapaltodus aff. flexuosus,Clonograptus flexibilis
Parapaltodus aff. flexuosus,Clonograptus flexilis
Parapaltodus aff. flexuosus,Clonograptus persistens
Parapaltodus aff. flexuosus,Clonograptus multiplex
Parapaltodus aff. flexuosus,Didymograptus cf. arcuatus
Parapaltodus aff. flexuosus,Didymograptus deflexus
Parapaltodus aff. flexuosus,Didymograptus extensus
Parapaltodus aff. flexuosus,Didymograptus v-fractus
Parapaltodus aff. flexuosus,Didymograptus intendus
Parapaltodus aff. flexuosus,Didymograptus pennatulus
Parapaltodus aff. flexuosus,Didymograptus nanus
Parapaltodus aff. flexuosus,Didymograptus nitidus
Parapaltodus aff. flexuosus,Didymograptus patulus
Parapaltodus aff. flexuosus,Didymograptus sparsus
Parapaltodus aff. flexuosus,"""Didymograptus sp. 1"""
Parapaltodus aff. flexuosus,Didymograptus sp.
Parapaltodus aff. flexuosus,Didymograptid indet.
Parapaltodus aff. flexuosus,Dichograptidae?
Parapaltodus aff. flexuosus,Hunnegraptus copiosus
Parapaltodus aff. flexuosus, 'Kiaerograptus' supremus
Parapaltodus aff. flexuosus,Koremagraptus sp.
Parapaltodus aff. flexuosus,Paradelograptus norvegicus
Parapaltodus aff. flexuosus,Paradelograptus tenuis
Parapaltodus aff. flexuosus,Paratemnograptus magnificus
Parapaltodus aff. flexuosus,Tetragraptus cf. approximatus
Parapaltodus aff. flexuosus,Tetragraptus quadribrachiatus
Parapaltodus aff. flexuosus,Tetragraptus reclinatus
Parapaltodus aff. flexuosus,Tetragraptus serra
Parapaltodus aff. flexuosus,Tetragraptus tornquisti
Parapaltodus aff. flexuosus, 'Tetragraptus' bulmani
Parapaltodus aff. flexuosus,Tetragraptus sp.
Parapaltodus aff. flexuosus,Araneograptus murrayi
Parapaltodus aff. flexuosus,Dictyonema sp.
Parapaltodus aff. flexuosus,Tuboid
Parapaltodus aff. flexuosus,Anisograptus cf. matanensis
Parapaltodus aff. flexuosus,Bryograptus divergens
Parapaltodus aff. flexuosus,Bryograptus kjerulfi cumbrensis
Parapaltodus aff. flexuosus,Bryograptus lapworthi
Parapaltodus aff. flexuosus,Rhabdinopora flabelliforme cf. anglica
Parapaltodus aff. flexuosus,Rhabdinopora flabelliforme flabelliforme
Parapaltodus aff. flexuosus,Rhabdinopora flabelliforme multithecatum
Parapaltodus aff. flexuosus,Rhabdinopora flabelliformis socialis
Parapaltodus aff. flexuosus,Rhabdinopora flabelliformis canadenisis
Parapaltodus aff. flexuosus,Rhabdinopora flabelliforme norvegicum
Parapaltodus aff. flexuosus,Acrograptus nicholsoni
Parapaltodus aff. flexuosus,Adelograptus sp.
Parapaltodus aff. flexuosus,Azygograptus eivionicus
Parapaltodus aff. flexuosus,Azygograptus sp.
Parapaltodus aff. flexuosus,Etagraptus putillus
Parapaltodus aff. flexuosus,Hermannograptus sp.
Parapaltodus aff. flexuosus,Isograptus caduceus arcuatus
Parapaltodus aff. flexuosus,Isograptus caduceus gracilis
Parapaltodus aff. flexuosus,Isograptus furcula
Parapaltodus aff. flexuosus,Pterograptus sp.
Parapaltodus aff. flexuosus,Schizograptus sp.
Parapaltodus aff. flexuosus,Temnograptus multiflex
Parapaltodus aff. flexuosus,Temnograptus cf. noveboracensis
Parapaltodus aff. flexuosus,Temnograptus ramulus
Parapaltodus aff. flexuosus,Adelograptus tenellus
Parapaltodus aff. flexuosus,Choristograptus louai
Parapaltodus aff. flexuosus,Ancoragraptus bulmani
Parapaltodus aff. flexuosus,?Cymatograptus protobalticus
Parapaltodus aff. flexuosus,?Baltograptus jacksoni
Parapaltodus aff. flexuosus,Baltograptus minutus
Parapaltodus aff. flexuosus,Baltograptus deflexus
Parapaltodus aff. flexuosus,?Baltograptus kurcki
Parapaltodus aff. flexuosus,Expansograptus sp.
Parapaltodus aff. flexuosus,Webbyites felix
Parapaltodus aff. flexuosus,Rhabdopleura-like epibiont
Parapaltodus aff. flexuosus,Drepanoistodus? cf. pervetus
Parapaltodus aff. flexuosus,Drepanoistodus cf. forceps
Parapaltodus aff. flexuosus,Acodus deltatus
Parapaltodus aff. flexuosus,Cornuodus longibasis
Parapaltodus aff. flexuosus,Drepanodus arcuatus
Parapaltodus aff. flexuosus,Paltodus cf. inaequalis
Parapaltodus aff. flexuosus,Parapaltodus aff. flexuosus
Parapaltodus aff. flexuosus,Parapaltodus aff. simplicissimus
Parapaltodus aff. flexuosus,Paroistodus cf. proteus
Parapaltodus aff. flexuosus,Paroistodus cf. parallellus
Parapaltodus aff. flexuosus,Periodon cf. selenopsis
Parapaltodus aff. flexuosus,Periodon cf. primus
Parapaltodus aff. flexuosus,Prioniodus sp.
Parapaltodus aff. flexuosus,Prioniodus cf. gilberti
Parapaltodus aff. flexuosus,Protopanderodus cf. leonardii
Parapaltodus aff. flexuosus,Scalpellodus aff. gracilis
Parapaltodus aff. flexuosus,Scolopodus aff. krummi
Parapaltodus aff. flexuosus,Semiacontiodus sp.
Parapaltodus aff. flexuosus,Semiacontiodus cf. cornuformis
Parapaltodus aff. flexuosus,Stolodus cf. stola
Parapaltodus aff. flexuosus,Tripodus sp.
Parapaltodus aff. flexuosus,Tripodus aff. Laevis
Parapaltodus aff. flexuosus,Tropodus sp.
Parapaltodus aff. flexuosus,Tropodus cf. sweeti
Parapaltodus aff. simplicissimus,Benthic detritus
Parapaltodus aff. simplicissimus,Zooplankton
Parapaltodus aff. simplicissimus,Bryozoan
Parapaltodus aff. simplicissimus,Halkieriid
Parapaltodus aff. simplicissimus,Calvapilosa kroegeri
Parapaltodus aff. simplicissimus,Plumulites bengtsoni
Parapaltodus aff. simplicissimus,Large plumulitid
Parapaltodus aff. simplicissimus,Possible phyllodocid
Parapaltodus aff. simplicissimus,Palaeoscolex cf. tenensis
Parapaltodus aff. simplicissimus,Priapulid
Parapaltodus aff. simplicissimus,Large taxon with spinose limbs
Parapaltodus aff. simplicissimus,Small taxon with spinose limbs
Parapaltodus aff. simplicissimus,Clonograptus rigidus
Parapaltodus aff. simplicissimus,Clonograptus flexibilis
Parapaltodus aff. simplicissimus,Clonograptus flexilis
Parapaltodus aff. simplicissimus,Clonograptus persistens
Parapaltodus aff. simplicissimus,Clonograptus multiplex
Parapaltodus aff. simplicissimus,Didymograptus cf. arcuatus
Parapaltodus aff. simplicissimus,Didymograptus deflexus
Parapaltodus aff. simplicissimus,Didymograptus extensus
Parapaltodus aff. simplicissimus,Didymograptus v-fractus
Parapaltodus aff. simplicissimus,Didymograptus intendus
Parapaltodus aff. simplicissimus,Didymograptus pennatulus
Parapaltodus aff. simplicissimus,Didymograptus nanus
Parapaltodus aff. simplicissimus,Didymograptus nitidus
Parapaltodus aff. simplicissimus,Didymograptus patulus
Parapaltodus aff. simplicissimus,Didymograptus sparsus
Parapaltodus aff. simplicissimus,"""Didymograptus sp. 1"""
Parapaltodus aff. simplicissimus,Didymograptus sp.
Parapaltodus aff. simplicissimus,Didymograptid indet.
Parapaltodus aff. simplicissimus,Dichograptidae?
Parapaltodus aff. simplicissimus,Hunnegraptus copiosus
Parapaltodus aff. simplicissimus, 'Kiaerograptus' supremus
Parapaltodus aff. simplicissimus,Koremagraptus sp.
Parapaltodus aff. simplicissimus,Paradelograptus norvegicus
Parapaltodus aff. simplicissimus,Paradelograptus tenuis
Parapaltodus aff. simplicissimus,Paratemnograptus magnificus
Parapaltodus aff. simplicissimus,Tetragraptus cf. approximatus
Parapaltodus aff. simplicissimus,Tetragraptus quadribrachiatus
Parapaltodus aff. simplicissimus,Tetragraptus reclinatus
Parapaltodus aff. simplicissimus,Tetragraptus serra
Parapaltodus aff. simplicissimus,Tetragraptus tornquisti
Parapaltodus aff. simplicissimus, 'Tetragraptus' bulmani
Parapaltodus aff. simplicissimus,Tetragraptus sp.
Parapaltodus aff. simplicissimus,Araneograptus murrayi
Parapaltodus aff. simplicissimus,Dictyonema sp.
Parapaltodus aff. simplicissimus,Tuboid
Parapaltodus aff. simplicissimus,Anisograptus cf. matanensis
Parapaltodus aff. simplicissimus,Bryograptus divergens
Parapaltodus aff. simplicissimus,Bryograptus kjerulfi cumbrensis
Parapaltodus aff. simplicissimus,Bryograptus lapworthi
Parapaltodus aff. simplicissimus,Rhabdinopora flabelliforme cf. anglica
Parapaltodus aff. simplicissimus,Rhabdinopora flabelliforme flabelliforme
Parapaltodus aff. simplicissimus,Rhabdinopora flabelliforme multithecatum
Parapaltodus aff. simplicissimus,Rhabdinopora flabelliformis socialis
Parapaltodus aff. simplicissimus,Rhabdinopora flabelliformis canadenisis
Parapaltodus aff. simplicissimus,Rhabdinopora flabelliforme norvegicum
Parapaltodus aff. simplicissimus,Acrograptus nicholsoni
Parapaltodus aff. simplicissimus,Adelograptus sp.
Parapaltodus aff. simplicissimus,Azygograptus eivionicus
Parapaltodus aff. simplicissimus,Azygograptus sp.
Parapaltodus aff. simplicissimus,Etagraptus putillus
Parapaltodus aff. simplicissimus,Hermannograptus sp.
Parapaltodus aff. simplicissimus,Isograptus caduceus arcuatus
Parapaltodus aff. simplicissimus,Isograptus caduceus gracilis
Parapaltodus aff. simplicissimus,Isograptus furcula
Parapaltodus aff. simplicissimus,Pterograptus sp.
Parapaltodus aff. simplicissimus,Schizograptus sp.
Parapaltodus aff. simplicissimus,Temnograptus multiflex
Parapaltodus aff. simplicissimus,Temnograptus cf. noveboracensis
Parapaltodus aff. simplicissimus,Temnograptus ramulus
Parapaltodus aff. simplicissimus,Adelograptus tenellus
Parapaltodus aff. simplicissimus,Choristograptus louai
Parapaltodus aff. simplicissimus,Ancoragraptus bulmani
Parapaltodus aff. simplicissimus,?Cymatograptus protobalticus
Parapaltodus aff. simplicissimus,?Baltograptus jacksoni
Parapaltodus aff. simplicissimus,Baltograptus minutus
Parapaltodus aff. simplicissimus,Baltograptus deflexus
Parapaltodus aff. simplicissimus,?Baltograptus kurcki
Parapaltodus aff. simplicissimus,Expansograptus sp.
Parapaltodus aff. simplicissimus,Webbyites felix
Parapaltodus aff. simplicissimus,Rhabdopleura-like epibiont
Parapaltodus aff. simplicissimus,Drepanoistodus? cf. pervetus
Parapaltodus aff. simplicissimus,Drepanoistodus cf. forceps
Parapaltodus aff. simplicissimus,Acodus deltatus
Parapaltodus aff. simplicissimus,Cornuodus longibasis
Parapaltodus aff. simplicissimus,Drepanodus arcuatus
Parapaltodus aff. simplicissimus,Paltodus cf. inaequalis
Parapaltodus aff. simplicissimus,Parapaltodus aff. flexuosus
Parapaltodus aff. simplicissimus,Parapaltodus aff. simplicissimus
Parapaltodus aff. simplicissimus,Paroistodus cf. proteus
Parapaltodus aff. simplicissimus,Paroistodus cf. parallellus
Parapaltodus aff. simplicissimus,Periodon cf. selenopsis
Parapaltodus aff. simplicissimus,Periodon cf. primus
Parapaltodus aff. simplicissimus,Prioniodus sp.
Parapaltodus aff. simplicissimus,Prioniodus cf. gilberti
Parapaltodus aff. simplicissimus,Protopanderodus cf. leonardii
Parapaltodus aff. simplicissimus,Scalpellodus aff. gracilis
Parapaltodus aff. simplicissimus,Scolopodus aff. krummi
Parapaltodus aff. simplicissimus,Semiacontiodus sp.
Parapaltodus aff. simplicissimus,Semiacontiodus cf. cornuformis
Parapaltodus aff. simplicissimus,Stolodus cf. stola
Parapaltodus aff. simplicissimus,Tripodus sp.
Parapaltodus aff. simplicissimus,Tripodus aff. Laevis
Parapaltodus aff. simplicissimus,Tropodus sp.
Parapaltodus aff. simplicissimus,Tropodus cf. sweeti
Paroistodus cf. proteus,Benthic detritus
Paroistodus cf. proteus,Zooplankton
Paroistodus cf. proteus,Bryozoan
Paroistodus cf. proteus,Halkieriid
Paroistodus cf. proteus,Calvapilosa kroegeri
Paroistodus cf. proteus,Plumulites bengtsoni
Paroistodus cf. proteus,Large plumulitid
Paroistodus cf. proteus,Possible phyllodocid
Paroistodus cf. proteus,Palaeoscolex cf. tenensis
Paroistodus cf. proteus,Priapulid
Paroistodus cf. proteus,Large taxon with spinose limbs
Paroistodus cf. proteus,Small taxon with spinose limbs
Paroistodus cf. proteus,Clonograptus rigidus
Paroistodus cf. proteus,Clonograptus flexibilis
Paroistodus cf. proteus,Clonograptus flexilis
Paroistodus cf. proteus,Clonograptus persistens
Paroistodus cf. proteus,Clonograptus multiplex
Paroistodus cf. proteus,Didymograptus cf. arcuatus
Paroistodus cf. proteus,Didymograptus deflexus
Paroistodus cf. proteus,Didymograptus extensus
Paroistodus cf. proteus,Didymograptus v-fractus
Paroistodus cf. proteus,Didymograptus intendus
Paroistodus cf. proteus,Didymograptus pennatulus
Paroistodus cf. proteus,Didymograptus nanus
Paroistodus cf. proteus,Didymograptus nitidus
Paroistodus cf. proteus,Didymograptus patulus
Paroistodus cf. proteus,Didymograptus sparsus
Paroistodus cf. proteus,"""Didymograptus sp. 1"""
Paroistodus cf. proteus,Didymograptus sp.
Paroistodus cf. proteus,Didymograptid indet.
Paroistodus cf. proteus,Dichograptidae?
Paroistodus cf. proteus,Hunnegraptus copiosus
Paroistodus cf. proteus, 'Kiaerograptus' supremus
Paroistodus cf. proteus,Koremagraptus sp.
Paroistodus cf. proteus,Paradelograptus norvegicus
Paroistodus cf. proteus,Paradelograptus tenuis
Paroistodus cf. proteus,Paratemnograptus magnificus
Paroistodus cf. proteus,Tetragraptus cf. approximatus
Paroistodus cf. proteus,Tetragraptus quadribrachiatus
Paroistodus cf. proteus,Tetragraptus reclinatus
Paroistodus cf. proteus,Tetragraptus serra
Paroistodus cf. proteus,Tetragraptus tornquisti
Paroistodus cf. proteus, 'Tetragraptus' bulmani
Paroistodus cf. proteus,Tetragraptus sp.
Paroistodus cf. proteus,Araneograptus murrayi
Paroistodus cf. proteus,Dictyonema sp.
Paroistodus cf. proteus,Tuboid
Paroistodus cf. proteus,Anisograptus cf. matanensis
Paroistodus cf. proteus,Bryograptus divergens
Paroistodus cf. proteus,Bryograptus kjerulfi cumbrensis
Paroistodus cf. proteus,Bryograptus lapworthi
Paroistodus cf. proteus,Rhabdinopora flabelliforme cf. anglica
Paroistodus cf. proteus,Rhabdinopora flabelliforme flabelliforme
Paroistodus cf. proteus,Rhabdinopora flabelliforme multithecatum
Paroistodus cf. proteus,Rhabdinopora flabelliformis socialis
Paroistodus cf. proteus,Rhabdinopora flabelliformis canadenisis
Paroistodus cf. proteus,Rhabdinopora flabelliforme norvegicum
Paroistodus cf. proteus,Acrograptus nicholsoni
Paroistodus cf. proteus,Adelograptus sp.
Paroistodus cf. proteus,Azygograptus eivionicus
Paroistodus cf. proteus,Azygograptus sp.
Paroistodus cf. proteus,Etagraptus putillus
Paroistodus cf. proteus,Hermannograptus sp.
Paroistodus cf. proteus,Isograptus caduceus arcuatus
Paroistodus cf. proteus,Isograptus caduceus gracilis
Paroistodus cf. proteus,Isograptus furcula
Paroistodus cf. proteus,Pterograptus sp.
Paroistodus cf. proteus,Schizograptus sp.
Paroistodus cf. proteus,Temnograptus multiflex
Paroistodus cf. proteus,Temnograptus cf. noveboracensis
Paroistodus cf. proteus,Temnograptus ramulus
Paroistodus cf. proteus,Adelograptus tenellus
Paroistodus cf. proteus,Choristograptus louai
Paroistodus cf. proteus,Ancoragraptus bulmani
Paroistodus cf. proteus,?Cymatograptus protobalticus
Paroistodus cf. proteus,?Baltograptus jacksoni
Paroistodus cf. proteus,Baltograptus minutus
Paroistodus cf. proteus,Baltograptus deflexus
Paroistodus cf. proteus,?Baltograptus kurcki
Paroistodus cf. proteus,Expansograptus sp.
Paroistodus cf. proteus,Webbyites felix
Paroistodus cf. proteus,Rhabdopleura-like epibiont
Paroistodus cf. proteus,Drepanoistodus? cf. pervetus
Paroistodus cf. proteus,Drepanoistodus cf. forceps
Paroistodus cf. proteus,Acodus deltatus
Paroistodus cf. proteus,Cornuodus longibasis
Paroistodus cf. proteus,Drepanodus arcuatus
Paroistodus cf. proteus,Paltodus cf. inaequalis
Paroistodus cf. proteus,Parapaltodus aff. flexuosus
Paroistodus cf. proteus,Parapaltodus aff. simplicissimus
Paroistodus cf. proteus,Paroistodus cf. proteus
Paroistodus cf. proteus,Paroistodus cf. parallellus
Paroistodus cf. proteus,Periodon cf. selenopsis
Paroistodus cf. proteus,Periodon cf. primus
Paroistodus cf. proteus,Prioniodus sp.
Paroistodus cf. proteus,Prioniodus cf. gilberti
Paroistodus cf. proteus,Protopanderodus cf. leonardii
Paroistodus cf. proteus,Scalpellodus aff. gracilis
Paroistodus cf. proteus,Scolopodus aff. krummi
Paroistodus cf. proteus,Semiacontiodus sp.
Paroistodus cf. proteus,Semiacontiodus cf. cornuformis
Paroistodus cf. proteus,Stolodus cf. stola
Paroistodus cf. proteus,Tripodus sp.
Paroistodus cf. proteus,Tripodus aff. Laevis
Paroistodus cf. proteus,Tropodus sp.
Paroistodus cf. proteus,Tropodus cf. sweeti
Paroistodus cf. parallellus,Benthic detritus
Paroistodus cf. parallellus,Zooplankton
Paroistodus cf. parallellus,Bryozoan
Paroistodus cf. parallellus,Halkieriid
Paroistodus cf. parallellus,Calvapilosa kroegeri
Paroistodus cf. parallellus,Plumulites bengtsoni
Paroistodus cf. parallellus,Large plumulitid
Paroistodus cf. parallellus,Possible phyllodocid
Paroistodus cf. parallellus,Palaeoscolex cf. tenensis
Paroistodus cf. parallellus,Priapulid
Paroistodus cf. parallellus,Large taxon with spinose limbs
Paroistodus cf. parallellus,Small taxon with spinose limbs
Paroistodus cf. parallellus,Clonograptus rigidus
Paroistodus cf. parallellus,Clonograptus flexibilis
Paroistodus cf. parallellus,Clonograptus flexilis
Paroistodus cf. parallellus,Clonograptus persistens
Paroistodus cf. parallellus,Clonograptus multiplex
Paroistodus cf. parallellus,Didymograptus cf. arcuatus
Paroistodus cf. parallellus,Didymograptus deflexus
Paroistodus cf. parallellus,Didymograptus extensus
Paroistodus cf. parallellus,Didymograptus v-fractus
Paroistodus cf. parallellus,Didymograptus intendus
Paroistodus cf. parallellus,Didymograptus pennatulus
Paroistodus cf. parallellus,Didymograptus nanus
Paroistodus cf. parallellus,Didymograptus nitidus
Paroistodus cf. parallellus,Didymograptus patulus
Paroistodus cf. parallellus,Didymograptus sparsus
Paroistodus cf. parallellus,"""Didymograptus sp. 1"""
Paroistodus cf. parallellus,Didymograptus sp.
Paroistodus cf. parallellus,Didymograptid indet.
Paroistodus cf. parallellus,Dichograptidae?
Paroistodus cf. parallellus,Hunnegraptus copiosus
Paroistodus cf. parallellus, 'Kiaerograptus' supremus
Paroistodus cf. parallellus,Koremagraptus sp.
Paroistodus cf. parallellus,Paradelograptus norvegicus
Paroistodus cf. parallellus,Paradelograptus tenuis
Paroistodus cf. parallellus,Paratemnograptus magnificus
Paroistodus cf. parallellus,Tetragraptus cf. approximatus
Paroistodus cf. parallellus,Tetragraptus quadribrachiatus
Paroistodus cf. parallellus,Tetragraptus reclinatus
Paroistodus cf. parallellus,Tetragraptus serra
Paroistodus cf. parallellus,Tetragraptus tornquisti
Paroistodus cf. parallellus, 'Tetragraptus' bulmani
Paroistodus cf. parallellus,Tetragraptus sp.
Paroistodus cf. parallellus,Araneograptus murrayi
Paroistodus cf. parallellus,Dictyonema sp.
Paroistodus cf. parallellus,Tuboid
Paroistodus cf. parallellus,Anisograptus cf. matanensis
Paroistodus cf. parallellus,Bryograptus divergens
Paroistodus cf. parallellus,Bryograptus kjerulfi cumbrensis
Paroistodus cf. parallellus,Bryograptus lapworthi
Paroistodus cf. parallellus,Rhabdinopora flabelliforme cf. anglica
Paroistodus cf. parallellus,Rhabdinopora flabelliforme flabelliforme
Paroistodus cf. parallellus,Rhabdinopora flabelliforme multithecatum
Paroistodus cf. parallellus,Rhabdinopora flabelliformis socialis
Paroistodus cf. parallellus,Rhabdinopora flabelliformis canadenisis
Paroistodus cf. parallellus,Rhabdinopora flabelliforme norvegicum
Paroistodus cf. parallellus,Acrograptus nicholsoni
Paroistodus cf. parallellus,Adelograptus sp.
Paroistodus cf. parallellus,Azygograptus eivionicus
Paroistodus cf. parallellus,Azygograptus sp.
Paroistodus cf. parallellus,Etagraptus putillus
Paroistodus cf. parallellus,Hermannograptus sp.
Paroistodus cf. parallellus,Isograptus caduceus arcuatus
Paroistodus cf. parallellus,Isograptus caduceus gracilis
Paroistodus cf. parallellus,Isograptus furcula
Paroistodus cf. parallellus,Pterograptus sp.
Paroistodus cf. parallellus,Schizograptus sp.
Paroistodus cf. parallellus,Temnograptus multiflex
Paroistodus cf. parallellus,Temnograptus cf. noveboracensis
Paroistodus cf. parallellus,Temnograptus ramulus
Paroistodus cf. parallellus,Adelograptus tenellus
Paroistodus cf. parallellus,Choristograptus louai
Paroistodus cf. parallellus,Ancoragraptus bulmani
Paroistodus cf. parallellus,?Cymatograptus protobalticus
Paroistodus cf. parallellus,?Baltograptus jacksoni
Paroistodus cf. parallellus,Baltograptus minutus
Paroistodus cf. parallellus,Baltograptus deflexus
Paroistodus cf. parallellus,?Baltograptus kurcki
Paroistodus cf. parallellus,Expansograptus sp.
Paroistodus cf. parallellus,Webbyites felix
Paroistodus cf. parallellus,Rhabdopleura-like epibiont
Paroistodus cf. parallellus,Drepanoistodus? cf. pervetus
Paroistodus cf. parallellus,Drepanoistodus cf. forceps
Paroistodus cf. parallellus,Acodus deltatus
Paroistodus cf. parallellus,Cornuodus longibasis
Paroistodus cf. parallellus,Drepanodus arcuatus
Paroistodus cf. parallellus,Paltodus cf. inaequalis
Paroistodus cf. parallellus,Parapaltodus aff. flexuosus
Paroistodus cf. parallellus,Parapaltodus aff. simplicissimus
Paroistodus cf. parallellus,Paroistodus cf. proteus
Paroistodus cf. parallellus,Paroistodus cf. parallellus
Paroistodus cf. parallellus,Periodon cf. selenopsis
Paroistodus cf. parallellus,Periodon cf. primus
Paroistodus cf. parallellus,Prioniodus sp.
Paroistodus cf. parallellus,Prioniodus cf. gilberti
Paroistodus cf. parallellus,Protopanderodus cf. leonardii
Paroistodus cf. parallellus,Scalpellodus aff. gracilis
Paroistodus cf. parallellus,Scolopodus aff. krummi
Paroistodus cf. parallellus,Semiacontiodus sp.
Paroistodus cf. parallellus,Semiacontiodus cf. cornuformis
Paroistodus cf. parallellus,Stolodus cf. stola
Paroistodus cf. parallellus,Tripodus sp.
Paroistodus cf. parallellus,Tripodus aff. Laevis
Paroistodus cf. parallellus,Tropodus sp.
Paroistodus cf. parallellus,Tropodus cf. sweeti
Periodon cf. selenopsis,Benthic detritus
Periodon cf. selenopsis,Zooplankton
Periodon cf. selenopsis,Bryozoan
Periodon cf. selenopsis,Halkieriid
Periodon cf. selenopsis,Calvapilosa kroegeri
Periodon cf. selenopsis,Plumulites bengtsoni
Periodon cf. selenopsis,Large plumulitid
Periodon cf. selenopsis,Possible phyllodocid
Periodon cf. selenopsis,Palaeoscolex cf. tenensis
Periodon cf. selenopsis,Priapulid
Periodon cf. selenopsis,Large taxon with spinose limbs
Periodon cf. selenopsis,Small taxon with spinose limbs
Periodon cf. selenopsis,Clonograptus rigidus
Periodon cf. selenopsis,Clonograptus flexibilis
Periodon cf. selenopsis,Clonograptus flexilis
Periodon cf. selenopsis,Clonograptus persistens
Periodon cf. selenopsis,Clonograptus multiplex
Periodon cf. selenopsis,Didymograptus cf. arcuatus
Periodon cf. selenopsis,Didymograptus deflexus
Periodon cf. selenopsis,Didymograptus extensus
Periodon cf. selenopsis,Didymograptus v-fractus
Periodon cf. selenopsis,Didymograptus intendus
Periodon cf. selenopsis,Didymograptus pennatulus
Periodon cf. selenopsis,Didymograptus nanus
Periodon cf. selenopsis,Didymograptus nitidus
Periodon cf. selenopsis,Didymograptus patulus
Periodon cf. selenopsis,Didymograptus sparsus
Periodon cf. selenopsis,"""Didymograptus sp. 1"""
Periodon cf. selenopsis,Didymograptus sp.
Periodon cf. selenopsis,Didymograptid indet.
Periodon cf. selenopsis,Dichograptidae?
Periodon cf. selenopsis,Hunnegraptus copiosus
Periodon cf. selenopsis, 'Kiaerograptus' supremus
Periodon cf. selenopsis,Koremagraptus sp.
Periodon cf. selenopsis,Paradelograptus norvegicus
Periodon cf. selenopsis,Paradelograptus tenuis
Periodon cf. selenopsis,Paratemnograptus magnificus
Periodon cf. selenopsis,Tetragraptus cf. approximatus
Periodon cf. selenopsis,Tetragraptus quadribrachiatus
Periodon cf. selenopsis,Tetragraptus reclinatus
Periodon cf. selenopsis,Tetragraptus serra
Periodon cf. selenopsis,Tetragraptus tornquisti
Periodon cf. selenopsis, 'Tetragraptus' bulmani
Periodon cf. selenopsis,Tetragraptus sp.
Periodon cf. selenopsis,Araneograptus murrayi
Periodon cf. selenopsis,Dictyonema sp.
Periodon cf. selenopsis,Tuboid
Periodon cf. selenopsis,Anisograptus cf. matanensis
Periodon cf. selenopsis,Bryograptus divergens
Periodon cf. selenopsis,Bryograptus kjerulfi cumbrensis
Periodon cf. selenopsis,Bryograptus lapworthi
Periodon cf. selenopsis,Rhabdinopora flabelliforme cf. anglica
Periodon cf. selenopsis,Rhabdinopora flabelliforme flabelliforme
Periodon cf. selenopsis,Rhabdinopora flabelliforme multithecatum
Periodon cf. selenopsis,Rhabdinopora flabelliformis socialis
Periodon cf. selenopsis,Rhabdinopora flabelliformis canadenisis
Periodon cf. selenopsis,Rhabdinopora flabelliforme norvegicum
Periodon cf. selenopsis,Acrograptus nicholsoni
Periodon cf. selenopsis,Adelograptus sp.
Periodon cf. selenopsis,Azygograptus eivionicus
Periodon cf. selenopsis,Azygograptus sp.
Periodon cf. selenopsis,Etagraptus putillus
Periodon cf. selenopsis,Hermannograptus sp.
Periodon cf. selenopsis,Isograptus caduceus arcuatus
Periodon cf. selenopsis,Isograptus caduceus gracilis
Periodon cf. selenopsis,Isograptus furcula
Periodon cf. selenopsis,Pterograptus sp.
Periodon cf. selenopsis,Schizograptus sp.
Periodon cf. selenopsis,Temnograptus multiflex
Periodon cf. selenopsis,Temnograptus cf. noveboracensis
Periodon cf. selenopsis,Temnograptus ramulus
Periodon cf. selenopsis,Adelograptus tenellus
Periodon cf. selenopsis,Choristograptus louai
Periodon cf. selenopsis,Ancoragraptus bulmani
Periodon cf. selenopsis,?Cymatograptus protobalticus
Periodon cf. selenopsis,?Baltograptus jacksoni
Periodon cf. selenopsis,Baltograptus minutus
Periodon cf. selenopsis,Baltograptus deflexus
Periodon cf. selenopsis,?Baltograptus kurcki
Periodon cf. selenopsis,Expansograptus sp.
Periodon cf. selenopsis,Webbyites felix
Periodon cf. selenopsis,Rhabdopleura-like epibiont
Periodon cf. selenopsis,Drepanoistodus? cf. pervetus
Periodon cf. selenopsis,Drepanoistodus cf. forceps
Periodon cf. selenopsis,Acodus deltatus
Periodon cf. selenopsis,Cornuodus longibasis
Periodon cf. selenopsis,Drepanodus arcuatus
Periodon cf. selenopsis,Paltodus cf. inaequalis
Periodon cf. selenopsis,Parapaltodus aff. flexuosus
Periodon cf. selenopsis,Parapaltodus aff. simplicissimus
Periodon cf. selenopsis,Paroistodus cf. proteus
Periodon cf. selenopsis,Paroistodus cf. parallellus
Periodon cf. selenopsis,Periodon cf. selenopsis
Periodon cf. selenopsis,Periodon cf. primus
Periodon cf. selenopsis,Prioniodus sp.
Periodon cf. selenopsis,Prioniodus cf. gilberti
Periodon cf. selenopsis,Protopanderodus cf. leonardii
Periodon cf. selenopsis,Scalpellodus aff. gracilis
Periodon cf. selenopsis,Scolopodus aff. krummi
Periodon cf. selenopsis,Semiacontiodus sp.
Periodon cf. selenopsis,Semiacontiodus cf. cornuformis
Periodon cf. selenopsis,Stolodus cf. stola
Periodon cf. selenopsis,Tripodus sp.
Periodon cf. selenopsis,Tripodus aff. Laevis
Periodon cf. selenopsis,Tropodus sp.
Periodon cf. selenopsis,Tropodus cf. sweeti
Periodon cf. primus,Benthic detritus
Periodon cf. primus,Zooplankton
Periodon cf. primus,Bryozoan
Periodon cf. primus,Halkieriid
Periodon cf. primus,Calvapilosa kroegeri
Periodon cf. primus,Plumulites bengtsoni
Periodon cf. primus,Large plumulitid
Periodon cf. primus,Possible phyllodocid
Periodon cf. primus,Palaeoscolex cf. tenensis
Periodon cf. primus,Priapulid
Periodon cf. primus,Large taxon with spinose limbs
Periodon cf. primus,Small taxon with spinose limbs
Periodon cf. primus,Clonograptus rigidus
Periodon cf. primus,Clonograptus flexibilis
Periodon cf. primus,Clonograptus flexilis
Periodon cf. primus,Clonograptus persistens
Periodon cf. primus,Clonograptus multiplex
Periodon cf. primus,Didymograptus cf. arcuatus
Periodon cf. primus,Didymograptus deflexus
Periodon cf. primus,Didymograptus extensus
Periodon cf. primus,Didymograptus v-fractus
Periodon cf. primus,Didymograptus intendus
Periodon cf. primus,Didymograptus pennatulus
Periodon cf. primus,Didymograptus nanus
Periodon cf. primus,Didymograptus nitidus
Periodon cf. primus,Didymograptus patulus
Periodon cf. primus,Didymograptus sparsus
Periodon cf. primus,"""Didymograptus sp. 1"""
Periodon cf. primus,Didymograptus sp.
Periodon cf. primus,Didymograptid indet.
Periodon cf. primus,Dichograptidae?
Periodon cf. primus,Hunnegraptus copiosus
Periodon cf. primus, 'Kiaerograptus' supremus
Periodon cf. primus,Koremagraptus sp.
Periodon cf. primus,Paradelograptus norvegicus
Periodon cf. primus,Paradelograptus tenuis
Periodon cf. primus,Paratemnograptus magnificus
Periodon cf. primus,Tetragraptus cf. approximatus
Periodon cf. primus,Tetragraptus quadribrachiatus
Periodon cf. primus,Tetragraptus reclinatus
Periodon cf. primus,Tetragraptus serra
Periodon cf. primus,Tetragraptus tornquisti
Periodon cf. primus, 'Tetragraptus' bulmani
Periodon cf. primus,Tetragraptus sp.
Periodon cf. primus,Araneograptus murrayi
Periodon cf. primus,Dictyonema sp.
Periodon cf. primus,Tuboid
Periodon cf. primus,Anisograptus cf. matanensis
Periodon cf. primus,Bryograptus divergens
Periodon cf. primus,Bryograptus kjerulfi cumbrensis
Periodon cf. primus,Bryograptus lapworthi
Periodon cf. primus,Rhabdinopora flabelliforme cf. anglica
Periodon cf. primus,Rhabdinopora flabelliforme flabelliforme
Periodon cf. primus,Rhabdinopora flabelliforme multithecatum
Periodon cf. primus,Rhabdinopora flabelliformis socialis
Periodon cf. primus,Rhabdinopora flabelliformis canadenisis
Periodon cf. primus,Rhabdinopora flabelliforme norvegicum
Periodon cf. primus,Acrograptus nicholsoni
Periodon cf. primus,Adelograptus sp.
Periodon cf. primus,Azygograptus eivionicus
Periodon cf. primus,Azygograptus sp.
Periodon cf. primus,Etagraptus putillus
Periodon cf. primus,Hermannograptus sp.
Periodon cf. primus,Isograptus caduceus arcuatus
Periodon cf. primus,Isograptus caduceus gracilis
Periodon cf. primus,Isograptus furcula
Periodon cf. primus,Pterograptus sp.
Periodon cf. primus,Schizograptus sp.
Periodon cf. primus,Temnograptus multiflex
Periodon cf. primus,Temnograptus cf. noveboracensis
Periodon cf. primus,Temnograptus ramulus
Periodon cf. primus,Adelograptus tenellus
Periodon cf. primus,Choristograptus louai
Periodon cf. primus,Ancoragraptus bulmani
Periodon cf. primus,?Cymatograptus protobalticus
Periodon cf. primus,?Baltograptus jacksoni
Periodon cf. primus,Baltograptus minutus
Periodon cf. primus,Baltograptus deflexus
Periodon cf. primus,?Baltograptus kurcki
Periodon cf. primus,Expansograptus sp.
Periodon cf. primus,Webbyites felix
Periodon cf. primus,Rhabdopleura-like epibiont
Periodon cf. primus,Drepanoistodus? cf. pervetus
Periodon cf. primus,Drepanoistodus cf. forceps
Periodon cf. primus,Acodus deltatus
Periodon cf. primus,Cornuodus longibasis
Periodon cf. primus,Drepanodus arcuatus
Periodon cf. primus,Paltodus cf. inaequalis
Periodon cf. primus,Parapaltodus aff. flexuosus
Periodon cf. primus,Parapaltodus aff. simplicissimus
Periodon cf. primus,Paroistodus cf. proteus
Periodon cf. primus,Paroistodus cf. parallellus
Periodon cf. primus,Periodon cf. selenopsis
Periodon cf. primus,Periodon cf. primus
Periodon cf. primus,Prioniodus sp.
Periodon cf. primus,Prioniodus cf. gilberti
Periodon cf. primus,Protopanderodus cf. leonardii
Periodon cf. primus,Scalpellodus aff. gracilis
Periodon cf. primus,Scolopodus aff. krummi
Periodon cf. primus,Semiacontiodus sp.
Periodon cf. primus,Semiacontiodus cf. cornuformis
Periodon cf. primus,Stolodus cf. stola
Periodon cf. primus,Tripodus sp.
Periodon cf. primus,Tripodus aff. Laevis
Periodon cf. primus,Tropodus sp.
Periodon cf. primus,Tropodus cf. sweeti
Prioniodus sp.,Benthic detritus
Prioniodus sp.,Zooplankton
Prioniodus sp.,Bryozoan
Prioniodus sp.,Halkieriid
Prioniodus sp.,Calvapilosa kroegeri
Prioniodus sp.,Plumulites bengtsoni
Prioniodus sp.,Large plumulitid
Prioniodus sp.,Possible phyllodocid
Prioniodus sp.,Palaeoscolex cf. tenensis
Prioniodus sp.,Priapulid
Prioniodus sp.,Large taxon with spinose limbs
Prioniodus sp.,Small taxon with spinose limbs
Prioniodus sp.,Clonograptus rigidus
Prioniodus sp.,Clonograptus flexibilis
Prioniodus sp.,Clonograptus flexilis
Prioniodus sp.,Clonograptus persistens
Prioniodus sp.,Clonograptus multiplex
Prioniodus sp.,Didymograptus cf. arcuatus
Prioniodus sp.,Didymograptus deflexus
Prioniodus sp.,Didymograptus extensus
Prioniodus sp.,Didymograptus v-fractus
Prioniodus sp.,Didymograptus intendus
Prioniodus sp.,Didymograptus pennatulus
Prioniodus sp.,Didymograptus nanus
Prioniodus sp.,Didymograptus nitidus
Prioniodus sp.,Didymograptus patulus
Prioniodus sp.,Didymograptus sparsus
Prioniodus sp.,"""Didymograptus sp. 1"""
Prioniodus sp.,Didymograptus sp.
Prioniodus sp.,Didymograptid indet.
Prioniodus sp.,Dichograptidae?
Prioniodus sp.,Hunnegraptus copiosus
Prioniodus sp., 'Kiaerograptus' supremus
Prioniodus sp.,Koremagraptus sp.
Prioniodus sp.,Paradelograptus norvegicus
Prioniodus sp.,Paradelograptus tenuis
Prioniodus sp.,Paratemnograptus magnificus
Prioniodus sp.,Tetragraptus cf. approximatus
Prioniodus sp.,Tetragraptus quadribrachiatus
Prioniodus sp.,Tetragraptus reclinatus
Prioniodus sp.,Tetragraptus serra
Prioniodus sp.,Tetragraptus tornquisti
Prioniodus sp., 'Tetragraptus' bulmani
Prioniodus sp.,Tetragraptus sp.
Prioniodus sp.,Araneograptus murrayi
Prioniodus sp.,Dictyonema sp.
Prioniodus sp.,Tuboid
Prioniodus sp.,Anisograptus cf. matanensis
Prioniodus sp.,Bryograptus divergens
Prioniodus sp.,Bryograptus kjerulfi cumbrensis
Prioniodus sp.,Bryograptus lapworthi
Prioniodus sp.,Rhabdinopora flabelliforme cf. anglica
Prioniodus sp.,Rhabdinopora flabelliforme flabelliforme
Prioniodus sp.,Rhabdinopora flabelliforme multithecatum
Prioniodus sp.,Rhabdinopora flabelliformis socialis
Prioniodus sp.,Rhabdinopora flabelliformis canadenisis
Prioniodus sp.,Rhabdinopora flabelliforme norvegicum
Prioniodus sp.,Acrograptus nicholsoni
Prioniodus sp.,Adelograptus sp.
Prioniodus sp.,Azygograptus eivionicus
Prioniodus sp.,Azygograptus sp.
Prioniodus sp.,Etagraptus putillus
Prioniodus sp.,Hermannograptus sp.
Prioniodus sp.,Isograptus caduceus arcuatus
Prioniodus sp.,Isograptus caduceus gracilis
Prioniodus sp.,Isograptus furcula
Prioniodus sp.,Pterograptus sp.
Prioniodus sp.,Schizograptus sp.
Prioniodus sp.,Temnograptus multiflex
Prioniodus sp.,Temnograptus cf. noveboracensis
Prioniodus sp.,Temnograptus ramulus
Prioniodus sp.,Adelograptus tenellus
Prioniodus sp.,Choristograptus louai
Prioniodus sp.,Ancoragraptus bulmani
Prioniodus sp.,?Cymatograptus protobalticus
Prioniodus sp.,?Baltograptus jacksoni
Prioniodus sp.,Baltograptus minutus
Prioniodus sp.,Baltograptus deflexus
Prioniodus sp.,?Baltograptus kurcki
Prioniodus sp.,Expansograptus sp.
Prioniodus sp.,Webbyites felix
Prioniodus sp.,Rhabdopleura-like epibiont
Prioniodus sp.,Drepanoistodus? cf. pervetus
Prioniodus sp.,Drepanoistodus cf. forceps
Prioniodus sp.,Acodus deltatus
Prioniodus sp.,Cornuodus longibasis
Prioniodus sp.,Drepanodus arcuatus
Prioniodus sp.,Paltodus cf. inaequalis
Prioniodus sp.,Parapaltodus aff. flexuosus
Prioniodus sp.,Parapaltodus aff. simplicissimus
Prioniodus sp.,Paroistodus cf. proteus
Prioniodus sp.,Paroistodus cf. parallellus
Prioniodus sp.,Periodon cf. selenopsis
Prioniodus sp.,Periodon cf. primus
Prioniodus sp.,Prioniodus sp.
Prioniodus sp.,Prioniodus cf. gilberti
Prioniodus sp.,Protopanderodus cf. leonardii
Prioniodus sp.,Scalpellodus aff. gracilis
Prioniodus sp.,Scolopodus aff. krummi
Prioniodus sp.,Semiacontiodus sp.
Prioniodus sp.,Semiacontiodus cf. cornuformis
Prioniodus sp.,Stolodus cf. stola
Prioniodus sp.,Tripodus sp.
Prioniodus sp.,Tripodus aff. Laevis
Prioniodus sp.,Tropodus sp.
Prioniodus sp.,Tropodus cf. sweeti
Prioniodus cf. gilberti,Benthic detritus
Prioniodus cf. gilberti,Zooplankton
Prioniodus cf. gilberti,Bryozoan
Prioniodus cf. gilberti,Halkieriid
Prioniodus cf. gilberti,Calvapilosa kroegeri
Prioniodus cf. gilberti,Plumulites bengtsoni
Prioniodus cf. gilberti,Large plumulitid
Prioniodus cf. gilberti,Possible phyllodocid
Prioniodus cf. gilberti,Palaeoscolex cf. tenensis
Prioniodus cf. gilberti,Priapulid
Prioniodus cf. gilberti,Large taxon with spinose limbs
Prioniodus cf. gilberti,Small taxon with spinose limbs
Prioniodus cf. gilberti,Clonograptus rigidus
Prioniodus cf. gilberti,Clonograptus flexibilis
Prioniodus cf. gilberti,Clonograptus flexilis
Prioniodus cf. gilberti,Clonograptus persistens
Prioniodus cf. gilberti,Clonograptus multiplex
Prioniodus cf. gilberti,Didymograptus cf. arcuatus
Prioniodus cf. gilberti,Didymograptus deflexus
Prioniodus cf. gilberti,Didymograptus extensus
Prioniodus cf. gilberti,Didymograptus v-fractus
Prioniodus cf. gilberti,Didymograptus intendus
Prioniodus cf. gilberti,Didymograptus pennatulus
Prioniodus cf. gilberti,Didymograptus nanus
Prioniodus cf. gilberti,Didymograptus nitidus
Prioniodus cf. gilberti,Didymograptus patulus
Prioniodus cf. gilberti,Didymograptus sparsus
Prioniodus cf. gilberti,"""Didymograptus sp. 1"""
Prioniodus cf. gilberti,Didymograptus sp.
Prioniodus cf. gilberti,Didymograptid indet.
Prioniodus cf. gilberti,Dichograptidae?
Prioniodus cf. gilberti,Hunnegraptus copiosus
Prioniodus cf. gilberti, 'Kiaerograptus' supremus
Prioniodus cf. gilberti,Koremagraptus sp.
Prioniodus cf. gilberti,Paradelograptus norvegicus
Prioniodus cf. gilberti,Paradelograptus tenuis
Prioniodus cf. gilberti,Paratemnograptus magnificus
Prioniodus cf. gilberti,Tetragraptus cf. approximatus
Prioniodus cf. gilberti,Tetragraptus quadribrachiatus
Prioniodus cf. gilberti,Tetragraptus reclinatus
Prioniodus cf. gilberti,Tetragraptus serra
Prioniodus cf. gilberti,Tetragraptus tornquisti
Prioniodus cf. gilberti, 'Tetragraptus' bulmani
Prioniodus cf. gilberti,Tetragraptus sp.
Prioniodus cf. gilberti,Araneograptus murrayi
Prioniodus cf. gilberti,Dictyonema sp.
Prioniodus cf. gilberti,Tuboid
Prioniodus cf. gilberti,Anisograptus cf. matanensis
Prioniodus cf. gilberti,Bryograptus divergens
Prioniodus cf. gilberti,Bryograptus kjerulfi cumbrensis
Prioniodus cf. gilberti,Bryograptus lapworthi
Prioniodus cf. gilberti,Rhabdinopora flabelliforme cf. anglica
Prioniodus cf. gilberti,Rhabdinopora flabelliforme flabelliforme
Prioniodus cf. gilberti,Rhabdinopora flabelliforme multithecatum
Prioniodus cf. gilberti,Rhabdinopora flabelliformis socialis
Prioniodus cf. gilberti,Rhabdinopora flabelliformis canadenisis
Prioniodus cf. gilberti,Rhabdinopora flabelliforme norvegicum
Prioniodus cf. gilberti,Acrograptus nicholsoni
Prioniodus cf. gilberti,Adelograptus sp.
Prioniodus cf. gilberti,Azygograptus eivionicus
Prioniodus cf. gilberti,Azygograptus sp.
Prioniodus cf. gilberti,Etagraptus putillus
Prioniodus cf. gilberti,Hermannograptus sp.
Prioniodus cf. gilberti,Isograptus caduceus arcuatus
Prioniodus cf. gilberti,Isograptus caduceus gracilis
Prioniodus cf. gilberti,Isograptus furcula
Prioniodus cf. gilberti,Pterograptus sp.
Prioniodus cf. gilberti,Schizograptus sp.
Prioniodus cf. gilberti,Temnograptus multiflex
Prioniodus cf. gilberti,Temnograptus cf. noveboracensis
Prioniodus cf. gilberti,Temnograptus ramulus
Prioniodus cf. gilberti,Adelograptus tenellus
Prioniodus cf. gilberti,Choristograptus louai
Prioniodus cf. gilberti,Ancoragraptus bulmani
Prioniodus cf. gilberti,?Cymatograptus protobalticus
Prioniodus cf. gilberti,?Baltograptus jacksoni
Prioniodus cf. gilberti,Baltograptus minutus
Prioniodus cf. gilberti,Baltograptus deflexus
Prioniodus cf. gilberti,?Baltograptus kurcki
Prioniodus cf. gilberti,Expansograptus sp.
Prioniodus cf. gilberti,Webbyites felix
Prioniodus cf. gilberti,Rhabdopleura-like epibiont
Prioniodus cf. gilberti,Drepanoistodus? cf. pervetus
Prioniodus cf. gilberti,Drepanoistodus cf. forceps
Prioniodus cf. gilberti,Acodus deltatus
Prioniodus cf. gilberti,Cornuodus longibasis
Prioniodus cf. gilberti,Drepanodus arcuatus
Prioniodus cf. gilberti,Paltodus cf. inaequalis
Prioniodus cf. gilberti,Parapaltodus aff. flexuosus
Prioniodus cf. gilberti,Parapaltodus aff. simplicissimus
Prioniodus cf. gilberti,Paroistodus cf. proteus
Prioniodus cf. gilberti,Paroistodus cf. parallellus
Prioniodus cf. gilberti,Periodon cf. selenopsis
Prioniodus cf. gilberti,Periodon cf. primus
Prioniodus cf. gilberti,Prioniodus sp.
Prioniodus cf. gilberti,Prioniodus cf. gilberti
Prioniodus cf. gilberti,Protopanderodus cf. leonardii
Prioniodus cf. gilberti,Scalpellodus aff. gracilis
Prioniodus cf. gilberti,Scolopodus aff. krummi
Prioniodus cf. gilberti,Semiacontiodus sp.
Prioniodus cf. gilberti,Semiacontiodus cf. cornuformis
Prioniodus cf. gilberti,Stolodus cf. stola
Prioniodus cf. gilberti,Tripodus sp.
Prioniodus cf. gilberti,Tripodus aff. Laevis
Prioniodus cf. gilberti,Tropodus sp.
Prioniodus cf. gilberti,Tropodus cf. sweeti
Protopanderodus cf. leonardii,Benthic detritus
Protopanderodus cf. leonardii,Zooplankton
Protopanderodus cf. leonardii,Bryozoan
Protopanderodus cf. leonardii,Halkieriid
Protopanderodus cf. leonardii,Calvapilosa kroegeri
Protopanderodus cf. leonardii,Plumulites bengtsoni
Protopanderodus cf. leonardii,Large plumulitid
Protopanderodus cf. leonardii,Possible phyllodocid
Protopanderodus cf. leonardii,Palaeoscolex cf. tenensis
Protopanderodus cf. leonardii,Priapulid
Protopanderodus cf. leonardii,Large taxon with spinose limbs
Protopanderodus cf. leonardii,Small taxon with spinose limbs
Protopanderodus cf. leonardii,Clonograptus rigidus
Protopanderodus cf. leonardii,Clonograptus flexibilis
Protopanderodus cf. leonardii,Clonograptus flexilis
Protopanderodus cf. leonardii,Clonograptus persistens
Protopanderodus cf. leonardii,Clonograptus multiplex
Protopanderodus cf. leonardii,Didymograptus cf. arcuatus
Protopanderodus cf. leonardii,Didymograptus deflexus
Protopanderodus cf. leonardii,Didymograptus extensus
Protopanderodus cf. leonardii,Didymograptus v-fractus
Protopanderodus cf. leonardii,Didymograptus intendus
Protopanderodus cf. leonardii,Didymograptus pennatulus
Protopanderodus cf. leonardii,Didymograptus nanus
Protopanderodus cf. leonardii,Didymograptus nitidus
Protopanderodus cf. leonardii,Didymograptus patulus
Protopanderodus cf. leonardii,Didymograptus sparsus
Protopanderodus cf. leonardii,"""Didymograptus sp. 1"""
Protopanderodus cf. leonardii,Didymograptus sp.
Protopanderodus cf. leonardii,Didymograptid indet.
Protopanderodus cf. leonardii,Dichograptidae?
Protopanderodus cf. leonardii,Hunnegraptus copiosus
Protopanderodus cf. leonardii, 'Kiaerograptus' supremus
Protopanderodus cf. leonardii,Koremagraptus sp.
Protopanderodus cf. leonardii,Paradelograptus norvegicus
Protopanderodus cf. leonardii,Paradelograptus tenuis
Protopanderodus cf. leonardii,Paratemnograptus magnificus
Protopanderodus cf. leonardii,Tetragraptus cf. approximatus
Protopanderodus cf. leonardii,Tetragraptus quadribrachiatus
Protopanderodus cf. leonardii,Tetragraptus reclinatus
Protopanderodus cf. leonardii,Tetragraptus serra
Protopanderodus cf. leonardii,Tetragraptus tornquisti
Protopanderodus cf. leonardii, 'Tetragraptus' bulmani
Protopanderodus cf. leonardii,Tetragraptus sp.
Protopanderodus cf. leonardii,Araneograptus murrayi
Protopanderodus cf. leonardii,Dictyonema sp.
Protopanderodus cf. leonardii,Tuboid
Protopanderodus cf. leonardii,Anisograptus cf. matanensis
Protopanderodus cf. leonardii,Bryograptus divergens
Protopanderodus cf. leonardii,Bryograptus kjerulfi cumbrensis
Protopanderodus cf. leonardii,Bryograptus lapworthi
Protopanderodus cf. leonardii,Rhabdinopora flabelliforme cf. anglica
Protopanderodus cf. leonardii,Rhabdinopora flabelliforme flabelliforme
Protopanderodus cf. leonardii,Rhabdinopora flabelliforme multithecatum
Protopanderodus cf. leonardii,Rhabdinopora flabelliformis socialis
Protopanderodus cf. leonardii,Rhabdinopora flabelliformis canadenisis
Protopanderodus cf. leonardii,Rhabdinopora flabelliforme norvegicum
Protopanderodus cf. leonardii,Acrograptus nicholsoni
Protopanderodus cf. leonardii,Adelograptus sp.
Protopanderodus cf. leonardii,Azygograptus eivionicus
Protopanderodus cf. leonardii,Azygograptus sp.
Protopanderodus cf. leonardii,Etagraptus putillus
Protopanderodus cf. leonardii,Hermannograptus sp.
Protopanderodus cf. leonardii,Isograptus caduceus arcuatus
Protopanderodus cf. leonardii,Isograptus caduceus gracilis
Protopanderodus cf. leonardii,Isograptus furcula
Protopanderodus cf. leonardii,Pterograptus sp.
Protopanderodus cf. leonardii,Schizograptus sp.
Protopanderodus cf. leonardii,Temnograptus multiflex
Protopanderodus cf. leonardii,Temnograptus cf. noveboracensis
Protopanderodus cf. leonardii,Temnograptus ramulus
Protopanderodus cf. leonardii,Adelograptus tenellus
Protopanderodus cf. leonardii,Choristograptus louai
Protopanderodus cf. leonardii,Ancoragraptus bulmani
Protopanderodus cf. leonardii,?Cymatograptus protobalticus
Protopanderodus cf. leonardii,?Baltograptus jacksoni
Protopanderodus cf. leonardii,Baltograptus minutus
Protopanderodus cf. leonardii,Baltograptus deflexus
Protopanderodus cf. leonardii,?Baltograptus kurcki
Protopanderodus cf. leonardii,Expansograptus sp.
Protopanderodus cf. leonardii,Webbyites felix
Protopanderodus cf. leonardii,Rhabdopleura-like epibiont
Protopanderodus cf. leonardii,Drepanoistodus? cf. pervetus
Protopanderodus cf. leonardii,Drepanoistodus cf. forceps
Protopanderodus cf. leonardii,Acodus deltatus
Protopanderodus cf. leonardii,Cornuodus longibasis
Protopanderodus cf. leonardii,Drepanodus arcuatus
Protopanderodus cf. leonardii,Paltodus cf. inaequalis
Protopanderodus cf. leonardii,Parapaltodus aff. flexuosus
Protopanderodus cf. leonardii,Parapaltodus aff. simplicissimus
Protopanderodus cf. leonardii,Paroistodus cf. proteus
Protopanderodus cf. leonardii,Paroistodus cf. parallellus
Protopanderodus cf. leonardii,Periodon cf. selenopsis
Protopanderodus cf. leonardii,Periodon cf. primus
Protopanderodus cf. leonardii,Prioniodus sp.
Protopanderodus cf. leonardii,Prioniodus cf. gilberti
Protopanderodus cf. leonardii,Protopanderodus cf. leonardii
Protopanderodus cf. leonardii,Scalpellodus aff. gracilis
Protopanderodus cf. leonardii,Scolopodus aff. krummi
Protopanderodus cf. leonardii,Semiacontiodus sp.
Protopanderodus cf. leonardii,Semiacontiodus cf. cornuformis
Protopanderodus cf. leonardii,Stolodus cf. stola
Protopanderodus cf. leonardii,Tripodus sp.
Protopanderodus cf. leonardii,Tripodus aff. Laevis
Protopanderodus cf. leonardii,Tropodus sp.
Protopanderodus cf. leonardii,Tropodus cf. sweeti
Scalpellodus aff. gracilis,Benthic detritus
Scalpellodus aff. gracilis,Zooplankton
Scalpellodus aff. gracilis,Bryozoan
Scalpellodus aff. gracilis,Halkieriid
Scalpellodus aff. gracilis,Calvapilosa kroegeri
Scalpellodus aff. gracilis,Plumulites bengtsoni
Scalpellodus aff. gracilis,Large plumulitid
Scalpellodus aff. gracilis,Possible phyllodocid
Scalpellodus aff. gracilis,Palaeoscolex cf. tenensis
Scalpellodus aff. gracilis,Priapulid
Scalpellodus aff. gracilis,Large taxon with spinose limbs
Scalpellodus aff. gracilis,Small taxon with spinose limbs
Scalpellodus aff. gracilis,Clonograptus rigidus
Scalpellodus aff. gracilis,Clonograptus flexibilis
Scalpellodus aff. gracilis,Clonograptus flexilis
Scalpellodus aff. gracilis,Clonograptus persistens
Scalpellodus aff. gracilis,Clonograptus multiplex
Scalpellodus aff. gracilis,Didymograptus cf. arcuatus
Scalpellodus aff. gracilis,Didymograptus deflexus
Scalpellodus aff. gracilis,Didymograptus extensus
Scalpellodus aff. gracilis,Didymograptus v-fractus
Scalpellodus aff. gracilis,Didymograptus intendus
Scalpellodus aff. gracilis,Didymograptus pennatulus
Scalpellodus aff. gracilis,Didymograptus nanus
Scalpellodus aff. gracilis,Didymograptus nitidus
Scalpellodus aff. gracilis,Didymograptus patulus
Scalpellodus aff. gracilis,Didymograptus sparsus
Scalpellodus aff. gracilis,"""Didymograptus sp. 1"""
Scalpellodus aff. gracilis,Didymograptus sp.
Scalpellodus aff. gracilis,Didymograptid indet.
Scalpellodus aff. gracilis,Dichograptidae?
Scalpellodus aff. gracilis,Hunnegraptus copiosus
Scalpellodus aff. gracilis, 'Kiaerograptus' supremus
Scalpellodus aff. gracilis,Koremagraptus sp.
Scalpellodus aff. gracilis,Paradelograptus norvegicus
Scalpellodus aff. gracilis,Paradelograptus tenuis
Scalpellodus aff. gracilis,Paratemnograptus magnificus
Scalpellodus aff. gracilis,Tetragraptus cf. approximatus
Scalpellodus aff. gracilis,Tetragraptus quadribrachiatus
Scalpellodus aff. gracilis,Tetragraptus reclinatus
Scalpellodus aff. gracilis,Tetragraptus serra
Scalpellodus aff. gracilis,Tetragraptus tornquisti
Scalpellodus aff. gracilis, 'Tetragraptus' bulmani
Scalpellodus aff. gracilis,Tetragraptus sp.
Scalpellodus aff. gracilis,Araneograptus murrayi
Scalpellodus aff. gracilis,Dictyonema sp.
Scalpellodus aff. gracilis,Tuboid
Scalpellodus aff. gracilis,Anisograptus cf. matanensis
Scalpellodus aff. gracilis,Bryograptus divergens
Scalpellodus aff. gracilis,Bryograptus kjerulfi cumbrensis
Scalpellodus aff. gracilis,Bryograptus lapworthi
Scalpellodus aff. gracilis,Rhabdinopora flabelliforme cf. anglica
Scalpellodus aff. gracilis,Rhabdinopora flabelliforme flabelliforme
Scalpellodus aff. gracilis,Rhabdinopora flabelliforme multithecatum
Scalpellodus aff. gracilis,Rhabdinopora flabelliformis socialis
Scalpellodus aff. gracilis,Rhabdinopora flabelliformis canadenisis
Scalpellodus aff. gracilis,Rhabdinopora flabelliforme norvegicum
Scalpellodus aff. gracilis,Acrograptus nicholsoni
Scalpellodus aff. gracilis,Adelograptus sp.
Scalpellodus aff. gracilis,Azygograptus eivionicus
Scalpellodus aff. gracilis,Azygograptus sp.
Scalpellodus aff. gracilis,Etagraptus putillus
Scalpellodus aff. gracilis,Hermannograptus sp.
Scalpellodus aff. gracilis,Isograptus caduceus arcuatus
Scalpellodus aff. gracilis,Isograptus caduceus gracilis
Scalpellodus aff. gracilis,Isograptus furcula
Scalpellodus aff. gracilis,Pterograptus sp.
Scalpellodus aff. gracilis,Schizograptus sp.
Scalpellodus aff. gracilis,Temnograptus multiflex
Scalpellodus aff. gracilis,Temnograptus cf. noveboracensis
Scalpellodus aff. gracilis,Temnograptus ramulus
Scalpellodus aff. gracilis,Adelograptus tenellus
Scalpellodus aff. gracilis,Choristograptus louai
Scalpellodus aff. gracilis,Ancoragraptus bulmani
Scalpellodus aff. gracilis,?Cymatograptus protobalticus
Scalpellodus aff. gracilis,?Baltograptus jacksoni
Scalpellodus aff. gracilis,Baltograptus minutus
Scalpellodus aff. gracilis,Baltograptus deflexus
Scalpellodus aff. gracilis,?Baltograptus kurcki
Scalpellodus aff. gracilis,Expansograptus sp.
Scalpellodus aff. gracilis,Webbyites felix
Scalpellodus aff. gracilis,Rhabdopleura-like epibiont
Scalpellodus aff. gracilis,Drepanoistodus? cf. pervetus
Scalpellodus aff. gracilis,Drepanoistodus cf. forceps
Scalpellodus aff. gracilis,Acodus deltatus
Scalpellodus aff. gracilis,Cornuodus longibasis
Scalpellodus aff. gracilis,Drepanodus arcuatus
Scalpellodus aff. gracilis,Paltodus cf. inaequalis
Scalpellodus aff. gracilis,Parapaltodus aff. flexuosus
Scalpellodus aff. gracilis,Parapaltodus aff. simplicissimus
Scalpellodus aff. gracilis,Paroistodus cf. proteus
Scalpellodus aff. gracilis,Paroistodus cf. parallellus
Scalpellodus aff. gracilis,Periodon cf. selenopsis
Scalpellodus aff. gracilis,Periodon cf. primus
Scalpellodus aff. gracilis,Prioniodus sp.
Scalpellodus aff. gracilis,Prioniodus cf. gilberti
Scalpellodus aff. gracilis,Protopanderodus cf. leonardii
Scalpellodus aff. gracilis,Scalpellodus aff. gracilis
Scalpellodus aff. gracilis,Scolopodus aff. krummi
Scalpellodus aff. gracilis,Semiacontiodus sp.
Scalpellodus aff. gracilis,Semiacontiodus cf. cornuformis
Scalpellodus aff. gracilis,Stolodus cf. stola
Scalpellodus aff. gracilis,Tripodus sp.
Scalpellodus aff. gracilis,Tripodus aff. Laevis
Scalpellodus aff. gracilis,Tropodus sp.
Scalpellodus aff. gracilis,Tropodus cf. sweeti
Scolopodus aff. krummi,Benthic detritus
Scolopodus aff. krummi,Zooplankton
Scolopodus aff. krummi,Bryozoan
Scolopodus aff. krummi,Halkieriid
Scolopodus aff. krummi,Calvapilosa kroegeri
Scolopodus aff. krummi,Plumulites bengtsoni
Scolopodus aff. krummi,Large plumulitid
Scolopodus aff. krummi,Possible phyllodocid
Scolopodus aff. krummi,Palaeoscolex cf. tenensis
Scolopodus aff. krummi,Priapulid
Scolopodus aff. krummi,Large taxon with spinose limbs
Scolopodus aff. krummi,Small taxon with spinose limbs
Scolopodus aff. krummi,Clonograptus rigidus
Scolopodus aff. krummi,Clonograptus flexibilis
Scolopodus aff. krummi,Clonograptus flexilis
Scolopodus aff. krummi,Clonograptus persistens
Scolopodus aff. krummi,Clonograptus multiplex
Scolopodus aff. krummi,Didymograptus cf. arcuatus
Scolopodus aff. krummi,Didymograptus deflexus
Scolopodus aff. krummi,Didymograptus extensus
Scolopodus aff. krummi,Didymograptus v-fractus
Scolopodus aff. krummi,Didymograptus intendus
Scolopodus aff. krummi,Didymograptus pennatulus
Scolopodus aff. krummi,Didymograptus nanus
Scolopodus aff. krummi,Didymograptus nitidus
Scolopodus aff. krummi,Didymograptus patulus
Scolopodus aff. krummi,Didymograptus sparsus
Scolopodus aff. krummi,"""Didymograptus sp. 1"""
Scolopodus aff. krummi,Didymograptus sp.
Scolopodus aff. krummi,Didymograptid indet.
Scolopodus aff. krummi,Dichograptidae?
Scolopodus aff. krummi,Hunnegraptus copiosus
Scolopodus aff. krummi, 'Kiaerograptus' supremus
Scolopodus aff. krummi,Koremagraptus sp.
Scolopodus aff. krummi,Paradelograptus norvegicus
Scolopodus aff. krummi,Paradelograptus tenuis
Scolopodus aff. krummi,Paratemnograptus magnificus
Scolopodus aff. krummi,Tetragraptus cf. approximatus
Scolopodus aff. krummi,Tetragraptus quadribrachiatus
Scolopodus aff. krummi,Tetragraptus reclinatus
Scolopodus aff. krummi,Tetragraptus serra
Scolopodus aff. krummi,Tetragraptus tornquisti
Scolopodus aff. krummi, 'Tetragraptus' bulmani
Scolopodus aff. krummi,Tetragraptus sp.
Scolopodus aff. krummi,Araneograptus murrayi
Scolopodus aff. krummi,Dictyonema sp.
Scolopodus aff. krummi,Tuboid
Scolopodus aff. krummi,Anisograptus cf. matanensis
Scolopodus aff. krummi,Bryograptus divergens
Scolopodus aff. krummi,Bryograptus kjerulfi cumbrensis
Scolopodus aff. krummi,Bryograptus lapworthi
Scolopodus aff. krummi,Rhabdinopora flabelliforme cf. anglica
Scolopodus aff. krummi,Rhabdinopora flabelliforme flabelliforme
Scolopodus aff. krummi,Rhabdinopora flabelliforme multithecatum
Scolopodus aff. krummi,Rhabdinopora flabelliformis socialis
Scolopodus aff. krummi,Rhabdinopora flabelliformis canadenisis
Scolopodus aff. krummi,Rhabdinopora flabelliforme norvegicum
Scolopodus aff. krummi,Acrograptus nicholsoni
Scolopodus aff. krummi,Adelograptus sp.
Scolopodus aff. krummi,Azygograptus eivionicus
Scolopodus aff. krummi,Azygograptus sp.
Scolopodus aff. krummi,Etagraptus putillus
Scolopodus aff. krummi,Hermannograptus sp.
Scolopodus aff. krummi,Isograptus caduceus arcuatus
Scolopodus aff. krummi,Isograptus caduceus gracilis
Scolopodus aff. krummi,Isograptus furcula
Scolopodus aff. krummi,Pterograptus sp.
Scolopodus aff. krummi,Schizograptus sp.
Scolopodus aff. krummi,Temnograptus multiflex
Scolopodus aff. krummi,Temnograptus cf. noveboracensis
Scolopodus aff. krummi,Temnograptus ramulus
Scolopodus aff. krummi,Adelograptus tenellus
Scolopodus aff. krummi,Choristograptus louai
Scolopodus aff. krummi,Ancoragraptus bulmani
Scolopodus aff. krummi,?Cymatograptus protobalticus
Scolopodus aff. krummi,?Baltograptus jacksoni
Scolopodus aff. krummi,Baltograptus minutus
Scolopodus aff. krummi,Baltograptus deflexus
Scolopodus aff. krummi,?Baltograptus kurcki
Scolopodus aff. krummi,Expansograptus sp.
Scolopodus aff. krummi,Webbyites felix
Scolopodus aff. krummi,Rhabdopleura-like epibiont
Scolopodus aff. krummi,Drepanoistodus? cf. pervetus
Scolopodus aff. krummi,Drepanoistodus cf. forceps
Scolopodus aff. krummi,Acodus deltatus
Scolopodus aff. krummi,Cornuodus longibasis
Scolopodus aff. krummi,Drepanodus arcuatus
Scolopodus aff. krummi,Paltodus cf. inaequalis
Scolopodus aff. krummi,Parapaltodus aff. flexuosus
Scolopodus aff. krummi,Parapaltodus aff. simplicissimus
Scolopodus aff. krummi,Paroistodus cf. proteus
Scolopodus aff. krummi,Paroistodus cf. parallellus
Scolopodus aff. krummi,Periodon cf. selenopsis
Scolopodus aff. krummi,Periodon cf. primus
Scolopodus aff. krummi,Prioniodus sp.
Scolopodus aff. krummi,Prioniodus cf. gilberti
Scolopodus aff. krummi,Protopanderodus cf. leonardii
Scolopodus aff. krummi,Scalpellodus aff. gracilis
Scolopodus aff. krummi,Scolopodus aff. krummi
Scolopodus aff. krummi,Semiacontiodus sp.
Scolopodus aff. krummi,Semiacontiodus cf. cornuformis
Scolopodus aff. krummi,Stolodus cf. stola
Scolopodus aff. krummi,Tripodus sp.
Scolopodus aff. krummi,Tripodus aff. Laevis
Scolopodus aff. krummi,Tropodus sp.
Scolopodus aff. krummi,Tropodus cf. sweeti
Semiacontiodus sp.,Benthic detritus
Semiacontiodus sp.,Zooplankton
Semiacontiodus sp.,Bryozoan
Semiacontiodus sp.,Halkieriid
Semiacontiodus sp.,Calvapilosa kroegeri
Semiacontiodus sp.,Plumulites bengtsoni
Semiacontiodus sp.,Large plumulitid
Semiacontiodus sp.,Possible phyllodocid
Semiacontiodus sp.,Palaeoscolex cf. tenensis
Semiacontiodus sp.,Priapulid
Semiacontiodus sp.,Large taxon with spinose limbs
Semiacontiodus sp.,Small taxon with spinose limbs
Semiacontiodus sp.,Clonograptus rigidus
Semiacontiodus sp.,Clonograptus flexibilis
Semiacontiodus sp.,Clonograptus flexilis
Semiacontiodus sp.,Clonograptus persistens
Semiacontiodus sp.,Clonograptus multiplex
Semiacontiodus sp.,Didymograptus cf. arcuatus
Semiacontiodus sp.,Didymograptus deflexus
Semiacontiodus sp.,Didymograptus extensus
Semiacontiodus sp.,Didymograptus v-fractus
Semiacontiodus sp.,Didymograptus intendus
Semiacontiodus sp.,Didymograptus pennatulus
Semiacontiodus sp.,Didymograptus nanus
Semiacontiodus sp.,Didymograptus nitidus
Semiacontiodus sp.,Didymograptus patulus
Semiacontiodus sp.,Didymograptus sparsus
Semiacontiodus sp.,"""Didymograptus sp. 1"""
Semiacontiodus sp.,Didymograptus sp.
Semiacontiodus sp.,Didymograptid indet.
Semiacontiodus sp.,Dichograptidae?
Semiacontiodus sp.,Hunnegraptus copiosus
Semiacontiodus sp., 'Kiaerograptus' supremus
Semiacontiodus sp.,Koremagraptus sp.
Semiacontiodus sp.,Paradelograptus norvegicus
Semiacontiodus sp.,Paradelograptus tenuis
Semiacontiodus sp.,Paratemnograptus magnificus
Semiacontiodus sp.,Tetragraptus cf. approximatus
Semiacontiodus sp.,Tetragraptus quadribrachiatus
Semiacontiodus sp.,Tetragraptus reclinatus
Semiacontiodus sp.,Tetragraptus serra
Semiacontiodus sp.,Tetragraptus tornquisti
Semiacontiodus sp., 'Tetragraptus' bulmani
Semiacontiodus sp.,Tetragraptus sp.
Semiacontiodus sp.,Araneograptus murrayi
Semiacontiodus sp.,Dictyonema sp.
Semiacontiodus sp.,Tuboid
Semiacontiodus sp.,Anisograptus cf. matanensis
Semiacontiodus sp.,Bryograptus divergens
Semiacontiodus sp.,Bryograptus kjerulfi cumbrensis
Semiacontiodus sp.,Bryograptus lapworthi
Semiacontiodus sp.,Rhabdinopora flabelliforme cf. anglica
Semiacontiodus sp.,Rhabdinopora flabelliforme flabelliforme
Semiacontiodus sp.,Rhabdinopora flabelliforme multithecatum
Semiacontiodus sp.,Rhabdinopora flabelliformis socialis
Semiacontiodus sp.,Rhabdinopora flabelliformis canadenisis
Semiacontiodus sp.,Rhabdinopora flabelliforme norvegicum
Semiacontiodus sp.,Acrograptus nicholsoni
Semiacontiodus sp.,Adelograptus sp.
Semiacontiodus sp.,Azygograptus eivionicus
Semiacontiodus sp.,Azygograptus sp.
Semiacontiodus sp.,Etagraptus putillus
Semiacontiodus sp.,Hermannograptus sp.
Semiacontiodus sp.,Isograptus caduceus arcuatus
Semiacontiodus sp.,Isograptus caduceus gracilis
Semiacontiodus sp.,Isograptus furcula
Semiacontiodus sp.,Pterograptus sp.
Semiacontiodus sp.,Schizograptus sp.
Semiacontiodus sp.,Temnograptus multiflex
Semiacontiodus sp.,Temnograptus cf. noveboracensis
Semiacontiodus sp.,Temnograptus ramulus
Semiacontiodus sp.,Adelograptus tenellus
Semiacontiodus sp.,Choristograptus louai
Semiacontiodus sp.,Ancoragraptus bulmani
Semiacontiodus sp.,?Cymatograptus protobalticus
Semiacontiodus sp.,?Baltograptus jacksoni
Semiacontiodus sp.,Baltograptus minutus
Semiacontiodus sp.,Baltograptus deflexus
Semiacontiodus sp.,?Baltograptus kurcki
Semiacontiodus sp.,Expansograptus sp.
Semiacontiodus sp.,Webbyites felix
Semiacontiodus sp.,Rhabdopleura-like epibiont
Semiacontiodus sp.,Drepanoistodus? cf. pervetus
Semiacontiodus sp.,Drepanoistodus cf. forceps
Semiacontiodus sp.,Acodus deltatus
Semiacontiodus sp.,Cornuodus longibasis
Semiacontiodus sp.,Drepanodus arcuatus
Semiacontiodus sp.,Paltodus cf. inaequalis
Semiacontiodus sp.,Parapaltodus aff. flexuosus
Semiacontiodus sp.,Parapaltodus aff. simplicissimus
Semiacontiodus sp.,Paroistodus cf. proteus
Semiacontiodus sp.,Paroistodus cf. parallellus
Semiacontiodus sp.,Periodon cf. selenopsis
Semiacontiodus sp.,Periodon cf. primus
Semiacontiodus sp.,Prioniodus sp.
Semiacontiodus sp.,Prioniodus cf. gilberti
Semiacontiodus sp.,Protopanderodus cf. leonardii
Semiacontiodus sp.,Scalpellodus aff. gracilis
Semiacontiodus sp.,Scolopodus aff. krummi
Semiacontiodus sp.,Semiacontiodus sp.
Semiacontiodus sp.,Semiacontiodus cf. cornuformis
Semiacontiodus sp.,Stolodus cf. stola
Semiacontiodus sp.,Tripodus sp.
Semiacontiodus sp.,Tripodus aff. Laevis
Semiacontiodus sp.,Tropodus sp.
Semiacontiodus sp.,Tropodus cf. sweeti
Semiacontiodus cf. cornuformis,Benthic detritus
Semiacontiodus cf. cornuformis,Zooplankton
Semiacontiodus cf. cornuformis,Bryozoan
Semiacontiodus cf. cornuformis,Halkieriid
Semiacontiodus cf. cornuformis,Calvapilosa kroegeri
Semiacontiodus cf. cornuformis,Plumulites bengtsoni
Semiacontiodus cf. cornuformis,Large plumulitid
Semiacontiodus cf. cornuformis,Possible phyllodocid
Semiacontiodus cf. cornuformis,Palaeoscolex cf. tenensis
Semiacontiodus cf. cornuformis,Priapulid
Semiacontiodus cf. cornuformis,Large taxon with spinose limbs
Semiacontiodus cf. cornuformis,Small taxon with spinose limbs
Semiacontiodus cf. cornuformis,Clonograptus rigidus
Semiacontiodus cf. cornuformis,Clonograptus flexibilis
Semiacontiodus cf. cornuformis,Clonograptus flexilis
Semiacontiodus cf. cornuformis,Clonograptus persistens
Semiacontiodus cf. cornuformis,Clonograptus multiplex
Semiacontiodus cf. cornuformis,Didymograptus cf. arcuatus
Semiacontiodus cf. cornuformis,Didymograptus deflexus
Semiacontiodus cf. cornuformis,Didymograptus extensus
Semiacontiodus cf. cornuformis,Didymograptus v-fractus
Semiacontiodus cf. cornuformis,Didymograptus intendus
Semiacontiodus cf. cornuformis,Didymograptus pennatulus
Semiacontiodus cf. cornuformis,Didymograptus nanus
Semiacontiodus cf. cornuformis,Didymograptus nitidus
Semiacontiodus cf. cornuformis,Didymograptus patulus
Semiacontiodus cf. cornuformis,Didymograptus sparsus
Semiacontiodus cf. cornuformis,"""Didymograptus sp. 1"""
Semiacontiodus cf. cornuformis,Didymograptus sp.
Semiacontiodus cf. cornuformis,Didymograptid indet.
Semiacontiodus cf. cornuformis,Dichograptidae?
Semiacontiodus cf. cornuformis,Hunnegraptus copiosus
Semiacontiodus cf. cornuformis, 'Kiaerograptus' supremus
Semiacontiodus cf. cornuformis,Koremagraptus sp.
Semiacontiodus cf. cornuformis,Paradelograptus norvegicus
Semiacontiodus cf. cornuformis,Paradelograptus tenuis
Semiacontiodus cf. cornuformis,Paratemnograptus magnificus
Semiacontiodus cf. cornuformis,Tetragraptus cf. approximatus
Semiacontiodus cf. cornuformis,Tetragraptus quadribrachiatus
Semiacontiodus cf. cornuformis,Tetragraptus reclinatus
Semiacontiodus cf. cornuformis,Tetragraptus serra
Semiacontiodus cf. cornuformis,Tetragraptus tornquisti
Semiacontiodus cf. cornuformis, 'Tetragraptus' bulmani
Semiacontiodus cf. cornuformis,Tetragraptus sp.
Semiacontiodus cf. cornuformis,Araneograptus murrayi
Semiacontiodus cf. cornuformis,Dictyonema sp.
Semiacontiodus cf. cornuformis,Tuboid
Semiacontiodus cf. cornuformis,Anisograptus cf. matanensis
Semiacontiodus cf. cornuformis,Bryograptus divergens
Semiacontiodus cf. cornuformis,Bryograptus kjerulfi cumbrensis
Semiacontiodus cf. cornuformis,Bryograptus lapworthi
Semiacontiodus cf. cornuformis,Rhabdinopora flabelliforme cf. anglica
Semiacontiodus cf. cornuformis,Rhabdinopora flabelliforme flabelliforme
Semiacontiodus cf. cornuformis,Rhabdinopora flabelliforme multithecatum
Semiacontiodus cf. cornuformis,Rhabdinopora flabelliformis socialis
Semiacontiodus cf. cornuformis,Rhabdinopora flabelliformis canadenisis
Semiacontiodus cf. cornuformis,Rhabdinopora flabelliforme norvegicum
Semiacontiodus cf. cornuformis,Acrograptus nicholsoni
Semiacontiodus cf. cornuformis,Adelograptus sp.
Semiacontiodus cf. cornuformis,Azygograptus eivionicus
Semiacontiodus cf. cornuformis,Azygograptus sp.
Semiacontiodus cf. cornuformis,Etagraptus putillus
Semiacontiodus cf. cornuformis,Hermannograptus sp.
Semiacontiodus cf. cornuformis,Isograptus caduceus arcuatus
Semiacontiodus cf. cornuformis,Isograptus caduceus gracilis
Semiacontiodus cf. cornuformis,Isograptus furcula
Semiacontiodus cf. cornuformis,Pterograptus sp.
Semiacontiodus cf. cornuformis,Schizograptus sp.
Semiacontiodus cf. cornuformis,Temnograptus multiflex
Semiacontiodus cf. cornuformis,Temnograptus cf. noveboracensis
Semiacontiodus cf. cornuformis,Temnograptus ramulus
Semiacontiodus cf. cornuformis,Adelograptus tenellus
Semiacontiodus cf. cornuformis,Choristograptus louai
Semiacontiodus cf. cornuformis,Ancoragraptus bulmani
Semiacontiodus cf. cornuformis,?Cymatograptus protobalticus
Semiacontiodus cf. cornuformis,?Baltograptus jacksoni
Semiacontiodus cf. cornuformis,Baltograptus minutus
Semiacontiodus cf. cornuformis,Baltograptus deflexus
Semiacontiodus cf. cornuformis,?Baltograptus kurcki
Semiacontiodus cf. cornuformis,Expansograptus sp.
Semiacontiodus cf. cornuformis,Webbyites felix
Semiacontiodus cf. cornuformis,Rhabdopleura-like epibiont
Semiacontiodus cf. cornuformis,Drepanoistodus? cf. pervetus
Semiacontiodus cf. cornuformis,Drepanoistodus cf. forceps
Semiacontiodus cf. cornuformis,Acodus deltatus
Semiacontiodus cf. cornuformis,Cornuodus longibasis
Semiacontiodus cf. cornuformis,Drepanodus arcuatus
Semiacontiodus cf. cornuformis,Paltodus cf. inaequalis
Semiacontiodus cf. cornuformis,Parapaltodus aff. flexuosus
Semiacontiodus cf. cornuformis,Parapaltodus aff. simplicissimus
Semiacontiodus cf. cornuformis,Paroistodus cf. proteus
Semiacontiodus cf. cornuformis,Paroistodus cf. parallellus
Semiacontiodus cf. cornuformis,Periodon cf. selenopsis
Semiacontiodus cf. cornuformis,Periodon cf. primus
Semiacontiodus cf. cornuformis,Prioniodus sp.
Semiacontiodus cf. cornuformis,Prioniodus cf. gilberti
Semiacontiodus cf. cornuformis,Protopanderodus cf. leonardii
Semiacontiodus cf. cornuformis,Scalpellodus aff. gracilis
Semiacontiodus cf. cornuformis,Scolopodus aff. krummi
Semiacontiodus cf. cornuformis,Semiacontiodus sp.
Semiacontiodus cf. cornuformis,Semiacontiodus cf. cornuformis
Semiacontiodus cf. cornuformis,Stolodus cf. stola
Semiacontiodus cf. cornuformis,Tripodus sp.
Semiacontiodus cf. cornuformis,Tripodus aff. Laevis
Semiacontiodus cf. cornuformis,Tropodus sp.
Semiacontiodus cf. cornuformis,Tropodus cf. sweeti
Stolodus cf. stola,Benthic detritus
Stolodus cf. stola,Zooplankton
Stolodus cf. stola,Bryozoan
Stolodus cf. stola,Halkieriid
Stolodus cf. stola,Calvapilosa kroegeri
Stolodus cf. stola,Plumulites bengtsoni
Stolodus cf. stola,Large plumulitid
Stolodus cf. stola,Possible phyllodocid
Stolodus cf. stola,Palaeoscolex cf. tenensis
Stolodus cf. stola,Priapulid
Stolodus cf. stola,Large taxon with spinose limbs
Stolodus cf. stola,Small taxon with spinose limbs
Stolodus cf. stola,Clonograptus rigidus
Stolodus cf. stola,Clonograptus flexibilis
Stolodus cf. stola,Clonograptus flexilis
Stolodus cf. stola,Clonograptus persistens
Stolodus cf. stola,Clonograptus multiplex
Stolodus cf. stola,Didymograptus cf. arcuatus
Stolodus cf. stola,Didymograptus deflexus
Stolodus cf. stola,Didymograptus extensus
Stolodus cf. stola,Didymograptus v-fractus
Stolodus cf. stola,Didymograptus intendus
Stolodus cf. stola,Didymograptus pennatulus
Stolodus cf. stola,Didymograptus nanus
Stolodus cf. stola,Didymograptus nitidus
Stolodus cf. stola,Didymograptus patulus
Stolodus cf. stola,Didymograptus sparsus
Stolodus cf. stola,"""Didymograptus sp. 1"""
Stolodus cf. stola,Didymograptus sp.
Stolodus cf. stola,Didymograptid indet.
Stolodus cf. stola,Dichograptidae?
Stolodus cf. stola,Hunnegraptus copiosus
Stolodus cf. stola, 'Kiaerograptus' supremus
Stolodus cf. stola,Koremagraptus sp.
Stolodus cf. stola,Paradelograptus norvegicus
Stolodus cf. stola,Paradelograptus tenuis
Stolodus cf. stola,Paratemnograptus magnificus
Stolodus cf. stola,Tetragraptus cf. approximatus
Stolodus cf. stola,Tetragraptus quadribrachiatus
Stolodus cf. stola,Tetragraptus reclinatus
Stolodus cf. stola,Tetragraptus serra
Stolodus cf. stola,Tetragraptus tornquisti
Stolodus cf. stola, 'Tetragraptus' bulmani
Stolodus cf. stola,Tetragraptus sp.
Stolodus cf. stola,Araneograptus murrayi
Stolodus cf. stola,Dictyonema sp.
Stolodus cf. stola,Tuboid
Stolodus cf. stola,Anisograptus cf. matanensis
Stolodus cf. stola,Bryograptus divergens
Stolodus cf. stola,Bryograptus kjerulfi cumbrensis
Stolodus cf. stola,Bryograptus lapworthi
Stolodus cf. stola,Rhabdinopora flabelliforme cf. anglica
Stolodus cf. stola,Rhabdinopora flabelliforme flabelliforme
Stolodus cf. stola,Rhabdinopora flabelliforme multithecatum
Stolodus cf. stola,Rhabdinopora flabelliformis socialis
Stolodus cf. stola,Rhabdinopora flabelliformis canadenisis
Stolodus cf. stola,Rhabdinopora flabelliforme norvegicum
Stolodus cf. stola,Acrograptus nicholsoni
Stolodus cf. stola,Adelograptus sp.
Stolodus cf. stola,Azygograptus eivionicus
Stolodus cf. stola,Azygograptus sp.
Stolodus cf. stola,Etagraptus putillus
Stolodus cf. stola,Hermannograptus sp.
Stolodus cf. stola,Isograptus caduceus arcuatus
Stolodus cf. stola,Isograptus caduceus gracilis
Stolodus cf. stola,Isograptus furcula
Stolodus cf. stola,Pterograptus sp.
Stolodus cf. stola,Schizograptus sp.
Stolodus cf. stola,Temnograptus multiflex
Stolodus cf. stola,Temnograptus cf. noveboracensis
Stolodus cf. stola,Temnograptus ramulus
Stolodus cf. stola,Adelograptus tenellus
Stolodus cf. stola,Choristograptus louai
Stolodus cf. stola,Ancoragraptus bulmani
Stolodus cf. stola,?Cymatograptus protobalticus
Stolodus cf. stola,?Baltograptus jacksoni
Stolodus cf. stola,Baltograptus minutus
Stolodus cf. stola,Baltograptus deflexus
Stolodus cf. stola,?Baltograptus kurcki
Stolodus cf. stola,Expansograptus sp.
Stolodus cf. stola,Webbyites felix
Stolodus cf. stola,Rhabdopleura-like epibiont
Stolodus cf. stola,Drepanoistodus? cf. pervetus
Stolodus cf. stola,Drepanoistodus cf. forceps
Stolodus cf. stola,Acodus deltatus
Stolodus cf. stola,Cornuodus longibasis
Stolodus cf. stola,Drepanodus arcuatus
Stolodus cf. stola,Paltodus cf. inaequalis
Stolodus cf. stola,Parapaltodus aff. flexuosus
Stolodus cf. stola,Parapaltodus aff. simplicissimus
Stolodus cf. stola,Paroistodus cf. proteus
Stolodus cf. stola,Paroistodus cf. parallellus
Stolodus cf. stola,Periodon cf. selenopsis
Stolodus cf. stola,Periodon cf. primus
Stolodus cf. stola,Prioniodus sp.
Stolodus cf. stola,Prioniodus cf. gilberti
Stolodus cf. stola,Protopanderodus cf. leonardii
Stolodus cf. stola,Scalpellodus aff. gracilis
Stolodus cf. stola,Scolopodus aff. krummi
Stolodus cf. stola,Semiacontiodus sp.
Stolodus cf. stola,Semiacontiodus cf. cornuformis
Stolodus cf. stola,Stolodus cf. stola
Stolodus cf. stola,Tripodus sp.
Stolodus cf. stola,Tripodus aff. Laevis
Stolodus cf. stola,Tropodus sp.
Stolodus cf. stola,Tropodus cf. sweeti
Tripodus sp.,Benthic detritus
Tripodus sp.,Zooplankton
Tripodus sp.,Bryozoan
Tripodus sp.,Halkieriid
Tripodus sp.,Calvapilosa kroegeri
Tripodus sp.,Plumulites bengtsoni
Tripodus sp.,Large plumulitid
Tripodus sp.,Possible phyllodocid
Tripodus sp.,Palaeoscolex cf. tenensis
Tripodus sp.,Priapulid
Tripodus sp.,Large taxon with spinose limbs
Tripodus sp.,Small taxon with spinose limbs
Tripodus sp.,Clonograptus rigidus
Tripodus sp.,Clonograptus flexibilis
Tripodus sp.,Clonograptus flexilis
Tripodus sp.,Clonograptus persistens
Tripodus sp.,Clonograptus multiplex
Tripodus sp.,Didymograptus cf. arcuatus
Tripodus sp.,Didymograptus deflexus
Tripodus sp.,Didymograptus extensus
Tripodus sp.,Didymograptus v-fractus
Tripodus sp.,Didymograptus intendus
Tripodus sp.,Didymograptus pennatulus
Tripodus sp.,Didymograptus nanus
Tripodus sp.,Didymograptus nitidus
Tripodus sp.,Didymograptus patulus
Tripodus sp.,Didymograptus sparsus
Tripodus sp.,"""Didymograptus sp. 1"""
Tripodus sp.,Didymograptus sp.
Tripodus sp.,Didymograptid indet.
Tripodus sp.,Dichograptidae?
Tripodus sp.,Hunnegraptus copiosus
Tripodus sp., 'Kiaerograptus' supremus
Tripodus sp.,Koremagraptus sp.
Tripodus sp.,Paradelograptus norvegicus
Tripodus sp.,Paradelograptus tenuis
Tripodus sp.,Paratemnograptus magnificus
Tripodus sp.,Tetragraptus cf. approximatus
Tripodus sp.,Tetragraptus quadribrachiatus
Tripodus sp.,Tetragraptus reclinatus
Tripodus sp.,Tetragraptus serra
Tripodus sp.,Tetragraptus tornquisti
Tripodus sp., 'Tetragraptus' bulmani
Tripodus sp.,Tetragraptus sp.
Tripodus sp.,Araneograptus murrayi
Tripodus sp.,Dictyonema sp.
Tripodus sp.,Tuboid
Tripodus sp.,Anisograptus cf. matanensis
Tripodus sp.,Bryograptus divergens
Tripodus sp.,Bryograptus kjerulfi cumbrensis
Tripodus sp.,Bryograptus lapworthi
Tripodus sp.,Rhabdinopora flabelliforme cf. anglica
Tripodus sp.,Rhabdinopora flabelliforme flabelliforme
Tripodus sp.,Rhabdinopora flabelliforme multithecatum
Tripodus sp.,Rhabdinopora flabelliformis socialis
Tripodus sp.,Rhabdinopora flabelliformis canadenisis
Tripodus sp.,Rhabdinopora flabelliforme norvegicum
Tripodus sp.,Acrograptus nicholsoni
Tripodus sp.,Adelograptus sp.
Tripodus sp.,Azygograptus eivionicus
Tripodus sp.,Azygograptus sp.
Tripodus sp.,Etagraptus putillus
Tripodus sp.,Hermannograptus sp.
Tripodus sp.,Isograptus caduceus arcuatus
Tripodus sp.,Isograptus caduceus gracilis
Tripodus sp.,Isograptus furcula
Tripodus sp.,Pterograptus sp.
Tripodus sp.,Schizograptus sp.
Tripodus sp.,Temnograptus multiflex
Tripodus sp.,Temnograptus cf. noveboracensis
Tripodus sp.,Temnograptus ramulus
Tripodus sp.,Adelograptus tenellus
Tripodus sp.,Choristograptus louai
Tripodus sp.,Ancoragraptus bulmani
Tripodus sp.,?Cymatograptus protobalticus
Tripodus sp.,?Baltograptus jacksoni
Tripodus sp.,Baltograptus minutus
Tripodus sp.,Baltograptus deflexus
Tripodus sp.,?Baltograptus kurcki
Tripodus sp.,Expansograptus sp.
Tripodus sp.,Webbyites felix
Tripodus sp.,Rhabdopleura-like epibiont
Tripodus sp.,Drepanoistodus? cf. pervetus
Tripodus sp.,Drepanoistodus cf. forceps
Tripodus sp.,Acodus deltatus
Tripodus sp.,Cornuodus longibasis
Tripodus sp.,Drepanodus arcuatus
Tripodus sp.,Paltodus cf. inaequalis
Tripodus sp.,Parapaltodus aff. flexuosus
Tripodus sp.,Parapaltodus aff. simplicissimus
Tripodus sp.,Paroistodus cf. proteus
Tripodus sp.,Paroistodus cf. parallellus
Tripodus sp.,Periodon cf. selenopsis
Tripodus sp.,Periodon cf. primus
Tripodus sp.,Prioniodus sp.
Tripodus sp.,Prioniodus cf. gilberti
Tripodus sp.,Protopanderodus cf. leonardii
Tripodus sp.,Scalpellodus aff. gracilis
Tripodus sp.,Scolopodus aff. krummi
Tripodus sp.,Semiacontiodus sp.
Tripodus sp.,Semiacontiodus cf. cornuformis
Tripodus sp.,Stolodus cf. stola
Tripodus sp.,Tripodus sp.
Tripodus sp.,Tripodus aff. Laevis
Tripodus sp.,Tropodus sp.
Tripodus sp.,Tropodus cf. sweeti
Tripodus aff. Laevis,Benthic detritus
Tripodus aff. Laevis,Zooplankton
Tripodus aff. Laevis,Bryozoan
Tripodus aff. Laevis,Halkieriid
Tripodus aff. Laevis,Calvapilosa kroegeri
Tripodus aff. Laevis,Plumulites bengtsoni
Tripodus aff. Laevis,Large plumulitid
Tripodus aff. Laevis,Possible phyllodocid
Tripodus aff. Laevis,Palaeoscolex cf. tenensis
Tripodus aff. Laevis,Priapulid
Tripodus aff. Laevis,Large taxon with spinose limbs
Tripodus aff. Laevis,Small taxon with spinose limbs
Tripodus aff. Laevis,Clonograptus rigidus
Tripodus aff. Laevis,Clonograptus flexibilis
Tripodus aff. Laevis,Clonograptus flexilis
Tripodus aff. Laevis,Clonograptus persistens
Tripodus aff. Laevis,Clonograptus multiplex
Tripodus aff. Laevis,Didymograptus cf. arcuatus
Tripodus aff. Laevis,Didymograptus deflexus
Tripodus aff. Laevis,Didymograptus extensus
Tripodus aff. Laevis,Didymograptus v-fractus
Tripodus aff. Laevis,Didymograptus intendus
Tripodus aff. Laevis,Didymograptus pennatulus
Tripodus aff. Laevis,Didymograptus nanus
Tripodus aff. Laevis,Didymograptus nitidus
Tripodus aff. Laevis,Didymograptus patulus
Tripodus aff. Laevis,Didymograptus sparsus
Tripodus aff. Laevis,"""Didymograptus sp. 1"""
Tripodus aff. Laevis,Didymograptus sp.
Tripodus aff. Laevis,Didymograptid indet.
Tripodus aff. Laevis,Dichograptidae?
Tripodus aff. Laevis,Hunnegraptus copiosus
Tripodus aff. Laevis, 'Kiaerograptus' supremus
Tripodus aff. Laevis,Koremagraptus sp.
Tripodus aff. Laevis,Paradelograptus norvegicus
Tripodus aff. Laevis,Paradelograptus tenuis
Tripodus aff. Laevis,Paratemnograptus magnificus
Tripodus aff. Laevis,Tetragraptus cf. approximatus
Tripodus aff. Laevis,Tetragraptus quadribrachiatus
Tripodus aff. Laevis,Tetragraptus reclinatus
Tripodus aff. Laevis,Tetragraptus serra
Tripodus aff. Laevis,Tetragraptus tornquisti
Tripodus aff. Laevis, 'Tetragraptus' bulmani
Tripodus aff. Laevis,Tetragraptus sp.
Tripodus aff. Laevis,Araneograptus murrayi
Tripodus aff. Laevis,Dictyonema sp.
Tripodus aff. Laevis,Tuboid
Tripodus aff. Laevis,Anisograptus cf. matanensis
Tripodus aff. Laevis,Bryograptus divergens
Tripodus aff. Laevis,Bryograptus kjerulfi cumbrensis
Tripodus aff. Laevis,Bryograptus lapworthi
Tripodus aff. Laevis,Rhabdinopora flabelliforme cf. anglica
Tripodus aff. Laevis,Rhabdinopora flabelliforme flabelliforme
Tripodus aff. Laevis,Rhabdinopora flabelliforme multithecatum
Tripodus aff. Laevis,Rhabdinopora flabelliformis socialis
Tripodus aff. Laevis,Rhabdinopora flabelliformis canadenisis
Tripodus aff. Laevis,Rhabdinopora flabelliforme norvegicum
Tripodus aff. Laevis,Acrograptus nicholsoni
Tripodus aff. Laevis,Adelograptus sp.
Tripodus aff. Laevis,Azygograptus eivionicus
Tripodus aff. Laevis,Azygograptus sp.
Tripodus aff. Laevis,Etagraptus putillus
Tripodus aff. Laevis,Hermannograptus sp.
Tripodus aff. Laevis,Isograptus caduceus arcuatus
Tripodus aff. Laevis,Isograptus caduceus gracilis
Tripodus aff. Laevis,Isograptus furcula
Tripodus aff. Laevis,Pterograptus sp.
Tripodus aff. Laevis,Schizograptus sp.
Tripodus aff. Laevis,Temnograptus multiflex
Tripodus aff. Laevis,Temnograptus cf. noveboracensis
Tripodus aff. Laevis,Temnograptus ramulus
Tripodus aff. Laevis,Adelograptus tenellus
Tripodus aff. Laevis,Choristograptus louai
Tripodus aff. Laevis,Ancoragraptus bulmani
Tripodus aff. Laevis,?Cymatograptus protobalticus
Tripodus aff. Laevis,?Baltograptus jacksoni
Tripodus aff. Laevis,Baltograptus minutus
Tripodus aff. Laevis,Baltograptus deflexus
Tripodus aff. Laevis,?Baltograptus kurcki
Tripodus aff. Laevis,Expansograptus sp.
Tripodus aff. Laevis,Webbyites felix
Tripodus aff. Laevis,Rhabdopleura-like epibiont
Tripodus aff. Laevis,Drepanoistodus? cf. pervetus
Tripodus aff. Laevis,Drepanoistodus cf. forceps
Tripodus aff. Laevis,Acodus deltatus
Tripodus aff. Laevis,Cornuodus longibasis
Tripodus aff. Laevis,Drepanodus arcuatus
Tripodus aff. Laevis,Paltodus cf. inaequalis
Tripodus aff. Laevis,Parapaltodus aff. flexuosus
Tripodus aff. Laevis,Parapaltodus aff. simplicissimus
Tripodus aff. Laevis,Paroistodus cf. proteus
Tripodus aff. Laevis,Paroistodus cf. parallellus
Tripodus aff. Laevis,Periodon cf. selenopsis
Tripodus aff. Laevis,Periodon cf. primus
Tripodus aff. Laevis,Prioniodus sp.
Tripodus aff. Laevis,Prioniodus cf. gilberti
Tripodus aff. Laevis,Protopanderodus cf. leonardii
Tripodus aff. Laevis,Scalpellodus aff. gracilis
Tripodus aff. Laevis,Scolopodus aff. krummi
Tripodus aff. Laevis,Semiacontiodus sp.
Tripodus aff. Laevis,Semiacontiodus cf. cornuformis
Tripodus aff. Laevis,Stolodus cf. stola
Tripodus aff. Laevis,Tripodus sp.
Tripodus aff. Laevis,Tripodus aff. Laevis
Tripodus aff. Laevis,Tropodus sp.
Tripodus aff. Laevis,Tropodus cf. sweeti
Tropodus sp.,Benthic detritus
Tropodus sp.,Zooplankton
Tropodus sp.,Bryozoan
Tropodus sp.,Halkieriid
Tropodus sp.,Calvapilosa kroegeri
Tropodus sp.,Plumulites bengtsoni
Tropodus sp.,Large plumulitid
Tropodus sp.,Possible phyllodocid
Tropodus sp.,Palaeoscolex cf. tenensis
Tropodus sp.,Priapulid
Tropodus sp.,Large taxon with spinose limbs
Tropodus sp.,Small taxon with spinose limbs
Tropodus sp.,Clonograptus rigidus
Tropodus sp.,Clonograptus flexibilis
Tropodus sp.,Clonograptus flexilis
Tropodus sp.,Clonograptus persistens
Tropodus sp.,Clonograptus multiplex
Tropodus sp.,Didymograptus cf. arcuatus
Tropodus sp.,Didymograptus deflexus
Tropodus sp.,Didymograptus extensus
Tropodus sp.,Didymograptus v-fractus
Tropodus sp.,Didymograptus intendus
Tropodus sp.,Didymograptus pennatulus
Tropodus sp.,Didymograptus nanus
Tropodus sp.,Didymograptus nitidus
Tropodus sp.,Didymograptus patulus
Tropodus sp.,Didymograptus sparsus
Tropodus sp.,"""Didymograptus sp. 1"""
Tropodus sp.,Didymograptus sp.
Tropodus sp.,Didymograptid indet.
Tropodus sp.,Dichograptidae?
Tropodus sp.,Hunnegraptus copiosus
Tropodus sp., 'Kiaerograptus' supremus
Tropodus sp.,Koremagraptus sp.
Tropodus sp.,Paradelograptus norvegicus
Tropodus sp.,Paradelograptus tenuis
Tropodus sp.,Paratemnograptus magnificus
Tropodus sp.,Tetragraptus cf. approximatus
Tropodus sp.,Tetragraptus quadribrachiatus
Tropodus sp.,Tetragraptus reclinatus
Tropodus sp.,Tetragraptus serra
Tropodus sp.,Tetragraptus tornquisti
Tropodus sp., 'Tetragraptus' bulmani
Tropodus sp.,Tetragraptus sp.
Tropodus sp.,Araneograptus murrayi
Tropodus sp.,Dictyonema sp.
Tropodus sp.,Tuboid
Tropodus sp.,Anisograptus cf. matanensis
Tropodus sp.,Bryograptus divergens
Tropodus sp.,Bryograptus kjerulfi cumbrensis
Tropodus sp.,Bryograptus lapworthi
Tropodus sp.,Rhabdinopora flabelliforme cf. anglica
Tropodus sp.,Rhabdinopora flabelliforme flabelliforme
Tropodus sp.,Rhabdinopora flabelliforme multithecatum
Tropodus sp.,Rhabdinopora flabelliformis socialis
Tropodus sp.,Rhabdinopora flabelliformis canadenisis
Tropodus sp.,Rhabdinopora flabelliforme norvegicum
Tropodus sp.,Acrograptus nicholsoni
Tropodus sp.,Adelograptus sp.
Tropodus sp.,Azygograptus eivionicus
Tropodus sp.,Azygograptus sp.
Tropodus sp.,Etagraptus putillus
Tropodus sp.,Hermannograptus sp.
Tropodus sp.,Isograptus caduceus arcuatus
Tropodus sp.,Isograptus caduceus gracilis
Tropodus sp.,Isograptus furcula
Tropodus sp.,Pterograptus sp.
Tropodus sp.,Schizograptus sp.
Tropodus sp.,Temnograptus multiflex
Tropodus sp.,Temnograptus cf. noveboracensis
Tropodus sp.,Temnograptus ramulus
Tropodus sp.,Adelograptus tenellus
Tropodus sp.,Choristograptus louai
Tropodus sp.,Ancoragraptus bulmani
Tropodus sp.,?Cymatograptus protobalticus
Tropodus sp.,?Baltograptus jacksoni
Tropodus sp.,Baltograptus minutus
Tropodus sp.,Baltograptus deflexus
Tropodus sp.,?Baltograptus kurcki
Tropodus sp.,Expansograptus sp.
Tropodus sp.,Webbyites felix
Tropodus sp.,Rhabdopleura-like epibiont
Tropodus sp.,Drepanoistodus? cf. pervetus
Tropodus sp.,Drepanoistodus cf. forceps
Tropodus sp.,Acodus deltatus
Tropodus sp.,Cornuodus longibasis
Tropodus sp.,Drepanodus arcuatus
Tropodus sp.,Paltodus cf. inaequalis
Tropodus sp.,Parapaltodus aff. flexuosus
Tropodus sp.,Parapaltodus aff. simplicissimus
Tropodus sp.,Paroistodus cf. proteus
Tropodus sp.,Paroistodus cf. parallellus
Tropodus sp.,Periodon cf. selenopsis
Tropodus sp.,Periodon cf. primus
Tropodus sp.,Prioniodus sp.
Tropodus sp.,Prioniodus cf. gilberti
Tropodus sp.,Protopanderodus cf. leonardii
Tropodus sp.,Scalpellodus aff. gracilis
Tropodus sp.,Scolopodus aff. krummi
Tropodus sp.,Semiacontiodus sp.
Tropodus sp.,Semiacontiodus cf. cornuformis
Tropodus sp.,Stolodus cf. stola
Tropodus sp.,Tripodus sp.
Tropodus sp.,Tripodus aff. Laevis
Tropodus sp.,Tropodus sp.
Tropodus sp.,Tropodus cf. sweeti
Tropodus cf. sweeti,Benthic detritus
Tropodus cf. sweeti,Zooplankton
Tropodus cf. sweeti,Bryozoan
Tropodus cf. sweeti,Halkieriid
Tropodus cf. sweeti,Calvapilosa kroegeri
Tropodus cf. sweeti,Plumulites bengtsoni
Tropodus cf. sweeti,Large plumulitid
Tropodus cf. sweeti,Possible phyllodocid
Tropodus cf. sweeti,Palaeoscolex cf. tenensis
Tropodus cf. sweeti,Priapulid
Tropodus cf. sweeti,Large taxon with spinose limbs
Tropodus cf. sweeti,Small taxon with spinose limbs
Tropodus cf. sweeti,Clonograptus rigidus
Tropodus cf. sweeti,Clonograptus flexibilis
Tropodus cf. sweeti,Clonograptus flexilis
Tropodus cf. sweeti,Clonograptus persistens
Tropodus cf. sweeti,Clonograptus multiplex
Tropodus cf. sweeti,Didymograptus cf. arcuatus
Tropodus cf. sweeti,Didymograptus deflexus
Tropodus cf. sweeti,Didymograptus extensus
Tropodus cf. sweeti,Didymograptus v-fractus
Tropodus cf. sweeti,Didymograptus intendus
Tropodus cf. sweeti,Didymograptus pennatulus
Tropodus cf. sweeti,Didymograptus nanus
Tropodus cf. sweeti,Didymograptus nitidus
Tropodus cf. sweeti,Didymograptus patulus
Tropodus cf. sweeti,Didymograptus sparsus
Tropodus cf. sweeti,"""Didymograptus sp. 1"""
Tropodus cf. sweeti,Didymograptus sp.
Tropodus cf. sweeti,Didymograptid indet.
Tropodus cf. sweeti,Dichograptidae?
Tropodus cf. sweeti,Hunnegraptus copiosus
Tropodus cf. sweeti, 'Kiaerograptus' supremus
Tropodus cf. sweeti,Koremagraptus sp.
Tropodus cf. sweeti,Paradelograptus norvegicus
Tropodus cf. sweeti,Paradelograptus tenuis
Tropodus cf. sweeti,Paratemnograptus magnificus
Tropodus cf. sweeti,Tetragraptus cf. approximatus
Tropodus cf. sweeti,Tetragraptus quadribrachiatus
Tropodus cf. sweeti,Tetragraptus reclinatus
Tropodus cf. sweeti,Tetragraptus serra
Tropodus cf. sweeti,Tetragraptus tornquisti
Tropodus cf. sweeti, 'Tetragraptus' bulmani
Tropodus cf. sweeti,Tetragraptus sp.
Tropodus cf. sweeti,Araneograptus murrayi
Tropodus cf. sweeti,Dictyonema sp.
Tropodus cf. sweeti,Tuboid
Tropodus cf. sweeti,Anisograptus cf. matanensis
Tropodus cf. sweeti,Bryograptus divergens
Tropodus cf. sweeti,Bryograptus kjerulfi cumbrensis
Tropodus cf. sweeti,Bryograptus lapworthi
Tropodus cf. sweeti,Rhabdinopora flabelliforme cf. anglica
Tropodus cf. sweeti,Rhabdinopora flabelliforme flabelliforme
Tropodus cf. sweeti,Rhabdinopora flabelliforme multithecatum
Tropodus cf. sweeti,Rhabdinopora flabelliformis socialis
Tropodus cf. sweeti,Rhabdinopora flabelliformis canadenisis
Tropodus cf. sweeti,Rhabdinopora flabelliforme norvegicum
Tropodus cf. sweeti,Acrograptus nicholsoni
Tropodus cf. sweeti,Adelograptus sp.
Tropodus cf. sweeti,Azygograptus eivionicus
Tropodus cf. sweeti,Azygograptus sp.
Tropodus cf. sweeti,Etagraptus putillus
Tropodus cf. sweeti,Hermannograptus sp.
Tropodus cf. sweeti,Isograptus caduceus arcuatus
Tropodus cf. sweeti,Isograptus caduceus gracilis
Tropodus cf. sweeti,Isograptus furcula
Tropodus cf. sweeti,Pterograptus sp.
Tropodus cf. sweeti,Schizograptus sp.
Tropodus cf. sweeti,Temnograptus multiflex
Tropodus cf. sweeti,Temnograptus cf. noveboracensis
Tropodus cf. sweeti,Temnograptus ramulus
Tropodus cf. sweeti,Adelograptus tenellus
Tropodus cf. sweeti,Choristograptus louai
Tropodus cf. sweeti,Ancoragraptus bulmani
Tropodus cf. sweeti,?Cymatograptus protobalticus
Tropodus cf. sweeti,?Baltograptus jacksoni
Tropodus cf. sweeti,Baltograptus minutus
Tropodus cf. sweeti,Baltograptus deflexus
Tropodus cf. sweeti,?Baltograptus kurcki
Tropodus cf. sweeti,Expansograptus sp.
Tropodus cf. sweeti,Webbyites felix
Tropodus cf. sweeti,Rhabdopleura-like epibiont
Tropodus cf. sweeti,Drepanoistodus? cf. pervetus
Tropodus cf. sweeti,Drepanoistodus cf. forceps
Tropodus cf. sweeti,Acodus deltatus
Tropodus cf. sweeti,Cornuodus longibasis
Tropodus cf. sweeti,Drepanodus arcuatus
Tropodus cf. sweeti,Paltodus cf. inaequalis
Tropodus cf. sweeti,Parapaltodus aff. flexuosus
Tropodus cf. sweeti,Parapaltodus aff. simplicissimus
Tropodus cf. sweeti,Paroistodus cf. proteus
Tropodus cf. sweeti,Paroistodus cf. parallellus
Tropodus cf. sweeti,Periodon cf. selenopsis
Tropodus cf. sweeti,Periodon cf. primus
Tropodus cf. sweeti,Prioniodus sp.
Tropodus cf. sweeti,Prioniodus cf. gilberti
Tropodus cf. sweeti,Protopanderodus cf. leonardii
Tropodus cf. sweeti,Scalpellodus aff. gracilis
Tropodus cf. sweeti,Scolopodus aff. krummi
Tropodus cf. sweeti,Semiacontiodus sp.
Tropodus cf. sweeti,Semiacontiodus cf. cornuformis
Tropodus cf. sweeti,Stolodus cf. stola
Tropodus cf. sweeti,Tripodus sp.
Tropodus cf. sweeti,Tripodus aff. Laevis
Tropodus cf. sweeti,Tropodus sp.
Tropodus cf. sweeti,Tropodus cf. sweeti
