Cons._sp.,Resource_sp.
Zooplankton,phytoplankton
Zooplankton,bacterioplankton
Zooplankton,Zooplankton
leptomitid A,phytoplankton
leptomitid A,bacterioplankton
leptomitid A,suspended organic matter
leptomitid B,phytoplankton
leptomitid B,bacterioplankton
leptomitid B,suspended organic matter
Choia sp.,phytoplankton
Choia sp.,bacterioplankton
Choia sp.,suspended organic matter
Choia sp. B,phytoplankton
Choia sp. B,bacterioplankton
Choia sp. B,suspended organic matter
Choiaella sp.,phytoplankton
Choiaella sp.,bacterioplankton
Choiaella sp.,suspended organic matter
Choiid A,phytoplankton
Choiid A,bacterioplankton
Choiid A,suspended organic matter
Choiid B,phytoplankton
Choiid B,bacterioplankton
Choiid B,suspended organic matter
Choiid C,phytoplankton
Choiid C,bacterioplankton
Choiid C,suspended organic matter
Hamptonia sp.,phytoplankton
Hamptonia sp.,bacterioplankton
Hamptonia sp.,suspended organic matter
Pirania auraeum,phytoplankton
Pirania auraeum,bacterioplankton
Pirania auraeum,suspended organic matter
Pellipirania gloria,phytoplankton
Pellipirania gloria,bacterioplankton
Pellipirania gloria,suspended organic matter
piraniid A,phytoplankton
piraniid A,bacterioplankton
piraniid A,suspended organic matter
hazeliid,phytoplankton
hazeliid,bacterioplankton
hazeliid,suspended organic matter
species ressembling Valospongia,phytoplankton
species ressembling Valospongia,bacterioplankton
species ressembling Valospongia,suspended organic matter
reticulosan A,phytoplankton
reticulosan A,bacterioplankton
reticulosan A,suspended organic matter
reticulosan B,phytoplankton
reticulosan B,bacterioplankton
reticulosan B,suspended organic matter
reticulosan C,phytoplankton
reticulosan C,bacterioplankton
reticulosan C,suspended organic matter
reticulosan D,phytoplankton
reticulosan D,bacterioplankton
reticulosan D,suspended organic matter
reticulosan E,phytoplankton
reticulosan E,bacterioplankton
reticulosan E,suspended organic matter
Archaeoconularia sp.,Zooplankton
Eoconularia sp.,Zooplankton
Sphenothallus sp. 1,Zooplankton
Plectorthis simplex,phytoplankton
Plectorthis simplex,suspended organic matter
Angusticardinia sp.,phytoplankton
Angusticardinia sp.,suspended organic matter
Wosekella sp.,phytoplankton
Wosekella sp.,suspended organic matter
Celdobolus sp.,phytoplankton
Celdobolus sp.,suspended organic matter
Coxiconcha guirandi,phytoplankton
Coxiconcha guirandi,bacterioplankton
Coxiconcha guirandi,suspended organic matter
Coxiconcha guirandi,Zooplankton
Cardiolaria?,Benthic detritus
Cienagomya?,phytoplankton
Cienagomya?,bacterioplankton
Cienagomya?,suspended organic matter
Cienagomya?,Zooplankton
Carcassonnella sp.,Benthic detritus
Wiwaxiid,bacterioplankton
Wiwaxiid,Benthic detritus
Wiwaxiid,Alga type 1
Calvapilosa kroegeri,bacterioplankton
Calvapilosa kroegeri,Alga type 1
Polymeres sp.,Plectorthis simplex
Polymeres sp.,Angusticardinia sp.
Polymeres sp.,Wosekella sp.
Polymeres sp.,Celdobolus sp.
Polymeres sp.,Carcassonnella sp.
Polymeres sp.,Enosiaspis hrungnir
Polymeres sp.,Setapedites abundantis
Polymeres sp.,Tariccoia tazagurtensis
Polymeres sp.,Cheloniellid
Polymeres sp.,Orometopus sp.
Polymeres sp.,Toletanaspis aff. borni
Polymeres sp.,Agerina quadrata
Polymeres sp.,Geragnostus aff. occitanus
Polymeres sp.,Geragnostus sp.
Polymeres sp.,Beltella sp.
Polymeres sp.,Ampyx priscus
Polymeres sp.,Nileus deynouxi
Polymeres sp.,Palaeosphaeronites sp.
Polymeres sp.,Palaeosphaeronites? prokopi
Polymeres sp.,Aristocystites cf. bohemicus (sinuous?)
Polymeres sp.,Balantiocystis regnelli
Polymeres sp.,Rhopalocystis destombesi
Polymeres sp.,Rhopalocystis fraga
Polymeres sp.,Rhopalocystis grandis
Polymeres sp.,Rhopalocystis havliceki
Polymeres sp.,Rhopalocystis zagoraensis
Polymeres sp.,Lingulocystis elongata
Polymeres sp.,cf. Pareocrinus
Polymeres sp.,Eocrinoidea indet. sp. 1
Polymeres sp.,Eocrinoidea indet. sp. 2
Polymeres sp.,Eocrinoidea indet.
Polymeres sp.,Aethocrinus cf. moorei
Polymeres sp.,Rhenopyrgid indet.
Polymeres sp.,Amygdalotheca griffei
Polymeres sp.,Anatifopsis trapeziiformis
Polymeres sp.,Aspidocarpus sp.
Polymeres sp.,Chauvelicystis ubaghsi
Polymeres sp.,Chauvelicystis spinosa
Polymeres sp.,Chauvelicystis vizcainoi
Polymeres sp.,Chauvelicystis sp.
Polymeres sp.,Sokkaejaecystis sp. 1
Polymeres sp.,Sokkaejaecystis sp. 2
Polymeres sp.,"Cornuta n. gen. 1, n. sp."
Polymeres sp.,"Cornuta n. gen. 2, n. sp."
Polymeres sp.,Flabellicarpus rushtoni
Polymeres sp.,Galliaecystis n. sp.
Polymeres sp.,Galliaecystis ubaghsi
Polymeres sp.,Hanusia n. sp.
Polymeres sp.,Lagynocystis pyramidalis
Polymeres sp.,Nanocarpus cf. dolambii
Polymeres sp.,Phyllocystis blayaci
Polymeres sp.,Procothurnocystis n. sp.
Polymeres sp.,Prokopicystis sp.
Polymeres sp.,Bohemiaecystis n. sp.
Polymeres sp.,Vizcainocarpus sp.
Polymeres sp.,Peltocystis cornuta
Polymeres sp.,Macrocystella bohemica
Polymeres sp.,cf. Castericystis
Polymeres sp.,Plasiacystis mobilis
Polymeres sp.,Nimchacystis agterbosi
Polymeres sp.,Clonograptus rigidus
Polymeres sp.,Clonograptus flexibilis
Polymeres sp.,Clonograptus multiplex
Polymeres sp.,"""Didymograptus sp. 1"""
Polymeres sp.,Didymograptid indet.
Polymeres sp.,Dichograptidae?
Polymeres sp.,Hunnegraptus copiosus
Polymeres sp., 'Kiaerograptus' supremus
Polymeres sp.,Koremagraptus sp.
Polymeres sp.,Paradelograptus norvegicus
Polymeres sp.,Paradelograptus tenuis
Polymeres sp.,Paratemnograptus magnificus
Polymeres sp., 'Tetragraptus' bulmani
Polymeres sp.,Tetragraptus sp. (3-stiped)
Polymeres sp.,Sagenograptus murrayi
Polymeres sp.,Anisograptus cf. matanensis
Polymeres sp.,Bryograptus divergens
Polymeres sp.,Bryograptus kjerulfi cumbrensis
Polymeres sp.,Bryograptus lapworthi
Polymeres sp.,Rhabdinopora flabelliforme cf. anglica
Polymeres sp.,Rhabdinopora flabelliforme flabelliforme
Polymeres sp.,Rhabdinopora flabelliforme multithecatum
Polymeres sp.,Rhabdinopora flabelliformis socialis
Polymeres sp.,Rhabdinopora flabelliformis canadenisis
Polymeres sp.,Rhabdinopora flabelliforme norvegicum
Polymeres sp.,Adelograptus tenellus
Polymeres sp.,Choristograptus louai
Polymeres sp.,Ancoragraptus bulmani
Polymeres sp.,Webbyites felix
Polymeres sp.,Rhabdopleura-like epibiont
Polymeres sp.,Drepanoistodus? cf. pervetus
Polymeres sp.,Acodus deltatus
Polymeres sp.,Cornuodus longibasis
Polymeres sp.,Parapaltodus aff. simplicissimus
Polymeres sp.,Paroistodus cf. proteus
Polymeres sp.,Periodon cf. primus
Polymeres sp.,Prioniodus sp.
Polymeres sp.,Protopanderodus cf. leonardii
Polymeres sp.,Scolopodus aff. krummi
Polymeres sp.,Semiacontiodus sp.
Polymeres sp.,Semiacontiodus cf. cornuformis
Polymeres sp.,Tripodus sp.
Plumulites bengtsoni,Benthic detritus
Plumulites bengtsoni,Carcassonnella sp.
Plumulites bengtsoni,Large plumulitid
Plumulites bengtsoni,Setapedites abundantis
Plumulites bengtsoni,Orometopus sp.
Plumulites bengtsoni,"""Didymograptus sp. 1"""
Plumulites bengtsoni,Didymograptid indet.
Plumulites bengtsoni,Koremagraptus sp.
Plumulites bengtsoni,Webbyites felix
Plumulites bengtsoni,Rhabdopleura-like epibiont
Large plumulitid,Benthic detritus
Large plumulitid,Carcassonnella sp.
Large plumulitid,Plumulites bengtsoni
Large plumulitid,Enosiaspis hrungnir
Large plumulitid,Setapedites abundantis
Large plumulitid,Orometopus sp.
Large plumulitid,Geragnostus sp.
Large plumulitid,"""Didymograptus sp. 1"""
Large plumulitid,Didymograptid indet.
Large plumulitid,Koremagraptus sp.
Large plumulitid,Webbyites felix
Large plumulitid,Rhabdopleura-like epibiont
Palaeoscolex cf. tenensis,Benthic detritus
Palaeoscolex cf. tenensis,Plectorthis simplex
Palaeoscolex cf. tenensis,Angusticardinia sp.
Palaeoscolex cf. tenensis,Wosekella sp.
Palaeoscolex cf. tenensis,Celdobolus sp.
Palaeoscolex cf. tenensis,Plumulites bengtsoni
Palaeoscolex cf. tenensis,Large plumulitid
Palaeoscolex cf. tenensis,Enosiaspis hrungnir
Palaeoscolex cf. tenensis,Setapedites abundantis
Palaeoscolex cf. tenensis,Tariccoia tazagurtensis
Palaeoscolex cf. tenensis,Orometopus sp.
Palaeoscolex cf. tenensis,Geragnostus sp.
Palaeoscolex cf. tenensis,Ampyx priscus
Palaeoscolex cf. tenensis,Nileus deynouxi
Palaeoscolex cf. tenensis,Gamalites? sp.
Aegirocassis benmoulai,Zooplankton
Aegirocassis benmoulai,Clonograptus rigidus
Aegirocassis benmoulai,Clonograptus flexibilis
Aegirocassis benmoulai,Clonograptus multiplex
Aegirocassis benmoulai,Dichograptidae?
Aegirocassis benmoulai,Hunnegraptus copiosus
Aegirocassis benmoulai, 'Kiaerograptus' supremus
Aegirocassis benmoulai,Paradelograptus norvegicus
Aegirocassis benmoulai,Paradelograptus tenuis
Aegirocassis benmoulai,Paratemnograptus magnificus
Aegirocassis benmoulai, 'Tetragraptus' bulmani
Aegirocassis benmoulai,Tetragraptus sp. (3-stiped)
Aegirocassis benmoulai,Sagenograptus murrayi
Aegirocassis benmoulai,Anisograptus cf. matanensis
Aegirocassis benmoulai,Bryograptus divergens
Aegirocassis benmoulai,Bryograptus kjerulfi cumbrensis
Aegirocassis benmoulai,Bryograptus lapworthi
Aegirocassis benmoulai,Rhabdinopora flabelliforme cf. anglica
Aegirocassis benmoulai,Rhabdinopora flabelliforme flabelliforme
Aegirocassis benmoulai,Rhabdinopora flabelliforme multithecatum
Aegirocassis benmoulai,Rhabdinopora flabelliformis socialis
Aegirocassis benmoulai,Rhabdinopora flabelliformis canadenisis
Aegirocassis benmoulai,Rhabdinopora flabelliforme norvegicum
Aegirocassis benmoulai,Adelograptus tenellus
Aegirocassis benmoulai,Choristograptus louai
Aegirocassis benmoulai,Ancoragraptus bulmani
Furca sp. 1,suspended organic matter
Furca sp. 1,Zooplankton
Furca sp. 2,suspended organic matter
Furca sp. 2,Zooplankton
Furca sp. 3,suspended organic matter
Furca sp. 3,Zooplankton
Enosiaspis hrungnir,Benthic detritus
Setapedites abundantis,Carcassonnella sp.
Setapedites abundantis,"""Didymograptus sp. 1"""
Setapedites abundantis,Didymograptid indet.
Setapedites abundantis,Koremagraptus sp.
Setapedites abundantis,Webbyites felix
Setapedites abundantis,Rhabdopleura-like epibiont
Xiphosurid,Alga type 1
Xiphosurid,Carcassonnella sp.
Xiphosurid,Plumulites bengtsoni
Xiphosurid,Enosiaspis hrungnir
Xiphosurid,Setapedites abundantis
Xiphosurid,Tariccoia tazagurtensis
Xiphosurid,Orometopus sp.
Xiphosurid,Agerina quadrata
Xiphosurid,Geragnostus aff. occitanus
Xiphosurid,Geragnostus sp.
Xiphosurid,"""Didymograptus sp. 1"""
Xiphosurid,Didymograptid indet.
Xiphosurid,Koremagraptus sp.
Xiphosurid,Webbyites felix
Xiphosurid,Rhabdopleura-like epibiont
Tariccoita tazagurtensis,Benthic detritus
Tariccoita tazagurtensis,Archaeoconularia sp.
Tariccoita tazagurtensis,Eoconularia sp.
Tariccoita tazagurtensis,Sphenothallus sp. 1
Tariccoita tazagurtensis,Wiwaxiid
Tariccoita tazagurtensis,"""Didymograptus sp. 1"""
Tariccoita tazagurtensis,Didymograptid indet.
Tariccoita tazagurtensis,Koremagraptus sp.
Tariccoita tazagurtensis,Webbyites felix
Tariccoita tazagurtensis,Rhabdopleura-like epibiont
Tremaglaspis sp.,suspended organic matter
Tremaglaspis sp.,Benthic detritus
Cheloniellid,Benthic detritus
Cheloniellid,Alga type 1
Cheloniellid,Carcassonnella sp.
Cheloniellid,Enosiaspis hrungnir
Cheloniellid,Setapedites abundantis
Cheloniellid,Tariccoia tazagurtensis
Cheloniellid,Orometopus sp.
Cheloniellid,Toletanaspis aff. borni
Cheloniellid,Agerina quadrata
Cheloniellid,Geragnostus aff. occitanus
Cheloniellid,Geragnostus sp.
Cheloniellid,Ampyx priscus
Cheloniellid,Nileus deynouxi
Cheloniellid,"""Didymograptus sp. 1"""
Cheloniellid,Didymograptid indet.
Cheloniellid,Koremagraptus sp.
Cheloniellid,Webbyites felix
Cheloniellid,Rhabdopleura-like epibiont
Pseudoangustidontus duplospineus,Zooplankton
Pseudoangustidontus duplospineus,Clonograptus rigidus
Pseudoangustidontus duplospineus,Clonograptus flexibilis
Pseudoangustidontus duplospineus,Clonograptus multiplex
Pseudoangustidontus duplospineus,Dichograptidae?
Pseudoangustidontus duplospineus,Hunnegraptus copiosus
Pseudoangustidontus duplospineus, 'Kiaerograptus' supremus
Pseudoangustidontus duplospineus,Paradelograptus norvegicus
Pseudoangustidontus duplospineus,Paradelograptus tenuis
Pseudoangustidontus duplospineus,Paratemnograptus magnificus
Pseudoangustidontus duplospineus, 'Tetragraptus' bulmani
Pseudoangustidontus duplospineus,Tetragraptus sp. (3-stiped)
Pseudoangustidontus duplospineus,Sagenograptus murrayi
Pseudoangustidontus duplospineus,Anisograptus cf. matanensis
Pseudoangustidontus duplospineus,Bryograptus divergens
Pseudoangustidontus duplospineus,Bryograptus kjerulfi cumbrensis
Pseudoangustidontus duplospineus,Bryograptus lapworthi
Pseudoangustidontus duplospineus,Rhabdinopora flabelliforme cf. anglica
Pseudoangustidontus duplospineus,Rhabdinopora flabelliforme flabelliforme
Pseudoangustidontus duplospineus,Rhabdinopora flabelliforme multithecatum
Pseudoangustidontus duplospineus,Rhabdinopora flabelliformis socialis
Pseudoangustidontus duplospineus,Rhabdinopora flabelliformis canadenisis
Pseudoangustidontus duplospineus,Rhabdinopora flabelliforme norvegicum
Pseudoangustidontus duplospineus,Adelograptus tenellus
Pseudoangustidontus duplospineus,Choristograptus louai
Pseudoangustidontus duplospineus,Ancoragraptus bulmani
Pseudoangustidontus sp.,Zooplankton
Pseudoangustidontus sp.,Clonograptus rigidus
Pseudoangustidontus sp.,Clonograptus flexibilis
Pseudoangustidontus sp.,Clonograptus multiplex
Pseudoangustidontus sp.,Dichograptidae?
Pseudoangustidontus sp.,Hunnegraptus copiosus
Pseudoangustidontus sp., 'Kiaerograptus' supremus
Pseudoangustidontus sp.,Paradelograptus norvegicus
Pseudoangustidontus sp.,Paradelograptus tenuis
Pseudoangustidontus sp.,Paratemnograptus magnificus
Pseudoangustidontus sp., 'Tetragraptus' bulmani
Pseudoangustidontus sp.,Tetragraptus sp. (3-stiped)
Pseudoangustidontus sp.,Sagenograptus murrayi
Pseudoangustidontus sp.,Anisograptus cf. matanensis
Pseudoangustidontus sp.,Bryograptus divergens
Pseudoangustidontus sp.,Bryograptus kjerulfi cumbrensis
Pseudoangustidontus sp.,Bryograptus lapworthi
Pseudoangustidontus sp.,Rhabdinopora flabelliforme cf. anglica
Pseudoangustidontus sp.,Rhabdinopora flabelliforme flabelliforme
Pseudoangustidontus sp.,Rhabdinopora flabelliforme multithecatum
Pseudoangustidontus sp.,Rhabdinopora flabelliformis socialis
Pseudoangustidontus sp.,Rhabdinopora flabelliformis canadenisis
Pseudoangustidontus sp.,Rhabdinopora flabelliforme norvegicum
Pseudoangustidontus sp.,Adelograptus tenellus
Pseudoangustidontus sp.,Choristograptus louai
Pseudoangustidontus sp.,Ancoragraptus bulmani
Asaphellus stubbsi,Benthic detritus
Asaphellus stubbsi,Plectorthis simplex
Asaphellus stubbsi,Angusticardinia sp.
Asaphellus stubbsi,Celdobolus sp.
Asaphellus stubbsi,Wiwaxiid
Asaphellus stubbsi,Calvapilosa kroegeri
Asaphellus stubbsi,Plumulites bengtsoni
Asaphellus stubbsi,Large plumulitid
Asaphellus stubbsi,Palaeoscolex cf. tenensis
Asaphellus stubbsi,Furca sp. 1
Asaphellus stubbsi,Furca sp. 2
Asaphellus stubbsi,Furca sp. 3
Asaphellus stubbsi,Enosiaspis hrungnir
Asaphellus stubbsi,Xiphosurid
Asaphellus stubbsi,Tremaglaspis sp.
Asaphellus stubbsi,Cheloniellid
Asaphellus stubbsi,Asaphellus fezouataensis 
Asaphellus stubbsi,Asaphellus sp aff. jujuanus
Asaphellus stubbsi,Asaphellus tataensis
Asaphellus stubbsi,Asaphellus sp.
Asaphellus stubbsi,Playpeltoides carmenae
Asaphellus stubbsi,Symphysurus sicardi
Asaphellus stubbsi,Symphysurus ebbestadi
Asaphellus stubbsi,Symphysurus sp.
Asaphellus stubbsi,Apatokephalus cf. incisus
Asaphellus stubbsi,Foulonia peregrina
Asaphellus stubbsi,Foulonia sp.
Asaphellus stubbsi,Toletanaspis aff. borni
Asaphellus stubbsi,Bavarilla zemmourensis
Asaphellus stubbsi,Bavarilla sp.
Asaphellus stubbsi,Colpocoryphe thorali
Asaphellus stubbsi,Colpocoryphe pradesensis
Asaphellus stubbsi,Colpocoryphe sp.
Asaphellus stubbsi,Pharostomina sp. 
Asaphellus stubbsi,Prionocheilus sp.
Asaphellus stubbsi,Euloma sp.
Asaphellus stubbsi,Beltella sp.
Asaphellus stubbsi,Ampyx priscus
Asaphellus stubbsi,Megistaspis (Ekeraspis) sp. indet.
Asaphellus stubbsi,Neseuretus cf. attenuatus
Asaphellus stubbsi,Parabathycheilus gallicus
Asaphellus stubbsi,Anacheirurus adserai
Asaphellus stubbsi,Eoharpes sp.
Asaphellus stubbsi,Villebrunaster fezouataensis
Asaphellus stubbsi,Palaeosphaeronites sp.
Asaphellus stubbsi,Palaeosphaeronites? prokopi
Asaphellus stubbsi,Aristocystites cf. bohemicus (sinuous?)
Asaphellus stubbsi,Balantiocystis regnelli
Asaphellus stubbsi,Rhopalocystis destombesi
Asaphellus stubbsi,Rhopalocystis fraga
Asaphellus stubbsi,Rhopalocystis grandis
Asaphellus stubbsi,Rhopalocystis havliceki
Asaphellus stubbsi,Rhopalocystis zagoraensis
Asaphellus stubbsi,Lingulocystis elongata
Asaphellus stubbsi,cf. Pareocrinus
Asaphellus stubbsi,Eocrinoidea indet. sp. 1
Asaphellus stubbsi,Eocrinoidea indet. sp. 2
Asaphellus stubbsi,Eocrinoidea indet.
Asaphellus stubbsi,Aethocrinus cf. moorei
Asaphellus stubbsi,Rhenopyrgid indet.
Asaphellus stubbsi,Amygdalotheca griffei
Asaphellus stubbsi,Anatifopsis trapeziiformis
Asaphellus stubbsi,Aspidocarpus sp.
Asaphellus stubbsi,Chauvelicystis ubaghsi
Asaphellus stubbsi,Chauvelicystis spinosa
Asaphellus stubbsi,Chauvelicystis vizcainoi
Asaphellus stubbsi,Chauvelicystis sp.
Asaphellus stubbsi,Sokkaejaecystis sp. 1
Asaphellus stubbsi,Sokkaejaecystis sp. 2
Asaphellus stubbsi,"Cornuta n. gen. 1, n. sp."
Asaphellus stubbsi,"Cornuta n. gen. 2, n. sp."
Asaphellus stubbsi,Flabellicarpus rushtoni
Asaphellus stubbsi,Galliaecystis n. sp.
Asaphellus stubbsi,Galliaecystis ubaghsi
Asaphellus stubbsi,Hanusia n. sp.
Asaphellus stubbsi,Lagynocystis pyramidalis
Asaphellus stubbsi,Nanocarpus cf. dolambii
Asaphellus stubbsi,Phyllocystis blayaci
Asaphellus stubbsi,Procothurnocystis n. sp.
Asaphellus stubbsi,Prokopicystis sp.
Asaphellus stubbsi,Bohemiaecystis n. sp.
Asaphellus stubbsi,Vizcainocarpus sp.
Asaphellus stubbsi,Macrocystella bohemica
Asaphellus stubbsi,cf. Castericystis
Asaphellus stubbsi,Plasiacystis mobilis
Asaphellus stubbsi,Nimchacystis agterbosi
Asaphellus stubbsi,Cavernolites senex
Asaphellus stubbsi,Elegantilites sp.
Asaphellus stubbsi,Gamalites? sp.
Asaphellus cuervoae,Benthic detritus
Asaphellus cuervoae,Plectorthis simplex
Asaphellus cuervoae,Angusticardinia sp.
Asaphellus cuervoae,Wosekella sp.
Asaphellus cuervoae,Celdobolus sp.
Asaphellus cuervoae,Carcassonnella sp.
Asaphellus cuervoae,Wiwaxiid
Asaphellus cuervoae,Calvapilosa kroegeri
Asaphellus cuervoae,Palaeoscolex cf. tenensis
Asaphellus cuervoae,Furca sp. 1
Asaphellus cuervoae,Furca sp. 2
Asaphellus cuervoae,Furca sp. 3
Asaphellus cuervoae,Enosiaspis hrungnir
Asaphellus cuervoae,Setapedites abundantis
Asaphellus cuervoae,Tariccoia tazagurtensis
Asaphellus cuervoae,Cheloniellid
Asaphellus cuervoae,Apatokephalus cf. incisus
Asaphellus cuervoae,Orometopus sp.
Asaphellus cuervoae,Foulonia peregrina
Asaphellus cuervoae,Foulonia sp.
Asaphellus cuervoae,Toletanaspis aff. borni
Asaphellus cuervoae,Bavarilla zemmourensis
Asaphellus cuervoae,Bavarilla sp.
Asaphellus cuervoae,Colpocoryphe thorali
Asaphellus cuervoae,Colpocoryphe pradesensis
Asaphellus cuervoae,Pharostomina sp. 
Asaphellus cuervoae,Agerina quadrata
Asaphellus cuervoae,Geragnostus aff. occitanus
Asaphellus cuervoae,Geragnostus sp.
Asaphellus cuervoae,Beltella sp.
Asaphellus cuervoae,Ampyx priscus
Asaphellus cuervoae,Parabathycheilus gallicus
Asaphellus cuervoae,Eoharpes sp.
Asaphellus cuervoae,Nileus deynouxi
Asaphellus cuervoae,Palaeosphaeronites sp.
Asaphellus cuervoae,Palaeosphaeronites? prokopi
Asaphellus cuervoae,Aristocystites cf. bohemicus (sinuous?)
Asaphellus cuervoae,Balantiocystis regnelli
Asaphellus cuervoae,Rhopalocystis destombesi
Asaphellus cuervoae,Rhopalocystis fraga
Asaphellus cuervoae,Rhopalocystis grandis
Asaphellus cuervoae,Rhopalocystis havliceki
Asaphellus cuervoae,Rhopalocystis zagoraensis
Asaphellus cuervoae,Lingulocystis elongata
Asaphellus cuervoae,cf. Pareocrinus
Asaphellus cuervoae,Eocrinoidea indet. sp. 1
Asaphellus cuervoae,Eocrinoidea indet. sp. 2
Asaphellus cuervoae,Eocrinoidea indet.
Asaphellus cuervoae,Aethocrinus cf. moorei
Asaphellus cuervoae,Rhenopyrgid indet.
Asaphellus cuervoae,Amygdalotheca griffei
Asaphellus cuervoae,Anatifopsis trapeziiformis
Asaphellus cuervoae,Aspidocarpus sp.
Asaphellus cuervoae,Chauvelicystis ubaghsi
Asaphellus cuervoae,Chauvelicystis spinosa
Asaphellus cuervoae,Chauvelicystis vizcainoi
Asaphellus cuervoae,Chauvelicystis sp.
Asaphellus cuervoae,Sokkaejaecystis sp. 1
Asaphellus cuervoae,Sokkaejaecystis sp. 2
Asaphellus cuervoae,"Cornuta n. gen. 1, n. sp."
Asaphellus cuervoae,"Cornuta n. gen. 2, n. sp."
Asaphellus cuervoae,Flabellicarpus rushtoni
Asaphellus cuervoae,Galliaecystis n. sp.
Asaphellus cuervoae,Galliaecystis ubaghsi
Asaphellus cuervoae,Hanusia n. sp.
Asaphellus cuervoae,Lagynocystis pyramidalis
Asaphellus cuervoae,Nanocarpus cf. dolambii
Asaphellus cuervoae,Phyllocystis blayaci
Asaphellus cuervoae,Procothurnocystis n. sp.
Asaphellus cuervoae,Prokopicystis sp.
Asaphellus cuervoae,Bohemiaecystis n. sp.
Asaphellus cuervoae,Vizcainocarpus sp.
Asaphellus cuervoae,Peltocystis cornuta
Asaphellus cuervoae,Macrocystella bohemica
Asaphellus cuervoae,"""Didymograptus sp. 1"""
Asaphellus cuervoae,Didymograptid indet.
Asaphellus cuervoae,Koremagraptus sp.
Asaphellus cuervoae,Webbyites felix
Asaphellus cuervoae,Rhabdopleura-like epibiont
Asaphellus cuervoae,Gamalites? sp.
Asaphellus fezouataensis ,Benthic detritus
Asaphellus fezouataensis ,Plectorthis simplex
Asaphellus fezouataensis ,Angusticardinia sp.
Asaphellus fezouataensis ,Wosekella sp.
Asaphellus fezouataensis ,Celdobolus sp.
Asaphellus fezouataensis ,Carcassonnella sp.
Asaphellus fezouataensis ,Wiwaxiid
Asaphellus fezouataensis ,Calvapilosa kroegeri
Asaphellus fezouataensis ,Palaeoscolex cf. tenensis
Asaphellus fezouataensis ,Furca sp. 1
Asaphellus fezouataensis ,Furca sp. 2
Asaphellus fezouataensis ,Furca sp. 3
Asaphellus fezouataensis ,Enosiaspis hrungnir
Asaphellus fezouataensis ,Setapedites abundantis
Asaphellus fezouataensis ,Tariccoia tazagurtensis
Asaphellus fezouataensis ,Cheloniellid
Asaphellus fezouataensis ,Apatokephalus cf. incisus
Asaphellus fezouataensis ,Orometopus sp.
Asaphellus fezouataensis ,Foulonia peregrina
Asaphellus fezouataensis ,Foulonia sp.
Asaphellus fezouataensis ,Toletanaspis aff. borni
Asaphellus fezouataensis ,Bavarilla zemmourensis
Asaphellus fezouataensis ,Bavarilla sp.
Asaphellus fezouataensis ,Colpocoryphe thorali
Asaphellus fezouataensis ,Colpocoryphe pradesensis
Asaphellus fezouataensis ,Pharostomina sp. 
Asaphellus fezouataensis ,Agerina quadrata
Asaphellus fezouataensis ,Geragnostus aff. occitanus
Asaphellus fezouataensis ,Geragnostus sp.
Asaphellus fezouataensis ,Beltella sp.
Asaphellus fezouataensis ,Ampyx priscus
Asaphellus fezouataensis ,Parabathycheilus gallicus
Asaphellus fezouataensis ,Eoharpes sp.
Asaphellus fezouataensis ,Nileus deynouxi
Asaphellus fezouataensis ,Palaeosphaeronites sp.
Asaphellus fezouataensis ,Palaeosphaeronites? prokopi
Asaphellus fezouataensis ,Aristocystites cf. bohemicus (sinuous?)
Asaphellus fezouataensis ,Balantiocystis regnelli
Asaphellus fezouataensis ,Rhopalocystis destombesi
Asaphellus fezouataensis ,Rhopalocystis fraga
Asaphellus fezouataensis ,Rhopalocystis grandis
Asaphellus fezouataensis ,Rhopalocystis havliceki
Asaphellus fezouataensis ,Rhopalocystis zagoraensis
Asaphellus fezouataensis ,Lingulocystis elongata
Asaphellus fezouataensis ,cf. Pareocrinus
Asaphellus fezouataensis ,Eocrinoidea indet. sp. 1
Asaphellus fezouataensis ,Eocrinoidea indet. sp. 2
Asaphellus fezouataensis ,Eocrinoidea indet.
Asaphellus fezouataensis ,Aethocrinus cf. moorei
Asaphellus fezouataensis ,Rhenopyrgid indet.
Asaphellus fezouataensis ,Amygdalotheca griffei
Asaphellus fezouataensis ,Anatifopsis trapeziiformis
Asaphellus fezouataensis ,Aspidocarpus sp.
Asaphellus fezouataensis ,Chauvelicystis ubaghsi
Asaphellus fezouataensis ,Chauvelicystis spinosa
Asaphellus fezouataensis ,Chauvelicystis vizcainoi
Asaphellus fezouataensis ,Chauvelicystis sp.
Asaphellus fezouataensis ,Sokkaejaecystis sp. 1
Asaphellus fezouataensis ,Sokkaejaecystis sp. 2
Asaphellus fezouataensis ,"Cornuta n. gen. 1, n. sp."
Asaphellus fezouataensis ,"Cornuta n. gen. 2, n. sp."
Asaphellus fezouataensis ,Flabellicarpus rushtoni
Asaphellus fezouataensis ,Galliaecystis n. sp.
Asaphellus fezouataensis ,Galliaecystis ubaghsi
Asaphellus fezouataensis ,Hanusia n. sp.
Asaphellus fezouataensis ,Lagynocystis pyramidalis
Asaphellus fezouataensis ,Nanocarpus cf. dolambii
Asaphellus fezouataensis ,Phyllocystis blayaci
Asaphellus fezouataensis ,Procothurnocystis n. sp.
Asaphellus fezouataensis ,Prokopicystis sp.
Asaphellus fezouataensis ,Bohemiaecystis n. sp.
Asaphellus fezouataensis ,Vizcainocarpus sp.
Asaphellus fezouataensis ,Peltocystis cornuta
Asaphellus fezouataensis ,Macrocystella bohemica
Asaphellus fezouataensis ,"""Didymograptus sp. 1"""
Asaphellus fezouataensis ,Didymograptid indet.
Asaphellus fezouataensis ,Koremagraptus sp.
Asaphellus fezouataensis ,Webbyites felix
Asaphellus fezouataensis ,Rhabdopleura-like epibiont
Asaphellus fezouataensis ,Gamalites? sp.
Asaphellus sp aff. jujuanus,Benthic detritus
Asaphellus sp aff. jujuanus,Plectorthis simplex
Asaphellus sp aff. jujuanus,Angusticardinia sp.
Asaphellus sp aff. jujuanus,Wosekella sp.
Asaphellus sp aff. jujuanus,Celdobolus sp.
Asaphellus sp aff. jujuanus,Carcassonnella sp.
Asaphellus sp aff. jujuanus,Wiwaxiid
Asaphellus sp aff. jujuanus,Furca sp. 1
Asaphellus sp aff. jujuanus,Furca sp. 2
Asaphellus sp aff. jujuanus,Furca sp. 3
Asaphellus sp aff. jujuanus,Enosiaspis hrungnir
Asaphellus sp aff. jujuanus,Setapedites abundantis
Asaphellus sp aff. jujuanus,Tariccoia tazagurtensis
Asaphellus sp aff. jujuanus,Cheloniellid
Asaphellus sp aff. jujuanus,Apatokephalus cf. incisus
Asaphellus sp aff. jujuanus,Orometopus sp.
Asaphellus sp aff. jujuanus,Toletanaspis aff. borni
Asaphellus sp aff. jujuanus,Colpocoryphe thorali
Asaphellus sp aff. jujuanus,Agerina quadrata
Asaphellus sp aff. jujuanus,Geragnostus aff. occitanus
Asaphellus sp aff. jujuanus,Geragnostus sp.
Asaphellus sp aff. jujuanus,Ampyx priscus
Asaphellus sp aff. jujuanus,Parabathycheilus gallicus
Asaphellus sp aff. jujuanus,Nileus deynouxi
Asaphellus sp aff. jujuanus,Palaeosphaeronites sp.
Asaphellus sp aff. jujuanus,Palaeosphaeronites? prokopi
Asaphellus sp aff. jujuanus,Aristocystites cf. bohemicus (sinuous?)
Asaphellus sp aff. jujuanus,Balantiocystis regnelli
Asaphellus sp aff. jujuanus,Rhopalocystis destombesi
Asaphellus sp aff. jujuanus,Rhopalocystis fraga
Asaphellus sp aff. jujuanus,Rhopalocystis grandis
Asaphellus sp aff. jujuanus,Rhopalocystis havliceki
Asaphellus sp aff. jujuanus,Rhopalocystis zagoraensis
Asaphellus sp aff. jujuanus,Lingulocystis elongata
Asaphellus sp aff. jujuanus,cf. Pareocrinus
Asaphellus sp aff. jujuanus,Eocrinoidea indet. sp. 1
Asaphellus sp aff. jujuanus,Eocrinoidea indet. sp. 2
Asaphellus sp aff. jujuanus,Eocrinoidea indet.
Asaphellus sp aff. jujuanus,Aethocrinus cf. moorei
Asaphellus sp aff. jujuanus,Rhenopyrgid indet.
Asaphellus sp aff. jujuanus,Amygdalotheca griffei
Asaphellus sp aff. jujuanus,Anatifopsis trapeziiformis
Asaphellus sp aff. jujuanus,Aspidocarpus sp.
Asaphellus sp aff. jujuanus,Chauvelicystis ubaghsi
Asaphellus sp aff. jujuanus,Chauvelicystis spinosa
Asaphellus sp aff. jujuanus,Chauvelicystis vizcainoi
Asaphellus sp aff. jujuanus,Chauvelicystis sp.
Asaphellus sp aff. jujuanus,Sokkaejaecystis sp. 1
Asaphellus sp aff. jujuanus,Sokkaejaecystis sp. 2
Asaphellus sp aff. jujuanus,"Cornuta n. gen. 1, n. sp."
Asaphellus sp aff. jujuanus,"Cornuta n. gen. 2, n. sp."
Asaphellus sp aff. jujuanus,Flabellicarpus rushtoni
Asaphellus sp aff. jujuanus,Galliaecystis n. sp.
Asaphellus sp aff. jujuanus,Galliaecystis ubaghsi
Asaphellus sp aff. jujuanus,Hanusia n. sp.
Asaphellus sp aff. jujuanus,Lagynocystis pyramidalis
Asaphellus sp aff. jujuanus,Nanocarpus cf. dolambii
Asaphellus sp aff. jujuanus,Phyllocystis blayaci
Asaphellus sp aff. jujuanus,Procothurnocystis n. sp.
Asaphellus sp aff. jujuanus,Prokopicystis sp.
Asaphellus sp aff. jujuanus,Bohemiaecystis n. sp.
Asaphellus sp aff. jujuanus,Vizcainocarpus sp.
Asaphellus sp aff. jujuanus,Peltocystis cornuta
Asaphellus sp aff. jujuanus,Macrocystella bohemica
Asaphellus sp aff. jujuanus,"""Didymograptus sp. 1"""
Asaphellus sp aff. jujuanus,Didymograptid indet.
Asaphellus sp aff. jujuanus,Koremagraptus sp.
Asaphellus sp aff. jujuanus,Webbyites felix
Asaphellus sp aff. jujuanus,Rhabdopleura-like epibiont
Asaphellus tataensis,Benthic detritus
Asaphellus tataensis,Plectorthis simplex
Asaphellus tataensis,Angusticardinia sp.
Asaphellus tataensis,Wosekella sp.
Asaphellus tataensis,Celdobolus sp.
Asaphellus tataensis,Carcassonnella sp.
Asaphellus tataensis,Wiwaxiid
Asaphellus tataensis,Calvapilosa kroegeri
Asaphellus tataensis,Palaeoscolex cf. tenensis
Asaphellus tataensis,Furca sp. 1
Asaphellus tataensis,Furca sp. 2
Asaphellus tataensis,Furca sp. 3
Asaphellus tataensis,Enosiaspis hrungnir
Asaphellus tataensis,Setapedites abundantis
Asaphellus tataensis,Tariccoia tazagurtensis
Asaphellus tataensis,Cheloniellid
Asaphellus tataensis,Apatokephalus cf. incisus
Asaphellus tataensis,Orometopus sp.
Asaphellus tataensis,Foulonia peregrina
Asaphellus tataensis,Foulonia sp.
Asaphellus tataensis,Toletanaspis aff. borni
Asaphellus tataensis,Bavarilla zemmourensis
Asaphellus tataensis,Colpocoryphe thorali
Asaphellus tataensis,Colpocoryphe pradesensis
Asaphellus tataensis,Pharostomina sp. 
Asaphellus tataensis,Agerina quadrata
Asaphellus tataensis,Geragnostus aff. occitanus
Asaphellus tataensis,Geragnostus sp.
Asaphellus tataensis,Beltella sp.
Asaphellus tataensis,Ampyx priscus
Asaphellus tataensis,Parabathycheilus gallicus
Asaphellus tataensis,Eoharpes sp.
Asaphellus tataensis,Nileus deynouxi
Asaphellus tataensis,Palaeosphaeronites sp.
Asaphellus tataensis,Palaeosphaeronites? prokopi
Asaphellus tataensis,Aristocystites cf. bohemicus (sinuous?)
Asaphellus tataensis,Balantiocystis regnelli
Asaphellus tataensis,Rhopalocystis destombesi
Asaphellus tataensis,Rhopalocystis fraga
Asaphellus tataensis,Rhopalocystis grandis
Asaphellus tataensis,Rhopalocystis havliceki
Asaphellus tataensis,Rhopalocystis zagoraensis
Asaphellus tataensis,Lingulocystis elongata
Asaphellus tataensis,cf. Pareocrinus
Asaphellus tataensis,Eocrinoidea indet. sp. 1
Asaphellus tataensis,Eocrinoidea indet. sp. 2
Asaphellus tataensis,Eocrinoidea indet.
Asaphellus tataensis,Aethocrinus cf. moorei
Asaphellus tataensis,Rhenopyrgid indet.
Asaphellus tataensis,Amygdalotheca griffei
Asaphellus tataensis,Anatifopsis trapeziiformis
Asaphellus tataensis,Aspidocarpus sp.
Asaphellus tataensis,Chauvelicystis ubaghsi
Asaphellus tataensis,Chauvelicystis spinosa
Asaphellus tataensis,Chauvelicystis vizcainoi
Asaphellus tataensis,Chauvelicystis sp.
Asaphellus tataensis,Sokkaejaecystis sp. 1
Asaphellus tataensis,Sokkaejaecystis sp. 2
Asaphellus tataensis,"Cornuta n. gen. 1, n. sp."
Asaphellus tataensis,"Cornuta n. gen. 2, n. sp."
Asaphellus tataensis,Flabellicarpus rushtoni
Asaphellus tataensis,Galliaecystis n. sp.
Asaphellus tataensis,Galliaecystis ubaghsi
Asaphellus tataensis,Hanusia n. sp.
Asaphellus tataensis,Lagynocystis pyramidalis
Asaphellus tataensis,Nanocarpus cf. dolambii
Asaphellus tataensis,Phyllocystis blayaci
Asaphellus tataensis,Procothurnocystis n. sp.
Asaphellus tataensis,Prokopicystis sp.
Asaphellus tataensis,Bohemiaecystis n. sp.
Asaphellus tataensis,Vizcainocarpus sp.
Asaphellus tataensis,Peltocystis cornuta
Asaphellus tataensis,Macrocystella bohemica
Asaphellus tataensis,"""Didymograptus sp. 1"""
Asaphellus tataensis,Didymograptid indet.
Asaphellus tataensis,Koremagraptus sp.
Asaphellus tataensis,Webbyites felix
Asaphellus tataensis,Rhabdopleura-like epibiont
Asaphellus sp.,Benthic detritus
Asaphellus sp.,Plectorthis simplex
Asaphellus sp.,Angusticardinia sp.
Asaphellus sp.,Wosekella sp.
Asaphellus sp.,Celdobolus sp.
Asaphellus sp.,Carcassonnella sp.
Asaphellus sp.,Wiwaxiid
Asaphellus sp.,Calvapilosa kroegeri
Asaphellus sp.,Palaeoscolex cf. tenensis
Asaphellus sp.,Furca sp. 1
Asaphellus sp.,Furca sp. 2
Asaphellus sp.,Furca sp. 3
Asaphellus sp.,Enosiaspis hrungnir
Asaphellus sp.,Setapedites abundantis
Asaphellus sp.,Tariccoia tazagurtensis
Asaphellus sp.,Cheloniellid
Asaphellus sp.,Asaphellus sp aff. jujuanus
Asaphellus sp.,Asaphellus sp.
Asaphellus sp.,Apatokephalus cf. incisus
Asaphellus sp.,Orometopus sp.
Asaphellus sp.,Foulonia peregrina
Asaphellus sp.,Foulonia sp.
Asaphellus sp.,Toletanaspis aff. borni
Asaphellus sp.,Bavarilla zemmourensis
Asaphellus sp.,Colpocoryphe thorali
Asaphellus sp.,Colpocoryphe pradesensis
Asaphellus sp.,Pharostomina sp. 
Asaphellus sp.,Agerina quadrata
Asaphellus sp.,Geragnostus aff. occitanus
Asaphellus sp.,Geragnostus sp.
Asaphellus sp.,Beltella sp.
Asaphellus sp.,Ampyx priscus
Asaphellus sp.,Parabathycheilus gallicus
Asaphellus sp.,Eoharpes sp.
Asaphellus sp.,Nileus deynouxi
Asaphellus sp.,Palaeosphaeronites sp.
Asaphellus sp.,Palaeosphaeronites? prokopi
Asaphellus sp.,Aristocystites cf. bohemicus (sinuous?)
Asaphellus sp.,Balantiocystis regnelli
Asaphellus sp.,Rhopalocystis destombesi
Asaphellus sp.,Rhopalocystis fraga
Asaphellus sp.,Rhopalocystis grandis
Asaphellus sp.,Rhopalocystis havliceki
Asaphellus sp.,Rhopalocystis zagoraensis
Asaphellus sp.,Lingulocystis elongata
Asaphellus sp.,cf. Pareocrinus
Asaphellus sp.,Eocrinoidea indet. sp. 1
Asaphellus sp.,Eocrinoidea indet. sp. 2
Asaphellus sp.,Eocrinoidea indet.
Asaphellus sp.,Aethocrinus cf. moorei
Asaphellus sp.,Rhenopyrgid indet.
Asaphellus sp.,Amygdalotheca griffei
Asaphellus sp.,Anatifopsis trapeziiformis
Asaphellus sp.,Aspidocarpus sp.
Asaphellus sp.,Chauvelicystis ubaghsi
Asaphellus sp.,Chauvelicystis spinosa
Asaphellus sp.,Chauvelicystis vizcainoi
Asaphellus sp.,Chauvelicystis sp.
Asaphellus sp.,Sokkaejaecystis sp. 1
Asaphellus sp.,Sokkaejaecystis sp. 2
Asaphellus sp.,"Cornuta n. gen. 1, n. sp."
Asaphellus sp.,"Cornuta n. gen. 2, n. sp."
Asaphellus sp.,Flabellicarpus rushtoni
Asaphellus sp.,Galliaecystis n. sp.
Asaphellus sp.,Galliaecystis ubaghsi
Asaphellus sp.,Hanusia n. sp.
Asaphellus sp.,Lagynocystis pyramidalis
Asaphellus sp.,Nanocarpus cf. dolambii
Asaphellus sp.,Phyllocystis blayaci
Asaphellus sp.,Procothurnocystis n. sp.
Asaphellus sp.,Prokopicystis sp.
Asaphellus sp.,Bohemiaecystis n. sp.
Asaphellus sp.,Vizcainocarpus sp.
Asaphellus sp.,Peltocystis cornuta
Asaphellus sp.,Macrocystella bohemica
Asaphellus sp.,"""Didymograptus sp. 1"""
Asaphellus sp.,Didymograptid indet.
Asaphellus sp.,Koremagraptus sp.
Asaphellus sp.,Webbyites felix
Asaphellus sp.,Rhabdopleura-like epibiont
Asaphopsis sp.,Benthic detritus
Asaphopsis sp.,Plectorthis simplex
Asaphopsis sp.,Angusticardinia sp.
Asaphopsis sp.,Wosekella sp.
Asaphopsis sp.,Celdobolus sp.
Asaphopsis sp.,Carcassonnella sp.
Asaphopsis sp.,Wiwaxiid
Asaphopsis sp.,Calvapilosa kroegeri
Asaphopsis sp.,Palaeoscolex cf. tenensis
Asaphopsis sp.,Furca sp. 1
Asaphopsis sp.,Furca sp. 2
Asaphopsis sp.,Furca sp. 3
Asaphopsis sp.,Enosiaspis hrungnir
Asaphopsis sp.,Setapedites abundantis
Asaphopsis sp.,Tariccoia tazagurtensis
Asaphopsis sp.,Cheloniellid
Asaphopsis sp.,Apatokephalus cf. incisus
Asaphopsis sp.,Orometopus sp.
Asaphopsis sp.,Foulonia peregrina
Asaphopsis sp.,Foulonia sp.
Asaphopsis sp.,Toletanaspis aff. borni
Asaphopsis sp.,Bavarilla zemmourensis
Asaphopsis sp.,Bavarilla sp.
Asaphopsis sp.,Colpocoryphe thorali
Asaphopsis sp.,Colpocoryphe pradesensis
Asaphopsis sp.,Pharostomina sp. 
Asaphopsis sp.,Agerina quadrata
Asaphopsis sp.,Geragnostus aff. occitanus
Asaphopsis sp.,Geragnostus sp.
Asaphopsis sp.,Beltella sp.
Asaphopsis sp.,Ampyx priscus
Asaphopsis sp.,Parabathycheilus gallicus
Asaphopsis sp.,Eoharpes sp.
Asaphopsis sp.,Nileus deynouxi
Asaphopsis sp.,Palaeosphaeronites sp.
Asaphopsis sp.,Palaeosphaeronites? prokopi
Asaphopsis sp.,Aristocystites cf. bohemicus (sinuous?)
Asaphopsis sp.,Balantiocystis regnelli
Asaphopsis sp.,Rhopalocystis destombesi
Asaphopsis sp.,Rhopalocystis fraga
Asaphopsis sp.,Rhopalocystis grandis
Asaphopsis sp.,Rhopalocystis havliceki
Asaphopsis sp.,Rhopalocystis zagoraensis
Asaphopsis sp.,Lingulocystis elongata
Asaphopsis sp.,cf. Pareocrinus
Asaphopsis sp.,Eocrinoidea indet. sp. 1
Asaphopsis sp.,Eocrinoidea indet. sp. 2
Asaphopsis sp.,Eocrinoidea indet.
Asaphopsis sp.,Aethocrinus cf. moorei
Asaphopsis sp.,Rhenopyrgid indet.
Asaphopsis sp.,Amygdalotheca griffei
Asaphopsis sp.,Anatifopsis trapeziiformis
Asaphopsis sp.,Aspidocarpus sp.
Asaphopsis sp.,Chauvelicystis ubaghsi
Asaphopsis sp.,Chauvelicystis spinosa
Asaphopsis sp.,Chauvelicystis vizcainoi
Asaphopsis sp.,Chauvelicystis sp.
Asaphopsis sp.,Sokkaejaecystis sp. 1
Asaphopsis sp.,Sokkaejaecystis sp. 2
Asaphopsis sp.,"Cornuta n. gen. 1, n. sp."
Asaphopsis sp.,"Cornuta n. gen. 2, n. sp."
Asaphopsis sp.,Flabellicarpus rushtoni
Asaphopsis sp.,Galliaecystis n. sp.
Asaphopsis sp.,Galliaecystis ubaghsi
Asaphopsis sp.,Hanusia n. sp.
Asaphopsis sp.,Lagynocystis pyramidalis
Asaphopsis sp.,Nanocarpus cf. dolambii
Asaphopsis sp.,Phyllocystis blayaci
Asaphopsis sp.,Procothurnocystis n. sp.
Asaphopsis sp.,Prokopicystis sp.
Asaphopsis sp.,Bohemiaecystis n. sp.
Asaphopsis sp.,Vizcainocarpus sp.
Asaphopsis sp.,Peltocystis cornuta
Asaphopsis sp.,Macrocystella bohemica
Asaphopsis sp.,"""Didymograptus sp. 1"""
Asaphopsis sp.,Didymograptid indet.
Asaphopsis sp.,Koremagraptus sp.
Asaphopsis sp.,Webbyites felix
Asaphopsis sp.,Rhabdopleura-like epibiont
Asaphopsis sp.,Gamalites? sp.
Basilicus (Basiliella?) destombesi,Benthic detritus
Basilicus (Basiliella?) destombesi,Plectorthis simplex
Basilicus (Basiliella?) destombesi,Angusticardinia sp.
Basilicus (Basiliella?) destombesi,Wosekella sp.
Basilicus (Basiliella?) destombesi,Celdobolus sp.
Basilicus (Basiliella?) destombesi,Wiwaxiid
Basilicus (Basiliella?) destombesi,Calvapilosa kroegeri
Basilicus (Basiliella?) destombesi,Plumulites bengtsoni
Basilicus (Basiliella?) destombesi,Large plumulitid
Basilicus (Basiliella?) destombesi,Palaeoscolex cf. tenensis
Basilicus (Basiliella?) destombesi,Furca sp. 1
Basilicus (Basiliella?) destombesi,Furca sp. 2
Basilicus (Basiliella?) destombesi,Furca sp. 3
Basilicus (Basiliella?) destombesi,Enosiaspis hrungnir
Basilicus (Basiliella?) destombesi,Xiphosurid
Basilicus (Basiliella?) destombesi,Tremaglaspis sp.
Basilicus (Basiliella?) destombesi,Cheloniellid
Basilicus (Basiliella?) destombesi,Asaphellus fezouataensis 
Basilicus (Basiliella?) destombesi,Asaphellus sp aff. jujuanus
Basilicus (Basiliella?) destombesi,Asaphellus tataensis
Basilicus (Basiliella?) destombesi,Asaphellus sp.
Basilicus (Basiliella?) destombesi,Playpeltoides carmenae
Basilicus (Basiliella?) destombesi,Symphysurus sicardi
Basilicus (Basiliella?) destombesi,Symphysurus ebbestadi
Basilicus (Basiliella?) destombesi,Symphysurus sp.
Basilicus (Basiliella?) destombesi,Apatokephalus cf. incisus
Basilicus (Basiliella?) destombesi,Orometopus sp.
Basilicus (Basiliella?) destombesi,Foulonia peregrina
Basilicus (Basiliella?) destombesi,Foulonia sp.
Basilicus (Basiliella?) destombesi,Toletanaspis aff. borni
Basilicus (Basiliella?) destombesi,Bavarilla zemmourensis
Basilicus (Basiliella?) destombesi,Bavarilla sp.
Basilicus (Basiliella?) destombesi,Colpocoryphe thorali
Basilicus (Basiliella?) destombesi,Colpocoryphe pradesensis
Basilicus (Basiliella?) destombesi,Colpocoryphe sp.
Basilicus (Basiliella?) destombesi,Pharostomina sp. 
Basilicus (Basiliella?) destombesi,Prionocheilus sp.
Basilicus (Basiliella?) destombesi,Agerina quadrata
Basilicus (Basiliella?) destombesi,Euloma sp.
Basilicus (Basiliella?) destombesi,Beltella sp.
Basilicus (Basiliella?) destombesi,Ampyx priscus
Basilicus (Basiliella?) destombesi,Megistaspis (Ekeraspis) sp. indet.
Basilicus (Basiliella?) destombesi,Parabathycheilus gallicus
Basilicus (Basiliella?) destombesi,Anacheirurus adserai
Basilicus (Basiliella?) destombesi,Eoharpes sp.
Basilicus (Basiliella?) destombesi,Nileus deynouxi
Basilicus (Basiliella?) destombesi,Villebrunaster fezouataensis
Basilicus (Basiliella?) destombesi,Palaeosphaeronites sp.
Basilicus (Basiliella?) destombesi,Palaeosphaeronites? prokopi
Basilicus (Basiliella?) destombesi,Aristocystites cf. bohemicus (sinuous?)
Basilicus (Basiliella?) destombesi,Balantiocystis regnelli
Basilicus (Basiliella?) destombesi,Rhopalocystis destombesi
Basilicus (Basiliella?) destombesi,Rhopalocystis fraga
Basilicus (Basiliella?) destombesi,Rhopalocystis grandis
Basilicus (Basiliella?) destombesi,Rhopalocystis havliceki
Basilicus (Basiliella?) destombesi,Rhopalocystis zagoraensis
Basilicus (Basiliella?) destombesi,Lingulocystis elongata
Basilicus (Basiliella?) destombesi,cf. Pareocrinus
Basilicus (Basiliella?) destombesi,Eocrinoidea indet. sp. 1
Basilicus (Basiliella?) destombesi,Eocrinoidea indet. sp. 2
Basilicus (Basiliella?) destombesi,Eocrinoidea indet.
Basilicus (Basiliella?) destombesi,Aethocrinus cf. moorei
Basilicus (Basiliella?) destombesi,Rhenopyrgid indet.
Basilicus (Basiliella?) destombesi,Amygdalotheca griffei
Basilicus (Basiliella?) destombesi,Anatifopsis trapeziiformis
Basilicus (Basiliella?) destombesi,Aspidocarpus sp.
Basilicus (Basiliella?) destombesi,Chauvelicystis ubaghsi
Basilicus (Basiliella?) destombesi,Chauvelicystis spinosa
Basilicus (Basiliella?) destombesi,Chauvelicystis vizcainoi
Basilicus (Basiliella?) destombesi,Chauvelicystis sp.
Basilicus (Basiliella?) destombesi,Sokkaejaecystis sp. 1
Basilicus (Basiliella?) destombesi,Sokkaejaecystis sp. 2
Basilicus (Basiliella?) destombesi,"Cornuta n. gen. 1, n. sp."
Basilicus (Basiliella?) destombesi,"Cornuta n. gen. 2, n. sp."
Basilicus (Basiliella?) destombesi,Flabellicarpus rushtoni
Basilicus (Basiliella?) destombesi,Galliaecystis n. sp.
Basilicus (Basiliella?) destombesi,Galliaecystis ubaghsi
Basilicus (Basiliella?) destombesi,Hanusia n. sp.
Basilicus (Basiliella?) destombesi,Lagynocystis pyramidalis
Basilicus (Basiliella?) destombesi,Nanocarpus cf. dolambii
Basilicus (Basiliella?) destombesi,Phyllocystis blayaci
Basilicus (Basiliella?) destombesi,Procothurnocystis n. sp.
Basilicus (Basiliella?) destombesi,Prokopicystis sp.
Basilicus (Basiliella?) destombesi,Bohemiaecystis n. sp.
Basilicus (Basiliella?) destombesi,Vizcainocarpus sp.
Basilicus (Basiliella?) destombesi,Peltocystis cornuta
Basilicus (Basiliella?) destombesi,Macrocystella bohemica
Basilicus (Basiliella?) destombesi,cf. Castericystis
Basilicus (Basiliella?) destombesi,Plasiacystis mobilis
Basilicus (Basiliella?) destombesi,Nimchacystis agterbosi
Basilicus (Basiliella?) destombesi,Elegantilites sp.
Basilicus (Basiliella?) destombesi,Gamalites? sp.
Platypeltoides magrebiensis,Benthic detritus
Platypeltoides magrebiensis,Plectorthis simplex
Platypeltoides magrebiensis,Angusticardinia sp.
Platypeltoides magrebiensis,Wosekella sp.
Platypeltoides magrebiensis,Celdobolus sp.
Platypeltoides magrebiensis,Wiwaxiid
Platypeltoides magrebiensis,Calvapilosa kroegeri
Platypeltoides magrebiensis,Plumulites bengtsoni
Platypeltoides magrebiensis,Large plumulitid
Platypeltoides magrebiensis,Palaeoscolex cf. tenensis
Platypeltoides magrebiensis,Furca sp. 1
Platypeltoides magrebiensis,Furca sp. 2
Platypeltoides magrebiensis,Furca sp. 3
Platypeltoides magrebiensis,Enosiaspis hrungnir
Platypeltoides magrebiensis,Xiphosurid
Platypeltoides magrebiensis,Tremaglaspis sp.
Platypeltoides magrebiensis,Cheloniellid
Platypeltoides magrebiensis,Asaphellus sp aff. jujuanus
Platypeltoides magrebiensis,Asaphellus sp.
Platypeltoides magrebiensis,Playpeltoides carmenae
Platypeltoides magrebiensis,Symphysurus sicardi
Platypeltoides magrebiensis,Symphysurus ebbestadi
Platypeltoides magrebiensis,Symphysurus sp.
Platypeltoides magrebiensis,Apatokephalus cf. incisus
Platypeltoides magrebiensis,Orometopus sp.
Platypeltoides magrebiensis,Foulonia peregrina
Platypeltoides magrebiensis,Foulonia sp.
Platypeltoides magrebiensis,Toletanaspis aff. borni
Platypeltoides magrebiensis,Bavarilla zemmourensis
Platypeltoides magrebiensis,Bavarilla sp.
Platypeltoides magrebiensis,Colpocoryphe thorali
Platypeltoides magrebiensis,Colpocoryphe pradesensis
Platypeltoides magrebiensis,Colpocoryphe sp.
Platypeltoides magrebiensis,Pharostomina sp. 
Platypeltoides magrebiensis,Prionocheilus sp.
Platypeltoides magrebiensis,Agerina quadrata
Platypeltoides magrebiensis,Euloma sp.
Platypeltoides magrebiensis,Beltella sp.
Platypeltoides magrebiensis,Ampyx priscus
Platypeltoides magrebiensis,Megistaspis (Ekeraspis) sp. indet.
Platypeltoides magrebiensis,Parabathycheilus gallicus
Platypeltoides magrebiensis,Anacheirurus adserai
Platypeltoides magrebiensis,Eoharpes sp.
Platypeltoides magrebiensis,Nileus deynouxi
Platypeltoides magrebiensis,Villebrunaster fezouataensis
Platypeltoides magrebiensis,Palaeosphaeronites sp.
Platypeltoides magrebiensis,Palaeosphaeronites? prokopi
Platypeltoides magrebiensis,Aristocystites cf. bohemicus (sinuous?)
Platypeltoides magrebiensis,Balantiocystis regnelli
Platypeltoides magrebiensis,Rhopalocystis destombesi
Platypeltoides magrebiensis,Rhopalocystis fraga
Platypeltoides magrebiensis,Rhopalocystis grandis
Platypeltoides magrebiensis,Rhopalocystis havliceki
Platypeltoides magrebiensis,Rhopalocystis zagoraensis
Platypeltoides magrebiensis,Lingulocystis elongata
Platypeltoides magrebiensis,cf. Pareocrinus
Platypeltoides magrebiensis,Eocrinoidea indet. sp. 1
Platypeltoides magrebiensis,Eocrinoidea indet. sp. 2
Platypeltoides magrebiensis,Eocrinoidea indet.
Platypeltoides magrebiensis,Aethocrinus cf. moorei
Platypeltoides magrebiensis,Rhenopyrgid indet.
Platypeltoides magrebiensis,Amygdalotheca griffei
Platypeltoides magrebiensis,Anatifopsis trapeziiformis
Platypeltoides magrebiensis,Aspidocarpus sp.
Platypeltoides magrebiensis,Chauvelicystis ubaghsi
Platypeltoides magrebiensis,Chauvelicystis spinosa
Platypeltoides magrebiensis,Chauvelicystis vizcainoi
Platypeltoides magrebiensis,Chauvelicystis sp.
Platypeltoides magrebiensis,Sokkaejaecystis sp. 1
Platypeltoides magrebiensis,Sokkaejaecystis sp. 2
Platypeltoides magrebiensis,"Cornuta n. gen. 1, n. sp."
Platypeltoides magrebiensis,"Cornuta n. gen. 2, n. sp."
Platypeltoides magrebiensis,Flabellicarpus rushtoni
Platypeltoides magrebiensis,Galliaecystis n. sp.
Platypeltoides magrebiensis,Galliaecystis ubaghsi
Platypeltoides magrebiensis,Hanusia n. sp.
Platypeltoides magrebiensis,Lagynocystis pyramidalis
Platypeltoides magrebiensis,Nanocarpus cf. dolambii
Platypeltoides magrebiensis,Phyllocystis blayaci
Platypeltoides magrebiensis,Procothurnocystis n. sp.
Platypeltoides magrebiensis,Prokopicystis sp.
Platypeltoides magrebiensis,Bohemiaecystis n. sp.
Platypeltoides magrebiensis,Vizcainocarpus sp.
Platypeltoides magrebiensis,Peltocystis cornuta
Platypeltoides magrebiensis,Macrocystella bohemica
Platypeltoides magrebiensis,cf. Castericystis
Platypeltoides magrebiensis,Plasiacystis mobilis
Platypeltoides magrebiensis,Elegantilites sp.
Platypeltoides magrebiensis,Gamalites? sp.
Platypeltoides hammondi,Benthic detritus
Platypeltoides hammondi,Plectorthis simplex
Platypeltoides hammondi,Angusticardinia sp.
Platypeltoides hammondi,Wosekella sp.
Platypeltoides hammondi,Celdobolus sp.
Platypeltoides hammondi,Wiwaxiid
Platypeltoides hammondi,Calvapilosa kroegeri
Platypeltoides hammondi,Palaeoscolex cf. tenensis
Platypeltoides hammondi,Furca sp. 1
Platypeltoides hammondi,Furca sp. 2
Platypeltoides hammondi,Furca sp. 3
Platypeltoides hammondi,Enosiaspis hrungnir
Platypeltoides hammondi,Setapedites abundantis
Platypeltoides hammondi,Xiphosurid
Platypeltoides hammondi,Tariccoia tazagurtensis
Platypeltoides hammondi,Cheloniellid
Platypeltoides hammondi,Asaphellus sp aff. jujuanus
Platypeltoides hammondi,Symphysurus sicardi
Platypeltoides hammondi,Symphysurus ebbestadi
Platypeltoides hammondi,Symphysurus sp.
Platypeltoides hammondi,Apatokephalus cf. incisus
Platypeltoides hammondi,Orometopus sp.
Platypeltoides hammondi,Foulonia peregrina
Platypeltoides hammondi,Foulonia sp.
Platypeltoides hammondi,Toletanaspis aff. borni
Platypeltoides hammondi,Bavarilla zemmourensis
Platypeltoides hammondi,Bavarilla sp.
Platypeltoides hammondi,Colpocoryphe thorali
Platypeltoides hammondi,Colpocoryphe pradesensis
Platypeltoides hammondi,Pharostomina sp. 
Platypeltoides hammondi,Agerina quadrata
Platypeltoides hammondi,Euloma sp.
Platypeltoides hammondi,Geragnostus aff. occitanus
Platypeltoides hammondi,Geragnostus sp.
Platypeltoides hammondi,Beltella sp.
Platypeltoides hammondi,Ampyx priscus
Platypeltoides hammondi,Parabathycheilus gallicus
Platypeltoides hammondi,Anacheirurus adserai
Platypeltoides hammondi,Eoharpes sp.
Platypeltoides hammondi,Nileus deynouxi
Platypeltoides hammondi,Villebrunaster fezouataensis
Platypeltoides hammondi,Palaeosphaeronites sp.
Platypeltoides hammondi,Palaeosphaeronites? prokopi
Platypeltoides hammondi,Aristocystites cf. bohemicus (sinuous?)
Platypeltoides hammondi,Balantiocystis regnelli
Platypeltoides hammondi,Rhopalocystis destombesi
Platypeltoides hammondi,Rhopalocystis fraga
Platypeltoides hammondi,Rhopalocystis grandis
Platypeltoides hammondi,Rhopalocystis havliceki
Platypeltoides hammondi,Rhopalocystis zagoraensis
Platypeltoides hammondi,Lingulocystis elongata
Platypeltoides hammondi,cf. Pareocrinus
Platypeltoides hammondi,Eocrinoidea indet. sp. 1
Platypeltoides hammondi,Eocrinoidea indet. sp. 2
Platypeltoides hammondi,Eocrinoidea indet.
Platypeltoides hammondi,Aethocrinus cf. moorei
Platypeltoides hammondi,Rhenopyrgid indet.
Platypeltoides hammondi,Amygdalotheca griffei
Platypeltoides hammondi,Anatifopsis trapeziiformis
Platypeltoides hammondi,Aspidocarpus sp.
Platypeltoides hammondi,Chauvelicystis ubaghsi
Platypeltoides hammondi,Chauvelicystis spinosa
Platypeltoides hammondi,Chauvelicystis vizcainoi
Platypeltoides hammondi,Chauvelicystis sp.
Platypeltoides hammondi,Sokkaejaecystis sp. 1
Platypeltoides hammondi,Sokkaejaecystis sp. 2
Platypeltoides hammondi,"Cornuta n. gen. 1, n. sp."
Platypeltoides hammondi,"Cornuta n. gen. 2, n. sp."
Platypeltoides hammondi,Flabellicarpus rushtoni
Platypeltoides hammondi,Galliaecystis n. sp.
Platypeltoides hammondi,Galliaecystis ubaghsi
Platypeltoides hammondi,Hanusia n. sp.
Platypeltoides hammondi,Lagynocystis pyramidalis
Platypeltoides hammondi,Nanocarpus cf. dolambii
Platypeltoides hammondi,Phyllocystis blayaci
Platypeltoides hammondi,Procothurnocystis n. sp.
Platypeltoides hammondi,Prokopicystis sp.
Platypeltoides hammondi,Bohemiaecystis n. sp.
Platypeltoides hammondi,Vizcainocarpus sp.
Platypeltoides hammondi,Peltocystis cornuta
Platypeltoides hammondi,Macrocystella bohemica
Platypeltoides hammondi,Elegantilites sp.
Platypeltoides hammondi,Gamalites? sp.
Playpeltoides carmenae,Benthic detritus
Playpeltoides carmenae,Plectorthis simplex
Playpeltoides carmenae,Angusticardinia sp.
Playpeltoides carmenae,Wosekella sp.
Playpeltoides carmenae,Celdobolus sp.
Playpeltoides carmenae,Carcassonnella sp.
Playpeltoides carmenae,Wiwaxiid
Playpeltoides carmenae,Furca sp. 1
Playpeltoides carmenae,Furca sp. 2
Playpeltoides carmenae,Furca sp. 3
Playpeltoides carmenae,Enosiaspis hrungnir
Playpeltoides carmenae,Setapedites abundantis
Playpeltoides carmenae,Tariccoia tazagurtensis
Playpeltoides carmenae,Cheloniellid
Playpeltoides carmenae,Apatokephalus cf. incisus
Playpeltoides carmenae,Orometopus sp.
Playpeltoides carmenae,Toletanaspis aff. borni
Playpeltoides carmenae,Colpocoryphe thorali
Playpeltoides carmenae,Agerina quadrata
Playpeltoides carmenae,Geragnostus aff. occitanus
Playpeltoides carmenae,Geragnostus sp.
Playpeltoides carmenae,Ampyx priscus
Playpeltoides carmenae,Parabathycheilus gallicus
Playpeltoides carmenae,Nileus deynouxi
Playpeltoides carmenae,Palaeosphaeronites sp.
Playpeltoides carmenae,Palaeosphaeronites? prokopi
Playpeltoides carmenae,Aristocystites cf. bohemicus (sinuous?)
Playpeltoides carmenae,Balantiocystis regnelli
Playpeltoides carmenae,Rhopalocystis destombesi
Playpeltoides carmenae,Rhopalocystis fraga
Playpeltoides carmenae,Rhopalocystis grandis
Playpeltoides carmenae,Rhopalocystis havliceki
Playpeltoides carmenae,Rhopalocystis zagoraensis
Playpeltoides carmenae,Lingulocystis elongata
Playpeltoides carmenae,cf. Pareocrinus
Playpeltoides carmenae,Eocrinoidea indet. sp. 1
Playpeltoides carmenae,Eocrinoidea indet. sp. 2
Playpeltoides carmenae,Eocrinoidea indet.
Playpeltoides carmenae,Aethocrinus cf. moorei
Playpeltoides carmenae,Rhenopyrgid indet.
Playpeltoides carmenae,Amygdalotheca griffei
Playpeltoides carmenae,Anatifopsis trapeziiformis
Playpeltoides carmenae,Aspidocarpus sp.
Playpeltoides carmenae,Chauvelicystis ubaghsi
Playpeltoides carmenae,Chauvelicystis spinosa
Playpeltoides carmenae,Chauvelicystis vizcainoi
Playpeltoides carmenae,Chauvelicystis sp.
Playpeltoides carmenae,Sokkaejaecystis sp. 1
Playpeltoides carmenae,Sokkaejaecystis sp. 2
Playpeltoides carmenae,"Cornuta n. gen. 1, n. sp."
Playpeltoides carmenae,"Cornuta n. gen. 2, n. sp."
Playpeltoides carmenae,Flabellicarpus rushtoni
Playpeltoides carmenae,Galliaecystis n. sp.
Playpeltoides carmenae,Galliaecystis ubaghsi
Playpeltoides carmenae,Hanusia n. sp.
Playpeltoides carmenae,Lagynocystis pyramidalis
Playpeltoides carmenae,Nanocarpus cf. dolambii
Playpeltoides carmenae,Phyllocystis blayaci
Playpeltoides carmenae,Procothurnocystis n. sp.
Playpeltoides carmenae,Prokopicystis sp.
Playpeltoides carmenae,Bohemiaecystis n. sp.
Playpeltoides carmenae,Vizcainocarpus sp.
Playpeltoides carmenae,Peltocystis cornuta
Playpeltoides carmenae,Macrocystella bohemica
Playpeltoides carmenae,"""Didymograptus sp. 1"""
Playpeltoides carmenae,Didymograptid indet.
Playpeltoides carmenae,Koremagraptus sp.
Playpeltoides carmenae,Webbyites felix
Playpeltoides carmenae,Rhabdopleura-like epibiont
Symphysurus sicardi,Benthic detritus
Symphysurus sicardi,Plectorthis simplex
Symphysurus sicardi,Angusticardinia sp.
Symphysurus sicardi,Wosekella sp.
Symphysurus sicardi,Celdobolus sp.
Symphysurus sicardi,Carcassonnella sp.
Symphysurus sicardi,Wiwaxiid
Symphysurus sicardi,Enosiaspis hrungnir
Symphysurus sicardi,Setapedites abundantis
Symphysurus sicardi,Tariccoia tazagurtensis
Symphysurus sicardi,Orometopus sp.
Symphysurus sicardi,Agerina quadrata
Symphysurus sicardi,Geragnostus aff. occitanus
Symphysurus sicardi,Geragnostus sp.
Symphysurus sicardi,Ampyx priscus
Symphysurus sicardi,Parabathycheilus gallicus
Symphysurus sicardi,Nileus deynouxi
Symphysurus sicardi,Palaeosphaeronites sp.
Symphysurus sicardi,Palaeosphaeronites? prokopi
Symphysurus sicardi,Aristocystites cf. bohemicus (sinuous?)
Symphysurus sicardi,Balantiocystis regnelli
Symphysurus sicardi,Rhopalocystis destombesi
Symphysurus sicardi,Rhopalocystis fraga
Symphysurus sicardi,Rhopalocystis grandis
Symphysurus sicardi,Rhopalocystis havliceki
Symphysurus sicardi,Rhopalocystis zagoraensis
Symphysurus sicardi,Lingulocystis elongata
Symphysurus sicardi,cf. Pareocrinus
Symphysurus sicardi,Eocrinoidea indet. sp. 1
Symphysurus sicardi,Eocrinoidea indet. sp. 2
Symphysurus sicardi,Eocrinoidea indet.
Symphysurus sicardi,Aethocrinus cf. moorei
Symphysurus sicardi,Rhenopyrgid indet.
Symphysurus sicardi,Amygdalotheca griffei
Symphysurus sicardi,Anatifopsis trapeziiformis
Symphysurus sicardi,Aspidocarpus sp.
Symphysurus sicardi,Chauvelicystis ubaghsi
Symphysurus sicardi,Chauvelicystis spinosa
Symphysurus sicardi,Chauvelicystis vizcainoi
Symphysurus sicardi,Chauvelicystis sp.
Symphysurus sicardi,Sokkaejaecystis sp. 1
Symphysurus sicardi,Sokkaejaecystis sp. 2
Symphysurus sicardi,"Cornuta n. gen. 1, n. sp."
Symphysurus sicardi,"Cornuta n. gen. 2, n. sp."
Symphysurus sicardi,Flabellicarpus rushtoni
Symphysurus sicardi,Galliaecystis n. sp.
Symphysurus sicardi,Galliaecystis ubaghsi
Symphysurus sicardi,Lagynocystis pyramidalis
Symphysurus sicardi,Nanocarpus cf. dolambii
Symphysurus sicardi,Phyllocystis blayaci
Symphysurus sicardi,Procothurnocystis n. sp.
Symphysurus sicardi,Prokopicystis sp.
Symphysurus sicardi,Vizcainocarpus sp.
Symphysurus sicardi,Peltocystis cornuta
Symphysurus sicardi,Macrocystella bohemica
Symphysurus sicardi,"""Didymograptus sp. 1"""
Symphysurus sicardi,Didymograptid indet.
Symphysurus sicardi,Koremagraptus sp.
Symphysurus sicardi,Webbyites felix
Symphysurus sicardi,Rhabdopleura-like epibiont
Symphysurus ebbestadi,Benthic detritus
Symphysurus ebbestadi,Plectorthis simplex
Symphysurus ebbestadi,Angusticardinia sp.
Symphysurus ebbestadi,Wosekella sp.
Symphysurus ebbestadi,Celdobolus sp.
Symphysurus ebbestadi,Carcassonnella sp.
Symphysurus ebbestadi,Wiwaxiid
Symphysurus ebbestadi,Enosiaspis hrungnir
Symphysurus ebbestadi,Setapedites abundantis
Symphysurus ebbestadi,Tariccoia tazagurtensis
Symphysurus ebbestadi,Orometopus sp.
Symphysurus ebbestadi,Agerina quadrata
Symphysurus ebbestadi,Geragnostus aff. occitanus
Symphysurus ebbestadi,Geragnostus sp.
Symphysurus ebbestadi,Ampyx priscus
Symphysurus ebbestadi,Parabathycheilus gallicus
Symphysurus ebbestadi,Nileus deynouxi
Symphysurus ebbestadi,Palaeosphaeronites sp.
Symphysurus ebbestadi,Palaeosphaeronites? prokopi
Symphysurus ebbestadi,Aristocystites cf. bohemicus (sinuous?)
Symphysurus ebbestadi,Balantiocystis regnelli
Symphysurus ebbestadi,Rhopalocystis destombesi
Symphysurus ebbestadi,Rhopalocystis fraga
Symphysurus ebbestadi,Rhopalocystis grandis
Symphysurus ebbestadi,Rhopalocystis havliceki
Symphysurus ebbestadi,Rhopalocystis zagoraensis
Symphysurus ebbestadi,Lingulocystis elongata
Symphysurus ebbestadi,cf. Pareocrinus
Symphysurus ebbestadi,Eocrinoidea indet. sp. 1
Symphysurus ebbestadi,Eocrinoidea indet. sp. 2
Symphysurus ebbestadi,Eocrinoidea indet.
Symphysurus ebbestadi,Aethocrinus cf. moorei
Symphysurus ebbestadi,Rhenopyrgid indet.
Symphysurus ebbestadi,Amygdalotheca griffei
Symphysurus ebbestadi,Anatifopsis trapeziiformis
Symphysurus ebbestadi,Aspidocarpus sp.
Symphysurus ebbestadi,Chauvelicystis ubaghsi
Symphysurus ebbestadi,Chauvelicystis spinosa
Symphysurus ebbestadi,Chauvelicystis vizcainoi
Symphysurus ebbestadi,Chauvelicystis sp.
Symphysurus ebbestadi,Sokkaejaecystis sp. 1
Symphysurus ebbestadi,Sokkaejaecystis sp. 2
Symphysurus ebbestadi,"Cornuta n. gen. 1, n. sp."
Symphysurus ebbestadi,"Cornuta n. gen. 2, n. sp."
Symphysurus ebbestadi,Flabellicarpus rushtoni
Symphysurus ebbestadi,Galliaecystis n. sp.
Symphysurus ebbestadi,Galliaecystis ubaghsi
Symphysurus ebbestadi,Lagynocystis pyramidalis
Symphysurus ebbestadi,Nanocarpus cf. dolambii
Symphysurus ebbestadi,Phyllocystis blayaci
Symphysurus ebbestadi,Procothurnocystis n. sp.
Symphysurus ebbestadi,Prokopicystis sp.
Symphysurus ebbestadi,Vizcainocarpus sp.
Symphysurus ebbestadi,Peltocystis cornuta
Symphysurus ebbestadi,Macrocystella bohemica
Symphysurus ebbestadi,"""Didymograptus sp. 1"""
Symphysurus ebbestadi,Didymograptid indet.
Symphysurus ebbestadi,Koremagraptus sp.
Symphysurus ebbestadi,Webbyites felix
Symphysurus ebbestadi,Rhabdopleura-like epibiont
Symphysurus sp.,Benthic detritus
Symphysurus sp.,Plectorthis simplex
Symphysurus sp.,Angusticardinia sp.
Symphysurus sp.,Wosekella sp.
Symphysurus sp.,Celdobolus sp.
Symphysurus sp.,Carcassonnella sp.
Symphysurus sp.,Wiwaxiid
Symphysurus sp.,Furca sp. 1
Symphysurus sp.,Furca sp. 2
Symphysurus sp.,Furca sp. 3
Symphysurus sp.,Enosiaspis hrungnir
Symphysurus sp.,Setapedites abundantis
Symphysurus sp.,Tariccoia tazagurtensis
Symphysurus sp.,Cheloniellid
Symphysurus sp.,Apatokephalus cf. incisus
Symphysurus sp.,Orometopus sp.
Symphysurus sp.,Toletanaspis aff. borni
Symphysurus sp.,Colpocoryphe thorali
Symphysurus sp.,Agerina quadrata
Symphysurus sp.,Geragnostus aff. occitanus
Symphysurus sp.,Geragnostus sp.
Symphysurus sp.,Ampyx priscus
Symphysurus sp.,Parabathycheilus gallicus
Symphysurus sp.,Nileus deynouxi
Symphysurus sp.,Palaeosphaeronites sp.
Symphysurus sp.,Palaeosphaeronites? prokopi
Symphysurus sp.,Aristocystites cf. bohemicus (sinuous?)
Symphysurus sp.,Balantiocystis regnelli
Symphysurus sp.,Rhopalocystis destombesi
Symphysurus sp.,Rhopalocystis fraga
Symphysurus sp.,Rhopalocystis grandis
Symphysurus sp.,Rhopalocystis havliceki
Symphysurus sp.,Rhopalocystis zagoraensis
Symphysurus sp.,Lingulocystis elongata
Symphysurus sp.,cf. Pareocrinus
Symphysurus sp.,Eocrinoidea indet. sp. 1
Symphysurus sp.,Eocrinoidea indet. sp. 2
Symphysurus sp.,Eocrinoidea indet.
Symphysurus sp.,Aethocrinus cf. moorei
Symphysurus sp.,Rhenopyrgid indet.
Symphysurus sp.,Amygdalotheca griffei
Symphysurus sp.,Anatifopsis trapeziiformis
Symphysurus sp.,Aspidocarpus sp.
Symphysurus sp.,Chauvelicystis ubaghsi
Symphysurus sp.,Chauvelicystis spinosa
Symphysurus sp.,Chauvelicystis vizcainoi
Symphysurus sp.,Chauvelicystis sp.
Symphysurus sp.,Sokkaejaecystis sp. 1
Symphysurus sp.,Sokkaejaecystis sp. 2
Symphysurus sp.,"Cornuta n. gen. 1, n. sp."
Symphysurus sp.,"Cornuta n. gen. 2, n. sp."
Symphysurus sp.,Flabellicarpus rushtoni
Symphysurus sp.,Galliaecystis n. sp.
Symphysurus sp.,Galliaecystis ubaghsi
Symphysurus sp.,Hanusia n. sp.
Symphysurus sp.,Lagynocystis pyramidalis
Symphysurus sp.,Nanocarpus cf. dolambii
Symphysurus sp.,Phyllocystis blayaci
Symphysurus sp.,Procothurnocystis n. sp.
Symphysurus sp.,Prokopicystis sp.
Symphysurus sp.,Bohemiaecystis n. sp.
Symphysurus sp.,Vizcainocarpus sp.
Symphysurus sp.,Peltocystis cornuta
Symphysurus sp.,Macrocystella bohemica
Symphysurus sp.,"""Didymograptus sp. 1"""
Symphysurus sp.,Didymograptid indet.
Symphysurus sp.,Koremagraptus sp.
Symphysurus sp.,Webbyites felix
Symphysurus sp.,Rhabdopleura-like epibiont
Apatokephalus cf. incisus,Benthic detritus
Apatokephalus cf. incisus,Plectorthis simplex
Apatokephalus cf. incisus,Angusticardinia sp.
Apatokephalus cf. incisus,Celdobolus sp.
Apatokephalus cf. incisus,Carcassonnella sp.
Apatokephalus cf. incisus,Wiwaxiid
Apatokephalus cf. incisus,Enosiaspis hrungnir
Apatokephalus cf. incisus,Setapedites abundantis
Apatokephalus cf. incisus,Tariccoia tazagurtensis
Apatokephalus cf. incisus,Parabathycheilus gallicus
Apatokephalus cf. incisus,Palaeosphaeronites sp.
Apatokephalus cf. incisus,Palaeosphaeronites? prokopi
Apatokephalus cf. incisus,Aristocystites cf. bohemicus (sinuous?)
Apatokephalus cf. incisus,Balantiocystis regnelli
Apatokephalus cf. incisus,Rhopalocystis destombesi
Apatokephalus cf. incisus,Rhopalocystis fraga
Apatokephalus cf. incisus,Rhopalocystis grandis
Apatokephalus cf. incisus,Rhopalocystis havliceki
Apatokephalus cf. incisus,Rhopalocystis zagoraensis
Apatokephalus cf. incisus,Lingulocystis elongata
Apatokephalus cf. incisus,cf. Pareocrinus
Apatokephalus cf. incisus,Eocrinoidea indet. sp. 1
Apatokephalus cf. incisus,Eocrinoidea indet. sp. 2
Apatokephalus cf. incisus,Eocrinoidea indet.
Apatokephalus cf. incisus,Aethocrinus cf. moorei
Apatokephalus cf. incisus,Rhenopyrgid indet.
Apatokephalus cf. incisus,Amygdalotheca griffei
Apatokephalus cf. incisus,Anatifopsis trapeziiformis
Apatokephalus cf. incisus,Aspidocarpus sp.
Apatokephalus cf. incisus,Chauvelicystis ubaghsi
Apatokephalus cf. incisus,Chauvelicystis spinosa
Apatokephalus cf. incisus,Chauvelicystis vizcainoi
Apatokephalus cf. incisus,Chauvelicystis sp.
Apatokephalus cf. incisus,Sokkaejaecystis sp. 1
Apatokephalus cf. incisus,Sokkaejaecystis sp. 2
Apatokephalus cf. incisus,"Cornuta n. gen. 2, n. sp."
Apatokephalus cf. incisus,Flabellicarpus rushtoni
Apatokephalus cf. incisus,Galliaecystis n. sp.
Apatokephalus cf. incisus,Galliaecystis ubaghsi
Apatokephalus cf. incisus,Lagynocystis pyramidalis
Apatokephalus cf. incisus,Nanocarpus cf. dolambii
Apatokephalus cf. incisus,Phyllocystis blayaci
Apatokephalus cf. incisus,Procothurnocystis n. sp.
Apatokephalus cf. incisus,Prokopicystis sp.
Apatokephalus cf. incisus,Vizcainocarpus sp.
Apatokephalus cf. incisus,Peltocystis cornuta
Apatokephalus cf. incisus,Macrocystella bohemica
Apatokephalus cf. incisus,"""Didymograptus sp. 1"""
Apatokephalus cf. incisus,Didymograptid indet.
Apatokephalus cf. incisus,Koremagraptus sp.
Apatokephalus cf. incisus,Webbyites felix
Apatokephalus cf. incisus,Rhabdopleura-like epibiont
Dikelokephalina brenchleyi,Benthic detritus
Dikelokephalina brenchleyi,Plectorthis simplex
Dikelokephalina brenchleyi,Angusticardinia sp.
Dikelokephalina brenchleyi,Wosekella sp.
Dikelokephalina brenchleyi,Celdobolus sp.
Dikelokephalina brenchleyi,Wiwaxiid
Dikelokephalina brenchleyi,Calvapilosa kroegeri
Dikelokephalina brenchleyi,Plumulites bengtsoni
Dikelokephalina brenchleyi,Large plumulitid
Dikelokephalina brenchleyi,Palaeoscolex cf. tenensis
Dikelokephalina brenchleyi,Villebrunaster fezouataensis
Dikelokephalina brenchleyi,Palaeosphaeronites sp.
Dikelokephalina brenchleyi,Palaeosphaeronites? prokopi
Dikelokephalina brenchleyi,Aristocystites cf. bohemicus (sinuous?)
Dikelokephalina brenchleyi,Balantiocystis regnelli
Dikelokephalina brenchleyi,Rhopalocystis destombesi
Dikelokephalina brenchleyi,Rhopalocystis fraga
Dikelokephalina brenchleyi,Rhopalocystis grandis
Dikelokephalina brenchleyi,Rhopalocystis havliceki
Dikelokephalina brenchleyi,Rhopalocystis zagoraensis
Dikelokephalina brenchleyi,Lingulocystis elongata
Dikelokephalina brenchleyi,cf. Pareocrinus
Dikelokephalina brenchleyi,Eocrinoidea indet. sp. 1
Dikelokephalina brenchleyi,Eocrinoidea indet. sp. 2
Dikelokephalina brenchleyi,Eocrinoidea indet.
Dikelokephalina brenchleyi,Aethocrinus cf. moorei
Dikelokephalina brenchleyi,Rhenopyrgid indet.
Dikelokephalina brenchleyi,Amygdalotheca griffei
Dikelokephalina brenchleyi,Anatifopsis trapeziiformis
Dikelokephalina brenchleyi,Aspidocarpus sp.
Dikelokephalina brenchleyi,Chauvelicystis ubaghsi
Dikelokephalina brenchleyi,Chauvelicystis spinosa
Dikelokephalina brenchleyi,Chauvelicystis vizcainoi
Dikelokephalina brenchleyi,Chauvelicystis sp.
Dikelokephalina brenchleyi,Sokkaejaecystis sp. 1
Dikelokephalina brenchleyi,Sokkaejaecystis sp. 2
Dikelokephalina brenchleyi,"Cornuta n. gen. 1, n. sp."
Dikelokephalina brenchleyi,"Cornuta n. gen. 2, n. sp."
Dikelokephalina brenchleyi,Flabellicarpus rushtoni
Dikelokephalina brenchleyi,Galliaecystis n. sp.
Dikelokephalina brenchleyi,Galliaecystis ubaghsi
Dikelokephalina brenchleyi,Hanusia n. sp.
Dikelokephalina brenchleyi,Lagynocystis pyramidalis
Dikelokephalina brenchleyi,Nanocarpus cf. dolambii
Dikelokephalina brenchleyi,Phyllocystis blayaci
Dikelokephalina brenchleyi,Procothurnocystis n. sp.
Dikelokephalina brenchleyi,Prokopicystis sp.
Dikelokephalina brenchleyi,Bohemiaecystis n. sp.
Dikelokephalina brenchleyi,Vizcainocarpus sp.
Dikelokephalina brenchleyi,Macrocystella bohemica
Dikelokephalina brenchleyi,Plasiacystis mobilis
Dikelokephalina brenchleyi,Elegantilites sp.
Dikelokephalina brenchleyi,Gamalites? sp.
Orometopus sp.,suspended organic matter
Orometopus sp.,Benthic detritus
Lichakephalus stubbsi,Benthic detritus
Lichakephalus stubbsi,Plectorthis simplex
Lichakephalus stubbsi,Angusticardinia sp.
Lichakephalus stubbsi,Wosekella sp.
Lichakephalus stubbsi,Celdobolus sp.
Lichakephalus stubbsi,Wiwaxiid
Lichakephalus stubbsi,Calvapilosa kroegeri
Lichakephalus stubbsi,Plumulites bengtsoni
Lichakephalus stubbsi,Large plumulitid
Lichakephalus stubbsi,Palaeoscolex cf. tenensis
Lichakephalus stubbsi,Villebrunaster fezouataensis
Lichakephalus stubbsi,Palaeosphaeronites sp.
Lichakephalus stubbsi,Palaeosphaeronites? prokopi
Lichakephalus stubbsi,Aristocystites cf. bohemicus (sinuous?)
Lichakephalus stubbsi,Balantiocystis regnelli
Lichakephalus stubbsi,Rhopalocystis destombesi
Lichakephalus stubbsi,Rhopalocystis fraga
Lichakephalus stubbsi,Rhopalocystis grandis
Lichakephalus stubbsi,Rhopalocystis havliceki
Lichakephalus stubbsi,Rhopalocystis zagoraensis
Lichakephalus stubbsi,Lingulocystis elongata
Lichakephalus stubbsi,cf. Pareocrinus
Lichakephalus stubbsi,Eocrinoidea indet. sp. 1
Lichakephalus stubbsi,Eocrinoidea indet. sp. 2
Lichakephalus stubbsi,Eocrinoidea indet.
Lichakephalus stubbsi,Aethocrinus cf. moorei
Lichakephalus stubbsi,Rhenopyrgid indet.
Lichakephalus stubbsi,Amygdalotheca griffei
Lichakephalus stubbsi,Anatifopsis trapeziiformis
Lichakephalus stubbsi,Aspidocarpus sp.
Lichakephalus stubbsi,Chauvelicystis ubaghsi
Lichakephalus stubbsi,Chauvelicystis spinosa
Lichakephalus stubbsi,Chauvelicystis vizcainoi
Lichakephalus stubbsi,Chauvelicystis sp.
Lichakephalus stubbsi,Sokkaejaecystis sp. 1
Lichakephalus stubbsi,Sokkaejaecystis sp. 2
Lichakephalus stubbsi,"Cornuta n. gen. 1, n. sp."
Lichakephalus stubbsi,"Cornuta n. gen. 2, n. sp."
Lichakephalus stubbsi,Flabellicarpus rushtoni
Lichakephalus stubbsi,Galliaecystis n. sp.
Lichakephalus stubbsi,Galliaecystis ubaghsi
Lichakephalus stubbsi,Hanusia n. sp.
Lichakephalus stubbsi,Lagynocystis pyramidalis
Lichakephalus stubbsi,Nanocarpus cf. dolambii
Lichakephalus stubbsi,Phyllocystis blayaci
Lichakephalus stubbsi,Procothurnocystis n. sp.
Lichakephalus stubbsi,Prokopicystis sp.
Lichakephalus stubbsi,Bohemiaecystis n. sp.
Lichakephalus stubbsi,Vizcainocarpus sp.
Lichakephalus stubbsi,Macrocystella bohemica
Lichakephalus stubbsi,Plasiacystis mobilis
Lichakephalus stubbsi,Elegantilites sp.
Lichakephalus stubbsi,Gamalites? sp.
Foulonia peregrina,Benthic detritus
Foulonia peregrina,Plectorthis simplex
Foulonia peregrina,Angusticardinia sp.
Foulonia peregrina,Celdobolus sp.
Foulonia peregrina,Carcassonnella sp.
Foulonia peregrina,Wiwaxiid
Foulonia peregrina,Enosiaspis hrungnir
Foulonia peregrina,Setapedites abundantis
Foulonia peregrina,Tariccoia tazagurtensis
Foulonia peregrina,Parabathycheilus gallicus
Foulonia peregrina,Palaeosphaeronites sp.
Foulonia peregrina,Palaeosphaeronites? prokopi
Foulonia peregrina,Aristocystites cf. bohemicus (sinuous?)
Foulonia peregrina,Balantiocystis regnelli
Foulonia peregrina,Rhopalocystis destombesi
Foulonia peregrina,Rhopalocystis fraga
Foulonia peregrina,Rhopalocystis grandis
Foulonia peregrina,Rhopalocystis havliceki
Foulonia peregrina,Rhopalocystis zagoraensis
Foulonia peregrina,Lingulocystis elongata
Foulonia peregrina,cf. Pareocrinus
Foulonia peregrina,Eocrinoidea indet. sp. 1
Foulonia peregrina,Eocrinoidea indet. sp. 2
Foulonia peregrina,Eocrinoidea indet.
Foulonia peregrina,Aethocrinus cf. moorei
Foulonia peregrina,Rhenopyrgid indet.
Foulonia peregrina,Amygdalotheca griffei
Foulonia peregrina,Anatifopsis trapeziiformis
Foulonia peregrina,Aspidocarpus sp.
Foulonia peregrina,Chauvelicystis ubaghsi
Foulonia peregrina,Chauvelicystis spinosa
Foulonia peregrina,Chauvelicystis vizcainoi
Foulonia peregrina,Chauvelicystis sp.
Foulonia peregrina,Sokkaejaecystis sp. 1
Foulonia peregrina,Sokkaejaecystis sp. 2
Foulonia peregrina,"Cornuta n. gen. 1, n. sp."
Foulonia peregrina,"Cornuta n. gen. 2, n. sp."
Foulonia peregrina,Flabellicarpus rushtoni
Foulonia peregrina,Galliaecystis n. sp.
Foulonia peregrina,Galliaecystis ubaghsi
Foulonia peregrina,Lagynocystis pyramidalis
Foulonia peregrina,Nanocarpus cf. dolambii
Foulonia peregrina,Phyllocystis blayaci
Foulonia peregrina,Procothurnocystis n. sp.
Foulonia peregrina,Prokopicystis sp.
Foulonia peregrina,Vizcainocarpus sp.
Foulonia peregrina,Peltocystis cornuta
Foulonia peregrina,Macrocystella bohemica
Foulonia peregrina,"""Didymograptus sp. 1"""
Foulonia peregrina,Didymograptid indet.
Foulonia peregrina,Koremagraptus sp.
Foulonia peregrina,Webbyites felix
Foulonia peregrina,Rhabdopleura-like epibiont
Foulonia sp.,Benthic detritus
Foulonia sp.,Plectorthis simplex
Foulonia sp.,Angusticardinia sp.
Foulonia sp.,Celdobolus sp.
Foulonia sp.,Carcassonnella sp.
Foulonia sp.,Wiwaxiid
Foulonia sp.,Enosiaspis hrungnir
Foulonia sp.,Setapedites abundantis
Foulonia sp.,Tariccoia tazagurtensis
Foulonia sp.,Parabathycheilus gallicus
Foulonia sp.,Palaeosphaeronites sp.
Foulonia sp.,Palaeosphaeronites? prokopi
Foulonia sp.,Aristocystites cf. bohemicus (sinuous?)
Foulonia sp.,Balantiocystis regnelli
Foulonia sp.,Rhopalocystis destombesi
Foulonia sp.,Rhopalocystis fraga
Foulonia sp.,Rhopalocystis grandis
Foulonia sp.,Rhopalocystis havliceki
Foulonia sp.,Rhopalocystis zagoraensis
Foulonia sp.,Lingulocystis elongata
Foulonia sp.,cf. Pareocrinus
Foulonia sp.,Eocrinoidea indet. sp. 1
Foulonia sp.,Eocrinoidea indet. sp. 2
Foulonia sp.,Eocrinoidea indet.
Foulonia sp.,Aethocrinus cf. moorei
Foulonia sp.,Rhenopyrgid indet.
Foulonia sp.,Amygdalotheca griffei
Foulonia sp.,Anatifopsis trapeziiformis
Foulonia sp.,Aspidocarpus sp.
Foulonia sp.,Chauvelicystis ubaghsi
Foulonia sp.,Chauvelicystis spinosa
Foulonia sp.,Chauvelicystis vizcainoi
Foulonia sp.,Chauvelicystis sp.
Foulonia sp.,Sokkaejaecystis sp. 1
Foulonia sp.,Sokkaejaecystis sp. 2
Foulonia sp.,"Cornuta n. gen. 1, n. sp."
Foulonia sp.,"Cornuta n. gen. 2, n. sp."
Foulonia sp.,Flabellicarpus rushtoni
Foulonia sp.,Galliaecystis n. sp.
Foulonia sp.,Galliaecystis ubaghsi
Foulonia sp.,Lagynocystis pyramidalis
Foulonia sp.,Nanocarpus cf. dolambii
Foulonia sp.,Phyllocystis blayaci
Foulonia sp.,Procothurnocystis n. sp.
Foulonia sp.,Prokopicystis sp.
Foulonia sp.,Vizcainocarpus sp.
Foulonia sp.,Peltocystis cornuta
Foulonia sp.,Macrocystella bohemica
Foulonia sp.,"""Didymograptus sp. 1"""
Foulonia sp.,Didymograptid indet.
Foulonia sp.,Koremagraptus sp.
Foulonia sp.,Webbyites felix
Foulonia sp.,Rhabdopleura-like epibiont
Parapilekia olesnaensis,Benthic detritus
Parapilekia olesnaensis,Plectorthis simplex
Parapilekia olesnaensis,Angusticardinia sp.
Parapilekia olesnaensis,Wosekella sp.
Parapilekia olesnaensis,Celdobolus sp.
Parapilekia olesnaensis,Wiwaxiid
Parapilekia olesnaensis,Calvapilosa kroegeri
Parapilekia olesnaensis,Plumulites bengtsoni
Parapilekia olesnaensis,Large plumulitid
Parapilekia olesnaensis,Palaeoscolex cf. tenensis
Parapilekia olesnaensis,Furca sp. 1
Parapilekia olesnaensis,Furca sp. 2
Parapilekia olesnaensis,Furca sp. 3
Parapilekia olesnaensis,Enosiaspis hrungnir
Parapilekia olesnaensis,Xiphosurid
Parapilekia olesnaensis,Tremaglaspis sp.
Parapilekia olesnaensis,Cheloniellid
Parapilekia olesnaensis,Asaphellus sp aff. jujuanus
Parapilekia olesnaensis,Asaphellus sp.
Parapilekia olesnaensis,Playpeltoides carmenae
Parapilekia olesnaensis,Symphysurus sicardi
Parapilekia olesnaensis,Symphysurus ebbestadi
Parapilekia olesnaensis,Symphysurus sp.
Parapilekia olesnaensis,Apatokephalus cf. incisus
Parapilekia olesnaensis,Orometopus sp.
Parapilekia olesnaensis,Foulonia peregrina
Parapilekia olesnaensis,Foulonia sp.
Parapilekia olesnaensis,Toletanaspis aff. borni
Parapilekia olesnaensis,Bavarilla zemmourensis
Parapilekia olesnaensis,Bavarilla sp.
Parapilekia olesnaensis,Colpocoryphe thorali
Parapilekia olesnaensis,Colpocoryphe pradesensis
Parapilekia olesnaensis,Colpocoryphe sp.
Parapilekia olesnaensis,Pharostomina sp. 
Parapilekia olesnaensis,Prionocheilus sp.
Parapilekia olesnaensis,Agerina quadrata
Parapilekia olesnaensis,Euloma sp.
Parapilekia olesnaensis,Beltella sp.
Parapilekia olesnaensis,Ampyx priscus
Parapilekia olesnaensis,Megistaspis (Ekeraspis) sp. indet.
Parapilekia olesnaensis,Parabathycheilus gallicus
Parapilekia olesnaensis,Anacheirurus adserai
Parapilekia olesnaensis,Eoharpes sp.
Parapilekia olesnaensis,Nileus deynouxi
Parapilekia olesnaensis,Villebrunaster fezouataensis
Parapilekia olesnaensis,Palaeosphaeronites sp.
Parapilekia olesnaensis,Palaeosphaeronites? prokopi
Parapilekia olesnaensis,Aristocystites cf. bohemicus (sinuous?)
Parapilekia olesnaensis,Balantiocystis regnelli
Parapilekia olesnaensis,Rhopalocystis destombesi
Parapilekia olesnaensis,Rhopalocystis fraga
Parapilekia olesnaensis,Rhopalocystis grandis
Parapilekia olesnaensis,Rhopalocystis havliceki
Parapilekia olesnaensis,Rhopalocystis zagoraensis
Parapilekia olesnaensis,Lingulocystis elongata
Parapilekia olesnaensis,cf. Pareocrinus
Parapilekia olesnaensis,Eocrinoidea indet. sp. 1
Parapilekia olesnaensis,Eocrinoidea indet. sp. 2
Parapilekia olesnaensis,Eocrinoidea indet.
Parapilekia olesnaensis,Aethocrinus cf. moorei
Parapilekia olesnaensis,Rhenopyrgid indet.
Parapilekia olesnaensis,Amygdalotheca griffei
Parapilekia olesnaensis,Anatifopsis trapeziiformis
Parapilekia olesnaensis,Aspidocarpus sp.
Parapilekia olesnaensis,Chauvelicystis ubaghsi
Parapilekia olesnaensis,Chauvelicystis spinosa
Parapilekia olesnaensis,Chauvelicystis vizcainoi
Parapilekia olesnaensis,Chauvelicystis sp.
Parapilekia olesnaensis,Sokkaejaecystis sp. 1
Parapilekia olesnaensis,Sokkaejaecystis sp. 2
Parapilekia olesnaensis,"Cornuta n. gen. 1, n. sp."
Parapilekia olesnaensis,"Cornuta n. gen. 2, n. sp."
Parapilekia olesnaensis,Flabellicarpus rushtoni
Parapilekia olesnaensis,Galliaecystis n. sp.
Parapilekia olesnaensis,Galliaecystis ubaghsi
Parapilekia olesnaensis,Hanusia n. sp.
Parapilekia olesnaensis,Lagynocystis pyramidalis
Parapilekia olesnaensis,Nanocarpus cf. dolambii
Parapilekia olesnaensis,Phyllocystis blayaci
Parapilekia olesnaensis,Procothurnocystis n. sp.
Parapilekia olesnaensis,Prokopicystis sp.
Parapilekia olesnaensis,Bohemiaecystis n. sp.
Parapilekia olesnaensis,Vizcainocarpus sp.
Parapilekia olesnaensis,Peltocystis cornuta
Parapilekia olesnaensis,Macrocystella bohemica
Parapilekia olesnaensis,cf. Castericystis
Parapilekia olesnaensis,Plasiacystis mobilis
Parapilekia olesnaensis,Elegantilites sp.
Parapilekia olesnaensis,Gamalites? sp.
Parapilekia sp.,Benthic detritus
Parapilekia sp.,Plectorthis simplex
Parapilekia sp.,Angusticardinia sp.
Parapilekia sp.,Wosekella sp.
Parapilekia sp.,Celdobolus sp.
Parapilekia sp.,Wiwaxiid
Parapilekia sp.,Calvapilosa kroegeri
Parapilekia sp.,Plumulites bengtsoni
Parapilekia sp.,Large plumulitid
Parapilekia sp.,Palaeoscolex cf. tenensis
Parapilekia sp.,Furca sp. 1
Parapilekia sp.,Furca sp. 2
Parapilekia sp.,Furca sp. 3
Parapilekia sp.,Enosiaspis hrungnir
Parapilekia sp.,Xiphosurid
Parapilekia sp.,Tremaglaspis sp.
Parapilekia sp.,Cheloniellid
Parapilekia sp.,Asaphellus sp aff. jujuanus
Parapilekia sp.,Asaphellus sp.
Parapilekia sp.,Playpeltoides carmenae
Parapilekia sp.,Symphysurus sicardi
Parapilekia sp.,Symphysurus ebbestadi
Parapilekia sp.,Symphysurus sp.
Parapilekia sp.,Apatokephalus cf. incisus
Parapilekia sp.,Orometopus sp.
Parapilekia sp.,Foulonia peregrina
Parapilekia sp.,Foulonia sp.
Parapilekia sp.,Toletanaspis aff. borni
Parapilekia sp.,Bavarilla zemmourensis
Parapilekia sp.,Bavarilla sp.
Parapilekia sp.,Colpocoryphe thorali
Parapilekia sp.,Colpocoryphe pradesensis
Parapilekia sp.,Colpocoryphe sp.
Parapilekia sp.,Pharostomina sp. 
Parapilekia sp.,Prionocheilus sp.
Parapilekia sp.,Agerina quadrata
Parapilekia sp.,Euloma sp.
Parapilekia sp.,Beltella sp.
Parapilekia sp.,Ampyx priscus
Parapilekia sp.,Megistaspis (Ekeraspis) sp. indet.
Parapilekia sp.,Parabathycheilus gallicus
Parapilekia sp.,Anacheirurus adserai
Parapilekia sp.,Eoharpes sp.
Parapilekia sp.,Nileus deynouxi
Parapilekia sp.,Villebrunaster fezouataensis
Parapilekia sp.,Palaeosphaeronites sp.
Parapilekia sp.,Palaeosphaeronites? prokopi
Parapilekia sp.,Aristocystites cf. bohemicus (sinuous?)
Parapilekia sp.,Balantiocystis regnelli
Parapilekia sp.,Rhopalocystis destombesi
Parapilekia sp.,Rhopalocystis fraga
Parapilekia sp.,Rhopalocystis grandis
Parapilekia sp.,Rhopalocystis havliceki
Parapilekia sp.,Rhopalocystis zagoraensis
Parapilekia sp.,Lingulocystis elongata
Parapilekia sp.,cf. Pareocrinus
Parapilekia sp.,Eocrinoidea indet. sp. 1
Parapilekia sp.,Eocrinoidea indet. sp. 2
Parapilekia sp.,Eocrinoidea indet.
Parapilekia sp.,Aethocrinus cf. moorei
Parapilekia sp.,Rhenopyrgid indet.
Parapilekia sp.,Amygdalotheca griffei
Parapilekia sp.,Anatifopsis trapeziiformis
Parapilekia sp.,Aspidocarpus sp.
Parapilekia sp.,Chauvelicystis ubaghsi
Parapilekia sp.,Chauvelicystis spinosa
Parapilekia sp.,Chauvelicystis vizcainoi
Parapilekia sp.,Chauvelicystis sp.
Parapilekia sp.,Sokkaejaecystis sp. 1
Parapilekia sp.,Sokkaejaecystis sp. 2
Parapilekia sp.,"Cornuta n. gen. 1, n. sp."
Parapilekia sp.,"Cornuta n. gen. 2, n. sp."
Parapilekia sp.,Flabellicarpus rushtoni
Parapilekia sp.,Galliaecystis n. sp.
Parapilekia sp.,Galliaecystis ubaghsi
Parapilekia sp.,Hanusia n. sp.
Parapilekia sp.,Lagynocystis pyramidalis
Parapilekia sp.,Nanocarpus cf. dolambii
Parapilekia sp.,Phyllocystis blayaci
Parapilekia sp.,Procothurnocystis n. sp.
Parapilekia sp.,Prokopicystis sp.
Parapilekia sp.,Bohemiaecystis n. sp.
Parapilekia sp.,Vizcainocarpus sp.
Parapilekia sp.,Peltocystis cornuta
Parapilekia sp.,Macrocystella bohemica
Parapilekia sp.,cf. Castericystis
Parapilekia sp.,Plasiacystis mobilis
Parapilekia sp.,Elegantilites sp.
Parapilekia sp.,Gamalites? sp.
Pileka sp.,Benthic detritus
Pileka sp.,Plectorthis simplex
Pileka sp.,Angusticardinia sp.
Pileka sp.,Wosekella sp.
Pileka sp.,Celdobolus sp.
Pileka sp.,Carcassonnella sp.
Pileka sp.,Wiwaxiid
Pileka sp.,Calvapilosa kroegeri
Pileka sp.,Palaeoscolex cf. tenensis
Pileka sp.,Furca sp. 1
Pileka sp.,Furca sp. 2
Pileka sp.,Furca sp. 3
Pileka sp.,Enosiaspis hrungnir
Pileka sp.,Setapedites abundantis
Pileka sp.,Tariccoia tazagurtensis
Pileka sp.,Cheloniellid
Pileka sp.,Apatokephalus cf. incisus
Pileka sp.,Orometopus sp.
Pileka sp.,Foulonia peregrina
Pileka sp.,Foulonia sp.
Pileka sp.,Toletanaspis aff. borni
Pileka sp.,Bavarilla zemmourensis
Pileka sp.,Bavarilla sp.
Pileka sp.,Colpocoryphe thorali
Pileka sp.,Colpocoryphe pradesensis
Pileka sp.,Pharostomina sp. 
Pileka sp.,Agerina quadrata
Pileka sp.,Geragnostus aff. occitanus
Pileka sp.,Geragnostus sp.
Pileka sp.,Beltella sp.
Pileka sp.,Ampyx priscus
Pileka sp.,Parabathycheilus gallicus
Pileka sp.,Eoharpes sp.
Pileka sp.,Nileus deynouxi
Pileka sp.,Palaeosphaeronites sp.
Pileka sp.,Palaeosphaeronites? prokopi
Pileka sp.,Aristocystites cf. bohemicus (sinuous?)
Pileka sp.,Balantiocystis regnelli
Pileka sp.,Rhopalocystis destombesi
Pileka sp.,Rhopalocystis fraga
Pileka sp.,Rhopalocystis grandis
Pileka sp.,Rhopalocystis havliceki
Pileka sp.,Rhopalocystis zagoraensis
Pileka sp.,Lingulocystis elongata
Pileka sp.,cf. Pareocrinus
Pileka sp.,Eocrinoidea indet. sp. 1
Pileka sp.,Eocrinoidea indet. sp. 2
Pileka sp.,Eocrinoidea indet.
Pileka sp.,Aethocrinus cf. moorei
Pileka sp.,Rhenopyrgid indet.
Pileka sp.,Amygdalotheca griffei
Pileka sp.,Anatifopsis trapeziiformis
Pileka sp.,Aspidocarpus sp.
Pileka sp.,Chauvelicystis ubaghsi
Pileka sp.,Chauvelicystis spinosa
Pileka sp.,Chauvelicystis vizcainoi
Pileka sp.,Chauvelicystis sp.
Pileka sp.,Sokkaejaecystis sp. 1
Pileka sp.,Sokkaejaecystis sp. 2
Pileka sp.,"Cornuta n. gen. 1, n. sp."
Pileka sp.,"Cornuta n. gen. 2, n. sp."
Pileka sp.,Flabellicarpus rushtoni
Pileka sp.,Galliaecystis n. sp.
Pileka sp.,Galliaecystis ubaghsi
Pileka sp.,Hanusia n. sp.
Pileka sp.,Lagynocystis pyramidalis
Pileka sp.,Nanocarpus cf. dolambii
Pileka sp.,Phyllocystis blayaci
Pileka sp.,Procothurnocystis n. sp.
Pileka sp.,Prokopicystis sp.
Pileka sp.,Bohemiaecystis n. sp.
Pileka sp.,Vizcainocarpus sp.
Pileka sp.,Peltocystis cornuta
Pileka sp.,Macrocystella bohemica
Pileka sp.,"""Didymograptus sp. 1"""
Pileka sp.,Didymograptid indet.
Pileka sp.,Koremagraptus sp.
Pileka sp.,Webbyites felix
Pileka sp.,Rhabdopleura-like epibiont
Pileka sp.,Gamalites? sp.
Toletanaspis aff. borni,Benthic detritus
Toletanaspis aff. borni,Plectorthis simplex
Toletanaspis aff. borni,Angusticardinia sp.
Toletanaspis aff. borni,Celdobolus sp.
Toletanaspis aff. borni,Carcassonnella sp.
Toletanaspis aff. borni,Wiwaxiid
Toletanaspis aff. borni,Enosiaspis hrungnir
Toletanaspis aff. borni,Setapedites abundantis
Toletanaspis aff. borni,Tariccoia tazagurtensis
Toletanaspis aff. borni,Parabathycheilus gallicus
Toletanaspis aff. borni,Palaeosphaeronites sp.
Toletanaspis aff. borni,Palaeosphaeronites? prokopi
Toletanaspis aff. borni,Aristocystites cf. bohemicus (sinuous?)
Toletanaspis aff. borni,Balantiocystis regnelli
Toletanaspis aff. borni,Rhopalocystis destombesi
Toletanaspis aff. borni,Rhopalocystis fraga
Toletanaspis aff. borni,Rhopalocystis grandis
Toletanaspis aff. borni,Rhopalocystis havliceki
Toletanaspis aff. borni,Rhopalocystis zagoraensis
Toletanaspis aff. borni,Lingulocystis elongata
Toletanaspis aff. borni,cf. Pareocrinus
Toletanaspis aff. borni,Eocrinoidea indet. sp. 1
Toletanaspis aff. borni,Eocrinoidea indet. sp. 2
Toletanaspis aff. borni,Eocrinoidea indet.
Toletanaspis aff. borni,Aethocrinus cf. moorei
Toletanaspis aff. borni,Rhenopyrgid indet.
Toletanaspis aff. borni,Amygdalotheca griffei
Toletanaspis aff. borni,Anatifopsis trapeziiformis
Toletanaspis aff. borni,Aspidocarpus sp.
Toletanaspis aff. borni,Chauvelicystis ubaghsi
Toletanaspis aff. borni,Chauvelicystis spinosa
Toletanaspis aff. borni,Chauvelicystis vizcainoi
Toletanaspis aff. borni,Chauvelicystis sp.
Toletanaspis aff. borni,Sokkaejaecystis sp. 1
Toletanaspis aff. borni,Sokkaejaecystis sp. 2
Toletanaspis aff. borni,"Cornuta n. gen. 1, n. sp."
Toletanaspis aff. borni,"Cornuta n. gen. 2, n. sp."
Toletanaspis aff. borni,Flabellicarpus rushtoni
Toletanaspis aff. borni,Galliaecystis n. sp.
Toletanaspis aff. borni,Galliaecystis ubaghsi
Toletanaspis aff. borni,Lagynocystis pyramidalis
Toletanaspis aff. borni,Nanocarpus cf. dolambii
Toletanaspis aff. borni,Phyllocystis blayaci
Toletanaspis aff. borni,Procothurnocystis n. sp.
Toletanaspis aff. borni,Prokopicystis sp.
Toletanaspis aff. borni,Vizcainocarpus sp.
Toletanaspis aff. borni,Peltocystis cornuta
Toletanaspis aff. borni,Macrocystella bohemica
Toletanaspis aff. borni,"""Didymograptus sp. 1"""
Toletanaspis aff. borni,Didymograptid indet.
Toletanaspis aff. borni,Koremagraptus sp.
Toletanaspis aff. borni,Webbyites felix
Toletanaspis aff. borni,Rhabdopleura-like epibiont
Bavarilla zemmourensis,Benthic detritus
Bavarilla zemmourensis,Plectorthis simplex
Bavarilla zemmourensis,Angusticardinia sp.
Bavarilla zemmourensis,Wosekella sp.
Bavarilla zemmourensis,Celdobolus sp.
Bavarilla zemmourensis,Carcassonnella sp.
Bavarilla zemmourensis,Wiwaxiid
Bavarilla zemmourensis,Enosiaspis hrungnir
Bavarilla zemmourensis,Setapedites abundantis
Bavarilla zemmourensis,Tariccoia tazagurtensis
Bavarilla zemmourensis,Orometopus sp.
Bavarilla zemmourensis,Agerina quadrata
Bavarilla zemmourensis,Geragnostus aff. occitanus
Bavarilla zemmourensis,Geragnostus sp.
Bavarilla zemmourensis,Ampyx priscus
Bavarilla zemmourensis,Parabathycheilus gallicus
Bavarilla zemmourensis,Nileus deynouxi
Bavarilla zemmourensis,Palaeosphaeronites sp.
Bavarilla zemmourensis,Palaeosphaeronites? prokopi
Bavarilla zemmourensis,Aristocystites cf. bohemicus (sinuous?)
Bavarilla zemmourensis,Balantiocystis regnelli
Bavarilla zemmourensis,Rhopalocystis destombesi
Bavarilla zemmourensis,Rhopalocystis fraga
Bavarilla zemmourensis,Rhopalocystis grandis
Bavarilla zemmourensis,Rhopalocystis havliceki
Bavarilla zemmourensis,Rhopalocystis zagoraensis
Bavarilla zemmourensis,Lingulocystis elongata
Bavarilla zemmourensis,cf. Pareocrinus
Bavarilla zemmourensis,Eocrinoidea indet. sp. 1
Bavarilla zemmourensis,Eocrinoidea indet. sp. 2
Bavarilla zemmourensis,Eocrinoidea indet.
Bavarilla zemmourensis,Aethocrinus cf. moorei
Bavarilla zemmourensis,Rhenopyrgid indet.
Bavarilla zemmourensis,Amygdalotheca griffei
Bavarilla zemmourensis,Anatifopsis trapeziiformis
Bavarilla zemmourensis,Aspidocarpus sp.
Bavarilla zemmourensis,Chauvelicystis ubaghsi
Bavarilla zemmourensis,Chauvelicystis spinosa
Bavarilla zemmourensis,Chauvelicystis vizcainoi
Bavarilla zemmourensis,Chauvelicystis sp.
Bavarilla zemmourensis,Sokkaejaecystis sp. 1
Bavarilla zemmourensis,Sokkaejaecystis sp. 2
Bavarilla zemmourensis,"Cornuta n. gen. 1, n. sp."
Bavarilla zemmourensis,"Cornuta n. gen. 2, n. sp."
Bavarilla zemmourensis,Flabellicarpus rushtoni
Bavarilla zemmourensis,Galliaecystis n. sp.
Bavarilla zemmourensis,Galliaecystis ubaghsi
Bavarilla zemmourensis,Lagynocystis pyramidalis
Bavarilla zemmourensis,Nanocarpus cf. dolambii
Bavarilla zemmourensis,Phyllocystis blayaci
Bavarilla zemmourensis,Procothurnocystis n. sp.
Bavarilla zemmourensis,Prokopicystis sp.
Bavarilla zemmourensis,Vizcainocarpus sp.
Bavarilla zemmourensis,Peltocystis cornuta
Bavarilla zemmourensis,Macrocystella bohemica
Bavarilla zemmourensis,"""Didymograptus sp. 1"""
Bavarilla zemmourensis,Didymograptid indet.
Bavarilla zemmourensis,Koremagraptus sp.
Bavarilla zemmourensis,Webbyites felix
Bavarilla zemmourensis,Rhabdopleura-like epibiont
Bavarilla sp.,Benthic detritus
Bavarilla sp.,Plectorthis simplex
Bavarilla sp.,Angusticardinia sp.
Bavarilla sp.,Wosekella sp.
Bavarilla sp.,Celdobolus sp.
Bavarilla sp.,Carcassonnella sp.
Bavarilla sp.,Wiwaxiid
Bavarilla sp.,Enosiaspis hrungnir
Bavarilla sp.,Setapedites abundantis
Bavarilla sp.,Tariccoia tazagurtensis
Bavarilla sp.,Orometopus sp.
Bavarilla sp.,Agerina quadrata
Bavarilla sp.,Geragnostus aff. occitanus
Bavarilla sp.,Geragnostus sp.
Bavarilla sp.,Ampyx priscus
Bavarilla sp.,Parabathycheilus gallicus
Bavarilla sp.,Nileus deynouxi
Bavarilla sp.,Palaeosphaeronites sp.
Bavarilla sp.,Palaeosphaeronites? prokopi
Bavarilla sp.,Aristocystites cf. bohemicus (sinuous?)
Bavarilla sp.,Balantiocystis regnelli
Bavarilla sp.,Rhopalocystis destombesi
Bavarilla sp.,Rhopalocystis fraga
Bavarilla sp.,Rhopalocystis grandis
Bavarilla sp.,Rhopalocystis havliceki
Bavarilla sp.,Rhopalocystis zagoraensis
Bavarilla sp.,Lingulocystis elongata
Bavarilla sp.,cf. Pareocrinus
Bavarilla sp.,Eocrinoidea indet. sp. 1
Bavarilla sp.,Eocrinoidea indet. sp. 2
Bavarilla sp.,Eocrinoidea indet.
Bavarilla sp.,Aethocrinus cf. moorei
Bavarilla sp.,Rhenopyrgid indet.
Bavarilla sp.,Amygdalotheca griffei
Bavarilla sp.,Anatifopsis trapeziiformis
Bavarilla sp.,Aspidocarpus sp.
Bavarilla sp.,Chauvelicystis ubaghsi
Bavarilla sp.,Chauvelicystis spinosa
Bavarilla sp.,Chauvelicystis vizcainoi
Bavarilla sp.,Chauvelicystis sp.
Bavarilla sp.,Sokkaejaecystis sp. 1
Bavarilla sp.,Sokkaejaecystis sp. 2
Bavarilla sp.,"Cornuta n. gen. 1, n. sp."
Bavarilla sp.,"Cornuta n. gen. 2, n. sp."
Bavarilla sp.,Flabellicarpus rushtoni
Bavarilla sp.,Galliaecystis n. sp.
Bavarilla sp.,Galliaecystis ubaghsi
Bavarilla sp.,Lagynocystis pyramidalis
Bavarilla sp.,Nanocarpus cf. dolambii
Bavarilla sp.,Phyllocystis blayaci
Bavarilla sp.,Procothurnocystis n. sp.
Bavarilla sp.,Prokopicystis sp.
Bavarilla sp.,Vizcainocarpus sp.
Bavarilla sp.,Peltocystis cornuta
Bavarilla sp.,Macrocystella bohemica
Bavarilla sp.,"""Didymograptus sp. 1"""
Bavarilla sp.,Didymograptid indet.
Bavarilla sp.,Koremagraptus sp.
Bavarilla sp.,Webbyites felix
Bavarilla sp.,Rhabdopleura-like epibiont
Colpocoryphe thorali,Benthic detritus
Colpocoryphe thorali,Plectorthis simplex
Colpocoryphe thorali,Angusticardinia sp.
Colpocoryphe thorali,Celdobolus sp.
Colpocoryphe thorali,Carcassonnella sp.
Colpocoryphe thorali,Wiwaxiid
Colpocoryphe thorali,Enosiaspis hrungnir
Colpocoryphe thorali,Setapedites abundantis
Colpocoryphe thorali,Tariccoia tazagurtensis
Colpocoryphe thorali,Parabathycheilus gallicus
Colpocoryphe thorali,Palaeosphaeronites sp.
Colpocoryphe thorali,Palaeosphaeronites? prokopi
Colpocoryphe thorali,Aristocystites cf. bohemicus (sinuous?)
Colpocoryphe thorali,Balantiocystis regnelli
Colpocoryphe thorali,Rhopalocystis destombesi
Colpocoryphe thorali,Rhopalocystis fraga
Colpocoryphe thorali,Rhopalocystis grandis
Colpocoryphe thorali,Rhopalocystis havliceki
Colpocoryphe thorali,Rhopalocystis zagoraensis
Colpocoryphe thorali,Lingulocystis elongata
Colpocoryphe thorali,cf. Pareocrinus
Colpocoryphe thorali,Eocrinoidea indet. sp. 1
Colpocoryphe thorali,Eocrinoidea indet. sp. 2
Colpocoryphe thorali,Eocrinoidea indet.
Colpocoryphe thorali,Aethocrinus cf. moorei
Colpocoryphe thorali,Rhenopyrgid indet.
Colpocoryphe thorali,Amygdalotheca griffei
Colpocoryphe thorali,Anatifopsis trapeziiformis
Colpocoryphe thorali,Aspidocarpus sp.
Colpocoryphe thorali,Chauvelicystis ubaghsi
Colpocoryphe thorali,Chauvelicystis spinosa
Colpocoryphe thorali,Chauvelicystis vizcainoi
Colpocoryphe thorali,Chauvelicystis sp.
Colpocoryphe thorali,Sokkaejaecystis sp. 1
Colpocoryphe thorali,Sokkaejaecystis sp. 2
Colpocoryphe thorali,"Cornuta n. gen. 1, n. sp."
Colpocoryphe thorali,"Cornuta n. gen. 2, n. sp."
Colpocoryphe thorali,Flabellicarpus rushtoni
Colpocoryphe thorali,Galliaecystis n. sp.
Colpocoryphe thorali,Galliaecystis ubaghsi
Colpocoryphe thorali,Lagynocystis pyramidalis
Colpocoryphe thorali,Nanocarpus cf. dolambii
Colpocoryphe thorali,Phyllocystis blayaci
Colpocoryphe thorali,Procothurnocystis n. sp.
Colpocoryphe thorali,Prokopicystis sp.
Colpocoryphe thorali,Vizcainocarpus sp.
Colpocoryphe thorali,Peltocystis cornuta
Colpocoryphe thorali,Macrocystella bohemica
Colpocoryphe thorali,"""Didymograptus sp. 1"""
Colpocoryphe thorali,Didymograptid indet.
Colpocoryphe thorali,Koremagraptus sp.
Colpocoryphe thorali,Webbyites felix
Colpocoryphe thorali,Rhabdopleura-like epibiont
Colpocoryphe pradesensis,Benthic detritus
Colpocoryphe pradesensis,Plectorthis simplex
Colpocoryphe pradesensis,Angusticardinia sp.
Colpocoryphe pradesensis,Celdobolus sp.
Colpocoryphe pradesensis,Carcassonnella sp.
Colpocoryphe pradesensis,Wiwaxiid
Colpocoryphe pradesensis,Enosiaspis hrungnir
Colpocoryphe pradesensis,Setapedites abundantis
Colpocoryphe pradesensis,Tariccoia tazagurtensis
Colpocoryphe pradesensis,Parabathycheilus gallicus
Colpocoryphe pradesensis,Palaeosphaeronites sp.
Colpocoryphe pradesensis,Palaeosphaeronites? prokopi
Colpocoryphe pradesensis,Aristocystites cf. bohemicus (sinuous?)
Colpocoryphe pradesensis,Balantiocystis regnelli
Colpocoryphe pradesensis,Rhopalocystis destombesi
Colpocoryphe pradesensis,Rhopalocystis fraga
Colpocoryphe pradesensis,Rhopalocystis grandis
Colpocoryphe pradesensis,Rhopalocystis havliceki
Colpocoryphe pradesensis,Rhopalocystis zagoraensis
Colpocoryphe pradesensis,Lingulocystis elongata
Colpocoryphe pradesensis,cf. Pareocrinus
Colpocoryphe pradesensis,Eocrinoidea indet. sp. 1
Colpocoryphe pradesensis,Eocrinoidea indet. sp. 2
Colpocoryphe pradesensis,Eocrinoidea indet.
Colpocoryphe pradesensis,Aethocrinus cf. moorei
Colpocoryphe pradesensis,Rhenopyrgid indet.
Colpocoryphe pradesensis,Amygdalotheca griffei
Colpocoryphe pradesensis,Anatifopsis trapeziiformis
Colpocoryphe pradesensis,Aspidocarpus sp.
Colpocoryphe pradesensis,Chauvelicystis ubaghsi
Colpocoryphe pradesensis,Chauvelicystis spinosa
Colpocoryphe pradesensis,Chauvelicystis vizcainoi
Colpocoryphe pradesensis,Chauvelicystis sp.
Colpocoryphe pradesensis,Sokkaejaecystis sp. 1
Colpocoryphe pradesensis,Sokkaejaecystis sp. 2
Colpocoryphe pradesensis,"Cornuta n. gen. 1, n. sp."
Colpocoryphe pradesensis,"Cornuta n. gen. 2, n. sp."
Colpocoryphe pradesensis,Flabellicarpus rushtoni
Colpocoryphe pradesensis,Galliaecystis n. sp.
Colpocoryphe pradesensis,Galliaecystis ubaghsi
Colpocoryphe pradesensis,Lagynocystis pyramidalis
Colpocoryphe pradesensis,Nanocarpus cf. dolambii
Colpocoryphe pradesensis,Phyllocystis blayaci
Colpocoryphe pradesensis,Procothurnocystis n. sp.
Colpocoryphe pradesensis,Prokopicystis sp.
Colpocoryphe pradesensis,Vizcainocarpus sp.
Colpocoryphe pradesensis,Peltocystis cornuta
Colpocoryphe pradesensis,Macrocystella bohemica
Colpocoryphe pradesensis,"""Didymograptus sp. 1"""
Colpocoryphe pradesensis,Didymograptid indet.
Colpocoryphe pradesensis,Koremagraptus sp.
Colpocoryphe pradesensis,Webbyites felix
Colpocoryphe pradesensis,Rhabdopleura-like epibiont
Colpocoryphe sp.,Benthic detritus
Colpocoryphe sp.,Plectorthis simplex
Colpocoryphe sp.,Angusticardinia sp.
Colpocoryphe sp.,Wosekella sp.
Colpocoryphe sp.,Celdobolus sp.
Colpocoryphe sp.,Carcassonnella sp.
Colpocoryphe sp.,Wiwaxiid
Colpocoryphe sp.,Furca sp. 1
Colpocoryphe sp.,Furca sp. 2
Colpocoryphe sp.,Furca sp. 3
Colpocoryphe sp.,Enosiaspis hrungnir
Colpocoryphe sp.,Setapedites abundantis
Colpocoryphe sp.,Tariccoia tazagurtensis
Colpocoryphe sp.,Cheloniellid
Colpocoryphe sp.,Apatokephalus cf. incisus
Colpocoryphe sp.,Orometopus sp.
Colpocoryphe sp.,Toletanaspis aff. borni
Colpocoryphe sp.,Colpocoryphe thorali
Colpocoryphe sp.,Agerina quadrata
Colpocoryphe sp.,Geragnostus aff. occitanus
Colpocoryphe sp.,Geragnostus sp.
Colpocoryphe sp.,Ampyx priscus
Colpocoryphe sp.,Parabathycheilus gallicus
Colpocoryphe sp.,Nileus deynouxi
Colpocoryphe sp.,Palaeosphaeronites sp.
Colpocoryphe sp.,Palaeosphaeronites? prokopi
Colpocoryphe sp.,Aristocystites cf. bohemicus (sinuous?)
Colpocoryphe sp.,Balantiocystis regnelli
Colpocoryphe sp.,Rhopalocystis destombesi
Colpocoryphe sp.,Rhopalocystis fraga
Colpocoryphe sp.,Rhopalocystis grandis
Colpocoryphe sp.,Rhopalocystis havliceki
Colpocoryphe sp.,Rhopalocystis zagoraensis
Colpocoryphe sp.,Lingulocystis elongata
Colpocoryphe sp.,cf. Pareocrinus
Colpocoryphe sp.,Eocrinoidea indet. sp. 1
Colpocoryphe sp.,Eocrinoidea indet. sp. 2
Colpocoryphe sp.,Eocrinoidea indet.
Colpocoryphe sp.,Aethocrinus cf. moorei
Colpocoryphe sp.,Rhenopyrgid indet.
Colpocoryphe sp.,Amygdalotheca griffei
Colpocoryphe sp.,Anatifopsis trapeziiformis
Colpocoryphe sp.,Aspidocarpus sp.
Colpocoryphe sp.,Chauvelicystis ubaghsi
Colpocoryphe sp.,Chauvelicystis spinosa
Colpocoryphe sp.,Chauvelicystis vizcainoi
Colpocoryphe sp.,Chauvelicystis sp.
Colpocoryphe sp.,Sokkaejaecystis sp. 1
Colpocoryphe sp.,Sokkaejaecystis sp. 2
Colpocoryphe sp.,"Cornuta n. gen. 1, n. sp."
Colpocoryphe sp.,"Cornuta n. gen. 2, n. sp."
Colpocoryphe sp.,Flabellicarpus rushtoni
Colpocoryphe sp.,Galliaecystis n. sp.
Colpocoryphe sp.,Galliaecystis ubaghsi
Colpocoryphe sp.,Hanusia n. sp.
Colpocoryphe sp.,Lagynocystis pyramidalis
Colpocoryphe sp.,Nanocarpus cf. dolambii
Colpocoryphe sp.,Phyllocystis blayaci
Colpocoryphe sp.,Procothurnocystis n. sp.
Colpocoryphe sp.,Prokopicystis sp.
Colpocoryphe sp.,Bohemiaecystis n. sp.
Colpocoryphe sp.,Vizcainocarpus sp.
Colpocoryphe sp.,Peltocystis cornuta
Colpocoryphe sp.,Macrocystella bohemica
Colpocoryphe sp.,"""Didymograptus sp. 1"""
Colpocoryphe sp.,Didymograptid indet.
Colpocoryphe sp.,Koremagraptus sp.
Colpocoryphe sp.,Webbyites felix
Colpocoryphe sp.,Rhabdopleura-like epibiont
Pharostomina sp. ,Benthic detritus
Pharostomina sp. ,Plectorthis simplex
Pharostomina sp. ,Angusticardinia sp.
Pharostomina sp. ,Celdobolus sp.
Pharostomina sp. ,Carcassonnella sp.
Pharostomina sp. ,Wiwaxiid
Pharostomina sp. ,Enosiaspis hrungnir
Pharostomina sp. ,Setapedites abundantis
Pharostomina sp. ,Tariccoia tazagurtensis
Pharostomina sp. ,Parabathycheilus gallicus
Pharostomina sp. ,Palaeosphaeronites sp.
Pharostomina sp. ,Palaeosphaeronites? prokopi
Pharostomina sp. ,Aristocystites cf. bohemicus (sinuous?)
Pharostomina sp. ,Balantiocystis regnelli
Pharostomina sp. ,Rhopalocystis destombesi
Pharostomina sp. ,Rhopalocystis fraga
Pharostomina sp. ,Rhopalocystis grandis
Pharostomina sp. ,Rhopalocystis havliceki
Pharostomina sp. ,Rhopalocystis zagoraensis
Pharostomina sp. ,Lingulocystis elongata
Pharostomina sp. ,cf. Pareocrinus
Pharostomina sp. ,Eocrinoidea indet. sp. 1
Pharostomina sp. ,Eocrinoidea indet. sp. 2
Pharostomina sp. ,Eocrinoidea indet.
Pharostomina sp. ,Aethocrinus cf. moorei
Pharostomina sp. ,Rhenopyrgid indet.
Pharostomina sp. ,Amygdalotheca griffei
Pharostomina sp. ,Anatifopsis trapeziiformis
Pharostomina sp. ,Aspidocarpus sp.
Pharostomina sp. ,Chauvelicystis ubaghsi
Pharostomina sp. ,Chauvelicystis spinosa
Pharostomina sp. ,Chauvelicystis vizcainoi
Pharostomina sp. ,Chauvelicystis sp.
Pharostomina sp. ,Sokkaejaecystis sp. 1
Pharostomina sp. ,Sokkaejaecystis sp. 2
Pharostomina sp. ,"Cornuta n. gen. 1, n. sp."
Pharostomina sp. ,"Cornuta n. gen. 2, n. sp."
Pharostomina sp. ,Flabellicarpus rushtoni
Pharostomina sp. ,Galliaecystis n. sp.
Pharostomina sp. ,Galliaecystis ubaghsi
Pharostomina sp. ,Lagynocystis pyramidalis
Pharostomina sp. ,Nanocarpus cf. dolambii
Pharostomina sp. ,Phyllocystis blayaci
Pharostomina sp. ,Procothurnocystis n. sp.
Pharostomina sp. ,Prokopicystis sp.
Pharostomina sp. ,Vizcainocarpus sp.
Pharostomina sp. ,Peltocystis cornuta
Pharostomina sp. ,Macrocystella bohemica
Pharostomina sp. ,"""Didymograptus sp. 1"""
Pharostomina sp. ,Didymograptid indet.
Pharostomina sp. ,Koremagraptus sp.
Pharostomina sp. ,Webbyites felix
Pharostomina sp. ,Rhabdopleura-like epibiont
Prionocheilus sp.,Benthic detritus
Prionocheilus sp.,Plectorthis simplex
Prionocheilus sp.,Angusticardinia sp.
Prionocheilus sp.,Wosekella sp.
Prionocheilus sp.,Celdobolus sp.
Prionocheilus sp.,Carcassonnella sp.
Prionocheilus sp.,Wiwaxiid
Prionocheilus sp.,Furca sp. 1
Prionocheilus sp.,Furca sp. 2
Prionocheilus sp.,Furca sp. 3
Prionocheilus sp.,Enosiaspis hrungnir
Prionocheilus sp.,Setapedites abundantis
Prionocheilus sp.,Tariccoia tazagurtensis
Prionocheilus sp.,Cheloniellid
Prionocheilus sp.,Apatokephalus cf. incisus
Prionocheilus sp.,Orometopus sp.
Prionocheilus sp.,Toletanaspis aff. borni
Prionocheilus sp.,Colpocoryphe thorali
Prionocheilus sp.,Agerina quadrata
Prionocheilus sp.,Geragnostus aff. occitanus
Prionocheilus sp.,Geragnostus sp.
Prionocheilus sp.,Ampyx priscus
Prionocheilus sp.,Parabathycheilus gallicus
Prionocheilus sp.,Nileus deynouxi
Prionocheilus sp.,Palaeosphaeronites sp.
Prionocheilus sp.,Palaeosphaeronites? prokopi
Prionocheilus sp.,Aristocystites cf. bohemicus (sinuous?)
Prionocheilus sp.,Balantiocystis regnelli
Prionocheilus sp.,Rhopalocystis destombesi
Prionocheilus sp.,Rhopalocystis fraga
Prionocheilus sp.,Rhopalocystis grandis
Prionocheilus sp.,Rhopalocystis havliceki
Prionocheilus sp.,Rhopalocystis zagoraensis
Prionocheilus sp.,Lingulocystis elongata
Prionocheilus sp.,cf. Pareocrinus
Prionocheilus sp.,Eocrinoidea indet. sp. 1
Prionocheilus sp.,Eocrinoidea indet. sp. 2
Prionocheilus sp.,Eocrinoidea indet.
Prionocheilus sp.,Aethocrinus cf. moorei
Prionocheilus sp.,Rhenopyrgid indet.
Prionocheilus sp.,Amygdalotheca griffei
Prionocheilus sp.,Anatifopsis trapeziiformis
Prionocheilus sp.,Aspidocarpus sp.
Prionocheilus sp.,Chauvelicystis ubaghsi
Prionocheilus sp.,Chauvelicystis spinosa
Prionocheilus sp.,Chauvelicystis vizcainoi
Prionocheilus sp.,Chauvelicystis sp.
Prionocheilus sp.,Sokkaejaecystis sp. 1
Prionocheilus sp.,Sokkaejaecystis sp. 2
Prionocheilus sp.,"Cornuta n. gen. 1, n. sp."
Prionocheilus sp.,"Cornuta n. gen. 2, n. sp."
Prionocheilus sp.,Flabellicarpus rushtoni
Prionocheilus sp.,Galliaecystis n. sp.
Prionocheilus sp.,Galliaecystis ubaghsi
Prionocheilus sp.,Hanusia n. sp.
Prionocheilus sp.,Lagynocystis pyramidalis
Prionocheilus sp.,Nanocarpus cf. dolambii
Prionocheilus sp.,Phyllocystis blayaci
Prionocheilus sp.,Procothurnocystis n. sp.
Prionocheilus sp.,Prokopicystis sp.
Prionocheilus sp.,Bohemiaecystis n. sp.
Prionocheilus sp.,Vizcainocarpus sp.
Prionocheilus sp.,Peltocystis cornuta
Prionocheilus sp.,Macrocystella bohemica
Prionocheilus sp.,"""Didymograptus sp. 1"""
Prionocheilus sp.,Didymograptid indet.
Prionocheilus sp.,Koremagraptus sp.
Prionocheilus sp.,Webbyites felix
Prionocheilus sp.,Rhabdopleura-like epibiont
Agerina quadrata,Benthic detritus
Agerina quadrata,Plectorthis simplex
Agerina quadrata,Angusticardinia sp.
Agerina quadrata,Celdobolus sp.
Agerina quadrata,Carcassonnella sp.
Agerina quadrata,Wiwaxiid
Agerina quadrata,Setapedites abundantis
Agerina quadrata,Balantiocystis regnelli
Agerina quadrata,Rhopalocystis destombesi
Agerina quadrata,Rhopalocystis fraga
Agerina quadrata,Rhopalocystis grandis
Agerina quadrata,Rhopalocystis havliceki
Agerina quadrata,Rhopalocystis zagoraensis
Agerina quadrata,Lingulocystis elongata
Agerina quadrata,cf. Pareocrinus
Agerina quadrata,Eocrinoidea indet. sp. 1
Agerina quadrata,Eocrinoidea indet. sp. 2
Agerina quadrata,Eocrinoidea indet.
Agerina quadrata,Aethocrinus cf. moorei
Agerina quadrata,Chauvelicystis ubaghsi
Agerina quadrata,Chauvelicystis spinosa
Agerina quadrata,Chauvelicystis vizcainoi
Agerina quadrata,Chauvelicystis sp.
Agerina quadrata,Sokkaejaecystis sp. 1
Agerina quadrata,Sokkaejaecystis sp. 2
Agerina quadrata,Peltocystis cornuta
Agerina quadrata,"""Didymograptus sp. 1"""
Agerina quadrata,Didymograptid indet.
Agerina quadrata,Koremagraptus sp.
Agerina quadrata,Webbyites felix
Agerina quadrata,Rhabdopleura-like epibiont
Euloma sp.,suspended organic matter
Euloma sp.,Benthic detritus
Geragnostus aff. occitanus,bacterioplankton
Geragnostus aff. occitanus,Benthic detritus
Geragnostus aff. occitanus,Alga type 1
Geragnostus aff. occitanus,"""Didymograptus sp. 1"""
Geragnostus aff. occitanus,Didymograptid indet.
Geragnostus aff. occitanus,Koremagraptus sp.
Geragnostus aff. occitanus,Webbyites felix
Geragnostus aff. occitanus,Rhabdopleura-like epibiont
Geragnostus sp.,bacterioplankton
Geragnostus sp.,Benthic detritus
Geragnostus sp.,Alga type 1
Geragnostus sp.,"""Didymograptus sp. 1"""
Geragnostus sp.,Didymograptid indet.
Geragnostus sp.,Koremagraptus sp.
Geragnostus sp.,Webbyites felix
Geragnostus sp.,Rhabdopleura-like epibiont
Beltella sp.,Benthic detritus
Beltella sp.,Plectorthis simplex
Beltella sp.,Angusticardinia sp.
Beltella sp.,Celdobolus sp.
Beltella sp.,Carcassonnella sp.
Beltella sp.,Wiwaxiid
Beltella sp.,Enosiaspis hrungnir
Beltella sp.,Setapedites abundantis
Beltella sp.,Tariccoia tazagurtensis
Beltella sp.,Parabathycheilus gallicus
Beltella sp.,Palaeosphaeronites sp.
Beltella sp.,Palaeosphaeronites? prokopi
Beltella sp.,Aristocystites cf. bohemicus (sinuous?)
Beltella sp.,Balantiocystis regnelli
Beltella sp.,Rhopalocystis destombesi
Beltella sp.,Rhopalocystis fraga
Beltella sp.,Rhopalocystis grandis
Beltella sp.,Rhopalocystis havliceki
Beltella sp.,Rhopalocystis zagoraensis
Beltella sp.,Lingulocystis elongata
Beltella sp.,cf. Pareocrinus
Beltella sp.,Eocrinoidea indet. sp. 1
Beltella sp.,Eocrinoidea indet. sp. 2
Beltella sp.,Eocrinoidea indet.
Beltella sp.,Aethocrinus cf. moorei
Beltella sp.,Rhenopyrgid indet.
Beltella sp.,Amygdalotheca griffei
Beltella sp.,Anatifopsis trapeziiformis
Beltella sp.,Aspidocarpus sp.
Beltella sp.,Chauvelicystis ubaghsi
Beltella sp.,Chauvelicystis spinosa
Beltella sp.,Chauvelicystis vizcainoi
Beltella sp.,Chauvelicystis sp.
Beltella sp.,Sokkaejaecystis sp. 1
Beltella sp.,Sokkaejaecystis sp. 2
Beltella sp.,"Cornuta n. gen. 1, n. sp."
Beltella sp.,"Cornuta n. gen. 2, n. sp."
Beltella sp.,Flabellicarpus rushtoni
Beltella sp.,Galliaecystis n. sp.
Beltella sp.,Galliaecystis ubaghsi
Beltella sp.,Lagynocystis pyramidalis
Beltella sp.,Nanocarpus cf. dolambii
Beltella sp.,Phyllocystis blayaci
Beltella sp.,Procothurnocystis n. sp.
Beltella sp.,Prokopicystis sp.
Beltella sp.,Vizcainocarpus sp.
Beltella sp.,Peltocystis cornuta
Beltella sp.,Macrocystella bohemica
Beltella sp.,"""Didymograptus sp. 1"""
Beltella sp.,Didymograptid indet.
Beltella sp.,Koremagraptus sp.
Beltella sp.,Webbyites felix
Beltella sp.,Rhabdopleura-like epibiont
Ampyx priscus,suspended organic matter
Ampyx priscus,Benthic detritus
Megistaspis (Ekeraspis) cf. filacovi,Benthic detritus
Megistaspis (Ekeraspis) sp. indet.,Benthic detritus
Megistaspis (Ekeraspis) hammondi,Benthic detritus
Neseuretus cf. attenuatus,Benthic detritus
Neseuretus cf. attenuatus,Plectorthis simplex
Neseuretus cf. attenuatus,Angusticardinia sp.
Neseuretus cf. attenuatus,Wosekella sp.
Neseuretus cf. attenuatus,Celdobolus sp.
Neseuretus cf. attenuatus,Carcassonnella sp.
Neseuretus cf. attenuatus,Wiwaxiid
Neseuretus cf. attenuatus,Calvapilosa kroegeri
Neseuretus cf. attenuatus,Palaeoscolex cf. tenensis
Neseuretus cf. attenuatus,Furca sp. 1
Neseuretus cf. attenuatus,Furca sp. 2
Neseuretus cf. attenuatus,Furca sp. 3
Neseuretus cf. attenuatus,Enosiaspis hrungnir
Neseuretus cf. attenuatus,Setapedites abundantis
Neseuretus cf. attenuatus,Tariccoia tazagurtensis
Neseuretus cf. attenuatus,Cheloniellid
Neseuretus cf. attenuatus,Apatokephalus cf. incisus
Neseuretus cf. attenuatus,Orometopus sp.
Neseuretus cf. attenuatus,Foulonia peregrina
Neseuretus cf. attenuatus,Foulonia sp.
Neseuretus cf. attenuatus,Toletanaspis aff. borni
Neseuretus cf. attenuatus,Bavarilla zemmourensis
Neseuretus cf. attenuatus,Colpocoryphe thorali
Neseuretus cf. attenuatus,Colpocoryphe pradesensis
Neseuretus cf. attenuatus,Pharostomina sp. 
Neseuretus cf. attenuatus,Agerina quadrata
Neseuretus cf. attenuatus,Geragnostus aff. occitanus
Neseuretus cf. attenuatus,Geragnostus sp.
Neseuretus cf. attenuatus,Beltella sp.
Neseuretus cf. attenuatus,Ampyx priscus
Neseuretus cf. attenuatus,Parabathycheilus gallicus
Neseuretus cf. attenuatus,Eoharpes sp.
Neseuretus cf. attenuatus,Nileus deynouxi
Neseuretus cf. attenuatus,Palaeosphaeronites sp.
Neseuretus cf. attenuatus,Palaeosphaeronites? prokopi
Neseuretus cf. attenuatus,Aristocystites cf. bohemicus (sinuous?)
Neseuretus cf. attenuatus,Balantiocystis regnelli
Neseuretus cf. attenuatus,Rhopalocystis destombesi
Neseuretus cf. attenuatus,Rhopalocystis fraga
Neseuretus cf. attenuatus,Rhopalocystis grandis
Neseuretus cf. attenuatus,Rhopalocystis havliceki
Neseuretus cf. attenuatus,Rhopalocystis zagoraensis
Neseuretus cf. attenuatus,Lingulocystis elongata
Neseuretus cf. attenuatus,cf. Pareocrinus
Neseuretus cf. attenuatus,Eocrinoidea indet. sp. 1
Neseuretus cf. attenuatus,Eocrinoidea indet. sp. 2
Neseuretus cf. attenuatus,Eocrinoidea indet.
Neseuretus cf. attenuatus,Aethocrinus cf. moorei
Neseuretus cf. attenuatus,Rhenopyrgid indet.
Neseuretus cf. attenuatus,Amygdalotheca griffei
Neseuretus cf. attenuatus,Anatifopsis trapeziiformis
Neseuretus cf. attenuatus,Aspidocarpus sp.
Neseuretus cf. attenuatus,Chauvelicystis ubaghsi
Neseuretus cf. attenuatus,Chauvelicystis spinosa
Neseuretus cf. attenuatus,Chauvelicystis vizcainoi
Neseuretus cf. attenuatus,Chauvelicystis sp.
Neseuretus cf. attenuatus,Sokkaejaecystis sp. 1
Neseuretus cf. attenuatus,Sokkaejaecystis sp. 2
Neseuretus cf. attenuatus,"Cornuta n. gen. 1, n. sp."
Neseuretus cf. attenuatus,"Cornuta n. gen. 2, n. sp."
Neseuretus cf. attenuatus,Flabellicarpus rushtoni
Neseuretus cf. attenuatus,Galliaecystis n. sp.
Neseuretus cf. attenuatus,Galliaecystis ubaghsi
Neseuretus cf. attenuatus,Hanusia n. sp.
Neseuretus cf. attenuatus,Lagynocystis pyramidalis
Neseuretus cf. attenuatus,Nanocarpus cf. dolambii
Neseuretus cf. attenuatus,Phyllocystis blayaci
Neseuretus cf. attenuatus,Procothurnocystis n. sp.
Neseuretus cf. attenuatus,Prokopicystis sp.
Neseuretus cf. attenuatus,Bohemiaecystis n. sp.
Neseuretus cf. attenuatus,Vizcainocarpus sp.
Neseuretus cf. attenuatus,Peltocystis cornuta
Neseuretus cf. attenuatus,Macrocystella bohemica
Neseuretus cf. attenuatus,"""Didymograptus sp. 1"""
Neseuretus cf. attenuatus,Didymograptid indet.
Neseuretus cf. attenuatus,Koremagraptus sp.
Neseuretus cf. attenuatus,Webbyites felix
Neseuretus cf. attenuatus,Rhabdopleura-like epibiont
Parabathycheilus gallicus,Benthic detritus
Anacheirurus adserai,Benthic detritus
Anacheirurus adserai,Plectorthis simplex
Anacheirurus adserai,Angusticardinia sp.
Anacheirurus adserai,Wosekella sp.
Anacheirurus adserai,Celdobolus sp.
Anacheirurus adserai,Carcassonnella sp.
Anacheirurus adserai,Wiwaxiid
Anacheirurus adserai,Enosiaspis hrungnir
Anacheirurus adserai,Setapedites abundantis
Anacheirurus adserai,Tariccoia tazagurtensis
Anacheirurus adserai,Orometopus sp.
Anacheirurus adserai,Agerina quadrata
Anacheirurus adserai,Geragnostus aff. occitanus
Anacheirurus adserai,Geragnostus sp.
Anacheirurus adserai,Ampyx priscus
Anacheirurus adserai,Parabathycheilus gallicus
Anacheirurus adserai,Nileus deynouxi
Anacheirurus adserai,Palaeosphaeronites sp.
Anacheirurus adserai,Palaeosphaeronites? prokopi
Anacheirurus adserai,Aristocystites cf. bohemicus (sinuous?)
Anacheirurus adserai,Balantiocystis regnelli
Anacheirurus adserai,Rhopalocystis destombesi
Anacheirurus adserai,Rhopalocystis fraga
Anacheirurus adserai,Rhopalocystis grandis
Anacheirurus adserai,Rhopalocystis havliceki
Anacheirurus adserai,Rhopalocystis zagoraensis
Anacheirurus adserai,Lingulocystis elongata
Anacheirurus adserai,cf. Pareocrinus
Anacheirurus adserai,Eocrinoidea indet. sp. 1
Anacheirurus adserai,Eocrinoidea indet. sp. 2
Anacheirurus adserai,Eocrinoidea indet.
Anacheirurus adserai,Aethocrinus cf. moorei
Anacheirurus adserai,Rhenopyrgid indet.
Anacheirurus adserai,Amygdalotheca griffei
Anacheirurus adserai,Anatifopsis trapeziiformis
Anacheirurus adserai,Aspidocarpus sp.
Anacheirurus adserai,Chauvelicystis ubaghsi
Anacheirurus adserai,Chauvelicystis spinosa
Anacheirurus adserai,Chauvelicystis vizcainoi
Anacheirurus adserai,Chauvelicystis sp.
Anacheirurus adserai,Sokkaejaecystis sp. 1
Anacheirurus adserai,Sokkaejaecystis sp. 2
Anacheirurus adserai,"Cornuta n. gen. 1, n. sp."
Anacheirurus adserai,"Cornuta n. gen. 2, n. sp."
Anacheirurus adserai,Flabellicarpus rushtoni
Anacheirurus adserai,Galliaecystis n. sp.
Anacheirurus adserai,Galliaecystis ubaghsi
Anacheirurus adserai,Lagynocystis pyramidalis
Anacheirurus adserai,Nanocarpus cf. dolambii
Anacheirurus adserai,Phyllocystis blayaci
Anacheirurus adserai,Procothurnocystis n. sp.
Anacheirurus adserai,Prokopicystis sp.
Anacheirurus adserai,Vizcainocarpus sp.
Anacheirurus adserai,Peltocystis cornuta
Anacheirurus adserai,Macrocystella bohemica
Anacheirurus adserai,"""Didymograptus sp. 1"""
Anacheirurus adserai,Didymograptid indet.
Anacheirurus adserai,Koremagraptus sp.
Anacheirurus adserai,Webbyites felix
Anacheirurus adserai,Rhabdopleura-like epibiont
Eoharpes sp.,suspended organic matter
Eoharpes sp.,Benthic detritus
Nileus deynouxi,Benthic detritus
Nileus deynouxi,Plectorthis simplex
Nileus deynouxi,Angusticardinia sp.
Nileus deynouxi,Celdobolus sp.
Nileus deynouxi,Carcassonnella sp.
Nileus deynouxi,Wiwaxiid
Nileus deynouxi,Setapedites abundantis
Nileus deynouxi,Balantiocystis regnelli
Nileus deynouxi,Rhopalocystis destombesi
Nileus deynouxi,Rhopalocystis fraga
Nileus deynouxi,Rhopalocystis grandis
Nileus deynouxi,Rhopalocystis havliceki
Nileus deynouxi,Rhopalocystis zagoraensis
Nileus deynouxi,Lingulocystis elongata
Nileus deynouxi,cf. Pareocrinus
Nileus deynouxi,Eocrinoidea indet. sp. 1
Nileus deynouxi,Eocrinoidea indet. sp. 2
Nileus deynouxi,Eocrinoidea indet.
Nileus deynouxi,Aethocrinus cf. moorei
Nileus deynouxi,Chauvelicystis ubaghsi
Nileus deynouxi,Chauvelicystis spinosa
Nileus deynouxi,Chauvelicystis vizcainoi
Nileus deynouxi,Chauvelicystis sp.
Nileus deynouxi,Sokkaejaecystis sp. 1
Nileus deynouxi,Sokkaejaecystis sp. 2
Nileus deynouxi,Peltocystis cornuta
Nileus deynouxi,"""Didymograptus sp. 1"""
Nileus deynouxi,Didymograptid indet.
Nileus deynouxi,Koremagraptus sp.
Nileus deynouxi,Webbyites felix
Nileus deynouxi,Rhabdopleura-like epibiont
Uralichas,Benthic detritus
Uralichas,Plectorthis simplex
Uralichas,Angusticardinia sp.
Uralichas,Wosekella sp.
Uralichas,Celdobolus sp.
Uralichas,Wiwaxiid
Uralichas,Calvapilosa kroegeri
Uralichas,Plumulites bengtsoni
Uralichas,Large plumulitid
Uralichas,Palaeoscolex cf. tenensis
Uralichas,Furca sp. 1
Uralichas,Furca sp. 2
Uralichas,Furca sp. 3
Uralichas,Enosiaspis hrungnir
Uralichas,Xiphosurid
Uralichas,Tremaglaspis sp.
Uralichas,Cheloniellid
Uralichas,Asaphellus fezouataensis 
Uralichas,Asaphellus sp aff. jujuanus
Uralichas,Asaphellus tataensis
Uralichas,Asaphellus sp.
Uralichas,Playpeltoides carmenae
Uralichas,Symphysurus sicardi
Uralichas,Symphysurus ebbestadi
Uralichas,Symphysurus sp.
Uralichas,Apatokephalus cf. incisus
Uralichas,Orometopus sp.
Uralichas,Foulonia peregrina
Uralichas,Foulonia sp.
Uralichas,Toletanaspis aff. borni
Uralichas,Bavarilla zemmourensis
Uralichas,Bavarilla sp.
Uralichas,Colpocoryphe thorali
Uralichas,Colpocoryphe pradesensis
Uralichas,Colpocoryphe sp.
Uralichas,Pharostomina sp. 
Uralichas,Prionocheilus sp.
Uralichas,Agerina quadrata
Uralichas,Euloma sp.
Uralichas,Beltella sp.
Uralichas,Ampyx priscus
Uralichas,Megistaspis (Ekeraspis) sp. indet.
Uralichas,Parabathycheilus gallicus
Uralichas,Anacheirurus adserai
Uralichas,Eoharpes sp.
Uralichas,Nileus deynouxi
Uralichas,Villebrunaster fezouataensis
Uralichas,Palaeosphaeronites sp.
Uralichas,Palaeosphaeronites? prokopi
Uralichas,Aristocystites cf. bohemicus (sinuous?)
Uralichas,Balantiocystis regnelli
Uralichas,Rhopalocystis destombesi
Uralichas,Rhopalocystis fraga
Uralichas,Rhopalocystis grandis
Uralichas,Rhopalocystis havliceki
Uralichas,Rhopalocystis zagoraensis
Uralichas,Lingulocystis elongata
Uralichas,cf. Pareocrinus
Uralichas,Eocrinoidea indet. sp. 1
Uralichas,Eocrinoidea indet. sp. 2
Uralichas,Eocrinoidea indet.
Uralichas,Aethocrinus cf. moorei
Uralichas,Rhenopyrgid indet.
Uralichas,Amygdalotheca griffei
Uralichas,Anatifopsis trapeziiformis
Uralichas,Aspidocarpus sp.
Uralichas,Chauvelicystis ubaghsi
Uralichas,Chauvelicystis spinosa
Uralichas,Chauvelicystis vizcainoi
Uralichas,Chauvelicystis sp.
Uralichas,Sokkaejaecystis sp. 1
Uralichas,Sokkaejaecystis sp. 2
Uralichas,"Cornuta n. gen. 1, n. sp."
Uralichas,"Cornuta n. gen. 2, n. sp."
Uralichas,Flabellicarpus rushtoni
Uralichas,Galliaecystis n. sp.
Uralichas,Galliaecystis ubaghsi
Uralichas,Hanusia n. sp.
Uralichas,Lagynocystis pyramidalis
Uralichas,Nanocarpus cf. dolambii
Uralichas,Phyllocystis blayaci
Uralichas,Procothurnocystis n. sp.
Uralichas,Prokopicystis sp.
Uralichas,Bohemiaecystis n. sp.
Uralichas,Vizcainocarpus sp.
Uralichas,Peltocystis cornuta
Uralichas,Macrocystella bohemica
Uralichas,cf. Castericystis
Uralichas,Plasiacystis mobilis
Uralichas,Nimchacystis agterbosi
Uralichas,Elegantilites sp.
Uralichas,Gamalites? sp.
Dactylocephalus sp.,Benthic detritus
Dactylocephalus sp.,Plectorthis simplex
Dactylocephalus sp.,Angusticardinia sp.
Dactylocephalus sp.,Wosekella sp.
Dactylocephalus sp.,Celdobolus sp.
Dactylocephalus sp.,Wiwaxiid
Dactylocephalus sp.,Calvapilosa kroegeri
Dactylocephalus sp.,Plumulites bengtsoni
Dactylocephalus sp.,Large plumulitid
Dactylocephalus sp.,Palaeoscolex cf. tenensis
Dactylocephalus sp.,Furca sp. 1
Dactylocephalus sp.,Furca sp. 2
Dactylocephalus sp.,Furca sp. 3
Dactylocephalus sp.,Enosiaspis hrungnir
Dactylocephalus sp.,Xiphosurid
Dactylocephalus sp.,Tremaglaspis sp.
Dactylocephalus sp.,Cheloniellid
Dactylocephalus sp.,Asaphellus fezouataensis 
Dactylocephalus sp.,Asaphellus sp aff. jujuanus
Dactylocephalus sp.,Asaphellus tataensis
Dactylocephalus sp.,Asaphellus sp.
Dactylocephalus sp.,Playpeltoides carmenae
Dactylocephalus sp.,Symphysurus sicardi
Dactylocephalus sp.,Symphysurus ebbestadi
Dactylocephalus sp.,Symphysurus sp.
Dactylocephalus sp.,Apatokephalus cf. incisus
Dactylocephalus sp.,Orometopus sp.
Dactylocephalus sp.,Foulonia peregrina
Dactylocephalus sp.,Foulonia sp.
Dactylocephalus sp.,Toletanaspis aff. borni
Dactylocephalus sp.,Bavarilla zemmourensis
Dactylocephalus sp.,Bavarilla sp.
Dactylocephalus sp.,Colpocoryphe thorali
Dactylocephalus sp.,Colpocoryphe pradesensis
Dactylocephalus sp.,Colpocoryphe sp.
Dactylocephalus sp.,Pharostomina sp. 
Dactylocephalus sp.,Prionocheilus sp.
Dactylocephalus sp.,Agerina quadrata
Dactylocephalus sp.,Euloma sp.
Dactylocephalus sp.,Beltella sp.
Dactylocephalus sp.,Ampyx priscus
Dactylocephalus sp.,Megistaspis (Ekeraspis) sp. indet.
Dactylocephalus sp.,Parabathycheilus gallicus
Dactylocephalus sp.,Anacheirurus adserai
Dactylocephalus sp.,Eoharpes sp.
Dactylocephalus sp.,Nileus deynouxi
Dactylocephalus sp.,Villebrunaster fezouataensis
Dactylocephalus sp.,Palaeosphaeronites sp.
Dactylocephalus sp.,Palaeosphaeronites? prokopi
Dactylocephalus sp.,Aristocystites cf. bohemicus (sinuous?)
Dactylocephalus sp.,Balantiocystis regnelli
Dactylocephalus sp.,Rhopalocystis destombesi
Dactylocephalus sp.,Rhopalocystis fraga
Dactylocephalus sp.,Rhopalocystis grandis
Dactylocephalus sp.,Rhopalocystis havliceki
Dactylocephalus sp.,Rhopalocystis zagoraensis
Dactylocephalus sp.,Lingulocystis elongata
Dactylocephalus sp.,cf. Pareocrinus
Dactylocephalus sp.,Eocrinoidea indet. sp. 1
Dactylocephalus sp.,Eocrinoidea indet. sp. 2
Dactylocephalus sp.,Eocrinoidea indet.
Dactylocephalus sp.,Aethocrinus cf. moorei
Dactylocephalus sp.,Rhenopyrgid indet.
Dactylocephalus sp.,Amygdalotheca griffei
Dactylocephalus sp.,Anatifopsis trapeziiformis
Dactylocephalus sp.,Aspidocarpus sp.
Dactylocephalus sp.,Chauvelicystis ubaghsi
Dactylocephalus sp.,Chauvelicystis spinosa
Dactylocephalus sp.,Chauvelicystis vizcainoi
Dactylocephalus sp.,Chauvelicystis sp.
Dactylocephalus sp.,Sokkaejaecystis sp. 1
Dactylocephalus sp.,Sokkaejaecystis sp. 2
Dactylocephalus sp.,"Cornuta n. gen. 1, n. sp."
Dactylocephalus sp.,"Cornuta n. gen. 2, n. sp."
Dactylocephalus sp.,Flabellicarpus rushtoni
Dactylocephalus sp.,Galliaecystis n. sp.
Dactylocephalus sp.,Galliaecystis ubaghsi
Dactylocephalus sp.,Hanusia n. sp.
Dactylocephalus sp.,Lagynocystis pyramidalis
Dactylocephalus sp.,Nanocarpus cf. dolambii
Dactylocephalus sp.,Phyllocystis blayaci
Dactylocephalus sp.,Procothurnocystis n. sp.
Dactylocephalus sp.,Prokopicystis sp.
Dactylocephalus sp.,Bohemiaecystis n. sp.
Dactylocephalus sp.,Vizcainocarpus sp.
Dactylocephalus sp.,Peltocystis cornuta
Dactylocephalus sp.,Macrocystella bohemica
Dactylocephalus sp.,cf. Castericystis
Dactylocephalus sp.,Plasiacystis mobilis
Dactylocephalus sp.,Nimchacystis agterbosi
Dactylocephalus sp.,Elegantilites sp.
Dactylocephalus sp.,Gamalites? sp.
Villebrunaster fezouataensis,phytoplankton
Villebrunaster fezouataensis,suspended organic matter
Villebrunaster fezouataensis,Zooplankton
Palaeosphaeronites sp.,phytoplankton
Palaeosphaeronites sp.,suspended organic matter
Palaeosphaeronites sp.,Zooplankton
Palaeosphaeronites? prokopi,phytoplankton
Palaeosphaeronites? prokopi,suspended organic matter
Palaeosphaeronites? prokopi,Zooplankton
Aristocystites cf. bohemicus (sinuous?),phytoplankton
Aristocystites cf. bohemicus (sinuous?),suspended organic matter
Aristocystites cf. bohemicus (sinuous?),Zooplankton
Balantiocystis regnelli,phytoplankton
Balantiocystis regnelli,suspended organic matter
Balantiocystis regnelli,Zooplankton
Rhopalocystis destombesi,phytoplankton
Rhopalocystis destombesi,suspended organic matter
Rhopalocystis destombesi,Zooplankton
Rhopalocystis fraga,phytoplankton
Rhopalocystis fraga,suspended organic matter
Rhopalocystis fraga,Zooplankton
Rhopalocystis grandis,phytoplankton
Rhopalocystis grandis,suspended organic matter
Rhopalocystis grandis,Zooplankton
Rhopalocystis havliceki,phytoplankton
Rhopalocystis havliceki,suspended organic matter
Rhopalocystis havliceki,Zooplankton
Rhopalocystis zagoraensis,phytoplankton
Rhopalocystis zagoraensis,suspended organic matter
Rhopalocystis zagoraensis,Zooplankton
Lingulocystis elongata,phytoplankton
Lingulocystis elongata,suspended organic matter
Lingulocystis elongata,Zooplankton
cf. Pareocrinus,phytoplankton
cf. Pareocrinus,suspended organic matter
cf. Pareocrinus,Zooplankton
Eocrinoidea indet. sp. 1,phytoplankton
Eocrinoidea indet. sp. 1,suspended organic matter
Eocrinoidea indet. sp. 1,Zooplankton
Eocrinoidea indet. sp. 2,phytoplankton
Eocrinoidea indet. sp. 2,suspended organic matter
Eocrinoidea indet. sp. 2,Zooplankton
Eocrinoidea indet.,phytoplankton
Eocrinoidea indet.,suspended organic matter
Eocrinoidea indet.,Zooplankton
Aethocrinus cf. moorei,phytoplankton
Aethocrinus cf. moorei,suspended organic matter
Aethocrinus cf. moorei,Zooplankton
Rhenopyrgid indet.,phytoplankton
Rhenopyrgid indet.,suspended organic matter
Rhenopyrgid indet.,Benthic detritus
Rhenopyrgid indet.,Zooplankton
Amygdalotheca griffei,phytoplankton
Amygdalotheca griffei,suspended organic matter
Amygdalotheca griffei,Benthic detritus
Amygdalotheca griffei,Zooplankton
Anatifopsis trapeziiformis,phytoplankton
Anatifopsis trapeziiformis,suspended organic matter
Anatifopsis trapeziiformis,Benthic detritus
Anatifopsis trapeziiformis,Zooplankton
Aspidocarpus sp.,phytoplankton
Aspidocarpus sp.,suspended organic matter
Aspidocarpus sp.,Benthic detritus
Aspidocarpus sp.,Zooplankton
Chauvelicystis ubaghsi,phytoplankton
Chauvelicystis ubaghsi,suspended organic matter
Chauvelicystis ubaghsi,Benthic detritus
Chauvelicystis ubaghsi,Zooplankton
Chauvelicystis spinosa,phytoplankton
Chauvelicystis spinosa,suspended organic matter
Chauvelicystis spinosa,Benthic detritus
Chauvelicystis spinosa,Zooplankton
Chauvelicystis vizcainoi,phytoplankton
Chauvelicystis vizcainoi,suspended organic matter
Chauvelicystis vizcainoi,Benthic detritus
Chauvelicystis vizcainoi,Zooplankton
Chauvelicystis sp.,phytoplankton
Chauvelicystis sp.,suspended organic matter
Chauvelicystis sp.,Benthic detritus
Chauvelicystis sp.,Zooplankton
Sokkaejaecystis sp. 1,phytoplankton
Sokkaejaecystis sp. 1,suspended organic matter
Sokkaejaecystis sp. 1,Benthic detritus
Sokkaejaecystis sp. 1,Zooplankton
Sokkaejaecystis sp. 2,phytoplankton
Sokkaejaecystis sp. 2,suspended organic matter
Sokkaejaecystis sp. 2,Benthic detritus
Sokkaejaecystis sp. 2,Zooplankton
"Cornuta n. gen. 1, n. sp.",phytoplankton
"Cornuta n. gen. 1, n. sp.",suspended organic matter
"Cornuta n. gen. 1, n. sp.",Benthic detritus
"Cornuta n. gen. 1, n. sp.",Zooplankton
"Cornuta n. gen. 2, n. sp.",phytoplankton
"Cornuta n. gen. 2, n. sp.",suspended organic matter
"Cornuta n. gen. 2, n. sp.",Benthic detritus
"Cornuta n. gen. 2, n. sp.",Zooplankton
Flabellicarpus rushtoni,phytoplankton
Flabellicarpus rushtoni,suspended organic matter
Flabellicarpus rushtoni,Benthic detritus
Flabellicarpus rushtoni,Zooplankton
Galliaecystis n. sp.,phytoplankton
Galliaecystis n. sp.,suspended organic matter
Galliaecystis n. sp.,Benthic detritus
Galliaecystis n. sp.,Zooplankton
Galliaecystis ubaghsi,phytoplankton
Galliaecystis ubaghsi,suspended organic matter
Galliaecystis ubaghsi,Benthic detritus
Galliaecystis ubaghsi,Zooplankton
Hanusia n. sp.,phytoplankton
Hanusia n. sp.,suspended organic matter
Hanusia n. sp.,Benthic detritus
Hanusia n. sp.,Zooplankton
Lagynocystis pyramidalis,phytoplankton
Lagynocystis pyramidalis,suspended organic matter
Lagynocystis pyramidalis,Benthic detritus
Lagynocystis pyramidalis,Zooplankton
Nanocarpus cf. dolambii,phytoplankton
Nanocarpus cf. dolambii,suspended organic matter
Nanocarpus cf. dolambii,Benthic detritus
Nanocarpus cf. dolambii,Zooplankton
Phyllocystis blayaci,phytoplankton
Phyllocystis blayaci,suspended organic matter
Phyllocystis blayaci,Benthic detritus
Phyllocystis blayaci,Zooplankton
Procothurnocystis n. sp.,phytoplankton
Procothurnocystis n. sp.,suspended organic matter
Procothurnocystis n. sp.,Benthic detritus
Procothurnocystis n. sp.,Zooplankton
Prokopicystis sp.,phytoplankton
Prokopicystis sp.,suspended organic matter
Prokopicystis sp.,Benthic detritus
Prokopicystis sp.,Zooplankton
Bohemiaecystis n. sp.,phytoplankton
Bohemiaecystis n. sp.,suspended organic matter
Bohemiaecystis n. sp.,Benthic detritus
Bohemiaecystis n. sp.,Zooplankton
Vizcainocarpus sp.,phytoplankton
Vizcainocarpus sp.,suspended organic matter
Vizcainocarpus sp.,Benthic detritus
Vizcainocarpus sp.,Zooplankton
Peltocystis cornuta,phytoplankton
Peltocystis cornuta,suspended organic matter
Peltocystis cornuta,Benthic detritus
Peltocystis cornuta,Zooplankton
Macrocystella bohemica,phytoplankton
Macrocystella bohemica,suspended organic matter
Macrocystella bohemica,Zooplankton
cf. Castericystis,phytoplankton
cf. Castericystis,suspended organic matter
cf. Castericystis,Zooplankton
Plasiacystis mobilis,Benthic detritus
Nimchacystis agterbosi,Benthic detritus
Clonograptus rigidus,phytoplankton
Clonograptus flexibilis,phytoplankton
Clonograptus multiplex,phytoplankton
"""Didymograptus sp. 1""",phytoplankton
Didymograptid indet.,phytoplankton
Dichograptidae?,phytoplankton
Hunnegraptus copiosus,phytoplankton
 'Kiaerograptus' supremus,phytoplankton
Koremagraptus sp.,phytoplankton
Paradelograptus norvegicus,phytoplankton
Paradelograptus tenuis,phytoplankton
Paratemnograptus magnificus,phytoplankton
 'Tetragraptus' bulmani,phytoplankton
Tetragraptus sp. (3-stiped),phytoplankton
Sagenograptus murrayi,phytoplankton
Anisograptus cf. matanensis,phytoplankton
Bryograptus divergens,phytoplankton
Bryograptus kjerulfi cumbrensis,phytoplankton
Bryograptus lapworthi,phytoplankton
Rhabdinopora flabelliforme cf. anglica,phytoplankton
Rhabdinopora flabelliforme flabelliforme (flabelliformis flabelliformis ?),phytoplankton
Rhabdinopora flabelliforme multithecatum,phytoplankton
Rhabdinopora flabelliformis socialis,phytoplankton
Rhabdinopora flabelliformis canadenisis,phytoplankton
Rhabdinopora flabelliforme norvegicum,phytoplankton
Adelograptus tenellus,phytoplankton
Choristograptus louai,phytoplankton
Ancoragraptus bulmani,phytoplankton
Webbyites felix,phytoplankton
Cavernolites senex,phytoplankton
Cavernolites senex,suspended organic matter
Elegantilites sp.,phytoplankton
Elegantilites sp.,suspended organic matter
Gamalites? sp.,phytoplankton
Gamalites? sp.,suspended organic matter
Drepanoistodus? cf. pervetus,Benthic detritus
Drepanoistodus? cf. pervetus,Zooplankton
Drepanoistodus? cf. pervetus,Calvapilosa kroegeri
Drepanoistodus? cf. pervetus,Plumulites bengtsoni
Drepanoistodus? cf. pervetus,Large plumulitid
Drepanoistodus? cf. pervetus,Palaeoscolex cf. tenensis
Drepanoistodus? cf. pervetus,Clonograptus rigidus
Drepanoistodus? cf. pervetus,Clonograptus flexibilis
Drepanoistodus? cf. pervetus,Clonograptus multiplex
Drepanoistodus? cf. pervetus,"""Didymograptus sp. 1"""
Drepanoistodus? cf. pervetus,Didymograptid indet.
Drepanoistodus? cf. pervetus,Dichograptidae?
Drepanoistodus? cf. pervetus,Hunnegraptus copiosus
Drepanoistodus? cf. pervetus, 'Kiaerograptus' supremus
Drepanoistodus? cf. pervetus,Koremagraptus sp.
Drepanoistodus? cf. pervetus,Paradelograptus norvegicus
Drepanoistodus? cf. pervetus,Paradelograptus tenuis
Drepanoistodus? cf. pervetus,Paratemnograptus magnificus
Drepanoistodus? cf. pervetus, 'Tetragraptus' bulmani
Drepanoistodus? cf. pervetus,Tetragraptus sp. (3-stiped)
Drepanoistodus? cf. pervetus,Sagenograptus murrayi
Drepanoistodus? cf. pervetus,Anisograptus cf. matanensis
Drepanoistodus? cf. pervetus,Bryograptus divergens
Drepanoistodus? cf. pervetus,Bryograptus kjerulfi cumbrensis
Drepanoistodus? cf. pervetus,Bryograptus lapworthi
Drepanoistodus? cf. pervetus,Rhabdinopora flabelliforme cf. anglica
Drepanoistodus? cf. pervetus,Rhabdinopora flabelliforme flabelliforme
Drepanoistodus? cf. pervetus,Rhabdinopora flabelliforme multithecatum
Drepanoistodus? cf. pervetus,Rhabdinopora flabelliformis socialis
Drepanoistodus? cf. pervetus,Rhabdinopora flabelliformis canadenisis
Drepanoistodus? cf. pervetus,Rhabdinopora flabelliforme norvegicum
Drepanoistodus? cf. pervetus,Adelograptus tenellus
Drepanoistodus? cf. pervetus,Choristograptus louai
Drepanoistodus? cf. pervetus,Ancoragraptus bulmani
Drepanoistodus? cf. pervetus,Webbyites felix
Drepanoistodus? cf. pervetus,Rhabdopleura-like epibiont
Drepanoistodus? cf. pervetus,Drepanoistodus? cf. pervetus
Drepanoistodus? cf. pervetus,Acodus deltatus
Drepanoistodus? cf. pervetus,Cornuodus longibasis
Drepanoistodus? cf. pervetus,Parapaltodus aff. simplicissimus
Drepanoistodus? cf. pervetus,Paroistodus cf. proteus
Drepanoistodus? cf. pervetus,Periodon cf. primus
Drepanoistodus? cf. pervetus,Prioniodus sp.
Drepanoistodus? cf. pervetus,Protopanderodus cf. leonardii
Drepanoistodus? cf. pervetus,Scolopodus aff. krummi
Drepanoistodus? cf. pervetus,Semiacontiodus sp.
Drepanoistodus? cf. pervetus,Semiacontiodus cf. cornuformis
Drepanoistodus? cf. pervetus,Tripodus sp.
Acodus deltatus,Benthic detritus
Acodus deltatus,Zooplankton
Acodus deltatus,Calvapilosa kroegeri
Acodus deltatus,Plumulites bengtsoni
Acodus deltatus,Large plumulitid
Acodus deltatus,Palaeoscolex cf. tenensis
Acodus deltatus,Clonograptus rigidus
Acodus deltatus,Clonograptus flexibilis
Acodus deltatus,Clonograptus multiplex
Acodus deltatus,"""Didymograptus sp. 1"""
Acodus deltatus,Didymograptid indet.
Acodus deltatus,Dichograptidae?
Acodus deltatus,Hunnegraptus copiosus
Acodus deltatus, 'Kiaerograptus' supremus
Acodus deltatus,Koremagraptus sp.
Acodus deltatus,Paradelograptus norvegicus
Acodus deltatus,Paradelograptus tenuis
Acodus deltatus,Paratemnograptus magnificus
Acodus deltatus, 'Tetragraptus' bulmani
Acodus deltatus,Tetragraptus sp. (3-stiped)
Acodus deltatus,Sagenograptus murrayi
Acodus deltatus,Anisograptus cf. matanensis
Acodus deltatus,Bryograptus divergens
Acodus deltatus,Bryograptus kjerulfi cumbrensis
Acodus deltatus,Bryograptus lapworthi
Acodus deltatus,Rhabdinopora flabelliforme cf. anglica
Acodus deltatus,Rhabdinopora flabelliforme flabelliforme
Acodus deltatus,Rhabdinopora flabelliforme multithecatum
Acodus deltatus,Rhabdinopora flabelliformis socialis
Acodus deltatus,Rhabdinopora flabelliformis canadenisis
Acodus deltatus,Rhabdinopora flabelliforme norvegicum
Acodus deltatus,Adelograptus tenellus
Acodus deltatus,Choristograptus louai
Acodus deltatus,Ancoragraptus bulmani
Acodus deltatus,Webbyites felix
Acodus deltatus,Rhabdopleura-like epibiont
Acodus deltatus,Drepanoistodus? cf. pervetus
Acodus deltatus,Acodus deltatus
Acodus deltatus,Cornuodus longibasis
Acodus deltatus,Parapaltodus aff. simplicissimus
Acodus deltatus,Paroistodus cf. proteus
Acodus deltatus,Periodon cf. primus
Acodus deltatus,Prioniodus sp.
Acodus deltatus,Protopanderodus cf. leonardii
Acodus deltatus,Scolopodus aff. krummi
Acodus deltatus,Semiacontiodus sp.
Acodus deltatus,Semiacontiodus cf. cornuformis
Acodus deltatus,Tripodus sp.
Cornuodus longibasis,Benthic detritus
Cornuodus longibasis,Zooplankton
Cornuodus longibasis,Calvapilosa kroegeri
Cornuodus longibasis,Plumulites bengtsoni
Cornuodus longibasis,Large plumulitid
Cornuodus longibasis,Palaeoscolex cf. tenensis
Cornuodus longibasis,Clonograptus rigidus
Cornuodus longibasis,Clonograptus flexibilis
Cornuodus longibasis,Clonograptus multiplex
Cornuodus longibasis,"""Didymograptus sp. 1"""
Cornuodus longibasis,Didymograptid indet.
Cornuodus longibasis,Dichograptidae?
Cornuodus longibasis,Hunnegraptus copiosus
Cornuodus longibasis, 'Kiaerograptus' supremus
Cornuodus longibasis,Koremagraptus sp.
Cornuodus longibasis,Paradelograptus norvegicus
Cornuodus longibasis,Paradelograptus tenuis
Cornuodus longibasis,Paratemnograptus magnificus
Cornuodus longibasis, 'Tetragraptus' bulmani
Cornuodus longibasis,Tetragraptus sp. (3-stiped)
Cornuodus longibasis,Sagenograptus murrayi
Cornuodus longibasis,Anisograptus cf. matanensis
Cornuodus longibasis,Bryograptus divergens
Cornuodus longibasis,Bryograptus kjerulfi cumbrensis
Cornuodus longibasis,Bryograptus lapworthi
Cornuodus longibasis,Rhabdinopora flabelliforme cf. anglica
Cornuodus longibasis,Rhabdinopora flabelliforme flabelliforme
Cornuodus longibasis,Rhabdinopora flabelliforme multithecatum
Cornuodus longibasis,Rhabdinopora flabelliformis socialis
Cornuodus longibasis,Rhabdinopora flabelliformis canadenisis
Cornuodus longibasis,Rhabdinopora flabelliforme norvegicum
Cornuodus longibasis,Adelograptus tenellus
Cornuodus longibasis,Choristograptus louai
Cornuodus longibasis,Ancoragraptus bulmani
Cornuodus longibasis,Webbyites felix
Cornuodus longibasis,Rhabdopleura-like epibiont
Cornuodus longibasis,Drepanoistodus? cf. pervetus
Cornuodus longibasis,Acodus deltatus
Cornuodus longibasis,Cornuodus longibasis
Cornuodus longibasis,Parapaltodus aff. simplicissimus
Cornuodus longibasis,Paroistodus cf. proteus
Cornuodus longibasis,Periodon cf. primus
Cornuodus longibasis,Prioniodus sp.
Cornuodus longibasis,Protopanderodus cf. leonardii
Cornuodus longibasis,Scolopodus aff. krummi
Cornuodus longibasis,Semiacontiodus sp.
Cornuodus longibasis,Semiacontiodus cf. cornuformis
Cornuodus longibasis,Tripodus sp.
Parapaltodus aff. simplicissimus,Benthic detritus
Parapaltodus aff. simplicissimus,Zooplankton
Parapaltodus aff. simplicissimus,Calvapilosa kroegeri
Parapaltodus aff. simplicissimus,Plumulites bengtsoni
Parapaltodus aff. simplicissimus,Large plumulitid
Parapaltodus aff. simplicissimus,Palaeoscolex cf. tenensis
Parapaltodus aff. simplicissimus,Clonograptus rigidus
Parapaltodus aff. simplicissimus,Clonograptus flexibilis
Parapaltodus aff. simplicissimus,Clonograptus multiplex
Parapaltodus aff. simplicissimus,"""Didymograptus sp. 1"""
Parapaltodus aff. simplicissimus,Didymograptid indet.
Parapaltodus aff. simplicissimus,Dichograptidae?
Parapaltodus aff. simplicissimus,Hunnegraptus copiosus
Parapaltodus aff. simplicissimus, 'Kiaerograptus' supremus
Parapaltodus aff. simplicissimus,Koremagraptus sp.
Parapaltodus aff. simplicissimus,Paradelograptus norvegicus
Parapaltodus aff. simplicissimus,Paradelograptus tenuis
Parapaltodus aff. simplicissimus,Paratemnograptus magnificus
Parapaltodus aff. simplicissimus, 'Tetragraptus' bulmani
Parapaltodus aff. simplicissimus,Tetragraptus sp. (3-stiped)
Parapaltodus aff. simplicissimus,Sagenograptus murrayi
Parapaltodus aff. simplicissimus,Anisograptus cf. matanensis
Parapaltodus aff. simplicissimus,Bryograptus divergens
Parapaltodus aff. simplicissimus,Bryograptus kjerulfi cumbrensis
Parapaltodus aff. simplicissimus,Bryograptus lapworthi
Parapaltodus aff. simplicissimus,Rhabdinopora flabelliforme cf. anglica
Parapaltodus aff. simplicissimus,Rhabdinopora flabelliforme flabelliforme
Parapaltodus aff. simplicissimus,Rhabdinopora flabelliforme multithecatum
Parapaltodus aff. simplicissimus,Rhabdinopora flabelliformis socialis
Parapaltodus aff. simplicissimus,Rhabdinopora flabelliformis canadenisis
Parapaltodus aff. simplicissimus,Rhabdinopora flabelliforme norvegicum
Parapaltodus aff. simplicissimus,Adelograptus tenellus
Parapaltodus aff. simplicissimus,Choristograptus louai
Parapaltodus aff. simplicissimus,Ancoragraptus bulmani
Parapaltodus aff. simplicissimus,Webbyites felix
Parapaltodus aff. simplicissimus,Rhabdopleura-like epibiont
Parapaltodus aff. simplicissimus,Drepanoistodus? cf. pervetus
Parapaltodus aff. simplicissimus,Acodus deltatus
Parapaltodus aff. simplicissimus,Cornuodus longibasis
Parapaltodus aff. simplicissimus,Parapaltodus aff. simplicissimus
Parapaltodus aff. simplicissimus,Paroistodus cf. proteus
Parapaltodus aff. simplicissimus,Periodon cf. primus
Parapaltodus aff. simplicissimus,Prioniodus sp.
Parapaltodus aff. simplicissimus,Protopanderodus cf. leonardii
Parapaltodus aff. simplicissimus,Scolopodus aff. krummi
Parapaltodus aff. simplicissimus,Semiacontiodus sp.
Parapaltodus aff. simplicissimus,Semiacontiodus cf. cornuformis
Parapaltodus aff. simplicissimus,Tripodus sp.
Paroistodus cf. proteus,Benthic detritus
Paroistodus cf. proteus,Zooplankton
Paroistodus cf. proteus,Calvapilosa kroegeri
Paroistodus cf. proteus,Plumulites bengtsoni
Paroistodus cf. proteus,Large plumulitid
Paroistodus cf. proteus,Palaeoscolex cf. tenensis
Paroistodus cf. proteus,Clonograptus rigidus
Paroistodus cf. proteus,Clonograptus flexibilis
Paroistodus cf. proteus,Clonograptus multiplex
Paroistodus cf. proteus,"""Didymograptus sp. 1"""
Paroistodus cf. proteus,Didymograptid indet.
Paroistodus cf. proteus,Dichograptidae?
Paroistodus cf. proteus,Hunnegraptus copiosus
Paroistodus cf. proteus, 'Kiaerograptus' supremus
Paroistodus cf. proteus,Koremagraptus sp.
Paroistodus cf. proteus,Paradelograptus norvegicus
Paroistodus cf. proteus,Paradelograptus tenuis
Paroistodus cf. proteus,Paratemnograptus magnificus
Paroistodus cf. proteus, 'Tetragraptus' bulmani
Paroistodus cf. proteus,Tetragraptus sp. (3-stiped)
Paroistodus cf. proteus,Sagenograptus murrayi
Paroistodus cf. proteus,Anisograptus cf. matanensis
Paroistodus cf. proteus,Bryograptus divergens
Paroistodus cf. proteus,Bryograptus kjerulfi cumbrensis
Paroistodus cf. proteus,Bryograptus lapworthi
Paroistodus cf. proteus,Rhabdinopora flabelliforme cf. anglica
Paroistodus cf. proteus,Rhabdinopora flabelliforme flabelliforme
Paroistodus cf. proteus,Rhabdinopora flabelliforme multithecatum
Paroistodus cf. proteus,Rhabdinopora flabelliformis socialis
Paroistodus cf. proteus,Rhabdinopora flabelliformis canadenisis
Paroistodus cf. proteus,Rhabdinopora flabelliforme norvegicum
Paroistodus cf. proteus,Adelograptus tenellus
Paroistodus cf. proteus,Choristograptus louai
Paroistodus cf. proteus,Ancoragraptus bulmani
Paroistodus cf. proteus,Webbyites felix
Paroistodus cf. proteus,Rhabdopleura-like epibiont
Paroistodus cf. proteus,Drepanoistodus? cf. pervetus
Paroistodus cf. proteus,Acodus deltatus
Paroistodus cf. proteus,Cornuodus longibasis
Paroistodus cf. proteus,Parapaltodus aff. simplicissimus
Paroistodus cf. proteus,Paroistodus cf. proteus
Paroistodus cf. proteus,Periodon cf. primus
Paroistodus cf. proteus,Prioniodus sp.
Paroistodus cf. proteus,Protopanderodus cf. leonardii
Paroistodus cf. proteus,Scolopodus aff. krummi
Paroistodus cf. proteus,Semiacontiodus sp.
Paroistodus cf. proteus,Semiacontiodus cf. cornuformis
Paroistodus cf. proteus,Tripodus sp.
Periodon cf. primus,Benthic detritus
Periodon cf. primus,Zooplankton
Periodon cf. primus,Calvapilosa kroegeri
Periodon cf. primus,Plumulites bengtsoni
Periodon cf. primus,Large plumulitid
Periodon cf. primus,Palaeoscolex cf. tenensis
Periodon cf. primus,Clonograptus rigidus
Periodon cf. primus,Clonograptus flexibilis
Periodon cf. primus,Clonograptus multiplex
Periodon cf. primus,"""Didymograptus sp. 1"""
Periodon cf. primus,Didymograptid indet.
Periodon cf. primus,Dichograptidae?
Periodon cf. primus,Hunnegraptus copiosus
Periodon cf. primus, 'Kiaerograptus' supremus
Periodon cf. primus,Koremagraptus sp.
Periodon cf. primus,Paradelograptus norvegicus
Periodon cf. primus,Paradelograptus tenuis
Periodon cf. primus,Paratemnograptus magnificus
Periodon cf. primus, 'Tetragraptus' bulmani
Periodon cf. primus,Tetragraptus sp. (3-stiped)
Periodon cf. primus,Sagenograptus murrayi
Periodon cf. primus,Anisograptus cf. matanensis
Periodon cf. primus,Bryograptus divergens
Periodon cf. primus,Bryograptus kjerulfi cumbrensis
Periodon cf. primus,Bryograptus lapworthi
Periodon cf. primus,Rhabdinopora flabelliforme cf. anglica
Periodon cf. primus,Rhabdinopora flabelliforme flabelliforme
Periodon cf. primus,Rhabdinopora flabelliforme multithecatum
Periodon cf. primus,Rhabdinopora flabelliformis socialis
Periodon cf. primus,Rhabdinopora flabelliformis canadenisis
Periodon cf. primus,Rhabdinopora flabelliforme norvegicum
Periodon cf. primus,Adelograptus tenellus
Periodon cf. primus,Choristograptus louai
Periodon cf. primus,Ancoragraptus bulmani
Periodon cf. primus,Webbyites felix
Periodon cf. primus,Rhabdopleura-like epibiont
Periodon cf. primus,Drepanoistodus? cf. pervetus
Periodon cf. primus,Acodus deltatus
Periodon cf. primus,Cornuodus longibasis
Periodon cf. primus,Parapaltodus aff. simplicissimus
Periodon cf. primus,Paroistodus cf. proteus
Periodon cf. primus,Periodon cf. primus
Periodon cf. primus,Prioniodus sp.
Periodon cf. primus,Protopanderodus cf. leonardii
Periodon cf. primus,Scolopodus aff. krummi
Periodon cf. primus,Semiacontiodus sp.
Periodon cf. primus,Semiacontiodus cf. cornuformis
Periodon cf. primus,Tripodus sp.
Prioniodus sp.,Benthic detritus
Prioniodus sp.,Zooplankton
Prioniodus sp.,Calvapilosa kroegeri
Prioniodus sp.,Plumulites bengtsoni
Prioniodus sp.,Large plumulitid
Prioniodus sp.,Palaeoscolex cf. tenensis
Prioniodus sp.,Clonograptus rigidus
Prioniodus sp.,Clonograptus flexibilis
Prioniodus sp.,Clonograptus multiplex
Prioniodus sp.,"""Didymograptus sp. 1"""
Prioniodus sp.,Didymograptid indet.
Prioniodus sp.,Dichograptidae?
Prioniodus sp.,Hunnegraptus copiosus
Prioniodus sp., 'Kiaerograptus' supremus
Prioniodus sp.,Koremagraptus sp.
Prioniodus sp.,Paradelograptus norvegicus
Prioniodus sp.,Paradelograptus tenuis
Prioniodus sp.,Paratemnograptus magnificus
Prioniodus sp., 'Tetragraptus' bulmani
Prioniodus sp.,Tetragraptus sp. (3-stiped)
Prioniodus sp.,Sagenograptus murrayi
Prioniodus sp.,Anisograptus cf. matanensis
Prioniodus sp.,Bryograptus divergens
Prioniodus sp.,Bryograptus kjerulfi cumbrensis
Prioniodus sp.,Bryograptus lapworthi
Prioniodus sp.,Rhabdinopora flabelliforme cf. anglica
Prioniodus sp.,Rhabdinopora flabelliforme flabelliforme
Prioniodus sp.,Rhabdinopora flabelliforme multithecatum
Prioniodus sp.,Rhabdinopora flabelliformis socialis
Prioniodus sp.,Rhabdinopora flabelliformis canadenisis
Prioniodus sp.,Rhabdinopora flabelliforme norvegicum
Prioniodus sp.,Adelograptus tenellus
Prioniodus sp.,Choristograptus louai
Prioniodus sp.,Ancoragraptus bulmani
Prioniodus sp.,Webbyites felix
Prioniodus sp.,Rhabdopleura-like epibiont
Prioniodus sp.,Drepanoistodus? cf. pervetus
Prioniodus sp.,Acodus deltatus
Prioniodus sp.,Cornuodus longibasis
Prioniodus sp.,Parapaltodus aff. simplicissimus
Prioniodus sp.,Paroistodus cf. proteus
Prioniodus sp.,Periodon cf. primus
Prioniodus sp.,Prioniodus sp.
Prioniodus sp.,Protopanderodus cf. leonardii
Prioniodus sp.,Scolopodus aff. krummi
Prioniodus sp.,Semiacontiodus sp.
Prioniodus sp.,Semiacontiodus cf. cornuformis
Prioniodus sp.,Tripodus sp.
Protopanderodus cf. leonardii,Benthic detritus
Protopanderodus cf. leonardii,Zooplankton
Protopanderodus cf. leonardii,Calvapilosa kroegeri
Protopanderodus cf. leonardii,Plumulites bengtsoni
Protopanderodus cf. leonardii,Large plumulitid
Protopanderodus cf. leonardii,Palaeoscolex cf. tenensis
Protopanderodus cf. leonardii,Clonograptus rigidus
Protopanderodus cf. leonardii,Clonograptus flexibilis
Protopanderodus cf. leonardii,Clonograptus multiplex
Protopanderodus cf. leonardii,"""Didymograptus sp. 1"""
Protopanderodus cf. leonardii,Didymograptid indet.
Protopanderodus cf. leonardii,Dichograptidae?
Protopanderodus cf. leonardii,Hunnegraptus copiosus
Protopanderodus cf. leonardii, 'Kiaerograptus' supremus
Protopanderodus cf. leonardii,Koremagraptus sp.
Protopanderodus cf. leonardii,Paradelograptus norvegicus
Protopanderodus cf. leonardii,Paradelograptus tenuis
Protopanderodus cf. leonardii,Paratemnograptus magnificus
Protopanderodus cf. leonardii, 'Tetragraptus' bulmani
Protopanderodus cf. leonardii,Tetragraptus sp. (3-stiped)
Protopanderodus cf. leonardii,Sagenograptus murrayi
Protopanderodus cf. leonardii,Anisograptus cf. matanensis
Protopanderodus cf. leonardii,Bryograptus divergens
Protopanderodus cf. leonardii,Bryograptus kjerulfi cumbrensis
Protopanderodus cf. leonardii,Bryograptus lapworthi
Protopanderodus cf. leonardii,Rhabdinopora flabelliforme cf. anglica
Protopanderodus cf. leonardii,Rhabdinopora flabelliforme flabelliforme
Protopanderodus cf. leonardii,Rhabdinopora flabelliforme multithecatum
Protopanderodus cf. leonardii,Rhabdinopora flabelliformis socialis
Protopanderodus cf. leonardii,Rhabdinopora flabelliformis canadenisis
Protopanderodus cf. leonardii,Rhabdinopora flabelliforme norvegicum
Protopanderodus cf. leonardii,Adelograptus tenellus
Protopanderodus cf. leonardii,Choristograptus louai
Protopanderodus cf. leonardii,Ancoragraptus bulmani
Protopanderodus cf. leonardii,Webbyites felix
Protopanderodus cf. leonardii,Rhabdopleura-like epibiont
Protopanderodus cf. leonardii,Drepanoistodus? cf. pervetus
Protopanderodus cf. leonardii,Acodus deltatus
Protopanderodus cf. leonardii,Cornuodus longibasis
Protopanderodus cf. leonardii,Parapaltodus aff. simplicissimus
Protopanderodus cf. leonardii,Paroistodus cf. proteus
Protopanderodus cf. leonardii,Periodon cf. primus
Protopanderodus cf. leonardii,Prioniodus sp.
Protopanderodus cf. leonardii,Protopanderodus cf. leonardii
Protopanderodus cf. leonardii,Scolopodus aff. krummi
Protopanderodus cf. leonardii,Semiacontiodus sp.
Protopanderodus cf. leonardii,Semiacontiodus cf. cornuformis
Protopanderodus cf. leonardii,Tripodus sp.
Scolopodus aff. krummi,Benthic detritus
Scolopodus aff. krummi,Zooplankton
Scolopodus aff. krummi,Calvapilosa kroegeri
Scolopodus aff. krummi,Plumulites bengtsoni
Scolopodus aff. krummi,Large plumulitid
Scolopodus aff. krummi,Palaeoscolex cf. tenensis
Scolopodus aff. krummi,Clonograptus rigidus
Scolopodus aff. krummi,Clonograptus flexibilis
Scolopodus aff. krummi,Clonograptus multiplex
Scolopodus aff. krummi,"""Didymograptus sp. 1"""
Scolopodus aff. krummi,Didymograptid indet.
Scolopodus aff. krummi,Dichograptidae?
Scolopodus aff. krummi,Hunnegraptus copiosus
Scolopodus aff. krummi, 'Kiaerograptus' supremus
Scolopodus aff. krummi,Koremagraptus sp.
Scolopodus aff. krummi,Paradelograptus norvegicus
Scolopodus aff. krummi,Paradelograptus tenuis
Scolopodus aff. krummi,Paratemnograptus magnificus
Scolopodus aff. krummi, 'Tetragraptus' bulmani
Scolopodus aff. krummi,Tetragraptus sp. (3-stiped)
Scolopodus aff. krummi,Sagenograptus murrayi
Scolopodus aff. krummi,Anisograptus cf. matanensis
Scolopodus aff. krummi,Bryograptus divergens
Scolopodus aff. krummi,Bryograptus kjerulfi cumbrensis
Scolopodus aff. krummi,Bryograptus lapworthi
Scolopodus aff. krummi,Rhabdinopora flabelliforme cf. anglica
Scolopodus aff. krummi,Rhabdinopora flabelliforme flabelliforme
Scolopodus aff. krummi,Rhabdinopora flabelliforme multithecatum
Scolopodus aff. krummi,Rhabdinopora flabelliformis socialis
Scolopodus aff. krummi,Rhabdinopora flabelliformis canadenisis
Scolopodus aff. krummi,Rhabdinopora flabelliforme norvegicum
Scolopodus aff. krummi,Adelograptus tenellus
Scolopodus aff. krummi,Choristograptus louai
Scolopodus aff. krummi,Ancoragraptus bulmani
Scolopodus aff. krummi,Webbyites felix
Scolopodus aff. krummi,Rhabdopleura-like epibiont
Scolopodus aff. krummi,Drepanoistodus? cf. pervetus
Scolopodus aff. krummi,Acodus deltatus
Scolopodus aff. krummi,Cornuodus longibasis
Scolopodus aff. krummi,Parapaltodus aff. simplicissimus
Scolopodus aff. krummi,Paroistodus cf. proteus
Scolopodus aff. krummi,Periodon cf. primus
Scolopodus aff. krummi,Prioniodus sp.
Scolopodus aff. krummi,Protopanderodus cf. leonardii
Scolopodus aff. krummi,Scolopodus aff. krummi
Scolopodus aff. krummi,Semiacontiodus sp.
Scolopodus aff. krummi,Semiacontiodus cf. cornuformis
Scolopodus aff. krummi,Tripodus sp.
Semiacontiodus sp.,Benthic detritus
Semiacontiodus sp.,Zooplankton
Semiacontiodus sp.,Calvapilosa kroegeri
Semiacontiodus sp.,Plumulites bengtsoni
Semiacontiodus sp.,Large plumulitid
Semiacontiodus sp.,Palaeoscolex cf. tenensis
Semiacontiodus sp.,Clonograptus rigidus
Semiacontiodus sp.,Clonograptus flexibilis
Semiacontiodus sp.,Clonograptus multiplex
Semiacontiodus sp.,"""Didymograptus sp. 1"""
Semiacontiodus sp.,Didymograptid indet.
Semiacontiodus sp.,Dichograptidae?
Semiacontiodus sp.,Hunnegraptus copiosus
Semiacontiodus sp., 'Kiaerograptus' supremus
Semiacontiodus sp.,Koremagraptus sp.
Semiacontiodus sp.,Paradelograptus norvegicus
Semiacontiodus sp.,Paradelograptus tenuis
Semiacontiodus sp.,Paratemnograptus magnificus
Semiacontiodus sp., 'Tetragraptus' bulmani
Semiacontiodus sp.,Tetragraptus sp. (3-stiped)
Semiacontiodus sp.,Sagenograptus murrayi
Semiacontiodus sp.,Anisograptus cf. matanensis
Semiacontiodus sp.,Bryograptus divergens
Semiacontiodus sp.,Bryograptus kjerulfi cumbrensis
Semiacontiodus sp.,Bryograptus lapworthi
Semiacontiodus sp.,Rhabdinopora flabelliforme cf. anglica
Semiacontiodus sp.,Rhabdinopora flabelliforme flabelliforme
Semiacontiodus sp.,Rhabdinopora flabelliforme multithecatum
Semiacontiodus sp.,Rhabdinopora flabelliformis socialis
Semiacontiodus sp.,Rhabdinopora flabelliformis canadenisis
Semiacontiodus sp.,Rhabdinopora flabelliforme norvegicum
Semiacontiodus sp.,Adelograptus tenellus
Semiacontiodus sp.,Choristograptus louai
Semiacontiodus sp.,Ancoragraptus bulmani
Semiacontiodus sp.,Webbyites felix
Semiacontiodus sp.,Rhabdopleura-like epibiont
Semiacontiodus sp.,Drepanoistodus? cf. pervetus
Semiacontiodus sp.,Acodus deltatus
Semiacontiodus sp.,Cornuodus longibasis
Semiacontiodus sp.,Parapaltodus aff. simplicissimus
Semiacontiodus sp.,Paroistodus cf. proteus
Semiacontiodus sp.,Periodon cf. primus
Semiacontiodus sp.,Prioniodus sp.
Semiacontiodus sp.,Protopanderodus cf. leonardii
Semiacontiodus sp.,Scolopodus aff. krummi
Semiacontiodus sp.,Semiacontiodus sp.
Semiacontiodus sp.,Semiacontiodus cf. cornuformis
Semiacontiodus sp.,Tripodus sp.
Semiacontiodus cf. cornuformis,Benthic detritus
Semiacontiodus cf. cornuformis,Zooplankton
Semiacontiodus cf. cornuformis,Calvapilosa kroegeri
Semiacontiodus cf. cornuformis,Plumulites bengtsoni
Semiacontiodus cf. cornuformis,Large plumulitid
Semiacontiodus cf. cornuformis,Palaeoscolex cf. tenensis
Semiacontiodus cf. cornuformis,Clonograptus rigidus
Semiacontiodus cf. cornuformis,Clonograptus flexibilis
Semiacontiodus cf. cornuformis,Clonograptus multiplex
Semiacontiodus cf. cornuformis,"""Didymograptus sp. 1"""
Semiacontiodus cf. cornuformis,Didymograptid indet.
Semiacontiodus cf. cornuformis,Dichograptidae?
Semiacontiodus cf. cornuformis,Hunnegraptus copiosus
Semiacontiodus cf. cornuformis, 'Kiaerograptus' supremus
Semiacontiodus cf. cornuformis,Koremagraptus sp.
Semiacontiodus cf. cornuformis,Paradelograptus norvegicus
Semiacontiodus cf. cornuformis,Paradelograptus tenuis
Semiacontiodus cf. cornuformis,Paratemnograptus magnificus
Semiacontiodus cf. cornuformis, 'Tetragraptus' bulmani
Semiacontiodus cf. cornuformis,Tetragraptus sp. (3-stiped)
Semiacontiodus cf. cornuformis,Sagenograptus murrayi
Semiacontiodus cf. cornuformis,Anisograptus cf. matanensis
Semiacontiodus cf. cornuformis,Bryograptus divergens
Semiacontiodus cf. cornuformis,Bryograptus kjerulfi cumbrensis
Semiacontiodus cf. cornuformis,Bryograptus lapworthi
Semiacontiodus cf. cornuformis,Rhabdinopora flabelliforme cf. anglica
Semiacontiodus cf. cornuformis,Rhabdinopora flabelliforme flabelliforme
Semiacontiodus cf. cornuformis,Rhabdinopora flabelliforme multithecatum
Semiacontiodus cf. cornuformis,Rhabdinopora flabelliformis socialis
Semiacontiodus cf. cornuformis,Rhabdinopora flabelliformis canadenisis
Semiacontiodus cf. cornuformis,Rhabdinopora flabelliforme norvegicum
Semiacontiodus cf. cornuformis,Adelograptus tenellus
Semiacontiodus cf. cornuformis,Choristograptus louai
Semiacontiodus cf. cornuformis,Ancoragraptus bulmani
Semiacontiodus cf. cornuformis,Webbyites felix
Semiacontiodus cf. cornuformis,Rhabdopleura-like epibiont
Semiacontiodus cf. cornuformis,Drepanoistodus? cf. pervetus
Semiacontiodus cf. cornuformis,Acodus deltatus
Semiacontiodus cf. cornuformis,Cornuodus longibasis
Semiacontiodus cf. cornuformis,Parapaltodus aff. simplicissimus
Semiacontiodus cf. cornuformis,Paroistodus cf. proteus
Semiacontiodus cf. cornuformis,Periodon cf. primus
Semiacontiodus cf. cornuformis,Prioniodus sp.
Semiacontiodus cf. cornuformis,Protopanderodus cf. leonardii
Semiacontiodus cf. cornuformis,Scolopodus aff. krummi
Semiacontiodus cf. cornuformis,Semiacontiodus sp.
Semiacontiodus cf. cornuformis,Semiacontiodus cf. cornuformis
Semiacontiodus cf. cornuformis,Tripodus sp.
Tripodus sp.,Benthic detritus
Tripodus sp.,Zooplankton
Tripodus sp.,Calvapilosa kroegeri
Tripodus sp.,Plumulites bengtsoni
Tripodus sp.,Large plumulitid
Tripodus sp.,Palaeoscolex cf. tenensis
Tripodus sp.,Clonograptus rigidus
Tripodus sp.,Clonograptus flexibilis
Tripodus sp.,Clonograptus multiplex
Tripodus sp.,"""Didymograptus sp. 1"""
Tripodus sp.,Didymograptid indet.
Tripodus sp.,Dichograptidae?
Tripodus sp.,Hunnegraptus copiosus
Tripodus sp., 'Kiaerograptus' supremus
Tripodus sp.,Koremagraptus sp.
Tripodus sp.,Paradelograptus norvegicus
Tripodus sp.,Paradelograptus tenuis
Tripodus sp.,Paratemnograptus magnificus
Tripodus sp., 'Tetragraptus' bulmani
Tripodus sp.,Tetragraptus sp. (3-stiped)
Tripodus sp.,Sagenograptus murrayi
Tripodus sp.,Anisograptus cf. matanensis
Tripodus sp.,Bryograptus divergens
Tripodus sp.,Bryograptus kjerulfi cumbrensis
Tripodus sp.,Bryograptus lapworthi
Tripodus sp.,Rhabdinopora flabelliforme cf. anglica
Tripodus sp.,Rhabdinopora flabelliforme flabelliforme
Tripodus sp.,Rhabdinopora flabelliforme multithecatum
Tripodus sp.,Rhabdinopora flabelliformis socialis
Tripodus sp.,Rhabdinopora flabelliformis canadenisis
Tripodus sp.,Rhabdinopora flabelliforme norvegicum
Tripodus sp.,Adelograptus tenellus
Tripodus sp.,Choristograptus louai
Tripodus sp.,Ancoragraptus bulmani
Tripodus sp.,Webbyites felix
Tripodus sp.,Rhabdopleura-like epibiont
Tripodus sp.,Drepanoistodus? cf. pervetus
Tripodus sp.,Acodus deltatus
Tripodus sp.,Cornuodus longibasis
Tripodus sp.,Parapaltodus aff. simplicissimus
Tripodus sp.,Paroistodus cf. proteus
Tripodus sp.,Periodon cf. primus
Tripodus sp.,Prioniodus sp.
Tripodus sp.,Protopanderodus cf. leonardii
Tripodus sp.,Scolopodus aff. krummi
Tripodus sp.,Semiacontiodus sp.
Tripodus sp.,Semiacontiodus cf. cornuformis
Tripodus sp.,Tripodus sp.
